step,time,agent,omega,rho,psi_tilde,phi
0,0.0,0,0.0,0.9670356577462118,0.9791805615833908,0.0
0,0.0,1,0.0,0.9670356577462118,0.9791805615833908,0.0
0,0.0,2,0.0,0.9670356577462118,0.9791805615833908,0.0
0,0.0,3,0.0,0.9670356577462118,0.9791805615833908,0.0
0,0.0,4,0.0,0.9670356577462118,0.9791805615833908,0.0
0,0.0,5,0.0,0.9670356577462118,0.9791805615833908,0.0
1,0.05,0,0.0,0.9677795794947077,0.9796552834382023,0.0
1,0.05,1,0.0,0.9677795794947077,0.9796552834382023,0.0
1,0.05,2,0.0,0.9677795794947077,0.9796552834382023,0.0
1,0.05,3,0.0,0.9677795794947077,0.9796552834382023,0.0
1,0.05,4,0.0,0.9677795794947077,0.9796552834382023,0.0
1,0.05,5,0.0,0.9677795794947077,0.9796552834382023,0.0
2,0.1,0,0.0,0.9685055535705456,0.980118330592374,0.0
2,0.1,1,0.0,0.9685055535705456,0.980118330592374,0.0
2,0.1,2,0.0,0.9685055535705456,0.980118330592374,0.0
2,0.1,3,0.0,0.9685055535705456,0.980118330592374,0.0
2,0.1,4,0.0,0.9685055535705458,0.9801183305923741,0.0
2,0.1,5,0.0,0.9685055535705456,0.980118330592374,0.0
3,0.15000000000000002,0,0.0,0.9692137376598184,0.9805698200917531,0.0
3,0.15000000000000002,1,0.0,0.9692137376598184,0.9805698200917531,0.0
3,0.15000000000000002,2,0.0,0.9692137376598184,0.9805698200917531,0.0
3,0.15000000000000002,3,0.0,0.9692137376598184,0.9805698200917531,0.0
3,0.15000000000000002,4,0.0,0.969213737659818,0.9805698200917528,0.0
3,0.15000000000000002,5,0.0,0.969213737659818,0.9805698200917528,0.0
4,0.2,0,0.0,0.9699042976093506,0.9810098735546386,0.0
4,0.2,1,0.0,0.9699042976093506,0.9810098735546386,0.0
4,0.2,2,0.0,0.9699042976093506,0.9810098735546386,0.0
4,0.2,3,0.0,0.9699042976093506,0.9810098735546386,0.0
4,0.2,4,0.0,0.9699042976093506,0.9810098735546386,0.0
4,0.2,5,0.0,0.9699042976093506,0.9810098735546386,0.0
5,0.25,0,0.0,0.9705774072305005,0.981438617050565,0.0
5,0.25,1,0.0,0.9705774072305005,0.981438617050565,0.0
5,0.25,2,0.0,0.9705774072305005,0.981438617050565,0.0
5,0.25,3,0.0,0.9705774072305005,0.981438617050565,0.0
5,0.25,4,0.0,0.9705774072305005,0.981438617050565,0.0
5,0.25,5,0.0,0.9705774072305005,0.981438617050565,0.0
6,0.30000000000000004,0,0.0,0.9712332480876522,0.9818561809702913,0.0
6,0.30000000000000004,1,0.0,0.9712332480876522,0.9818561809702913,0.0
6,0.30000000000000004,2,0.0,0.9712332480876522,0.9818561809702913,0.0
6,0.30000000000000004,3,0.0,0.9712332480876522,0.9818561809702913,0.0
6,0.30000000000000004,4,0.0,0.9712332480876522,0.9818561809702913,0.0
6,0.30000000000000004,5,0.0,0.9712332480876522,0.9818561809702913,0.0
7,0.35000000000000003,0,0.0,0.9718720092715418,0.9822626998870655,0.0
7,0.35000000000000003,1,0.0,0.9718720092715418,0.9822626998870655,0.0
7,0.35000000000000003,2,0.0,0.9718720092715418,0.9822626998870655,0.0
7,0.35000000000000003,3,0.0,0.9718720092715418,0.9822626998870655,0.0
7,0.35000000000000003,4,0.0,0.9718720092715418,0.9822626998870655,0.0
7,0.35000000000000003,5,0.0,0.9718720092715418,0.9822626998870655,0.0
8,0.4,0,0.0,0.9724938871576141,0.9826583124092614,0.0
8,0.4,1,0.0,0.9724938871576141,0.9826583124092614,0.0
8,0.4,2,0.0,0.9724938871576141,0.9826583124092614,0.0
8,0.4,3,0.0,0.9724938871576141,0.9826583124092614,0.0
8,0.4,4,0.0,0.9724938871576141,0.9826583124092614,0.0
8,0.4,5,0.0,0.9724938871576145,0.9826583124092617,0.0
9,0.45,0,0.0,0.973099085149679,0.9830431610245293,0.0
9,0.45,1,0.0,0.973099085149679,0.9830431610245293,0.0
9,0.45,2,0.0,0.973099085149679,0.9830431610245293,0.0
9,0.45,3,0.0,0.973099085149679,0.9830431610245293,0.0
9,0.45,4,0.0,0.973099085149679,0.9830431610245293,0.0
9,0.45,5,0.0,0.973099085149679,0.9830431610245293,0.0
10,0.5,0,0.0,0.9736878134092131,0.9834173919356503,0.0
10,0.5,1,0.0,0.9736878134092131,0.9834173919356503,0.0
10,0.5,2,0.0,0.9736878134092131,0.9834173919356503,0.0
10,0.5,3,0.0,0.9736878134092131,0.9834173919356503,0.0
10,0.5,4,0.0,0.9736878134092131,0.9834173919356503,0.0
10,0.5,5,0.0,0.9736878134092131,0.9834173919356503,0.0
11,0.55,0,0.0,0.9742602885707601,0.9837811548883472,0.0
11,0.55,1,0.0,0.9742602885707601,0.9837811548883472,0.0
11,0.55,2,0.0,0.9742602885707601,0.9837811548883472,0.0
11,0.55,3,0.0,0.9742602885707601,0.9837811548883472,0.0
11,0.55,4,0.0,0.9742602885707601,0.9837811548883472,0.0
11,0.55,5,0.0,0.9742602885707601,0.9837811548883472,0.0
12,0.6000000000000001,0,0.0,0.974816733443965,0.9841346029913572,0.0
12,0.6000000000000001,1,0.0,0.974816733443965,0.9841346029913572,0.0
12,0.6000000000000001,2,0.0,0.974816733443965,0.9841346029913572,0.0
12,0.6000000000000001,3,0.0,0.974816733443965,0.9841346029913572,0.0
12,0.6000000000000001,4,0.0,0.974816733443965,0.9841346029913572,0.0
12,0.6000000000000001,5,0.0,0.974816733443965,0.9841346029913572,0.0
13,0.65,0,0.0,0.975357376702892,0.984477892529139,0.0
13,0.65,1,0.0,0.975357376702892,0.984477892529139,0.0
13,0.65,2,0.0,0.975357376702892,0.984477892529139,0.0
13,0.65,3,0.0,0.975357376702892,0.984477892529139,0.0
13,0.65,4,0.0,0.975357376702892,0.984477892529139,0.0
13,0.65,5,0.0,0.975357376702892,0.984477892529139,0.0
14,0.7000000000000001,0,0.0,0.9758824525633745,0.9848111827676501,0.0
14,0.7000000000000001,1,0.0,0.9758824525633745,0.9848111827676501,0.0
14,0.7000000000000001,2,0.0,0.9758824525633745,0.9848111827676501,0.0
14,0.7000000000000001,3,0.0,0.9758824525633745,0.9848111827676501,0.0
14,0.7000000000000001,4,0.0,0.9758824525633745,0.9848111827676501,0.0
14,0.7000000000000001,5,0.0,0.9758824525633742,0.98481118276765,0.0
15,0.75,0,0.0,0.9763922004492451,0.9851346357536904,0.0
15,0.75,1,0.0,0.9763922004492451,0.9851346357536904,0.0
15,0.75,2,0.0,0.9763922004492451,0.9851346357536904,0.0
15,0.75,3,0.0,0.9763922004492451,0.9851346357536904,0.0
15,0.75,4,0.0,0.9763922004492451,0.9851346357536904,0.0
15,0.75,5,0.0,0.9763922004492451,0.9851346357536904,0.0
16,0.8,0,0.0,0.9768868646483972,0.9854484161083706,0.0
16,0.8,1,0.0,0.9768868646483972,0.9854484161083706,0.0
16,0.8,2,0.0,0.9768868646483972,0.9854484161083706,0.0
16,0.8,3,0.0,0.9768868646483968,0.9854484161083704,0.0
16,0.8,4,0.0,0.9768868646483972,0.9854484161083706,0.0
16,0.8,5,0.0,0.9768868646483972,0.9854484161083706,0.0
17,0.8500000000000001,0,0.0,0.9773666939597063,0.9857526908153144,0.0
17,0.8500000000000001,1,0.0,0.9773666939597063,0.9857526908153144,0.0
17,0.8500000000000001,2,0.0,0.9773666939597063,0.9857526908153144,0.0
17,0.8500000000000001,3,0.0,0.9773666939597063,0.9857526908153144,0.0
17,0.8500000000000001,4,0.0,0.9773666939597063,0.9857526908153144,0.0
17,0.8500000000000001,5,0.0,0.9773666939597063,0.9857526908153144,0.0
18,0.9,0,0.0,0.9778319413319319,0.9860476290042559,0.0
18,0.9,1,0.0,0.9778319413319319,0.9860476290042559,0.0
18,0.9,2,0.0,0.9778319413319319,0.9860476290042559,0.0
18,0.9,3,0.0,0.9778319413319319,0.9860476290042559,0.0
18,0.9,4,0.0,0.9778319413319319,0.9860476290042559,0.0
18,0.9,5,0.0,0.9778319413319319,0.9860476290042559,0.0
19,0.9500000000000001,0,0.0,0.9782828634957783,0.9863334017307347,0.0
19,0.9500000000000001,1,0.0,0.9782828634957783,0.9863334017307347,0.0
19,0.9500000000000001,2,0.0,0.9782828634957783,0.9863334017307347,0.0
19,0.9500000000000001,3,0.0,0.9782828634957783,0.9863334017307347,0.0
19,0.9500000000000001,4,0.0,0.9782828634957783,0.9863334017307347,0.0
19,0.9500000000000001,5,0.0,0.9782828634957783,0.9863334017307347,0.0
20,1.0,0,0.0,0.978719720590359,0.9866101817526256,0.0
20,1.0,1,0.0,0.978719720590359,0.9866101817526256,0.0
20,1.0,2,0.0,0.978719720590359,0.9866101817526256,0.0
20,1.0,3,0.0,0.978719720590359,0.9866101817526256,0.0
20,1.0,4,0.0,0.9787197205903593,0.9866101817526257,0.0
20,1.0,5,0.0,0.978719720590359,0.9866101817526256,0.0
21,1.05,0,0.0,0.9791427757853406,0.9868781433042662,0.0
21,1.05,1,0.0,0.9791427757853406,0.9868781433042662,0.0
21,1.05,2,0.0,0.9791427757853406,0.9868781433042662,0.0
21,1.05,3,0.0,0.9791427757853406,0.9868781433042662,0.0
21,1.05,4,0.0,0.9791427757853406,0.9868781433042662,0.0
21,1.05,5,0.0,0.9791427757853406,0.9868781433042662,0.0
22,1.1,0,0.0,0.9795522949000814,0.9871374618689647,0.0
22,1.1,1,0.0,0.9795522949000814,0.9871374618689647,0.0
22,1.1,2,0.0,0.9795522949000814,0.9871374618689647,0.0
22,1.1,3,0.0,0.9795522949000814,0.9871374618689647,0.0
22,1.1,4,0.0,0.9795522949000814,0.9871374618689647,0.0
22,1.1,5,0.0,0.9795522949000814,0.9871374618689647,0.0
23,1.1500000000000001,0,0.0,0.9799485460210975,0.9873883139506826,0.0
23,1.1500000000000001,1,0.0,0.9799485460210975,0.9873883139506826,0.0
23,1.1500000000000001,2,0.0,0.9799485460210975,0.9873883139506826,0.0
23,1.1500000000000001,3,0.0,0.9799485460210975,0.9873883139506826,0.0
23,1.1500000000000001,4,0.0,0.9799485460210975,0.9873883139506826,0.0
23,1.1500000000000001,5,0.0,0.9799485460210977,0.9873883139506828,0.0
24,1.2000000000000002,0,0.0,0.9803317991191836,0.9876308768456864,0.0
24,1.2000000000000002,1,0.0,0.9803317991191836,0.9876308768456864,0.0
24,1.2000000000000002,2,0.0,0.9803317991191836,0.9876308768456864,0.0
24,1.2000000000000002,3,0.0,0.9803317991191836,0.9876308768456864,0.0
24,1.2000000000000002,4,0.0,0.9803317991191836,0.9876308768456864,0.0
24,1.2000000000000002,5,0.0,0.9803317991191836,0.9876308768456864,0.0
25,1.25,0,0.0,0.9807023256675145,0.9878653284149581,0.0
25,1.25,1,0.0,0.9807023256675145,0.9878653284149581,0.0
25,1.25,2,0.0,0.9807023256675145,0.9878653284149581,0.0
25,1.25,3,0.0,0.9807023256675145,0.9878653284149581,0.0
25,1.25,4,0.0,0.9807023256675145,0.9878653284149581,0.0
25,1.25,5,0.0,0.9807023256675147,0.9878653284149582,0.0
26,1.3,0,0.0,0.9810603982620458,0.9880918468581538,0.0
26,1.3,1,0.0,0.9810603982620458,0.9880918468581538,0.0
26,1.3,2,0.0,0.9810603982620458,0.9880918468581538,0.0
26,1.3,3,0.0,0.9810603982620458,0.9880918468581538,0.0
26,1.3,4,0.0,0.9810603982620458,0.9880918468581538,0.0
26,1.3,5,0.0,0.9810603982620458,0.9880918468581538,0.0
27,1.35,0,0.0,0.9814062902454783,0.9883106104898641,0.0
27,1.35,1,0.0,0.9814062902454783,0.9883106104898641,0.0
27,1.35,2,0.0,0.9814062902454783,0.9883106104898641,0.0
27,1.35,3,0.0,0.9814062902454783,0.9883106104898641,0.0
27,1.35,4,0.0,0.9814062902454783,0.9883106104898641,0.0
27,1.35,5,0.0,0.9814062902454783,0.9883106104898641,0.0
28,1.4000000000000001,0,0.0,0.981740275336046,0.9885217975189305,0.0
28,1.4000000000000001,1,0.0,0.981740275336046,0.9885217975189305,0.0
28,1.4000000000000001,2,0.0,0.981740275336046,0.9885217975189305,0.0
28,1.4000000000000001,3,0.0,0.981740275336046,0.9885217975189305,0.0
28,1.4000000000000001,4,0.0,0.981740275336046,0.9885217975189305,0.0
28,1.4000000000000001,5,0.0,0.981740275336046,0.9885217975189305,0.0
29,1.4500000000000002,0,0.0,0.9820626272623241,0.9887255858315314,0.0
29,1.4500000000000002,1,0.0,0.9820626272623241,0.9887255858315314,0.0
29,1.4500000000000002,2,0.0,0.9820626272623241,0.9887255858315314,0.0
29,1.4500000000000002,3,0.0,0.9820626272623241,0.9887255858315314,0.0
29,1.4500000000000002,4,0.0,0.9820626272623241,0.9887255858315314,0.0
29,1.4500000000000002,5,0.0,0.9820626272623241,0.9887255858315314,0.0
30,1.5,0,0.0,0.9823736194052133,0.9889221527787294,0.0
30,1.5,1,0.0,0.9823736194052133,0.9889221527787294,0.0
30,1.5,2,0.0,0.9823736194052133,0.9889221527787294,0.0
30,1.5,3,0.0,0.9823736194052133,0.9889221527787294,0.0
30,1.5,4,0.0,0.9823736194052133,0.9889221527787294,0.0
30,1.5,5,0.0,0.9823736194052133,0.9889221527787294,0.0
31,1.55,0,0.0,0.9826735244482077,0.989111674969141,0.0
31,1.55,1,0.0,0.9826735244482077,0.989111674969141,0.0
31,1.55,2,0.0,0.9826735244482077,0.989111674969141,0.0
31,1.55,3,0.0,0.9826735244482077,0.989111674969141,0.0
31,1.55,4,0.0,0.9826735244482074,0.9891116749691409,0.0
31,1.55,5,0.0,0.9826735244482077,0.989111674969141,0.0
32,1.6,0,0.0,0.9829626140369885,0.9892943280673531,0.0
32,1.6,1,0.0,0.9829626140369885,0.9892943280673531,0.0
32,1.6,2,0.0,0.9829626140369889,0.9892943280673533,0.0
32,1.6,3,0.0,0.9829626140369889,0.9892943280673533,0.0
32,1.6,4,0.0,0.9829626140369889,0.9892943280673533,0.0
32,1.6,5,0.0,0.9829626140369889,0.9892943280673533,0.0
33,1.6500000000000001,0,0.0,0.9832411584493352,0.9894702865986774,0.0
33,1.6500000000000001,1,0.0,0.9832411584493352,0.9894702865986774,0.0
33,1.6500000000000001,2,0.0,0.9832411584493352,0.9894702865986774,0.0
33,1.6500000000000001,3,0.0,0.9832411584493352,0.9894702865986774,0.0
33,1.6500000000000001,4,0.0,0.9832411584493352,0.9894702865986774,0.0
33,1.6500000000000001,5,0.0,0.9832411584493352,0.9894702865986774,0.0
34,1.7000000000000002,0,0.0,0.9835094262762722,0.9896397237607938,0.0
34,1.7000000000000002,1,0.0,0.9835094262762722,0.9896397237607938,0.0
34,1.7000000000000002,2,0.0,0.9835094262762722,0.9896397237607938,0.0
34,1.7000000000000002,3,0.0,0.9835094262762722,0.9896397237607938,0.0
34,1.7000000000000002,4,0.0,0.9835094262762722,0.9896397237607938,0.0
34,1.7000000000000002,5,0.0,0.9835094262762725,0.9896397237607939,0.0
35,1.75,0,0.0,0.9837676841153236,0.9898028112428022,0.0
35,1.75,1,0.0,0.9837676841153236,0.9898028112428022,0.0
35,1.75,2,0.0,0.9837676841153236,0.9898028112428022,0.0
35,1.75,3,0.0,0.9837676841153236,0.9898028112428022,0.0
35,1.75,4,0.0,0.9837676841153236,0.9898028112428022,0.0
35,1.75,5,0.0,0.9837676841153236,0.9898028112428022,0.0
36,1.8,0,0.0,0.9840161962766474,0.9899597190521487,0.0
36,1.8,1,0.0,0.9840161962766474,0.9899597190521487,0.0
36,1.8,2,0.0,0.9840161962766474,0.9899597190521487,0.0
36,1.8,3,0.0,0.9840161962766474,0.9899597190521487,0.0
36,1.8,4,0.0,0.9840161962766474,0.9899597190521487,0.0
36,1.8,5,0.0,0.9840161962766476,0.9899597190521489,0.0
37,1.85,0,0.0,0.9842552245027905,0.9901106153498648,0.0
37,1.85,1,0.0,0.9842552245027905,0.9901106153498648,0.0
37,1.85,2,0.0,0.9842552245027905,0.9901106153498648,0.0
37,1.85,3,0.0,0.9842552245027905,0.9901106153498648,0.0
37,1.85,4,0.0,0.9842552245027905,0.9901106153498648,0.0
37,1.85,5,0.0,0.9842552245027905,0.9901106153498648,0.0
38,1.9000000000000001,0,0.0,0.9844846787352828,0.9902554460436476,0.0
38,1.9000000000000001,1,0.0,0.9844846787352828,0.9902554460436476,0.0
38,1.9000000000000001,2,0.0,0.9844846787352828,0.9902554460436476,0.0
38,1.9000000000000001,3,0.0,0.9844846787352828,0.9902554460436476,0.0
38,1.9000000000000001,4,0.0,0.9844846787352828,0.9902554460436476,0.0
38,1.9000000000000001,5,0.0,0.9844846787352828,0.9902554460436476,0.0
39,1.9500000000000002,0,0.0,0.984704474879424,0.9903941607255567,0.0
39,1.9500000000000002,1,0.0,0.984704474879424,0.9903941607255567,0.0
39,1.9500000000000002,2,0.0,0.984704474879424,0.9903941607255567,0.0
39,1.9500000000000002,3,0.0,0.9847044748794243,0.990394160725557,0.0
39,1.9500000000000002,4,0.0,0.9847044748794243,0.990394160725557,0.0
39,1.9500000000000002,5,0.0,0.9847044748794243,0.990394160725557,0.0
40,2.0,0,0.0,0.9849148499231395,0.9905269114990891,0.0
40,2.0,1,0.0,0.9849148499231395,0.9905269114990891,0.0
40,2.0,2,0.0,0.9849148499231395,0.9905269114990891,0.0
40,2.0,3,0.0,0.9849148499231397,0.9905269114990892,0.0
40,2.0,4,0.0,0.9849148499231395,0.9905269114990891,0.0
40,2.0,5,0.0,0.9849148499231395,0.9905269114990891,0.0
41,2.0500000000000003,0,0.0,0.985115762536023,0.9906536746865823,0.0
41,2.0500000000000003,1,0.0,0.985115762536023,0.9906536746865823,0.0
41,2.0500000000000003,2,0.0,0.985115762536023,0.9906536746865823,0.0
41,2.0500000000000003,3,0.0,0.985115762536023,0.9906536746865823,0.0
41,2.0500000000000003,4,0.0,0.985115762536023,0.9906536746865822,0.0
41,2.0500000000000003,5,0.0,0.985115762536023,0.9906536746865823,0.0
42,2.1,0,0.0,0.9853074409181855,0.9907745965393601,0.0
42,2.1,1,0.0,0.9853074409181855,0.9907745965393601,0.0
42,2.1,2,0.0,0.9853074409181855,0.9907745965393601,0.0
42,2.1,3,0.0,0.9853074409181855,0.9907745965393601,0.0
42,2.1,4,0.0,0.9853074409181855,0.9907745965393601,0.0
42,2.1,5,0.0,0.985307440918185,0.9907745965393598,0.0
43,2.15,0,0.0,0.9854902365077087,0.9908899008641857,0.0
43,2.15,1,0.0,0.9854902365077087,0.9908899008641857,0.0
43,2.15,2,0.0,0.985490236507709,0.9908899008641859,0.0
43,2.15,3,0.0,0.9854902365077087,0.9908899008641857,0.0
43,2.15,4,0.0,0.9854902365077087,0.9908899008641857,0.0
43,2.15,5,0.0,0.9854902365077087,0.9908899008641857,0.0
44,2.2,0,0.0,0.9856644882290528,0.9909998033735002,0.0
44,2.2,1,0.0,0.9856644882290528,0.9909998033735002,0.0
44,2.2,2,0.0,0.9856644882290528,0.9909998033735002,0.0
44,2.2,3,0.0,0.9856644882290528,0.9909998033735002,0.0
44,2.2,4,0.0,0.9856644882290528,0.9909998033735002,0.0
44,2.2,5,0.0,0.9856644882290528,0.9909998033735002,0.0
45,2.25,0,0.0,0.9858305228581863,0.9911045119323859,0.0
45,2.25,1,0.0,0.9858305228581863,0.9911045119323859,0.0
45,2.25,2,0.0,0.9858305228581863,0.9911045119323859,0.0
45,2.25,3,0.0,0.9858305228581863,0.9911045119323859,0.0
45,2.25,4,0.0,0.9858305228581863,0.9911045119323859,0.0
45,2.25,5,0.0,0.9858305228581863,0.9911045119323859,0.0
46,2.3000000000000003,0,0.0,0.9859886553806358,0.9912042267998027,0.0
46,2.3000000000000003,1,0.0,0.9859886553806358,0.9912042267998027,0.0
46,2.3000000000000003,2,0.0,0.9859886553806352,0.9912042267998024,0.0
46,2.3000000000000003,3,0.0,0.9859886553806352,0.9912042267998024,0.0
46,2.3000000000000003,4,0.0,0.9859886553806352,0.9912042267998024,0.0
46,2.3000000000000003,5,0.0,0.9859886553806356,0.9912042267998026,0.0
47,2.35,0,0.0,0.9861391893432974,0.9912991408647147,0.0
47,2.35,1,0.0,0.9861391893432974,0.9912991408647147,0.0
47,2.35,2,0.0,0.9861391893432974,0.9912991408647147,0.0
47,2.35,3,0.0,0.9861391893432974,0.9912991408647147,0.0
47,2.35,4,0.0,0.9861391893432974,0.9912991408647147,0.0
47,2.35,5,0.0,0.9861391893432974,0.9912991408647147,0.0
48,2.4000000000000004,0,0.0,0.9862824172004099,0.9913894398774441,0.0
48,2.4000000000000004,1,0.0,0.9862824172004099,0.9913894398774441,0.0
48,2.4000000000000004,2,0.0,0.9862824172004099,0.9913894398774441,0.0
48,2.4000000000000004,3,0.0,0.9862824172004099,0.9913894398774441,0.0
48,2.4000000000000004,4,0.0,0.9862824172004099,0.9913894398774441,0.0
48,2.4000000000000004,5,0.0,0.9862824172004099,0.9913894398774441,0.0
49,2.45,0,0.0,0.9864186206537748,0.9914753026763795,0.0
49,2.45,1,0.0,0.9864186206537748,0.9914753026763795,0.0
49,2.45,2,0.0,0.9864186206537748,0.9914753026763795,0.0
49,2.45,3,0.0,0.9864186206537748,0.9914753026763795,0.0
49,2.45,4,0.0,0.9864186206537748,0.9914753026763795,0.0
49,2.45,5,0.0,0.9864186206537746,0.9914753026763794,0.0
50,2.5,0,0.0,0.9865480709871526,0.9915569014100707,0.0
50,2.5,1,0.0,0.9865480709871526,0.9915569014100707,0.0
50,2.5,2,0.0,0.9865480709871526,0.9915569014100707,0.0
50,2.5,3,0.0,0.9865480709871526,0.9915569014100707,0.0
50,2.5,4,0.0,0.9865480709871526,0.9915569014100707,0.0
50,2.5,5,0.0,0.9865480709871526,0.9915569014100707,0.0
51,2.5500000000000003,0,0.0,0.9866710293946499,0.9916344017546549,0.0
51,2.5500000000000003,1,0.0,0.9866710293946499,0.9916344017546549,0.0
51,2.5500000000000003,2,0.0,0.9866710293946499,0.9916344017546549,0.0
51,2.5500000000000003,3,0.0,0.9866710293946499,0.9916344017546549,0.0
51,2.5500000000000003,4,0.0,0.9866710293946499,0.9916344017546549,0.0
51,2.5500000000000003,5,0.0,0.9866710293946499,0.9916344017546549,0.0
52,2.6,0,0.0,0.986787747302887,0.9917079631265491,0.0
52,2.6,1,0.0,0.986787747302887,0.9917079631265491,0.0
52,2.6,2,0.0,0.986787747302887,0.9917079631265491,0.0
52,2.6,3,0.0,0.986787747302887,0.9917079631265491,0.0
52,2.6,4,0.0,0.986787747302887,0.9917079631265491,0.0
52,2.6,5,0.0,0.986787747302887,0.9917079631265491,0.0
53,2.6500000000000004,0,0.0,0.9868984666867273,0.9917777388903267,0.0
53,2.6500000000000004,1,0.0,0.9868984666867273,0.9917777388903267,0.0
53,2.6500000000000004,2,0.0,0.9868984666867273,0.9917777388903267,0.0
53,2.6500000000000004,3,0.0,0.9868984666867273,0.9917777388903267,0.0
53,2.6500000000000004,4,0.0,0.9868984666867273,0.9917777388903267,0.0
53,2.6500000000000004,5,0.0,0.9868984666867273,0.9917777388903267,0.0
54,2.7,0,0.0,0.9870032614034769,0.9918437763853469,0.0
54,2.7,1,0.0,0.9870032614034769,0.9918437763853469,0.0
54,2.7,2,0.0,0.9870032614034769,0.9918437763853469,0.0
54,2.7,3,0.0,0.9870032614034765,0.9918437763853466,0.0
54,2.7,4,0.0,0.9870032614034765,0.9918437763853466,0.0
54,2.7,5,0.0,0.9870032614034765,0.9918437763853466,0.0
55,2.75,0,0.0,0.9871017747687054,0.9919058516113722,0.0
55,2.75,1,0.0,0.9871017747687054,0.9919058516113722,0.0
55,2.75,2,0.0,0.9871017747687054,0.9919058516113722,0.0
55,2.75,3,0.0,0.9871017747687054,0.9919058516113722,0.0
55,2.75,4,0.0,0.9871017747687052,0.9919058516113721,0.0
55,2.75,5,0.0,0.9871017747687052,0.9919058516113721,0.0
56,2.8000000000000003,0,0.0,0.9871942169622141,0.9919640977388081,0.0
56,2.8000000000000003,1,0.0,0.9871942169622141,0.9919640977388081,0.0
56,2.8000000000000003,2,0.0,0.9871942169622141,0.9919640977388081,0.0
56,2.8000000000000003,3,0.0,0.9871942169622141,0.9919640977388081,0.0
56,2.8000000000000003,4,0.0,0.9871942169622141,0.9919640977388081,0.0
56,2.8000000000000003,5,0.0,0.9871942169622139,0.991964097738808,0.0
57,2.85,0,0.0,0.9872808216147562,0.9920186626361649,0.0
57,2.85,1,0.0,0.9872808216147562,0.9920186626361649,0.0
57,2.85,2,0.0,0.9872808216147559,0.9920186626361648,0.0
57,2.85,3,0.0,0.9872808216147562,0.9920186626361649,0.0
57,2.85,4,0.0,0.9872808216147562,0.9920186626361649,0.0
57,2.85,5,0.0,0.9872808216147562,0.9920186626361649,0.0
58,2.9000000000000004,0,0.0,0.9873618175320276,0.9920696910575558,0.0
58,2.9000000000000004,1,0.0,0.9873618175320276,0.9920696910575558,0.0
58,2.9000000000000004,2,0.0,0.9873618175320276,0.9920696910575558,0.0
58,2.9000000000000004,3,0.0,0.9873618175320269,0.9920696910575555,0.0
58,2.9000000000000004,4,0.0,0.9873618175320269,0.9920696910575555,0.0
58,2.9000000000000004,5,0.0,0.9873618175320269,0.9920696910575555,0.0
59,2.95,0,0.0,0.9874374281085971,0.9921173242796169,0.0
59,2.95,1,0.0,0.9874374281085971,0.9921173242796169,0.0
59,2.95,2,0.0,0.9874374281085971,0.9921173242796169,0.0
59,2.95,3,0.0,0.9874374281085971,0.9921173242796169,0.0
59,2.95,4,0.0,0.9874374281085974,0.992117324279617,0.0
59,2.95,5,0.0,0.9874374281085971,0.9921173242796169,0.0
60,3.0,0,0.0,0.9875078708748122,0.9921616998219167,0.0
60,3.0,1,0.0,0.9875078708748122,0.9921616998219167,0.0
60,3.0,2,0.0,0.9875078708748122,0.9921616998219167,0.0
60,3.0,3,0.0,0.9875078708748122,0.9921616998219167,0.0
60,3.0,4,0.0,0.987507870874812,0.9921616998219166,0.0
60,3.0,5,0.0,0.987507870874812,0.9921616998219166,0.0
61,3.0500000000000003,0,0.0,0.9875733571588208,0.9922029512395767,0.0
61,3.0500000000000003,1,0.0,0.9875733571588208,0.9922029512395767,0.0
61,3.0500000000000003,2,0.0,0.9875733571588208,0.9922029512395767,0.0
61,3.0500000000000003,3,0.0,0.9875733571588208,0.9922029512395767,0.0
61,3.0500000000000003,4,0.0,0.9875733571588208,0.9922029512395767,0.0
61,3.0500000000000003,5,0.0,0.9875733571588212,0.992202951239577,0.0
62,3.1,0,0.0,0.9876340918468274,0.9922412079774424,0.0
62,3.1,1,0.0,0.9876340918468274,0.9922412079774424,0.0
62,3.1,2,0.0,0.9876340918468274,0.9922412079774424,0.0
62,3.1,3,0.0,0.9876340918468274,0.9922412079774424,0.0
62,3.1,4,0.0,0.9876340918468274,0.9922412079774424,0.0
62,3.1,5,0.0,0.9876340918468274,0.9922412079774424,0.0
63,3.1500000000000004,0,0.0,0.9876902732261987,0.9922765952761097,0.0
63,3.1500000000000004,1,0.0,0.9876902732261987,0.9922765952761097,0.0
63,3.1500000000000004,2,0.0,0.9876902732261987,0.9922765952761097,0.0
63,3.1500000000000004,3,0.0,0.987690273226199,0.9922765952761098,0.0
63,3.1500000000000004,4,0.0,0.987690273226199,0.9922765952761098,0.0
63,3.1500000000000004,5,0.0,0.987690273226199,0.9922765952761098,0.0
64,3.2,0,0.0,0.9877420928978478,0.992309234121254,0.0
64,3.2,1,0.0,0.9877420928978478,0.992309234121254,0.0
64,3.2,2,0.0,0.9877420928978478,0.992309234121254,0.0
64,3.2,3,0.0,0.9877420928978478,0.992309234121254,0.0
64,3.2,4,0.0,0.9877420928978478,0.992309234121254,0.0
64,3.2,5,0.0,0.9877420928978478,0.992309234121254,0.0
65,3.25,0,0.0,0.9877897357460732,0.9923392412288207,0.0
65,3.25,1,0.0,0.9877897357460732,0.9923392412288207,0.0
65,3.25,2,0.0,0.9877897357460732,0.9923392412288207,0.0
65,3.25,3,0.0,0.9877897357460732,0.9923392412288207,0.0
65,3.25,4,0.0,0.987789735746073,0.9923392412288204,0.0
65,3.25,5,0.0,0.987789735746073,0.9923392412288204,0.0
66,3.3000000000000003,0,0.0,0.9878333799557111,0.9923667290596954,0.0
66,3.3000000000000003,1,0.0,0.9878333799557111,0.9923667290596954,0.0
66,3.3000000000000003,2,0.0,0.9878333799557111,0.9923667290596954,0.0
66,3.3000000000000003,3,0.0,0.9878333799557111,0.9923667290596954,0.0
66,3.3000000000000003,4,0.0,0.9878333799557111,0.9923667290596954,0.0
66,3.3000000000000003,5,0.0,0.9878333799557111,0.9923667290596954,0.0
67,3.35,0,0.0,0.9878731970679375,0.9923918058584129,0.0
67,3.35,1,0.0,0.9878731970679375,0.9923918058584129,0.0
67,3.35,2,0.0,0.9878731970679375,0.9923918058584129,0.0
67,3.35,3,0.0,0.9878731970679375,0.9923918058584129,0.0
67,3.35,4,0.0,0.9878731970679375,0.9923918058584129,0.0
67,3.35,5,0.0,0.9878731970679375,0.9923918058584129,0.0
68,3.4000000000000004,0,0.0,0.987909352067385,0.9924145757112958,0.0
68,3.4000000000000004,1,0.0,0.987909352067385,0.9924145757112958,0.0
68,3.4000000000000004,2,0.0,0.9879093520673854,0.992414575711296,0.0
68,3.4000000000000004,3,0.0,0.987909352067385,0.9924145757112957,0.0
68,3.4000000000000004,4,0.0,0.987909352067385,0.9924145757112958,0.0
68,3.4000000000000004,5,0.0,0.987909352067385,0.9924145757112958,0.0
69,3.45,0,0.0,0.9879420034943742,0.9924351386201357,0.0
69,3.45,1,0.0,0.9879420034943742,0.9924351386201357,0.0
69,3.45,2,0.0,0.9879420034943742,0.9924351386201357,0.0
69,3.45,3,0.0,0.9879420034943742,0.9924351386201357,0.0
69,3.45,4,0.0,0.9879420034943742,0.9924351386201357,0.0
69,3.45,5,0.0,0.9879420034943742,0.9924351386201357,0.0
70,3.5,0,0.0,0.9879713035770386,0.9924535905881434,0.0
70,3.5,1,0.0,0.9879713035770386,0.9924535905881434,0.0
70,3.5,2,0.0,0.9879713035770386,0.9924535905881434,0.0
70,3.5,3,0.0,0.9879713035770386,0.9924535905881434,0.0
70,3.5,4,0.0,0.9879713035770386,0.9924535905881434,0.0
70,3.5,5,0.0,0.9879713035770386,0.9924535905881434,0.0
71,3.5500000000000003,0,0.0,0.9879973983789532,0.9924700237154225,0.0
71,3.5500000000000003,1,0.0,0.9879973983789532,0.9924700237154225,0.0
71,3.5500000000000003,2,0.0,0.9879973983789532,0.9924700237154225,0.0
71,3.5500000000000003,3,0.0,0.9879973983789525,0.9924700237154221,0.0
71,3.5500000000000003,4,0.0,0.9879973983789532,0.9924700237154225,0.0
71,3.5500000000000003,5,0.0,0.9879973983789532,0.9924700237154225,0.0
72,3.6,0,0.0,0.9880204279585862,0.9924845263016612,0.0
72,3.6,1,0.0,0.9880204279585862,0.9924845263016612,0.0
72,3.6,2,0.0,0.9880204279585862,0.9924845263016612,0.0
72,3.6,3,0.0,0.9880204279585862,0.9924845263016612,0.0
72,3.6,4,0.0,0.9880204279585862,0.9924845263016612,0.0
72,3.6,5,0.0,0.9880204279585862,0.9924845263016612,0.0
73,3.6500000000000004,0,0.0,0.9880405265374954,0.9924971829541226,0.0
73,3.6500000000000004,1,0.0,0.9880405265374954,0.9924971829541226,0.0
73,3.6500000000000004,2,0.0,0.9880405265374954,0.9924971829541226,0.0
73,3.6500000000000004,3,0.0,0.9880405265374956,0.9924971829541228,0.0
73,3.6500000000000004,4,0.0,0.9880405265374956,0.9924971829541228,0.0
73,3.6500000000000004,5,0.0,0.9880405265374956,0.9924971829541228,0.0
74,3.7,0,0.0,0.988057822674685,0.9925080746993226,0.0
74,3.7,1,0.0,0.988057822674685,0.9925080746993226,0.0
74,3.7,2,0.0,0.988057822674685,0.9925080746993226,0.0
74,3.7,3,0.0,0.988057822674685,0.9925080746993226,0.0
74,3.7,4,0.0,0.988057822674685,0.9925080746993226,0.0
74,3.7,5,0.0,0.988057822674685,0.9925080746993227,0.0
75,3.75,0,0.0,0.9880724394449845,0.9925172790970596,0.0
75,3.75,1,0.0,0.9880724394449845,0.9925172790970596,0.0
75,3.75,2,0.0,0.9880724394449845,0.9925172790970596,0.0
75,3.75,3,0.0,0.9880724394449845,0.9925172790970596,0.0
75,3.75,4,0.0,0.9880724394449838,0.9925172790970592,0.0
75,3.75,5,0.0,0.9880724394449845,0.9925172790970596,0.0
76,3.8000000000000003,0,0.0,0.9880844946196596,0.9925248703556876,0.0
76,3.8000000000000003,1,0.0,0.9880844946196596,0.9925248703556876,0.0
76,3.8000000000000003,2,0.0,0.9880844946196596,0.9925248703556876,0.0
76,3.8000000000000003,3,0.0,0.9880844946196596,0.9925248703556876,0.0
76,3.8000000000000003,4,0.0,0.9880844946196596,0.9925248703556876,0.0
76,3.8000000000000003,5,0.0,0.9880844946196596,0.9925248703556876,0.0
77,3.85,0,0.0,0.988094100847783,0.9925309194477161,0.0
77,3.85,1,0.0,0.988094100847783,0.9925309194477161,0.0
77,3.85,2,0.0,0.988094100847783,0.9925309194477161,0.0
77,3.85,3,0.0,0.9880941008477828,0.992530919447716,0.0
77,3.85,4,0.0,0.9880941008477828,0.992530919447716,0.0
77,3.85,5,0.0,0.9880941008477828,0.992530919447716,0.0
78,3.9000000000000004,0,0.0,0.9881013658371285,0.9925354942249726,0.0
78,3.9000000000000004,1,0.0,0.9881013658371285,0.9925354942249726,0.0
78,3.9000000000000004,2,0.0,0.9881013658371285,0.9925354942249726,0.0
78,3.9000000000000004,3,0.0,0.9881013658371285,0.9925354942249726,0.0
78,3.9000000000000004,4,0.0,0.9881013658371285,0.9925354942249726,0.0
78,3.9000000000000004,5,0.0,0.9881013658371285,0.9925354942249726,0.0
79,3.95,0,0.0,0.9881063925336093,0.9925386595327215,0.0
79,3.95,1,0.0,0.9881063925336093,0.9925386595327215,0.0
79,3.95,2,0.0,0.9881063925336093,0.9925386595327215,0.0
79,3.95,3,0.0,0.9881063925336093,0.9925386595327215,0.0
79,3.95,4,0.0,0.9881063925336093,0.9925386595327215,0.0
79,3.95,5,0.0,0.9881063925336091,0.9925386595327214,0.0
80,4.0,0,0.0,0.9881092792984296,0.9925404773222284,0.0
80,4.0,1,0.0,0.9881092792984296,0.9925404773222284,0.0
80,4.0,2,0.0,0.9881092792984296,0.9925404773222284,0.0
80,4.0,3,0.0,0.9881092792984296,0.9925404773222284,0.0
80,4.0,4,0.0,0.9881092792984296,0.9925404773222284,0.0
80,4.0,5,0.0,0.9881092792984296,0.9925404773222284,0.0
81,4.05,0,0.0,0.9881101200822977,0.992541006761369,0.0
81,4.05,1,0.0,0.9881101200822977,0.992541006761369,0.0
81,4.05,2,0.0,0.9881101200822977,0.992541006761369,0.0
81,4.05,3,0.0,0.9881101200822977,0.992541006761369,0.0
81,4.05,4,0.0,0.9881101200822977,0.992541006761369,0.0
81,4.05,5,0.0,0.9881101200822977,0.992541006761369,0.0
82,4.1000000000000005,0,0.0,0.9881090045961705,0.9925403043429587,0.0
82,4.1000000000000005,1,0.0,0.9881090045961705,0.9925403043429587,0.0
82,4.1000000000000005,2,0.0,0.9881090045961702,0.9925403043429585,0.0
82,4.1000000000000005,3,0.0,0.9881090045961705,0.9925403043429587,0.0
82,4.1000000000000005,4,0.0,0.9881090045961702,0.9925403043429585,0.0
82,4.1000000000000005,5,0.0,0.9881090045961705,0.9925403043429587,0.0
83,4.15,0,0.0,0.9881060184781194,0.9925384239905523,0.0
83,4.15,1,0.0,0.9881060184781194,0.9925384239905523,0.0
83,4.15,2,0.0,0.9881060184781194,0.9925384239905523,0.0
83,4.15,3,0.0,0.9881060184781194,0.9925384239905523,0.0
83,4.15,4,0.0,0.9881060184781194,0.9925384239905523,0.0
83,4.15,5,0.0,0.9881060184781194,0.9925384239905523,0.0
84,4.2,0,0.0,0.9881012434560019,0.9925354171615249,0.0
84,4.2,1,0.0,0.9881012434560019,0.9925354171615249,0.0
84,4.2,2,0.0,0.9881012434560019,0.9925354171615249,0.0
84,4.2,3,0.0,0.9881012434560019,0.9925354171615249,0.0
84,4.2,4,0.0,0.9881012434560019,0.9925354171615249,0.0
84,4.2,5,0.0,0.9881012434560019,0.9925354171615249,0.0
85,4.25,0,0.0,0.9880947575056871,0.9925313329472822,0.0
85,4.25,1,0.0,0.9880947575056871,0.9925313329472822,0.0
85,4.25,2,0.0,0.9880947575056871,0.9925313329472822,0.0
85,4.25,3,0.0,0.9880947575056871,0.9925313329472822,0.0
85,4.25,4,0.0,0.9880947575056871,0.9925313329472822,0.0
85,4.25,5,0.0,0.9880947575056875,0.9925313329472826,0.0
86,4.3,0,0.0,0.988086635004684,0.99252621817051,0.0
86,4.3,1,0.0,0.988086635004684,0.99252621817051,0.0
86,4.3,2,0.0,0.988086635004684,0.99252621817051,0.0
86,4.3,3,0.0,0.988086635004684,0.99252621817051,0.0
86,4.3,4,0.0,0.988086635004684,0.99252621817051,0.0
86,4.3,5,0.0,0.988086635004684,0.99252621817051,0.0
87,4.3500000000000005,0,0.0,0.988076946881036,0.9925201174793864,0.0
87,4.3500000000000005,1,0.0,0.988076946881036,0.9925201174793864,0.0
87,4.3500000000000005,2,0.0,0.988076946881036,0.9925201174793864,0.0
87,4.3500000000000005,3,0.0,0.988076946881036,0.9925201174793864,0.0
87,4.3500000000000005,4,0.0,0.988076946881036,0.9925201174793864,0.0
87,4.3500000000000005,5,0.0,0.988076946881036,0.9925201174793864,0.0
88,4.4,0,0.0,0.9880657607574312,0.9925130734387276,0.0
88,4.4,1,0.0,0.9880657607574312,0.9925130734387276,0.0
88,4.4,2,0.0,0.9880657607574312,0.9925130734387276,0.0
88,4.4,3,0.0,0.9880657607574312,0.9925130734387276,0.0
88,4.4,4,0.0,0.9880657607574315,0.9925130734387277,0.0
88,4.4,5,0.0,0.9880657607574315,0.9925130734387277,0.0
89,4.45,0,0.0,0.9880531410904945,0.9925051266180533,0.0
89,4.45,1,0.0,0.9880531410904945,0.9925051266180533,0.0
89,4.45,2,0.0,0.9880531410904945,0.9925051266180533,0.0
89,4.45,3,0.0,0.9880531410904945,0.9925051266180533,0.0
89,4.45,4,0.0,0.9880531410904945,0.9925051266180533,0.0
89,4.45,5,0.0,0.9880531410904945,0.9925051266180533,0.0
90,4.5,0,0.0,0.98803914930526,0.9924963156765747,0.0
90,4.5,1,0.0,0.98803914930526,0.9924963156765747,0.0
90,4.5,2,0.0,0.98803914930526,0.9924963156765747,0.0
90,4.5,3,0.0,0.98803914930526,0.9924963156765747,0.0
90,4.5,4,0.0,0.98803914930526,0.9924963156765747,0.0
90,4.5,5,0.0,0.98803914930526,0.9924963156765747,0.0
91,4.55,0,0.0,0.9880238439248685,0.9924866774451361,0.0
91,4.55,1,0.0,0.9880238439248685,0.9924866774451361,0.0
91,4.55,2,0.0,0.9880238439248685,0.9924866774451361,0.0
91,4.55,3,0.0,0.988023843924869,0.9924866774451363,0.0
91,4.55,4,0.0,0.988023843924869,0.9924866774451363,0.0
91,4.55,5,0.0,0.988023843924869,0.9924866774451363,0.0
92,4.6000000000000005,0,0.0,0.9880072806955356,0.9924762470051459,0.0
92,4.6000000000000005,1,0.0,0.9880072806955356,0.9924762470051459,0.0
92,4.6000000000000005,2,0.0,0.9880072806955356,0.9924762470051459,0.0
92,4.6000000000000005,3,0.0,0.9880072806955356,0.9924762470051459,0.0
92,4.6000000000000005,4,0.0,0.9880072806955356,0.9924762470051459,0.0
92,4.6000000000000005,5,0.0,0.9880072806955356,0.9924762470051459,0.0
93,4.65,0,0.0,0.9879895127068608,0.9924650577645421,0.0
93,4.65,1,0.0,0.9879895127068608,0.9924650577645421,0.0
93,4.65,2,0.0,0.9879895127068608,0.9924650577645421,0.0
93,4.65,3,0.0,0.9879895127068608,0.9924650577645421,0.0
93,4.65,4,0.0,0.987989512706861,0.9924650577645422,0.0
93,4.65,5,0.0,0.987989512706861,0.9924650577645423,0.0
94,4.7,0,0.0,0.9879705905075773,0.9924531415308592,0.0
94,4.7,1,0.0,0.9879705905075773,0.9924531415308592,0.0
94,4.7,2,0.0,0.9879705905075773,0.9924531415308592,0.0
94,4.7,3,0.0,0.9879705905075773,0.9924531415308592,0.0
94,4.7,4,0.0,0.9879705905075773,0.9924531415308592,0.0
94,4.7,5,0.0,0.9879705905075773,0.9924531415308592,0.0
95,4.75,0,0.0,0.9879505622168232,0.9924405285814505,0.0
95,4.75,1,0.0,0.9879505622168232,0.9924405285814505,0.0
95,4.75,2,0.0,0.9879505622168232,0.9924405285814505,0.0
95,4.75,3,0.0,0.9879505622168232,0.9924405285814505,0.0
95,4.75,4,0.0,0.9879505622168232,0.9924405285814505,0.0
95,4.75,5,0.0,0.9879505622168232,0.9924405285814505,0.0
96,4.800000000000001,0,0.0,0.9879294736310573,0.9924272477309466,0.0
96,4.800000000000001,1,0.0,0.9879294736310573,0.9924272477309466,0.0
96,4.800000000000001,2,0.0,0.9879294736310573,0.9924272477309466,0.0
96,4.800000000000001,3,0.0,0.9879294736310573,0.9924272477309466,0.0
96,4.800000000000001,4,0.0,0.9879294736310573,0.9924272477309466,0.0
96,4.800000000000001,5,0.0,0.9879294736310573,0.9924272477309466,0.0
97,4.8500000000000005,0,0.0,0.9879073683267243,0.992413326396016,0.0
97,4.8500000000000005,1,0.0,0.9879073683267243,0.992413326396016,0.0
97,4.8500000000000005,2,0.0,0.9879073683267243,0.992413326396016,0.0
97,4.8500000000000005,3,0.0,0.9879073683267243,0.992413326396016,0.0
97,4.8500000000000005,4,0.0,0.9879073683267243,0.992413326396016,0.0
97,4.8500000000000005,5,0.0,0.9879073683267243,0.992413326396016,0.0
98,4.9,0,0.0,0.9878842877587926,0.9923987906575111,0.0
98,4.9,1,0.0,0.9878842877587926,0.9923987906575111,0.0
98,4.9,2,0.0,0.9878842877587926,0.9923987906575111,0.0
98,4.9,3,0.0,0.9878842877587926,0.9923987906575111,0.0
98,4.9,4,0.0,0.9878842877587928,0.9923987906575112,0.0
98,4.9,5,0.0,0.9878842877587928,0.9923987906575112,0.0
99,4.95,0,0.0,0.9878602713552858,0.9923836653200753,0.0
99,4.95,1,0.0,0.9878602713552858,0.9923836653200753,0.0
99,4.95,2,0.0,0.9878602713552858,0.9923836653200753,0.0
99,4.95,3,0.0,0.9878602713552858,0.9923836653200753,0.0
99,4.95,4,0.0,0.9878602713552858,0.9923836653200753,0.0
99,4.95,5,0.0,0.9878602713552858,0.9923836653200753,0.0
100,5.0,0,0.0,0.9878353566079348,0.9923679739692925,0.0
100,5.0,1,0.0,0.9878353566079348,0.9923679739692925,0.0
100,5.0,2,0.0,0.9878353566079348,0.9923679739692925,0.0
100,5.0,3,0.0,0.9878353566079348,0.9923679739692925,0.0
100,5.0,4,0.0,0.9878353566079348,0.9923679739692925,0.0
100,5.0,5,0.0,0.9878353566079348,0.9923679739692925,0.0
101,5.050000000000001,0,0.0,0.9878095791590742,0.9923517390264617,0.0
101,5.050000000000001,1,0.0,0.9878095791590742,0.9923517390264617,0.0
101,5.050000000000001,2,0.0,0.9878095791590742,0.9923517390264617,0.0
101,5.050000000000001,3,0.0,0.9878095791590742,0.9923517390264617,0.0
101,5.050000000000001,4,0.0,0.9878095791590742,0.9923517390264617,0.0
101,5.050000000000001,5,0.0,0.9878095791590742,0.9923517390264617,0.0
102,5.1000000000000005,0,0.0,0.987782972884911,0.9923349818010744,0.0
102,5.1000000000000005,1,0.0,0.987782972884911,0.9923349818010744,0.0
102,5.1000000000000005,2,0.0,0.987782972884911,0.9923349818010744,0.0
102,5.1000000000000005,3,0.0,0.987782972884911,0.9923349818010744,0.0
102,5.1000000000000005,4,0.0,0.987782972884911,0.9923349818010744,0.0
102,5.1000000000000005,5,0.0,0.987782972884911,0.9923349818010744,0.0
103,5.15,0,0.0,0.987755569975288,0.992317722541077,0.0
103,5.15,1,0.0,0.987755569975288,0.992317722541077,0.0
103,5.15,2,0.0,0.987755569975288,0.992317722541077,0.0
103,5.15,3,0.0,0.987755569975288,0.992317722541077,0.0
103,5.15,4,0.0,0.987755569975288,0.992317722541077,0.0
103,5.15,5,0.0,0.987755569975288,0.992317722541077,0.0
104,5.2,0,0.0,0.9877274010100725,0.9922999804809988,0.0
104,5.2,1,0.0,0.9877274010100725,0.9922999804809988,0.0
104,5.2,2,0.0,0.987727401010073,0.992299980480999,0.0
104,5.2,3,0.0,0.9877274010100725,0.9922999804809988,0.0
104,5.2,4,0.0,0.9877274010100725,0.9922999804809988,0.0
104,5.2,5,0.0,0.9877274010100725,0.9922999804809988,0.0
105,5.25,0,0.0,0.9876984950322873,0.9922817738880217,0.0
105,5.25,1,0.0,0.9876984950322873,0.9922817738880217,0.0
105,5.25,2,0.0,0.9876984950322873,0.9922817738880217,0.0
105,5.25,3,0.0,0.9876984950322873,0.9922817738880217,0.0
105,5.25,4,0.0,0.9876984950322873,0.9922817738880217,0.0
105,5.25,5,0.0,0.9876984950322873,0.9922817738880217,0.0
106,5.300000000000001,0,0.0,0.9876688796181019,0.9922631201060671,0.0
106,5.300000000000001,1,0.0,0.9876688796181019,0.9922631201060671,0.0
106,5.300000000000001,2,0.0,0.9876688796181019,0.9922631201060671,0.0
106,5.300000000000001,3,0.0,0.9876688796181019,0.9922631201060671,0.0
106,5.300000000000001,4,0.0,0.9876688796181019,0.9922631201060671,0.0
106,5.300000000000001,5,0.0,0.9876688796181019,0.9922631201060671,0.0
107,5.3500000000000005,0,0.0,0.9876385809438137,0.9922440355979808,0.0
107,5.3500000000000005,1,0.0,0.9876385809438137,0.9922440355979808,0.0
107,5.3500000000000005,2,0.0,0.9876385809438137,0.9922440355979808,0.0
107,5.3500000000000005,3,0.0,0.9876385809438137,0.9922440355979808,0.0
107,5.3500000000000005,4,0.0,0.9876385809438137,0.9922440355979808,0.0
107,5.3500000000000005,5,0.0,0.9876385809438131,0.9922440355979805,0.0
108,5.4,0,0.0,0.9876076238499227,0.9922245359858842,0.0
108,5.4,1,0.0,0.9876076238499227,0.9922245359858842,0.0
108,5.4,2,0.0,0.9876076238499227,0.9922245359858842,0.0
108,5.4,3,0.0,0.9876076238499227,0.9922245359858842,0.0
108,5.4,4,0.0,0.9876076238499227,0.9922245359858842,0.0
108,5.4,5,0.0,0.9876076238499227,0.9922245359858842,0.0
109,5.45,0,0.0,0.9875760319024163,0.9922046360897636,0.0
109,5.45,1,0.0,0.9875760319024163,0.9922046360897636,0.0
109,5.45,2,0.0,0.9875760319024163,0.9922046360897636,0.0
109,5.45,3,0.0,0.9875760319024163,0.9922046360897636,0.0
109,5.45,4,0.0,0.9875760319024163,0.9922046360897636,0.0
109,5.45,5,0.0,0.9875760319024163,0.9922046360897636,0.0
110,5.5,0,0.0,0.9875438274513775,0.9921843499643712,0.0
110,5.5,1,0.0,0.9875438274513775,0.9921843499643712,0.0
110,5.5,2,0.0,0.9875438274513775,0.9921843499643712,0.0
110,5.5,3,0.0,0.9875438274513775,0.9921843499643712,0.0
110,5.5,4,0.0,0.9875438274513775,0.9921843499643712,0.0
110,5.5,5,0.0,0.9875438274513775,0.9921843499643712,0.0
111,5.550000000000001,0,0.0,0.9875110316870144,0.992163690934499,0.0
111,5.550000000000001,1,0.0,0.9875110316870144,0.992163690934499,0.0
111,5.550000000000001,2,0.0,0.9875110316870144,0.992163690934499,0.0
111,5.550000000000001,3,0.0,0.9875110316870144,0.992163690934499,0.0
111,5.550000000000001,4,0.0,0.9875110316870144,0.992163690934499,0.0
111,5.550000000000001,5,0.0,0.9875110316870144,0.992163690934499,0.0
112,5.6000000000000005,0,0.0,0.9874776646932235,0.9921426716286974,0.0
112,5.6000000000000005,1,0.0,0.9874776646932235,0.9921426716286974,0.0
112,5.6000000000000005,2,0.0,0.9874776646932235,0.9921426716286974,0.0
112,5.6000000000000005,3,0.0,0.9874776646932235,0.9921426716286974,0.0
112,5.6000000000000005,4,0.0,0.9874776646932235,0.9921426716286974,0.0
112,5.6000000000000005,5,0.0,0.9874776646932235,0.9921426716286974,0.0
113,5.65,0,0.0,0.9874437454987803,0.9921213040114981,0.0
113,5.65,1,0.0,0.9874437454987803,0.9921213040114981,0.0
113,5.65,2,0.0,0.9874437454987803,0.9921213040114981,0.0
113,5.65,3,0.0,0.9874437454987803,0.9921213040114981,0.0
113,5.65,4,0.0,0.9874437454987803,0.9921213040114981,0.0
113,5.65,5,0.0,0.9874437454987803,0.9921213040114981,0.0
114,5.7,0,0.0,0.987409292126255,0.9920995994142013,0.0
114,5.7,1,0.0,0.987409292126255,0.9920995994142013,0.0
114,5.7,2,0.0,0.987409292126255,0.9920995994142013,0.0
114,5.7,3,0.0,0.987409292126255,0.9920995994142013,0.0
114,5.7,4,0.0,0.987409292126255,0.9920995994142013,0.0
114,5.7,5,0.0,0.987409292126255,0.9920995994142013,0.0
115,5.75,0,0.0,0.9873743216387509,0.9920775685642925,0.0
115,5.75,1,0.0,0.9873743216387509,0.9920775685642925,0.0
115,5.75,2,0.0,0.9873743216387509,0.9920775685642925,0.0
115,5.75,3,0.0,0.9873743216387509,0.9920775685642925,0.0
115,5.75,4,0.0,0.9873743216387509,0.9920775685642925,0.0
115,5.75,5,0.0,0.9873743216387509,0.9920775685642925,0.0
116,5.800000000000001,0,0.0,0.9873388501845453,0.9920552216135358,0.0
116,5.800000000000001,1,0.0,0.9873388501845453,0.9920552216135358,0.0
116,5.800000000000001,2,0.0,0.9873388501845453,0.9920552216135358,0.0
116,5.800000000000001,3,0.0,0.9873388501845453,0.9920552216135358,0.0
116,5.800000000000001,4,0.0,0.9873388501845453,0.9920552216135358,0.0
116,5.800000000000001,5,0.0,0.9873388501845453,0.9920552216135358,0.0
117,5.8500000000000005,0,0.0,0.9873028930397376,0.9920325681648118,0.0
117,5.8500000000000005,1,0.0,0.9873028930397376,0.9920325681648118,0.0
117,5.8500000000000005,2,0.0,0.9873028930397376,0.9920325681648118,0.0
117,5.8500000000000005,3,0.0,0.9873028930397376,0.9920325681648118,0.0
117,5.8500000000000005,4,0.0,0.9873028930397376,0.9920325681648118,0.0
117,5.8500000000000005,5,0.0,0.9873028930397376,0.9920325681648118,0.0
118,5.9,0,0.0,0.9872664646489655,0.9920096172977391,0.0
118,5.9,1,0.0,0.9872664646489655,0.9920096172977391,0.0
118,5.9,2,0.0,0.9872664646489655,0.9920096172977391,0.0
118,5.9,3,0.0,0.9872664646489657,0.9920096172977392,0.0
118,5.9,4,0.0,0.9872664646489657,0.9920096172977392,0.0
118,5.9,5,0.0,0.9872664646489657,0.9920096172977392,0.0
119,5.95,0,0.0,0.9872295786642922,0.9919863775931428,0.0
119,5.95,1,0.0,0.9872295786642922,0.9919863775931428,0.0
119,5.95,2,0.0,0.9872295786642922,0.9919863775931428,0.0
119,5.95,3,0.0,0.9872295786642922,0.9919863775931428,0.0
119,5.95,4,0.0,0.9872295786642922,0.9919863775931428,0.0
119,5.95,5,0.0,0.9872295786642922,0.9919863775931428,0.0
120,6.0,0,0.0,0.9871922479823263,0.9919628571564097,0.0
120,6.0,1,0.0,0.9871922479823263,0.9919628571564097,0.0
120,6.0,2,0.0,0.9871922479823263,0.9919628571564097,0.0
120,6.0,3,0.0,0.9871922479823263,0.9919628571564097,0.0
120,6.0,4,0.0,0.9871922479823263,0.9919628571564097,0.0
120,6.0,5,0.0,0.9871922479823263,0.9919628571564097,0.0
121,6.050000000000001,0,0.0,0.9871544847796572,0.991939063639784,0.0
121,6.050000000000001,1,0.0,0.9871544847796572,0.991939063639784,0.0
121,6.050000000000001,2,0.0,0.9871544847796572,0.991939063639784,0.0
121,6.050000000000001,3,0.0,0.9871544847796572,0.991939063639784,0.0
121,6.050000000000001,4,0.0,0.9871544847796572,0.991939063639784,0.0
121,6.050000000000001,5,0.0,0.9871544847796574,0.9919390636397841,0.0
122,6.1000000000000005,0,0.0,0.9871163005466792,0.991915004263646,0.0
122,6.1000000000000005,1,0.0,0.9871163005466792,0.991915004263646,0.0
122,6.1000000000000005,2,0.0,0.9871163005466792,0.991915004263646,0.0
122,6.1000000000000005,3,0.0,0.9871163005466792,0.991915004263646,0.0
122,6.1000000000000005,4,0.0,0.9871163005466792,0.9919150042636461,0.0
122,6.1000000000000005,5,0.0,0.9871163005466792,0.991915004263646,0.0
123,6.15,0,0.0,0.9870777061198643,0.9918906858368165,0.0
123,6.15,1,0.0,0.9870777061198643,0.9918906858368165,0.0
123,6.15,2,0.0,0.9870777061198643,0.9918906858368165,0.0
123,6.15,3,0.0,0.9870777061198643,0.9918906858368165,0.0
123,6.15,4,0.0,0.9870777061198643,0.9918906858368165,0.0
123,6.15,5,0.0,0.9870777061198641,0.9918906858368164,0.0
124,6.2,0,0.0,0.9870387117125616,0.9918661147759319,0.0
124,6.2,1,0.0,0.9870387117125616,0.9918661147759319,0.0
124,6.2,2,0.0,0.9870387117125616,0.9918661147759319,0.0
124,6.2,3,0.0,0.9870387117125616,0.9918661147759319,0.0
124,6.2,4,0.0,0.9870387117125616,0.9918661147759319,0.0
124,6.2,5,0.0,0.9870387117125616,0.9918661147759318,0.0
125,6.25,0,0.0,0.9869993269443804,0.9918412971239278,0.0
125,6.25,1,0.0,0.9869993269443804,0.9918412971239278,0.0
125,6.25,2,0.0,0.9869993269443804,0.9918412971239278,0.0
125,6.25,3,0.0,0.9869993269443804,0.9918412971239278,0.0
125,6.25,4,0.0,0.9869993269443804,0.9918412971239278,0.0
125,6.25,5,0.0,0.9869993269443804,0.9918412971239278,0.0
126,6.300000000000001,0,0.0,0.9869595608692188,0.9918162385676711,0.0
126,6.300000000000001,1,0.0,0.9869595608692188,0.9918162385676711,0.0
126,6.300000000000001,2,0.0,0.9869595608692188,0.9918162385676711,0.0
126,6.300000000000001,3,0.0,0.9869595608692188,0.9918162385676711,0.0
126,6.300000000000001,4,0.0,0.9869595608692185,0.9918162385676709,0.0
126,6.300000000000001,5,0.0,0.9869595608692185,0.9918162385676709,0.0
127,6.3500000000000005,0,0.0,0.9869194220019972,0.991790944454776,0.0
127,6.3500000000000005,1,0.0,0.9869194220019972,0.991790944454776,0.0
127,6.3500000000000005,2,0.0,0.9869194220019972,0.991790944454776,0.0
127,6.3500000000000005,3,0.0,0.9869194220019972,0.991790944454776,0.0
127,6.3500000000000005,4,0.0,0.9869194220019972,0.991790944454776,0.0
127,6.3500000000000005,5,0.0,0.9869194220019972,0.991790944454776,0.0
128,6.4,0,0.0,0.9868789183441586,0.9917654198096434,0.0
128,6.4,1,0.0,0.9868789183441586,0.9917654198096434,0.0
128,6.4,2,0.0,0.9868789183441586,0.9917654198096434,0.0
128,6.4,3,0.0,0.9868789183441586,0.9917654198096434,0.0
128,6.4,4,0.0,0.9868789183441586,0.9917654198096434,0.0
128,6.4,5,0.0,0.9868789183441586,0.9917654198096434,0.0
129,6.45,0,0.0,0.9868380574079798,0.9917396693487533,0.0
129,6.45,1,0.0,0.9868380574079798,0.9917396693487533,0.0
129,6.45,2,0.0,0.9868380574079798,0.9917396693487533,0.0
129,6.45,3,0.0,0.9868380574079798,0.9917396693487533,0.0
129,6.45,4,0.0,0.9868380574079798,0.9917396693487533,0.0
129,6.45,5,0.0,0.9868380574079798,0.9917396693487533,0.0
130,6.5,0,0.0,0.986796846239753,0.9917136974952454,0.0
130,6.5,1,0.0,0.986796846239753,0.9917136974952454,0.0
130,6.5,2,0.0,0.986796846239753,0.9917136974952454,0.0
130,6.5,3,0.0,0.986796846239753,0.9917136974952454,0.0
130,6.5,4,0.0,0.9867968462397527,0.9917136974952453,0.0
130,6.5,5,0.0,0.9867968462397527,0.9917136974952453,0.0
131,6.550000000000001,0,0.0,0.9867552914418849,0.9916875083928183,0.0
131,6.550000000000001,1,0.0,0.9867552914418849,0.9916875083928183,0.0
131,6.550000000000001,2,0.0,0.9867552914418849,0.9916875083928183,0.0
131,6.550000000000001,3,0.0,0.9867552914418853,0.9916875083928186,0.0
131,6.550000000000001,4,0.0,0.9867552914418849,0.9916875083928183,0.0
131,6.550000000000001,5,0.0,0.9867552914418853,0.9916875083928186,0.0
132,6.6000000000000005,0,0.0,0.9867133991939658,0.9916611059189814,0.0
132,6.6000000000000005,1,0.0,0.9867133991939658,0.9916611059189814,0.0
132,6.6000000000000005,2,0.0,0.9867133991939658,0.9916611059189814,0.0
132,6.6000000000000005,3,0.0,0.9867133991939658,0.9916611059189814,0.0
132,6.6000000000000005,4,0.0,0.9867133991939658,0.9916611059189814,0.0
132,6.6000000000000005,5,0.0,0.9867133991939658,0.9916611059189814,0.0
133,6.65,0,0.0,0.9866711752728432,0.9916344936976799,0.0
133,6.65,1,0.0,0.9866711752728432,0.9916344936976799,0.0
133,6.65,2,0.0,0.9866711752728432,0.9916344936976799,0.0
133,6.65,3,0.0,0.9866711752728432,0.9916344936976799,0.0
133,6.65,4,0.0,0.9866711752728432,0.9916344936976799,0.0
133,6.65,5,0.0,0.9866711752728434,0.99163449369768,0.0
134,6.7,0,0.0,0.9866286250717584,0.9916076751113305,0.0
134,6.7,1,0.0,0.9866286250717584,0.9916076751113305,0.0
134,6.7,2,0.0,0.9866286250717584,0.9916076751113305,0.0
134,6.7,3,0.0,0.9866286250717584,0.9916076751113305,0.0
134,6.7,4,0.0,0.9866286250717584,0.9916076751113305,0.0
134,6.7,5,0.0,0.9866286250717584,0.9916076751113305,0.0
135,6.75,0,0.0,0.9865857536185778,0.9915806533122872,0.0
135,6.75,1,0.0,0.9865857536185778,0.9915806533122872,0.0
135,6.75,2,0.0,0.9865857536185778,0.9915806533122872,0.0
135,6.75,3,0.0,0.9865857536185778,0.9915806533122872,0.0
135,6.75,4,0.0,0.9865857536185778,0.9915806533122872,0.0
135,6.75,5,0.0,0.9865857536185778,0.9915806533122872,0.0
136,6.800000000000001,0,0.0,0.9865425655931628,0.9915534312337654,0.0
136,6.800000000000001,1,0.0,0.9865425655931628,0.9915534312337654,0.0
136,6.800000000000001,2,0.0,0.9865425655931628,0.9915534312337654,0.0
136,6.800000000000001,3,0.0,0.9865425655931628,0.9915534312337654,0.0
136,6.800000000000001,4,0.0,0.9865425655931628,0.9915534312337654,0.0
136,6.800000000000001,5,0.0,0.9865425655931628,0.9915534312337654,0.0
137,6.8500000000000005,0,0.0,0.9864990653439181,0.9915260116002492,0.0
137,6.8500000000000005,1,0.0,0.9864990653439181,0.9915260116002492,0.0
137,6.8500000000000005,2,0.0,0.9864990653439181,0.9915260116002492,0.0
137,6.8500000000000005,3,0.0,0.9864990653439181,0.9915260116002492,0.0
137,6.8500000000000005,4,0.0,0.9864990653439181,0.9915260116002492,0.0
137,6.8500000000000005,5,0.0,0.9864990653439181,0.9915260116002492,0.0
138,6.9,0,0.0,0.9864552569035532,0.9914983969374037,0.0
138,6.9,1,0.0,0.9864552569035532,0.9914983969374037,0.0
138,6.9,2,0.0,0.9864552569035532,0.9914983969374037,0.0
138,6.9,3,0.0,0.9864552569035532,0.9914983969374037,0.0
138,6.9,4,0.0,0.9864552569035532,0.9914983969374037,0.0
138,6.9,5,0.0,0.9864552569035532,0.9914983969374037,0.0
139,6.95,0,0.0,0.9864111440040924,0.9914705895815142,0.0
139,6.95,1,0.0,0.9864111440040924,0.9914705895815142,0.0
139,6.95,2,0.0,0.9864111440040924,0.9914705895815142,0.0
139,6.95,3,0.0,0.9864111440040924,0.9914705895815142,0.0
139,6.95,4,0.0,0.9864111440040924,0.9914705895815142,0.0
139,6.95,5,0.0,0.9864111440040924,0.9914705895815142,0.0
140,7.0,0,0.0,0.9863667300911723,0.9914425916884776,0.0
140,7.0,1,0.0,0.9863667300911723,0.9914425916884776,0.0
140,7.0,2,0.0,0.9863667300911723,0.9914425916884776,0.0
140,7.0,3,0.0,0.9863667300911723,0.9914425916884776,0.0
140,7.0,4,0.0,0.9863667300911723,0.9914425916884776,0.0
140,7.0,5,0.0,0.9863667300911723,0.9914425916884776,0.0
141,7.050000000000001,0,0.0,0.9863220183376515,0.9914144052423609,0.0
141,7.050000000000001,1,0.0,0.9863220183376515,0.9914144052423609,0.0
141,7.050000000000001,2,0.0,0.9863220183376515,0.9914144052423609,0.0
141,7.050000000000001,3,0.0,0.9863220183376513,0.9914144052423608,0.0
141,7.050000000000001,4,0.0,0.9863220183376513,0.9914144052423608,0.0
141,7.050000000000001,5,0.0,0.9863220183376513,0.9914144052423608,0.0
142,7.1000000000000005,0,0.0,0.9862770116565693,0.9913860320635507,0.0
142,7.1000000000000005,1,0.0,0.9862770116565693,0.9913860320635507,0.0
142,7.1000000000000005,2,0.0,0.9862770116565689,0.9913860320635505,0.0
142,7.1000000000000005,3,0.0,0.9862770116565689,0.9913860320635505,0.0
142,7.1000000000000005,4,0.0,0.9862770116565689,0.9913860320635505,0.0
142,7.1000000000000005,5,0.0,0.9862770116565693,0.9913860320635507,0.0
143,7.15,0,0.0,0.9862317127134823,0.9913574738165102,0.0
143,7.15,1,0.0,0.9862317127134823,0.9913574738165102,0.0
143,7.15,2,0.0,0.9862317127134823,0.9913574738165102,0.0
143,7.15,3,0.0,0.9862317127134823,0.9913574738165102,0.0
143,7.15,4,0.0,0.9862317127134823,0.9913574738165102,0.0
143,7.15,5,0.0,0.9862317127134823,0.9913574738165103,0.0
144,7.2,0,0.0,0.9861861239382053,0.9913287320171631,0.0
144,7.2,1,0.0,0.9861861239382053,0.9913287320171631,0.0
144,7.2,2,0.0,0.9861861239382053,0.9913287320171631,0.0
144,7.2,3,0.0,0.9861861239382053,0.9913287320171631,0.0
144,7.2,4,0.0,0.9861861239382053,0.9913287320171631,0.0
144,7.2,5,0.0,0.9861861239382057,0.9913287320171634,0.0
145,7.25,0,0.0,0.9861402475359857,0.9912998080399199,0.0
145,7.25,1,0.0,0.9861402475359857,0.9912998080399199,0.0
145,7.25,2,0.0,0.9861402475359857,0.9912998080399199,0.0
145,7.25,3,0.0,0.9861402475359857,0.9912998080399199,0.0
145,7.25,4,0.0,0.9861402475359857,0.9912998080399199,0.0
145,7.25,5,0.0,0.986140247535986,0.99129980803992,0.0
146,7.300000000000001,0,0.0,0.986094085498137,0.9912707031243642,0.0
146,7.300000000000001,1,0.0,0.986094085498137,0.9912707031243642,0.0
146,7.300000000000001,2,0.0,0.986094085498137,0.9912707031243642,0.0
146,7.300000000000001,3,0.0,0.986094085498137,0.9912707031243642,0.0
146,7.300000000000001,4,0.0,0.986094085498137,0.9912707031243642,0.0
146,7.300000000000001,5,0.0,0.9860940854981368,0.991270703124364,0.0
147,7.3500000000000005,0,0.0,0.9860476396121571,0.9912414183816153,0.0
147,7.3500000000000005,1,0.0,0.9860476396121571,0.9912414183816153,0.0
147,7.3500000000000005,2,0.0,0.9860476396121571,0.9912414183816153,0.0
147,7.3500000000000005,3,0.0,0.9860476396121571,0.9912414183816153,0.0
147,7.3500000000000005,4,0.0,0.9860476396121571,0.9912414183816153,0.0
147,7.3500000000000005,5,0.0,0.9860476396121571,0.9912414183816153,0.0
148,7.4,0,0.0,0.9860009114713537,0.9912119548003808,0.0
148,7.4,1,0.0,0.9860009114713537,0.9912119548003808,0.0
148,7.4,2,0.0,0.9860009114713537,0.9912119548003807,0.0
148,7.4,3,0.0,0.9860009114713537,0.9912119548003807,0.0
148,7.4,4,0.0,0.9860009114713537,0.9912119548003808,0.0
148,7.4,5,0.0,0.9860009114713537,0.9912119548003807,0.0
149,7.45,0,0.0,0.985953902484,0.9911823132527133,0.0
149,7.45,1,0.0,0.985953902484,0.9911823132527133,0.0
149,7.45,2,0.0,0.985953902484,0.9911823132527133,0.0
149,7.45,3,0.0,0.985953902484,0.9911823132527133,0.0
149,7.45,4,0.0,0.9859539024840005,0.9911823132527137,0.0
149,7.45,5,0.0,0.9859539024840005,0.9911823132527137,0.0
150,7.5,0,0.0,0.9859066138820454,0.9911524944994875,0.0
150,7.5,1,0.0,0.9859066138820454,0.9911524944994875,0.0
150,7.5,2,0.0,0.9859066138820454,0.9911524944994875,0.0
150,7.5,3,0.0,0.9859066138820454,0.9911524944994875,0.0
150,7.5,4,0.0,0.9859066138820454,0.9911524944994875,0.0
150,7.5,5,0.0,0.9859066138820449,0.9911524944994873,0.0
151,7.550000000000001,0,0.0,0.9858590467293962,0.9911224991956066,0.0
151,7.550000000000001,1,0.0,0.9858590467293962,0.9911224991956066,0.0
151,7.550000000000001,2,0.0,0.9858590467293962,0.9911224991956066,0.0
151,7.550000000000001,3,0.0,0.9858590467293962,0.9911224991956066,0.0
151,7.550000000000001,4,0.0,0.9858590467293962,0.9911224991956066,0.0
151,7.550000000000001,5,0.0,0.9858590467293962,0.9911224991956066,0.0
152,7.6000000000000005,0,0.0,0.9858112019297955,0.9910923278949567,0.0
152,7.6000000000000005,1,0.0,0.9858112019297955,0.9910923278949567,0.0
152,7.6000000000000005,2,0.0,0.9858112019297955,0.9910923278949567,0.0
152,7.6000000000000005,3,0.0,0.9858112019297955,0.9910923278949567,0.0
152,7.6000000000000005,4,0.0,0.9858112019297955,0.9910923278949567,0.0
152,7.6000000000000005,5,0.0,0.9858112019297955,0.9910923278949567,0.0
153,7.65,0,0.0,0.9857630802343083,0.991061981055113,0.0
153,7.65,1,0.0,0.9857630802343083,0.991061981055113,0.0
153,7.65,2,0.0,0.9857630802343083,0.991061981055113,0.0
153,7.65,3,0.0,0.9857630802343083,0.991061981055113,0.0
153,7.65,4,0.0,0.9857630802343083,0.991061981055113,0.0
153,7.65,5,0.0,0.9857630802343085,0.9910619810551132,0.0
154,7.7,0,0.0,0.9857146822484457,0.9910314590418193,0.0
154,7.7,1,0.0,0.9857146822484457,0.9910314590418193,0.0
154,7.7,2,0.0,0.9857146822484457,0.9910314590418193,0.0
154,7.7,3,0.0,0.9857146822484457,0.9910314590418193,0.0
154,7.7,4,0.0,0.9857146822484457,0.9910314590418193,0.0
154,7.7,5,0.0,0.9857146822484457,0.9910314590418192,0.0
155,7.75,0,0.0,0.9856660084389304,0.9910007621332402,0.0
155,7.75,1,0.0,0.9856660084389304,0.9910007621332402,0.0
155,7.75,2,0.0,0.9856660084389304,0.9910007621332402,0.0
155,7.75,3,0.0,0.9856660084389304,0.9910007621332402,0.0
155,7.75,4,0.0,0.9856660084389304,0.9910007621332402,0.0
155,7.75,5,0.0,0.9856660084389304,0.9910007621332402,0.0
156,7.800000000000001,0,0.0,0.9856170591401316,0.990969890524008,0.0
156,7.800000000000001,1,0.0,0.9856170591401316,0.990969890524008,0.0
156,7.800000000000001,2,0.0,0.9856170591401316,0.990969890524008,0.0
156,7.800000000000001,3,0.0,0.9856170591401316,0.990969890524008,0.0
156,7.800000000000001,4,0.0,0.9856170591401316,0.990969890524008,0.0
156,7.800000000000001,5,0.0,0.9856170591401316,0.990969890524008,0.0
157,7.8500000000000005,0,0.0,0.9855678345601804,0.9909388443290662,0.0
157,7.8500000000000005,1,0.0,0.9855678345601804,0.9909388443290662,0.0
157,7.8500000000000005,2,0.0,0.9855678345601804,0.9909388443290662,0.0
157,7.8500000000000005,3,0.0,0.9855678345601804,0.9909388443290662,0.0
157,7.8500000000000005,4,0.0,0.9855678345601802,0.9909388443290661,0.0
157,7.8500000000000005,5,0.0,0.9855678345601802,0.9909388443290661,0.0
158,7.9,0,0.0,0.9855183347867802,0.9909076235873227,0.0
158,7.9,1,0.0,0.9855183347867802,0.9909076235873227,0.0
158,7.9,2,0.0,0.9855183347867802,0.9909076235873227,0.0
158,7.9,3,0.0,0.9855183347867802,0.9909076235873227,0.0
158,7.9,4,0.0,0.9855183347867802,0.9909076235873227,0.0
158,7.9,5,0.0,0.9855183347867802,0.9909076235873228,0.0
159,7.95,0,0.0,0.9854685597927291,0.9908762282651206,0.0
159,7.95,1,0.0,0.9854685597927291,0.9908762282651206,0.0
159,7.95,2,0.0,0.9854685597927291,0.9908762282651206,0.0
159,7.95,3,0.0,0.9854685597927291,0.9908762282651206,0.0
159,7.95,4,0.0,0.9854685597927291,0.9908762282651206,0.0
159,7.95,5,0.0,0.9854685597927288,0.9908762282651203,0.0
160,8.0,0,0.0,0.9854185094411658,0.9908446582595363,0.0
160,8.0,1,0.0,0.9854185094411658,0.9908446582595363,0.0
160,8.0,2,0.0,0.9854185094411658,0.9908446582595363,0.0
160,8.0,3,0.0,0.9854185094411658,0.9908446582595363,0.0
160,8.0,4,0.0,0.9854185094411658,0.9908446582595363,0.0
160,8.0,5,0.0,0.9854185094411658,0.9908446582595363,0.0
161,8.05,0,0.0,0.9853681834905561,0.9908129134015136,0.0
161,8.05,1,0.0,0.9853681834905561,0.9908129134015136,0.0
161,8.05,2,0.0,0.9853681834905561,0.9908129134015136,0.0
161,8.05,3,0.0,0.9853681834905561,0.9908129134015136,0.0
161,8.05,4,0.0,0.9853681834905561,0.9908129134015136,0.0
161,8.05,5,0.0,0.9853681834905561,0.9908129134015136,0.0
162,8.1,0,0.0,0.9853175815994248,0.9907809934588375,0.0
162,8.1,1,0.0,0.9853175815994248,0.9907809934588375,0.0
162,8.1,2,0.0,0.9853175815994248,0.9907809934588375,0.0
162,8.1,3,0.0,0.9853175815994253,0.9907809934588377,0.0
162,8.1,4,0.0,0.9853175815994253,0.9907809934588377,0.0
162,8.1,5,0.0,0.9853175815994253,0.9907809934588377,0.0
163,8.15,0,0.0,0.98526670333086,0.9907488981389658,0.0
163,8.15,1,0.0,0.98526670333086,0.9907488981389658,0.0
163,8.15,2,0.0,0.98526670333086,0.9907488981389658,0.0
163,8.15,3,0.0,0.98526670333086,0.9907488981389658,0.0
163,8.15,4,0.0,0.98526670333086,0.9907488981389658,0.0
163,8.15,5,0.0,0.98526670333086,0.9907488981389658,0.0
164,8.200000000000001,0,0.0,0.9852155481567788,0.9907166270917095,0.0
164,8.200000000000001,1,0.0,0.9852155481567788,0.9907166270917095,0.0
164,8.200000000000001,2,0.0,0.9852155481567788,0.9907166270917095,0.0
164,8.200000000000001,3,0.0,0.9852155481567788,0.9907166270917095,0.0
164,8.200000000000001,4,0.0,0.9852155481567788,0.9907166270917095,0.0
164,8.200000000000001,5,0.0,0.9852155481567788,0.9907166270917095,0.0
165,8.25,0,0.0,0.9851641154619897,0.9906841799117855,0.0
165,8.25,1,0.0,0.9851641154619897,0.9906841799117855,0.0
165,8.25,2,0.0,0.9851641154619897,0.9906841799117855,0.0
165,8.25,3,0.0,0.9851641154619897,0.9906841799117855,0.0
165,8.25,4,0.0,0.9851641154619895,0.9906841799117854,0.0
165,8.25,5,0.0,0.9851641154619895,0.9906841799117854,0.0
166,8.3,0,0.0,0.9851124045480462,0.9906515561412386,0.0
166,8.3,1,0.0,0.9851124045480462,0.9906515561412386,0.0
166,8.3,2,0.0,0.9851124045480462,0.9906515561412386,0.0
166,8.3,3,0.0,0.9851124045480462,0.9906515561412386,0.0
166,8.3,4,0.0,0.9851124045480462,0.9906515561412386,0.0
166,8.3,5,0.0,0.9851124045480462,0.9906515561412386,0.0
167,8.35,0,0.0,0.9850604146369051,0.9906187552717399,0.0
167,8.35,1,0.0,0.9850604146369051,0.9906187552717399,0.0
167,8.35,2,0.0,0.9850604146369051,0.9906187552717399,0.0
167,8.35,3,0.0,0.9850604146369051,0.9906187552717399,0.0
167,8.35,4,0.0,0.9850604146369051,0.9906187552717399,0.0
167,8.35,5,0.0,0.9850604146369051,0.9906187552717399,0.0
168,8.4,0,0.0,0.9850081448744048,0.9905857767467722,0.0
168,8.4,1,0.0,0.9850081448744048,0.9905857767467722,0.0
168,8.4,2,0.0,0.9850081448744048,0.9905857767467722,0.0
168,8.4,3,0.0,0.9850081448744048,0.9905857767467722,0.0
168,8.4,4,0.0,0.9850081448744048,0.9905857767467722,0.0
168,8.4,5,0.0,0.9850081448744048,0.9905857767467722,0.0
169,8.450000000000001,0,0.0,0.9849555943335644,0.9905526199637026,0.0
169,8.450000000000001,1,0.0,0.9849555943335644,0.9905526199637026,0.0
169,8.450000000000001,2,0.0,0.9849555943335637,0.9905526199637023,0.0
169,8.450000000000001,3,0.0,0.9849555943335637,0.9905526199637023,0.0
169,8.450000000000001,4,0.0,0.9849555943335644,0.9905526199637026,0.0
169,8.450000000000001,5,0.0,0.9849555943335644,0.9905526199637026,0.0
170,8.5,0,0.0,0.9849027620177151,0.9905192842757499,0.0
170,8.5,1,0.0,0.9849027620177151,0.9905192842757499,0.0
170,8.5,2,0.0,0.9849027620177151,0.9905192842757499,0.0
170,8.5,3,0.0,0.9849027620177151,0.9905192842757499,0.0
170,8.5,4,0.0,0.9849027620177151,0.9905192842757499,0.0
170,8.5,5,0.0,0.9849027620177151,0.9905192842757499,0.0
171,8.55,0,0.0,0.984849646863482,0.9904857689938571,0.0
171,8.55,1,0.0,0.984849646863482,0.9904857689938571,0.0
171,8.55,2,0.0,0.984849646863482,0.9904857689938571,0.0
171,8.55,3,0.0,0.984849646863482,0.9904857689938571,0.0
171,8.55,4,0.0,0.984849646863482,0.9904857689938571,0.0
171,8.55,5,0.0,0.984849646863482,0.9904857689938571,0.0
172,8.6,0,0.0,0.9847962477436061,0.9904520733884641,0.0
172,8.6,1,0.0,0.9847962477436061,0.9904520733884641,0.0
172,8.6,2,0.0,0.9847962477436061,0.9904520733884641,0.0
172,8.6,3,0.0,0.9847962477436061,0.9904520733884641,0.0
172,8.6,4,0.0,0.9847962477436061,0.9904520733884641,0.0
172,8.6,5,0.0,0.9847962477436061,0.9904520733884641,0.0
173,8.65,0,0.0,0.9847425634696279,0.990418196691193,0.0
173,8.65,1,0.0,0.9847425634696279,0.990418196691193,0.0
173,8.65,2,0.0,0.9847425634696279,0.990418196691193,0.0
173,8.65,3,0.0,0.9847425634696279,0.990418196691193,0.0
173,8.65,4,0.0,0.9847425634696279,0.990418196691193,0.0
173,8.65,5,0.0,0.9847425634696279,0.9904181966911931,0.0
174,8.700000000000001,0,0.0,0.9846885927944371,0.9903841380964491,0.0
174,8.700000000000001,1,0.0,0.9846885927944371,0.9903841380964491,0.0
174,8.700000000000001,2,0.0,0.9846885927944371,0.9903841380964491,0.0
174,8.700000000000001,3,0.0,0.9846885927944373,0.9903841380964492,0.0
174,8.700000000000001,4,0.0,0.9846885927944373,0.9903841380964492,0.0
174,8.700000000000001,5,0.0,0.9846885927944373,0.9903841380964492,0.0
175,8.75,0,0.0,0.984634334414692,0.9903498967629395,0.0
175,8.75,1,0.0,0.984634334414692,0.9903498967629395,0.0
175,8.75,2,0.0,0.984634334414692,0.9903498967629395,0.0
175,8.75,3,0.0,0.984634334414692,0.9903498967629395,0.0
175,8.75,4,0.0,0.984634334414692,0.9903498967629395,0.0
175,8.75,5,0.0,0.984634334414692,0.9903498967629395,0.0
176,8.8,0,0.0,0.9845797869731168,0.990315471815116,0.0
176,8.8,1,0.0,0.9845797869731168,0.990315471815116,0.0
176,8.8,2,0.0,0.9845797869731168,0.990315471815116,0.0
176,8.8,3,0.0,0.9845797869731168,0.990315471815116,0.0
176,8.8,4,0.0,0.9845797869731168,0.990315471815116,0.0
176,8.8,5,0.0,0.9845797869731168,0.990315471815116,0.0
177,8.85,0,0.0,0.9845249490606867,0.9902808623445463,0.0
177,8.85,1,0.0,0.9845249490606867,0.9902808623445463,0.0
177,8.85,2,0.0,0.9845249490606867,0.9902808623445463,0.0
177,8.85,3,0.0,0.9845249490606867,0.9902808623445463,0.0
177,8.85,4,0.0,0.9845249490606864,0.9902808623445462,0.0
177,8.85,5,0.0,0.9845249490606864,0.9902808623445462,0.0
178,8.9,0,0.0,0.9844698192186991,0.9902460674112136,0.0
178,8.9,1,0.0,0.9844698192186991,0.9902460674112136,0.0
178,8.9,2,0.0,0.9844698192186991,0.9902460674112136,0.0
178,8.9,3,0.0,0.9844698192186991,0.9902460674112136,0.0
178,8.9,4,0.0,0.9844698192186994,0.9902460674112138,0.0
178,8.9,5,0.0,0.9844698192186994,0.9902460674112138,0.0
179,8.950000000000001,0,0.0,0.9844143959407468,0.9902110860447552,0.0
179,8.950000000000001,1,0.0,0.9844143959407468,0.9902110860447552,0.0
179,8.950000000000001,2,0.0,0.9844143959407465,0.9902110860447549,0.0
179,8.950000000000001,3,0.0,0.9844143959407465,0.9902110860447549,0.0
179,8.950000000000001,4,0.0,0.9844143959407468,0.9902110860447552,0.0
179,8.950000000000001,5,0.0,0.9844143959407468,0.9902110860447552,0.0
180,9.0,0,0.0,0.9843586776745863,0.990175917245634,0.0
180,9.0,1,0.0,0.9843586776745863,0.990175917245634,0.0
180,9.0,2,0.0,0.9843586776745863,0.990175917245634,0.0
180,9.0,3,0.0,0.9843586776745863,0.990175917245634,0.0
180,9.0,4,0.0,0.9843586776745863,0.990175917245634,0.0
180,9.0,5,0.0,0.9843586776745863,0.990175917245634,0.0
181,9.05,0,0.0,0.9843026628239209,0.9901405599862582,0.0
181,9.05,1,0.0,0.9843026628239209,0.9901405599862582,0.0
181,9.05,2,0.0,0.9843026628239209,0.9901405599862582,0.0
181,9.05,3,0.0,0.9843026628239209,0.9901405599862582,0.0
181,9.05,4,0.0,0.9843026628239209,0.9901405599862582,0.0
181,9.05,5,0.0,0.9843026628239211,0.9901405599862584,0.0
182,9.1,0,0.0,0.9842463497500895,0.9901050132120389,0.0
182,9.1,1,0.0,0.9842463497500895,0.9901050132120389,0.0
182,9.1,2,0.0,0.9842463497500895,0.9901050132120389,0.0
182,9.1,3,0.0,0.9842463497500895,0.9901050132120389,0.0
182,9.1,4,0.0,0.9842463497500895,0.9901050132120389,0.0
182,9.1,5,0.0,0.9842463497500895,0.9901050132120389,0.0
183,9.15,0,0.0,0.9841897367736758,0.9900692758424002,0.0
183,9.15,1,0.0,0.9841897367736758,0.9900692758424002,0.0
183,9.15,2,0.0,0.9841897367736758,0.9900692758424002,0.0
183,9.15,3,0.0,0.9841897367736758,0.9900692758424002,0.0
183,9.15,4,0.0,0.9841897367736758,0.9900692758424002,0.0
183,9.15,5,0.0,0.9841897367736758,0.9900692758424001,0.0
184,9.200000000000001,0,0.0,0.9841328221760395,0.9900333467717385,0.0
184,9.200000000000001,1,0.0,0.9841328221760395,0.9900333467717385,0.0
184,9.200000000000001,2,0.0,0.9841328221760395,0.9900333467717385,0.0
184,9.200000000000001,3,0.0,0.9841328221760395,0.9900333467717385,0.0
184,9.200000000000001,4,0.0,0.9841328221760395,0.9900333467717385,0.0
184,9.200000000000001,5,0.0,0.9841328221760395,0.9900333467717385,0.0
185,9.25,0,0.0,0.9840756042007712,0.9899972248703346,0.0
185,9.25,1,0.0,0.9840756042007712,0.9899972248703346,0.0
185,9.25,2,0.0,0.9840756042007712,0.9899972248703346,0.0
185,9.25,3,0.0,0.9840756042007712,0.9899972248703346,0.0
185,9.25,4,0.0,0.9840756042007712,0.9899972248703346,0.0
185,9.25,5,0.0,0.9840756042007712,0.9899972248703346,0.0
186,9.3,0,0.0,0.9840180810550774,0.9899609089852218,0.0
186,9.3,1,0.0,0.9840180810550774,0.9899609089852218,0.0
186,9.3,2,0.0,0.9840180810550774,0.9899609089852218,0.0
186,9.3,3,0.0,0.9840180810550774,0.9899609089852218,0.0
186,9.3,4,0.0,0.9840180810550774,0.9899609089852218,0.0
186,9.3,5,0.0,0.9840180810550778,0.989960908985222,0.0
187,9.35,0,0.0,0.9839602509111038,0.9899243979410143,0.0
187,9.35,1,0.0,0.9839602509111038,0.9899243979410143,0.0
187,9.35,2,0.0,0.9839602509111038,0.9899243979410143,0.0
187,9.35,3,0.0,0.9839602509111038,0.9899243979410143,0.0
187,9.35,4,0.0,0.9839602509111038,0.9899243979410143,0.0
187,9.35,5,0.0,0.9839602509111036,0.9899243979410142,0.0
188,9.4,0,0.0,0.9839021119071893,0.9898876905406929,0.0
188,9.4,1,0.0,0.9839021119071893,0.9898876905406929,0.0
188,9.4,2,0.0,0.9839021119071898,0.9898876905406931,0.0
188,9.4,3,0.0,0.9839021119071893,0.9898876905406929,0.0
188,9.4,4,0.0,0.9839021119071893,0.9898876905406929,0.0
188,9.4,5,0.0,0.9839021119071893,0.9898876905406929,0.0
189,9.450000000000001,0,0.0,0.9838436621490698,0.9898507855663586,0.0
189,9.450000000000001,1,0.0,0.9838436621490698,0.9898507855663586,0.0
189,9.450000000000001,2,0.0,0.9838436621490698,0.9898507855663586,0.0
189,9.450000000000001,3,0.0,0.9838436621490698,0.9898507855663586,0.0
189,9.450000000000001,4,0.0,0.9838436621490698,0.9898507855663586,0.0
189,9.450000000000001,5,0.0,0.9838436621490698,0.9898507855663586,0.0
190,9.5,0,0.0,0.9837848997110186,0.9898136817799464,0.0
190,9.5,1,0.0,0.9837848997110186,0.9898136817799464,0.0
190,9.5,2,0.0,0.9837848997110186,0.9898136817799464,0.0
190,9.5,3,0.0,0.9837848997110186,0.9898136817799464,0.0
190,9.5,4,0.0,0.9837848997110186,0.9898136817799464,0.0
190,9.5,5,0.0,0.9837848997110186,0.9898136817799464,0.0
191,9.55,0,0.0,0.9837258226369425,0.9897763779239117,0.0
191,9.55,1,0.0,0.9837258226369425,0.9897763779239117,0.0
191,9.55,2,0.0,0.9837258226369425,0.9897763779239117,0.0
191,9.55,3,0.0,0.9837258226369425,0.9897763779239117,0.0
191,9.55,4,0.0,0.9837258226369425,0.9897763779239117,0.0
191,9.55,5,0.0,0.9837258226369425,0.9897763779239117,0.0
192,9.600000000000001,0,0.0,0.9836664289414241,0.9897388727218811,0.0
192,9.600000000000001,1,0.0,0.9836664289414241,0.9897388727218811,0.0
192,9.600000000000001,2,0.0,0.9836664289414241,0.9897388727218811,0.0
192,9.600000000000001,3,0.0,0.9836664289414241,0.9897388727218811,0.0
192,9.600000000000001,4,0.0,0.9836664289414241,0.9897388727218811,0.0
192,9.600000000000001,5,0.0,0.9836664289414243,0.9897388727218813,0.0
193,9.65,0,0.0,0.9836067166107225,0.9897011648792797,0.0
193,9.65,1,0.0,0.9836067166107225,0.9897011648792797,0.0
193,9.65,2,0.0,0.9836067166107225,0.9897011648792797,0.0
193,9.65,3,0.0,0.9836067166107225,0.9897011648792797,0.0
193,9.65,4,0.0,0.9836067166107225,0.9897011648792797,0.0
193,9.65,5,0.0,0.9836067166107225,0.9897011648792797,0.0
194,9.700000000000001,0,0.0,0.9835466836037285,0.9896632530839268,0.0
194,9.700000000000001,1,0.0,0.9835466836037285,0.9896632530839268,0.0
194,9.700000000000001,2,0.0,0.9835466836037285,0.9896632530839268,0.0
194,9.700000000000001,3,0.0,0.9835466836037285,0.9896632530839268,0.0
194,9.700000000000001,4,0.0,0.9835466836037285,0.9896632530839268,0.0
194,9.700000000000001,5,0.0,0.9835466836037285,0.9896632530839268,0.0
195,9.75,0,0.0,0.9834863278528807,0.9896251360066097,0.0
195,9.75,1,0.0,0.9834863278528807,0.9896251360066097,0.0
195,9.75,2,0.0,0.9834863278528807,0.9896251360066097,0.0
195,9.75,3,0.0,0.9834863278528807,0.9896251360066097,0.0
195,9.75,4,0.0,0.9834863278528807,0.9896251360066097,0.0
195,9.75,5,0.0,0.9834863278528807,0.9896251360066097,0.0
196,9.8,0,0.0,0.9834256472650478,0.9895868123016341,0.0
196,9.8,1,0.0,0.9834256472650478,0.9895868123016341,0.0
196,9.8,2,0.0,0.9834256472650478,0.9895868123016341,0.0
196,9.8,3,0.0,0.9834256472650478,0.9895868123016341,0.0
196,9.8,4,0.0,0.9834256472650478,0.9895868123016341,0.0
196,9.8,5,0.0,0.9834256472650476,0.989586812301634,0.0
197,9.850000000000001,0,0.0,0.9833646397223716,0.9895482806073509,0.0
197,9.850000000000001,1,0.0,0.9833646397223716,0.9895482806073509,0.0
197,9.850000000000001,2,0.0,0.9833646397223716,0.9895482806073509,0.0
197,9.850000000000001,3,0.0,0.9833646397223716,0.9895482806073509,0.0
197,9.850000000000001,4,0.0,0.9833646397223714,0.9895482806073508,0.0
197,9.850000000000001,5,0.0,0.9833646397223716,0.9895482806073509,0.0
198,9.9,0,0.0,0.9833033030830818,0.9895095395466645,0.0
198,9.9,1,0.0,0.9833033030830818,0.9895095395466645,0.0
198,9.9,2,0.0,0.9833033030830818,0.9895095395466645,0.0
198,9.9,3,0.0,0.9833033030830813,0.9895095395466643,0.0
198,9.9,4,0.0,0.9833033030830818,0.9895095395466645,0.0
198,9.9,5,0.0,0.9833033030830818,0.9895095395466645,0.0
199,9.950000000000001,0,0.0,0.9832416351822781,0.9894705877275219,0.0
199,9.950000000000001,1,0.0,0.9832416351822781,0.9894705877275219,0.0
199,9.950000000000001,2,0.0,0.9832416351822781,0.9894705877275219,0.0
199,9.950000000000001,3,0.0,0.9832416351822781,0.9894705877275219,0.0
199,9.950000000000001,4,0.0,0.9832416351822781,0.9894705877275219,0.0
199,9.950000000000001,5,0.0,0.9832416351822781,0.9894705877275219,0.0
200,10.0,0,0.0,0.9831796338326886,0.9894314237433844,0.0
200,10.0,1,0.0,0.9831796338326886,0.9894314237433844,0.0
200,10.0,2,0.0,0.9831796338326888,0.9894314237433846,0.0
200,10.0,3,0.0,0.9831796338326886,0.9894314237433844,0.0
200,10.0,4,0.0,0.9831796338326886,0.9894314237433844,0.0
200,10.0,5,0.0,0.9831796338326888,0.9894314237433846,0.0
201,10.05,0,0.0,0.9831172968254003,0.9893920461736845,0.0
201,10.05,1,0.0,0.9831172968254003,0.9893920461736845,0.0
201,10.05,2,0.0,0.9831172968254003,0.9893920461736845,0.0
201,10.05,3,0.0,0.9831172968254003,0.9893920461736845,0.0
201,10.05,4,0.0,0.9831172968254003,0.9893920461736845,0.0
201,10.05,5,0.0,0.9831172968254003,0.9893920461736845,0.0
202,10.100000000000001,0,0.0,0.9830546219305669,0.9893524535842667,0.0
202,10.100000000000001,1,0.0,0.9830546219305669,0.9893524535842667,0.0
202,10.100000000000001,2,0.0,0.9830546219305669,0.9893524535842667,0.0
202,10.100000000000001,3,0.0,0.9830546219305669,0.9893524535842667,0.0
202,10.100000000000001,4,0.0,0.9830546219305669,0.9893524535842667,0.0
202,10.100000000000001,5,0.0,0.9830546219305669,0.9893524535842667,0.0
203,10.15,0,0.0,0.982991606898098,0.9893126445278168,0.0
203,10.15,1,0.0,0.982991606898098,0.9893126445278168,0.0
203,10.15,2,0.0,0.982991606898098,0.9893126445278168,0.0
203,10.15,3,0.0,0.982991606898098,0.9893126445278168,0.0
203,10.15,4,0.0,0.982991606898098,0.9893126445278168,0.0
203,10.15,5,0.0,0.982991606898098,0.9893126445278168,0.0
204,10.200000000000001,0,0.0,0.9829282494583258,0.989272617544278,0.0
204,10.200000000000001,1,0.0,0.9829282494583258,0.989272617544278,0.0
204,10.200000000000001,2,0.0,0.9829282494583262,0.9892726175442782,0.0
204,10.200000000000001,3,0.0,0.9829282494583262,0.9892726175442782,0.0
204,10.200000000000001,4,0.0,0.9829282494583262,0.9892726175442782,0.0
204,10.200000000000001,5,0.0,0.9829282494583258,0.989272617544278,0.0
205,10.25,0,0.0,0.9828645473226587,0.9892323711612573,0.0
205,10.25,1,0.0,0.9828645473226587,0.9892323711612573,0.0
205,10.25,2,0.0,0.9828645473226587,0.9892323711612573,0.0
205,10.25,3,0.0,0.9828645473226587,0.9892323711612573,0.0
205,10.25,4,0.0,0.9828645473226587,0.9892323711612573,0.0
205,10.25,5,0.0,0.9828645473226587,0.9892323711612572,0.0
206,10.3,0,0.0,0.9828004981842156,0.989191903894421,0.0
206,10.3,1,0.0,0.9828004981842156,0.989191903894421,0.0
206,10.3,2,0.0,0.9828004981842156,0.989191903894421,0.0
206,10.3,3,0.0,0.9828004981842156,0.989191903894421,0.0
206,10.3,4,0.0,0.9828004981842156,0.989191903894421,0.0
206,10.3,5,0.0,0.9828004981842158,0.9891919038944211,0.0
207,10.350000000000001,0,0.0,0.9827360997184507,0.989151214247884,0.0
207,10.350000000000001,1,0.0,0.9827360997184507,0.989151214247884,0.0
207,10.350000000000001,2,0.0,0.9827360997184507,0.989151214247884,0.0
207,10.350000000000001,3,0.0,0.9827360997184507,0.989151214247884,0.0
207,10.350000000000001,4,0.0,0.9827360997184507,0.989151214247884,0.0
207,10.350000000000001,5,0.0,0.9827360997184507,0.989151214247884,0.0
208,10.4,0,0.0,0.9826713495837638,0.989110300714589,0.0
208,10.4,1,0.0,0.9826713495837638,0.989110300714589,0.0
208,10.4,2,0.0,0.9826713495837638,0.989110300714589,0.0
208,10.4,3,0.0,0.9826713495837638,0.9891103007145889,0.0
208,10.4,4,0.0,0.9826713495837638,0.9891103007145889,0.0
208,10.4,5,0.0,0.9826713495837638,0.9891103007145889,0.0
209,10.450000000000001,0,0.0,0.9826062454221023,0.9890691617766817,0.0
209,10.450000000000001,1,0.0,0.9826062454221023,0.9890691617766817,0.0
209,10.450000000000001,2,0.0,0.9826062454221023,0.9890691617766817,0.0
209,10.450000000000001,3,0.0,0.9826062454221023,0.9890691617766817,0.0
209,10.450000000000001,4,0.0,0.9826062454221023,0.9890691617766817,0.0
209,10.450000000000001,5,0.0,0.9826062454221023,0.9890691617766817,0.0
210,10.5,0,0.0,0.9825407848595535,0.9890277959058794,0.0
210,10.5,1,0.0,0.9825407848595535,0.9890277959058794,0.0
210,10.5,2,0.0,0.9825407848595535,0.9890277959058794,0.0
210,10.5,3,0.0,0.9825407848595535,0.9890277959058794,0.0
210,10.5,4,0.0,0.9825407848595535,0.9890277959058794,0.0
210,10.5,5,0.0,0.9825407848595535,0.9890277959058794,0.0
211,10.55,0,0.0,0.9824749655069327,0.9889862015638368,0.0
211,10.55,1,0.0,0.9824749655069327,0.9889862015638368,0.0
211,10.55,2,0.0,0.9824749655069325,0.9889862015638365,0.0
211,10.55,3,0.0,0.9824749655069325,0.9889862015638365,0.0
211,10.55,4,0.0,0.9824749655069325,0.9889862015638365,0.0
211,10.55,5,0.0,0.9824749655069325,0.9889862015638365,0.0
212,10.600000000000001,0,0.0,0.9824087849603624,0.9889443772025063,0.0
212,10.600000000000001,1,0.0,0.9824087849603624,0.9889443772025063,0.0
212,10.600000000000001,2,0.0,0.9824087849603624,0.9889443772025063,0.0
212,10.600000000000001,3,0.0,0.9824087849603624,0.9889443772025063,0.0
212,10.600000000000001,4,0.0,0.9824087849603631,0.9889443772025066,0.0
212,10.600000000000001,5,0.0,0.9824087849603631,0.9889443772025066,0.0
213,10.65,0,0.0,0.9823422408018536,0.9889023212645003,0.0
213,10.65,1,0.0,0.9823422408018536,0.9889023212645003,0.0
213,10.65,2,0.0,0.9823422408018536,0.9889023212645003,0.0
213,10.65,3,0.0,0.9823422408018538,0.9889023212645004,0.0
213,10.65,4,0.0,0.9823422408018538,0.9889023212645004,0.0
213,10.65,5,0.0,0.9823422408018538,0.9889023212645004,0.0
214,10.700000000000001,0,0.0,0.9822753305998762,0.9888600321834456,0.0
214,10.700000000000001,1,0.0,0.9822753305998762,0.9888600321834456,0.0
214,10.700000000000001,2,0.0,0.9822753305998762,0.9888600321834456,0.0
214,10.700000000000001,3,0.0,0.9822753305998762,0.9888600321834456,0.0
214,10.700000000000001,4,0.0,0.9822753305998762,0.9888600321834456,0.0
214,10.700000000000001,5,0.0,0.9822753305998762,0.9888600321834456,0.0
215,10.75,0,0.0,0.9822080519099388,0.9888175083843446,0.0
215,10.75,1,0.0,0.9822080519099388,0.9888175083843446,0.0
215,10.75,2,0.0,0.9822080519099388,0.9888175083843446,0.0
215,10.75,3,0.0,0.9822080519099388,0.9888175083843446,0.0
215,10.75,4,0.0,0.9822080519099388,0.9888175083843446,0.0
215,10.75,5,0.0,0.9822080519099388,0.9888175083843446,0.0
216,10.8,0,0.0,0.9821404022751612,0.9887747482839312,0.0
216,10.8,1,0.0,0.9821404022751612,0.9887747482839312,0.0
216,10.8,2,0.0,0.9821404022751612,0.9887747482839312,0.0
216,10.8,3,0.0,0.9821404022751612,0.9887747482839312,0.0
216,10.8,4,0.0,0.9821404022751612,0.9887747482839312,0.0
216,10.8,5,0.0,0.9821404022751612,0.9887747482839312,0.0
217,10.850000000000001,0,0.0,0.9820723792268575,0.9887317502910341,0.0
217,10.850000000000001,1,0.0,0.9820723792268575,0.9887317502910341,0.0
217,10.850000000000001,2,0.0,0.9820723792268575,0.9887317502910341,0.0
217,10.850000000000001,3,0.0,0.9820723792268575,0.9887317502910341,0.0
217,10.850000000000001,4,0.0,0.9820723792268571,0.9887317502910339,0.0
217,10.850000000000001,5,0.0,0.9820723792268575,0.9887317502910341,0.0
218,10.9,0,0.0,0.9820039802851108,0.9886885128069348,0.0
218,10.9,1,0.0,0.9820039802851108,0.9886885128069348,0.0
218,10.9,2,0.0,0.9820039802851108,0.9886885128069348,0.0
218,10.9,3,0.0,0.9820039802851108,0.9886885128069348,0.0
218,10.9,4,0.0,0.9820039802851108,0.9886885128069348,0.0
218,10.9,5,0.0,0.9820039802851108,0.9886885128069348,0.0
219,10.950000000000001,0,0.0,0.9819352029593673,0.9886450342257372,0.0
219,10.950000000000001,1,0.0,0.9819352029593673,0.9886450342257372,0.0
219,10.950000000000001,2,0.0,0.9819352029593673,0.9886450342257372,0.0
219,10.950000000000001,3,0.0,0.9819352029593673,0.9886450342257372,0.0
219,10.950000000000001,4,0.0,0.9819352029593673,0.9886450342257372,0.0
219,10.950000000000001,5,0.0,0.9819352029593673,0.9886450342257372,0.0
220,11.0,0,0.0,0.9818660447490266,0.9886013129347356,0.0
220,11.0,1,0.0,0.9818660447490266,0.9886013129347356,0.0
220,11.0,2,0.0,0.9818660447490266,0.9886013129347356,0.0
220,11.0,3,0.0,0.9818660447490266,0.9886013129347356,0.0
220,11.0,4,0.0,0.9818660447490266,0.9886013129347356,0.0
220,11.0,5,0.0,0.9818660447490266,0.9886013129347356,0.0
221,11.05,0,0.0,0.9817965031440434,0.98855734731479,0.0
221,11.05,1,0.0,0.9817965031440434,0.98855734731479,0.0
221,11.05,2,0.0,0.9817965031440434,0.98855734731479,0.0
221,11.05,3,0.0,0.9817965031440434,0.98855734731479,0.0
221,11.05,4,0.0,0.9817965031440434,0.98855734731479,0.0
221,11.05,5,0.0,0.9817965031440434,0.98855734731479,0.0
222,11.100000000000001,0,0.0,0.9817265756255382,0.9885131357407057,0.0
222,11.100000000000001,1,0.0,0.9817265756255382,0.9885131357407057,0.0
222,11.100000000000001,2,0.0,0.9817265756255382,0.9885131357407057,0.0
222,11.100000000000001,3,0.0,0.9817265756255382,0.9885131357407057,0.0
222,11.100000000000001,4,0.0,0.9817265756255382,0.9885131357407057,0.0
222,11.100000000000001,5,0.0,0.9817265756255387,0.9885131357407059,0.0
223,11.15,0,0.0,0.9816562596664209,0.9884686765816234,0.0
223,11.15,1,0.0,0.9816562596664209,0.9884686765816234,0.0
223,11.15,2,0.0,0.9816562596664209,0.9884686765816234,0.0
223,11.15,3,0.0,0.9816562596664209,0.9884686765816234,0.0
223,11.15,4,0.0,0.9816562596664209,0.9884686765816234,0.0
223,11.15,5,0.0,0.9816562596664209,0.9884686765816234,0.0
224,11.200000000000001,0,0.0,0.981585552732021,0.9884239682014121,0.0
224,11.200000000000001,1,0.0,0.981585552732021,0.9884239682014121,0.0
224,11.200000000000001,2,0.0,0.981585552732021,0.9884239682014121,0.0
224,11.200000000000001,3,0.0,0.981585552732021,0.9884239682014121,0.0
224,11.200000000000001,4,0.0,0.981585552732021,0.9884239682014121,0.0
224,11.200000000000001,5,0.0,0.981585552732021,0.9884239682014121,0.0
225,11.25,0,0.0,0.9815144522807384,0.9883790089590748,0.0
225,11.25,1,0.0,0.9815144522807384,0.9883790089590748,0.0
225,11.25,2,0.0,0.9815144522807384,0.9883790089590748,0.0
225,11.25,3,0.0,0.9815144522807384,0.9883790089590748,0.0
225,11.25,4,0.0,0.9815144522807384,0.9883790089590748,0.0
225,11.25,5,0.0,0.9815144522807384,0.9883790089590748,0.0
226,11.3,0,0.0,0.9814429557647029,0.9883337972091608,0.0
226,11.3,1,0.0,0.9814429557647029,0.9883337972091608,0.0
226,11.3,2,0.0,0.9814429557647029,0.9883337972091608,0.0
226,11.3,3,0.0,0.9814429557647029,0.9883337972091608,0.0
226,11.3,4,0.0,0.9814429557647026,0.9883337972091607,0.0
226,11.3,5,0.0,0.9814429557647029,0.9883337972091608,0.0
227,11.350000000000001,0,0.0,0.9813710606304544,0.9882883313021903,0.0
227,11.350000000000001,1,0.0,0.9813710606304544,0.9882883313021903,0.0
227,11.350000000000001,2,0.0,0.9813710606304544,0.9882883313021903,0.0
227,11.350000000000001,3,0.0,0.9813710606304544,0.9882883313021903,0.0
227,11.350000000000001,4,0.0,0.9813710606304544,0.9882883313021903,0.0
227,11.350000000000001,5,0.0,0.9813710606304544,0.9882883313021903,0.0
228,11.4,0,0.0,0.9812987643196363,0.9882426095850882,0.0
228,11.4,1,0.0,0.9812987643196363,0.9882426095850882,0.0
228,11.4,2,0.0,0.9812987643196363,0.9882426095850882,0.0
228,11.4,3,0.0,0.9812987643196363,0.9882426095850882,0.0
228,11.4,4,0.0,0.9812987643196363,0.9882426095850882,0.0
228,11.4,5,0.0,0.9812987643196363,0.9882426095850882,0.0
229,11.450000000000001,0,0.0,0.9812260642697146,0.9881966304016337,0.0
229,11.450000000000001,1,0.0,0.9812260642697146,0.9881966304016337,0.0
229,11.450000000000001,2,0.0,0.9812260642697146,0.9881966304016337,0.0
229,11.450000000000001,3,0.0,0.9812260642697146,0.9881966304016337,0.0
229,11.450000000000001,4,0.0,0.9812260642697146,0.9881966304016337,0.0
229,11.450000000000001,5,0.0,0.9812260642697146,0.9881966304016337,0.0
230,11.5,0,0.0,0.9811529579147098,0.9881503920929178,0.0
230,11.5,1,0.0,0.9811529579147098,0.9881503920929178,0.0
230,11.5,2,0.0,0.9811529579147098,0.9881503920929178,0.0
230,11.5,3,0.0,0.9811529579147098,0.9881503920929178,0.0
230,11.5,4,0.0,0.9811529579147098,0.9881503920929178,0.0
230,11.5,5,0.0,0.9811529579147098,0.9881503920929178,0.0
231,11.55,0,0.0,0.9810794426859579,0.98810389299782,0.0
231,11.55,1,0.0,0.9810794426859579,0.98810389299782,0.0
231,11.55,2,0.0,0.9810794426859579,0.98810389299782,0.0
231,11.55,3,0.0,0.9810794426859579,0.98810389299782,0.0
231,11.55,4,0.0,0.9810794426859579,0.98810389299782,0.0
231,11.55,5,0.0,0.9810794426859579,0.98810389299782,0.0
232,11.600000000000001,0,0.0,0.9810055160128917,0.9880571314534977,0.0
232,11.600000000000001,1,0.0,0.9810055160128917,0.9880571314534977,0.0
232,11.600000000000001,2,0.0,0.9810055160128917,0.9880571314534977,0.0
232,11.600000000000001,3,0.0,0.9810055160128917,0.9880571314534977,0.0
232,11.600000000000001,4,0.0,0.9810055160128917,0.9880571314534977,0.0
232,11.600000000000001,5,0.0,0.9810055160128917,0.9880571314534977,0.0
233,11.65,0,0.0,0.9809311753238459,0.9880101057958908,0.0
233,11.65,1,0.0,0.9809311753238459,0.9880101057958908,0.0
233,11.65,2,0.0,0.9809311753238459,0.9880101057958908,0.0
233,11.65,3,0.0,0.9809311753238459,0.9880101057958908,0.0
233,11.65,4,0.0,0.9809311753238459,0.9880101057958908,0.0
233,11.65,5,0.0,0.9809311753238459,0.9880101057958908,0.0
234,11.700000000000001,0,0.0,0.9808564180468928,0.987962814360245,0.0
234,11.700000000000001,1,0.0,0.9808564180468928,0.987962814360245,0.0
234,11.700000000000001,2,0.0,0.9808564180468928,0.987962814360245,0.0
234,11.700000000000001,3,0.0,0.9808564180468928,0.987962814360245,0.0
234,11.700000000000001,4,0.0,0.9808564180468928,0.987962814360245,0.0
234,11.700000000000001,5,0.0,0.9808564180468928,0.987962814360245,0.0
235,11.75,0,0.0,0.980781241610704,0.9879152554816532,0.0
235,11.75,1,0.0,0.980781241610704,0.9879152554816532,0.0
235,11.75,2,0.0,0.9807812416107036,0.9879152554816528,0.0
235,11.75,3,0.0,0.9807812416107038,0.9879152554816529,0.0
235,11.75,4,0.0,0.980781241610704,0.9879152554816532,0.0
235,11.75,5,0.0,0.9807812416107038,0.9879152554816529,0.0
236,11.8,0,0.0,0.980705643445442,0.9878674274956142,0.0
236,11.8,1,0.0,0.980705643445442,0.9878674274956142,0.0
236,11.8,2,0.0,0.980705643445442,0.9878674274956142,0.0
236,11.8,3,0.0,0.980705643445442,0.9878674274956142,0.0
236,11.8,4,0.0,0.980705643445442,0.9878674274956142,0.0
236,11.8,5,0.0,0.980705643445442,0.9878674274956141,0.0
237,11.850000000000001,0,0.0,0.9806296209836862,0.9878193287386149,0.0
237,11.850000000000001,1,0.0,0.9806296209836862,0.9878193287386149,0.0
237,11.850000000000001,2,0.0,0.9806296209836862,0.9878193287386149,0.0
237,11.850000000000001,3,0.0,0.9806296209836862,0.9878193287386149,0.0
237,11.850000000000001,4,0.0,0.9806296209836862,0.9878193287386149,0.0
237,11.850000000000001,5,0.0,0.9806296209836862,0.9878193287386149,0.0
238,11.9,0,0.0,0.9805531716613884,0.9877709575487302,0.0
238,11.9,1,0.0,0.9805531716613884,0.9877709575487302,0.0
238,11.9,2,0.0,0.9805531716613887,0.9877709575487305,0.0
238,11.9,3,0.0,0.9805531716613884,0.9877709575487302,0.0
238,11.9,4,0.0,0.9805531716613884,0.9877709575487302,0.0
238,11.9,5,0.0,0.9805531716613884,0.9877709575487302,0.0
239,11.950000000000001,0,0.0,0.9804762929188677,0.9877223122662485,0.0
239,11.950000000000001,1,0.0,0.9804762929188677,0.9877223122662485,0.0
239,11.950000000000001,2,0.0,0.9804762929188677,0.9877223122662485,0.0
239,11.950000000000001,3,0.0,0.9804762929188677,0.9877223122662485,0.0
239,11.950000000000001,4,0.0,0.9804762929188677,0.9877223122662485,0.0
239,11.950000000000001,5,0.0,0.9804762929188677,0.9877223122662485,0.0
240,12.0,0,0.0,0.9803989822018393,0.9876733912343184,0.0
240,12.0,1,0.0,0.9803989822018393,0.9876733912343184,0.0
240,12.0,2,0.0,0.9803989822018393,0.9876733912343184,0.0
240,12.0,3,0.0,0.9803989822018393,0.9876733912343184,0.0
240,12.0,4,0.0,0.9803989822018393,0.9876733912343184,0.0
240,12.0,5,0.0,0.9803989822018395,0.9876733912343186,0.0
241,12.05,0,0.0,0.9803212369624863,0.9876241927996235,0.0
241,12.05,1,0.0,0.9803212369624863,0.9876241927996235,0.0
241,12.05,2,0.0,0.9803212369624863,0.9876241927996235,0.0
241,12.05,3,0.0,0.9803212369624863,0.9876241927996235,0.0
241,12.05,4,0.0,0.9803212369624863,0.9876241927996235,0.0
241,12.05,5,0.0,0.9803212369624863,0.9876241927996235,0.0
242,12.100000000000001,0,0.0,0.9802430546605678,0.9875747153130794,0.0
242,12.100000000000001,1,0.0,0.9802430546605678,0.9875747153130794,0.0
242,12.100000000000001,2,0.0,0.9802430546605678,0.9875747153130794,0.0
242,12.100000000000001,3,0.0,0.9802430546605678,0.9875747153130794,0.0
242,12.100000000000001,4,0.0,0.9802430546605678,0.9875747153130794,0.0
242,12.100000000000001,5,0.0,0.9802430546605678,0.9875747153130794,0.0
243,12.15,0,0.0,0.9801644327645767,0.9875249571305632,0.0
243,12.15,1,0.0,0.9801644327645767,0.9875249571305632,0.0
243,12.15,2,0.0,0.9801644327645767,0.9875249571305632,0.0
243,12.15,3,0.0,0.9801644327645767,0.9875249571305632,0.0
243,12.15,4,0.0,0.9801644327645767,0.9875249571305632,0.0
243,12.15,5,0.0,0.9801644327645767,0.9875249571305632,0.0
244,12.200000000000001,0,0.0,0.9800853687529354,0.9874749166136674,0.0
244,12.200000000000001,1,0.0,0.9800853687529354,0.9874749166136674,0.0
244,12.200000000000001,2,0.0,0.9800853687529354,0.9874749166136674,0.0
244,12.200000000000001,3,0.0,0.9800853687529354,0.9874749166136674,0.0
244,12.200000000000001,4,0.0,0.9800853687529354,0.9874749166136674,0.0
244,12.200000000000001,5,0.0,0.9800853687529354,0.9874749166136673,0.0
245,12.25,0,0.0,0.9800058601152459,0.9874245921304864,0.0
245,12.25,1,0.0,0.9800058601152459,0.9874245921304864,0.0
245,12.25,2,0.0,0.9800058601152459,0.9874245921304864,0.0
245,12.25,3,0.0,0.9800058601152459,0.9874245921304864,0.0
245,12.25,4,0.0,0.9800058601152459,0.9874245921304864,0.0
245,12.25,5,0.0,0.9800058601152459,0.9874245921304864,0.0
246,12.3,0,0.0,0.9799259043535866,0.987373982056436,0.0
246,12.3,1,0.0,0.9799259043535866,0.987373982056436,0.0
246,12.3,2,0.0,0.9799259043535866,0.987373982056436,0.0
246,12.3,3,0.0,0.9799259043535864,0.9873739820564359,0.0
246,12.3,4,0.0,0.9799259043535864,0.9873739820564359,0.0
246,12.3,5,0.0,0.9799259043535864,0.9873739820564359,0.0
247,12.350000000000001,0,0.0,0.9798454989838612,0.9873230847751037,0.0
247,12.350000000000001,1,0.0,0.9798454989838612,0.9873230847751037,0.0
247,12.350000000000001,2,0.0,0.9798454989838612,0.9873230847751037,0.0
247,12.350000000000001,3,0.0,0.9798454989838612,0.9873230847751037,0.0
247,12.350000000000001,4,0.0,0.9798454989838612,0.9873230847751037,0.0
247,12.350000000000001,5,0.0,0.9798454989838612,0.9873230847751037,0.0
248,12.4,0,0.0,0.9797646415372039,0.9872718986791353,0.0
248,12.4,1,0.0,0.9797646415372039,0.9872718986791353,0.0
248,12.4,2,0.0,0.9797646415372039,0.9872718986791353,0.0
248,12.4,3,0.0,0.9797646415372039,0.9872718986791353,0.0
248,12.4,4,0.0,0.9797646415372039,0.9872718986791353,0.0
248,12.4,5,0.0,0.9797646415372039,0.9872718986791353,0.0
249,12.450000000000001,0,0.0,0.9796833295614433,0.9872204221711604,0.0
249,12.450000000000001,1,0.0,0.9796833295614433,0.9872204221711604,0.0
249,12.450000000000001,2,0.0,0.9796833295614433,0.9872204221711604,0.0
249,12.450000000000001,3,0.0,0.9796833295614433,0.9872204221711604,0.0
249,12.450000000000001,4,0.0,0.9796833295614433,0.9872204221711604,0.0
249,12.450000000000001,5,0.0,0.9796833295614433,0.9872204221711604,0.0
250,12.5,0,0.0,0.979601560622622,0.9871686536647513,0.0
250,12.5,1,0.0,0.979601560622622,0.9871686536647513,0.0
250,12.5,2,0.0,0.9796015606226223,0.9871686536647514,0.0
250,12.5,3,0.0,0.979601560622622,0.9871686536647513,0.0
250,12.5,4,0.0,0.979601560622622,0.9871686536647513,0.0
250,12.5,5,0.0,0.9796015606226223,0.9871686536647514,0.0
251,12.55,0,0.0,0.979519332306586,0.987116591585428,0.0
251,12.55,1,0.0,0.979519332306586,0.987116591585428,0.0
251,12.55,2,0.0,0.979519332306586,0.987116591585428,0.0
251,12.55,3,0.0,0.979519332306586,0.987116591585428,0.0
251,12.55,4,0.0,0.979519332306586,0.987116591585428,0.0
251,12.55,5,0.0,0.979519332306586,0.987116591585428,0.0
252,12.600000000000001,0,0.0,0.9794366422206344,0.9870642343717013,0.0
252,12.600000000000001,1,0.0,0.9794366422206344,0.9870642343717013,0.0
252,12.600000000000001,2,0.0,0.9794366422206344,0.9870642343717013,0.0
252,12.600000000000001,3,0.0,0.9794366422206344,0.9870642343717013,0.0
252,12.600000000000001,4,0.0,0.9794366422206344,0.9870642343717013,0.0
252,12.600000000000001,5,0.0,0.9794366422206344,0.9870642343717013,0.0
253,12.65,0,0.0,0.9793534879952406,0.9870115804761617,0.0
253,12.65,1,0.0,0.9793534879952406,0.9870115804761617,0.0
253,12.65,2,0.0,0.9793534879952406,0.9870115804761617,0.0
253,12.65,3,0.0,0.9793534879952399,0.9870115804761613,0.0
253,12.65,4,0.0,0.9793534879952406,0.9870115804761617,0.0
253,12.65,5,0.0,0.9793534879952399,0.9870115804761613,0.0
254,12.700000000000001,0,0.0,0.9792698672858478,0.9869586283666149,0.0
254,12.700000000000001,1,0.0,0.9792698672858478,0.9869586283666149,0.0
254,12.700000000000001,2,0.0,0.9792698672858478,0.9869586283666149,0.0
254,12.700000000000001,3,0.0,0.9792698672858478,0.9869586283666149,0.0
254,12.700000000000001,4,0.0,0.9792698672858478,0.9869586283666149,0.0
254,12.700000000000001,5,0.0,0.9792698672858478,0.9869586283666149,0.0
255,12.75,0,0.0,0.9791857777747393,0.9869053765272656,0.0
255,12.75,1,0.0,0.9791857777747393,0.9869053765272656,0.0
255,12.75,2,0.0,0.9791857777747393,0.9869053765272656,0.0
255,12.75,3,0.0,0.9791857777747393,0.9869053765272656,0.0
255,12.75,4,0.0,0.9791857777747393,0.9869053765272656,0.0
255,12.75,5,0.0,0.9791857777747393,0.9869053765272656,0.0
256,12.8,0,0.0,0.9791012171729856,0.9868518234599518,0.0
256,12.8,1,0.0,0.9791012171729856,0.9868518234599518,0.0
256,12.8,2,0.0,0.9791012171729856,0.9868518234599518,0.0
256,12.8,3,0.0,0.9791012171729856,0.9868518234599518,0.0
256,12.8,4,0.0,0.9791012171729856,0.9868518234599518,0.0
256,12.8,5,0.0,0.9791012171729856,0.9868518234599518,0.0
257,12.850000000000001,0,0.0,0.9790161832224797,0.9867979676854324,0.0
257,12.850000000000001,1,0.0,0.9790161832224797,0.9867979676854324,0.0
257,12.850000000000001,2,0.0,0.9790161832224797,0.9867979676854324,0.0
257,12.850000000000001,3,0.0,0.9790161832224797,0.9867979676854324,0.0
257,12.850000000000001,4,0.0,0.9790161832224797,0.9867979676854324,0.0
257,12.850000000000001,5,0.0,0.9790161832224797,0.9867979676854324,0.0
258,12.9,0,0.0,0.9789306736980576,0.9867438077447317,0.0
258,12.9,1,0.0,0.9789306736980576,0.9867438077447317,0.0
258,12.9,2,0.0,0.9789306736980576,0.9867438077447317,0.0
258,12.9,3,0.0,0.9789306736980576,0.9867438077447317,0.0
258,12.9,4,0.0,0.9789306736980576,0.9867438077447317,0.0
258,12.9,5,0.0,0.9789306736980574,0.9867438077447316,0.0
259,12.950000000000001,0,0.0,0.9788446864097078,0.9866893422005402,0.0
259,12.950000000000001,1,0.0,0.9788446864097078,0.9866893422005402,0.0
259,12.950000000000001,2,0.0,0.9788446864097078,0.9866893422005402,0.0
259,12.950000000000001,3,0.0,0.9788446864097078,0.9866893422005402,0.0
259,12.950000000000001,4,0.0,0.9788446864097078,0.9866893422005402,0.0
259,12.950000000000001,5,0.0,0.9788446864097078,0.9866893422005402,0.0
260,13.0,0,0.0,0.9787582192048825,0.9866345696386799,0.0
260,13.0,1,0.0,0.9787582192048825,0.9866345696386799,0.0
260,13.0,2,0.0,0.9787582192048825,0.9866345696386799,0.0
260,13.0,3,0.0,0.9787582192048825,0.9866345696386799,0.0
260,13.0,4,0.0,0.9787582192048825,0.9866345696386799,0.0
260,13.0,5,0.0,0.9787582192048823,0.9866345696386797,0.0
261,13.05,0,0.0,0.9786712699709026,0.9865794886696299,0.0
261,13.05,1,0.0,0.9786712699709026,0.9865794886696299,0.0
261,13.05,2,0.0,0.9786712699709026,0.9865794886696299,0.0
261,13.05,3,0.0,0.9786712699709026,0.9865794886696299,0.0
261,13.05,4,0.0,0.9786712699709028,0.98657948866963,0.0
261,13.05,5,0.0,0.9786712699709028,0.98657948866963,0.0
262,13.100000000000001,0,0.0,0.9785838366374748,0.9865240979301233,0.0
262,13.100000000000001,1,0.0,0.9785838366374748,0.9865240979301233,0.0
262,13.100000000000001,2,0.0,0.9785838366374748,0.9865240979301233,0.0
262,13.100000000000001,3,0.0,0.9785838366374748,0.9865240979301233,0.0
262,13.100000000000001,4,0.0,0.9785838366374746,0.9865240979301232,0.0
262,13.100000000000001,5,0.0,0.9785838366374746,0.9865240979301232,0.0
263,13.15,0,0.0,0.978495917179312,0.9864683960848112,0.0
263,13.15,1,0.0,0.978495917179312,0.9864683960848112,0.0
263,13.15,2,0.0,0.978495917179312,0.9864683960848112,0.0
263,13.15,3,0.0,0.978495917179312,0.9864683960848112,0.0
263,13.15,4,0.0,0.978495917179312,0.9864683960848112,0.0
263,13.15,5,0.0,0.9784959171793124,0.9864683960848115,0.0
264,13.200000000000001,0,0.0,0.9784075096188773,0.9864123818280043,0.0
264,13.200000000000001,1,0.0,0.9784075096188773,0.9864123818280043,0.0
264,13.200000000000001,2,0.0,0.9784075096188773,0.9864123818280043,0.0
264,13.200000000000001,3,0.0,0.9784075096188773,0.9864123818280043,0.0
264,13.200000000000001,4,0.0,0.9784075096188773,0.9864123818280043,0.0
264,13.200000000000001,5,0.0,0.9784075096188773,0.9864123818280043,0.0
265,13.25,0,0.0,0.978318612029242,0.9863560538854884,0.0
265,13.25,1,0.0,0.978318612029242,0.9863560538854884,0.0
265,13.25,2,0.0,0.978318612029242,0.9863560538854884,0.0
265,13.25,3,0.0,0.978318612029242,0.9863560538854884,0.0
265,13.25,4,0.0,0.9783186120292424,0.9863560538854886,0.0
265,13.25,5,0.0,0.978318612029242,0.9863560538854884,0.0
266,13.3,0,0.0,0.9782292225370777,0.986299411016425,0.0
266,13.3,1,0.0,0.9782292225370777,0.986299411016425,0.0
266,13.3,2,0.0,0.9782292225370777,0.986299411016425,0.0
266,13.3,3,0.0,0.9782292225370777,0.9862994110164252,0.0
266,13.3,4,0.0,0.9782292225370777,0.9862994110164252,0.0
266,13.3,5,0.0,0.9782292225370777,0.9862994110164252,0.0
267,13.350000000000001,0,0.0,0.9781393393257769,0.9862424520153353,0.0
267,13.350000000000001,1,0.0,0.9781393393257769,0.9862424520153353,0.0
267,13.350000000000001,2,0.0,0.9781393393257769,0.9862424520153353,0.0
267,13.350000000000001,3,0.0,0.9781393393257769,0.9862424520153353,0.0
267,13.350000000000001,4,0.0,0.9781393393257769,0.9862424520153353,0.0
267,13.350000000000001,5,0.0,0.9781393393257769,0.9862424520153353,0.0
268,13.4,0,0.0,0.9780489606387193,0.9861851757141754,0.0
268,13.4,1,0.0,0.9780489606387193,0.9861851757141754,0.0
268,13.4,2,0.0,0.9780489606387193,0.9861851757141754,0.0
268,13.4,3,0.0,0.9780489606387193,0.9861851757141754,0.0
268,13.4,4,0.0,0.9780489606387193,0.9861851757141754,0.0
268,13.4,5,0.0,0.9780489606387193,0.9861851757141754,0.0
269,13.450000000000001,0,0.0,0.9779580847826794,0.9861275809845038,0.0
269,13.450000000000001,1,0.0,0.9779580847826794,0.9861275809845038,0.0
269,13.450000000000001,2,0.0,0.9779580847826794,0.9861275809845038,0.0
269,13.450000000000001,3,0.0,0.9779580847826794,0.9861275809845038,0.0
269,13.450000000000001,4,0.0,0.9779580847826794,0.9861275809845038,0.0
269,13.450000000000001,5,0.0,0.9779580847826794,0.9861275809845039,0.0
270,13.5,0,0.0,0.9778667101313985,0.9860696667397533,0.0
270,13.5,1,0.0,0.9778667101313985,0.9860696667397533,0.0
270,13.5,2,0.0,0.9778667101313985,0.9860696667397533,0.0
270,13.5,3,0.0,0.9778667101313985,0.9860696667397533,0.0
270,13.5,4,0.0,0.9778667101313985,0.9860696667397533,0.0
270,13.5,5,0.0,0.9778667101313985,0.9860696667397533,0.0
271,13.55,0,0.0,0.9777748351293085,0.9860114319375995,0.0
271,13.55,1,0.0,0.9777748351293085,0.9860114319375995,0.0
271,13.55,2,0.0,0.9777748351293085,0.9860114319375995,0.0
271,13.55,3,0.0,0.9777748351293085,0.9860114319375995,0.0
271,13.55,4,0.0,0.9777748351293085,0.9860114319375995,0.0
271,13.55,5,0.0,0.9777748351293085,0.9860114319375995,0.0
272,13.600000000000001,0,0.0,0.9776824582954378,0.9859528755824475,0.0
272,13.600000000000001,1,0.0,0.9776824582954378,0.9859528755824475,0.0
272,13.600000000000001,2,0.0,0.977682458295438,0.9859528755824476,0.0
272,13.600000000000001,3,0.0,0.977682458295438,0.9859528755824476,0.0
272,13.600000000000001,4,0.0,0.977682458295438,0.9859528755824476,0.0
272,13.600000000000001,5,0.0,0.9776824582954378,0.9859528755824475,0.0
273,13.65,0,0.0,0.9775895782274904,0.985893996728027,0.0
273,13.65,1,0.0,0.9775895782274904,0.985893996728027,0.0
273,13.65,2,0.0,0.9775895782274904,0.985893996728027,0.0
273,13.65,3,0.0,0.9775895782274904,0.985893996728027,0.0
273,13.65,4,0.0,0.9775895782274904,0.985893996728027,0.0
273,13.65,5,0.0,0.9775895782274904,0.985893996728027,0.0
274,13.700000000000001,0,0.0,0.9774961936061193,0.9858347944801142,0.0
274,13.700000000000001,1,0.0,0.9774961936061193,0.9858347944801142,0.0
274,13.700000000000001,2,0.0,0.9774961936061193,0.9858347944801142,0.0
274,13.700000000000001,3,0.0,0.9774961936061193,0.9858347944801142,0.0
274,13.700000000000001,4,0.0,0.9774961936061193,0.9858347944801142,0.0
274,13.700000000000001,5,0.0,0.9774961936061195,0.9858347944801144,0.0
275,13.75,0,0.0,0.9774023031993986,0.9857752679993793,0.0
275,13.75,1,0.0,0.9774023031993986,0.9857752679993793,0.0
275,13.75,2,0.0,0.9774023031993981,0.9857752679993791,0.0
275,13.75,3,0.0,0.9774023031993981,0.9857752679993791,0.0
275,13.75,4,0.0,0.9774023031993986,0.9857752679993793,0.0
275,13.75,5,0.0,0.9774023031993986,0.9857752679993793,0.0
276,13.8,0,0.0,0.977307905867504,0.9857154165043681,0.0
276,13.8,1,0.0,0.977307905867504,0.9857154165043681,0.0
276,13.8,2,0.0,0.977307905867504,0.9857154165043681,0.0
276,13.8,3,0.0,0.977307905867504,0.9857154165043681,0.0
276,13.8,4,0.0,0.977307905867504,0.9857154165043682,0.0
276,13.8,5,0.0,0.977307905867504,0.9857154165043681,0.0
277,13.850000000000001,0,0.0,0.9772130005676227,0.9856552392746302,0.0
277,13.850000000000001,1,0.0,0.9772130005676227,0.9856552392746302,0.0
277,13.850000000000001,2,0.0,0.9772130005676227,0.9856552392746302,0.0
277,13.850000000000001,3,0.0,0.9772130005676227,0.9856552392746302,0.0
277,13.850000000000001,4,0.0,0.9772130005676227,0.9856552392746302,0.0
277,13.850000000000001,5,0.0,0.9772130005676227,0.9856552392746302,0.0
278,13.9,0,0.0,0.9771175863590873,0.9855947356539904,0.0
278,13.9,1,0.0,0.9771175863590873,0.9855947356539904,0.0
278,13.9,2,0.0,0.9771175863590873,0.9855947356539904,0.0
278,13.9,3,0.0,0.9771175863590873,0.9855947356539904,0.0
278,13.9,4,0.0,0.9771175863590873,0.9855947356539904,0.0
278,13.9,5,0.0,0.9771175863590873,0.9855947356539904,0.0
279,13.950000000000001,0,0.0,0.9770216624087678,0.9855339050539863,0.0
279,13.950000000000001,1,0.0,0.9770216624087678,0.9855339050539863,0.0
279,13.950000000000001,2,0.0,0.9770216624087678,0.9855339050539863,0.0
279,13.950000000000001,3,0.0,0.9770216624087678,0.9855339050539863,0.0
279,13.950000000000001,4,0.0,0.9770216624087678,0.9855339050539863,0.0
279,13.950000000000001,5,0.0,0.9770216624087678,0.9855339050539863,0.0
280,14.0,0,0.0,0.976925227996716,0.9854727469574666,0.0
280,14.0,1,0.0,0.976925227996716,0.9854727469574666,0.0
280,14.0,2,0.0,0.976925227996716,0.9854727469574666,0.0
280,14.0,3,0.0,0.976925227996716,0.9854727469574666,0.0
280,14.0,4,0.0,0.9769252279967156,0.9854727469574663,0.0
280,14.0,5,0.0,0.9769252279967156,0.9854727469574663,0.0
281,14.05,0,0.0,0.9768282825220913,0.9854112609223694,0.0
281,14.05,1,0.0,0.9768282825220913,0.9854112609223694,0.0
281,14.05,2,0.0,0.9768282825220913,0.9854112609223694,0.0
281,14.05,3,0.0,0.9768282825220913,0.9854112609223694,0.0
281,14.05,4,0.0,0.9768282825220913,0.9854112609223694,0.0
281,14.05,5,0.0,0.9768282825220913,0.9854112609223694,0.0
282,14.100000000000001,0,0.0,0.9767308255093763,0.9853494465856873,0.0
282,14.100000000000001,1,0.0,0.9767308255093763,0.9853494465856873,0.0
282,14.100000000000001,2,0.0,0.9767308255093763,0.9853494465856873,0.0
282,14.100000000000001,3,0.0,0.9767308255093763,0.9853494465856873,0.0
282,14.100000000000001,4,0.0,0.9767308255093763,0.9853494465856873,0.0
282,14.100000000000001,5,0.0,0.9767308255093763,0.9853494465856873,0.0
283,14.15,0,0.0,0.9766328566149003,0.9852873036676284,0.0
283,14.15,1,0.0,0.9766328566149003,0.9852873036676284,0.0
283,14.15,2,0.0,0.9766328566149003,0.9852873036676284,0.0
283,14.15,3,0.0,0.9766328566149003,0.9852873036676284,0.0
283,14.15,4,0.0,0.9766328566149005,0.9852873036676285,0.0
283,14.15,5,0.0,0.9766328566149003,0.9852873036676284,0.0
284,14.200000000000001,0,0.0,0.9765343756336895,0.985224831975987,0.0
284,14.200000000000001,1,0.0,0.9765343756336895,0.985224831975987,0.0
284,14.200000000000001,2,0.0,0.9765343756336895,0.985224831975987,0.0
284,14.200000000000001,3,0.0,0.9765343756336895,0.985224831975987,0.0
284,14.200000000000001,4,0.0,0.9765343756336895,0.985224831975987,0.0
284,14.200000000000001,5,0.0,0.9765343756336895,0.985224831975987,0.0
285,14.25,0,0.0,0.9764353825066634,0.9851620314107367,0.0
285,14.25,1,0.0,0.9764353825066634,0.9851620314107367,0.0
285,14.25,2,0.0,0.9764353825066634,0.9851620314107367,0.0
285,14.25,3,0.0,0.9764353825066634,0.9851620314107367,0.0
285,14.25,4,0.0,0.9764353825066634,0.9851620314107367,0.0
285,14.25,5,0.0,0.9764353825066634,0.9851620314107367,0.0
286,14.3,0,0.0,0.9763358773281969,0.9850989019688562,0.0
286,14.3,1,0.0,0.9763358773281969,0.9850989019688562,0.0
286,14.3,2,0.0,0.9763358773281969,0.9850989019688562,0.0
286,14.3,3,0.0,0.9763358773281969,0.9850989019688562,0.0
286,14.3,4,0.0,0.9763358773281969,0.9850989019688562,0.0
286,14.3,5,0.0,0.9763358773281969,0.9850989019688562,0.0
287,14.350000000000001,0,0.0,0.9762358603540706,0.9850354437494055,0.0
287,14.350000000000001,1,0.0,0.9762358603540706,0.9850354437494055,0.0
287,14.350000000000001,2,0.0,0.9762358603540706,0.9850354437494055,0.0
287,14.350000000000001,3,0.0,0.9762358603540702,0.9850354437494052,0.0
287,14.350000000000001,4,0.0,0.9762358603540702,0.9850354437494052,0.0
287,14.350000000000001,5,0.0,0.9762358603540702,0.9850354437494052,0.0
288,14.4,0,0.0,0.9761353320098334,0.9849716569588648,0.0
288,14.4,1,0.0,0.9761353320098334,0.9849716569588648,0.0
288,14.4,2,0.0,0.9761353320098334,0.9849716569588648,0.0
288,14.4,3,0.0,0.9761353320098334,0.9849716569588648,0.0
288,14.4,4,0.0,0.9761353320098334,0.9849716569588648,0.0
288,14.4,5,0.0,0.9761353320098334,0.9849716569588648,0.0
289,14.450000000000001,0,0.0,0.976034292899602,0.984907541916754,0.0
289,14.450000000000001,1,0.0,0.976034292899602,0.984907541916754,0.0
289,14.450000000000001,2,0.0,0.976034292899602,0.984907541916754,0.0
289,14.450000000000001,3,0.0,0.976034292899602,0.984907541916754,0.0
289,14.450000000000001,4,0.0,0.976034292899602,0.984907541916754,0.0
289,14.450000000000001,5,0.0,0.9760342928996024,0.9849075419167542,0.0
290,14.5,0,0.0,0.9759327438153276,0.9848430990615508,0.0
290,14.5,1,0.0,0.9759327438153276,0.9848430990615508,0.0
290,14.5,2,0.0,0.975932743815328,0.984843099061551,0.0
290,14.5,3,0.0,0.9759327438153276,0.9848430990615508,0.0
290,14.5,4,0.0,0.975932743815328,0.984843099061551,0.0
290,14.5,5,0.0,0.975932743815328,0.984843099061551,0.0
291,14.55,0,0.0,0.9758306857465515,0.9847783289569229,0.0
291,14.55,1,0.0,0.9758306857465515,0.9847783289569229,0.0
291,14.55,2,0.0,0.9758306857465515,0.9847783289569229,0.0
291,14.55,3,0.0,0.9758306857465515,0.9847783289569229,0.0
291,14.55,4,0.0,0.9758306857465515,0.9847783289569229,0.0
291,14.55,5,0.0,0.9758306857465515,0.9847783289569229,0.0
292,14.600000000000001,0,0.0,0.9757281198906922,0.9847132322982998,0.0
292,14.600000000000001,1,0.0,0.9757281198906922,0.9847132322982998,0.0
292,14.600000000000001,2,0.0,0.9757281198906922,0.9847132322982998,0.0
292,14.600000000000001,3,0.0,0.9757281198906922,0.9847132322982998,0.0
292,14.600000000000001,4,0.0,0.9757281198906924,0.9847132322982999,0.0
292,14.600000000000001,5,0.0,0.9757281198906924,0.9847132322982999,0.0
293,14.65,0,0.0,0.9756250476638908,0.9846478099198025,0.0
293,14.65,1,0.0,0.9756250476638908,0.9846478099198025,0.0
293,14.65,2,0.0,0.9756250476638908,0.9846478099198025,0.0
293,14.65,3,0.0,0.9756250476638908,0.9846478099198025,0.0
293,14.65,4,0.0,0.9756250476638908,0.9846478099198025,0.0
293,14.65,5,0.0,0.9756250476638908,0.9846478099198025,0.0
294,14.700000000000001,0,0.0,0.9755214707124484,0.9845820628015526,0.0
294,14.700000000000001,1,0.0,0.9755214707124484,0.9845820628015526,0.0
294,14.700000000000001,2,0.0,0.9755214707124484,0.9845820628015526,0.0
294,14.700000000000001,3,0.0,0.9755214707124487,0.9845820628015528,0.0
294,14.700000000000001,4,0.0,0.9755214707124484,0.9845820628015526,0.0
294,14.700000000000001,5,0.0,0.9755214707124484,0.9845820628015526,0.0
295,14.75,0,0.0,0.9754173909249104,0.9845159920773954,0.0
295,14.75,1,0.0,0.9754173909249104,0.9845159920773954,0.0
295,14.75,2,0.0,0.9754173909249104,0.9845159920773954,0.0
295,14.75,3,0.0,0.9754173909249106,0.9845159920773955,0.0
295,14.75,4,0.0,0.9754173909249104,0.9845159920773954,0.0
295,14.75,5,0.0,0.9754173909249104,0.9845159920773954,0.0
296,14.8,0,0.0,0.9753128104448174,0.9844495990430498,0.0
296,14.8,1,0.0,0.9753128104448174,0.9844495990430498,0.0
296,14.8,2,0.0,0.9753128104448174,0.9844495990430498,0.0
296,14.8,3,0.0,0.9753128104448174,0.9844495990430498,0.0
296,14.8,4,0.0,0.9753128104448174,0.9844495990430498,0.0
296,14.8,5,0.0,0.9753128104448174,0.9844495990430498,0.0
297,14.850000000000001,0,0.0,0.9752077316841925,0.9843828851647313,0.0
297,14.850000000000001,1,0.0,0.9752077316841925,0.9843828851647313,0.0
297,14.850000000000001,2,0.0,0.9752077316841925,0.9843828851647313,0.0
297,14.850000000000001,3,0.0,0.9752077316841925,0.9843828851647313,0.0
297,14.850000000000001,4,0.0,0.9752077316841925,0.9843828851647313,0.0
297,14.850000000000001,5,0.0,0.9752077316841925,0.9843828851647313,0.0
298,14.9,0,0.0,0.9751021573377976,0.9843158520882649,0.0
298,14.9,1,0.0,0.9751021573377976,0.9843158520882649,0.0
298,14.9,2,0.0,0.9751021573377976,0.9843158520882649,0.0
298,14.9,3,0.0,0.9751021573377976,0.9843158520882649,0.0
298,14.9,4,0.0,0.9751021573377976,0.9843158520882649,0.0
298,14.9,5,0.0,0.9751021573377976,0.9843158520882649,0.0
299,14.950000000000001,0,0.0,0.9749960903982233,0.9842485016487346,0.0
299,14.950000000000001,1,0.0,0.9749960903982233,0.9842485016487346,0.0
299,14.950000000000001,2,0.0,0.9749960903982233,0.9842485016487346,0.0
299,14.950000000000001,3,0.0,0.9749960903982233,0.9842485016487346,0.0
299,14.950000000000001,4,0.0,0.9749960903982233,0.9842485016487346,0.0
299,14.950000000000001,5,0.0,0.9749960903982233,0.9842485016487346,0.0
300,15.0,0,0.0,0.974889534171866,0.9841808358806995,0.0
300,15.0,1,0.0,0.974889534171866,0.9841808358806995,0.0
300,15.0,2,0.0,0.974889534171866,0.9841808358806995,0.0
300,15.0,3,0.0,0.974889534171866,0.9841808358806995,0.0
300,15.0,4,0.0,0.974889534171866,0.9841808358806995,0.0
300,15.0,5,0.0,0.974889534171866,0.9841808358806995,0.0
301,15.05,0,0.0,0.9747824922958588,0.9841128570290216,0.0
301,15.05,1,0.0,0.9747824922958588,0.9841128570290216,0.0
301,15.05,2,0.0,0.9747824922958588,0.9841128570290216,0.0
301,15.05,3,0.0,0.9747824922958588,0.9841128570290216,0.0
301,15.05,4,0.0,0.9747824922958588,0.9841128570290216,0.0
301,15.05,5,0.0,0.9747824922958588,0.9841128570290216,0.0
302,15.100000000000001,0,0.0,0.9746749687560243,0.9840445675603471,0.0
302,15.100000000000001,1,0.0,0.9746749687560243,0.9840445675603471,0.0
302,15.100000000000001,2,0.0,0.9746749687560243,0.9840445675603471,0.0
302,15.100000000000001,3,0.0,0.9746749687560243,0.9840445675603471,0.0
302,15.100000000000001,4,0.0,0.9746749687560243,0.9840445675603471,0.0
302,15.100000000000001,5,0.0,0.9746749687560243,0.9840445675603471,0.0
303,15.15,0,0.0,0.9745669679059255,0.9839759701752918,0.0
303,15.15,1,0.0,0.9745669679059255,0.9839759701752918,0.0
303,15.15,2,0.0,0.9745669679059255,0.9839759701752918,0.0
303,15.15,3,0.0,0.9745669679059255,0.9839759701752918,0.0
303,15.15,4,0.0,0.9745669679059255,0.9839759701752918,0.0
303,15.15,5,0.0,0.9745669679059255,0.9839759701752918,0.0
304,15.200000000000001,0,0.0,0.9744584944870931,0.9839070678213803,0.0
304,15.200000000000001,1,0.0,0.9744584944870931,0.9839070678213803,0.0
304,15.200000000000001,2,0.0,0.9744584944870931,0.9839070678213803,0.0
304,15.200000000000001,3,0.0,0.9744584944870931,0.9839070678213803,0.0
304,15.200000000000001,4,0.0,0.9744584944870931,0.9839070678213804,0.0
304,15.200000000000001,5,0.0,0.9744584944870931,0.9839070678213803,0.0
305,15.25,0,0.0,0.9743495536505256,0.9838378637067985,0.0
305,15.25,1,0.0,0.9743495536505256,0.9838378637067985,0.0
305,15.25,2,0.0,0.9743495536505256,0.9838378637067985,0.0
305,15.25,3,0.0,0.9743495536505256,0.9838378637067985,0.0
305,15.25,4,0.0,0.9743495536505256,0.9838378637067985,0.0
305,15.25,5,0.0,0.9743495536505256,0.9838378637067985,0.0
306,15.3,0,0.0,0.9742401509795546,0.9837683613150218,0.0
306,15.3,1,0.0,0.9742401509795546,0.9837683613150218,0.0
306,15.3,2,0.0,0.9742401509795546,0.9837683613150218,0.0
306,15.3,3,0.0,0.9742401509795546,0.9837683613150218,0.0
306,15.3,4,0.0,0.9742401509795542,0.9837683613150215,0.0
306,15.3,5,0.0,0.9742401509795542,0.9837683613150215,0.0
307,15.350000000000001,0,0.0,0.9741302925141757,0.9836985644203816,0.0
307,15.350000000000001,1,0.0,0.9741302925141757,0.9836985644203816,0.0
307,15.350000000000001,2,0.0,0.9741302925141757,0.9836985644203816,0.0
307,15.350000000000001,3,0.0,0.9741302925141757,0.9836985644203816,0.0
307,15.350000000000001,4,0.0,0.9741302925141757,0.9836985644203816,0.0
307,15.350000000000001,5,0.0,0.9741302925141757,0.9836985644203816,0.0
308,15.4,0,0.0,0.9740199847769782,0.9836284771046548,0.0
308,15.4,1,0.0,0.9740199847769782,0.9836284771046548,0.0
308,15.4,2,0.0,0.9740199847769782,0.9836284771046548,0.0
308,15.4,3,0.0,0.9740199847769782,0.9836284771046548,0.0
308,15.4,4,0.0,0.9740199847769782,0.9836284771046548,0.0
308,15.4,5,0.0,0.9740199847769782,0.9836284771046548,0.0
309,15.450000000000001,0,0.0,0.973909234800775,0.9835581037747433,0.0
309,15.450000000000001,1,0.0,0.973909234800775,0.9835581037747433,0.0
309,15.450000000000001,2,0.0,0.973909234800775,0.9835581037747433,0.0
309,15.450000000000001,3,0.0,0.973909234800775,0.9835581037747433,0.0
309,15.450000000000001,4,0.0,0.973909234800775,0.9835581037747433,0.0
309,15.450000000000001,5,0.0,0.9739092348007752,0.9835581037747434,0.0
310,15.5,0,0.0,0.9737980501580965,0.9834874491815443,0.0
310,15.5,1,0.0,0.9737980501580965,0.9834874491815443,0.0
310,15.5,2,0.0,0.9737980501580965,0.9834874491815443,0.0
310,15.5,3,0.0,0.9737980501580965,0.9834874491815443,0.0
310,15.5,4,0.0,0.9737980501580965,0.9834874491815443,0.0
310,15.5,5,0.0,0.9737980501580963,0.9834874491815441,0.0
311,15.55,0,0.0,0.9736864389926776,0.9834165184400997,0.0
311,15.55,1,0.0,0.9736864389926776,0.9834165184400997,0.0
311,15.55,2,0.0,0.9736864389926776,0.9834165184400997,0.0
311,15.55,3,0.0,0.9736864389926776,0.9834165184400997,0.0
311,15.55,4,0.0,0.9736864389926776,0.9834165184400997,0.0
311,15.55,5,0.0,0.9736864389926776,0.9834165184400997,0.0
312,15.600000000000001,0,0.0,0.9735744100531192,0.9833453170511358,0.0
312,15.600000000000001,1,0.0,0.9735744100531192,0.9833453170511358,0.0
312,15.600000000000001,2,0.0,0.9735744100531192,0.9833453170511358,0.0
312,15.600000000000001,3,0.0,0.9735744100531192,0.9833453170511358,0.0
312,15.600000000000001,4,0.0,0.9735744100531192,0.9833453170511358,0.0
312,15.600000000000001,5,0.0,0.9735744100531185,0.9833453170511355,0.0
313,15.65,0,0.0,0.9734619727288918,0.9832738509241028,0.0
313,15.65,1,0.0,0.9734619727288918,0.9832738509241028,0.0
313,15.65,2,0.0,0.9734619727288918,0.9832738509241028,0.0
313,15.65,3,0.0,0.9734619727288918,0.9832738509241028,0.0
313,15.65,4,0.0,0.9734619727288918,0.9832738509241028,0.0
313,15.65,5,0.0,0.9734619727288918,0.9832738509241028,0.0
314,15.700000000000001,0,0.0,0.9733491370888954,0.9832021264018498,0.0
314,15.700000000000001,1,0.0,0.9733491370888954,0.9832021264018498,0.0
314,15.700000000000001,2,0.0,0.9733491370888958,0.9832021264018501,0.0
314,15.700000000000001,3,0.0,0.9733491370888958,0.9832021264018501,0.0
314,15.700000000000001,4,0.0,0.9733491370888954,0.9832021264018498,0.0
314,15.700000000000001,5,0.0,0.9733491370888954,0.9832021264018498,0.0
315,15.75,0,0.0,0.9732359139227744,0.9831301502870654,0.0
315,15.75,1,0.0,0.9732359139227744,0.9831301502870654,0.0
315,15.75,2,0.0,0.9732359139227744,0.9831301502870654,0.0
315,15.75,3,0.0,0.9732359139227744,0.9831301502870654,0.0
315,15.75,4,0.0,0.9732359139227744,0.9831301502870654,0.0
315,15.75,5,0.0,0.9732359139227744,0.9831301502870654,0.0
316,15.8,0,0.0,0.9731223147852415,0.9830579298706419,0.0
316,15.8,1,0.0,0.9731223147852415,0.9830579298706419,0.0
316,15.8,2,0.0,0.9731223147852415,0.9830579298706419,0.0
316,15.8,3,0.0,0.9731223147852415,0.9830579298706419,0.0
316,15.8,4,0.0,0.9731223147852415,0.9830579298706419,0.0
316,15.8,5,0.0,0.9731223147852415,0.9830579298706419,0.0
317,15.850000000000001,0,0.0,0.9730083520436681,0.9829854729621313,0.0
317,15.850000000000001,1,0.0,0.9730083520436681,0.9829854729621313,0.0
317,15.850000000000001,2,0.0,0.9730083520436681,0.9829854729621313,0.0
317,15.850000000000001,3,0.0,0.9730083520436681,0.9829854729621313,0.0
317,15.850000000000001,4,0.0,0.9730083520436681,0.9829854729621313,0.0
317,15.850000000000001,5,0.0,0.9730083520436681,0.9829854729621313,0.0
318,15.9,0,0.0,0.9728940389292231,0.9829127879224733,0.0
318,15.9,1,0.0,0.9728940389292231,0.9829127879224733,0.0
318,15.9,2,0.0,0.9728940389292231,0.9829127879224733,0.0
318,15.9,3,0.0,0.9728940389292231,0.9829127879224733,0.0
318,15.9,4,0.0,0.9728940389292231,0.9829127879224733,0.0
318,15.9,5,0.0,0.9728940389292233,0.9829127879224734,0.0
319,15.950000000000001,0,0.0,0.9727793895918873,0.9828398836992011,0.0
319,15.950000000000001,1,0.0,0.9727793895918873,0.9828398836992011,0.0
319,15.950000000000001,2,0.0,0.9727793895918873,0.9828398836992011,0.0
319,15.950000000000001,3,0.0,0.9727793895918873,0.9828398836992011,0.0
319,15.950000000000001,4,0.0,0.9727793895918873,0.9828398836992011,0.0
319,15.950000000000001,5,0.0,0.9727793895918875,0.9828398836992012,0.0
320,16.0,0,0.0,0.9726644191596816,0.9827667698643467,0.0
320,16.0,1,0.0,0.9726644191596816,0.9827667698643467,0.0
320,16.0,2,0.0,0.9726644191596816,0.9827667698643467,0.0
320,16.0,3,0.0,0.9726644191596816,0.9827667698643467,0.0
320,16.0,4,0.0,0.9726644191596816,0.9827667698643467,0.0
320,16.0,5,0.0,0.9726644191596816,0.9827667698643467,0.0
321,16.05,0,0.0,0.9725491438024954,0.9826934566552884,0.0
321,16.05,1,0.0,0.9725491438024954,0.9826934566552884,0.0
321,16.05,2,0.0,0.9725491438024954,0.9826934566552884,0.0
321,16.05,3,0.0,0.9725491438024949,0.9826934566552882,0.0
321,16.05,4,0.0,0.9725491438024949,0.9826934566552882,0.0
321,16.05,5,0.0,0.9725491438024954,0.9826934566552884,0.0
322,16.1,0,0.0,0.9724335808009357,0.9826199550188107,0.0
322,16.1,1,0.0,0.9724335808009357,0.9826199550188107,0.0
322,16.1,2,0.0,0.9724335808009357,0.9826199550188107,0.0
322,16.1,3,0.0,0.9724335808009357,0.9826199550188107,0.0
322,16.1,4,0.0,0.9724335808009357,0.9826199550188107,0.0
322,16.1,5,0.0,0.9724335808009357,0.9826199550188107,0.0
323,16.150000000000002,0,0.0,0.9723177486206565,0.9825462766586724,0.0
323,16.150000000000002,1,0.0,0.9723177486206565,0.9825462766586724,0.0
323,16.150000000000002,2,0.0,0.9723177486206565,0.9825462766586724,0.0
323,16.150000000000002,3,0.0,0.9723177486206565,0.9825462766586724,0.0
323,16.150000000000002,4,0.0,0.9723177486206565,0.9825462766586724,0.0
323,16.150000000000002,5,0.0,0.9723177486206565,0.9825462766586724,0.0
324,16.2,0,0.0,0.9722016669926756,0.9824724340870051,0.0
324,16.2,1,0.0,0.9722016669926756,0.9824724340870051,0.0
324,16.2,2,0.0,0.9722016669926756,0.9824724340870051,0.0
324,16.2,3,0.0,0.9722016669926756,0.9824724340870051,0.0
324,16.2,4,0.0,0.9722016669926756,0.9824724340870051,0.0
324,16.2,5,0.0,0.9722016669926756,0.9824724340870051,0.0
325,16.25,0,0.0,0.9720853570002375,0.9823984406798988,0.0
325,16.25,1,0.0,0.9720853570002375,0.9823984406798988,0.0
325,16.25,2,0.0,0.9720853570002375,0.9823984406798988,0.0
325,16.25,3,0.0,0.9720853570002375,0.9823984406798988,0.0
325,16.25,4,0.0,0.9720853570002375,0.9823984406798988,0.0
325,16.25,5,0.0,0.9720853570002375,0.9823984406798988,0.0
326,16.3,0,0.0,0.9719688411728296,0.9823243107375674,0.0
326,16.3,1,0.0,0.9719688411728296,0.9823243107375674,0.0
326,16.3,2,0.0,0.9719688411728296,0.9823243107375674,0.0
326,16.3,3,0.0,0.9719688411728296,0.9823243107375674,0.0
326,16.3,4,0.0,0.9719688411728296,0.9823243107375674,0.0
326,16.3,5,0.0,0.9719688411728296,0.9823243107375674,0.0
327,16.35,0,0.0,0.9718521435880216,0.9822500595495156,0.0
327,16.35,1,0.0,0.9718521435880216,0.9822500595495156,0.0
327,16.35,2,0.0,0.9718521435880216,0.9822500595495156,0.0
327,16.35,3,0.0,0.9718521435880216,0.9822500595495156,0.0
327,16.35,4,0.0,0.9718521435880216,0.9822500595495156,0.0
327,16.35,5,0.0,0.9718521435880216,0.9822500595495156,0.0
328,16.400000000000002,0,0.0,0.9717352899818636,0.9821757034651842,0.0
328,16.400000000000002,1,0.0,0.9717352899818636,0.9821757034651842,0.0
328,16.400000000000002,2,0.0,0.9717352899818636,0.9821757034651842,0.0
328,16.400000000000002,3,0.0,0.9717352899818636,0.9821757034651842,0.0
328,16.400000000000002,4,0.0,0.9717352899818636,0.9821757034651842,0.0
328,16.400000000000002,5,0.0,0.9717352899818636,0.9821757034651842,0.0
329,16.45,0,0.0,0.9716183078686336,0.9821012599705755,0.0
329,16.45,1,0.0,0.9716183078686336,0.9821012599705755,0.0
329,16.45,2,0.0,0.9716183078686333,0.9821012599705754,0.0
329,16.45,3,0.0,0.9716183078686336,0.9821012599705755,0.0
329,16.45,4,0.0,0.9716183078686333,0.9821012599705754,0.0
329,16.45,5,0.0,0.9716183078686336,0.9821012599705755,0.0
330,16.5,0,0.0,0.9715012266708105,0.9820267477714205,0.0
330,16.5,1,0.0,0.9715012266708105,0.9820267477714205,0.0
330,16.5,2,0.0,0.9715012266708105,0.9820267477714205,0.0
330,16.5,3,0.0,0.9715012266708105,0.9820267477714205,0.0
330,16.5,4,0.0,0.9715012266708107,0.9820267477714206,0.0
330,16.5,5,0.0,0.9715012266708107,0.9820267477714206,0.0
331,16.55,0,0.0,0.9713840778602123,0.9819521868834884,0.0
331,16.55,1,0.0,0.9713840778602123,0.9819521868834884,0.0
331,16.55,2,0.0,0.9713840778602123,0.9819521868834884,0.0
331,16.55,3,0.0,0.9713840778602123,0.9819521868834884,0.0
331,16.55,4,0.0,0.9713840778602123,0.9819521868834884,0.0
331,16.55,5,0.0,0.9713840778602123,0.9819521868834884,0.0
332,16.6,0,0.0,0.971266895111319,0.9818775987306915,0.0
332,16.6,1,0.0,0.971266895111319,0.9818775987306915,0.0
332,16.6,2,0.0,0.971266895111319,0.9818775987306915,0.0
332,16.6,3,0.0,0.971266895111319,0.9818775987306915,0.0
332,16.6,4,0.0,0.971266895111319,0.9818775987306915,0.0
332,16.6,5,0.0,0.971266895111319,0.9818775987306915,0.0
333,16.650000000000002,0,0.0,0.9711497144678771,0.981803006251685,0.0
333,16.650000000000002,1,0.0,0.9711497144678771,0.981803006251685,0.0
333,16.650000000000002,2,0.0,0.9711497144678771,0.981803006251685,0.0
333,16.650000000000002,3,0.0,0.9711497144678771,0.981803006251685,0.0
333,16.650000000000002,4,0.0,0.9711497144678771,0.981803006251685,0.0
333,16.650000000000002,5,0.0,0.9711497144678771,0.981803006251685,0.0
334,16.7,0,0.0,0.9710325745239465,0.9817284340157074,0.0
334,16.7,1,0.0,0.9710325745239465,0.9817284340157074,0.0
334,16.7,2,0.0,0.9710325745239465,0.9817284340157074,0.0
334,16.7,3,0.0,0.971032574523947,0.9817284340157076,0.0
334,16.7,4,0.0,0.971032574523947,0.9817284340157076,0.0
334,16.7,5,0.0,0.971032574523947,0.9817284340157076,0.0
335,16.75,0,0.0,0.9709155166206387,0.9816539083484558,0.0
335,16.75,1,0.0,0.9709155166206387,0.9816539083484558,0.0
335,16.75,2,0.0,0.9709155166206387,0.9816539083484558,0.0
335,16.75,3,0.0,0.9709155166206391,0.981653908348456,0.0
335,16.75,4,0.0,0.9709155166206391,0.981653908348456,0.0
335,16.75,5,0.0,0.9709155166206391,0.981653908348456,0.0
336,16.8,0,0.0,0.9707985850598142,0.9815794574688121,0.0
336,16.8,1,0.0,0.9707985850598142,0.9815794574688121,0.0
336,16.8,2,0.0,0.9707985850598142,0.9815794574688121,0.0
336,16.8,3,0.0,0.9707985850598142,0.9815794574688121,0.0
336,16.8,4,0.0,0.9707985850598142,0.9815794574688121,0.0
336,16.8,5,0.0,0.9707985850598142,0.9815794574688121,0.0
337,16.85,0,0.0,0.9706818273360884,0.9815051116372805,0.0
337,16.85,1,0.0,0.9706818273360884,0.9815051116372805,0.0
337,16.85,2,0.0,0.9706818273360884,0.9815051116372805,0.0
337,16.85,3,0.0,0.9706818273360887,0.9815051116372806,0.0
337,16.85,4,0.0,0.970681827336088,0.9815051116372803,0.0
337,16.85,5,0.0,0.9706818273360884,0.9815051116372805,0.0
338,16.900000000000002,0,0.0,0.9705652943884597,0.9814309033169755,0.0
338,16.900000000000002,1,0.0,0.9705652943884597,0.9814309033169755,0.0
338,16.900000000000002,2,0.0,0.9705652943884597,0.9814309033169755,0.0
338,16.900000000000002,3,0.0,0.9705652943884597,0.9814309033169755,0.0
338,16.900000000000002,4,0.0,0.9705652943884597,0.9814309033169755,0.0
338,16.900000000000002,5,0.0,0.9705652943884597,0.9814309033169755,0.0
339,16.95,0,0.0,0.9704490408728674,0.9813568673480022,0.0
339,16.95,1,0.0,0.9704490408728674,0.9813568673480022,0.0
339,16.95,2,0.0,0.9704490408728674,0.9813568673480022,0.0
339,16.95,3,0.0,0.9704490408728677,0.9813568673480023,0.0
339,16.95,4,0.0,0.9704490408728677,0.9813568673480023,0.0
339,16.95,5,0.0,0.9704490408728677,0.9813568673480023,0.0
340,17.0,0,0.0,0.9703331254568786,0.9812830411359905,0.0
340,17.0,1,0.0,0.9703331254568786,0.9812830411359905,0.0
340,17.0,2,0.0,0.9703331254568786,0.9812830411359905,0.0
340,17.0,3,0.0,0.970333125456879,0.9812830411359909,0.0
340,17.0,4,0.0,0.970333125456879,0.9812830411359909,0.0
340,17.0,5,0.0,0.970333125456879,0.9812830411359909,0.0
341,17.05,0,0.0,0.9702176111375165,0.9812094648554383,0.0
341,17.05,1,0.0,0.9702176111375165,0.9812094648554383,0.0
341,17.05,2,0.0,0.9702176111375165,0.9812094648554383,0.0
341,17.05,3,0.0,0.9702176111375167,0.9812094648554384,0.0
341,17.05,4,0.0,0.9702176111375165,0.9812094648554383,0.0
341,17.05,5,0.0,0.9702176111375167,0.9812094648554384,0.0
342,17.1,0,0.0,0.970102565582972,0.9811361816683325,0.0
342,17.1,1,0.0,0.970102565582972,0.9811361816683325,0.0
342,17.1,2,0.0,0.970102565582972,0.9811361816683325,0.0
342,17.1,3,0.0,0.970102565582972,0.9811361816683325,0.0
342,17.1,4,0.0,0.970102565582972,0.9811361816683325,0.0
342,17.1,5,0.0,0.9701025655829718,0.9811361816683323,0.0
343,17.150000000000002,0,0.0,0.9699880614984571,0.9810632379582221,0.0
343,17.150000000000002,1,0.0,0.9699880614984571,0.9810632379582221,0.0
343,17.150000000000002,2,0.0,0.9699880614984571,0.9810632379582221,0.0
343,17.150000000000002,3,0.0,0.9699880614984571,0.9810632379582221,0.0
343,17.150000000000002,4,0.0,0.9699880614984571,0.9810632379582221,0.0
343,17.150000000000002,5,0.0,0.9699880614984571,0.9810632379582221,0.0
344,17.2,0,0.0,0.9698741770158208,0.9809906835795007,0.0
344,17.2,1,0.0,0.9698741770158208,0.9809906835795007,0.0
344,17.2,2,0.0,0.9698741770158208,0.9809906835795007,0.0
344,17.2,3,0.0,0.9698741770158208,0.9809906835795007,0.0
344,17.2,4,0.0,0.9698741770158208,0.9809906835795007,0.0
344,17.2,5,0.0,0.9698741770158212,0.9809906835795009,0.0
345,17.25,0,0.0,0.9697609961056062,0.980918572121054,0.0
345,17.25,1,0.0,0.9697609961056062,0.980918572121054,0.0
345,17.25,2,0.0,0.9697609961056062,0.980918572121054,0.0
345,17.25,3,0.0,0.9697609961056062,0.980918572121054,0.0
345,17.25,4,0.0,0.9697609961056062,0.980918572121054,0.0
345,17.25,5,0.0,0.9697609961056062,0.9809185721210542,0.0
346,17.3,0,0.0,0.9696486090089096,0.9808469611825981,0.0
346,17.3,1,0.0,0.9696486090089096,0.9808469611825981,0.0
346,17.3,2,0.0,0.9696486090089096,0.9808469611825981,0.0
346,17.3,3,0.0,0.9696486090089091,0.9808469611825977,0.0
346,17.3,4,0.0,0.9696486090089091,0.9808469611825977,0.0
346,17.3,5,0.0,0.9696486090089096,0.9808469611825981,0.0
347,17.35,0,0.0,0.9695371126846679,0.9807759126609068,0.0
347,17.35,1,0.0,0.9695371126846679,0.9807759126609068,0.0
347,17.35,2,0.0,0.9695371126846679,0.9807759126609068,0.0
347,17.35,3,0.0,0.9695371126846679,0.9807759126609068,0.0
347,17.35,4,0.0,0.9695371126846679,0.9807759126609069,0.0
347,17.35,5,0.0,0.9695371126846679,0.9807759126609069,0.0
348,17.400000000000002,0,0.0,0.9694266112655847,0.9807054930416067,0.0
348,17.400000000000002,1,0.0,0.9694266112655847,0.9807054930416067,0.0
348,17.400000000000002,2,0.0,0.9694266112655847,0.9807054930416067,0.0
348,17.400000000000002,3,0.0,0.9694266112655847,0.9807054930416067,0.0
348,17.400000000000002,4,0.0,0.9694266112655847,0.9807054930416067,0.0
348,17.400000000000002,5,0.0,0.9694266112655847,0.9807054930416067,0.0
349,17.45,0,0.0,0.9693172165127908,0.9806357736902057,0.0
349,17.45,1,0.0,0.9693172165127908,0.9806357736902057,0.0
349,17.45,2,0.0,0.9693172165127908,0.9806357736902057,0.0
349,17.45,3,0.0,0.9693172165127908,0.9806357736902057,0.0
349,17.45,4,0.0,0.9693172165127908,0.9806357736902057,0.0
349,17.45,5,0.0,0.9693172165127908,0.9806357736902057,0.0
350,17.5,0,0.0,0.9692090482552385,0.9805668311334257,0.0
350,17.5,1,0.0,0.9692090482552385,0.9805668311334257,0.0
350,17.5,2,0.0,0.9692090482552385,0.9805668311334257,0.0
350,17.5,3,0.0,0.9692090482552385,0.9805668311334257,0.0
350,17.5,4,0.0,0.9692090482552385,0.9805668311334257,0.0
350,17.5,5,0.0,0.9692090482552385,0.9805668311334257,0.0
351,17.55,0,0.0,0.9691022347945484,0.9804987473185193,0.0
351,17.55,1,0.0,0.9691022347945484,0.9804987473185193,0.0
351,17.55,2,0.0,0.9691022347945484,0.9804987473185193,0.0
351,17.55,3,0.0,0.9691022347945484,0.9804987473185193,0.0
351,17.55,4,0.0,0.9691022347945484,0.9804987473185193,0.0
351,17.55,5,0.0,0.9691022347945484,0.9804987473185193,0.0
352,17.6,0,0.0,0.9689969132493841,0.980431609834021,0.0
352,17.6,1,0.0,0.9689969132493841,0.980431609834021,0.0
352,17.6,2,0.0,0.9689969132493841,0.980431609834021,0.0
352,17.6,3,0.0,0.9689969132493843,0.9804316098340212,0.0
352,17.6,4,0.0,0.9689969132493841,0.980431609834021,0.0
352,17.6,5,0.0,0.9689969132493841,0.980431609834021,0.0
353,17.650000000000002,0,0.0,0.9688932298051158,0.980365512070062,0.0
353,17.650000000000002,1,0.0,0.9688932298051158,0.980365512070062,0.0
353,17.650000000000002,2,0.0,0.9688932298051158,0.980365512070062,0.0
353,17.650000000000002,3,0.0,0.9688932298051158,0.980365512070062,0.0
353,17.650000000000002,4,0.0,0.9688932298051158,0.980365512070062,0.0
353,17.650000000000002,5,0.0,0.9688932298051158,0.980365512070062,0.0
354,17.7,0,0.0,0.9687913398244417,0.9803005532899346,0.0
354,17.7,1,0.0,0.9687913398244417,0.9803005532899346,0.0
354,17.7,2,0.0,0.9687913398244421,0.9803005532899349,0.0
354,17.7,3,0.0,0.9687913398244417,0.9803005532899346,0.0
354,17.7,4,0.0,0.9687913398244417,0.9803005532899346,0.0
354,17.7,5,0.0,0.9687913398244419,0.9803005532899348,0.0
355,17.75,0,0.0,0.9686914077626421,0.9802368385769342,0.0
355,17.75,1,0.0,0.9686914077626421,0.9802368385769342,0.0
355,17.75,2,0.0,0.9686914077626421,0.9802368385769342,0.0
355,17.75,3,0.0,0.9686914077626423,0.9802368385769343,0.0
355,17.75,4,0.0,0.9686914077626421,0.9802368385769342,0.0
355,17.75,5,0.0,0.9686914077626421,0.9802368385769342,0.0
356,17.8,0,0.0,0.9685936068173897,0.9801744786117098,0.0
356,17.8,1,0.0,0.9685936068173897,0.9801744786117098,0.0
356,17.8,2,0.0,0.9685936068173897,0.9801744786117098,0.0
356,17.8,3,0.0,0.9685936068173897,0.9801744786117098,0.0
356,17.8,4,0.0,0.9685936068173904,0.9801744786117101,0.0
356,17.8,5,0.0,0.9685936068173904,0.9801744786117101,0.0
357,17.85,0,0.0,0.9684981182280115,0.9801135892257663,0.0
357,17.85,1,0.0,0.9684981182280115,0.9801135892257663,0.0
357,17.85,2,0.0,0.9684981182280115,0.9801135892257663,0.0
357,17.85,3,0.0,0.9684981182280115,0.9801135892257663,0.0
357,17.85,4,0.0,0.9684981182280117,0.9801135892257665,0.0
357,17.85,5,0.0,0.9684981182280117,0.9801135892257665,0.0
358,17.900000000000002,0,0.0,0.9684051301237984,0.9800542906669752,0.0
358,17.900000000000002,1,0.0,0.9684051301237984,0.9800542906669752,0.0
358,17.900000000000002,2,0.0,0.9684051301237984,0.9800542906669752,0.0
358,17.900000000000002,3,0.0,0.9684051301237984,0.9800542906669752,0.0
358,17.900000000000002,4,0.0,0.9684051301237981,0.980054290666975,0.0
358,17.900000000000002,5,0.0,0.9684051301237984,0.9800542906669752,0.0
359,17.95,0,0.0,0.9683148358072291,0.9799967065041781,0.0
359,17.95,1,0.0,0.9683148358072291,0.9799967065041781,0.0
359,17.95,2,0.0,0.9683148358072295,0.9799967065041785,0.0
359,17.95,3,0.0,0.9683148358072295,0.9799967065041785,0.0
359,17.95,4,0.0,0.9683148358072291,0.9799967065041781,0.0
359,17.95,5,0.0,0.9683148358072295,0.9799967065041785,0.0
360,18.0,0,0.0,0.9682274313486412,0.9799409620920035,0.0
360,18.0,1,0.0,0.9682274313486412,0.9799409620920035,0.0
360,18.0,2,0.0,0.9682274313486412,0.9799409620920035,0.0
360,18.0,3,0.0,0.9682274313486412,0.9799409620920035,0.0
360,18.0,4,0.0,0.9682274313486412,0.9799409620920035,0.0
360,18.0,5,0.0,0.9682274313486412,0.9799409620920035,0.0
361,18.05,0,0.0,0.9681431123681477,0.9798871825165306,0.0
361,18.05,1,0.0,0.9681431123681477,0.9798871825165306,0.0
361,18.05,2,0.0,0.9681431123681477,0.9798871825165306,0.0
361,18.05,3,0.0,0.9681431123681477,0.9798871825165306,0.0
361,18.05,4,0.0,0.9681431123681477,0.9798871825165306,0.0
361,18.05,5,0.0,0.9681431123681477,0.9798871825165306,0.0
362,18.1,0,0.0,0.9680620698940077,0.9798354899509966,0.0
362,18.1,1,0.0,0.9680620698940077,0.9798354899509966,0.0
362,18.1,2,0.0,0.9680620698940077,0.9798354899509966,0.0
362,18.1,3,0.0,0.9680620698940077,0.9798354899509966,0.0
362,18.1,4,0.0,0.9680620698940077,0.9798354899509966,0.0
362,18.1,5,0.0,0.9680620698940077,0.9798354899509966,0.0
363,18.150000000000002,0,0.0,0.9679844852208617,0.9797860003725697,0.0
363,18.150000000000002,1,0.0,0.9679844852208617,0.9797860003725697,0.0
363,18.150000000000002,2,0.0,0.9679844852208617,0.9797860003725697,0.0
363,18.150000000000002,3,0.0,0.9679844852208617,0.9797860003725697,0.0
363,18.150000000000002,4,0.0,0.9679844852208617,0.9797860003725697,0.0
363,18.150000000000002,5,0.0,0.9679844852208617,0.9797860003725697,0.0
364,18.2,0,0.0,0.9679105237532326,0.9797388196307936,0.0
364,18.2,1,0.0,0.9679105237532326,0.9797388196307936,0.0
364,18.2,2,0.0,0.9679105237532326,0.9797388196307936,0.0
364,18.2,3,0.0,0.9679105237532326,0.9797388196307936,0.0
364,18.2,4,0.0,0.9679105237532326,0.9797388196307936,0.0
364,18.2,5,0.0,0.9679105237532322,0.9797388196307933,0.0
365,18.25,0,0.0,0.967840327915009,0.9796940389191725,0.0
365,18.25,1,0.0,0.967840327915009,0.9796940389191725,0.0
365,18.25,2,0.0,0.967840327915009,0.9796940389191725,0.0
365,18.25,3,0.0,0.967840327915009,0.9796940389191725,0.0
365,18.25,4,0.0,0.967840327915009,0.9796940389191725,0.0
365,18.25,5,0.0,0.967840327915009,0.9796940389191725,0.0
366,18.3,0,0.0,0.967774009335723,0.9796517297844441,0.0
366,18.3,1,0.0,0.967774009335723,0.9796517297844441,0.0
366,18.3,2,0.0,0.967774009335723,0.9796517297844441,0.0
366,18.3,3,0.0,0.967774009335723,0.9796517297844441,0.0
366,18.3,4,0.0,0.967774009335723,0.9796517297844441,0.0
366,18.3,5,0.0,0.967774009335723,0.9796517297844441,0.0
367,18.35,0,0.0,0.967711640683202,0.979611938909486,0.0
367,18.35,1,0.0,0.967711640683202,0.979611938909486,0.0
367,18.35,2,0.0,0.967711640683202,0.979611938909486,0.0
367,18.35,3,0.0,0.967711640683202,0.979611938909486,0.0
367,18.35,4,0.0,0.967711640683202,0.979611938909486,0.0
367,18.35,5,0.0,0.967711640683202,0.979611938909486,0.0
368,18.400000000000002,0,0.0,0.9676532476825661,0.9795746830146274,0.0
368,18.400000000000002,1,0.0,0.9676532476825661,0.9795746830146274,0.0
368,18.400000000000002,2,0.0,0.9676532476825663,0.9795746830146275,0.0
368,18.400000000000002,3,0.0,0.9676532476825663,0.9795746830146275,0.0
368,18.400000000000002,4,0.0,0.9676532476825663,0.9795746830146275,0.0
368,18.400000000000002,5,0.0,0.9676532476825663,0.9795746830146275,0.0
369,18.45,0,0.0,0.9675988020137656,0.9795399443193764,0.0
369,18.45,1,0.0,0.9675988020137656,0.9795399443193764,0.0
369,18.45,2,0.0,0.9675988020137656,0.9795399443193763,0.0
369,18.45,3,0.0,0.9675988020137656,0.9795399443193764,0.0
369,18.45,4,0.0,0.9675988020137656,0.9795399443193763,0.0
369,18.45,5,0.0,0.9675988020137656,0.9795399443193763,0.0
370,18.5,0,0.0,0.9675480390973039,0.9795075542698126,0.0
370,18.5,1,0.0,0.9675480390973039,0.9795075542698126,0.0
370,18.5,2,0.0,0.9675480390973039,0.9795075542698126,0.0
370,18.5,3,0.0,0.9675480390973039,0.9795075542698126,0.0
370,18.5,4,0.0,0.9675480390973039,0.9795075542698126,0.0
370,18.5,5,0.0,0.9675480390973039,0.9795075542698126,0.0
371,18.55,0,0.0,0.967500533495316,0.9794772416289951,0.0
371,18.55,1,0.0,0.967500533495316,0.9794772416289951,0.0
371,18.55,2,0.0,0.967500533495316,0.9794772416289951,0.0
371,18.55,3,0.0,0.967500533495316,0.9794772416289951,0.0
371,18.55,4,0.0,0.967500533495316,0.9794772416289951,0.0
371,18.55,5,0.0,0.9675005334953153,0.9794772416289947,0.0
372,18.6,0,0.0,0.9674559192619674,0.9794487730746612,0.0
372,18.6,1,0.0,0.9674559192619674,0.9794487730746612,0.0
372,18.6,2,0.0,0.9674559192619674,0.9794487730746612,0.0
372,18.6,3,0.0,0.9674559192619674,0.9794487730746612,0.0
372,18.6,4,0.0,0.9674559192619674,0.9794487730746612,0.0
372,18.6,5,0.0,0.9674559192619667,0.9794487730746608,0.0
373,18.650000000000002,0,0.0,0.9674137580607549,0.9794218690513009,0.0
373,18.650000000000002,1,0.0,0.9674137580607549,0.9794218690513009,0.0
373,18.650000000000002,2,0.0,0.9674137580607549,0.9794218690513009,0.0
373,18.650000000000002,3,0.0,0.9674137580607549,0.9794218690513009,0.0
373,18.650000000000002,4,0.0,0.9674137580607549,0.9794218690513009,0.0
373,18.650000000000002,5,0.0,0.9674137580607549,0.9794218690513009,0.0
374,18.7,0,0.0,0.9673735212966383,0.9793961923658872,0.0
374,18.7,1,0.0,0.9673735212966383,0.9793961923658872,0.0
374,18.7,2,0.0,0.9673735212966383,0.9793961923658872,0.0
374,18.7,3,0.0,0.9673735212966383,0.9793961923658872,0.0
374,18.7,4,0.0,0.9673735212966383,0.9793961923658872,0.0
374,18.7,5,0.0,0.9673735212966383,0.9793961923658872,0.0
375,18.75,0,0.0,0.9673345823791231,0.9793713432472403,0.0
375,18.75,1,0.0,0.9673345823791231,0.9793713432472403,0.0
375,18.75,2,0.0,0.9673345823791231,0.9793713432472403,0.0
375,18.75,3,0.0,0.9673345823791231,0.9793713432472403,0.0
375,18.75,4,0.0,0.9673345823791226,0.9793713432472401,0.0
375,18.75,5,0.0,0.9673345823791231,0.9793713432472403,0.0
376,18.8,0,0.0,0.9672962219903658,0.9793468627038927,0.0
376,18.8,1,0.0,0.9672962219903658,0.9793468627038927,0.0
376,18.8,2,0.0,0.9672962219903658,0.9793468627038927,0.0
376,18.8,3,0.0,0.9672962219903658,0.9793468627038927,0.0
376,18.8,4,0.0,0.9672962219903658,0.9793468627038927,0.0
376,18.8,5,0.0,0.9672962219903658,0.9793468627038927,0.0
377,18.85,0,0.0,0.9672576481574202,0.9793222453292763,0.0
377,18.85,1,0.0,0.9672576481574202,0.9793222453292763,0.0
377,18.85,2,0.0,0.9672576481574202,0.9793222453292763,0.0
377,18.85,3,0.0,0.9672576481574202,0.9793222453292763,0.0
377,18.85,4,0.0,0.9672576481574204,0.9793222453292764,0.0
377,18.85,5,0.0,0.9672576481574202,0.9793222453292763,0.0
378,18.900000000000002,0,0.0,0.9672180308697818,0.9792969613897652,0.0
378,18.900000000000002,1,0.0,0.9672180308697818,0.9792969613897652,0.0
378,18.900000000000002,2,0.0,0.9672180308697818,0.9792969613897652,0.0
378,18.900000000000002,3,0.0,0.9672180308697818,0.9792969613897652,0.0
378,18.900000000000002,4,0.0,0.9672180308697818,0.9792969613897652,0.0
378,18.900000000000002,5,0.0,0.9672180308697818,0.9792969613897652,0.0
379,18.95,0,0.0,0.9671765482828449,0.9792704863078209,0.0
379,18.95,1,0.0,0.9671765482828449,0.9792704863078209,0.0
379,18.95,2,0.0,0.9671765482828449,0.9792704863078209,0.0
379,18.95,3,0.0,0.9671765482828449,0.9792704863078209,0.0
379,18.95,4,0.0,0.9671765482828449,0.9792704863078209,0.0
379,18.95,5,0.0,0.9671765482828449,0.9792704863078209,0.0
380,19.0,0,0.0,0.9671298407862685,0.9792406757191184,0.0
380,19.0,1,0.0,0.9671298407862685,0.9792406757191184,0.0
380,19.0,2,0.0,0.9671298407862685,0.9792406757191184,0.0
380,19.0,3,0.0,0.9671298407862685,0.9792406757191184,0.0
380,19.0,4,0.0,0.9671298407862685,0.9792406757191184,0.0
380,19.0,5,0.0,0.9671298407862685,0.9792406757191184,0.0
381,19.05,0,0.0,0.967074188366063,0.9792051549382176,0.0
381,19.05,1,0.0,0.967074188366063,0.9792051549382176,0.0
381,19.05,2,0.0,0.967074188366063,0.9792051549382176,0.0
381,19.05,3,0.0,0.967074188366063,0.9792051549382176,0.0
381,19.05,4,0.0,0.9670741883660632,0.9792051549382177,0.0
381,19.05,5,0.0,0.967074188366063,0.9792051549382176,0.0
382,19.1,0,0.0,0.9670091355033048,0.9791636325860611,0.0
382,19.1,1,0.0,0.9670091355033048,0.9791636325860611,0.0
382,19.1,2,0.0,0.9670091355033048,0.9791636325860611,0.0
382,19.1,3,0.0,0.9670091355033048,0.9791636325860611,0.0
382,19.1,4,0.0,0.9670091355033048,0.9791636325860611,0.0
382,19.1,5,0.0,0.9670091355033048,0.9791636325860611,0.0
383,19.150000000000002,0,0.0,0.9669344282151362,0.979115945774003,0.0
383,19.150000000000002,1,0.0,0.9669344282151362,0.979115945774003,0.0
383,19.150000000000002,2,0.0,0.9669344282151362,0.979115945774003,0.0
383,19.150000000000002,3,0.0,0.9669344282151362,0.979115945774003,0.0
383,19.150000000000002,4,0.0,0.9669344282151362,0.979115945774003,0.0
383,19.150000000000002,5,0.0,0.9669344282151366,0.9791159457740032,0.0
384,19.200000000000003,0,0.0,0.9668500364796677,0.9790620744363375,0.0
384,19.200000000000003,1,0.0,0.9668500364796677,0.9790620744363375,0.0
384,19.200000000000003,2,0.0,0.9668500364796677,0.9790620744363375,0.0
384,19.200000000000003,3,0.0,0.9668500364796677,0.9790620744363375,0.0
384,19.200000000000003,4,0.0,0.9668500364796677,0.9790620744363375,0.0
384,19.200000000000003,5,0.0,0.9668500364796677,0.9790620744363375,0.0
385,19.25,0,0.0,0.9667592477154612,0.9790041162550475,0.0
385,19.25,1,0.0,0.9667592477154612,0.9790041162550475,0.0
385,19.25,2,0.0,0.9667592477154612,0.9790041162550475,0.0
385,19.25,3,0.0,0.9667592477154612,0.9790041162550475,0.0
385,19.25,4,0.0,0.9667592477154612,0.9790041162550475,0.0
385,19.25,5,0.0,0.9667592477154612,0.9790041162550475,0.0
386,19.3,0,0.0,0.966662312321019,0.9789422303697362,0.0
386,19.3,1,0.0,0.966662312321019,0.9789422303697362,0.0
386,19.3,2,0.0,0.966662312321019,0.9789422303697362,0.0
386,19.3,3,0.0,0.966662312321019,0.9789422303697362,0.0
386,19.3,4,0.0,0.966662312321019,0.9789422303697362,0.0
386,19.3,5,0.0,0.966662312321019,0.9789422303697363,0.0
387,19.35,0,0.0,0.966559294612376,0.9788764571004198,0.0
387,19.35,1,0.0,0.966559294612376,0.9788764571004198,0.0
387,19.35,2,0.0,0.966559294612376,0.9788764571004198,0.0
387,19.35,3,0.0,0.966559294612376,0.9788764571004198,0.0
387,19.35,4,0.0,0.966559294612376,0.9788764571004198,0.0
387,19.35,5,0.0,0.966559294612376,0.9788764571004198,0.0
388,19.400000000000002,0,0.0,0.9664502938357691,0.9788068590353826,0.0
388,19.400000000000002,1,0.0,0.9664502938357691,0.9788068590353826,0.0
388,19.400000000000002,2,0.0,0.9664502938357691,0.9788068590353826,0.0
388,19.400000000000002,3,0.0,0.9664502938357691,0.9788068590353826,0.0
388,19.400000000000002,4,0.0,0.9664502938357691,0.9788068590353826,0.0
388,19.400000000000002,5,0.0,0.9664502938357691,0.9788068590353826,0.0
389,19.450000000000003,0,0.0,0.9663354459363056,0.9787335221705559,0.0
389,19.450000000000003,1,0.0,0.9663354459363056,0.9787335221705559,0.0
389,19.450000000000003,2,0.0,0.9663354459363056,0.9787335221705559,0.0
389,19.450000000000003,3,0.0,0.9663354459363056,0.9787335221705559,0.0
389,19.450000000000003,4,0.0,0.9663354459363056,0.9787335221705559,0.0
389,19.450000000000003,5,0.0,0.9663354459363056,0.9787335221705559,0.0
390,19.5,0,0.0,0.9662149237983462,0.9786565560746695,0.0
390,19.5,1,0.0,0.9662149237983462,0.9786565560746695,0.0
390,19.5,2,0.0,0.9662149237983462,0.9786565560746695,0.0
390,19.5,3,0.0,0.9662149237983462,0.9786565560746695,0.0
390,19.5,4,0.0,0.9662149237983462,0.9786565560746695,0.0
390,19.5,5,0.0,0.966214923798346,0.9786565560746694,0.0
391,19.55,0,0.0,0.9660889358964451,0.978576093040575,0.0
391,19.55,1,0.0,0.9660889358964451,0.978576093040575,0.0
391,19.55,2,0.0,0.9660889358964451,0.978576093040575,0.0
391,19.55,3,0.0,0.9660889358964451,0.978576093040575,0.0
391,19.55,4,0.0,0.9660889358964446,0.9785760930405748,0.0
391,19.55,5,0.0,0.9660889358964451,0.978576093040575,0.0
392,19.6,0,0.0,0.9659577234712424,0.978492286295121,0.0
392,19.6,1,0.0,0.9659577234712424,0.978492286295121,0.0
392,19.6,2,0.0,0.9659577234712424,0.978492286295121,0.0
392,19.6,3,0.0,0.9659577234712424,0.978492286295121,0.0
392,19.6,4,0.0,0.9659577234712424,0.978492286295121,0.0
392,19.6,5,0.0,0.9659577234712424,0.978492286295121,0.0
393,19.650000000000002,0,0.0,0.9658215564690802,0.9784053074193487,0.0
393,19.650000000000002,1,0.0,0.9658215564690802,0.9784053074193487,0.0
393,19.650000000000002,2,0.0,0.9658215564690802,0.9784053074193487,0.0
393,19.650000000000002,3,0.0,0.9658215564690802,0.9784053074193487,0.0
393,19.650000000000002,4,0.0,0.96582155646908,0.9784053074193486,0.0
393,19.650000000000002,5,0.0,0.96582155646908,0.9784053074193486,0.0
394,19.700000000000003,0,0.0,0.9656807285563598,0.9783153431769583,0.0
394,19.700000000000003,1,0.0,0.9656807285563598,0.9783153431769583,0.0
394,19.700000000000003,2,0.0,0.9656807285563598,0.9783153431769583,0.0
394,19.700000000000003,3,0.0,0.9656807285563602,0.9783153431769586,0.0
394,19.700000000000003,4,0.0,0.9656807285563602,0.9783153431769586,0.0
394,19.700000000000003,5,0.0,0.9656807285563598,0.9783153431769583,0.0
395,19.75,0,0.0,0.9655355515455601,0.9782225919656272,0.0
395,19.75,1,0.0,0.9655355515455601,0.9782225919656272,0.0
395,19.75,2,0.0,0.9655355515455601,0.9782225919656272,0.0
395,19.75,3,0.0,0.9655355515455595,0.9782225919656269,0.0
395,19.75,4,0.0,0.9655355515455601,0.9782225919656272,0.0
395,19.75,5,0.0,0.9655355515455597,0.978222591965627,0.0
396,19.8,0,0.0,0.965386349559135,0.9781272600990726,0.0
396,19.8,1,0.0,0.965386349559135,0.9781272600990726,0.0
396,19.8,2,0.0,0.965386349559135,0.9781272600990726,0.0
396,19.8,3,0.0,0.965386349559135,0.9781272600990726,0.0
396,19.8,4,0.0,0.965386349559135,0.9781272600990726,0.0
396,19.8,5,0.0,0.965386349559135,0.9781272600990726,0.0
397,19.85,0,0.0,0.9652334532214895,0.9780295581048978,0.0
397,19.85,1,0.0,0.9652334532214895,0.9780295581048978,0.0
397,19.85,2,0.0,0.9652334532214895,0.9780295581048978,0.0
397,19.85,3,0.0,0.9652334532214895,0.9780295581048978,0.0
397,19.85,4,0.0,0.9652334532214895,0.9780295581048978,0.0
397,19.85,5,0.0,0.965233453221489,0.9780295581048976,0.0
398,19.900000000000002,0,0.0,0.9650771941185166,0.9779296971910331,0.0
398,19.900000000000002,1,0.0,0.9650771941185166,0.9779296971910331,0.0
398,19.900000000000002,2,0.0,0.9650771941185166,0.9779296971910331,0.0
398,19.900000000000002,3,0.0,0.9650771941185166,0.9779296971910331,0.0
398,19.900000000000002,4,0.0,0.965077194118517,0.9779296971910333,0.0
398,19.900000000000002,5,0.0,0.9650771941185166,0.9779296971910331,0.0
399,19.950000000000003,0,0.0,0.9649178997076224,0.9778278859975962,0.0
399,19.950000000000003,1,0.0,0.9649178997076224,0.9778278859975962,0.0
399,19.950000000000003,2,0.0,0.9649178997076224,0.9778278859975962,0.0
399,19.950000000000003,3,0.0,0.9649178997076224,0.9778278859975962,0.0
399,19.950000000000003,4,0.0,0.9649178997076224,0.9778278859975962,0.0
399,19.950000000000003,5,0.0,0.9649178997076224,0.9778278859975962,0.0
400,20.0,0,0.0,0.9647558888052454,0.9777243277154133,0.0
400,20.0,1,0.0,0.9647558888052454,0.9777243277154133,0.0
400,20.0,2,0.0,0.9647558888052454,0.9777243277154133,0.0
400,20.0,3,0.0,0.9647558888052454,0.9777243277154133,0.0
400,20.0,4,0.0,0.9647558888052454,0.9777243277154133,0.0
400,20.0,5,0.0,0.9647558888052454,0.9777243277154132,0.0
401,20.05,0,0.0,0.9645914677279877,0.9776192176200222,0.0
401,20.05,1,0.0,0.9645914677279877,0.9776192176200222,0.0
401,20.05,2,0.0,0.9645914677279877,0.9776192176200222,0.0
401,20.05,3,0.0,0.9645914677279877,0.9776192176200222,0.0
401,20.05,4,0.0,0.9645914677279877,0.9776192176200222,0.0
401,20.05,5,0.0,0.9645914677279877,0.9776192176200222,0.0
402,20.1,0,0.0,0.9644249271199024,0.9775127410422219,0.0
402,20.1,1,0.0,0.9644249271199024,0.9775127410422219,0.0
402,20.1,2,0.0,0.9644249271199024,0.9775127410422219,0.0
402,20.1,3,0.0,0.9644249271199024,0.9775127410422219,0.0
402,20.1,4,0.0,0.9644249271199026,0.9775127410422221,0.0
402,20.1,5,0.0,0.9644249271199026,0.9775127410422221,0.0
403,20.150000000000002,0,0.0,0.9642565394632883,0.9774050717737812,0.0
403,20.150000000000002,1,0.0,0.9642565394632883,0.9774050717737812,0.0
403,20.150000000000002,2,0.0,0.9642565394632883,0.9774050717737812,0.0
403,20.150000000000002,3,0.0,0.9642565394632883,0.9774050717737812,0.0
403,20.150000000000002,4,0.0,0.9642565394632883,0.9774050717737812,0.0
403,20.150000000000002,5,0.0,0.9642565394632883,0.9774050717737812,0.0
404,20.200000000000003,0,0.0,0.964086557243395,0.9772963708897335,0.0
404,20.200000000000003,1,0.0,0.964086557243395,0.9772963708897335,0.0
404,20.200000000000003,2,0.0,0.964086557243395,0.9772963708897335,0.0
404,20.200000000000003,3,0.0,0.964086557243395,0.9772963708897335,0.0
404,20.200000000000003,4,0.0,0.9640865572433952,0.9772963708897336,0.0
404,20.200000000000003,5,0.0,0.9640865572433952,0.9772963708897336,0.0
405,20.25,0,0.0,0.9639152117181977,0.9771867859563734,0.0
405,20.25,1,0.0,0.9639152117181977,0.9771867859563734,0.0
405,20.25,2,0.0,0.9639152117181975,0.9771867859563733,0.0
405,20.25,3,0.0,0.9639152117181975,0.9771867859563733,0.0
405,20.25,4,0.0,0.9639152117181975,0.9771867859563733,0.0
405,20.25,5,0.0,0.9639152117181975,0.9771867859563733,0.0
406,20.3,0,0.0,0.9637427122317441,0.9770764505859714,0.0
406,20.3,1,0.0,0.9637427122317441,0.9770764505859714,0.0
406,20.3,2,0.0,0.9637427122317441,0.9770764505859714,0.0
406,20.3,3,0.0,0.9637427122317441,0.9770764505859714,0.0
406,20.3,4,0.0,0.9637427122317441,0.9770764505859714,0.0
406,20.3,5,0.0,0.9637427122317441,0.9770764505859714,0.0
407,20.35,0,0.0,0.9635692460025322,0.9769654842946937,0.0
407,20.35,1,0.0,0.9635692460025322,0.9769654842946937,0.0
407,20.35,2,0.0,0.9635692460025322,0.9769654842946937,0.0
407,20.35,3,0.0,0.9635692460025322,0.9769654842946937,0.0
407,20.35,4,0.0,0.9635692460025322,0.9769654842946937,0.0
407,20.35,5,0.0,0.9635692460025322,0.9769654842946937,0.0
408,20.400000000000002,0,0.0,0.9633949783157254,0.9768539926184756,0.0
408,20.400000000000002,1,0.0,0.9633949783157254,0.9768539926184756,0.0
408,20.400000000000002,2,0.0,0.9633949783157254,0.9768539926184756,0.0
408,20.400000000000002,3,0.0,0.9633949783157254,0.9768539926184756,0.0
408,20.400000000000002,4,0.0,0.9633949783157254,0.9768539926184756,0.0
408,20.400000000000002,5,0.0,0.9633949783157254,0.9768539926184756,0.0
409,20.450000000000003,0,0.0,0.9632200530487911,0.9767420674420596,0.0
409,20.450000000000003,1,0.0,0.9632200530487911,0.9767420674420596,0.0
409,20.450000000000003,2,0.0,0.9632200530487911,0.9767420674420596,0.0
409,20.450000000000003,3,0.0,0.9632200530487911,0.9767420674420596,0.0
409,20.450000000000003,4,0.0,0.9632200530487911,0.9767420674420596,0.0
409,20.450000000000003,5,0.0,0.9632200530487909,0.9767420674420594,0.0
410,20.5,0,0.0,0.9630445934634204,0.9766297874984541,0.0
410,20.5,1,0.0,0.9630445934634204,0.9766297874984541,0.0
410,20.5,2,0.0,0.9630445934634204,0.9766297874984541,0.0
410,20.5,3,0.0,0.9630445934634204,0.9766297874984541,0.0
410,20.5,4,0.0,0.9630445934634204,0.976629787498454,0.0
410,20.5,5,0.0,0.9630445934634204,0.976629787498454,0.0
411,20.55,0,0.0,0.962868703201565,0.9765172189992127,0.0
411,20.55,1,0.0,0.962868703201565,0.9765172189992127,0.0
411,20.55,2,0.0,0.962868703201565,0.9765172189992127,0.0
411,20.55,3,0.0,0.962868703201565,0.9765172189992127,0.0
411,20.55,4,0.0,0.962868703201565,0.9765172189992127,0.0
411,20.55,5,0.0,0.962868703201565,0.9765172189992127,0.0
412,20.6,0,0.0,0.9626924674295076,0.9764044163597809,0.0
412,20.6,1,0.0,0.9626924674295076,0.9764044163597809,0.0
412,20.6,2,0.0,0.9626924674295076,0.9764044163597809,0.0
412,20.6,3,0.0,0.9626924674295076,0.9764044163597809,0.0
412,20.6,4,0.0,0.9626924674295076,0.9764044163597809,0.0
412,20.6,5,0.0,0.9626924674295076,0.9764044163597809,0.0
413,20.650000000000002,0,0.0,0.9625159540805175,0.9762914229883651,0.0
413,20.650000000000002,1,0.0,0.9625159540805175,0.9762914229883651,0.0
413,20.650000000000002,2,0.0,0.9625159540805175,0.9762914229883651,0.0
413,20.650000000000002,3,0.0,0.9625159540805175,0.9762914229883651,0.0
413,20.650000000000002,4,0.0,0.9625159540805175,0.9762914229883651,0.0
413,20.650000000000002,5,0.0,0.9625159540805175,0.9762914229883651,0.0
414,20.700000000000003,0,0.0,0.9623392151534598,0.9761782721111061,0.0
414,20.700000000000003,1,0.0,0.9623392151534598,0.9761782721111061,0.0
414,20.700000000000003,2,0.0,0.9623392151534598,0.9761782721111061,0.0
414,20.700000000000003,3,0.0,0.9623392151534593,0.9761782721111057,0.0
414,20.700000000000003,4,0.0,0.9623392151534598,0.9761782721111061,0.0
414,20.700000000000003,5,0.0,0.9623392151534595,0.976178272111106,0.0
415,20.75,0,0.0,0.9621622880314116,0.9760649876105917,0.0
415,20.75,1,0.0,0.9621622880314116,0.9760649876105917,0.0
415,20.75,2,0.0,0.962162288031412,0.9760649876105919,0.0
415,20.75,3,0.0,0.962162288031412,0.9760649876105919,0.0
415,20.75,4,0.0,0.962162288031412,0.9760649876105919,0.0
415,20.75,5,0.0,0.9621622880314116,0.9760649876105917,0.0
416,20.8,0,0.0,0.9619849792155637,0.9759514455235233,0.0
416,20.8,1,0.0,0.9619849792155637,0.9759514455235233,0.0
416,20.8,2,0.0,0.9619849792155637,0.9759514455235233,0.0
416,20.8,3,0.0,0.9619849792155637,0.9759514455235233,0.0
416,20.8,4,0.0,0.9619849792155637,0.9759514455235233,0.0
416,20.8,5,0.0,0.9619849792155637,0.9759514455235232,0.0
417,20.85,0,0.0,0.9618073648135945,0.9758376945050816,0.0
417,20.85,1,0.0,0.9618073648135945,0.9758376945050816,0.0
417,20.85,2,0.0,0.9618073648135945,0.9758376945050816,0.0
417,20.85,3,0.0,0.9618073648135945,0.9758376945050816,0.0
417,20.85,4,0.0,0.9618073648135945,0.9758376945050816,0.0
417,20.85,5,0.0,0.9618073648135945,0.9758376945050816,0.0
418,20.900000000000002,0,0.0,0.9616295307924227,0.975723789548317,0.0
418,20.900000000000002,1,0.0,0.9616295307924227,0.975723789548317,0.0
418,20.900000000000002,2,0.0,0.9616295307924227,0.975723789548317,0.0
418,20.900000000000002,3,0.0,0.9616295307924227,0.975723789548317,0.0
418,20.900000000000002,4,0.0,0.9616295307924227,0.975723789548317,0.0
418,20.900000000000002,5,0.0,0.9616295307924227,0.975723789548317,0.0
419,20.950000000000003,0,0.0,0.9614515437893292,0.9756097732888193,0.0
419,20.950000000000003,1,0.0,0.9614515437893292,0.9756097732888193,0.0
419,20.950000000000003,2,0.0,0.9614515437893292,0.9756097732888193,0.0
419,20.950000000000003,3,0.0,0.9614515437893292,0.9756097732888193,0.0
419,20.950000000000003,4,0.0,0.9614515437893292,0.9756097732888193,0.0
419,20.950000000000003,5,0.0,0.9614515437893292,0.9756097732888193,0.0
420,21.0,0,0.0,0.9612734532767719,0.9754956773845617,0.0
420,21.0,1,0.0,0.9612734532767719,0.9754956773845617,0.0
420,21.0,2,0.0,0.9612734532767719,0.9754956773845617,0.0
420,21.0,3,0.0,0.9612734532767719,0.9754956773845617,0.0
420,21.0,4,0.0,0.9612734532767719,0.9754956773845617,0.0
420,21.0,5,0.0,0.9612734532767719,0.9754956773845617,0.0
421,21.05,0,0.0,0.9610952935261854,0.9753815237678699,0.0
421,21.05,1,0.0,0.9610952935261854,0.9753815237678699,0.0
421,21.05,2,0.0,0.9610952935261854,0.9753815237678699,0.0
421,21.05,3,0.0,0.9610952935261854,0.9753815237678699,0.0
421,21.05,4,0.0,0.9610952935261854,0.9753815237678699,0.0
421,21.05,5,0.0,0.9610952935261854,0.9753815237678699,0.0
422,21.1,0,0.0,0.9609170853796114,0.9752673257750996,0.0
422,21.1,1,0.0,0.9609170853796114,0.9752673257750996,0.0
422,21.1,2,0.0,0.9609170853796114,0.9752673257750996,0.0
422,21.1,3,0.0,0.9609170853796114,0.9752673257750996,0.0
422,21.1,4,0.0,0.9609170853796114,0.9752673257750996,0.0
422,21.1,5,0.0,0.9609170853796114,0.9752673257750996,0.0
423,21.150000000000002,0,0.0,0.9607388378393069,0.9751530891604321,0.0
423,21.150000000000002,1,0.0,0.9607388378393069,0.9751530891604321,0.0
423,21.150000000000002,2,0.0,0.9607388378393069,0.9751530891604321,0.0
423,21.150000000000002,3,0.0,0.9607388378393069,0.9751530891604321,0.0
423,21.150000000000002,4,0.0,0.9607388378393069,0.9751530891604321,0.0
423,21.150000000000002,5,0.0,0.9607388378393069,0.9751530891604321,0.0
424,21.200000000000003,0,0.0,0.9605605494863843,0.9750388130007853,0.0
424,21.200000000000003,1,0.0,0.9605605494863843,0.9750388130007853,0.0
424,21.200000000000003,2,0.0,0.9605605494863843,0.9750388130007853,0.0
424,21.200000000000003,3,0.0,0.9605605494863843,0.9750388130007853,0.0
424,21.200000000000003,4,0.0,0.9605605494863843,0.9750388130007853,0.0
424,21.200000000000003,5,0.0,0.9605605494863843,0.9750388130007853,0.0
425,21.25,0,0.0,0.960382209740142,0.974924490499227,0.0
425,21.25,1,0.0,0.960382209740142,0.974924490499227,0.0
425,21.25,2,0.0,0.960382209740142,0.974924490499227,0.0
425,21.25,3,0.0,0.960382209740142,0.974924490499227,0.0
425,21.25,4,0.0,0.960382209740142,0.974924490499227,0.0
425,21.25,5,0.0,0.9603822097401422,0.9749244904992271,0.0
426,21.3,0,0.0,0.9602037999700843,0.9748101096945011,0.0
426,21.3,1,0.0,0.9602037999700843,0.9748101096945011,0.0
426,21.3,2,0.0,0.9602037999700843,0.9748101096945011,0.0
426,21.3,3,0.0,0.9602037999700843,0.9748101096945011,0.0
426,21.3,4,0.0,0.9602037999700843,0.9748101096945011,0.0
426,21.3,5,0.0,0.9602037999700843,0.9748101096945011,0.0
427,21.35,0,0.0,0.9600252944727445,0.9746956540843561,0.0
427,21.35,1,0.0,0.9600252944727445,0.9746956540843561,0.0
427,21.35,2,0.0,0.9600252944727445,0.9746956540843561,0.0
427,21.35,3,0.0,0.9600252944727445,0.9746956540843561,0.0
427,21.35,4,0.0,0.9600252944727445,0.9746956540843561,0.0
427,21.35,5,0.0,0.9600252944727445,0.9746956540843561,0.0
428,21.400000000000002,0,0.0,0.9598466613253862,0.9745811031703481,0.0
428,21.400000000000002,1,0.0,0.9598466613253862,0.9745811031703481,0.0
428,21.400000000000002,2,0.0,0.9598466613253862,0.9745811031703481,0.0
428,21.400000000000002,3,0.0,0.9598466613253864,0.9745811031703483,0.0
428,21.400000000000002,4,0.0,0.9598466613253862,0.9745811031703481,0.0
428,21.400000000000002,5,0.0,0.9598466613253862,0.9745811031703481,0.0
429,21.450000000000003,0,0.0,0.959667863128455,0.9744664329316678,0.0
429,21.450000000000003,1,0.0,0.959667863128455,0.9744664329316678,0.0
429,21.450000000000003,2,0.0,0.959667863128455,0.9744664329316678,0.0
429,21.450000000000003,3,0.0,0.959667863128455,0.9744664329316678,0.0
429,21.450000000000003,4,0.0,0.959667863128455,0.9744664329316678,0.0
429,21.450000000000003,5,0.0,0.959667863128455,0.9744664329316678,0.0
430,21.5,0,0.0,0.9594888576483767,0.9743516162353664,0.0
430,21.5,1,0.0,0.9594888576483767,0.9743516162353664,0.0
430,21.5,2,0.0,0.9594888576483771,0.9743516162353667,0.0
430,21.5,3,0.0,0.9594888576483771,0.9743516162353667,0.0
430,21.5,4,0.0,0.9594888576483771,0.9743516162353667,0.0
430,21.5,5,0.0,0.9594888576483771,0.9743516162353667,0.0
431,21.55,0,0.0,0.9593095983719366,0.9742366231901368,0.0
431,21.55,1,0.0,0.9593095983719366,0.9742366231901368,0.0
431,21.55,2,0.0,0.9593095983719369,0.974236623190137,0.0
431,21.55,3,0.0,0.9593095983719366,0.9742366231901368,0.0
431,21.55,4,0.0,0.9593095983719369,0.974236623190137,0.0
431,21.55,5,0.0,0.9593095983719369,0.974236623190137,0.0
432,21.6,0,0.0,0.9591300349830394,0.974121421450529,0.0
432,21.6,1,0.0,0.9591300349830394,0.974121421450529,0.0
432,21.6,2,0.0,0.9591300349830394,0.974121421450529,0.0
432,21.6,3,0.0,0.9591300349830394,0.974121421450529,0.0
432,21.6,4,0.0,0.9591300349830394,0.974121421450529,0.0
432,21.6,5,0.0,0.9591300349830398,0.9741214214505293,0.0
433,21.650000000000002,0,0.0,0.95895011377224,0.9740059764782246,0.0
433,21.650000000000002,1,0.0,0.95895011377224,0.9740059764782246,0.0
433,21.650000000000002,2,0.0,0.95895011377224,0.9740059764782246,0.0
433,21.650000000000002,3,0.0,0.9589501137722403,0.9740059764782248,0.0
433,21.650000000000002,4,0.0,0.95895011377224,0.9740059764782246,0.0
433,21.650000000000002,5,0.0,0.9589501137722403,0.9740059764782248,0.0
434,21.700000000000003,0,0.0,0.9587697779889219,0.9738902517666723,0.0
434,21.700000000000003,1,0.0,0.9587697779889219,0.9738902517666723,0.0
434,21.700000000000003,2,0.0,0.9587697779889219,0.9738902517666723,0.0
434,21.700000000000003,3,0.0,0.9587697779889219,0.9738902517666723,0.0
434,21.700000000000003,4,0.0,0.9587697779889215,0.973890251766672,0.0
434,21.700000000000003,5,0.0,0.9587697779889215,0.973890251766672,0.0
435,21.75,0,0.0,0.9585889681455666,0.9737742090351121,0.0
435,21.75,1,0.0,0.9585889681455666,0.9737742090351121,0.0
435,21.75,2,0.0,0.9585889681455666,0.9737742090351121,0.0
435,21.75,3,0.0,0.9585889681455666,0.9737742090351121,0.0
435,21.75,4,0.0,0.9585889681455673,0.9737742090351125,0.0
435,21.75,5,0.0,0.9585889681455673,0.9737742090351125,0.0
436,21.8,0,0.0,0.9584076222830473,0.9736578083976984,0.0
436,21.8,1,0.0,0.9584076222830473,0.9736578083976984,0.0
436,21.8,2,0.0,0.9584076222830473,0.9736578083976984,0.0
436,21.8,3,0.0,0.958407622283048,0.9736578083976988,0.0
436,21.8,4,0.0,0.9584076222830473,0.9736578083976984,0.0
436,21.8,5,0.0,0.9584076222830473,0.9736578083976984,0.0
437,21.85,0,0.0,0.9582256762054089,0.9735410085131294,0.0
437,21.85,1,0.0,0.9582256762054089,0.9735410085131294,0.0
437,21.85,2,0.0,0.9582256762054089,0.9735410085131294,0.0
437,21.85,3,0.0,0.9582256762054089,0.9735410085131294,0.0
437,21.85,4,0.0,0.9582256762054093,0.9735410085131296,0.0
437,21.85,5,0.0,0.9582256762054089,0.9735410085131294,0.0
438,21.900000000000002,0,0.0,0.9580430636921129,0.9734237667198912,0.0
438,21.900000000000002,1,0.0,0.9580430636921129,0.9734237667198912,0.0
438,21.900000000000002,2,0.0,0.9580430636921129,0.9734237667198912,0.0
438,21.900000000000002,3,0.0,0.9580430636921129,0.9734237667198912,0.0
438,21.900000000000002,4,0.0,0.9580430636921129,0.9734237667198912,0.0
438,21.900000000000002,5,0.0,0.9580430636921129,0.9734237667198912,0.0
439,21.950000000000003,0,0.0,0.9578597166952476,0.9733060391619172,0.0
439,21.950000000000003,1,0.0,0.9578597166952476,0.9733060391619172,0.0
439,21.950000000000003,2,0.0,0.9578597166952476,0.9733060391619172,0.0
439,21.950000000000003,3,0.0,0.9578597166952476,0.9733060391619172,0.0
439,21.950000000000003,4,0.0,0.9578597166952476,0.9733060391619172,0.0
439,21.950000000000003,5,0.0,0.9578597166952478,0.9733060391619174,0.0
440,22.0,0,0.0,0.9576755655286859,0.9731877809091406,0.0
440,22.0,1,0.0,0.9576755655286859,0.9731877809091406,0.0
440,22.0,2,0.0,0.9576755655286857,0.9731877809091404,0.0
440,22.0,3,0.0,0.9576755655286859,0.9731877809091406,0.0
440,22.0,4,0.0,0.9576755655286859,0.9731877809091406,0.0
440,22.0,5,0.0,0.9576755655286857,0.9731877809091404,0.0
441,22.05,0,0.0,0.9574905390556929,0.9730689460771093,0.0
441,22.05,1,0.0,0.9574905390556929,0.9730689460771093,0.0
441,22.05,2,0.0,0.9574905390556929,0.9730689460771093,0.0
441,22.05,3,0.0,0.9574905390556929,0.9730689460771093,0.0
441,22.05,4,0.0,0.9574905390556929,0.9730689460771093,0.0
441,22.05,5,0.0,0.9574905390556929,0.9730689460771093,0.0
442,22.1,0,0.0,0.95730456488094,0.9729494879494901,0.0
442,22.1,1,0.0,0.95730456488094,0.9729494879494901,0.0
442,22.1,2,0.0,0.95730456488094,0.9729494879494901,0.0
442,22.1,3,0.0,0.95730456488094,0.9729494879494901,0.0
442,22.1,4,0.0,0.95730456488094,0.9729494879494901,0.0
442,22.1,5,0.0,0.9573045648809406,0.9729494879494904,0.0
443,22.150000000000002,0,0.0,0.95711756955232,0.9728293591069299,0.0
443,22.150000000000002,1,0.0,0.95711756955232,0.9728293591069299,0.0
443,22.150000000000002,2,0.0,0.95711756955232,0.9728293591069299,0.0
443,22.150000000000002,3,0.0,0.95711756955232,0.9728293591069299,0.0
443,22.150000000000002,4,0.0,0.95711756955232,0.9728293591069299,0.0
443,22.150000000000002,5,0.0,0.9571175695523202,0.97282935910693,0.0
444,22.200000000000003,0,0.0,0.9569294787773823,0.9727085115653753,0.0
444,22.200000000000003,1,0.0,0.9569294787773823,0.9727085115653753,0.0
444,22.200000000000003,2,0.0,0.9569294787773823,0.9727085115653753,0.0
444,22.200000000000003,3,0.0,0.9569294787773823,0.9727085115653753,0.0
444,22.200000000000003,4,0.0,0.9569294787773823,0.9727085115653753,0.0
444,22.200000000000003,5,0.0,0.9569294787773823,0.9727085115653753,0.0
445,22.25,0,0.0,0.9567402176585535,0.9725868969265378,0.0
445,22.25,1,0.0,0.9567402176585535,0.9725868969265378,0.0
445,22.25,2,0.0,0.9567402176585535,0.9725868969265378,0.0
445,22.25,3,0.0,0.9567402176585533,0.9725868969265377,0.0
445,22.25,4,0.0,0.9567402176585533,0.9725868969265377,0.0
445,22.25,5,0.0,0.9567402176585535,0.9725868969265378,0.0
446,22.3,0,0.0,0.9565497109506309,0.9724644665427569,0.0
446,22.3,1,0.0,0.9565497109506309,0.9724644665427569,0.0
446,22.3,2,0.0,0.9565497109506309,0.9724644665427569,0.0
446,22.3,3,0.0,0.9565497109506309,0.9724644665427569,0.0
446,22.3,4,0.0,0.9565497109506309,0.9724644665427569,0.0
446,22.3,5,0.0,0.9565497109506309,0.9724644665427569,0.0
447,22.35,0,0.0,0.956357883343302,0.9723411716980452,0.0
447,22.35,1,0.0,0.956357883343302,0.9723411716980452,0.0
447,22.35,2,0.0,0.956357883343302,0.9723411716980452,0.0
447,22.35,3,0.0,0.956357883343302,0.9723411716980452,0.0
447,22.35,4,0.0,0.956357883343302,0.9723411716980452,0.0
447,22.35,5,0.0,0.956357883343302,0.9723411716980452,0.0
448,22.400000000000002,0,0.0,0.9561646597706455,0.9722169638065913,0.0
448,22.400000000000002,1,0.0,0.9561646597706455,0.9722169638065913,0.0
448,22.400000000000002,2,0.0,0.9561646597706455,0.9722169638065913,0.0
448,22.400000000000002,3,0.0,0.9561646597706455,0.9722169638065913,0.0
448,22.400000000000002,4,0.0,0.9561646597706455,0.9722169638065913,0.0
448,22.400000000000002,5,0.0,0.9561646597706455,0.9722169638065913,0.0
449,22.450000000000003,0,0.0,0.9559699657487386,0.9720917946294595,0.0
449,22.450000000000003,1,0.0,0.9559699657487386,0.9720917946294595,0.0
449,22.450000000000003,2,0.0,0.9559699657487386,0.9720917946294595,0.0
449,22.450000000000003,3,0.0,0.9559699657487386,0.9720917946294595,0.0
449,22.450000000000003,4,0.0,0.9559699657487386,0.9720917946294595,0.0
449,22.450000000000003,5,0.0,0.9559699657487386,0.9720917946294595,0.0
450,22.5,0,0.0,0.9557737277415992,0.9719656165096576,0.0
450,22.5,1,0.0,0.9557737277415992,0.9719656165096576,0.0
450,22.5,2,0.0,0.9557737277415992,0.9719656165096576,0.0
450,22.5,3,0.0,0.9557737277415992,0.9719656165096576,0.0
450,22.5,4,0.0,0.9557737277415992,0.9719656165096576,0.0
450,22.5,5,0.0,0.9557737277415992,0.9719656165096576,0.0
451,22.55,0,0.0,0.9555758735547599,0.9718383826251409,0.0
451,22.55,1,0.0,0.9555758735547599,0.9718383826251409,0.0
451,22.55,2,0.0,0.9555758735547599,0.9718383826251409,0.0
451,22.55,3,0.0,0.9555758735547599,0.9718383826251409,0.0
451,22.55,4,0.0,0.9555758735547599,0.9718383826251409,0.0
451,22.55,5,0.0,0.9555758735547599,0.9718383826251409,0.0
452,22.6,0,0.0,0.9553763327548399,0.9717100472587231,0.0
452,22.6,1,0.0,0.9553763327548399,0.9717100472587231,0.0
452,22.6,2,0.0,0.9553763327548406,0.9717100472587235,0.0
452,22.6,3,0.0,0.9553763327548399,0.9717100472587231,0.0
452,22.6,4,0.0,0.9553763327548399,0.9717100472587231,0.0
452,22.6,5,0.0,0.9553763327548406,0.9717100472587235,0.0
453,22.650000000000002,0,0.0,0.9551750371124987,0.9715805660832371,0.0
453,22.650000000000002,1,0.0,0.9551750371124987,0.9715805660832371,0.0
453,22.650000000000002,2,0.0,0.9551750371124987,0.9715805660832371,0.0
453,22.650000000000002,3,0.0,0.955175037112499,0.9715805660832372,0.0
453,22.650000000000002,4,0.0,0.955175037112499,0.9715805660832372,0.0
453,22.650000000000002,5,0.0,0.955175037112499,0.9715805660832372,0.0
454,22.700000000000003,0,0.0,0.9549719210652163,0.9714498964596787,0.0
454,22.700000000000003,1,0.0,0.9549719210652163,0.9714498964596787,0.0
454,22.700000000000003,2,0.0,0.9549719210652163,0.9714498964596787,0.0
454,22.700000000000003,3,0.0,0.9549719210652163,0.9714498964596787,0.0
454,22.700000000000003,4,0.0,0.9549719210652163,0.9714498964596787,0.0
454,22.700000000000003,5,0.0,0.9549719210652163,0.9714498964596787,0.0
455,22.75,0,0.0,0.9547669221954396,0.9713179977454858,0.0
455,22.75,1,0.0,0.9547669221954396,0.9713179977454858,0.0
455,22.75,2,0.0,0.9547669221954396,0.9713179977454858,0.0
455,22.75,3,0.0,0.9547669221954396,0.9713179977454858,0.0
455,22.75,4,0.0,0.9547669221954396,0.9713179977454858,0.0
455,22.75,5,0.0,0.9547669221954396,0.9713179977454858,0.0
456,22.8,0,0.0,0.9545599817187658,0.9711848316095434,0.0
456,22.8,1,0.0,0.9545599817187658,0.9711848316095434,0.0
456,22.8,2,0.0,0.9545599817187658,0.9711848316095434,0.0
456,22.8,3,0.0,0.9545599817187658,0.9711848316095434,0.0
456,22.8,4,0.0,0.9545599817187658,0.9711848316095434,0.0
456,22.8,5,0.0,0.9545599817187658,0.9711848316095434,0.0
457,22.85,0,0.0,0.9543510449760826,0.971050362350019,0.0
457,22.85,1,0.0,0.9543510449760826,0.971050362350019,0.0
457,22.85,2,0.0,0.9543510449760826,0.971050362350019,0.0
457,22.85,3,0.0,0.9543510449760826,0.971050362350019,0.0
457,22.85,4,0.0,0.9543510449760826,0.971050362350019,0.0
457,22.85,5,0.0,0.9543510449760826,0.971050362350019,0.0
458,22.900000000000002,0,0.0,0.9541400619229272,0.9709145572107049,0.0
458,22.900000000000002,1,0.0,0.9541400619229272,0.9709145572107049,0.0
458,22.900000000000002,2,0.0,0.9541400619229272,0.9709145572107049,0.0
458,22.900000000000002,3,0.0,0.9541400619229272,0.9709145572107049,0.0
458,22.900000000000002,4,0.0,0.9541400619229272,0.9709145572107049,0.0
458,22.900000000000002,5,0.0,0.9541400619229272,0.9709145572107049,0.0
459,22.950000000000003,0,0.0,0.9539269876088168,0.9707773866912129,0.0
459,22.950000000000003,1,0.0,0.9539269876088168,0.9707773866912129,0.0
459,22.950000000000003,2,0.0,0.9539269876088168,0.9707773866912129,0.0
459,22.950000000000003,3,0.0,0.9539269876088168,0.9707773866912129,0.0
459,22.950000000000003,4,0.0,0.9539269876088168,0.9707773866912129,0.0
459,22.950000000000003,5,0.0,0.9539269876088166,0.9707773866912128,0.0
460,23.0,0,0.0,0.9537117826389587,0.9706388248461414,0.0
460,23.0,1,0.0,0.9537117826389587,0.9706388248461414,0.0
460,23.0,2,0.0,0.9537117826389587,0.9706388248461414,0.0
460,23.0,3,0.0,0.9537117826389587,0.9706388248461414,0.0
460,23.0,4,0.0,0.9537117826389587,0.9706388248461414,0.0
460,23.0,5,0.0,0.9537117826389592,0.9706388248461417,0.0
461,23.05,0,0.0,0.9534944136105938,0.970498849568222,0.0
461,23.05,1,0.0,0.9534944136105938,0.970498849568222,0.0
461,23.05,2,0.0,0.9534944136105938,0.970498849568222,0.0
461,23.05,3,0.0,0.9534944136105936,0.9704988495682217,0.0
461,23.05,4,0.0,0.9534944136105936,0.9704988495682217,0.0
461,23.05,5,0.0,0.9534944136105936,0.9704988495682217,0.0
462,23.1,0,0.0,0.9532748535162392,0.9703574428504679,0.0
462,23.1,1,0.0,0.9532748535162392,0.9703574428504679,0.0
462,23.1,2,0.0,0.9532748535162392,0.9703574428504679,0.0
462,23.1,3,0.0,0.9532748535162392,0.9703574428504679,0.0
462,23.1,4,0.0,0.9532748535162392,0.9703574428504679,0.0
462,23.1,5,0.0,0.9532748535162392,0.9703574428504679,0.0
463,23.150000000000002,0,0.0,0.9530530821063732,0.970214591022505,0.0
463,23.150000000000002,1,0.0,0.9530530821063732,0.970214591022505,0.0
463,23.150000000000002,2,0.0,0.9530530821063732,0.970214591022505,0.0
463,23.150000000000002,3,0.0,0.9530530821063732,0.970214591022505,0.0
463,23.150000000000002,4,0.0,0.9530530821063732,0.970214591022505,0.0
463,23.150000000000002,5,0.0,0.9530530821063732,0.970214591022505,0.0
464,23.200000000000003,0,0.0,0.9528290862045148,0.9700702849565301,0.0
464,23.200000000000003,1,0.0,0.9528290862045148,0.9700702849565301,0.0
464,23.200000000000003,2,0.0,0.9528290862045148,0.9700702849565301,0.0
464,23.200000000000003,3,0.0,0.9528290862045148,0.9700702849565301,0.0
464,23.200000000000003,4,0.0,0.9528290862045148,0.9700702849565301,0.0
464,23.200000000000003,5,0.0,0.9528290862045148,0.9700702849565301,0.0
465,23.25,0,0.0,0.9526028599683323,0.9699245202387736,0.0
465,23.25,1,0.0,0.9526028599683323,0.9699245202387736,0.0
465,23.25,2,0.0,0.9526028599683323,0.9699245202387736,0.0
465,23.25,3,0.0,0.9526028599683323,0.9699245202387736,0.0
465,23.25,4,0.0,0.9526028599683323,0.9699245202387736,0.0
465,23.25,5,0.0,0.9526028599683323,0.9699245202387736,0.0
466,23.3,0,0.0,0.9523744050912211,0.969777297302853,0.0
466,23.3,1,0.0,0.9523744050912211,0.969777297302853,0.0
466,23.3,2,0.0,0.9523744050912206,0.9697772973028528,0.0
466,23.3,3,0.0,0.9523744050912206,0.9697772973028528,0.0
466,23.3,4,0.0,0.9523744050912206,0.9697772973028528,0.0
466,23.3,5,0.0,0.9523744050912211,0.969777297302853,0.0
467,23.35,0,0.0,0.9521437309398137,0.9696286215220583,0.0
467,23.35,1,0.0,0.9521437309398137,0.9696286215220583,0.0
467,23.35,2,0.0,0.9521437309398137,0.9696286215220583,0.0
467,23.35,3,0.0,0.9521437309398137,0.9696286215220583,0.0
467,23.35,4,0.0,0.9521437309398137,0.9696286215220583,0.0
467,23.35,5,0.0,0.9521437309398133,0.9696286215220581,0.0
468,23.400000000000002,0,0.0,0.9519108546239974,0.9694785032583222,0.0
468,23.400000000000002,1,0.0,0.9519108546239974,0.9694785032583222,0.0
468,23.400000000000002,2,0.0,0.9519108546239974,0.9694785032583222,0.0
468,23.400000000000002,3,0.0,0.9519108546239974,0.9694785032583222,0.0
468,23.400000000000002,4,0.0,0.9519108546239972,0.9694785032583221,0.0
468,23.400000000000002,5,0.0,0.9519108546239972,0.9694785032583221,0.0
469,23.450000000000003,0,0.0,0.9516758009972703,0.96932695786643,0.0
469,23.450000000000003,1,0.0,0.9516758009972703,0.96932695786643,0.0
469,23.450000000000003,2,0.0,0.9516758009972703,0.96932695786643,0.0
469,23.450000000000003,3,0.0,0.9516758009972703,0.96932695786643,0.0
469,23.450000000000003,4,0.0,0.9516758009972703,0.96932695786643,0.0
469,23.450000000000003,5,0.0,0.9516758009972701,0.9693269578664299,0.0
470,23.5,0,0.0,0.9514386025865591,0.9691740056528543,0.0
470,23.5,1,0.0,0.9514386025865591,0.9691740056528543,0.0
470,23.5,2,0.0,0.9514386025865591,0.9691740056528543,0.0
470,23.5,3,0.0,0.9514386025865591,0.9691740056528543,0.0
470,23.5,4,0.0,0.9514386025865593,0.9691740056528544,0.0
470,23.5,5,0.0,0.9514386025865593,0.9691740056528544,0.0
471,23.55,0,0.0,0.951199299451962,0.9690196717894598,0.0
471,23.55,1,0.0,0.951199299451962,0.9690196717894598,0.0
471,23.55,2,0.0,0.951199299451962,0.9690196717894598,0.0
471,23.55,3,0.0,0.951199299451962,0.9690196717894598,0.0
471,23.55,4,0.0,0.951199299451962,0.9690196717894598,0.0
471,23.55,5,0.0,0.951199299451962,0.9690196717894599,0.0
472,23.6,0,0.0,0.9509579389781873,0.968863986183166,0.0
472,23.6,1,0.0,0.9509579389781873,0.968863986183166,0.0
472,23.6,2,0.0,0.9509579389781873,0.968863986183166,0.0
472,23.6,3,0.0,0.9509579389781873,0.968863986183166,0.0
472,23.6,4,0.0,0.9509579389781873,0.968863986183166,0.0
472,23.6,5,0.0,0.9509579389781873,0.9688639861831659,0.0
473,23.650000000000002,0,0.0,0.9507145756007349,0.9687069833034747,0.0
473,23.650000000000002,1,0.0,0.9507145756007349,0.9687069833034747,0.0
473,23.650000000000002,2,0.0,0.9507145756007349,0.9687069833034747,0.0
473,23.650000000000002,3,0.0,0.9507145756007349,0.9687069833034747,0.0
473,23.650000000000002,4,0.0,0.9507145756007342,0.9687069833034744,0.0
473,23.650000000000002,5,0.0,0.9507145756007342,0.9687069833034744,0.0
474,23.700000000000003,0,0.0,0.9504692704710354,0.9685487019705278,0.0
474,23.700000000000003,1,0.0,0.9504692704710354,0.9685487019705278,0.0
474,23.700000000000003,2,0.0,0.9504692704710354,0.9685487019705278,0.0
474,23.700000000000003,3,0.0,0.9504692704710354,0.9685487019705278,0.0
474,23.700000000000003,4,0.0,0.9504692704710354,0.9685487019705278,0.0
474,23.700000000000003,5,0.0,0.9504692704710354,0.9685487019705277,0.0
475,23.75,0,0.0,0.9502220910658263,0.9683891851070431,0.0
475,23.75,1,0.0,0.9502220910658263,0.9683891851070431,0.0
475,23.75,2,0.0,0.9502220910658263,0.9683891851070431,0.0
475,23.75,3,0.0,0.9502220910658263,0.9683891851070431,0.0
475,23.75,4,0.0,0.9502220910658261,0.9683891851070429,0.0
475,23.75,5,0.0,0.9502220910658261,0.9683891851070429,0.0
476,23.8,0,0.0,0.949973110746936,0.9682284794580616,0.0
476,23.8,1,0.0,0.949973110746936,0.9682284794580616,0.0
476,23.8,2,0.0,0.949973110746936,0.9682284794580616,0.0
476,23.8,3,0.0,0.949973110746936,0.9682284794580616,0.0
476,23.8,4,0.0,0.949973110746936,0.9682284794580616,0.0
476,23.8,5,0.0,0.949973110746936,0.9682284794580616,0.0
477,23.85,0,0.0,0.9497224082784139,0.968066635282932,0.0
477,23.85,1,0.0,0.9497224082784139,0.968066635282932,0.0
477,23.85,2,0.0,0.9497224082784139,0.968066635282932,0.0
477,23.85,3,0.0,0.9497224082784139,0.968066635282932,0.0
477,23.85,4,0.0,0.9497224082784139,0.968066635282932,0.0
477,23.85,5,0.0,0.9497224082784139,0.968066635282932,0.0
478,23.900000000000002,0,0.0,0.949470067308468,0.9679037060243053,0.0
478,23.900000000000002,1,0.0,0.949470067308468,0.9679037060243053,0.0
478,23.900000000000002,2,0.0,0.949470067308468,0.9679037060243053,0.0
478,23.900000000000002,3,0.0,0.9494700673084682,0.9679037060243054,0.0
478,23.900000000000002,4,0.0,0.9494700673084682,0.9679037060243054,0.0
478,23.900000000000002,5,0.0,0.9494700673084682,0.9679037060243054,0.0
479,23.950000000000003,0,0.0,0.9492161758240674,0.9677397479591732,0.0
479,23.950000000000003,1,0.0,0.9492161758240674,0.9677397479591732,0.0
479,23.950000000000003,2,0.0,0.9492161758240674,0.9677397479591732,0.0
479,23.950000000000003,3,0.0,0.9492161758240674,0.9677397479591732,0.0
479,23.950000000000003,4,0.0,0.9492161758240674,0.9677397479591732,0.0
479,23.950000000000003,5,0.0,0.9492161758240674,0.9677397479591732,0.0
480,24.0,0,0.0,0.9489608255862192,0.9675748198370883,0.0
480,24.0,1,0.0,0.9489608255862192,0.9675748198370883,0.0
480,24.0,2,0.0,0.9489608255862192,0.9675748198370883,0.0
480,24.0,3,0.0,0.9489608255862192,0.9675748198370883,0.0
480,24.0,4,0.0,0.9489608255862192,0.9675748198370883,0.0
480,24.0,5,0.0,0.9489608255862192,0.9675748198370883,0.0
481,24.05,0,0.0,0.9487041115539347,0.9674089825107157,0.0
481,24.05,1,0.0,0.9487041115539347,0.9674089825107157,0.0
481,24.05,2,0.0,0.9487041115539347,0.9674089825107157,0.0
481,24.05,3,0.0,0.9487041115539347,0.9674089825107157,0.0
481,24.05,4,0.0,0.9487041115539347,0.9674089825107157,0.0
481,24.05,5,0.0,0.9487041115539347,0.9674089825107158,0.0
482,24.1,0,0.0,0.9484461313047068,0.9672422985637484,0.0
482,24.1,1,0.0,0.9484461313047068,0.9672422985637484,0.0
482,24.1,2,0.0,0.9484461313047068,0.9672422985637484,0.0
482,24.1,3,0.0,0.9484461313047068,0.9672422985637484,0.0
482,24.1,4,0.0,0.9484461313047068,0.9672422985637484,0.0
482,24.1,5,0.0,0.9484461313047068,0.9672422985637484,0.0
483,24.150000000000002,0,0.0,0.9481869844589719,0.9670748319410007,0.0
483,24.150000000000002,1,0.0,0.9481869844589719,0.9670748319410007,0.0
483,24.150000000000002,2,0.0,0.9481869844589716,0.9670748319410006,0.0
483,24.150000000000002,3,0.0,0.9481869844589716,0.9670748319410006,0.0
483,24.150000000000002,4,0.0,0.9481869844589719,0.9670748319410007,0.0
483,24.150000000000002,5,0.0,0.9481869844589719,0.9670748319410007,0.0
484,24.200000000000003,0,0.0,0.9479267721155664,0.9669066475852041,0.0
484,24.200000000000003,1,0.0,0.9479267721155664,0.9669066475852041,0.0
484,24.200000000000003,2,0.0,0.9479267721155664,0.9669066475852041,0.0
484,24.200000000000003,3,0.0,0.9479267721155664,0.9669066475852041,0.0
484,24.200000000000003,4,0.0,0.9479267721155664,0.9669066475852041,0.0
484,24.200000000000003,5,0.0,0.9479267721155662,0.966906647585204,0.0
485,24.25,0,0.0,0.947665596304563,0.9667378110846311,0.0
485,24.25,1,0.0,0.947665596304563,0.9667378110846311,0.0
485,24.25,2,0.0,0.947665596304563,0.9667378110846311,0.0
485,24.25,3,0.0,0.947665596304563,0.9667378110846311,0.0
485,24.25,4,0.0,0.947665596304563,0.9667378110846311,0.0
485,24.25,5,0.0,0.947665596304563,0.9667378110846311,0.0
486,24.3,0,0.0,0.9474035594631975,0.966568388335247,0.0
486,24.3,1,0.0,0.9474035594631975,0.966568388335247,0.0
486,24.3,2,0.0,0.9474035594631975,0.966568388335247,0.0
486,24.3,3,0.0,0.9474035594631975,0.966568388335247,0.0
486,24.3,4,0.0,0.9474035594631975,0.966568388335247,0.0
486,24.3,5,0.0,0.9474035594631975,0.966568388335247,0.0
487,24.35,0,0.0,0.9471407639398328,0.9663984452205989,0.0
487,24.35,1,0.0,0.9471407639398328,0.9663984452205989,0.0
487,24.35,2,0.0,0.9471407639398328,0.9663984452205989,0.0
487,24.35,3,0.0,0.9471407639398328,0.9663984452205989,0.0
487,24.35,4,0.0,0.9471407639398328,0.9663984452205989,0.0
487,24.35,5,0.0,0.9471407639398328,0.9663984452205989,0.0
488,24.400000000000002,0,0.0,0.9468773115301004,0.9662280473121371,0.0
488,24.400000000000002,1,0.0,0.9468773115301004,0.9662280473121371,0.0
488,24.400000000000002,2,0.0,0.9468773115301008,0.9662280473121374,0.0
488,24.400000000000002,3,0.0,0.9468773115301004,0.9662280473121371,0.0
488,24.400000000000002,4,0.0,0.9468773115301008,0.9662280473121374,0.0
488,24.400000000000002,5,0.0,0.9468773115301008,0.9662280473121374,0.0
489,24.450000000000003,0,0.0,0.9466133030485451,0.9660572595921431,0.0
489,24.450000000000003,1,0.0,0.9466133030485451,0.9660572595921431,0.0
489,24.450000000000003,2,0.0,0.9466133030485451,0.9660572595921431,0.0
489,24.450000000000003,3,0.0,0.9466133030485451,0.9660572595921431,0.0
489,24.450000000000003,4,0.0,0.9466133030485453,0.9660572595921432,0.0
489,24.450000000000003,5,0.0,0.9466133030485453,0.9660572595921432,0.0
490,24.5,0,0.0,0.9463488379382605,0.9658861462008996,0.0
490,24.5,1,0.0,0.9463488379382605,0.9658861462008996,0.0
490,24.5,2,0.0,0.9463488379382605,0.9658861462008996,0.0
490,24.5,3,0.0,0.9463488379382605,0.9658861462008996,0.0
490,24.5,4,0.0,0.9463488379382605,0.9658861462008996,0.0
490,24.5,5,0.0,0.9463488379382605,0.9658861462008996,0.0
491,24.55,0,0.0,0.9460840139202347,0.9657147702092441,0.0
491,24.55,1,0.0,0.9460840139202347,0.9657147702092441,0.0
491,24.55,2,0.0,0.9460840139202347,0.9657147702092441,0.0
491,24.55,3,0.0,0.9460840139202347,0.9657147702092441,0.0
491,24.55,4,0.0,0.9460840139202347,0.9657147702092441,0.0
491,24.55,5,0.0,0.9460840139202349,0.9657147702092442,0.0
492,24.6,0,0.0,0.945818926683329,0.9655431934171362,0.0
492,24.6,1,0.0,0.945818926683329,0.9655431934171362,0.0
492,24.6,2,0.0,0.9458189266833288,0.965543193417136,0.0
492,24.6,3,0.0,0.945818926683329,0.9655431934171362,0.0
492,24.6,4,0.0,0.945818926683329,0.9655431934171362,0.0
492,24.6,5,0.0,0.9458189266833288,0.965543193417136,0.0
493,24.650000000000002,0,0.0,0.9455536696151323,0.965371476178427,0.0
493,24.650000000000002,1,0.0,0.9455536696151323,0.965371476178427,0.0
493,24.650000000000002,2,0.0,0.9455536696151323,0.965371476178427,0.0
493,24.650000000000002,3,0.0,0.9455536696151323,0.965371476178427,0.0
493,24.650000000000002,4,0.0,0.9455536696151323,0.965371476178427,0.0
493,24.650000000000002,5,0.0,0.9455536696151323,0.9653714761784271,0.0
494,24.700000000000003,0,0.0,0.9452883335732796,0.9651996772516034,0.0
494,24.700000000000003,1,0.0,0.9452883335732796,0.9651996772516034,0.0
494,24.700000000000003,2,0.0,0.9452883335732796,0.9651996772516035,0.0
494,24.700000000000003,3,0.0,0.9452883335732796,0.9651996772516034,0.0
494,24.700000000000003,4,0.0,0.9452883335732796,0.9651996772516035,0.0
494,24.700000000000003,5,0.0,0.9452883335732796,0.9651996772516034,0.0
495,24.75,0,0.0,0.9450230066962415,0.9650278536758935,0.0
495,24.75,1,0.0,0.9450230066962415,0.9650278536758935,0.0
495,24.75,2,0.0,0.9450230066962415,0.9650278536758935,0.0
495,24.75,3,0.0,0.9450230066962415,0.9650278536758935,0.0
495,24.75,4,0.0,0.9450230066962415,0.9650278536758935,0.0
495,24.75,5,0.0,0.9450230066962415,0.9650278536758936,0.0
496,24.8,0,0.0,0.9447577742521145,0.9648560606718202,0.0
496,24.8,1,0.0,0.9447577742521145,0.9648560606718202,0.0
496,24.8,2,0.0,0.9447577742521145,0.9648560606718202,0.0
496,24.8,3,0.0,0.9447577742521145,0.9648560606718202,0.0
496,24.8,4,0.0,0.9447577742521145,0.9648560606718202,0.0
496,24.8,5,0.0,0.9447577742521145,0.9648560606718202,0.0
497,24.85,0,0.0,0.9444927185235059,0.9646843515649989,0.0
497,24.85,1,0.0,0.9444927185235059,0.9646843515649989,0.0
497,24.85,2,0.0,0.9444927185235061,0.964684351564999,0.0
497,24.85,3,0.0,0.9444927185235059,0.9646843515649989,0.0
497,24.85,4,0.0,0.9444927185235059,0.9646843515649989,0.0
497,24.85,5,0.0,0.9444927185235059,0.9646843515649989,0.0
498,24.900000000000002,0,0.0,0.9442279187262812,0.9645127777317684,0.0
498,24.900000000000002,1,0.0,0.9442279187262812,0.9645127777317684,0.0
498,24.900000000000002,2,0.0,0.9442279187262812,0.9645127777317684,0.0
498,24.900000000000002,3,0.0,0.9442279187262812,0.9645127777317684,0.0
498,24.900000000000002,4,0.0,0.9442279187262812,0.9645127777317684,0.0
498,24.900000000000002,5,0.0,0.9442279187262812,0.9645127777317684,0.0
499,24.950000000000003,0,0.0,0.9439634509596768,0.9643413885650641,0.0
499,24.950000000000003,1,0.0,0.9439634509596768,0.9643413885650641,0.0
499,24.950000000000003,2,0.0,0.9439634509596768,0.9643413885650641,0.0
499,24.950000000000003,3,0.0,0.9439634509596768,0.9643413885650641,0.0
499,24.950000000000003,4,0.0,0.9439634509596768,0.9643413885650641,0.0
499,24.950000000000003,5,0.0,0.9439634509596768,0.9643413885650641,0.0
500,25.0,0,0.0,0.9436993881850915,0.9641702314588251,0.0
500,25.0,1,0.0,0.9436993881850915,0.9641702314588251,0.0
500,25.0,2,0.0,0.9436993881850915,0.9641702314588251,0.0
500,25.0,3,0.0,0.9436993881850915,0.9641702314588251,0.0
500,25.0,4,0.0,0.9436993881850915,0.9641702314588251,0.0
500,25.0,5,0.0,0.9436993881850915,0.9641702314588251,0.0
501,25.05,0,0.0,0.9434358002307623,0.9639993518091455,0.0
501,25.05,1,0.0,0.9434358002307623,0.9639993518091455,0.0
501,25.05,2,0.0,0.9434358002307623,0.9639993518091455,0.0
501,25.05,3,0.0,0.9434358002307623,0.9639993518091455,0.0
501,25.05,4,0.0,0.9434358002307623,0.9639993518091455,0.0
501,25.05,5,0.0,0.9434358002307623,0.9639993518091455,0.0
502,25.1,0,0.0,0.9431727538194596,0.9638287930303413,0.0
502,25.1,1,0.0,0.9431727538194596,0.9638287930303413,0.0
502,25.1,2,0.0,0.9431727538194596,0.9638287930303413,0.0
502,25.1,3,0.0,0.9431727538194594,0.9638287930303412,0.0
502,25.1,4,0.0,0.9431727538194594,0.9638287930303412,0.0
502,25.1,5,0.0,0.9431727538194594,0.9638287930303412,0.0
503,25.150000000000002,0,0.0,0.9429103126163498,0.9636585965841,0.0
503,25.150000000000002,1,0.0,0.9429103126163498,0.9636585965841,0.0
503,25.150000000000002,2,0.0,0.9429103126163498,0.9636585965841,0.0
503,25.150000000000002,3,0.0,0.9429103126163498,0.9636585965841,0.0
503,25.150000000000002,4,0.0,0.9429103126163498,0.9636585965841,0.0
503,25.150000000000002,5,0.0,0.9429103126163498,0.9636585965841,0.0
504,25.200000000000003,0,0.0,0.942648537294215,0.9634888020199138,0.0
504,25.200000000000003,1,0.0,0.942648537294215,0.9634888020199138,0.0
504,25.200000000000003,2,0.0,0.942648537294215,0.9634888020199138,0.0
504,25.200000000000003,3,0.0,0.942648537294215,0.9634888020199138,0.0
504,25.200000000000003,4,0.0,0.9426485372942146,0.9634888020199136,0.0
504,25.200000000000003,5,0.0,0.9426485372942146,0.9634888020199136,0.0
505,25.25,0,0.0,0.9423874856133121,0.9633194470250458,0.0
505,25.25,1,0.0,0.9423874856133121,0.9633194470250458,0.0
505,25.25,2,0.0,0.9423874856133121,0.9633194470250458,0.0
505,25.25,3,0.0,0.9423874856133121,0.9633194470250458,0.0
505,25.25,4,0.0,0.9423874856133121,0.9633194470250458,0.0
505,25.25,5,0.0,0.9423874856133121,0.9633194470250458,0.0
506,25.3,0,0.0,0.9421272125132798,0.9631505674823639,0.0
506,25.3,1,0.0,0.9421272125132798,0.9631505674823639,0.0
506,25.3,2,0.0,0.9421272125132798,0.9631505674823639,0.0
506,25.3,3,0.0,0.94212721251328,0.963150567482364,0.0
506,25.3,4,0.0,0.94212721251328,0.963150567482364,0.0
506,25.3,5,0.0,0.9421272125132802,0.9631505674823643,0.0
507,25.35,0,0.0,0.941867770214643,0.9629821975344631,0.0
507,25.35,1,0.0,0.941867770214643,0.9629821975344631,0.0
507,25.35,2,0.0,0.9418677702146425,0.9629821975344628,0.0
507,25.35,3,0.0,0.9418677702146425,0.9629821975344628,0.0
507,25.35,4,0.0,0.941867770214643,0.9629821975344631,0.0
507,25.35,5,0.0,0.9418677702146425,0.9629821975344628,0.0
508,25.400000000000002,0,0.0,0.9416092083276466,0.9628143696526128,0.0
508,25.400000000000002,1,0.0,0.9416092083276466,0.9628143696526128,0.0
508,25.400000000000002,2,0.0,0.9416092083276466,0.9628143696526128,0.0
508,25.400000000000002,3,0.0,0.9416092083276466,0.9628143696526128,0.0
508,25.400000000000002,4,0.0,0.9416092083276466,0.9628143696526128,0.0
508,25.400000000000002,5,0.0,0.9416092083276466,0.9628143696526128,0.0
509,25.450000000000003,0,0.0,0.9413515739663394,0.9626471147091878,0.0
509,25.450000000000003,1,0.0,0.9413515739663394,0.9626471147091878,0.0
509,25.450000000000003,2,0.0,0.9413515739663394,0.9626471147091878,0.0
509,25.450000000000003,3,0.0,0.9413515739663394,0.9626471147091878,0.0
509,25.450000000000003,4,0.0,0.9413515739663394,0.9626471147091878,0.0
509,25.450000000000003,5,0.0,0.9413515739663394,0.9626471147091878,0.0
510,25.5,0,0.0,0.9410949118659937,0.9624804620523432,0.0
510,25.5,1,0.0,0.9410949118659937,0.9624804620523432,0.0
510,25.5,2,0.0,0.9410949118659937,0.9624804620523432,0.0
510,25.5,3,0.0,0.9410949118659937,0.9624804620523432,0.0
510,25.5,4,0.0,0.9410949118659937,0.9624804620523432,0.0
510,25.5,5,0.0,0.9410949118659937,0.9624804620523432,0.0
511,25.55,0,0.0,0.9408392645021897,0.9623144395818536,0.0
511,25.55,1,0.0,0.9408392645021897,0.9623144395818536,0.0
511,25.55,2,0.0,0.9408392645021897,0.9623144395818537,0.0
511,25.55,3,0.0,0.9408392645021897,0.9623144395818537,0.0
511,25.55,4,0.0,0.9408392645021897,0.9623144395818536,0.0
511,25.55,5,0.0,0.9408392645021897,0.9623144395818537,0.0
512,25.6,0,0.0,0.9405846722100468,0.9621490738251316,0.0
512,25.6,1,0.0,0.9405846722100468,0.9621490738251316,0.0
512,25.6,2,0.0,0.9405846722100468,0.9621490738251316,0.0
512,25.6,3,0.0,0.9405846722100468,0.9621490738251316,0.0
512,25.6,4,0.0,0.9405846722100468,0.9621490738251316,0.0
512,25.6,5,0.0,0.9405846722100468,0.9621490738251316,0.0
513,25.650000000000002,0,0.0,0.9403311733023099,0.9619843900125861,0.0
513,25.650000000000002,1,0.0,0.9403311733023099,0.9619843900125861,0.0
513,25.650000000000002,2,0.0,0.9403311733023099,0.9619843900125861,0.0
513,25.650000000000002,3,0.0,0.9403311733023099,0.9619843900125861,0.0
513,25.650000000000002,4,0.0,0.9403311733023096,0.961984390012586,0.0
513,25.650000000000002,5,0.0,0.9403311733023099,0.9619843900125861,0.0
514,25.700000000000003,0,0.0,0.9400788041851631,0.9618204121515896,0.0
514,25.700000000000003,1,0.0,0.9400788041851631,0.9618204121515896,0.0
514,25.700000000000003,2,0.0,0.9400788041851631,0.9618204121515896,0.0
514,25.700000000000003,3,0.0,0.9400788041851631,0.9618204121515896,0.0
514,25.700000000000003,4,0.0,0.9400788041851631,0.9618204121515896,0.0
514,25.700000000000003,5,0.0,0.9400788041851631,0.9618204121515896,0.0
515,25.75,0,0.0,0.9398275994708349,0.9616571630984421,0.0
515,25.75,1,0.0,0.9398275994708349,0.9616571630984421,0.0
515,25.75,2,0.0,0.9398275994708349,0.9616571630984421,0.0
515,25.75,3,0.0,0.9398275994708349,0.9616571630984421,0.0
515,25.75,4,0.0,0.9398275994708349,0.9616571630984421,0.0
515,25.75,5,0.0,0.9398275994708352,0.9616571630984422,0.0
516,25.8,0,0.0,0.9395775920862237,0.9614946646278281,0.0
516,25.8,1,0.0,0.9395775920862237,0.9614946646278281,0.0
516,25.8,2,0.0,0.9395775920862237,0.9614946646278281,0.0
516,25.8,3,0.0,0.9395775920862237,0.9614946646278281,0.0
516,25.8,4,0.0,0.9395775920862237,0.9614946646278281,0.0
516,25.8,5,0.0,0.9395775920862237,0.9614946646278281,0.0
517,25.85,0,0.0,0.9393288133769093,0.9613329374993539,0.0
517,25.85,1,0.0,0.9393288133769093,0.9613329374993539,0.0
517,25.85,2,0.0,0.9393288133769093,0.9613329374993539,0.0
517,25.85,3,0.0,0.9393288133769093,0.9613329374993539,0.0
517,25.85,4,0.0,0.9393288133769093,0.9613329374993539,0.0
517,25.85,5,0.0,0.9393288133769093,0.9613329374993539,0.0
518,25.900000000000002,0,0.0,0.9390812932060915,0.961172001520859,0.0
518,25.900000000000002,1,0.0,0.9390812932060915,0.961172001520859,0.0
518,25.900000000000002,2,0.0,0.9390812932060915,0.961172001520859,0.0
518,25.900000000000002,3,0.0,0.9390812932060915,0.961172001520859,0.0
518,25.900000000000002,4,0.0,0.9390812932060915,0.961172001520859,0.0
518,25.900000000000002,5,0.0,0.9390812932060915,0.961172001520859,0.0
519,25.950000000000003,0,0.0,0.9388350600480888,0.9610118756082627,0.0
519,25.950000000000003,1,0.0,0.9388350600480888,0.9610118756082627,0.0
519,25.950000000000003,2,0.0,0.9388350600480888,0.9610118756082627,0.0
519,25.950000000000003,3,0.0,0.9388350600480888,0.9610118756082627,0.0
519,25.950000000000003,4,0.0,0.9388350600480888,0.9610118756082627,0.0
519,25.950000000000003,5,0.0,0.938835060048089,0.9610118756082628,0.0
520,26.0,0,0.0,0.938590141076167,0.9608525778417877,0.0
520,26.0,1,0.0,0.938590141076167,0.9608525778417877,0.0
520,26.0,2,0.0,0.938590141076167,0.9608525778417877,0.0
520,26.0,3,0.0,0.938590141076167,0.9608525778417877,0.0
520,26.0,4,0.0,0.938590141076167,0.9608525778417877,0.0
520,26.0,5,0.0,0.938590141076167,0.9608525778417877,0.0
521,26.05,0,0.0,0.9383465622445686,0.9606941255184767,0.0
521,26.05,1,0.0,0.9383465622445686,0.9606941255184767,0.0
521,26.05,2,0.0,0.9383465622445686,0.9606941255184767,0.0
521,26.05,3,0.0,0.938346562244569,0.960694125518477,0.0
521,26.05,4,0.0,0.938346562244569,0.960694125518477,0.0
521,26.05,5,0.0,0.938346562244569,0.960694125518477,0.0
522,26.1,0,0.0,0.9381043483646878,0.9605365352009572,0.0
522,26.1,1,0.0,0.9381043483646878,0.9605365352009572,0.0
522,26.1,2,0.0,0.9381043483646878,0.9605365352009572,0.0
522,26.1,3,0.0,0.9381043483646878,0.9605365352009572,0.0
522,26.1,4,0.0,0.9381043483646876,0.960536535200957,0.0
522,26.1,5,0.0,0.9381043483646878,0.9605365352009572,0.0
523,26.150000000000002,0,0.0,0.9378635231754238,0.9603798227624734,0.0
523,26.150000000000002,1,0.0,0.9378635231754238,0.9603798227624734,0.0
523,26.150000000000002,2,0.0,0.9378635231754238,0.9603798227624734,0.0
523,26.150000000000002,3,0.0,0.9378635231754238,0.9603798227624734,0.0
523,26.150000000000002,4,0.0,0.9378635231754238,0.9603798227624734,0.0
523,26.150000000000002,5,0.0,0.9378635231754238,0.9603798227624734,0.0
524,26.200000000000003,0,0.0,0.9376241094078177,0.9602240034282481,0.0
524,26.200000000000003,1,0.0,0.9376241094078177,0.9602240034282481,0.0
524,26.200000000000003,2,0.0,0.9376241094078177,0.9602240034282481,0.0
524,26.200000000000003,3,0.0,0.9376241094078177,0.9602240034282481,0.0
524,26.200000000000003,4,0.0,0.9376241094078179,0.9602240034282482,0.0
524,26.200000000000003,5,0.0,0.9376241094078179,0.9602240034282482,0.0
525,26.25,0,0.0,0.9373861288441039,0.9600690918132558,0.0
525,26.25,1,0.0,0.9373861288441039,0.9600690918132558,0.0
525,26.25,2,0.0,0.9373861288441039,0.9600690918132558,0.0
525,26.25,3,0.0,0.9373861288441039,0.9600690918132558,0.0
525,26.25,4,0.0,0.9373861288441039,0.9600690918132558,0.0
525,26.25,5,0.0,0.9373861288441039,0.9600690918132558,0.0
526,26.3,0,0.0,0.9371496023713866,0.9599151019565392,0.0
526,26.3,1,0.0,0.9371496023713866,0.9599151019565392,0.0
526,26.3,2,0.0,0.9371496023713866,0.9599151019565393,0.0
526,26.3,3,0.0,0.9371496023713866,0.9599151019565393,0.0
526,26.3,4,0.0,0.9371496023713866,0.9599151019565393,0.0
526,26.3,5,0.0,0.9371496023713866,0.9599151019565393,0.0
527,26.35,0,0.0,0.9369145500301621,0.9597620473522084,0.0
527,26.35,1,0.0,0.9369145500301621,0.9597620473522084,0.0
527,26.35,2,0.0,0.9369145500301621,0.9597620473522084,0.0
527,26.35,3,0.0,0.9369145500301621,0.9597620473522084,0.0
527,26.35,4,0.0,0.9369145500301621,0.9597620473522084,0.0
527,26.35,5,0.0,0.9369145500301621,0.9597620473522084,0.0
528,26.400000000000002,0,0.0,0.9366809910579448,0.9596099409772862,0.0
528,26.400000000000002,1,0.0,0.9366809910579448,0.9596099409772862,0.0
528,26.400000000000002,2,0.0,0.9366809910579448,0.9596099409772862,0.0
528,26.400000000000002,3,0.0,0.9366809910579448,0.9596099409772862,0.0
528,26.400000000000002,4,0.0,0.9366809910579448,0.9596099409772862,0.0
528,26.400000000000002,5,0.0,0.9366809910579448,0.9596099409772862,0.0
529,26.450000000000003,0,0.0,0.9364489439282693,0.9594587953165766,0.0
529,26.450000000000003,1,0.0,0.9364489439282693,0.9594587953165766,0.0
529,26.450000000000003,2,0.0,0.9364489439282693,0.9594587953165766,0.0
529,26.450000000000003,3,0.0,0.9364489439282693,0.9594587953165766,0.0
529,26.450000000000003,4,0.0,0.9364489439282693,0.9594587953165766,0.0
529,26.450000000000003,5,0.0,0.9364489439282695,0.9594587953165767,0.0
530,26.5,0,0.0,0.9362184263853668,0.9593086223847404,0.0
530,26.5,1,0.0,0.9362184263853668,0.9593086223847404,0.0
530,26.5,2,0.0,0.9362184263853668,0.9593086223847404,0.0
530,26.5,3,0.0,0.9362184263853668,0.9593086223847404,0.0
530,26.5,4,0.0,0.9362184263853668,0.9593086223847404,0.0
530,26.5,5,0.0,0.9362184263853668,0.9593086223847404,0.0
531,26.55,0,0.0,0.9359894554748045,0.9591594337457697,0.0
531,26.55,1,0.0,0.9359894554748045,0.9591594337457697,0.0
531,26.55,2,0.0,0.9359894554748045,0.9591594337457697,0.0
531,26.55,3,0.0,0.9359894554748045,0.9591594337457697,0.0
531,26.55,4,0.0,0.9359894554748049,0.95915943374577,0.0
531,26.55,5,0.0,0.9359894554748049,0.95915943374577,0.0
532,26.6,0,0.0,0.9357620475703936,0.9590112405300535,0.0
532,26.6,1,0.0,0.9357620475703936,0.9590112405300535,0.0
532,26.6,2,0.0,0.9357620475703936,0.9590112405300535,0.0
532,26.6,3,0.0,0.9357620475703936,0.9590112405300535,0.0
532,26.6,4,0.0,0.9357620475703936,0.9590112405300535,0.0
532,26.6,5,0.0,0.9357620475703943,0.9590112405300538,0.0
533,26.650000000000002,0,0.0,0.935536218397669,0.9588640534492291,0.0
533,26.650000000000002,1,0.0,0.935536218397669,0.9588640534492291,0.0
533,26.650000000000002,2,0.0,0.935536218397669,0.9588640534492291,0.0
533,26.650000000000002,3,0.0,0.935536218397669,0.9588640534492291,0.0
533,26.650000000000002,4,0.0,0.935536218397669,0.9588640534492291,0.0
533,26.650000000000002,5,0.0,0.935536218397669,0.9588640534492291,0.0
534,26.700000000000003,0,0.0,0.9353119830542276,0.9587178828090068,0.0
534,26.700000000000003,1,0.0,0.9353119830542276,0.9587178828090068,0.0
534,26.700000000000003,2,0.0,0.9353119830542276,0.9587178828090068,0.0
534,26.700000000000003,3,0.0,0.9353119830542276,0.9587178828090068,0.0
534,26.700000000000003,4,0.0,0.9353119830542276,0.9587178828090068,0.0
534,26.700000000000003,5,0.0,0.9353119830542276,0.9587178828090068,0.0
535,26.75,0,0.0,0.935089356027228,0.9585727385201578,0.0
535,26.75,1,0.0,0.935089356027228,0.9585727385201578,0.0
535,26.75,2,0.0,0.935089356027228,0.9585727385201578,0.0
535,26.75,3,0.0,0.935089356027228,0.9585727385201578,0.0
535,26.75,4,0.0,0.935089356027228,0.9585727385201578,0.0
535,26.75,5,0.0,0.935089356027228,0.9585727385201578,0.0
536,26.8,0,0.0,0.93486835120832,0.9584286301078447,0.0
536,26.8,1,0.0,0.93486835120832,0.9584286301078447,0.0
536,26.8,2,0.0,0.93486835120832,0.9584286301078447,0.0
536,26.8,3,0.0,0.93486835120832,0.9584286301078447,0.0
536,26.8,4,0.0,0.93486835120832,0.9584286301078447,0.0
536,26.8,5,0.0,0.93486835120832,0.9584286301078447,0.0
537,26.85,0,0.0,0.9346489819062791,0.9582855667194664,0.0
537,26.85,1,0.0,0.9346489819062791,0.9582855667194664,0.0
537,26.85,2,0.0,0.9346489819062791,0.9582855667194664,0.0
537,26.85,3,0.0,0.9346489819062791,0.9582855667194664,0.0
537,26.85,4,0.0,0.9346489819062791,0.9582855667194664,0.0
537,26.85,5,0.0,0.9346489819062791,0.9582855667194664,0.0
538,26.900000000000002,0,0.0,0.9344312608576022,0.9581435571311863,0.0
538,26.900000000000002,1,0.0,0.9344312608576022,0.9581435571311863,0.0
538,26.900000000000002,2,0.0,0.9344312608576022,0.9581435571311863,0.0
538,26.900000000000002,3,0.0,0.9344312608576024,0.9581435571311864,0.0
538,26.900000000000002,4,0.0,0.9344312608576024,0.9581435571311864,0.0
538,26.900000000000002,5,0.0,0.9344312608576022,0.9581435571311863,0.0
539,26.950000000000003,0,0.0,0.9342152002353068,0.9580026097533,0.0
539,26.950000000000003,1,0.0,0.9342152002353068,0.9580026097533,0.0
539,26.950000000000003,2,0.0,0.9342152002353068,0.9580026097533,0.0
539,26.950000000000003,3,0.0,0.9342152002353068,0.9580026097533,0.0
539,26.950000000000003,4,0.0,0.9342152002353068,0.9580026097533,0.0
539,26.950000000000003,5,0.0,0.9342152002353068,0.9580026097533,0.0
540,27.0,0,0.0,0.9340008116561653,0.9578627326345913,0.0
540,27.0,1,0.0,0.9340008116561653,0.9578627326345913,0.0
540,27.0,2,0.0,0.9340008116561653,0.9578627326345913,0.0
540,27.0,3,0.0,0.9340008116561653,0.9578627326345913,0.0
540,27.0,4,0.0,0.9340008116561653,0.9578627326345913,0.0
540,27.0,5,0.0,0.9340008116561651,0.9578627326345912,0.0
541,27.05,0,0.0,0.9337881061865845,0.9577239334658137,0.0
541,27.05,1,0.0,0.9337881061865845,0.9577239334658137,0.0
541,27.05,2,0.0,0.9337881061865845,0.9577239334658137,0.0
541,27.05,3,0.0,0.9337881061865845,0.9577239334658137,0.0
541,27.05,4,0.0,0.9337881061865845,0.9577239334658137,0.0
541,27.05,5,0.0,0.9337881061865845,0.9577239334658137,0.0
542,27.1,0,0.0,0.9335770943473392,0.9575862195824322,0.0
542,27.1,1,0.0,0.9335770943473392,0.9575862195824322,0.0
542,27.1,2,0.0,0.9335770943473392,0.9575862195824322,0.0
542,27.1,3,0.0,0.9335770943473392,0.9575862195824322,0.0
542,27.1,4,0.0,0.9335770943473392,0.9575862195824322,0.0
542,27.1,5,0.0,0.9335770943473387,0.9575862195824318,0.0
543,27.150000000000002,0,0.0,0.9333677861173346,0.957449597966738,0.0
543,27.150000000000002,1,0.0,0.9333677861173346,0.957449597966738,0.0
543,27.150000000000002,2,0.0,0.9333677861173346,0.957449597966738,0.0
543,27.150000000000002,3,0.0,0.9333677861173346,0.957449597966738,0.0
543,27.150000000000002,4,0.0,0.9333677861173346,0.957449597966738,0.0
543,27.150000000000002,5,0.0,0.9333677861173346,0.957449597966738,0.0
544,27.200000000000003,0,0.0,0.9331601909365814,0.957314075249459,0.0
544,27.200000000000003,1,0.0,0.9331601909365814,0.957314075249459,0.0
544,27.200000000000003,2,0.0,0.9331601909365814,0.957314075249459,0.0
544,27.200000000000003,3,0.0,0.9331601909365814,0.957314075249459,0.0
544,27.200000000000003,4,0.0,0.9331601909365814,0.957314075249459,0.0
544,27.200000000000003,5,0.0,0.9331601909365814,0.957314075249459,0.0
545,27.25,0,0.0,0.9329543177085269,0.9571796577109537,0.0
545,27.25,1,0.0,0.9329543177085269,0.9571796577109537,0.0
545,27.25,2,0.0,0.9329543177085269,0.9571796577109537,0.0
545,27.25,3,0.0,0.9329543177085269,0.9571796577109537,0.0
545,27.25,4,0.0,0.9329543177085269,0.9571796577109537,0.0
545,27.25,5,0.0,0.9329543177085269,0.9571796577109537,0.0
546,27.3,0,0.0,0.9327501748018976,0.9570463512820955,0.0
546,27.3,1,0.0,0.9327501748018976,0.9570463512820955,0.0
546,27.3,2,0.0,0.9327501748018976,0.9570463512820955,0.0
546,27.3,3,0.0,0.9327501748018976,0.9570463512820955,0.0
546,27.3,4,0.0,0.9327501748018976,0.9570463512820955,0.0
546,27.3,5,0.0,0.9327501748018976,0.9570463512820955,0.0
547,27.35,0,0.0,0.9325477700521765,0.9569141615449217,0.0
547,27.35,1,0.0,0.9325477700521765,0.9569141615449217,0.0
547,27.35,2,0.0,0.9325477700521765,0.9569141615449217,0.0
547,27.35,3,0.0,0.9325477700521765,0.9569141615449217,0.0
547,27.35,4,0.0,0.9325477700521765,0.9569141615449217,0.0
547,27.35,5,0.0,0.9325477700521765,0.9569141615449217,0.0
548,27.400000000000002,0,0.0,0.9323471107628338,0.9567830937331315,0.0
548,27.400000000000002,1,0.0,0.9323471107628338,0.9567830937331315,0.0
548,27.400000000000002,2,0.0,0.9323471107628338,0.9567830937331315,0.0
548,27.400000000000002,3,0.0,0.9323471107628338,0.9567830937331315,0.0
548,27.400000000000002,4,0.0,0.9323471107628338,0.9567830937331315,0.0
548,27.400000000000002,5,0.0,0.9323471107628338,0.9567830937331315,0.0
549,27.450000000000003,0,0.0,0.9321482037064197,0.9566531527324962,0.0
549,27.450000000000003,1,0.0,0.9321482037064197,0.9566531527324962,0.0
549,27.450000000000003,2,0.0,0.9321482037064199,0.9566531527324963,0.0
549,27.450000000000003,3,0.0,0.9321482037064199,0.9566531527324963,0.0
549,27.450000000000003,4,0.0,0.9321482037064199,0.9566531527324963,0.0
549,27.450000000000003,5,0.0,0.9321482037064197,0.9566531527324962,0.0
550,27.5,0,0.0,0.9319510551256065,0.9565243430812455,0.0
550,27.5,1,0.0,0.9319510551256065,0.9565243430812455,0.0
550,27.5,2,0.0,0.9319510551256065,0.9565243430812455,0.0
550,27.5,3,0.0,0.9319510551256065,0.9565243430812455,0.0
550,27.5,4,0.0,0.9319510551256065,0.9565243430812455,0.0
550,27.5,5,0.0,0.9319510551256065,0.9565243430812455,0.0
551,27.55,0,0.0,0.9317556707342718,0.956396668970485,0.0
551,27.55,1,0.0,0.9317556707342718,0.956396668970485,0.0
551,27.55,2,0.0,0.9317556707342718,0.956396668970485,0.0
551,27.55,3,0.0,0.9317556707342718,0.956396668970485,0.0
551,27.55,4,0.0,0.9317556707342718,0.956396668970485,0.0
551,27.55,5,0.0,0.9317556707342718,0.956396668970485,0.0
552,27.6,0,0.0,0.9315620557186872,0.9562701342446908,0.0
552,27.6,1,0.0,0.9315620557186872,0.9562701342446908,0.0
552,27.6,2,0.0,0.9315620557186872,0.9562701342446909,0.0
552,27.6,3,0.0,0.9315620557186872,0.9562701342446908,0.0
552,27.6,4,0.0,0.9315620557186872,0.9562701342446908,0.0
552,27.6,5,0.0,0.9315620557186872,0.9562701342446908,0.0
553,27.650000000000002,0,0.0,0.931370214738884,0.9561447424023233,0.0
553,27.650000000000002,1,0.0,0.931370214738884,0.9561447424023233,0.0
553,27.650000000000002,2,0.0,0.931370214738884,0.9561447424023233,0.0
553,27.650000000000002,3,0.0,0.931370214738884,0.9561447424023233,0.0
553,27.650000000000002,4,0.0,0.931370214738884,0.9561447424023233,0.0
553,27.650000000000002,5,0.0,0.931370214738884,0.9561447424023233,0.0
554,27.700000000000003,0,0.0,0.9311801519302452,0.9560204965965983,0.0
554,27.700000000000003,1,0.0,0.9311801519302452,0.9560204965965983,0.0
554,27.700000000000003,2,0.0,0.9311801519302452,0.9560204965965983,0.0
554,27.700000000000003,3,0.0,0.9311801519302452,0.9560204965965983,0.0
554,27.700000000000003,4,0.0,0.9311801519302452,0.9560204965965983,0.0
554,27.700000000000003,5,0.0,0.9311801519302452,0.9560204965965983,0.0
555,27.75,0,0.0,0.9309918709053695,0.955897399636442,0.0
555,27.75,1,0.0,0.9309918709053695,0.955897399636442,0.0
555,27.75,2,0.0,0.9309918709053695,0.955897399636442,0.0
555,27.75,3,0.0,0.9309918709053695,0.955897399636442,0.0
555,27.75,4,0.0,0.9309918709053695,0.955897399636442,0.0
555,27.75,5,0.0,0.93099187090537,0.9558973996364423,0.0
556,27.8,0,0.0,0.9308053747562568,0.9557754539876617,0.0
556,27.8,1,0.0,0.9308053747562568,0.9557754539876617,0.0
556,27.8,2,0.0,0.9308053747562568,0.9557754539876617,0.0
556,27.8,3,0.0,0.9308053747562568,0.9557754539876617,0.0
556,27.8,4,0.0,0.9308053747562568,0.9557754539876617,0.0
556,27.8,5,0.0,0.9308053747562568,0.9557754539876617,0.0
557,27.85,0,0.0,0.9306206660568288,0.9556546617743441,0.0
557,27.85,1,0.0,0.9306206660568288,0.9556546617743441,0.0
557,27.85,2,0.0,0.9306206660568288,0.9556546617743441,0.0
557,27.85,3,0.0,0.9306206660568288,0.9556546617743441,0.0
557,27.85,4,0.0,0.9306206660568288,0.9556546617743441,0.0
557,27.85,5,0.0,0.9306206660568288,0.9556546617743441,0.0
558,27.900000000000002,0,0.0,0.9304377468658303,0.9555350247805089,0.0
558,27.900000000000002,1,0.0,0.9304377468658303,0.9555350247805089,0.0
558,27.900000000000002,2,0.0,0.9304377468658303,0.9555350247805089,0.0
558,27.900000000000002,3,0.0,0.9304377468658305,0.955535024780509,0.0
558,27.900000000000002,4,0.0,0.9304377468658305,0.955535024780509,0.0
558,27.900000000000002,5,0.0,0.9304377468658305,0.955535024780509,0.0
559,27.950000000000003,0,0.0,0.9302566187301164,0.9554165444520235,0.0
559,27.950000000000003,1,0.0,0.9302566187301164,0.9554165444520235,0.0
559,27.950000000000003,2,0.0,0.9302566187301164,0.9554165444520235,0.0
559,27.950000000000003,3,0.0,0.9302566187301164,0.9554165444520235,0.0
559,27.950000000000003,4,0.0,0.9302566187301164,0.9554165444520235,0.0
559,27.950000000000003,5,0.0,0.9302566187301167,0.9554165444520236,0.0
560,28.0,0,0.0,0.9300772826883479,0.9552992218987907,0.0
560,28.0,1,0.0,0.9300772826883479,0.9552992218987907,0.0
560,28.0,2,0.0,0.9300772826883479,0.9552992218987907,0.0
560,28.0,3,0.0,0.9300772826883483,0.9552992218987909,0.0
560,28.0,4,0.0,0.9300772826883486,0.955299221898791,0.0
560,28.0,5,0.0,0.9300772826883483,0.9552992218987909,0.0
561,28.05,0,0.0,0.9298997392751012,0.9551830578972161,0.0
561,28.05,1,0.0,0.9298997392751012,0.9551830578972161,0.0
561,28.05,2,0.0,0.9298997392751012,0.9551830578972161,0.0
561,28.05,3,0.0,0.9298997392751012,0.9551830578972161,0.0
561,28.05,4,0.0,0.9298997392751012,0.9551830578972161,0.0
561,28.05,5,0.0,0.9298997392751016,0.9551830578972164,0.0
562,28.1,0,0.0,0.9297239885253985,0.955068052892959,0.0
562,28.1,1,0.0,0.9297239885253985,0.955068052892959,0.0
562,28.1,2,0.0,0.9297239885253985,0.955068052892959,0.0
562,28.1,3,0.0,0.9297239885253985,0.955068052892959,0.0
562,28.1,4,0.0,0.9297239885253985,0.955068052892959,0.0
562,28.1,5,0.0,0.9297239885253985,0.955068052892959,0.0
563,28.150000000000002,0,0.0,0.9295500299796606,0.9549542070039672,0.0
563,28.150000000000002,1,0.0,0.9295500299796606,0.9549542070039672,0.0
563,28.150000000000002,2,0.0,0.9295500299796606,0.9549542070039672,0.0
563,28.150000000000002,3,0.0,0.9295500299796606,0.9549542070039672,0.0
563,28.150000000000002,4,0.0,0.9295500299796604,0.954954207003967,0.0
563,28.150000000000002,5,0.0,0.9295500299796609,0.9549542070039673,0.0
564,28.200000000000003,0,0.0,0.9293778626890821,0.9548415200237956,0.0
564,28.200000000000003,1,0.0,0.9293778626890821,0.9548415200237956,0.0
564,28.200000000000003,2,0.0,0.9293778626890821,0.9548415200237956,0.0
564,28.200000000000003,3,0.0,0.9293778626890821,0.9548415200237956,0.0
564,28.200000000000003,4,0.0,0.9293778626890821,0.9548415200237956,0.0
564,28.200000000000003,5,0.0,0.9293778626890821,0.9548415200237956,0.0
565,28.25,0,0.0,0.9292074852214172,0.9547299914252046,0.0
565,28.25,1,0.0,0.9292074852214172,0.9547299914252046,0.0
565,28.25,2,0.0,0.9292074852214172,0.9547299914252046,0.0
565,28.25,3,0.0,0.9292074852214172,0.9547299914252046,0.0
565,28.25,4,0.0,0.9292074852214172,0.9547299914252046,0.0
565,28.25,5,0.0,0.9292074852214172,0.9547299914252046,0.0
566,28.3,0,0.0,0.9290388956671758,0.9546196203640326,0.0
566,28.3,1,0.0,0.9290388956671758,0.9546196203640326,0.0
566,28.3,2,0.0,0.9290388956671758,0.9546196203640326,0.0
566,28.3,3,0.0,0.9290388956671758,0.9546196203640326,0.0
566,28.3,4,0.0,0.9290388956671758,0.9546196203640326,0.0
566,28.3,5,0.0,0.9290388956671756,0.9546196203640324,0.0
567,28.35,0,0.0,0.928872091646213,0.9545104056833358,0.0
567,28.35,1,0.0,0.928872091646213,0.9545104056833358,0.0
567,28.35,2,0.0,0.928872091646213,0.9545104056833358,0.0
567,28.35,3,0.0,0.928872091646213,0.9545104056833358,0.0
567,28.35,4,0.0,0.928872091646213,0.9545104056833358,0.0
567,28.35,5,0.0,0.928872091646213,0.9545104056833358,0.0
568,28.400000000000002,0,0.0,0.9287070703147073,0.9544023459177917,0.0
568,28.400000000000002,1,0.0,0.9287070703147073,0.9544023459177917,0.0
568,28.400000000000002,2,0.0,0.9287070703147073,0.9544023459177917,0.0
568,28.400000000000002,3,0.0,0.9287070703147073,0.9544023459177917,0.0
568,28.400000000000002,4,0.0,0.9287070703147073,0.9544023459177917,0.0
568,28.400000000000002,5,0.0,0.9287070703147073,0.9544023459177917,0.0
569,28.450000000000003,0,0.0,0.9285438283725025,0.9542954392983486,0.0
569,28.450000000000003,1,0.0,0.9285438283725025,0.9542954392983486,0.0
569,28.450000000000003,2,0.0,0.9285438283725025,0.9542954392983486,0.0
569,28.450000000000003,3,0.0,0.9285438283725023,0.9542954392983485,0.0
569,28.450000000000003,4,0.0,0.9285438283725023,0.9542954392983485,0.0
569,28.450000000000003,5,0.0,0.9285438283725023,0.9542954392983485,0.0
570,28.5,0,0.0,0.9283823620708072,0.954189683757118,0.0
570,28.5,1,0.0,0.9283823620708072,0.954189683757118,0.0
570,28.5,2,0.0,0.9283823620708072,0.954189683757118,0.0
570,28.5,3,0.0,0.9283823620708072,0.954189683757118,0.0
570,28.5,4,0.0,0.9283823620708069,0.9541896837571179,0.0
570,28.5,5,0.0,0.9283823620708072,0.954189683757118,0.0
571,28.55,0,0.0,0.9282226672202307,0.9540850769324969,0.0
571,28.55,1,0.0,0.9282226672202307,0.9540850769324969,0.0
571,28.55,2,0.0,0.9282226672202307,0.9540850769324969,0.0
571,28.55,3,0.0,0.9282226672202307,0.9540850769324969,0.0
571,28.55,4,0.0,0.928222667220231,0.954085076932497,0.0
571,28.55,5,0.0,0.928222667220231,0.954085076932497,0.0
572,28.6,0,0.0,0.9280647391991357,0.9539816161745045,0.0
572,28.6,1,0.0,0.9280647391991357,0.9539816161745045,0.0
572,28.6,2,0.0,0.9280647391991357,0.9539816161745045,0.0
572,28.6,3,0.0,0.9280647391991357,0.9539816161745045,0.0
572,28.6,4,0.0,0.9280647391991352,0.9539816161745042,0.0
572,28.6,5,0.0,0.9280647391991352,0.9539816161745042,0.0
573,28.650000000000002,0,0.0,0.9279085729622873,0.9538792985503245,0.0
573,28.650000000000002,1,0.0,0.9279085729622873,0.9538792985503245,0.0
573,28.650000000000002,2,0.0,0.9279085729622876,0.9538792985503247,0.0
573,28.650000000000002,3,0.0,0.9279085729622876,0.9538792985503247,0.0
573,28.650000000000002,4,0.0,0.9279085729622876,0.9538792985503247,0.0
573,28.650000000000002,5,0.0,0.9279085729622876,0.9538792985503247,0.0
574,28.700000000000003,0,0.0,0.927754163049791,0.9537781208500428,0.0
574,28.700000000000003,1,0.0,0.927754163049791,0.9537781208500428,0.0
574,28.700000000000003,2,0.0,0.927754163049791,0.9537781208500428,0.0
574,28.700000000000003,3,0.0,0.927754163049791,0.9537781208500428,0.0
574,28.700000000000003,4,0.0,0.927754163049791,0.9537781208500428,0.0
574,28.700000000000003,5,0.0,0.927754163049791,0.9537781208500428,0.0
575,28.75,0,0.0,0.9276015035962761,0.9536780795925558,0.0
575,28.75,1,0.0,0.9276015035962761,0.9536780795925558,0.0
575,28.75,2,0.0,0.9276015035962761,0.9536780795925558,0.0
575,28.75,3,0.0,0.9276015035962761,0.9536780795925557,0.0
575,28.75,4,0.0,0.9276015035962761,0.9536780795925558,0.0
575,28.75,5,0.0,0.9276015035962761,0.9536780795925557,0.0
576,28.8,0,0.0,0.9274505883403286,0.953579171031651,0.0
576,28.8,1,0.0,0.9274505883403286,0.953579171031651,0.0
576,28.8,2,0.0,0.9274505883403286,0.953579171031651,0.0
576,28.8,3,0.0,0.9274505883403286,0.953579171031651,0.0
576,28.8,4,0.0,0.9274505883403286,0.953579171031651,0.0
576,28.8,5,0.0,0.9274505883403286,0.953579171031651,0.0
577,28.85,0,0.0,0.9273014106341344,0.9534813911622334,0.0
577,28.85,1,0.0,0.9273014106341344,0.9534813911622334,0.0
577,28.85,2,0.0,0.9273014106341344,0.9534813911622334,0.0
577,28.85,3,0.0,0.9273014106341344,0.9534813911622334,0.0
577,28.85,4,0.0,0.9273014106341344,0.9534813911622334,0.0
577,28.85,5,0.0,0.9273014106341344,0.9534813911622334,0.0
578,28.900000000000002,0,0.0,0.9271539634533235,0.9533847357266919,0.0
578,28.900000000000002,1,0.0,0.9271539634533235,0.9533847357266919,0.0
578,28.900000000000002,2,0.0,0.9271539634533235,0.9533847357266919,0.0
578,28.900000000000002,3,0.0,0.9271539634533235,0.9533847357266919,0.0
578,28.900000000000002,4,0.0,0.927153963453323,0.9533847357266917,0.0
578,28.900000000000002,5,0.0,0.9271539634533235,0.9533847357266919,0.0
579,28.950000000000003,0,0.0,0.927008239406985,0.9532892002213867,0.0
579,28.950000000000003,1,0.0,0.927008239406985,0.9532892002213867,0.0
579,28.950000000000003,2,0.0,0.927008239406985,0.9532892002213867,0.0
579,28.950000000000003,3,0.0,0.927008239406985,0.9532892002213867,0.0
579,28.950000000000003,4,0.0,0.927008239406985,0.9532892002213867,0.0
579,28.950000000000003,5,0.0,0.927008239406985,0.9532892002213867,0.0
580,29.0,0,0.0,0.9268642307478421,0.9531947799032486,0.0
580,29.0,1,0.0,0.9268642307478421,0.9531947799032486,0.0
580,29.0,2,0.0,0.9268642307478421,0.9531947799032486,0.0
580,29.0,3,0.0,0.9268642307478421,0.9531947799032486,0.0
580,29.0,4,0.0,0.9268642307478421,0.9531947799032486,0.0
580,29.0,5,0.0,0.9268642307478421,0.9531947799032486,0.0
581,29.05,0,0.0,0.9267219293825566,0.9531014697964723,0.0
581,29.05,1,0.0,0.9267219293825566,0.9531014697964723,0.0
581,29.05,2,0.0,0.9267219293825566,0.9531014697964723,0.0
581,29.05,3,0.0,0.9267219293825566,0.9531014697964723,0.0
581,29.05,4,0.0,0.9267219293825566,0.9531014697964723,0.0
581,29.05,5,0.0,0.9267219293825566,0.9531014697964723,0.0
582,29.1,0,0.0,0.9265813268821492,0.9530092646992926,0.0
582,29.1,1,0.0,0.9265813268821492,0.9530092646992926,0.0
582,29.1,2,0.0,0.9265813268821492,0.9530092646992926,0.0
582,29.1,3,0.0,0.9265813268821492,0.9530092646992926,0.0
582,29.1,4,0.0,0.9265813268821492,0.9530092646992926,0.0
582,29.1,5,0.0,0.9265813268821492,0.9530092646992926,0.0
583,29.150000000000002,0,0.0,0.9264424144925159,0.9529181591908324,0.0
583,29.150000000000002,1,0.0,0.9264424144925159,0.9529181591908324,0.0
583,29.150000000000002,2,0.0,0.9264424144925159,0.9529181591908324,0.0
583,29.150000000000002,3,0.0,0.9264424144925159,0.9529181591908324,0.0
583,29.150000000000002,4,0.0,0.9264424144925156,0.9529181591908323,0.0
583,29.150000000000002,5,0.0,0.9264424144925159,0.9529181591908324,0.0
584,29.200000000000003,0,0.0,0.9263051831450151,0.9528281476380034,0.0
584,29.200000000000003,1,0.0,0.9263051831450151,0.9528281476380034,0.0
584,29.200000000000003,2,0.0,0.9263051831450151,0.9528281476380034,0.0
584,29.200000000000003,3,0.0,0.9263051831450151,0.9528281476380034,0.0
584,29.200000000000003,4,0.0,0.9263051831450151,0.9528281476380034,0.0
584,29.200000000000003,5,0.0,0.9263051831450151,0.9528281476380034,0.0
585,29.25,0,0.0,0.9261696234671166,0.9527392242024549,0.0
585,29.25,1,0.0,0.9261696234671166,0.9527392242024549,0.0
585,29.25,2,0.0,0.9261696234671166,0.9527392242024549,0.0
585,29.25,3,0.0,0.9261696234671166,0.9527392242024549,0.0
585,29.25,4,0.0,0.9261696234671166,0.9527392242024549,0.0
585,29.25,5,0.0,0.9261696234671166,0.9527392242024549,0.0
586,29.3,0,0.0,0.9260357257930825,0.9526513828475519,0.0
586,29.3,1,0.0,0.9260357257930825,0.9526513828475519,0.0
586,29.3,2,0.0,0.9260357257930825,0.9526513828475519,0.0
586,29.3,3,0.0,0.9260357257930825,0.9526513828475519,0.0
586,29.3,4,0.0,0.9260357257930825,0.9526513828475519,0.0
586,29.3,5,0.0,0.9260357257930825,0.9526513828475519,0.0
587,29.35,0,0.0,0.925903480174673,0.9525646173453753,0.0
587,29.35,1,0.0,0.925903480174673,0.9525646173453753,0.0
587,29.35,2,0.0,0.9259034801746733,0.9525646173453755,0.0
587,29.35,3,0.0,0.925903480174673,0.9525646173453753,0.0
587,29.35,4,0.0,0.925903480174673,0.9525646173453753,0.0
587,29.35,5,0.0,0.925903480174673,0.9525646173453753,0.0
588,29.400000000000002,0,0.0,0.9257728763918542,0.9524789212837299,0.0
588,29.400000000000002,1,0.0,0.9257728763918542,0.9524789212837299,0.0
588,29.400000000000002,2,0.0,0.9257728763918542,0.9524789212837299,0.0
588,29.400000000000002,3,0.0,0.9257728763918542,0.9524789212837299,0.0
588,29.400000000000002,4,0.0,0.9257728763918542,0.9524789212837299,0.0
588,29.400000000000002,5,0.0,0.9257728763918545,0.95247892128373,0.0
589,29.450000000000003,0,0.0,0.925643903963492,0.9523942880731515,0.0
589,29.450000000000003,1,0.0,0.925643903963492,0.9523942880731515,0.0
589,29.450000000000003,2,0.0,0.925643903963492,0.9523942880731515,0.0
589,29.450000000000003,3,0.0,0.925643903963492,0.9523942880731515,0.0
589,29.450000000000003,4,0.0,0.925643903963492,0.9523942880731515,0.0
589,29.450000000000003,5,0.0,0.925643903963492,0.9523942880731515,0.0
590,29.5,0,0.0,0.9255165521580191,0.9523107109539007,0.0
590,29.5,1,0.0,0.9255165521580191,0.9523107109539007,0.0
590,29.5,2,0.0,0.9255165521580191,0.9523107109539007,0.0
590,29.5,3,0.0,0.9255165521580191,0.9523107109539007,0.0
590,29.5,4,0.0,0.9255165521580191,0.9523107109539007,0.0
590,29.5,5,0.0,0.9255165521580191,0.9523107109539007,0.0
591,29.55,0,0.0,0.9253908100040587,0.9522281830029361,0.0
591,29.55,1,0.0,0.9253908100040587,0.9522281830029361,0.0
591,29.55,2,0.0,0.9253908100040587,0.9522281830029361,0.0
591,29.55,3,0.0,0.9253908100040587,0.9522281830029361,0.0
591,29.55,4,0.0,0.9253908100040587,0.9522281830029361,0.0
591,29.55,5,0.0,0.9253908100040587,0.9522281830029361,0.0
592,29.6,0,0.0,0.925266666300989,0.9521466971408535,0.0
592,29.6,1,0.0,0.925266666300989,0.9521466971408535,0.0
592,29.6,2,0.0,0.925266666300989,0.9521466971408535,0.0
592,29.6,3,0.0,0.925266666300989,0.9521466971408535,0.0
592,29.6,4,0.0,0.925266666300989,0.9521466971408535,0.0
592,29.6,5,0.0,0.925266666300989,0.9521466971408535,0.0
593,29.650000000000002,0,0.0,0.9251441096294408,0.9520662461387869,0.0
593,29.650000000000002,1,0.0,0.9251441096294408,0.9520662461387869,0.0
593,29.650000000000002,2,0.0,0.9251441096294408,0.9520662461387869,0.0
593,29.650000000000002,3,0.0,0.9251441096294408,0.9520662461387869,0.0
593,29.650000000000002,4,0.0,0.9251441096294406,0.9520662461387867,0.0
593,29.650000000000002,5,0.0,0.9251441096294406,0.9520662461387867,0.0
594,29.700000000000003,0,0.0,0.9250231283617061,0.951986822625257,0.0
594,29.700000000000003,1,0.0,0.9250231283617061,0.951986822625257,0.0
594,29.700000000000003,2,0.0,0.9250231283617061,0.951986822625257,0.0
594,29.700000000000003,3,0.0,0.9250231283617061,0.951986822625257,0.0
594,29.700000000000003,4,0.0,0.9250231283617065,0.9519868226252574,0.0
594,29.700000000000003,5,0.0,0.9250231283617063,0.9519868226252571,0.0
595,29.75,0,0.0,0.9249037106720566,0.9519084190929665,0.0
595,29.75,1,0.0,0.9249037106720566,0.9519084190929665,0.0
595,29.75,2,0.0,0.9249037106720566,0.9519084190929665,0.0
595,29.75,3,0.0,0.9249037106720566,0.9519084190929665,0.0
595,29.75,4,0.0,0.9249037106720566,0.9519084190929665,0.0
595,29.75,5,0.0,0.9249037106720566,0.9519084190929665,0.0
596,29.8,0,0.0,0.9247858445469526,0.9518310279055262,0.0
596,29.8,1,0.0,0.9247858445469526,0.9518310279055262,0.0
596,29.8,2,0.0,0.9247858445469526,0.9518310279055262,0.0
596,29.8,3,0.0,0.9247858445469526,0.9518310279055262,0.0
596,29.8,4,0.0,0.9247858445469526,0.9518310279055262,0.0
596,29.8,5,0.0,0.9247858445469526,0.9518310279055262,0.0
597,29.85,0,0.0,0.9246695177951356,0.9517546413041122,0.0
597,29.85,1,0.0,0.9246695177951356,0.9517546413041122,0.0
597,29.85,2,0.0,0.9246695177951356,0.9517546413041122,0.0
597,29.85,3,0.0,0.9246695177951354,0.9517546413041121,0.0
597,29.85,4,0.0,0.9246695177951354,0.9517546413041121,0.0
597,29.85,5,0.0,0.9246695177951354,0.9517546413041121,0.0
598,29.900000000000002,0,0.0,0.924554718057593,0.951679251414042,0.0
598,29.900000000000002,1,0.0,0.924554718057593,0.951679251414042,0.0
598,29.900000000000002,2,0.0,0.924554718057593,0.951679251414042,0.0
598,29.900000000000002,3,0.0,0.924554718057593,0.951679251414042,0.0
598,29.900000000000002,4,0.0,0.924554718057593,0.951679251414042,0.0
598,29.900000000000002,5,0.0,0.9245547180575926,0.9516792514140416,0.0
599,29.950000000000003,0,0.0,0.9244414328173904,0.9516048502512678,0.0
599,29.950000000000003,1,0.0,0.9244414328173904,0.9516048502512678,0.0
599,29.950000000000003,2,0.0,0.9244414328173904,0.9516048502512678,0.0
599,29.950000000000003,3,0.0,0.9244414328173904,0.9516048502512678,0.0
599,29.950000000000003,4,0.0,0.9244414328173904,0.9516048502512678,0.0
599,29.950000000000003,5,0.0,0.9244414328173907,0.9516048502512681,0.0
600,30.0,0,0.0,0.9243296494093547,0.9515314297287785,0.0
600,30.0,1,0.0,0.9243296494093547,0.9515314297287785,0.0
600,30.0,2,0.0,0.9243296494093547,0.9515314297287785,0.0
600,30.0,3,0.0,0.9243296494093547,0.9515314297287785,0.0
600,30.0,4,0.0,0.9243296494093547,0.9515314297287785,0.0
600,30.0,5,0.0,0.9243296494093547,0.9515314297287785,0.0
601,30.05,0,0.0,0.9242193550296083,0.951458981662904,0.0
601,30.05,1,0.0,0.9242193550296083,0.951458981662904,0.0
601,30.05,2,0.0,0.9242193550296083,0.951458981662904,0.0
601,30.05,3,0.0,0.9242193550296083,0.951458981662904,0.0
601,30.05,4,0.0,0.9242193550296083,0.951458981662904,0.0
601,30.05,5,0.0,0.9242193550296081,0.9514589816629039,0.0
602,30.1,0,0.0,0.9241105367449436,0.9513874977795217,0.0
602,30.1,1,0.0,0.9241105367449436,0.9513874977795217,0.0
602,30.1,2,0.0,0.9241105367449436,0.9513874977795217,0.0
602,30.1,3,0.0,0.9241105367449436,0.9513874977795217,0.0
602,30.1,4,0.0,0.9241105367449436,0.9513874977795217,0.0
602,30.1,5,0.0,0.9241105367449436,0.9513874977795217,0.0
603,30.150000000000002,0,0.0,0.924003181502032,0.9513169697201559,0.0
603,30.150000000000002,1,0.0,0.924003181502032,0.9513169697201559,0.0
603,30.150000000000002,2,0.0,0.924003181502032,0.9513169697201559,0.0
603,30.150000000000002,3,0.0,0.924003181502032,0.9513169697201559,0.0
603,30.150000000000002,4,0.0,0.924003181502032,0.9513169697201559,0.0
603,30.150000000000002,5,0.0,0.9240031815020322,0.951316969720156,0.0
604,30.200000000000003,0,0.0,0.923897276136461,0.951247389047968,0.0
604,30.200000000000003,1,0.0,0.923897276136461,0.951247389047968,0.0
604,30.200000000000003,2,0.0,0.923897276136461,0.951247389047968,0.0
604,30.200000000000003,3,0.0,0.923897276136461,0.951247389047968,0.0
604,30.200000000000003,4,0.0,0.923897276136461,0.951247389047968,0.0
604,30.200000000000003,5,0.0,0.923897276136461,0.951247389047968,0.0
605,30.25,0,0.0,0.9237928073815957,0.951178747253635,0.0
605,30.25,1,0.0,0.9237928073815957,0.951178747253635,0.0
605,30.25,2,0.0,0.9237928073815957,0.951178747253635,0.0
605,30.25,3,0.0,0.9237928073815957,0.9511787472536352,0.0
605,30.25,4,0.0,0.9237928073815957,0.9511787472536352,0.0
605,30.25,5,0.0,0.9237928073815957,0.951178747253635,0.0
606,30.3,0,0.0,0.9236897618772588,0.951111035761111,0.0
606,30.3,1,0.0,0.9236897618772588,0.951111035761111,0.0
606,30.3,2,0.0,0.9236897618772588,0.951111035761111,0.0
606,30.3,3,0.0,0.9236897618772586,0.9511110357611109,0.0
606,30.3,4,0.0,0.9236897618772586,0.9511110357611109,0.0
606,30.3,5,0.0,0.9236897618772588,0.951111035761111,0.0
607,30.35,0,0.0,0.9235881261782246,0.9510442459332693,0.0
607,30.35,1,0.0,0.9235881261782246,0.9510442459332693,0.0
607,30.35,2,0.0,0.9235881261782246,0.9510442459332693,0.0
607,30.35,3,0.0,0.9235881261782246,0.9510442459332693,0.0
607,30.35,4,0.0,0.9235881261782246,0.9510442459332693,0.0
607,30.35,5,0.0,0.9235881261782246,0.9510442459332693,0.0
608,30.400000000000002,0,0.0,0.9234878867625265,0.9509783690774244,0.0
608,30.400000000000002,1,0.0,0.9234878867625265,0.9509783690774244,0.0
608,30.400000000000002,2,0.0,0.9234878867625265,0.9509783690774244,0.0
608,30.400000000000002,3,0.0,0.9234878867625269,0.9509783690774246,0.0
608,30.400000000000002,4,0.0,0.9234878867625265,0.9509783690774244,0.0
608,30.400000000000002,5,0.0,0.9234878867625265,0.9509783690774244,0.0
609,30.450000000000003,0,0.0,0.9233890300395704,0.9509133964507299,0.0
609,30.450000000000003,1,0.0,0.9233890300395704,0.9509133964507299,0.0
609,30.450000000000003,2,0.0,0.9233890300395704,0.9509133964507298,0.0
609,30.450000000000003,3,0.0,0.9233890300395704,0.9509133964507298,0.0
609,30.450000000000003,4,0.0,0.9233890300395704,0.9509133964507298,0.0
609,30.450000000000003,5,0.0,0.9233890300395704,0.9509133964507298,0.0
610,30.5,0,0.0,0.9232915423580543,0.950849319265449,0.0
610,30.5,1,0.0,0.9232915423580543,0.950849319265449,0.0
610,30.5,2,0.0,0.9232915423580543,0.950849319265449,0.0
610,30.5,3,0.0,0.9232915423580541,0.9508493192654489,0.0
610,30.5,4,0.0,0.9232915423580543,0.950849319265449,0.0
610,30.5,5,0.0,0.9232915423580541,0.9508493192654489,0.0
611,30.55,0,0.0,0.9231954100136939,0.9507861286941018,0.0
611,30.55,1,0.0,0.9231954100136939,0.9507861286941018,0.0
611,30.55,2,0.0,0.9231954100136934,0.9507861286941016,0.0
611,30.55,3,0.0,0.9231954100136939,0.9507861286941018,0.0
611,30.55,4,0.0,0.9231954100136939,0.9507861286941018,0.0
611,30.55,5,0.0,0.9231954100136939,0.9507861286941018,0.0
612,30.6,0,0.0,0.9231006192567459,0.9507238158744801,0.0
612,30.6,1,0.0,0.9231006192567459,0.9507238158744801,0.0
612,30.6,2,0.0,0.9231006192567459,0.9507238158744801,0.0
612,30.6,3,0.0,0.9231006192567459,0.9507238158744801,0.0
612,30.6,4,0.0,0.9231006192567459,0.9507238158744801,0.0
612,30.6,5,0.0,0.9231006192567457,0.95072381587448,0.0
613,30.650000000000002,0,0.0,0.9230071562993369,0.9506623719145358,0.0
613,30.650000000000002,1,0.0,0.9230071562993369,0.9506623719145358,0.0
613,30.650000000000002,2,0.0,0.9230071562993369,0.9506623719145358,0.0
613,30.650000000000002,3,0.0,0.9230071562993369,0.9506623719145358,0.0
613,30.650000000000002,4,0.0,0.9230071562993369,0.9506623719145358,0.0
613,30.650000000000002,5,0.0,0.9230071562993369,0.9506623719145358,0.0
614,30.700000000000003,0,0.0,0.9229150073225896,0.9506017878971388,0.0
614,30.700000000000003,1,0.0,0.9229150073225896,0.9506017878971388,0.0
614,30.700000000000003,2,0.0,0.9229150073225896,0.9506017878971388,0.0
614,30.700000000000003,3,0.0,0.9229150073225896,0.9506017878971388,0.0
614,30.700000000000003,4,0.0,0.9229150073225896,0.9506017878971388,0.0
614,30.700000000000003,5,0.0,0.9229150073225896,0.9506017878971388,0.0
615,30.75,0,0.0,0.9228241584835468,0.9505420548847029,0.0
615,30.75,1,0.0,0.9228241584835468,0.9505420548847029,0.0
615,30.75,2,0.0,0.9228241584835468,0.9505420548847029,0.0
615,30.75,3,0.0,0.9228241584835468,0.9505420548847029,0.0
615,30.75,4,0.0,0.9228241584835468,0.9505420548847029,0.0
615,30.75,5,0.0,0.9228241584835468,0.9505420548847029,0.0
616,30.8,0,0.0,0.9227345959219011,0.9504831639236838,0.0
616,30.8,1,0.0,0.9227345959219011,0.9504831639236838,0.0
616,30.8,2,0.0,0.9227345959219011,0.9504831639236838,0.0
616,30.8,3,0.0,0.9227345959219011,0.9504831639236838,0.0
616,30.8,4,0.0,0.9227345959219011,0.9504831639236838,0.0
616,30.8,5,0.0,0.9227345959219011,0.9504831639236838,0.0
617,30.85,0,0.0,0.9226463057665186,0.9504251060489449,0.0
617,30.85,1,0.0,0.9226463057665186,0.9504251060489449,0.0
617,30.85,2,0.0,0.9226463057665186,0.9504251060489449,0.0
617,30.85,3,0.0,0.9226463057665186,0.9504251060489449,0.0
617,30.85,4,0.0,0.9226463057665186,0.9504251060489449,0.0
617,30.85,5,0.0,0.9226463057665186,0.9504251060489449,0.0
618,30.900000000000002,0,0.0,0.9225592741417634,0.9503678722879916,0.0
618,30.900000000000002,1,0.0,0.9225592741417634,0.9503678722879916,0.0
618,30.900000000000002,2,0.0,0.9225592741417634,0.9503678722879916,0.0
618,30.900000000000002,3,0.0,0.9225592741417634,0.9503678722879916,0.0
618,30.900000000000002,4,0.0,0.9225592741417634,0.9503678722879916,0.0
618,30.900000000000002,5,0.0,0.9225592741417634,0.9503678722879916,0.0
619,30.950000000000003,0,0.0,0.9224734871736284,0.950311453665079,0.0
619,30.950000000000003,1,0.0,0.9224734871736284,0.950311453665079,0.0
619,30.950000000000003,2,0.0,0.9224734871736284,0.950311453665079,0.0
619,30.950000000000003,3,0.0,0.9224734871736284,0.950311453665079,0.0
619,30.950000000000003,4,0.0,0.9224734871736284,0.950311453665079,0.0
619,30.950000000000003,5,0.0,0.9224734871736284,0.950311453665079,0.0
620,31.0,0,0.0,0.9223889309956625,0.9502558412051872,0.0
620,31.0,1,0.0,0.9223889309956625,0.9502558412051872,0.0
620,31.0,2,0.0,0.9223889309956623,0.9502558412051871,0.0
620,31.0,3,0.0,0.9223889309956625,0.9502558412051872,0.0
620,31.0,4,0.0,0.9223889309956625,0.9502558412051872,0.0
620,31.0,5,0.0,0.9223889309956625,0.9502558412051872,0.0
621,31.05,0,0.0,0.9223055917547054,0.9502010259378705,0.0
621,31.05,1,0.0,0.9223055917547054,0.9502010259378705,0.0
621,31.05,2,0.0,0.9223055917547054,0.9502010259378705,0.0
621,31.05,3,0.0,0.9223055917547054,0.9502010259378705,0.0
621,31.05,4,0.0,0.9223055917547054,0.9502010259378705,0.0
621,31.05,5,0.0,0.9223055917547054,0.9502010259378705,0.0
622,31.1,0,0.0,0.9222234556164268,0.9501469989009771,0.0
622,31.1,1,0.0,0.9222234556164268,0.9501469989009771,0.0
622,31.1,2,0.0,0.9222234556164268,0.9501469989009771,0.0
622,31.1,3,0.0,0.9222234556164268,0.9501469989009771,0.0
622,31.1,4,0.0,0.9222234556164268,0.9501469989009771,0.0
622,31.1,5,0.0,0.9222234556164262,0.9501469989009768,0.0
623,31.150000000000002,0,0.0,0.9221425087706714,0.9500937511442432,0.0
623,31.150000000000002,1,0.0,0.9221425087706714,0.9500937511442432,0.0
623,31.150000000000002,2,0.0,0.9221425087706714,0.9500937511442432,0.0
623,31.150000000000002,3,0.0,0.9221425087706714,0.9500937511442432,0.0
623,31.150000000000002,4,0.0,0.9221425087706714,0.9500937511442432,0.0
623,31.150000000000002,5,0.0,0.9221425087706714,0.9500937511442432,0.0
624,31.200000000000003,0,0.0,0.9220627374366184,0.9500412737327641,0.0
624,31.200000000000003,1,0.0,0.9220627374366184,0.9500412737327641,0.0
624,31.200000000000003,2,0.0,0.9220627374366182,0.950041273732764,0.0
624,31.200000000000003,3,0.0,0.9220627374366184,0.9500412737327641,0.0
624,31.200000000000003,4,0.0,0.9220627374366184,0.9500412737327641,0.0
624,31.200000000000003,5,0.0,0.9220627374366184,0.9500412737327641,0.0
625,31.25,0,0.0,0.9219841278677448,0.949989557750337,0.0
625,31.25,1,0.0,0.9219841278677448,0.949989557750337,0.0
625,31.25,2,0.0,0.9219841278677448,0.949989557750337,0.0
625,31.25,3,0.0,0.921984127867745,0.9499895577503371,0.0
625,31.25,4,0.0,0.921984127867745,0.9499895577503371,0.0
625,31.25,5,0.0,0.921984127867745,0.9499895577503371,0.0
626,31.3,0,0.0,0.9219066663566113,0.9499385943026866,0.0
626,31.3,1,0.0,0.9219066663566113,0.9499385943026866,0.0
626,31.3,2,0.0,0.9219066663566113,0.9499385943026866,0.0
626,31.3,3,0.0,0.9219066663566113,0.9499385943026866,0.0
626,31.3,4,0.0,0.9219066663566113,0.9499385943026866,0.0
626,31.3,5,0.0,0.9219066663566111,0.9499385943026865,0.0
627,31.35,0,0.0,0.9218303392394573,0.9498883745205653,0.0
627,31.35,1,0.0,0.9218303392394573,0.9498883745205653,0.0
627,31.35,2,0.0,0.9218303392394569,0.949888374520565,0.0
627,31.35,3,0.0,0.9218303392394573,0.9498883745205653,0.0
627,31.35,4,0.0,0.9218303392394573,0.9498883745205653,0.0
627,31.35,5,0.0,0.9218303392394571,0.9498883745205652,0.0
628,31.400000000000002,0,0.0,0.9217551329006208,0.9498388895627384,0.0
628,31.400000000000002,1,0.0,0.9217551329006208,0.9498388895627384,0.0
628,31.400000000000002,2,0.0,0.9217551329006208,0.9498388895627384,0.0
628,31.400000000000002,3,0.0,0.9217551329006208,0.9498388895627384,0.0
628,31.400000000000002,4,0.0,0.9217551329006208,0.9498388895627384,0.0
628,31.400000000000002,5,0.0,0.9217551329006208,0.9498388895627384,0.0
629,31.450000000000003,0,0.0,0.9216810337767798,0.9497901306188513,0.0
629,31.450000000000003,1,0.0,0.9216810337767798,0.9497901306188513,0.0
629,31.450000000000003,2,0.0,0.9216810337767798,0.9497901306188513,0.0
629,31.450000000000003,3,0.0,0.9216810337767798,0.9497901306188513,0.0
629,31.450000000000003,4,0.0,0.9216810337767798,0.9497901306188513,0.0
629,31.450000000000003,5,0.0,0.9216810337767798,0.9497901306188513,0.0
630,31.5,0,0.0,0.9216080283610144,0.9497420889121783,0.0
630,31.5,1,0.0,0.9216080283610144,0.9497420889121783,0.0
630,31.5,2,0.0,0.9216080283610144,0.9497420889121783,0.0
630,31.5,3,0.0,0.9216080283610144,0.9497420889121783,0.0
630,31.5,4,0.0,0.9216080283610144,0.9497420889121783,0.0
630,31.5,5,0.0,0.9216080283610144,0.9497420889121783,0.0
631,31.55,0,0.0,0.9215361032067044,0.9496947557022627,0.0
631,31.55,1,0.0,0.9215361032067044,0.9496947557022627,0.0
631,31.55,2,0.0,0.9215361032067044,0.9496947557022627,0.0
631,31.55,3,0.0,0.9215361032067044,0.9496947557022627,0.0
631,31.55,4,0.0,0.9215361032067044,0.9496947557022627,0.0
631,31.55,5,0.0,0.9215361032067042,0.9496947557022626,0.0
632,31.6,0,0.0,0.9214652449312519,0.9496481222874422,0.0
632,31.6,1,0.0,0.9214652449312519,0.9496481222874422,0.0
632,31.6,2,0.0,0.9214652449312519,0.9496481222874422,0.0
632,31.6,3,0.0,0.9214652449312519,0.9496481222874422,0.0
632,31.6,4,0.0,0.9214652449312517,0.9496481222874421,0.0
632,31.6,5,0.0,0.9214652449312517,0.9496481222874421,0.0
633,31.650000000000002,0,0.0,0.9213954402196429,0.9496021800072668,0.0
633,31.650000000000002,1,0.0,0.9213954402196429,0.9496021800072668,0.0
633,31.650000000000002,2,0.0,0.9213954402196429,0.9496021800072668,0.0
633,31.650000000000002,3,0.0,0.9213954402196429,0.9496021800072668,0.0
633,31.650000000000002,4,0.0,0.9213954402196429,0.9496021800072668,0.0
633,31.650000000000002,5,0.0,0.9213954402196429,0.9496021800072668,0.0
634,31.700000000000003,0,0.0,0.9213266758278456,0.9495569202448092,0.0
634,31.700000000000003,1,0.0,0.9213266758278456,0.9495569202448092,0.0
634,31.700000000000003,2,0.0,0.9213266758278456,0.9495569202448092,0.0
634,31.700000000000003,3,0.0,0.9213266758278456,0.9495569202448092,0.0
634,31.700000000000003,4,0.0,0.9213266758278456,0.9495569202448092,0.0
634,31.700000000000003,5,0.0,0.9213266758278456,0.9495569202448092,0.0
635,31.75,0,0.0,0.9212589385860495,0.9495123344288697,0.0
635,31.75,1,0.0,0.9212589385860495,0.9495123344288697,0.0
635,31.75,2,0.0,0.9212589385860495,0.9495123344288697,0.0
635,31.75,3,0.0,0.9212589385860497,0.9495123344288698,0.0
635,31.75,4,0.0,0.9212589385860497,0.9495123344288698,0.0
635,31.75,5,0.0,0.9212589385860495,0.9495123344288697,0.0
636,31.8,0,0.0,0.9211922154017498,0.9494684140360791,0.0
636,31.8,1,0.0,0.9211922154017498,0.9494684140360791,0.0
636,31.8,2,0.0,0.9211922154017498,0.9494684140360791,0.0
636,31.8,3,0.0,0.9211922154017496,0.9494684140360788,0.0
636,31.8,4,0.0,0.9211922154017496,0.9494684140360788,0.0
636,31.8,5,0.0,0.9211922154017496,0.9494684140360788,0.0
637,31.85,0,0.0,0.9211264932626795,0.9494251505928992,0.0
637,31.85,1,0.0,0.9211264932626795,0.9494251505928992,0.0
637,31.85,2,0.0,0.9211264932626795,0.9494251505928992,0.0
637,31.85,3,0.0,0.9211264932626797,0.9494251505928993,0.0
637,31.85,4,0.0,0.9211264932626797,0.9494251505928993,0.0
637,31.85,5,0.0,0.9211264932626795,0.9494251505928992,0.0
638,31.900000000000002,0,0.0,0.9210617592395958,0.9493825356775291,0.0
638,31.900000000000002,1,0.0,0.9210617592395958,0.9493825356775291,0.0
638,31.900000000000002,2,0.0,0.9210617592395958,0.949382535677529,0.0
638,31.900000000000002,3,0.0,0.9210617592395958,0.9493825356775291,0.0
638,31.900000000000002,4,0.0,0.9210617592395955,0.9493825356775288,0.0
638,31.900000000000002,5,0.0,0.9210617592395958,0.949382535677529,0.0
639,31.950000000000003,0,0.0,0.9209980004889178,0.9493405609217102,0.0
639,31.950000000000003,1,0.0,0.9209980004889178,0.9493405609217102,0.0
639,31.950000000000003,2,0.0,0.9209980004889178,0.9493405609217102,0.0
639,31.950000000000003,3,0.0,0.9209980004889178,0.9493405609217102,0.0
639,31.950000000000003,4,0.0,0.9209980004889178,0.9493405609217102,0.0
639,31.950000000000003,5,0.0,0.9209980004889178,0.9493405609217102,0.0
640,32.0,0,0.0,0.9209352042552263,0.9492992180124414,0.0
640,32.0,1,0.0,0.9209352042552263,0.9492992180124414,0.0
640,32.0,2,0.0,0.9209352042552266,0.9492992180124417,0.0
640,32.0,3,0.0,0.9209352042552263,0.9492992180124414,0.0
640,32.0,4,0.0,0.9209352042552266,0.9492992180124417,0.0
640,32.0,5,0.0,0.9209352042552266,0.9492992180124417,0.0
641,32.050000000000004,0,0.0,0.9208733578736255,0.9492584986936023,0.0
641,32.050000000000004,1,0.0,0.9208733578736255,0.9492584986936023,0.0
641,32.050000000000004,2,0.0,0.9208733578736255,0.9492584986936023,0.0
641,32.050000000000004,3,0.0,0.9208733578736255,0.9492584986936023,0.0
641,32.050000000000004,4,0.0,0.9208733578736255,0.9492584986936023,0.0
641,32.050000000000004,5,0.0,0.9208733578736255,0.9492584986936023,0.0
642,32.1,0,0.0,0.9208124487719662,0.9492183947674833,0.0
642,32.1,1,0.0,0.9208124487719662,0.9492183947674833,0.0
642,32.1,2,0.0,0.9208124487719662,0.9492183947674833,0.0
642,32.1,3,0.0,0.9208124487719662,0.9492183947674833,0.0
642,32.1,4,0.0,0.9208124487719662,0.9492183947674833,0.0
642,32.1,5,0.0,0.9208124487719662,0.9492183947674833,0.0
643,32.15,0,0.0,0.9207524644729448,0.949178898096234,0.0
643,32.15,1,0.0,0.9207524644729448,0.949178898096234,0.0
643,32.15,2,0.0,0.9207524644729448,0.949178898096234,0.0
643,32.15,3,0.0,0.9207524644729448,0.949178898096234,0.0
643,32.15,4,0.0,0.9207524644729448,0.949178898096234,0.0
643,32.15,5,0.0,0.9207524644729446,0.9491788980962338,0.0
644,32.2,0,0.0,0.9206933925960732,0.9491400006032258,0.0
644,32.2,1,0.0,0.9206933925960732,0.9491400006032258,0.0
644,32.2,2,0.0,0.9206933925960732,0.9491400006032258,0.0
644,32.2,3,0.0,0.9206933925960732,0.9491400006032258,0.0
644,32.2,4,0.0,0.9206933925960732,0.9491400006032258,0.0
644,32.2,5,0.0,0.920693392596073,0.9491400006032257,0.0
645,32.25,0,0.0,0.9206352208595194,0.9491016942743277,0.0
645,32.25,1,0.0,0.9206352208595194,0.9491016942743277,0.0
645,32.25,2,0.0,0.9206352208595194,0.9491016942743277,0.0
645,32.25,3,0.0,0.9206352208595194,0.9491016942743277,0.0
645,32.25,4,0.0,0.9206352208595194,0.9491016942743277,0.0
645,32.25,5,0.0,0.9206352208595199,0.9491016942743279,0.0
646,32.300000000000004,0,0.0,0.9205779370818397,0.9490639711591098,0.0
646,32.300000000000004,1,0.0,0.9205779370818397,0.9490639711591098,0.0
646,32.300000000000004,2,0.0,0.9205779370818397,0.9490639711591098,0.0
646,32.300000000000004,3,0.0,0.9205779370818397,0.9490639711591098,0.0
646,32.300000000000004,4,0.0,0.9205779370818397,0.9490639711591097,0.0
646,32.300000000000004,5,0.0,0.9205779370818397,0.9490639711591098,0.0
647,32.35,0,0.0,0.9205215291835791,0.9490268233719602,0.0
647,32.35,1,0.0,0.9205215291835791,0.9490268233719602,0.0
647,32.35,2,0.0,0.9205215291835791,0.9490268233719602,0.0
647,32.35,3,0.0,0.9205215291835791,0.9490268233719602,0.0
647,32.35,4,0.0,0.9205215291835791,0.9490268233719602,0.0
647,32.35,5,0.0,0.9205215291835791,0.9490268233719602,0.0
648,32.4,0,0.0,0.9204659851887722,0.9489902430931338,0.0
648,32.4,1,0.0,0.9204659851887722,0.9489902430931338,0.0
648,32.4,2,0.0,0.9204659851887722,0.9489902430931338,0.0
648,32.4,3,0.0,0.9204659851887722,0.9489902430931338,0.0
648,32.4,4,0.0,0.9204659851887722,0.9489902430931337,0.0
648,32.4,5,0.0,0.9204659851887722,0.9489902430931338,0.0
649,32.45,0,0.0,0.920411293226328,0.9489542225697244,0.0
649,32.45,1,0.0,0.920411293226328,0.9489542225697244,0.0
649,32.45,2,0.0,0.920411293226328,0.9489542225697244,0.0
649,32.45,3,0.0,0.920411293226328,0.9489542225697244,0.0
649,32.45,4,0.0,0.920411293226328,0.9489542225697244,0.0
649,32.45,5,0.0,0.920411293226328,0.9489542225697244,0.0
650,32.5,0,0.0,0.9203574415313045,0.9489187541165632,0.0
650,32.5,1,0.0,0.9203574415313045,0.9489187541165632,0.0
650,32.5,2,0.0,0.9203574415313047,0.9489187541165633,0.0
650,32.5,3,0.0,0.9203574415313045,0.9489187541165632,0.0
650,32.5,4,0.0,0.9203574415313045,0.9489187541165632,0.0
650,32.5,5,0.0,0.9203574415313045,0.9489187541165632,0.0
651,32.550000000000004,0,0.0,0.9203044184460893,0.9488838301170547,0.0
651,32.550000000000004,1,0.0,0.9203044184460893,0.9488838301170547,0.0
651,32.550000000000004,2,0.0,0.9203044184460893,0.9488838301170547,0.0
651,32.550000000000004,3,0.0,0.9203044184460893,0.9488838301170547,0.0
651,32.550000000000004,4,0.0,0.9203044184460893,0.9488838301170547,0.0
651,32.550000000000004,5,0.0,0.9203044184460893,0.9488838301170547,0.0
652,32.6,0,0.0,0.9202522124214711,0.9488494430239388,0.0
652,32.6,1,0.0,0.9202522124214711,0.9488494430239388,0.0
652,32.6,2,0.0,0.9202522124214711,0.9488494430239388,0.0
652,32.6,3,0.0,0.9202522124214711,0.9488494430239388,0.0
652,32.6,4,0.0,0.9202522124214709,0.9488494430239386,0.0
652,32.6,5,0.0,0.9202522124214711,0.9488494430239388,0.0
653,32.65,0,0.0,0.920200812017621,0.948815585359993,0.0
653,32.65,1,0.0,0.920200812017621,0.948815585359993,0.0
653,32.65,2,0.0,0.920200812017621,0.948815585359993,0.0
653,32.65,3,0.0,0.9202008120176206,0.9488155853599928,0.0
653,32.65,4,0.0,0.920200812017621,0.948815585359993,0.0
653,32.65,5,0.0,0.920200812017621,0.948815585359993,0.0
654,32.7,0,0.0,0.9201502059049764,0.9487822497186699,0.0
654,32.7,1,0.0,0.9201502059049764,0.9487822497186699,0.0
654,32.7,2,0.0,0.9201502059049766,0.9487822497186701,0.0
654,32.7,3,0.0,0.9201502059049764,0.9487822497186699,0.0
654,32.7,4,0.0,0.9201502059049764,0.9487822497186699,0.0
654,32.7,5,0.0,0.9201502059049764,0.9487822497186699,0.0
655,32.75,0,0.0,0.9201003828650358,0.9487494287646737,0.0
655,32.75,1,0.0,0.9201003828650358,0.9487494287646737,0.0
655,32.75,2,0.0,0.9201003828650358,0.9487494287646737,0.0
655,32.75,3,0.0,0.9201003828650358,0.9487494287646737,0.0
655,32.75,4,0.0,0.9201003828650358,0.9487494287646737,0.0
655,32.75,5,0.0,0.9201003828650358,0.9487494287646737,0.0
656,32.800000000000004,0,0.0,0.9200513317910675,0.9487171152344803,0.0
656,32.800000000000004,1,0.0,0.9200513317910675,0.9487171152344803,0.0
656,32.800000000000004,2,0.0,0.9200513317910675,0.9487171152344803,0.0
656,32.800000000000004,3,0.0,0.9200513317910675,0.9487171152344803,0.0
656,32.800000000000004,4,0.0,0.9200513317910675,0.9487171152344803,0.0
656,32.800000000000004,5,0.0,0.9200513317910675,0.9487171152344803,0.0
657,32.85,0,0.0,0.9200030416887295,0.9486853019367971,0.0
657,32.85,1,0.0,0.9200030416887295,0.9486853019367971,0.0
657,32.85,2,0.0,0.9200030416887295,0.9486853019367971,0.0
657,32.85,3,0.0,0.9200030416887295,0.9486853019367971,0.0
657,32.85,4,0.0,0.9200030416887295,0.948685301936797,0.0
657,32.85,5,0.0,0.9200030416887295,0.9486853019367971,0.0
658,32.9,0,0.0,0.9199555016766143,0.9486539817529719,0.0
658,32.9,1,0.0,0.9199555016766143,0.9486539817529719,0.0
658,32.9,2,0.0,0.9199555016766143,0.9486539817529719,0.0
658,32.9,3,0.0,0.9199555016766143,0.9486539817529719,0.0
658,32.9,4,0.0,0.9199555016766141,0.9486539817529717,0.0
658,32.9,5,0.0,0.9199555016766143,0.9486539817529719,0.0
659,32.95,0,0.0,0.9199087009867111,0.9486231476373476,0.0
659,32.95,1,0.0,0.9199087009867111,0.9486231476373476,0.0
659,32.95,2,0.0,0.9199087009867111,0.9486231476373476,0.0
659,32.95,3,0.0,0.9199087009867111,0.9486231476373476,0.0
659,32.95,4,0.0,0.9199087009867108,0.9486231476373473,0.0
659,32.95,5,0.0,0.9199087009867111,0.9486231476373476,0.0
660,33.0,0,0.0,0.9198626289647913,0.9485927926175641,0.0
660,33.0,1,0.0,0.9198626289647913,0.9485927926175641,0.0
660,33.0,2,0.0,0.9198626289647913,0.9485927926175641,0.0
660,33.0,3,0.0,0.9198626289647918,0.9485927926175645,0.0
660,33.0,4,0.0,0.9198626289647913,0.9485927926175641,0.0
660,33.0,5,0.0,0.9198626289647913,0.9485927926175641,0.0
661,33.050000000000004,0,0.0,0.919817275070727,0.9485629097948162,0.0
661,33.050000000000004,1,0.0,0.919817275070727,0.9485629097948162,0.0
661,33.050000000000004,2,0.0,0.9198172750707263,0.9485629097948158,0.0
661,33.050000000000004,3,0.0,0.9198172750707263,0.9485629097948158,0.0
661,33.050000000000004,4,0.0,0.9198172750707263,0.9485629097948158,0.0
661,33.050000000000004,5,0.0,0.9198172750707263,0.9485629097948158,0.0
662,33.1,0,0.0,0.9197726288787298,0.9485334923440565,0.0
662,33.1,1,0.0,0.9197726288787298,0.9485334923440565,0.0
662,33.1,2,0.0,0.9197726288787298,0.9485334923440565,0.0
662,33.1,3,0.0,0.9197726288787298,0.9485334923440565,0.0
662,33.1,4,0.0,0.9197726288787298,0.9485334923440565,0.0
662,33.1,5,0.0,0.9197726288787298,0.9485334923440565,0.0
663,33.15,0,0.0,0.9197286800775357,0.9485045335141628,0.0
663,33.15,1,0.0,0.9197286800775357,0.9485045335141628,0.0
663,33.15,2,0.0,0.9197286800775357,0.9485045335141628,0.0
663,33.15,3,0.0,0.9197286800775357,0.9485045335141628,0.0
663,33.15,4,0.0,0.9197286800775357,0.9485045335141629,0.0
663,33.15,5,0.0,0.9197286800775357,0.9485045335141628,0.0
664,33.2,0,0.0,0.9196854184705108,0.9484760266280526,0.0
664,33.2,1,0.0,0.9196854184705108,0.9484760266280526,0.0
664,33.2,2,0.0,0.9196854184705108,0.9484760266280526,0.0
664,33.2,3,0.0,0.9196854184705108,0.9484760266280526,0.0
664,33.2,4,0.0,0.9196854184705108,0.9484760266280526,0.0
664,33.2,5,0.0,0.9196854184705108,0.9484760266280526,0.0
665,33.25,0,0.0,0.9196428339757032,0.9484479650827603,0.0
665,33.25,1,0.0,0.9196428339757032,0.9484479650827603,0.0
665,33.25,2,0.0,0.9196428339757032,0.9484479650827603,0.0
665,33.25,3,0.0,0.9196428339757032,0.9484479650827603,0.0
665,33.25,4,0.0,0.9196428339757032,0.9484479650827603,0.0
665,33.25,5,0.0,0.9196428339757035,0.9484479650827605,0.0
666,33.300000000000004,0,0.0,0.9196009166258363,0.9484203423494749,0.0
666,33.300000000000004,1,0.0,0.9196009166258363,0.9484203423494749,0.0
666,33.300000000000004,2,0.0,0.9196009166258363,0.9484203423494749,0.0
666,33.300000000000004,3,0.0,0.9196009166258357,0.9484203423494746,0.0
666,33.300000000000004,4,0.0,0.9196009166258357,0.9484203423494746,0.0
666,33.300000000000004,5,0.0,0.9196009166258357,0.9484203423494746,0.0
667,33.35,0,0.0,0.9195596565682358,0.948393151973534,0.0
667,33.35,1,0.0,0.9195596565682358,0.948393151973534,0.0
667,33.35,2,0.0,0.919559656568236,0.9483931519735341,0.0
667,33.35,3,0.0,0.9195596565682358,0.948393151973534,0.0
667,33.35,4,0.0,0.9195596565682358,0.948393151973534,0.0
667,33.35,5,0.0,0.9195596565682358,0.948393151973534,0.0
668,33.4,0,0.0,0.9195190440647145,0.9483663875743873,0.0
668,33.4,1,0.0,0.9195190440647145,0.9483663875743873,0.0
668,33.4,2,0.0,0.9195190440647145,0.9483663875743873,0.0
668,33.4,3,0.0,0.9195190440647145,0.9483663875743873,0.0
668,33.4,4,0.0,0.9195190440647145,0.9483663875743873,0.0
668,33.4,5,0.0,0.9195190440647145,0.9483663875743873,0.0
669,33.45,0,0.0,0.9194790694913955,0.9483400428455208,0.0
669,33.45,1,0.0,0.9194790694913955,0.9483400428455208,0.0
669,33.45,2,0.0,0.9194790694913955,0.9483400428455208,0.0
669,33.45,3,0.0,0.9194790694913955,0.9483400428455208,0.0
669,33.45,4,0.0,0.9194790694913955,0.9483400428455208,0.0
669,33.45,5,0.0,0.9194790694913955,0.9483400428455208,0.0
670,33.5,0,0.0,0.9194397233384832,0.9483141115543435,0.0
670,33.5,1,0.0,0.9194397233384832,0.9483141115543435,0.0
670,33.5,2,0.0,0.9194397233384832,0.9483141115543435,0.0
670,33.5,3,0.0,0.919439723338483,0.9483141115543434,0.0
670,33.5,4,0.0,0.919439723338483,0.9483141115543434,0.0
670,33.5,5,0.0,0.919439723338483,0.9483141115543434,0.0
671,33.550000000000004,0,0.0,0.9194009962099967,0.9482885875420498,0.0
671,33.550000000000004,1,0.0,0.9194009962099967,0.9482885875420498,0.0
671,33.550000000000004,2,0.0,0.9194009962099967,0.9482885875420498,0.0
671,33.550000000000004,3,0.0,0.9194009962099967,0.9482885875420498,0.0
671,33.550000000000004,4,0.0,0.9194009962099967,0.9482885875420498,0.0
671,33.550000000000004,5,0.0,0.9194009962099967,0.9482885875420498,0.0
672,33.6,0,0.0,0.9193628788234485,0.948263464723444,0.0
672,33.6,1,0.0,0.9193628788234485,0.948263464723444,0.0
672,33.6,2,0.0,0.9193628788234485,0.948263464723444,0.0
672,33.6,3,0.0,0.9193628788234485,0.948263464723444,0.0
672,33.6,4,0.0,0.9193628788234485,0.948263464723444,0.0
672,33.6,5,0.0,0.9193628788234485,0.948263464723444,0.0
673,33.65,0,0.0,0.9193253620094779,0.9482387370867357,0.0
673,33.65,1,0.0,0.9193253620094779,0.9482387370867357,0.0
673,33.65,2,0.0,0.9193253620094779,0.9482387370867357,0.0
673,33.65,3,0.0,0.9193253620094779,0.9482387370867357,0.0
673,33.65,4,0.0,0.9193253620094779,0.9482387370867357,0.0
673,33.65,5,0.0,0.9193253620094779,0.9482387370867357,0.0
674,33.7,0,0.0,0.9192884367114553,0.9482143986933119,0.0
674,33.7,1,0.0,0.9192884367114553,0.9482143986933119,0.0
674,33.7,2,0.0,0.9192884367114553,0.9482143986933119,0.0
674,33.7,3,0.0,0.9192884367114553,0.9482143986933119,0.0
674,33.7,4,0.0,0.9192884367114553,0.9482143986933119,0.0
674,33.7,5,0.0,0.9192884367114553,0.9482143986933119,0.0
675,33.75,0,0.0,0.9192520939850264,0.948190443677473,0.0
675,33.75,1,0.0,0.9192520939850264,0.948190443677473,0.0
675,33.75,2,0.0,0.9192520939850264,0.948190443677473,0.0
675,33.75,3,0.0,0.9192520939850264,0.948190443677473,0.0
675,33.75,4,0.0,0.9192520939850262,0.9481904436774727,0.0
675,33.75,5,0.0,0.9192520939850264,0.948190443677473,0.0
676,33.800000000000004,0,0.0,0.9192163249976388,0.9481668662461521,0.0
676,33.800000000000004,1,0.0,0.9192163249976388,0.9481668662461521,0.0
676,33.800000000000004,2,0.0,0.9192163249976388,0.9481668662461521,0.0
676,33.800000000000004,3,0.0,0.9192163249976388,0.9481668662461521,0.0
676,33.800000000000004,4,0.0,0.9192163249976388,0.9481668662461521,0.0
676,33.800000000000004,5,0.0,0.9192163249976388,0.9481668662461521,0.0
677,33.85,0,0.0,0.9191811210280183,0.9481436606786035,0.0
677,33.85,1,0.0,0.9191811210280183,0.9481436606786035,0.0
677,33.85,2,0.0,0.9191811210280183,0.9481436606786035,0.0
677,33.85,3,0.0,0.9191811210280183,0.9481436606786035,0.0
677,33.85,4,0.0,0.9191811210280183,0.9481436606786035,0.0
677,33.85,5,0.0,0.9191811210280183,0.9481436606786035,0.0
678,33.9,0,0.0,0.9191464734656181,0.9481208213260705,0.0
678,33.9,1,0.0,0.9191464734656181,0.9481208213260705,0.0
678,33.9,2,0.0,0.9191464734656181,0.9481208213260705,0.0
678,33.9,3,0.0,0.9191464734656181,0.9481208213260705,0.0
678,33.9,4,0.0,0.9191464734656181,0.9481208213260705,0.0
678,33.9,5,0.0,0.9191464734656181,0.9481208213260705,0.0
679,33.95,0,0.0,0.9191123738100331,0.9480983426114303,0.0
679,33.95,1,0.0,0.9191123738100331,0.9480983426114303,0.0
679,33.95,2,0.0,0.9191123738100331,0.9480983426114303,0.0
679,33.95,3,0.0,0.9191123738100331,0.9480983426114303,0.0
679,33.95,4,0.0,0.9191123738100326,0.9480983426114301,0.0
679,33.95,5,0.0,0.9191123738100326,0.9480983426114301,0.0
680,34.0,0,0.0,0.9190788136703811,0.9480762190288164,0.0
680,34.0,1,0.0,0.9190788136703811,0.9480762190288164,0.0
680,34.0,2,0.0,0.9190788136703811,0.9480762190288164,0.0
680,34.0,3,0.0,0.9190788136703809,0.9480762190288163,0.0
680,34.0,4,0.0,0.9190788136703811,0.9480762190288164,0.0
680,34.0,5,0.0,0.9190788136703811,0.9480762190288164,0.0
681,34.050000000000004,0,0.0,0.9190457847646616,0.9480544451432243,0.0
681,34.050000000000004,1,0.0,0.9190457847646616,0.9480544451432243,0.0
681,34.050000000000004,2,0.0,0.9190457847646614,0.9480544451432241,0.0
681,34.050000000000004,3,0.0,0.9190457847646616,0.9480544451432243,0.0
681,34.050000000000004,4,0.0,0.9190457847646611,0.948054445143224,0.0
681,34.050000000000004,5,0.0,0.9190457847646614,0.9480544451432241,0.0
682,34.1,0,0.0,0.9190132789190779,0.9480330155900939,0.0
682,34.1,1,0.0,0.9190132789190779,0.9480330155900939,0.0
682,34.1,2,0.0,0.9190132789190779,0.9480330155900939,0.0
682,34.1,3,0.0,0.9190132789190779,0.9480330155900939,0.0
682,34.1,4,0.0,0.9190132789190779,0.9480330155900939,0.0
682,34.1,5,0.0,0.9190132789190779,0.9480330155900939,0.0
683,34.15,0,0.0,0.9189812880673405,0.9480119250748777,0.0
683,34.15,1,0.0,0.9189812880673405,0.9480119250748777,0.0
683,34.15,2,0.0,0.9189812880673405,0.9480119250748777,0.0
683,34.15,3,0.0,0.9189812880673405,0.9480119250748777,0.0
683,34.15,4,0.0,0.9189812880673405,0.9480119250748777,0.0
683,34.15,5,0.0,0.9189812880673405,0.9480119250748777,0.0
684,34.2,0,0.0,0.9189498042499447,0.9479911683725913,0.0
684,34.2,1,0.0,0.9189498042499447,0.9479911683725913,0.0
684,34.2,2,0.0,0.9189498042499447,0.9479911683725913,0.0
684,34.2,3,0.0,0.9189498042499447,0.9479911683725913,0.0
684,34.2,4,0.0,0.9189498042499447,0.9479911683725913,0.0
684,34.2,5,0.0,0.9189498042499449,0.9479911683725915,0.0
685,34.25,0,0.0,0.9189188196134184,0.9479707403273441,0.0
685,34.25,1,0.0,0.9189188196134184,0.9479707403273441,0.0
685,34.25,2,0.0,0.9189188196134184,0.9479707403273441,0.0
685,34.25,3,0.0,0.9189188196134184,0.9479707403273441,0.0
685,34.25,4,0.0,0.9189188196134184,0.9479707403273441,0.0
685,34.25,5,0.0,0.9189188196134184,0.9479707403273441,0.0
686,34.300000000000004,0,0.0,0.9188883264095582,0.9479506358518611,0.0
686,34.300000000000004,1,0.0,0.9188883264095582,0.9479506358518611,0.0
686,34.300000000000004,2,0.0,0.9188883264095582,0.9479506358518611,0.0
686,34.300000000000004,3,0.0,0.9188883264095582,0.9479506358518611,0.0
686,34.300000000000004,4,0.0,0.9188883264095586,0.9479506358518613,0.0
686,34.300000000000004,5,0.0,0.9188883264095582,0.9479506358518611,0.0
687,34.35,0,0.0,0.9188583169946392,0.9479308499269864,0.0
687,34.35,1,0.0,0.9188583169946392,0.9479308499269864,0.0
687,34.35,2,0.0,0.9188583169946392,0.9479308499269864,0.0
687,34.35,3,0.0,0.9188583169946392,0.9479308499269864,0.0
687,34.35,4,0.0,0.9188583169946392,0.9479308499269864,0.0
687,34.35,5,0.0,0.9188583169946392,0.9479308499269864,0.0
688,34.4,0,0.0,0.9188287838286049,0.9479113776011743,0.0
688,34.4,1,0.0,0.9188287838286049,0.9479113776011743,0.0
688,34.4,2,0.0,0.9188287838286049,0.9479113776011743,0.0
688,34.4,3,0.0,0.9188287838286049,0.9479113776011743,0.0
688,34.4,4,0.0,0.9188287838286049,0.9479113776011743,0.0
688,34.4,5,0.0,0.9188287838286049,0.9479113776011743,0.0
689,34.45,0,0.0,0.9187997194742452,0.9478922139899696,0.0
689,34.45,1,0.0,0.9187997194742452,0.9478922139899696,0.0
689,34.45,2,0.0,0.9187997194742445,0.9478922139899693,0.0
689,34.45,3,0.0,0.9187997194742445,0.9478922139899693,0.0
689,34.45,4,0.0,0.9187997194742445,0.9478922139899693,0.0
689,34.45,5,0.0,0.9187997194742445,0.9478922139899693,0.0
690,34.5,0,0.0,0.9187711165963479,0.9478733542754721,0.0
690,34.5,1,0.0,0.9187711165963479,0.9478733542754721,0.0
690,34.5,2,0.0,0.9187711165963479,0.9478733542754721,0.0
690,34.5,3,0.0,0.9187711165963479,0.9478733542754721,0.0
690,34.5,4,0.0,0.9187711165963479,0.9478733542754721,0.0
690,34.5,5,0.0,0.9187711165963479,0.9478733542754721,0.0
691,34.550000000000004,0,0.0,0.9187429679608485,0.9478547937057978,0.0
691,34.550000000000004,1,0.0,0.9187429679608485,0.9478547937057978,0.0
691,34.550000000000004,2,0.0,0.9187429679608485,0.9478547937057978,0.0
691,34.550000000000004,3,0.0,0.9187429679608485,0.9478547937057978,0.0
691,34.550000000000004,4,0.0,0.9187429679608485,0.9478547937057978,0.0
691,34.550000000000004,5,0.0,0.9187429679608485,0.9478547937057978,0.0
692,34.6,0,0.0,0.9187152664339509,0.9478365275945206,0.0
692,34.6,1,0.0,0.9187152664339509,0.9478365275945206,0.0
692,34.6,2,0.0,0.9187152664339509,0.9478365275945206,0.0
692,34.6,3,0.0,0.9187152664339509,0.9478365275945206,0.0
692,34.6,4,0.0,0.9187152664339509,0.9478365275945206,0.0
692,34.6,5,0.0,0.9187152664339509,0.9478365275945206,0.0
693,34.65,0,0.0,0.918688004981246,0.947818551320113,0.0
693,34.65,1,0.0,0.918688004981246,0.947818551320113,0.0
693,34.65,2,0.0,0.918688004981246,0.947818551320113,0.0
693,34.65,3,0.0,0.918688004981246,0.947818551320113,0.0
693,34.65,4,0.0,0.918688004981246,0.947818551320113,0.0
693,34.65,5,0.0,0.918688004981246,0.947818551320113,0.0
694,34.7,0,0.0,0.9186611766668156,0.9478008603253741,0.0
694,34.7,1,0.0,0.9186611766668156,0.9478008603253741,0.0
694,34.7,2,0.0,0.9186611766668156,0.9478008603253741,0.0
694,34.7,3,0.0,0.9186611766668156,0.9478008603253741,0.0
694,34.7,4,0.0,0.9186611766668156,0.9478008603253741,0.0
694,34.7,5,0.0,0.9186611766668156,0.9478008603253741,0.0
695,34.75,0,0.0,0.9186347746523185,0.9477834501168493,0.0
695,34.75,1,0.0,0.9186347746523185,0.9477834501168493,0.0
695,34.75,2,0.0,0.9186347746523185,0.9477834501168493,0.0
695,34.75,3,0.0,0.9186347746523185,0.9477834501168493,0.0
695,34.75,4,0.0,0.918634774652318,0.947783450116849,0.0
695,34.75,5,0.0,0.9186347746523185,0.9477834501168493,0.0
696,34.800000000000004,0,0.0,0.9186087921960764,0.9477663162642442,0.0
696,34.800000000000004,1,0.0,0.9186087921960764,0.9477663162642442,0.0
696,34.800000000000004,2,0.0,0.9186087921960764,0.9477663162642442,0.0
696,34.800000000000004,3,0.0,0.9186087921960766,0.9477663162642443,0.0
696,34.800000000000004,4,0.0,0.9186087921960766,0.9477663162642443,0.0
696,34.800000000000004,5,0.0,0.9186087921960766,0.9477663162642443,0.0
697,34.85,0,0.0,0.9185832226521469,0.9477494543998343,0.0
697,34.85,1,0.0,0.9185832226521469,0.9477494543998343,0.0
697,34.85,2,0.0,0.9185832226521469,0.9477494543998343,0.0
697,34.85,3,0.0,0.9185832226521469,0.9477494543998343,0.0
697,34.85,4,0.0,0.9185832226521469,0.9477494543998343,0.0
697,34.85,5,0.0,0.9185832226521469,0.9477494543998343,0.0
698,34.9,0,0.0,0.9185580594693825,0.9477328602178612,0.0
698,34.9,1,0.0,0.9185580594693825,0.9477328602178612,0.0
698,34.9,2,0.0,0.9185580594693825,0.9477328602178612,0.0
698,34.9,3,0.0,0.9185580594693825,0.9477328602178612,0.0
698,34.9,4,0.0,0.9185580594693825,0.9477328602178612,0.0
698,34.9,5,0.0,0.9185580594693825,0.9477328602178612,0.0
699,34.95,0,0.0,0.9185332961904933,0.9477165294739333,0.0
699,34.95,1,0.0,0.9185332961904933,0.9477165294739333,0.0
699,34.95,2,0.0,0.9185332961904933,0.9477165294739333,0.0
699,34.95,3,0.0,0.9185332961904933,0.9477165294739333,0.0
699,34.95,4,0.0,0.9185332961904933,0.9477165294739333,0.0
699,34.95,5,0.0,0.9185332961904937,0.9477165294739335,0.0
700,35.0,0,0.0,0.918508926451092,0.9477004579844123,0.0
700,35.0,1,0.0,0.918508926451092,0.9477004579844123,0.0
700,35.0,2,0.0,0.918508926451092,0.9477004579844123,0.0
700,35.0,3,0.0,0.918508926451092,0.9477004579844123,0.0
700,35.0,4,0.0,0.918508926451092,0.9477004579844123,0.0
700,35.0,5,0.0,0.9185089264510922,0.9477004579844125,0.0
701,35.050000000000004,0,0.0,0.9184849439787415,0.947684641625803,0.0
701,35.050000000000004,1,0.0,0.9184849439787415,0.947684641625803,0.0
701,35.050000000000004,2,0.0,0.9184849439787415,0.947684641625803,0.0
701,35.050000000000004,3,0.0,0.9184849439787415,0.947684641625803,0.0
701,35.050000000000004,4,0.0,0.9184849439787415,0.947684641625803,0.0
701,35.050000000000004,5,0.0,0.9184849439787415,0.947684641625803,0.0
702,35.1,0,0.0,0.9184613425919921,0.9476690763341337,0.0
702,35.1,1,0.0,0.9184613425919921,0.9476690763341337,0.0
702,35.1,2,0.0,0.9184613425919921,0.9476690763341337,0.0
702,35.1,3,0.0,0.9184613425919921,0.9476690763341337,0.0
702,35.1,4,0.0,0.9184613425919921,0.9476690763341337,0.0
702,35.1,5,0.0,0.9184613425919921,0.9476690763341337,0.0
703,35.15,0,0.0,0.918438116199418,0.9476537581043366,0.0
703,35.15,1,0.0,0.918438116199418,0.9476537581043366,0.0
703,35.15,2,0.0,0.918438116199418,0.9476537581043366,0.0
703,35.15,3,0.0,0.918438116199418,0.9476537581043366,0.0
703,35.15,4,0.0,0.918438116199418,0.9476537581043366,0.0
703,35.15,5,0.0,0.918438116199418,0.9476537581043366,0.0
704,35.2,0,0.0,0.91841525879865,0.9476386829896258,0.0
704,35.2,1,0.0,0.91841525879865,0.9476386829896258,0.0
704,35.2,2,0.0,0.91841525879865,0.9476386829896258,0.0
704,35.2,3,0.0,0.91841525879865,0.9476386829896258,0.0
704,35.2,4,0.0,0.91841525879865,0.9476386829896258,0.0
704,35.2,5,0.0,0.91841525879865,0.9476386829896258,0.0
705,35.25,0,0.0,0.9183927644754006,0.9476238471008688,0.0
705,35.25,1,0.0,0.9183927644754006,0.9476238471008688,0.0
705,35.25,2,0.0,0.9183927644754006,0.9476238471008688,0.0
705,35.25,3,0.0,0.9183927644754006,0.9476238471008688,0.0
705,35.25,4,0.0,0.9183927644754006,0.9476238471008688,0.0
705,35.25,5,0.0,0.9183927644754011,0.9476238471008691,0.0
706,35.300000000000004,0,0.0,0.9183706274024954,0.9476092466059621,0.0
706,35.300000000000004,1,0.0,0.9183706274024954,0.9476092466059621,0.0
706,35.300000000000004,2,0.0,0.9183706274024954,0.9476092466059622,0.0
706,35.300000000000004,3,0.0,0.9183706274024954,0.9476092466059621,0.0
706,35.300000000000004,4,0.0,0.9183706274024954,0.9476092466059621,0.0
706,35.300000000000004,5,0.0,0.9183706274024954,0.9476092466059621,0.0
707,35.35,0,0.0,0.918348841838893,0.9475948777291993,0.0
707,35.35,1,0.0,0.918348841838893,0.9475948777291993,0.0
707,35.35,2,0.0,0.918348841838893,0.9475948777291993,0.0
707,35.35,3,0.0,0.9183488418388925,0.947594877729199,0.0
707,35.35,4,0.0,0.918348841838893,0.9475948777291993,0.0
707,35.35,5,0.0,0.918348841838893,0.9475948777291993,0.0
708,35.4,0,0.0,0.9183274021287127,0.9475807367506427,0.0
708,35.4,1,0.0,0.9183274021287127,0.9475807367506427,0.0
708,35.4,2,0.0,0.9183274021287127,0.9475807367506427,0.0
708,35.4,3,0.0,0.9183274021287127,0.9475807367506427,0.0
708,35.4,4,0.0,0.9183274021287127,0.9475807367506427,0.0
708,35.4,5,0.0,0.9183274021287127,0.9475807367506427,0.0
709,35.45,0,0.0,0.9183063027002605,0.9475668200054946,0.0
709,35.45,1,0.0,0.9183063027002605,0.9475668200054946,0.0
709,35.45,2,0.0,0.9183063027002605,0.9475668200054946,0.0
709,35.45,3,0.0,0.9183063027002605,0.9475668200054946,0.0
709,35.45,4,0.0,0.9183063027002605,0.9475668200054946,0.0
709,35.45,5,0.0,0.91830630270026,0.9475668200054944,0.0
710,35.5,0,0.0,0.9182855380650448,0.9475531238834612,0.0
710,35.5,1,0.0,0.9182855380650448,0.9475531238834612,0.0
710,35.5,2,0.0,0.9182855380650448,0.9475531238834612,0.0
710,35.5,3,0.0,0.9182855380650448,0.9475531238834612,0.0
710,35.5,4,0.0,0.9182855380650448,0.9475531238834612,0.0
710,35.5,5,0.0,0.9182855380650448,0.9475531238834612,0.0
711,35.550000000000004,0,0.0,0.9182651028168094,0.9475396448281264,0.0
711,35.550000000000004,1,0.0,0.9182651028168094,0.9475396448281264,0.0
711,35.550000000000004,2,0.0,0.9182651028168094,0.9475396448281264,0.0
711,35.550000000000004,3,0.0,0.9182651028168094,0.9475396448281264,0.0
711,35.550000000000004,4,0.0,0.9182651028168094,0.9475396448281264,0.0
711,35.550000000000004,5,0.0,0.9182651028168096,0.9475396448281265,0.0
712,35.6,0,0.0,0.9182449916305562,0.9475263793363197,0.0
712,35.6,1,0.0,0.9182449916305562,0.9475263793363197,0.0
712,35.6,2,0.0,0.9182449916305562,0.9475263793363197,0.0
712,35.6,3,0.0,0.9182449916305562,0.9475263793363197,0.0
712,35.6,4,0.0,0.9182449916305562,0.9475263793363197,0.0
712,35.6,5,0.0,0.9182449916305562,0.9475263793363197,0.0
713,35.65,0,0.0,0.9182251992615698,0.9475133239574851,0.0
713,35.65,1,0.0,0.9182251992615698,0.9475133239574851,0.0
713,35.65,2,0.0,0.9182251992615698,0.9475133239574851,0.0
713,35.65,3,0.0,0.9182251992615698,0.9475133239574851,0.0
713,35.65,4,0.0,0.9182251992615695,0.947513323957485,0.0
713,35.65,5,0.0,0.91822519926157,0.9475133239574852,0.0
714,35.7,0,0.0,0.9182057205444525,0.9475004752930553,0.0
714,35.7,1,0.0,0.9182057205444525,0.9475004752930553,0.0
714,35.7,2,0.0,0.9182057205444525,0.9475004752930553,0.0
714,35.7,3,0.0,0.9182057205444525,0.9475004752930553,0.0
714,35.7,4,0.0,0.9182057205444525,0.9475004752930553,0.0
714,35.7,5,0.0,0.9182057205444525,0.9475004752930553,0.0
715,35.75,0,0.0,0.918186550392152,0.9474878299958212,0.0
715,35.75,1,0.0,0.918186550392152,0.9474878299958212,0.0
715,35.75,2,0.0,0.918186550392152,0.9474878299958212,0.0
715,35.75,3,0.0,0.918186550392152,0.9474878299958212,0.0
715,35.75,4,0.0,0.918186550392152,0.9474878299958212,0.0
715,35.75,5,0.0,0.9181865503921522,0.9474878299958213,0.0
716,35.800000000000004,0,0.0,0.9181676837949992,0.9474753847693084,0.0
716,35.800000000000004,1,0.0,0.9181676837949992,0.9474753847693084,0.0
716,35.800000000000004,2,0.0,0.9181676837949992,0.9474753847693084,0.0
716,35.800000000000004,3,0.0,0.9181676837949992,0.9474753847693084,0.0
716,35.800000000000004,4,0.0,0.9181676837949992,0.9474753847693084,0.0
716,35.800000000000004,5,0.0,0.9181676837949995,0.9474753847693086,0.0
717,35.85,0,0.0,0.9181491158197446,0.9474631363671521,0.0
717,35.85,1,0.0,0.9181491158197446,0.9474631363671521,0.0
717,35.85,2,0.0,0.9181491158197446,0.9474631363671521,0.0
717,35.85,3,0.0,0.9181491158197446,0.9474631363671521,0.0
717,35.85,4,0.0,0.9181491158197446,0.9474631363671521,0.0
717,35.85,5,0.0,0.9181491158197446,0.9474631363671521,0.0
718,35.9,0,0.0,0.9181308416086005,0.9474510815924749,0.0
718,35.9,1,0.0,0.9181308416086005,0.9474510815924749,0.0
718,35.9,2,0.0,0.9181308416086005,0.9474510815924749,0.0
718,35.9,3,0.0,0.9181308416086005,0.9474510815924749,0.0
718,35.9,4,0.0,0.9181308416086005,0.9474510815924749,0.0
718,35.9,5,0.0,0.9181308416086005,0.9474510815924749,0.0
719,35.95,0,0.0,0.9181128563782919,0.9474392172972705,0.0
719,35.95,1,0.0,0.9181128563782919,0.9474392172972705,0.0
719,35.95,2,0.0,0.9181128563782917,0.9474392172972704,0.0
719,35.95,3,0.0,0.9181128563782917,0.9474392172972704,0.0
719,35.95,4,0.0,0.9181128563782919,0.9474392172972705,0.0
719,35.95,5,0.0,0.9181128563782919,0.9474392172972705,0.0
720,36.0,0,0.0,0.9180951554190984,0.9474275403817818,0.0
720,36.0,1,0.0,0.9180951554190984,0.9474275403817818,0.0
720,36.0,2,0.0,0.9180951554190984,0.9474275403817818,0.0
720,36.0,3,0.0,0.9180951554190984,0.9474275403817818,0.0
720,36.0,4,0.0,0.9180951554190984,0.9474275403817818,0.0
720,36.0,5,0.0,0.9180951554190984,0.9474275403817818,0.0
721,36.050000000000004,0,0.0,0.9180777340939175,0.9474160477938912,0.0
721,36.050000000000004,1,0.0,0.9180777340939175,0.9474160477938912,0.0
721,36.050000000000004,2,0.0,0.9180777340939175,0.9474160477938912,0.0
721,36.050000000000004,3,0.0,0.9180777340939175,0.9474160477938912,0.0
721,36.050000000000004,4,0.0,0.9180777340939172,0.947416047793891,0.0
721,36.050000000000004,5,0.0,0.9180777340939172,0.947416047793891,0.0
722,36.1,0,0.0,0.9180605878373209,0.9474047365285077,0.0
722,36.1,1,0.0,0.9180605878373209,0.9474047365285077,0.0
722,36.1,2,0.0,0.9180605878373209,0.9474047365285077,0.0
722,36.1,3,0.0,0.9180605878373209,0.9474047365285077,0.0
722,36.1,4,0.0,0.9180605878373209,0.9474047365285077,0.0
722,36.1,5,0.0,0.9180605878373209,0.9474047365285077,0.0
723,36.15,0,0.0,0.918043712154621,0.9473936036269593,0.0
723,36.15,1,0.0,0.918043712154621,0.9473936036269593,0.0
723,36.15,2,0.0,0.918043712154621,0.9473936036269593,0.0
723,36.15,3,0.0,0.918043712154621,0.9473936036269593,0.0
723,36.15,4,0.0,0.918043712154621,0.9473936036269593,0.0
723,36.15,5,0.0,0.918043712154621,0.9473936036269593,0.0
724,36.2,0,0.0,0.9180271026209437,0.9473826461763903,0.0
724,36.2,1,0.0,0.9180271026209437,0.9473826461763903,0.0
724,36.2,2,0.0,0.9180271026209437,0.9473826461763903,0.0
724,36.2,3,0.0,0.9180271026209437,0.9473826461763903,0.0
724,36.2,4,0.0,0.9180271026209437,0.9473826461763903,0.0
724,36.2,5,0.0,0.9180271026209437,0.9473826461763903,0.0
725,36.25,0,0.0,0.9180107548803014,0.947371861309157,0.0
725,36.25,1,0.0,0.9180107548803014,0.947371861309157,0.0
725,36.25,2,0.0,0.9180107548803014,0.947371861309157,0.0
725,36.25,3,0.0,0.9180107548803014,0.947371861309157,0.0
725,36.25,4,0.0,0.9180107548803011,0.9473718613091568,0.0
725,36.25,5,0.0,0.9180107548803014,0.947371861309157,0.0
726,36.300000000000004,0,0.0,0.9179946646446806,0.9473612462022344,0.0
726,36.300000000000004,1,0.0,0.9179946646446806,0.9473612462022344,0.0
726,36.300000000000004,2,0.0,0.9179946646446806,0.9473612462022344,0.0
726,36.300000000000004,3,0.0,0.9179946646446806,0.9473612462022344,0.0
726,36.300000000000004,4,0.0,0.9179946646446806,0.9473612462022344,0.0
726,36.300000000000004,5,0.0,0.9179946646446806,0.9473612462022344,0.0
727,36.35,0,0.0,0.9179788276931287,0.947350798076621,0.0
727,36.35,1,0.0,0.9179788276931287,0.947350798076621,0.0
727,36.35,2,0.0,0.9179788276931287,0.947350798076621,0.0
727,36.35,3,0.0,0.9179788276931287,0.947350798076621,0.0
727,36.35,4,0.0,0.9179788276931287,0.947350798076621,0.0
727,36.35,5,0.0,0.9179788276931287,0.947350798076621,0.0
728,36.4,0,0.0,0.9179632398708493,0.9473405141967494,0.0
728,36.4,1,0.0,0.9179632398708493,0.9473405141967494,0.0
728,36.4,2,0.0,0.9179632398708493,0.9473405141967494,0.0
728,36.4,3,0.0,0.9179632398708493,0.9473405141967494,0.0
728,36.4,4,0.0,0.9179632398708493,0.9473405141967494,0.0
728,36.4,5,0.0,0.9179632398708493,0.9473405141967494,0.0
729,36.45,0,0.0,0.9179478970883088,0.9473303918699041,0.0
729,36.45,1,0.0,0.9179478970883088,0.9473303918699041,0.0
729,36.45,2,0.0,0.9179478970883088,0.9473303918699041,0.0
729,36.45,3,0.0,0.9179478970883088,0.9473303918699041,0.0
729,36.45,4,0.0,0.9179478970883088,0.9473303918699041,0.0
729,36.45,5,0.0,0.9179478970883088,0.9473303918699041,0.0
730,36.5,0,0.0,0.9179327953203398,0.9473204284456367,0.0
730,36.5,1,0.0,0.9179327953203398,0.9473204284456367,0.0
730,36.5,2,0.0,0.9179327953203398,0.9473204284456367,0.0
730,36.5,3,0.0,0.9179327953203398,0.9473204284456367,0.0
730,36.5,4,0.0,0.9179327953203398,0.9473204284456367,0.0
730,36.5,5,0.0,0.9179327953203398,0.9473204284456367,0.0
731,36.550000000000004,0,0.0,0.9179179306052612,0.9473106213151926,0.0
731,36.550000000000004,1,0.0,0.9179179306052612,0.9473106213151926,0.0
731,36.550000000000004,2,0.0,0.9179179306052612,0.9473106213151926,0.0
731,36.550000000000004,3,0.0,0.9179179306052612,0.9473106213151926,0.0
731,36.550000000000004,4,0.0,0.9179179306052612,0.9473106213151926,0.0
731,36.550000000000004,5,0.0,0.9179179306052612,0.9473106213151926,0.0
732,36.6,0,0.0,0.9179032990440021,0.9473009679109393,0.0
732,36.6,1,0.0,0.9179032990440021,0.9473009679109393,0.0
732,36.6,2,0.0,0.9179032990440021,0.9473009679109393,0.0
732,36.6,3,0.0,0.9179032990440021,0.9473009679109393,0.0
732,36.6,4,0.0,0.9179032990440019,0.9473009679109392,0.0
732,36.6,5,0.0,0.9179032990440021,0.9473009679109393,0.0
733,36.65,0,0.0,0.9178888967992298,0.947291465705797,0.0
733,36.65,1,0.0,0.9178888967992298,0.947291465705797,0.0
733,36.65,2,0.0,0.9178888967992298,0.947291465705797,0.0
733,36.65,3,0.0,0.9178888967992298,0.947291465705797,0.0
733,36.65,4,0.0,0.9178888967992298,0.947291465705797,0.0
733,36.65,5,0.0,0.9178888967992298,0.947291465705797,0.0
734,36.7,0,0.0,0.9178747200944932,0.94728211221268,0.0
734,36.7,1,0.0,0.9178747200944932,0.94728211221268,0.0
734,36.7,2,0.0,0.9178747200944932,0.94728211221268,0.0
734,36.7,3,0.0,0.9178747200944928,0.9472821122126797,0.0
734,36.7,4,0.0,0.9178747200944928,0.9472821122126797,0.0
734,36.7,5,0.0,0.917874720094493,0.9472821122126799,0.0
735,36.75,0,0.0,0.9178607652133615,0.9472729049839343,0.0
735,36.75,1,0.0,0.9178607652133615,0.9472729049839343,0.0
735,36.75,2,0.0,0.9178607652133615,0.9472729049839343,0.0
735,36.75,3,0.0,0.9178607652133615,0.9472729049839343,0.0
735,36.75,4,0.0,0.9178607652133615,0.9472729049839343,0.0
735,36.75,5,0.0,0.9178607652133615,0.9472729049839343,0.0
736,36.800000000000004,0,0.0,0.9178470284985856,0.94726384161079,0.0
736,36.800000000000004,1,0.0,0.9178470284985856,0.94726384161079,0.0
736,36.800000000000004,2,0.0,0.9178470284985856,0.94726384161079,0.0
736,36.800000000000004,3,0.0,0.9178470284985856,0.94726384161079,0.0
736,36.800000000000004,4,0.0,0.9178470284985856,0.94726384161079,0.0
736,36.800000000000004,5,0.0,0.9178470284985856,0.94726384161079,0.0
737,36.85,0,0.0,0.9178335063512535,0.9472549197228098,0.0
737,36.85,1,0.0,0.9178335063512535,0.9472549197228098,0.0
737,36.85,2,0.0,0.9178335063512535,0.9472549197228098,0.0
737,36.85,3,0.0,0.9178335063512535,0.9472549197228098,0.0
737,36.85,4,0.0,0.9178335063512535,0.9472549197228098,0.0
737,36.85,5,0.0,0.9178335063512537,0.94725491972281,0.0
738,36.9,0,0.0,0.9178201952299629,0.947246136987348,0.0
738,36.9,1,0.0,0.9178201952299629,0.947246136987348,0.0
738,36.9,2,0.0,0.9178201952299629,0.947246136987348,0.0
738,36.9,3,0.0,0.9178201952299629,0.947246136987348,0.0
738,36.9,4,0.0,0.9178201952299629,0.947246136987348,0.0
738,36.9,5,0.0,0.9178201952299629,0.947246136987348,0.0
739,36.95,0,0.0,0.9178070916499992,0.9472374911090138,0.0
739,36.95,1,0.0,0.9178070916499992,0.9472374911090138,0.0
739,36.95,2,0.0,0.9178070916499992,0.9472374911090138,0.0
739,36.95,3,0.0,0.9178070916499992,0.9472374911090138,0.0
739,36.95,4,0.0,0.9178070916499992,0.9472374911090138,0.0
739,36.95,5,0.0,0.9178070916499994,0.9472374911090139,0.0
740,37.0,0,0.0,0.9177941921825166,0.947228979829136,0.0
740,37.0,1,0.0,0.9177941921825166,0.947228979829136,0.0
740,37.0,2,0.0,0.9177941921825166,0.947228979829136,0.0
740,37.0,3,0.0,0.9177941921825168,0.9472289798291361,0.0
740,37.0,4,0.0,0.9177941921825166,0.947228979829136,0.0
740,37.0,5,0.0,0.9177941921825166,0.947228979829136,0.0
741,37.050000000000004,0,0.0,0.9177814934537369,0.9472206009252392,0.0
741,37.050000000000004,1,0.0,0.9177814934537369,0.9472206009252392,0.0
741,37.050000000000004,2,0.0,0.9177814934537369,0.9472206009252392,0.0
741,37.050000000000004,3,0.0,0.9177814934537369,0.9472206009252392,0.0
741,37.050000000000004,4,0.0,0.9177814934537369,0.9472206009252392,0.0
741,37.050000000000004,5,0.0,0.9177814934537369,0.9472206009252392,0.0
742,37.1,0,0.0,0.9177689921441494,0.9472123522105202,0.0
742,37.1,1,0.0,0.9177689921441494,0.9472123522105202,0.0
742,37.1,2,0.0,0.9177689921441494,0.9472123522105202,0.0
742,37.1,3,0.0,0.9177689921441494,0.9472123522105202,0.0
742,37.1,4,0.0,0.9177689921441494,0.9472123522105202,0.0
742,37.1,5,0.0,0.9177689921441494,0.9472123522105202,0.0
743,37.15,0,0.0,0.9177566849877177,0.9472042315333304,0.0
743,37.15,1,0.0,0.9177566849877177,0.9472042315333304,0.0
743,37.15,2,0.0,0.9177566849877179,0.9472042315333306,0.0
743,37.15,3,0.0,0.9177566849877177,0.9472042315333304,0.0
743,37.15,4,0.0,0.9177566849877177,0.9472042315333304,0.0
743,37.15,5,0.0,0.9177566849877177,0.9472042315333304,0.0
744,37.2,0,0.0,0.9177445687711048,0.9471962367766675,0.0
744,37.2,1,0.0,0.9177445687711048,0.9471962367766675,0.0
744,37.2,2,0.0,0.9177445687711048,0.9471962367766675,0.0
744,37.2,3,0.0,0.9177445687711048,0.9471962367766675,0.0
744,37.2,4,0.0,0.9177445687711048,0.9471962367766675,0.0
744,37.2,5,0.0,0.9177445687711048,0.9471962367766675,0.0
745,37.25,0,0.0,0.917732640332892,0.9471883658576656,0.0
745,37.25,1,0.0,0.917732640332892,0.9471883658576656,0.0
745,37.25,2,0.0,0.917732640332892,0.9471883658576656,0.0
745,37.25,3,0.0,0.917732640332892,0.9471883658576656,0.0
745,37.25,4,0.0,0.917732640332892,0.9471883658576656,0.0
745,37.25,5,0.0,0.917732640332892,0.9471883658576656,0.0
746,37.300000000000004,0,0.0,0.9177208965628214,0.9471806167270985,0.0
746,37.300000000000004,1,0.0,0.9177208965628214,0.9471806167270985,0.0
746,37.300000000000004,2,0.0,0.9177208965628214,0.9471806167270985,0.0
746,37.300000000000004,3,0.0,0.9177208965628214,0.9471806167270985,0.0
746,37.300000000000004,4,0.0,0.9177208965628214,0.9471806167270985,0.0
746,37.300000000000004,5,0.0,0.9177208965628214,0.9471806167270985,0.0
747,37.35,0,0.0,0.9177093344010336,0.9471729873688818,0.0
747,37.35,1,0.0,0.9177093344010336,0.9471729873688818,0.0
747,37.35,2,0.0,0.9177093344010336,0.9471729873688818,0.0
747,37.35,3,0.0,0.9177093344010332,0.9471729873688816,0.0
747,37.35,4,0.0,0.9177093344010336,0.9471729873688818,0.0
747,37.35,5,0.0,0.9177093344010332,0.9471729873688816,0.0
748,37.4,0,0.0,0.9176979508373215,0.9471654757995838,0.0
748,37.4,1,0.0,0.9176979508373215,0.9471654757995838,0.0
748,37.4,2,0.0,0.9176979508373215,0.9471654757995838,0.0
748,37.4,3,0.0,0.9176979508373218,0.9471654757995839,0.0
748,37.4,4,0.0,0.9176979508373218,0.9471654757995839,0.0
748,37.4,5,0.0,0.9176979508373215,0.9471654757995838,0.0
749,37.45,0,0.0,0.917686742910395,0.9471580800679439,0.0
749,37.45,1,0.0,0.917686742910395,0.9471580800679439,0.0
749,37.45,2,0.0,0.917686742910395,0.9471580800679439,0.0
749,37.45,3,0.0,0.917686742910395,0.9471580800679439,0.0
749,37.45,4,0.0,0.917686742910395,0.9471580800679439,0.0
749,37.45,5,0.0,0.917686742910395,0.9471580800679439,0.0
750,37.5,0,0.0,0.9176757077071402,0.9471507982543884,0.0
750,37.5,1,0.0,0.9176757077071402,0.9471507982543884,0.0
750,37.5,2,0.0,0.9176757077071402,0.9471507982543884,0.0
750,37.5,3,0.0,0.9176757077071402,0.9471507982543884,0.0
750,37.5,4,0.0,0.9176757077071398,0.9471507982543881,0.0
750,37.5,5,0.0,0.9176757077071402,0.9471507982543884,0.0
751,37.550000000000004,0,0.0,0.917664842361906,0.9471436284705622,0.0
751,37.550000000000004,1,0.0,0.917664842361906,0.9471436284705622,0.0
751,37.550000000000004,2,0.0,0.917664842361906,0.9471436284705622,0.0
751,37.550000000000004,3,0.0,0.9176648423619063,0.9471436284705624,0.0
751,37.550000000000004,4,0.0,0.917664842361906,0.9471436284705622,0.0
751,37.550000000000004,5,0.0,0.917664842361906,0.9471436284705622,0.0
752,37.6,0,0.0,0.917654144055785,0.9471365688588586,0.0
752,37.6,1,0.0,0.917654144055785,0.9471365688588586,0.0
752,37.6,2,0.0,0.917654144055785,0.9471365688588586,0.0
752,37.6,3,0.0,0.917654144055785,0.9471365688588586,0.0
752,37.6,4,0.0,0.9176541440557855,0.9471365688588588,0.0
752,37.6,5,0.0,0.917654144055785,0.9471365688588586,0.0
753,37.65,0,0.0,0.9176436100159089,0.9471296175919567,0.0
753,37.65,1,0.0,0.9176436100159089,0.9471296175919567,0.0
753,37.65,2,0.0,0.9176436100159089,0.9471296175919567,0.0
753,37.65,3,0.0,0.9176436100159089,0.9471296175919567,0.0
753,37.65,4,0.0,0.9176436100159089,0.9471296175919567,0.0
753,37.65,5,0.0,0.9176436100159093,0.9471296175919569,0.0
754,37.7,0,0.0,0.917633237514752,0.9471227728723662,0.0
754,37.7,1,0.0,0.917633237514752,0.9471227728723662,0.0
754,37.7,2,0.0,0.917633237514752,0.9471227728723662,0.0
754,37.7,3,0.0,0.917633237514752,0.9471227728723662,0.0
754,37.7,4,0.0,0.917633237514752,0.9471227728723662,0.0
754,37.7,5,0.0,0.917633237514752,0.9471227728723662,0.0
755,37.75,0,0.0,0.9176230238694378,0.9471160329319726,0.0
755,37.75,1,0.0,0.9176230238694378,0.9471160329319726,0.0
755,37.75,2,0.0,0.9176230238694385,0.9471160329319729,0.0
755,37.75,3,0.0,0.9176230238694378,0.9471160329319726,0.0
755,37.75,4,0.0,0.9176230238694385,0.9471160329319729,0.0
755,37.75,5,0.0,0.9176230238694378,0.9471160329319726,0.0
756,37.800000000000004,0,0.0,0.9176129664410664,0.9471093960315952,0.0
756,37.800000000000004,1,0.0,0.9176129664410664,0.9471093960315952,0.0
756,37.800000000000004,2,0.0,0.9176129664410664,0.9471093960315952,0.0
756,37.800000000000004,3,0.0,0.9176129664410664,0.9471093960315952,0.0
756,37.800000000000004,4,0.0,0.9176129664410664,0.9471093960315952,0.0
756,37.800000000000004,5,0.0,0.9176129664410664,0.9471093960315952,0.0
757,37.85,0,0.0,0.9176030626340339,0.9471028604605428,0.0
757,37.85,1,0.0,0.9176030626340339,0.9471028604605428,0.0
757,37.85,2,0.0,0.9176030626340339,0.9471028604605428,0.0
757,37.85,3,0.0,0.9176030626340339,0.9471028604605428,0.0
757,37.85,4,0.0,0.9176030626340339,0.9471028604605428,0.0
757,37.85,5,0.0,0.9176030626340339,0.9471028604605428,0.0
758,37.9,0,0.0,0.9175933098953746,0.9470964245361811,0.0
758,37.9,1,0.0,0.9175933098953746,0.9470964245361811,0.0
758,37.9,2,0.0,0.9175933098953746,0.9470964245361811,0.0
758,37.9,3,0.0,0.9175933098953746,0.9470964245361811,0.0
758,37.9,4,0.0,0.9175933098953746,0.9470964245361811,0.0
758,37.9,5,0.0,0.9175933098953746,0.9470964245361811,0.0
759,37.95,0,0.0,0.9175837057141039,0.9470900866035025,0.0
759,37.95,1,0.0,0.9175837057141039,0.9470900866035025,0.0
759,37.95,2,0.0,0.9175837057141039,0.9470900866035025,0.0
759,37.95,3,0.0,0.9175837057141039,0.9470900866035025,0.0
759,37.95,4,0.0,0.9175837057141036,0.9470900866035024,0.0
759,37.95,5,0.0,0.9175837057141036,0.9470900866035024,0.0
760,38.0,0,0.0,0.9175742476205675,0.9470838450346988,0.0
760,38.0,1,0.0,0.9175742476205675,0.9470838450346988,0.0
760,38.0,2,0.0,0.9175742476205675,0.9470838450346988,0.0
760,38.0,3,0.0,0.9175742476205673,0.9470838450346987,0.0
760,38.0,4,0.0,0.9175742476205673,0.9470838450346987,0.0
760,38.0,5,0.0,0.9175742476205675,0.9470838450346988,0.0
761,38.050000000000004,0,0.0,0.9175649331858089,0.9470776982287467,0.0
761,38.050000000000004,1,0.0,0.9175649331858089,0.9470776982287467,0.0
761,38.050000000000004,2,0.0,0.9175649331858089,0.9470776982287467,0.0
761,38.050000000000004,3,0.0,0.9175649331858089,0.9470776982287467,0.0
761,38.050000000000004,4,0.0,0.9175649331858089,0.9470776982287467,0.0
761,38.050000000000004,5,0.0,0.9175649331858089,0.9470776982287467,0.0
762,38.1,0,0.0,0.9175557600209332,0.9470716446109906,0.0
762,38.1,1,0.0,0.9175557600209332,0.9470716446109906,0.0
762,38.1,2,0.0,0.9175557600209332,0.9470716446109906,0.0
762,38.1,3,0.0,0.9175557600209332,0.9470716446109906,0.0
762,38.1,4,0.0,0.9175557600209332,0.9470716446109906,0.0
762,38.1,5,0.0,0.9175557600209332,0.9470716446109906,0.0
763,38.15,0,0.0,0.9175467257764882,0.9470656826327359,0.0
763,38.15,1,0.0,0.9175467257764882,0.9470656826327359,0.0
763,38.15,2,0.0,0.9175467257764882,0.9470656826327359,0.0
763,38.15,3,0.0,0.9175467257764882,0.9470656826327359,0.0
763,38.15,4,0.0,0.9175467257764882,0.9470656826327359,0.0
763,38.15,5,0.0,0.9175467257764875,0.9470656826327356,0.0
764,38.2,0,0.0,0.9175378281418476,0.9470598107708454,0.0
764,38.2,1,0.0,0.9175378281418476,0.9470598107708454,0.0
764,38.2,2,0.0,0.9175378281418476,0.9470598107708454,0.0
764,38.2,3,0.0,0.9175378281418476,0.9470598107708454,0.0
764,38.2,4,0.0,0.9175378281418478,0.9470598107708456,0.0
764,38.2,5,0.0,0.9175378281418478,0.9470598107708456,0.0
765,38.25,0,0.0,0.9175290648446064,0.9470540275273412,0.0
765,38.25,1,0.0,0.9175290648446064,0.9470540275273412,0.0
765,38.25,2,0.0,0.9175290648446062,0.947054027527341,0.0
765,38.25,3,0.0,0.9175290648446062,0.947054027527341,0.0
765,38.25,4,0.0,0.9175290648446062,0.947054027527341,0.0
765,38.25,5,0.0,0.9175290648446064,0.9470540275273412,0.0
766,38.300000000000004,0,0.0,0.9175204336499811,0.9470483314290123,0.0
766,38.300000000000004,1,0.0,0.9175204336499811,0.9470483314290123,0.0
766,38.300000000000004,2,0.0,0.9175204336499811,0.9470483314290123,0.0
766,38.300000000000004,3,0.0,0.9175204336499811,0.9470483314290123,0.0
766,38.300000000000004,4,0.0,0.9175204336499811,0.9470483314290123,0.0
766,38.300000000000004,5,0.0,0.9175204336499811,0.9470483314290123,0.0
767,38.35,0,0.0,0.9175119323602212,0.9470427210270276,0.0
767,38.35,1,0.0,0.9175119323602212,0.9470427210270276,0.0
767,38.35,2,0.0,0.9175119323602212,0.9470427210270276,0.0
767,38.35,3,0.0,0.9175119323602212,0.9470427210270276,0.0
767,38.35,4,0.0,0.9175119323602212,0.9470427210270276,0.0
767,38.35,5,0.0,0.9175119323602212,0.9470427210270276,0.0
768,38.400000000000006,0,0.0,0.9175035588140252,0.9470371948965529,0.0
768,38.400000000000006,1,0.0,0.9175035588140252,0.9470371948965529,0.0
768,38.400000000000006,2,0.0,0.9175035588140252,0.9470371948965529,0.0
768,38.400000000000006,3,0.0,0.9175035588140252,0.9470371948965529,0.0
768,38.400000000000006,4,0.0,0.9175035588140252,0.9470371948965529,0.0
768,38.400000000000006,5,0.0,0.917503558814025,0.9470371948965527,0.0
769,38.45,0,0.0,0.9174953108859671,0.947031751636374,0.0
769,38.45,1,0.0,0.9174953108859671,0.947031751636374,0.0
769,38.45,2,0.0,0.9174953108859671,0.947031751636374,0.0
769,38.45,3,0.0,0.9174953108859671,0.947031751636374,0.0
769,38.45,4,0.0,0.9174953108859671,0.947031751636374,0.0
769,38.45,5,0.0,0.9174953108859671,0.947031751636374,0.0
770,38.5,0,0.0,0.91748718648593,0.9470263898685255,0.0
770,38.5,1,0.0,0.91748718648593,0.9470263898685255,0.0
770,38.5,2,0.0,0.91748718648593,0.9470263898685255,0.0
770,38.5,3,0.0,0.91748718648593,0.9470263898685255,0.0
770,38.5,4,0.0,0.91748718648593,0.9470263898685255,0.0
770,38.5,5,0.0,0.91748718648593,0.9470263898685255,0.0
771,38.550000000000004,0,0.0,0.9174791835585465,0.9470211082379226,0.0
771,38.550000000000004,1,0.0,0.9174791835585465,0.9470211082379226,0.0
771,38.550000000000004,2,0.0,0.9174791835585465,0.9470211082379226,0.0
771,38.550000000000004,3,0.0,0.9174791835585465,0.9470211082379226,0.0
771,38.550000000000004,4,0.0,0.9174791835585465,0.9470211082379226,0.0
771,38.550000000000004,5,0.0,0.9174791835585465,0.9470211082379226,0.0
772,38.6,0,0.0,0.9174713000826493,0.9470159054120008,0.0
772,38.6,1,0.0,0.9174713000826493,0.9470159054120008,0.0
772,38.6,2,0.0,0.9174713000826493,0.9470159054120008,0.0
772,38.6,3,0.0,0.9174713000826493,0.9470159054120008,0.0
772,38.6,4,0.0,0.9174713000826493,0.9470159054120008,0.0
772,38.6,5,0.0,0.9174713000826493,0.9470159054120008,0.0
773,38.650000000000006,0,0.0,0.9174635340707236,0.947010780080356,0.0
773,38.650000000000006,1,0.0,0.9174635340707236,0.947010780080356,0.0
773,38.650000000000006,2,0.0,0.9174635340707236,0.947010780080356,0.0
773,38.650000000000006,3,0.0,0.9174635340707236,0.947010780080356,0.0
773,38.650000000000006,4,0.0,0.9174635340707236,0.947010780080356,0.0
773,38.650000000000006,5,0.0,0.9174635340707236,0.947010780080356,0.0
774,38.7,0,0.0,0.9174558835683762,0.9470057309543961,0.0
774,38.7,1,0.0,0.9174558835683762,0.9470057309543961,0.0
774,38.7,2,0.0,0.9174558835683762,0.9470057309543961,0.0
774,38.7,3,0.0,0.9174558835683762,0.9470057309543961,0.0
774,38.7,4,0.0,0.9174558835683762,0.9470057309543961,0.0
774,38.7,5,0.0,0.9174558835683762,0.9470057309543961,0.0
775,38.75,0,0.0,0.9174483466538039,0.9470007567669917,0.0
775,38.75,1,0.0,0.9174483466538039,0.9470007567669917,0.0
775,38.75,2,0.0,0.9174483466538039,0.9470007567669917,0.0
775,38.75,3,0.0,0.9174483466538039,0.9470007567669917,0.0
775,38.75,4,0.0,0.9174483466538039,0.9470007567669917,0.0
775,38.75,5,0.0,0.9174483466538039,0.9470007567669917,0.0
776,38.800000000000004,0,0.0,0.9174409214372743,0.9469958562721342,0.0
776,38.800000000000004,1,0.0,0.9174409214372743,0.9469958562721342,0.0
776,38.800000000000004,2,0.0,0.9174409214372743,0.9469958562721342,0.0
776,38.800000000000004,3,0.0,0.9174409214372743,0.9469958562721342,0.0
776,38.800000000000004,4,0.0,0.9174409214372743,0.9469958562721342,0.0
776,38.800000000000004,5,0.0,0.9174409214372743,0.9469958562721343,0.0
777,38.85,0,0.0,0.9174336060606103,0.9469910282445989,0.0
777,38.85,1,0.0,0.9174336060606103,0.9469910282445989,0.0
777,38.85,2,0.0,0.9174336060606103,0.9469910282445989,0.0
777,38.85,3,0.0,0.9174336060606101,0.9469910282445988,0.0
777,38.85,4,0.0,0.9174336060606101,0.9469910282445988,0.0
777,38.85,5,0.0,0.9174336060606099,0.9469910282445987,0.0
778,38.900000000000006,0,0.0,0.9174263986966853,0.9469862714796116,0.0
778,38.900000000000006,1,0.0,0.9174263986966853,0.9469862714796116,0.0
778,38.900000000000006,2,0.0,0.9174263986966853,0.9469862714796116,0.0
778,38.900000000000006,3,0.0,0.9174263986966853,0.9469862714796116,0.0
778,38.900000000000006,4,0.0,0.9174263986966853,0.9469862714796116,0.0
778,38.900000000000006,5,0.0,0.9174263986966853,0.9469862714796116,0.0
779,38.95,0,0.0,0.9174192975489233,0.9469815847925207,0.0
779,38.95,1,0.0,0.9174192975489233,0.9469815847925207,0.0
779,38.95,2,0.0,0.9174192975489235,0.9469815847925208,0.0
779,38.95,3,0.0,0.9174192975489233,0.9469815847925207,0.0
779,38.95,4,0.0,0.9174192975489235,0.9469815847925208,0.0
779,38.95,5,0.0,0.9174192975489233,0.9469815847925207,0.0
780,39.0,0,0.0,0.917412300850809,0.9469769670184757,0.0
780,39.0,1,0.0,0.917412300850809,0.9469769670184757,0.0
780,39.0,2,0.0,0.917412300850809,0.9469769670184757,0.0
780,39.0,3,0.0,0.917412300850809,0.9469769670184757,0.0
780,39.0,4,0.0,0.917412300850809,0.9469769670184757,0.0
780,39.0,5,0.0,0.917412300850809,0.9469769670184757,0.0
781,39.050000000000004,0,0.0,0.9174054068654005,0.9469724170121063,0.0
781,39.050000000000004,1,0.0,0.9174054068654005,0.9469724170121063,0.0
781,39.050000000000004,2,0.0,0.9174054068654005,0.9469724170121063,0.0
781,39.050000000000004,3,0.0,0.9174054068654005,0.9469724170121063,0.0
781,39.050000000000004,4,0.0,0.9174054068654003,0.9469724170121062,0.0
781,39.050000000000004,5,0.0,0.9174054068654003,0.9469724170121062,0.0
782,39.1,0,0.0,0.9173986138848522,0.9469679336472092,0.0
782,39.1,1,0.0,0.9173986138848522,0.9469679336472092,0.0
782,39.1,2,0.0,0.9173986138848522,0.9469679336472092,0.0
782,39.1,3,0.0,0.9173986138848522,0.9469679336472092,0.0
782,39.1,4,0.0,0.9173986138848522,0.9469679336472092,0.0
782,39.1,5,0.0,0.917398613884852,0.9469679336472091,0.0
783,39.150000000000006,0,0.0,0.9173919202299459,0.9469635158164396,0.0
783,39.150000000000006,1,0.0,0.9173919202299459,0.9469635158164396,0.0
783,39.150000000000006,2,0.0,0.9173919202299459,0.9469635158164396,0.0
783,39.150000000000006,3,0.0,0.9173919202299459,0.9469635158164396,0.0
783,39.150000000000006,4,0.0,0.9173919202299459,0.9469635158164396,0.0
783,39.150000000000006,5,0.0,0.9173919202299459,0.9469635158164397,0.0
784,39.2,0,0.0,0.9173853242496239,0.9469591624310046,0.0
784,39.2,1,0.0,0.9173853242496239,0.9469591624310046,0.0
784,39.2,2,0.0,0.9173853242496239,0.9469591624310046,0.0
784,39.2,3,0.0,0.9173853242496239,0.9469591624310046,0.0
784,39.2,4,0.0,0.9173853242496239,0.9469591624310046,0.0
784,39.2,5,0.0,0.9173853242496239,0.9469591624310046,0.0
785,39.25,0,0.0,0.9173788243205354,0.9469548724203647,0.0
785,39.25,1,0.0,0.9173788243205354,0.9469548724203647,0.0
785,39.25,2,0.0,0.9173788243205354,0.9469548724203647,0.0
785,39.25,3,0.0,0.9173788243205354,0.9469548724203647,0.0
785,39.25,4,0.0,0.9173788243205354,0.9469548724203647,0.0
785,39.25,5,0.0,0.9173788243205354,0.9469548724203647,0.0
786,39.300000000000004,0,0.0,0.9173724188465835,0.946950644731936,0.0
786,39.300000000000004,1,0.0,0.9173724188465835,0.946950644731936,0.0
786,39.300000000000004,2,0.0,0.9173724188465835,0.946950644731936,0.0
786,39.300000000000004,3,0.0,0.9173724188465835,0.946950644731936,0.0
786,39.300000000000004,4,0.0,0.9173724188465835,0.946950644731936,0.0
786,39.300000000000004,5,0.0,0.9173724188465833,0.9469506447319359,0.0
787,39.35,0,0.0,0.9173661062584819,0.9469464783307989,0.0
787,39.35,1,0.0,0.9173661062584819,0.9469464783307989,0.0
787,39.35,2,0.0,0.9173661062584819,0.9469464783307989,0.0
787,39.35,3,0.0,0.9173661062584819,0.9469464783307989,0.0
787,39.35,4,0.0,0.9173661062584819,0.9469464783307989,0.0
787,39.35,5,0.0,0.9173661062584819,0.9469464783307989,0.0
788,39.400000000000006,0,0.0,0.9173598850133193,0.9469423721994117,0.0
788,39.400000000000006,1,0.0,0.9173598850133193,0.9469423721994117,0.0
788,39.400000000000006,2,0.0,0.9173598850133193,0.9469423721994117,0.0
788,39.400000000000006,3,0.0,0.9173598850133193,0.9469423721994117,0.0
788,39.400000000000006,4,0.0,0.9173598850133196,0.9469423721994118,0.0
788,39.400000000000006,5,0.0,0.9173598850133196,0.9469423721994118,0.0
789,39.45,0,0.0,0.9173537535941279,0.9469383253373261,0.0
789,39.45,1,0.0,0.9173537535941279,0.9469383253373261,0.0
789,39.45,2,0.0,0.9173537535941279,0.9469383253373261,0.0
789,39.45,3,0.0,0.9173537535941279,0.9469383253373261,0.0
789,39.45,4,0.0,0.9173537535941279,0.9469383253373261,0.0
789,39.45,5,0.0,0.9173537535941279,0.9469383253373261,0.0
790,39.5,0,0.0,0.9173477105094587,0.9469343367609094,0.0
790,39.5,1,0.0,0.9173477105094587,0.9469343367609094,0.0
790,39.5,2,0.0,0.9173477105094587,0.9469343367609094,0.0
790,39.5,3,0.0,0.9173477105094587,0.9469343367609094,0.0
790,39.5,4,0.0,0.9173477105094587,0.9469343367609094,0.0
790,39.5,5,0.0,0.9173477105094587,0.9469343367609094,0.0
791,39.550000000000004,0,0.0,0.9173417542929658,0.9469304055030693,0.0
791,39.550000000000004,1,0.0,0.9173417542929658,0.9469304055030693,0.0
791,39.550000000000004,2,0.0,0.9173417542929658,0.9469304055030693,0.0
791,39.550000000000004,3,0.0,0.917341754292966,0.9469304055030694,0.0
791,39.550000000000004,4,0.0,0.917341754292966,0.9469304055030694,0.0
791,39.550000000000004,5,0.0,0.9173417542929658,0.9469304055030693,0.0
792,39.6,0,0.0,0.917335883502993,0.9469265306129833,0.0
792,39.6,1,0.0,0.917335883502993,0.9469265306129833,0.0
792,39.6,2,0.0,0.917335883502993,0.9469265306129833,0.0
792,39.6,3,0.0,0.917335883502993,0.9469265306129833,0.0
792,39.6,4,0.0,0.917335883502993,0.9469265306129833,0.0
792,39.6,5,0.0,0.9173358835029932,0.9469265306129834,0.0
793,39.650000000000006,0,0.0,0.9173300967221694,0.9469227111558322,0.0
793,39.650000000000006,1,0.0,0.9173300967221694,0.9469227111558322,0.0
793,39.650000000000006,2,0.0,0.9173300967221694,0.9469227111558322,0.0
793,39.650000000000006,3,0.0,0.9173300967221694,0.9469227111558322,0.0
793,39.650000000000006,4,0.0,0.9173300967221694,0.9469227111558322,0.0
793,39.650000000000006,5,0.0,0.9173300967221694,0.9469227111558322,0.0
794,39.7,0,0.0,0.9173243925570096,0.9469189462125372,0.0
794,39.7,1,0.0,0.9173243925570096,0.9469189462125372,0.0
794,39.7,2,0.0,0.9173243925570096,0.9469189462125372,0.0
794,39.7,3,0.0,0.9173243925570096,0.9469189462125372,0.0
794,39.7,4,0.0,0.9173243925570096,0.9469189462125372,0.0
794,39.7,5,0.0,0.9173243925570096,0.9469189462125372,0.0
795,39.75,0,0.0,0.9173187696375236,0.946915234879503,0.0
795,39.75,1,0.0,0.9173187696375236,0.946915234879503,0.0
795,39.75,2,0.0,0.9173187696375236,0.946915234879503,0.0
795,39.75,3,0.0,0.9173187696375236,0.946915234879503,0.0
795,39.75,4,0.0,0.9173187696375236,0.946915234879503,0.0
795,39.75,5,0.0,0.9173187696375236,0.946915234879503,0.0
796,39.800000000000004,0,0.0,0.9173132266168256,0.946911576268361,0.0
796,39.800000000000004,1,0.0,0.9173132266168256,0.946911576268361,0.0
796,39.800000000000004,2,0.0,0.9173132266168256,0.946911576268361,0.0
796,39.800000000000004,3,0.0,0.917313226616826,0.9469115762683612,0.0
796,39.800000000000004,4,0.0,0.917313226616826,0.9469115762683612,0.0
796,39.800000000000004,5,0.0,0.917313226616826,0.9469115762683612,0.0
797,39.85,0,0.0,0.917307762170757,0.9469079695057204,0.0
797,39.85,1,0.0,0.917307762170757,0.9469079695057204,0.0
797,39.85,2,0.0,0.917307762170757,0.9469079695057204,0.0
797,39.85,3,0.0,0.917307762170757,0.9469079695057204,0.0
797,39.85,4,0.0,0.917307762170757,0.9469079695057204,0.0
797,39.85,5,0.0,0.917307762170757,0.9469079695057204,0.0
798,39.900000000000006,0,0.0,0.9173023749975078,0.9469044137329199,0.0
798,39.900000000000006,1,0.0,0.9173023749975078,0.9469044137329199,0.0
798,39.900000000000006,2,0.0,0.9173023749975078,0.9469044137329199,0.0
798,39.900000000000006,3,0.0,0.9173023749975078,0.9469044137329199,0.0
798,39.900000000000006,4,0.0,0.9173023749975078,0.9469044137329199,0.0
798,39.900000000000006,5,0.0,0.9173023749975078,0.9469044137329199,0.0
799,39.95,0,0.0,0.9172970638172497,0.946900908105786,0.0
799,39.95,1,0.0,0.9172970638172497,0.946900908105786,0.0
799,39.95,2,0.0,0.9172970638172497,0.946900908105786,0.0
799,39.95,3,0.0,0.9172970638172497,0.946900908105786,0.0
799,39.95,4,0.0,0.9172970638172497,0.946900908105786,0.0
799,39.95,5,0.0,0.91729706381725,0.9469009081057861,0.0
800,40.0,0,0.0,0.9172918273717712,0.9468974517943926,0.0
800,40.0,1,0.0,0.9172918273717712,0.9468974517943926,0.0
800,40.0,2,0.0,0.9172918273717718,0.9468974517943929,0.0
800,40.0,3,0.0,0.9172918273717712,0.9468974517943926,0.0
800,40.0,4,0.0,0.9172918273717718,0.9468974517943929,0.0
800,40.0,5,0.0,0.9172918273717712,0.9468974517943926,0.0
801,40.050000000000004,0,0.0,0.9172866644241215,0.9468940439828271,0.0
801,40.050000000000004,1,0.0,0.9172866644241215,0.9468940439828271,0.0
801,40.050000000000004,2,0.0,0.9172866644241215,0.9468940439828271,0.0
801,40.050000000000004,3,0.0,0.9172866644241215,0.9468940439828271,0.0
801,40.050000000000004,4,0.0,0.9172866644241215,0.9468940439828271,0.0
801,40.050000000000004,5,0.0,0.9172866644241215,0.9468940439828271,0.0
802,40.1,0,0.0,0.9172815737582545,0.9468906838689554,0.0
802,40.1,1,0.0,0.9172815737582545,0.9468906838689554,0.0
802,40.1,2,0.0,0.9172815737582545,0.9468906838689554,0.0
802,40.1,3,0.0,0.9172815737582545,0.9468906838689554,0.0
802,40.1,4,0.0,0.9172815737582545,0.9468906838689554,0.0
802,40.1,5,0.0,0.9172815737582545,0.9468906838689554,0.0
803,40.150000000000006,0,0.0,0.9172765541786845,0.9468873706641966,0.0
803,40.150000000000006,1,0.0,0.9172765541786845,0.9468873706641966,0.0
803,40.150000000000006,2,0.0,0.9172765541786845,0.9468873706641966,0.0
803,40.150000000000006,3,0.0,0.9172765541786845,0.9468873706641966,0.0
803,40.150000000000006,4,0.0,0.9172765541786843,0.9468873706641965,0.0
803,40.150000000000006,5,0.0,0.9172765541786845,0.9468873706641966,0.0
804,40.2,0,0.0,0.9172716045101443,0.9468841035932963,0.0
804,40.2,1,0.0,0.9172716045101443,0.9468841035932963,0.0
804,40.2,2,0.0,0.9172716045101443,0.9468841035932963,0.0
804,40.2,3,0.0,0.9172716045101443,0.9468841035932963,0.0
804,40.2,4,0.0,0.9172716045101443,0.9468841035932963,0.0
804,40.2,5,0.0,0.9172716045101443,0.9468841035932963,0.0
805,40.25,0,0.0,0.9172667235972483,0.9468808818941062,0.0
805,40.25,1,0.0,0.9172667235972483,0.9468808818941062,0.0
805,40.25,2,0.0,0.9172667235972485,0.9468808818941064,0.0
805,40.25,3,0.0,0.9172667235972485,0.9468808818941064,0.0
805,40.25,4,0.0,0.9172667235972485,0.9468808818941064,0.0
805,40.25,5,0.0,0.9172667235972483,0.9468808818941062,0.0
806,40.300000000000004,0,0.0,0.9172619103041635,0.9468777048173668,0.0
806,40.300000000000004,1,0.0,0.9172619103041635,0.9468777048173668,0.0
806,40.300000000000004,2,0.0,0.9172619103041635,0.9468777048173668,0.0
806,40.300000000000004,3,0.0,0.9172619103041635,0.9468777048173668,0.0
806,40.300000000000004,4,0.0,0.9172619103041635,0.9468777048173668,0.0
806,40.300000000000004,5,0.0,0.9172619103041635,0.9468777048173668,0.0
807,40.35,0,0.0,0.9172571635142803,0.9468745716264908,0.0
807,40.35,1,0.0,0.9172571635142803,0.9468745716264908,0.0
807,40.35,2,0.0,0.9172571635142803,0.9468745716264908,0.0
807,40.35,3,0.0,0.9172571635142803,0.9468745716264908,0.0
807,40.35,4,0.0,0.9172571635142803,0.9468745716264907,0.0
807,40.35,5,0.0,0.9172571635142803,0.9468745716264907,0.0
808,40.400000000000006,0,0.0,0.9172524821298951,0.9468714815973542,0.0
808,40.400000000000006,1,0.0,0.9172524821298951,0.9468714815973542,0.0
808,40.400000000000006,2,0.0,0.9172524821298951,0.9468714815973542,0.0
808,40.400000000000006,3,0.0,0.9172524821298951,0.9468714815973542,0.0
808,40.400000000000006,4,0.0,0.9172524821298949,0.9468714815973541,0.0
808,40.400000000000006,5,0.0,0.9172524821298949,0.9468714815973541,0.0
809,40.45,0,0.0,0.9172478650718923,0.9468684340180875,0.0
809,40.45,1,0.0,0.9172478650718923,0.9468684340180875,0.0
809,40.45,2,0.0,0.9172478650718923,0.9468684340180875,0.0
809,40.45,3,0.0,0.9172478650718923,0.9468684340180875,0.0
809,40.45,4,0.0,0.9172478650718925,0.9468684340180876,0.0
809,40.45,5,0.0,0.9172478650718923,0.9468684340180875,0.0
810,40.5,0,0.0,0.9172433112794378,0.9468654281888726,0.0
810,40.5,1,0.0,0.9172433112794378,0.9468654281888726,0.0
810,40.5,2,0.0,0.9172433112794378,0.9468654281888726,0.0
810,40.5,3,0.0,0.9172433112794376,0.9468654281888725,0.0
810,40.5,4,0.0,0.917243311279438,0.9468654281888728,0.0
810,40.5,5,0.0,0.9172433112794376,0.9468654281888725,0.0
811,40.550000000000004,0,0.0,0.9172388197096681,0.9468624634217395,0.0
811,40.550000000000004,1,0.0,0.9172388197096681,0.9468624634217395,0.0
811,40.550000000000004,2,0.0,0.9172388197096681,0.9468624634217395,0.0
811,40.550000000000004,3,0.0,0.9172388197096681,0.9468624634217396,0.0
811,40.550000000000004,4,0.0,0.9172388197096681,0.9468624634217396,0.0
811,40.550000000000004,5,0.0,0.9172388197096686,0.9468624634217399,0.0
812,40.6,0,0.0,0.9172343893373942,0.9468595390403705,0.0
812,40.6,1,0.0,0.9172343893373942,0.9468595390403705,0.0
812,40.6,2,0.0,0.9172343893373942,0.9468595390403705,0.0
812,40.6,3,0.0,0.9172343893373942,0.9468595390403705,0.0
812,40.6,4,0.0,0.9172343893373942,0.9468595390403705,0.0
812,40.6,5,0.0,0.9172343893373942,0.9468595390403705,0.0
813,40.650000000000006,0,0.0,0.9172300191548024,0.946856654379903,0.0
813,40.650000000000006,1,0.0,0.9172300191548024,0.946856654379903,0.0
813,40.650000000000006,2,0.0,0.9172300191548024,0.946856654379903,0.0
813,40.650000000000006,3,0.0,0.9172300191548024,0.946856654379903,0.0
813,40.650000000000006,4,0.0,0.9172300191548024,0.946856654379903,0.0
813,40.650000000000006,5,0.0,0.9172300191548024,0.946856654379903,0.0
814,40.7,0,0.0,0.9172257081711646,0.9468538087867396,0.0
814,40.7,1,0.0,0.9172257081711646,0.9468538087867396,0.0
814,40.7,2,0.0,0.9172257081711646,0.9468538087867396,0.0
814,40.7,3,0.0,0.9172257081711646,0.9468538087867396,0.0
814,40.7,4,0.0,0.9172257081711646,0.9468538087867396,0.0
814,40.7,5,0.0,0.9172257081711646,0.9468538087867396,0.0
815,40.75,0,0.0,0.9172214554125524,0.9468510016183594,0.0
815,40.75,1,0.0,0.9172214554125524,0.9468510016183594,0.0
815,40.75,2,0.0,0.9172214554125524,0.9468510016183594,0.0
815,40.75,3,0.0,0.9172214554125524,0.9468510016183594,0.0
815,40.75,4,0.0,0.9172214554125524,0.9468510016183594,0.0
815,40.75,5,0.0,0.9172214554125524,0.9468510016183594,0.0
816,40.800000000000004,0,0.0,0.9172172599215547,0.9468482322431315,0.0
816,40.800000000000004,1,0.0,0.9172172599215547,0.9468482322431315,0.0
816,40.800000000000004,2,0.0,0.9172172599215547,0.9468482322431315,0.0
816,40.800000000000004,3,0.0,0.9172172599215547,0.9468482322431315,0.0
816,40.800000000000004,4,0.0,0.9172172599215547,0.9468482322431315,0.0
816,40.800000000000004,5,0.0,0.9172172599215547,0.9468482322431315,0.0
817,40.85,0,0.0,0.9172131207569982,0.9468455000401321,0.0
817,40.85,1,0.0,0.9172131207569982,0.9468455000401321,0.0
817,40.85,2,0.0,0.9172131207569982,0.9468455000401321,0.0
817,40.85,3,0.0,0.9172131207569982,0.9468455000401321,0.0
817,40.85,4,0.0,0.9172131207569982,0.9468455000401321,0.0
817,40.85,5,0.0,0.9172131207569982,0.9468455000401321,0.0
818,40.900000000000006,0,0.0,0.9172090369936787,0.9468428043989658,0.0
818,40.900000000000006,1,0.0,0.9172090369936787,0.9468428043989658,0.0
818,40.900000000000006,2,0.0,0.9172090369936787,0.9468428043989658,0.0
818,40.900000000000006,3,0.0,0.9172090369936787,0.9468428043989658,0.0
818,40.900000000000006,4,0.0,0.9172090369936787,0.9468428043989658,0.0
818,40.900000000000006,5,0.0,0.9172090369936787,0.946842804398966,0.0
819,40.95,0,0.0,0.9172050077220886,0.9468401447195881,0.0
819,40.95,1,0.0,0.9172050077220886,0.9468401447195881,0.0
819,40.95,2,0.0,0.9172050077220886,0.9468401447195881,0.0
819,40.95,3,0.0,0.9172050077220886,0.9468401447195881,0.0
819,40.95,4,0.0,0.9172050077220886,0.9468401447195881,0.0
819,40.95,5,0.0,0.9172050077220886,0.9468401447195881,0.0
820,41.0,0,0.0,0.9172010320481541,0.946837520412131,0.0
820,41.0,1,0.0,0.9172010320481541,0.946837520412131,0.0
820,41.0,2,0.0,0.9172010320481541,0.946837520412131,0.0
820,41.0,3,0.0,0.9172010320481541,0.946837520412131,0.0
820,41.0,4,0.0,0.9172010320481541,0.946837520412131,0.0
820,41.0,5,0.0,0.9172010320481541,0.946837520412131,0.0
821,41.050000000000004,0,0.0,0.9171971090929762,0.9468349308967325,0.0
821,41.050000000000004,1,0.0,0.9171971090929762,0.9468349308967325,0.0
821,41.050000000000004,2,0.0,0.9171971090929762,0.9468349308967325,0.0
821,41.050000000000004,3,0.0,0.9171971090929762,0.9468349308967325,0.0
821,41.050000000000004,4,0.0,0.9171971090929767,0.9468349308967329,0.0
821,41.050000000000004,5,0.0,0.9171971090929765,0.9468349308967327,0.0
822,41.1,0,0.0,0.9171932379925753,0.946832375603369,0.0
822,41.1,1,0.0,0.9171932379925753,0.946832375603369,0.0
822,41.1,2,0.0,0.9171932379925753,0.946832375603369,0.0
822,41.1,3,0.0,0.9171932379925756,0.9468323756033691,0.0
822,41.1,4,0.0,0.9171932379925756,0.9468323756033691,0.0
822,41.1,5,0.0,0.9171932379925758,0.9468323756033693,0.0
823,41.150000000000006,0,0.0,0.9171894178976372,0.9468298539716872,0.0
823,41.150000000000006,1,0.0,0.9171894178976372,0.9468298539716872,0.0
823,41.150000000000006,2,0.0,0.9171894178976372,0.9468298539716872,0.0
823,41.150000000000006,3,0.0,0.9171894178976372,0.9468298539716872,0.0
823,41.150000000000006,4,0.0,0.9171894178976372,0.9468298539716872,0.0
823,41.150000000000006,5,0.0,0.9171894178976372,0.9468298539716872,0.0
824,41.2,0,0.0,0.9171856479732663,0.9468273654508422,0.0
824,41.2,1,0.0,0.9171856479732663,0.9468273654508422,0.0
824,41.2,2,0.0,0.9171856479732663,0.9468273654508422,0.0
824,41.2,3,0.0,0.9171856479732663,0.9468273654508422,0.0
824,41.2,4,0.0,0.9171856479732663,0.9468273654508422,0.0
824,41.2,5,0.0,0.9171856479732663,0.9468273654508422,0.0
825,41.25,0,0.0,0.9171819273987449,0.9468249094993387,0.0
825,41.25,1,0.0,0.9171819273987449,0.9468249094993387,0.0
825,41.25,2,0.0,0.9171819273987449,0.9468249094993387,0.0
825,41.25,3,0.0,0.9171819273987449,0.9468249094993387,0.0
825,41.25,4,0.0,0.9171819273987449,0.9468249094993387,0.0
825,41.25,5,0.0,0.9171819273987449,0.9468249094993387,0.0
826,41.300000000000004,0,0.0,0.9171782553672909,0.9468224855848711,0.0
826,41.300000000000004,1,0.0,0.9171782553672909,0.9468224855848711,0.0
826,41.300000000000004,2,0.0,0.9171782553672909,0.9468224855848711,0.0
826,41.300000000000004,3,0.0,0.9171782553672909,0.9468224855848711,0.0
826,41.300000000000004,4,0.0,0.9171782553672909,0.9468224855848711,0.0
826,41.300000000000004,5,0.0,0.9171782553672907,0.946822485584871,0.0
827,41.35,0,0.0,0.9171746310858235,0.9468200931841695,0.0
827,41.35,1,0.0,0.9171746310858235,0.9468200931841695,0.0
827,41.35,2,0.0,0.9171746310858235,0.9468200931841695,0.0
827,41.35,3,0.0,0.9171746310858235,0.9468200931841695,0.0
827,41.35,4,0.0,0.9171746310858238,0.9468200931841696,0.0
827,41.35,5,0.0,0.9171746310858235,0.9468200931841695,0.0
828,41.400000000000006,0,0.0,0.9171710537747308,0.9468177317828461,0.0
828,41.400000000000006,1,0.0,0.9171710537747308,0.9468177317828461,0.0
828,41.400000000000006,2,0.0,0.9171710537747308,0.9468177317828461,0.0
828,41.400000000000006,3,0.0,0.9171710537747308,0.9468177317828461,0.0
828,41.400000000000006,4,0.0,0.9171710537747308,0.9468177317828461,0.0
828,41.400000000000006,5,0.0,0.9171710537747311,0.9468177317828462,0.0
829,41.45,0,0.0,0.9171675226676426,0.9468154008752462,0.0
829,41.45,1,0.0,0.9171675226676426,0.9468154008752462,0.0
829,41.45,2,0.0,0.9171675226676426,0.9468154008752462,0.0
829,41.45,3,0.0,0.9171675226676426,0.9468154008752462,0.0
829,41.45,4,0.0,0.9171675226676426,0.9468154008752462,0.0
829,41.45,5,0.0,0.9171675226676426,0.9468154008752462,0.0
830,41.5,0,0.0,0.9171640370112053,0.9468130999642995,0.0
830,41.5,1,0.0,0.9171640370112053,0.9468130999642995,0.0
830,41.5,2,0.0,0.9171640370112053,0.9468130999642995,0.0
830,41.5,3,0.0,0.9171640370112053,0.9468130999642995,0.0
830,41.5,4,0.0,0.9171640370112053,0.9468130999642995,0.0
830,41.5,5,0.0,0.9171640370112053,0.9468130999642995,0.0
831,41.550000000000004,0,0.0,0.9171605960648637,0.9468108285613761,0.0
831,41.550000000000004,1,0.0,0.9171605960648637,0.9468108285613761,0.0
831,41.550000000000004,2,0.0,0.9171605960648637,0.9468108285613761,0.0
831,41.550000000000004,3,0.0,0.9171605960648637,0.9468108285613761,0.0
831,41.550000000000004,4,0.0,0.9171605960648637,0.9468108285613761,0.0
831,41.550000000000004,5,0.0,0.9171605960648637,0.9468108285613761,0.0
832,41.6,0,0.0,0.9171571991006402,0.9468085861861416,0.0
832,41.6,1,0.0,0.9171571991006402,0.9468085861861416,0.0
832,41.6,2,0.0,0.91715719910064,0.9468085861861414,0.0
832,41.6,3,0.0,0.91715719910064,0.9468085861861414,0.0
832,41.6,4,0.0,0.91715719910064,0.9468085861861414,0.0
832,41.6,5,0.0,0.91715719910064,0.9468085861861414,0.0
833,41.650000000000006,0,0.0,0.917153845402926,0.9468063723664187,0.0
833,41.650000000000006,1,0.0,0.917153845402926,0.9468063723664187,0.0
833,41.650000000000006,2,0.0,0.917153845402926,0.9468063723664187,0.0
833,41.650000000000006,3,0.0,0.917153845402926,0.9468063723664187,0.0
833,41.650000000000006,4,0.0,0.917153845402926,0.9468063723664187,0.0
833,41.650000000000006,5,0.0,0.917153845402926,0.9468063723664187,0.0
834,41.7,0,0.0,0.9171505342682684,0.9468041866380479,0.0
834,41.7,1,0.0,0.9171505342682684,0.9468041866380479,0.0
834,41.7,2,0.0,0.9171505342682684,0.9468041866380479,0.0
834,41.7,3,0.0,0.9171505342682684,0.9468041866380479,0.0
834,41.7,4,0.0,0.9171505342682682,0.9468041866380478,0.0
834,41.7,5,0.0,0.9171505342682684,0.9468041866380479,0.0
835,41.75,0,0.0,0.9171472650051649,0.9468020285447513,0.0
835,41.75,1,0.0,0.9171472650051649,0.9468020285447513,0.0
835,41.75,2,0.0,0.9171472650051649,0.9468020285447513,0.0
835,41.75,3,0.0,0.9171472650051649,0.9468020285447513,0.0
835,41.75,4,0.0,0.9171472650051649,0.9468020285447513,0.0
835,41.75,5,0.0,0.9171472650051649,0.9468020285447513,0.0
836,41.800000000000004,0,0.0,0.9171440369338613,0.9467998976379995,0.0
836,41.800000000000004,1,0.0,0.9171440369338613,0.9467998976379995,0.0
836,41.800000000000004,2,0.0,0.9171440369338613,0.9467998976379995,0.0
836,41.800000000000004,3,0.0,0.9171440369338615,0.9467998976379998,0.0
836,41.800000000000004,4,0.0,0.9171440369338615,0.9467998976379998,0.0
836,41.800000000000004,5,0.0,0.9171440369338615,0.9467998976379998,0.0
837,41.85,0,0.0,0.9171408493861521,0.9467977934768808,0.0
837,41.85,1,0.0,0.9171408493861521,0.9467977934768808,0.0
837,41.85,2,0.0,0.9171408493861521,0.9467977934768808,0.0
837,41.85,3,0.0,0.9171408493861521,0.9467977934768808,0.0
837,41.85,4,0.0,0.9171408493861521,0.9467977934768808,0.0
837,41.85,5,0.0,0.9171408493861521,0.9467977934768808,0.0
838,41.900000000000006,0,0.0,0.9171377017051825,0.946795715627969,0.0
838,41.900000000000006,1,0.0,0.9171377017051825,0.946795715627969,0.0
838,41.900000000000006,2,0.0,0.9171377017051825,0.946795715627969,0.0
838,41.900000000000006,3,0.0,0.9171377017051825,0.946795715627969,0.0
838,41.900000000000006,4,0.0,0.9171377017051825,0.946795715627969,0.0
838,41.900000000000006,5,0.0,0.9171377017051825,0.946795715627969,0.0
839,41.95,0,0.0,0.9171345932452581,0.9467936636652005,0.0
839,41.95,1,0.0,0.9171345932452581,0.9467936636652005,0.0
839,41.95,2,0.0,0.9171345932452581,0.9467936636652005,0.0
839,41.95,3,0.0,0.9171345932452581,0.9467936636652005,0.0
839,41.95,4,0.0,0.9171345932452581,0.9467936636652005,0.0
839,41.95,5,0.0,0.9171345932452579,0.9467936636652002,0.0
840,42.0,0,0.0,0.9171315233716533,0.9467916371697452,0.0
840,42.0,1,0.0,0.9171315233716533,0.9467916371697452,0.0
840,42.0,2,0.0,0.9171315233716533,0.9467916371697452,0.0
840,42.0,3,0.0,0.9171315233716533,0.9467916371697452,0.0
840,42.0,4,0.0,0.9171315233716533,0.9467916371697452,0.0
840,42.0,5,0.0,0.9171315233716533,0.9467916371697452,0.0
841,42.050000000000004,0,0.0,0.9171284914604254,0.9467896357298867,0.0
841,42.050000000000004,1,0.0,0.9171284914604254,0.9467896357298867,0.0
841,42.050000000000004,2,0.0,0.9171284914604254,0.9467896357298867,0.0
841,42.050000000000004,3,0.0,0.9171284914604254,0.9467896357298867,0.0
841,42.050000000000004,4,0.0,0.9171284914604254,0.9467896357298867,0.0
841,42.050000000000004,5,0.0,0.9171284914604256,0.946789635729887,0.0
842,42.1,0,0.0,0.9171254968982308,0.9467876589408992,0.0
842,42.1,1,0.0,0.9171254968982308,0.9467876589408992,0.0
842,42.1,2,0.0,0.9171254968982308,0.9467876589408992,0.0
842,42.1,3,0.0,0.9171254968982308,0.9467876589408992,0.0
842,42.1,4,0.0,0.9171254968982314,0.9467876589408996,0.0
842,42.1,5,0.0,0.9171254968982308,0.9467876589408992,0.0
843,42.150000000000006,0,0.0,0.9171225390821451,0.9467857064049295,0.0
843,42.150000000000006,1,0.0,0.9171225390821451,0.9467857064049295,0.0
843,42.150000000000006,2,0.0,0.9171225390821451,0.9467857064049295,0.0
843,42.150000000000006,3,0.0,0.9171225390821451,0.9467857064049295,0.0
843,42.150000000000006,4,0.0,0.9171225390821451,0.9467857064049295,0.0
843,42.150000000000006,5,0.0,0.9171225390821451,0.9467857064049295,0.0
844,42.2,0,0.0,0.9171196174194844,0.9467837777308795,0.0
844,42.2,1,0.0,0.9171196174194844,0.9467837777308795,0.0
844,42.2,2,0.0,0.9171196174194844,0.9467837777308795,0.0
844,42.2,3,0.0,0.9171196174194844,0.9467837777308795,0.0
844,42.2,4,0.0,0.9171196174194844,0.9467837777308795,0.0
844,42.2,5,0.0,0.9171196174194844,0.9467837777308795,0.0
845,42.25,0,0.0,0.9171167313276325,0.9467818725342921,0.0
845,42.25,1,0.0,0.9171167313276325,0.9467818725342921,0.0
845,42.25,2,0.0,0.9171167313276325,0.9467818725342921,0.0
845,42.25,3,0.0,0.9171167313276325,0.9467818725342921,0.0
845,42.25,4,0.0,0.9171167313276325,0.9467818725342921,0.0
845,42.25,5,0.0,0.9171167313276325,0.9467818725342921,0.0
846,42.300000000000004,0,0.0,0.9171138802338688,0.9467799904372377,0.0
846,42.300000000000004,1,0.0,0.9171138802338688,0.9467799904372377,0.0
846,42.300000000000004,2,0.0,0.9171138802338688,0.9467799904372377,0.0
846,42.300000000000004,3,0.0,0.9171138802338688,0.9467799904372377,0.0
846,42.300000000000004,4,0.0,0.9171138802338688,0.9467799904372377,0.0
846,42.300000000000004,5,0.0,0.9171138802338688,0.9467799904372377,0.0
847,42.35,0,0.0,0.9171110635751989,0.9467781310682025,0.0
847,42.35,1,0.0,0.9171110635751989,0.9467781310682025,0.0
847,42.35,2,0.0,0.9171110635751989,0.9467781310682025,0.0
847,42.35,3,0.0,0.9171110635751989,0.9467781310682025,0.0
847,42.35,4,0.0,0.9171110635751989,0.9467781310682025,0.0
847,42.35,5,0.0,0.9171110635751989,0.9467781310682025,0.0
848,42.400000000000006,0,0.0,0.9171082807981898,0.9467762940619803,0.0
848,42.400000000000006,1,0.0,0.9171082807981898,0.9467762940619803,0.0
848,42.400000000000006,2,0.0,0.9171082807981898,0.9467762940619803,0.0
848,42.400000000000006,3,0.0,0.9171082807981898,0.9467762940619803,0.0
848,42.400000000000006,4,0.0,0.9171082807981898,0.9467762940619803,0.0
848,42.400000000000006,5,0.0,0.9171082807981898,0.9467762940619803,0.0
849,42.45,0,0.0,0.9171055313588057,0.946774479059563,0.0
849,42.45,1,0.0,0.9171055313588057,0.946774479059563,0.0
849,42.45,2,0.0,0.9171055313588057,0.946774479059563,0.0
849,42.45,3,0.0,0.9171055313588057,0.946774479059563,0.0
849,42.45,4,0.0,0.9171055313588057,0.946774479059563,0.0
849,42.45,5,0.0,0.9171055313588057,0.946774479059563,0.0
850,42.5,0,0.0,0.9171028147222484,0.9467726857080375,0.0
850,42.5,1,0.0,0.9171028147222484,0.9467726857080375,0.0
850,42.5,2,0.0,0.9171028147222484,0.9467726857080375,0.0
850,42.5,3,0.0,0.9171028147222484,0.9467726857080375,0.0
850,42.5,4,0.0,0.9171028147222484,0.9467726857080375,0.0
850,42.5,5,0.0,0.9171028147222484,0.9467726857080375,0.0
851,42.550000000000004,0,0.0,0.9171001303628004,0.9467709136604802,0.0
851,42.550000000000004,1,0.0,0.9171001303628004,0.9467709136604802,0.0
851,42.550000000000004,2,0.0,0.9171001303628004,0.9467709136604802,0.0
851,42.550000000000004,3,0.0,0.9171001303628004,0.9467709136604802,0.0
851,42.550000000000004,4,0.0,0.9171001303628004,0.9467709136604802,0.0
851,42.550000000000004,5,0.0,0.9171001303628004,0.9467709136604802,0.0
852,42.6,0,0.0,0.917097477763668,0.9467691625758546,0.0
852,42.6,1,0.0,0.917097477763668,0.9467691625758546,0.0
852,42.6,2,0.0,0.917097477763668,0.9467691625758546,0.0
852,42.6,3,0.0,0.917097477763668,0.9467691625758546,0.0
852,42.6,4,0.0,0.9170974777636678,0.9467691625758544,0.0
852,42.6,5,0.0,0.917097477763668,0.9467691625758546,0.0
853,42.650000000000006,0,0.0,0.9170948564168304,0.9467674321189117,0.0
853,42.650000000000006,1,0.0,0.9170948564168304,0.9467674321189117,0.0
853,42.650000000000006,2,0.0,0.9170948564168304,0.9467674321189117,0.0
853,42.650000000000006,3,0.0,0.9170948564168304,0.9467674321189117,0.0
853,42.650000000000006,4,0.0,0.9170948564168304,0.9467674321189117,0.0
853,42.650000000000006,5,0.0,0.9170948564168306,0.9467674321189118,0.0
854,42.7,0,0.0,0.917092265822889,0.9467657219600905,0.0
854,42.7,1,0.0,0.917092265822889,0.9467657219600905,0.0
854,42.7,2,0.0,0.9170922658228893,0.9467657219600906,0.0
854,42.7,3,0.0,0.9170922658228893,0.9467657219600906,0.0
854,42.7,4,0.0,0.9170922658228893,0.9467657219600906,0.0
854,42.7,5,0.0,0.9170922658228893,0.9467657219600906,0.0
855,42.75,0,0.0,0.9170897054909208,0.9467640317754213,0.0
855,42.75,1,0.0,0.9170897054909208,0.9467640317754213,0.0
855,42.75,2,0.0,0.9170897054909208,0.9467640317754213,0.0
855,42.75,3,0.0,0.9170897054909208,0.9467640317754213,0.0
855,42.75,4,0.0,0.9170897054909208,0.9467640317754213,0.0
855,42.75,5,0.0,0.9170897054909211,0.9467640317754215,0.0
856,42.800000000000004,0,0.0,0.9170871749383342,0.9467623612464311,0.0
856,42.800000000000004,1,0.0,0.9170871749383342,0.9467623612464311,0.0
856,42.800000000000004,2,0.0,0.9170871749383342,0.9467623612464311,0.0
856,42.800000000000004,3,0.0,0.9170871749383342,0.9467623612464311,0.0
856,42.800000000000004,4,0.0,0.9170871749383342,0.9467623612464311,0.0
856,42.800000000000004,5,0.0,0.9170871749383342,0.9467623612464311,0.0
857,42.85,0,0.0,0.9170846736907243,0.9467607100600476,0.0
857,42.85,1,0.0,0.9170846736907243,0.9467607100600476,0.0
857,42.85,2,0.0,0.9170846736907243,0.9467607100600476,0.0
857,42.85,3,0.0,0.9170846736907243,0.9467607100600476,0.0
857,42.85,4,0.0,0.9170846736907248,0.9467607100600478,0.0
857,42.85,5,0.0,0.9170846736907243,0.9467607100600476,0.0
858,42.900000000000006,0,0.0,0.9170822012817352,0.9467590779085083,0.0
858,42.900000000000006,1,0.0,0.9170822012817352,0.9467590779085083,0.0
858,42.900000000000006,2,0.0,0.9170822012817352,0.9467590779085083,0.0
858,42.900000000000006,3,0.0,0.9170822012817352,0.9467590779085083,0.0
858,42.900000000000006,4,0.0,0.9170822012817352,0.9467590779085083,0.0
858,42.900000000000006,5,0.0,0.9170822012817352,0.9467590779085083,0.0
859,42.95,0,0.0,0.9170797572529212,0.94675746448927,0.0
859,42.95,1,0.0,0.9170797572529212,0.94675746448927,0.0
859,42.95,2,0.0,0.9170797572529212,0.94675746448927,0.0
859,42.95,3,0.0,0.9170797572529212,0.94675746448927,0.0
859,42.95,4,0.0,0.9170797572529212,0.94675746448927,0.0
859,42.95,5,0.0,0.9170797572529212,0.94675746448927,0.0
860,43.0,0,0.0,0.9170773411536106,0.946755869504918,0.0
860,43.0,1,0.0,0.9170773411536106,0.946755869504918,0.0
860,43.0,2,0.0,0.9170773411536106,0.946755869504918,0.0
860,43.0,3,0.0,0.9170773411536106,0.946755869504918,0.0
860,43.0,4,0.0,0.9170773411536106,0.946755869504918,0.0
860,43.0,5,0.0,0.9170773411536111,0.9467558695049182,0.0
861,43.050000000000004,0,0.0,0.9170749525407775,0.9467542926630815,0.0
861,43.050000000000004,1,0.0,0.9170749525407775,0.9467542926630815,0.0
861,43.050000000000004,2,0.0,0.9170749525407775,0.9467542926630815,0.0
861,43.050000000000004,3,0.0,0.9170749525407775,0.9467542926630815,0.0
861,43.050000000000004,4,0.0,0.9170749525407775,0.9467542926630815,0.0
861,43.050000000000004,5,0.0,0.917074952540778,0.9467542926630818,0.0
862,43.1,0,0.0,0.9170725909789041,0.9467527336763438,0.0
862,43.1,1,0.0,0.9170725909789041,0.9467527336763438,0.0
862,43.1,2,0.0,0.9170725909789041,0.9467527336763438,0.0
862,43.1,3,0.0,0.9170725909789041,0.9467527336763438,0.0
862,43.1,4,0.0,0.9170725909789041,0.9467527336763438,0.0
862,43.1,5,0.0,0.9170725909789046,0.9467527336763442,0.0
863,43.150000000000006,0,0.0,0.9170702560398571,0.94675119226216,0.0
863,43.150000000000006,1,0.0,0.9170702560398571,0.94675119226216,0.0
863,43.150000000000006,2,0.0,0.9170702560398571,0.94675119226216,0.0
863,43.150000000000006,3,0.0,0.9170702560398569,0.9467511922621598,0.0
863,43.150000000000006,4,0.0,0.9170702560398569,0.9467511922621598,0.0
863,43.150000000000006,5,0.0,0.9170702560398569,0.9467511922621599,0.0
864,43.2,0,0.0,0.917067947302759,0.946749668142772,0.0
864,43.2,1,0.0,0.917067947302759,0.946749668142772,0.0
864,43.2,2,0.0,0.917067947302759,0.946749668142772,0.0
864,43.2,3,0.0,0.917067947302759,0.946749668142772,0.0
864,43.2,4,0.0,0.9170679473027588,0.9467496681427717,0.0
864,43.2,5,0.0,0.9170679473027588,0.9467496681427717,0.0
865,43.25,0,0.0,0.9170656643538644,0.9467481610451274,0.0
865,43.25,1,0.0,0.9170656643538644,0.9467481610451274,0.0
865,43.25,2,0.0,0.9170656643538644,0.9467481610451274,0.0
865,43.25,3,0.0,0.9170656643538644,0.9467481610451274,0.0
865,43.25,4,0.0,0.9170656643538644,0.9467481610451274,0.0
865,43.25,5,0.0,0.9170656643538646,0.9467481610451275,0.0
866,43.300000000000004,0,0.0,0.9170634067864409,0.9467466707008011,0.0
866,43.300000000000004,1,0.0,0.9170634067864409,0.9467466707008011,0.0
866,43.300000000000004,2,0.0,0.9170634067864409,0.9467466707008011,0.0
866,43.300000000000004,3,0.0,0.9170634067864409,0.9467466707008011,0.0
866,43.300000000000004,4,0.0,0.9170634067864409,0.9467466707008011,0.0
866,43.300000000000004,5,0.0,0.9170634067864414,0.9467466707008013,0.0
867,43.35,0,0.0,0.9170611742006436,0.9467451968459119,0.0
867,43.35,1,0.0,0.9170611742006436,0.9467451968459119,0.0
867,43.35,2,0.0,0.9170611742006436,0.9467451968459119,0.0
867,43.35,3,0.0,0.9170611742006436,0.9467451968459119,0.0
867,43.35,4,0.0,0.9170611742006436,0.9467451968459119,0.0
867,43.35,5,0.0,0.9170611742006436,0.9467451968459119,0.0
868,43.400000000000006,0,0.0,0.9170589662034003,0.9467437392210473,0.0
868,43.400000000000006,1,0.0,0.9170589662034003,0.9467437392210473,0.0
868,43.400000000000006,2,0.0,0.9170589662034003,0.9467437392210473,0.0
868,43.400000000000006,3,0.0,0.9170589662034001,0.9467437392210472,0.0
868,43.400000000000006,4,0.0,0.9170589662034003,0.9467437392210473,0.0
868,43.400000000000006,5,0.0,0.9170589662034003,0.9467437392210473,0.0
869,43.45,0,0.0,0.9170567824082951,0.9467422975711864,0.0
869,43.45,1,0.0,0.9170567824082951,0.9467422975711864,0.0
869,43.45,2,0.0,0.9170567824082951,0.9467422975711864,0.0
869,43.45,3,0.0,0.9170567824082951,0.9467422975711864,0.0
869,43.45,4,0.0,0.9170567824082951,0.9467422975711864,0.0
869,43.45,5,0.0,0.9170567824082951,0.9467422975711864,0.0
870,43.5,0,0.0,0.9170546224354559,0.946740871645626,0.0
870,43.5,1,0.0,0.9170546224354559,0.946740871645626,0.0
870,43.5,2,0.0,0.9170546224354559,0.946740871645626,0.0
870,43.5,3,0.0,0.9170546224354559,0.946740871645626,0.0
870,43.5,4,0.0,0.9170546224354559,0.946740871645626,0.0
870,43.5,5,0.0,0.9170546224354559,0.946740871645626,0.0
871,43.550000000000004,0,0.0,0.9170524859114386,0.9467394611979043,0.0
871,43.550000000000004,1,0.0,0.9170524859114386,0.9467394611979043,0.0
871,43.550000000000004,2,0.0,0.917052485911438,0.946739461197904,0.0
871,43.550000000000004,3,0.0,0.917052485911438,0.946739461197904,0.0
871,43.550000000000004,4,0.0,0.917052485911438,0.946739461197904,0.0
871,43.550000000000004,5,0.0,0.9170524859114386,0.9467394611979043,0.0
872,43.6,0,0.0,0.9170503724691208,0.9467380659857302,0.0
872,43.6,1,0.0,0.9170503724691208,0.9467380659857302,0.0
872,43.6,2,0.0,0.9170503724691208,0.9467380659857302,0.0
872,43.6,3,0.0,0.9170503724691208,0.9467380659857302,0.0
872,43.6,4,0.0,0.9170503724691208,0.9467380659857302,0.0
872,43.6,5,0.0,0.9170503724691208,0.9467380659857302,0.0
873,43.650000000000006,0,0.0,0.9170482817475907,0.9467366857709107,0.0
873,43.650000000000006,1,0.0,0.9170482817475907,0.9467366857709107,0.0
873,43.650000000000006,2,0.0,0.9170482817475907,0.9467366857709107,0.0
873,43.650000000000006,3,0.0,0.9170482817475907,0.9467366857709107,0.0
873,43.650000000000006,4,0.0,0.9170482817475907,0.9467366857709107,0.0
873,43.650000000000006,5,0.0,0.9170482817475907,0.9467366857709107,0.0
874,43.7,0,0.0,0.9170462133920418,0.9467353203192813,0.0
874,43.7,1,0.0,0.9170462133920418,0.9467353203192813,0.0
874,43.7,2,0.0,0.9170462133920418,0.9467353203192813,0.0
874,43.7,3,0.0,0.9170462133920418,0.9467353203192813,0.0
874,43.7,4,0.0,0.9170462133920418,0.9467353203192813,0.0
874,43.7,5,0.0,0.9170462133920418,0.9467353203192813,0.0
875,43.75,0,0.0,0.9170441670536691,0.946733969400637,0.0
875,43.75,1,0.0,0.9170441670536691,0.946733969400637,0.0
875,43.75,2,0.0,0.9170441670536691,0.946733969400637,0.0
875,43.75,3,0.0,0.9170441670536691,0.946733969400637,0.0
875,43.75,4,0.0,0.9170441670536691,0.946733969400637,0.0
875,43.75,5,0.0,0.9170441670536686,0.9467339694006368,0.0
876,43.800000000000004,0,0.0,0.9170421423895649,0.9467326327886644,0.0
876,43.800000000000004,1,0.0,0.9170421423895649,0.9467326327886644,0.0
876,43.800000000000004,2,0.0,0.9170421423895649,0.9467326327886644,0.0
876,43.800000000000004,3,0.0,0.9170421423895649,0.9467326327886644,0.0
876,43.800000000000004,4,0.0,0.9170421423895649,0.9467326327886644,0.0
876,43.800000000000004,5,0.0,0.9170421423895649,0.9467326327886644,0.0
877,43.85,0,0.0,0.9170401390626184,0.9467313102608749,0.0
877,43.85,1,0.0,0.9170401390626184,0.9467313102608749,0.0
877,43.85,2,0.0,0.9170401390626184,0.9467313102608749,0.0
877,43.85,3,0.0,0.9170401390626184,0.9467313102608749,0.0
877,43.85,4,0.0,0.9170401390626184,0.9467313102608749,0.0
877,43.85,5,0.0,0.9170401390626184,0.9467313102608749,0.0
878,43.900000000000006,0,0.0,0.9170381567414154,0.9467300015985387,0.0
878,43.900000000000006,1,0.0,0.9170381567414154,0.9467300015985387,0.0
878,43.900000000000006,2,0.0,0.9170381567414154,0.9467300015985387,0.0
878,43.900000000000006,3,0.0,0.9170381567414154,0.9467300015985387,0.0
878,43.900000000000006,4,0.0,0.9170381567414154,0.9467300015985387,0.0
878,43.900000000000006,5,0.0,0.9170381567414154,0.9467300015985387,0.0
879,43.95,0,0.0,0.9170361951001413,0.9467287065866211,0.0
879,43.95,1,0.0,0.9170361951001413,0.9467287065866211,0.0
879,43.95,2,0.0,0.9170361951001413,0.9467287065866211,0.0
879,43.95,3,0.0,0.9170361951001416,0.9467287065866213,0.0
879,43.95,4,0.0,0.9170361951001416,0.9467287065866213,0.0
879,43.95,5,0.0,0.9170361951001413,0.9467287065866211,0.0
880,44.0,0,0.0,0.9170342538184864,0.9467274250137195,0.0
880,44.0,1,0.0,0.9170342538184864,0.9467274250137195,0.0
880,44.0,2,0.0,0.9170342538184864,0.9467274250137195,0.0
880,44.0,3,0.0,0.9170342538184864,0.9467274250137195,0.0
880,44.0,4,0.0,0.9170342538184861,0.9467274250137194,0.0
880,44.0,5,0.0,0.9170342538184864,0.9467274250137195,0.0
881,44.050000000000004,0,0.0,0.9170323325815495,0.9467261566720002,0.0
881,44.050000000000004,1,0.0,0.9170323325815495,0.9467261566720002,0.0
881,44.050000000000004,2,0.0,0.9170323325815495,0.9467261566720002,0.0
881,44.050000000000004,3,0.0,0.9170323325815495,0.9467261566720002,0.0
881,44.050000000000004,4,0.0,0.9170323325815495,0.9467261566720002,0.0
881,44.050000000000004,5,0.0,0.9170323325815495,0.9467261566720002,0.0
882,44.1,0,0.0,0.9170304310797448,0.946724901357137,0.0
882,44.1,1,0.0,0.9170304310797448,0.946724901357137,0.0
882,44.1,2,0.0,0.9170304310797448,0.946724901357137,0.0
882,44.1,3,0.0,0.9170304310797448,0.946724901357137,0.0
882,44.1,4,0.0,0.917030431079745,0.9467249013571372,0.0
882,44.1,5,0.0,0.917030431079745,0.9467249013571372,0.0
883,44.150000000000006,0,0.0,0.917028549008714,0.9467236588682532,0.0
883,44.150000000000006,1,0.0,0.917028549008714,0.9467236588682532,0.0
883,44.150000000000006,2,0.0,0.917028549008714,0.9467236588682532,0.0
883,44.150000000000006,3,0.0,0.917028549008714,0.9467236588682532,0.0
883,44.150000000000006,4,0.0,0.917028549008714,0.9467236588682532,0.0
883,44.150000000000006,5,0.0,0.917028549008714,0.9467236588682532,0.0
884,44.2,0,0.0,0.9170266860692324,0.946722429007859,0.0
884,44.2,1,0.0,0.9170266860692324,0.946722429007859,0.0
884,44.2,2,0.0,0.9170266860692324,0.946722429007859,0.0
884,44.2,3,0.0,0.9170266860692324,0.946722429007859,0.0
884,44.2,4,0.0,0.9170266860692324,0.946722429007859,0.0
884,44.2,5,0.0,0.9170266860692324,0.946722429007859,0.0
885,44.25,0,0.0,0.9170248419671245,0.946721211581797,0.0
885,44.25,1,0.0,0.9170248419671245,0.946721211581797,0.0
885,44.25,2,0.0,0.9170248419671245,0.946721211581797,0.0
885,44.25,3,0.0,0.9170248419671245,0.946721211581797,0.0
885,44.25,4,0.0,0.9170248419671245,0.946721211581797,0.0
885,44.25,5,0.0,0.9170248419671245,0.946721211581797,0.0
886,44.300000000000004,0,0.0,0.9170230164131754,0.9467200063991831,0.0
886,44.300000000000004,1,0.0,0.9170230164131754,0.9467200063991831,0.0
886,44.300000000000004,2,0.0,0.9170230164131754,0.9467200063991831,0.0
886,44.300000000000004,3,0.0,0.9170230164131754,0.9467200063991831,0.0
886,44.300000000000004,4,0.0,0.9170230164131754,0.9467200063991831,0.0
886,44.300000000000004,5,0.0,0.9170230164131754,0.9467200063991831,0.0
887,44.35,0,0.0,0.9170212091230461,0.9467188132723504,0.0
887,44.35,1,0.0,0.9170212091230461,0.9467188132723504,0.0
887,44.35,2,0.0,0.9170212091230461,0.9467188132723504,0.0
887,44.35,3,0.0,0.9170212091230461,0.9467188132723504,0.0
887,44.35,4,0.0,0.9170212091230461,0.9467188132723504,0.0
887,44.35,5,0.0,0.9170212091230461,0.9467188132723504,0.0
888,44.400000000000006,0,0.0,0.9170194198171886,0.946717632016794,0.0
888,44.400000000000006,1,0.0,0.9170194198171886,0.946717632016794,0.0
888,44.400000000000006,2,0.0,0.9170194198171886,0.946717632016794,0.0
888,44.400000000000006,3,0.0,0.9170194198171893,0.9467176320167944,0.0
888,44.400000000000006,4,0.0,0.9170194198171893,0.9467176320167944,0.0
888,44.400000000000006,5,0.0,0.9170194198171893,0.9467176320167944,0.0
889,44.45,0,0.0,0.9170176482207688,0.946716462451119,0.0
889,44.45,1,0.0,0.9170176482207688,0.946716462451119,0.0
889,44.45,2,0.0,0.9170176482207688,0.946716462451119,0.0
889,44.45,3,0.0,0.9170176482207688,0.946716462451119,0.0
889,44.45,4,0.0,0.9170176482207688,0.946716462451119,0.0
889,44.45,5,0.0,0.9170176482207688,0.946716462451119,0.0
890,44.5,0,0.0,0.9170158940635771,0.9467153043969825,0.0
890,44.5,1,0.0,0.9170158940635771,0.9467153043969825,0.0
890,44.5,2,0.0,0.9170158940635771,0.9467153043969825,0.0
890,44.5,3,0.0,0.9170158940635771,0.9467153043969826,0.0
890,44.5,4,0.0,0.9170158940635771,0.9467153043969826,0.0
890,44.5,5,0.0,0.9170158940635771,0.9467153043969826,0.0
891,44.550000000000004,0,0.0,0.9170141570799577,0.9467141576790468,0.0
891,44.550000000000004,1,0.0,0.9170141570799577,0.9467141576790468,0.0
891,44.550000000000004,2,0.0,0.9170141570799577,0.9467141576790468,0.0
891,44.550000000000004,3,0.0,0.9170141570799577,0.9467141576790469,0.0
891,44.550000000000004,4,0.0,0.9170141570799577,0.9467141576790468,0.0
891,44.550000000000004,5,0.0,0.9170141570799577,0.9467141576790468,0.0
892,44.6,0,0.0,0.9170124370087254,0.9467130221249239,0.0
892,44.6,1,0.0,0.9170124370087254,0.9467130221249239,0.0
892,44.6,2,0.0,0.9170124370087249,0.9467130221249236,0.0
892,44.6,3,0.0,0.9170124370087249,0.9467130221249236,0.0
892,44.6,4,0.0,0.9170124370087254,0.9467130221249239,0.0
892,44.6,5,0.0,0.9170124370087254,0.9467130221249239,0.0
893,44.650000000000006,0,0.0,0.917010733593089,0.9467118975651259,0.0
893,44.650000000000006,1,0.0,0.917010733593089,0.9467118975651259,0.0
893,44.650000000000006,2,0.0,0.917010733593089,0.9467118975651259,0.0
893,44.650000000000006,3,0.0,0.917010733593089,0.9467118975651259,0.0
893,44.650000000000006,4,0.0,0.917010733593089,0.9467118975651259,0.0
893,44.650000000000006,5,0.0,0.917010733593089,0.9467118975651259,0.0
894,44.7,0,0.0,0.9170090465805805,0.946710783833017,0.0
894,44.7,1,0.0,0.9170090465805805,0.946710783833017,0.0
894,44.7,2,0.0,0.9170090465805805,0.946710783833017,0.0
894,44.7,3,0.0,0.91700904658058,0.9467107838330168,0.0
894,44.7,4,0.0,0.9170090465805805,0.946710783833017,0.0
894,44.7,5,0.0,0.9170090465805805,0.946710783833017,0.0
895,44.75,0,0.0,0.9170073757229729,0.9467096807647613,0.0
895,44.75,1,0.0,0.9170073757229729,0.9467096807647613,0.0
895,44.75,2,0.0,0.9170073757229729,0.9467096807647613,0.0
895,44.75,3,0.0,0.9170073757229729,0.9467096807647613,0.0
895,44.75,4,0.0,0.9170073757229729,0.9467096807647613,0.0
895,44.75,5,0.0,0.9170073757229729,0.9467096807647613,0.0
896,44.800000000000004,0,0.0,0.9170057207762166,0.9467085881992783,0.0
896,44.800000000000004,1,0.0,0.9170057207762166,0.9467085881992783,0.0
896,44.800000000000004,2,0.0,0.9170057207762166,0.9467085881992783,0.0
896,44.800000000000004,3,0.0,0.9170057207762166,0.9467085881992783,0.0
896,44.800000000000004,4,0.0,0.9170057207762166,0.9467085881992783,0.0
896,44.800000000000004,5,0.0,0.9170057207762166,0.9467085881992783,0.0
897,44.85,0,0.0,0.9170040815003606,0.9467075059781932,0.0
897,44.85,1,0.0,0.9170040815003606,0.9467075059781932,0.0
897,44.85,2,0.0,0.9170040815003606,0.9467075059781932,0.0
897,44.85,3,0.0,0.9170040815003606,0.9467075059781932,0.0
897,44.85,4,0.0,0.9170040815003606,0.9467075059781932,0.0
897,44.85,5,0.0,0.9170040815003606,0.9467075059781932,0.0
898,44.900000000000006,0,0.0,0.9170024576594866,0.946706433945792,0.0
898,44.900000000000006,1,0.0,0.9170024576594866,0.946706433945792,0.0
898,44.900000000000006,2,0.0,0.9170024576594866,0.946706433945792,0.0
898,44.900000000000006,3,0.0,0.9170024576594866,0.946706433945792,0.0
898,44.900000000000006,4,0.0,0.9170024576594866,0.946706433945792,0.0
898,44.900000000000006,5,0.0,0.9170024576594866,0.946706433945792,0.0
899,44.95,0,0.0,0.9170008490216368,0.9467053719489744,0.0
899,44.95,1,0.0,0.9170008490216368,0.9467053719489744,0.0
899,44.95,2,0.0,0.9170008490216368,0.9467053719489744,0.0
899,44.95,3,0.0,0.9170008490216368,0.9467053719489744,0.0
899,44.95,4,0.0,0.9170008490216366,0.9467053719489743,0.0
899,44.95,5,0.0,0.9170008490216366,0.9467053719489743,0.0
900,45.0,0,0.0,0.9169992553587476,0.94670431983721,0.0
900,45.0,1,0.0,0.9169992553587476,0.94670431983721,0.0
900,45.0,2,0.0,0.9169992553587476,0.94670431983721,0.0
900,45.0,3,0.0,0.9169992553587474,0.9467043198372099,0.0
900,45.0,4,0.0,0.9169992553587476,0.94670431983721,0.0
900,45.0,5,0.0,0.9169992553587476,0.94670431983721,0.0
901,45.050000000000004,0,0.0,0.9169976764465837,0.9467032774624949,0.0
901,45.050000000000004,1,0.0,0.9169976764465837,0.9467032774624949,0.0
901,45.050000000000004,2,0.0,0.9169976764465837,0.9467032774624949,0.0
901,45.050000000000004,3,0.0,0.9169976764465837,0.9467032774624949,0.0
901,45.050000000000004,4,0.0,0.9169976764465837,0.9467032774624949,0.0
901,45.050000000000004,5,0.0,0.9169976764465839,0.946703277462495,0.0
902,45.1,0,0.0,0.9169961120646706,0.9467022446793069,0.0
902,45.1,1,0.0,0.9169961120646706,0.9467022446793069,0.0
902,45.1,2,0.0,0.9169961120646706,0.9467022446793069,0.0
902,45.1,3,0.0,0.9169961120646706,0.9467022446793069,0.0
902,45.1,4,0.0,0.9169961120646706,0.9467022446793069,0.0
902,45.1,5,0.0,0.9169961120646706,0.9467022446793069,0.0
903,45.150000000000006,0,0.0,0.9169945619962299,0.946701221344563,0.0
903,45.150000000000006,1,0.0,0.9169945619962299,0.946701221344563,0.0
903,45.150000000000006,2,0.0,0.9169945619962299,0.946701221344563,0.0
903,45.150000000000006,3,0.0,0.9169945619962299,0.946701221344563,0.0
903,45.150000000000006,4,0.0,0.9169945619962301,0.9467012213445631,0.0
903,45.150000000000006,5,0.0,0.9169945619962299,0.946701221344563,0.0
904,45.2,0,0.0,0.9169930260281185,0.9467002073175795,0.0
904,45.2,1,0.0,0.9169930260281185,0.9467002073175795,0.0
904,45.2,2,0.0,0.9169930260281185,0.9467002073175795,0.0
904,45.2,3,0.0,0.9169930260281185,0.9467002073175795,0.0
904,45.2,4,0.0,0.9169930260281185,0.9467002073175795,0.0
904,45.2,5,0.0,0.9169930260281185,0.9467002073175795,0.0
905,45.25,0,0.0,0.916991503950763,0.9466992024600284,0.0
905,45.25,1,0.0,0.916991503950763,0.9466992024600284,0.0
905,45.25,2,0.0,0.916991503950763,0.9466992024600284,0.0
905,45.25,3,0.0,0.916991503950763,0.9466992024600284,0.0
905,45.25,4,0.0,0.916991503950763,0.9466992024600284,0.0
905,45.25,5,0.0,0.916991503950763,0.9466992024600284,0.0
906,45.300000000000004,0,0.0,0.9169899955581022,0.9466982066358992,0.0
906,45.300000000000004,1,0.0,0.9169899955581022,0.9466982066358992,0.0
906,45.300000000000004,2,0.0,0.9169899955581022,0.9466982066358992,0.0
906,45.300000000000004,3,0.0,0.9169899955581022,0.9466982066358992,0.0
906,45.300000000000004,4,0.0,0.9169899955581025,0.9466982066358994,0.0
906,45.300000000000004,5,0.0,0.9169899955581022,0.9466982066358992,0.0
907,45.35,0,0.0,0.9169885006475236,0.9466972197114579,0.0
907,45.35,1,0.0,0.9169885006475236,0.9466972197114579,0.0
907,45.35,2,0.0,0.9169885006475231,0.9466972197114577,0.0
907,45.35,3,0.0,0.9169885006475231,0.9466972197114577,0.0
907,45.35,4,0.0,0.9169885006475236,0.9466972197114579,0.0
907,45.35,5,0.0,0.9169885006475236,0.9466972197114579,0.0
908,45.400000000000006,0,0.0,0.9169870190198046,0.9466962415552075,0.0
908,45.400000000000006,1,0.0,0.9169870190198046,0.9466962415552075,0.0
908,45.400000000000006,2,0.0,0.9169870190198046,0.9466962415552075,0.0
908,45.400000000000006,3,0.0,0.9169870190198046,0.9466962415552075,0.0
908,45.400000000000006,4,0.0,0.9169870190198046,0.9466962415552075,0.0
908,45.400000000000006,5,0.0,0.9169870190198046,0.9466962415552075,0.0
909,45.45,0,0.0,0.9169855504790567,0.9466952720378511,0.0
909,45.45,1,0.0,0.9169855504790567,0.9466952720378511,0.0
909,45.45,2,0.0,0.9169855504790567,0.9466952720378511,0.0
909,45.45,3,0.0,0.9169855504790567,0.9466952720378511,0.0
909,45.45,4,0.0,0.9169855504790565,0.946695272037851,0.0
909,45.45,5,0.0,0.9169855504790572,0.9466952720378513,0.0
910,45.5,0,0.0,0.9169840948326666,0.9466943110322535,0.0
910,45.5,1,0.0,0.9169840948326666,0.9466943110322535,0.0
910,45.5,2,0.0,0.9169840948326666,0.9466943110322535,0.0
910,45.5,3,0.0,0.9169840948326666,0.9466943110322535,0.0
910,45.5,4,0.0,0.9169840948326662,0.9466943110322533,0.0
910,45.5,5,0.0,0.9169840948326666,0.9466943110322535,0.0
911,45.550000000000004,0,0.0,0.9169826518912403,0.9466933584134042,0.0
911,45.550000000000004,1,0.0,0.9169826518912403,0.9466933584134042,0.0
911,45.550000000000004,2,0.0,0.9169826518912403,0.9466933584134042,0.0
911,45.550000000000004,3,0.0,0.9169826518912403,0.9466933584134042,0.0
911,45.550000000000004,4,0.0,0.9169826518912403,0.9466933584134042,0.0
911,45.550000000000004,5,0.0,0.9169826518912401,0.9466933584134041,0.0
912,45.6,0,0.0,0.916981221468548,0.9466924140583809,0.0
912,45.6,1,0.0,0.916981221468548,0.9466924140583809,0.0
912,45.6,2,0.0,0.916981221468548,0.9466924140583809,0.0
912,45.6,3,0.0,0.916981221468548,0.9466924140583809,0.0
912,45.6,4,0.0,0.916981221468548,0.9466924140583809,0.0
912,45.6,5,0.0,0.916981221468548,0.9466924140583809,0.0
913,45.650000000000006,0,0.0,0.91697980338147,0.9466914778463137,0.0
913,45.650000000000006,1,0.0,0.91697980338147,0.9466914778463137,0.0
913,45.650000000000006,2,0.0,0.91697980338147,0.9466914778463137,0.0
913,45.650000000000006,3,0.0,0.91697980338147,0.9466914778463137,0.0
913,45.650000000000006,4,0.0,0.91697980338147,0.9466914778463137,0.0
913,45.650000000000006,5,0.0,0.91697980338147,0.9466914778463137,0.0
914,45.7,0,0.0,0.9169783974499437,0.9466905496583503,0.0
914,45.7,1,0.0,0.9169783974499437,0.9466905496583503,0.0
914,45.7,2,0.0,0.9169783974499437,0.9466905496583503,0.0
914,45.7,3,0.0,0.9169783974499437,0.9466905496583503,0.0
914,45.7,4,0.0,0.9169783974499437,0.9466905496583503,0.0
914,45.7,5,0.0,0.9169783974499437,0.9466905496583503,0.0
915,45.75,0,0.0,0.9169770034969096,0.9466896293776207,0.0
915,45.75,1,0.0,0.9169770034969096,0.9466896293776207,0.0
915,45.75,2,0.0,0.9169770034969096,0.9466896293776207,0.0
915,45.75,3,0.0,0.9169770034969096,0.9466896293776207,0.0
915,45.75,4,0.0,0.9169770034969096,0.9466896293776207,0.0
915,45.75,5,0.0,0.9169770034969096,0.9466896293776207,0.0
916,45.800000000000004,0,0.0,0.9169756213482627,0.9466887168892044,0.0
916,45.800000000000004,1,0.0,0.9169756213482627,0.9466887168892044,0.0
916,45.800000000000004,2,0.0,0.9169756213482627,0.9466887168892044,0.0
916,45.800000000000004,3,0.0,0.9169756213482632,0.9466887168892048,0.0
916,45.800000000000004,4,0.0,0.9169756213482632,0.9466887168892048,0.0
916,45.800000000000004,5,0.0,0.9169756213482627,0.9466887168892044,0.0
917,45.85,0,0.0,0.9169742508328,0.9466878120800964,0.0
917,45.85,1,0.0,0.9169742508328,0.9466878120800964,0.0
917,45.85,2,0.0,0.9169742508328,0.9466878120800964,0.0
917,45.85,3,0.0,0.9169742508328,0.9466878120800964,0.0
917,45.85,4,0.0,0.9169742508328,0.9466878120800964,0.0
917,45.85,5,0.0,0.9169742508328,0.9466878120800964,0.0
918,45.900000000000006,0,0.0,0.91697289178217,0.9466869148391734,0.0
918,45.900000000000006,1,0.0,0.91697289178217,0.9466869148391734,0.0
918,45.900000000000006,2,0.0,0.91697289178217,0.9466869148391734,0.0
918,45.900000000000006,3,0.0,0.91697289178217,0.9466869148391734,0.0
918,45.900000000000006,4,0.0,0.9169728917821702,0.9466869148391736,0.0
918,45.900000000000006,5,0.0,0.9169728917821702,0.9466869148391736,0.0
919,45.95,0,0.0,0.9169715440308261,0.9466860250571637,0.0
919,45.95,1,0.0,0.9169715440308261,0.9466860250571637,0.0
919,45.95,2,0.0,0.9169715440308261,0.9466860250571637,0.0
919,45.95,3,0.0,0.9169715440308261,0.9466860250571637,0.0
919,45.95,4,0.0,0.9169715440308266,0.9466860250571639,0.0
919,45.95,5,0.0,0.9169715440308266,0.9466860250571639,0.0
920,46.0,0,0.0,0.9169702074159769,0.9466851426266133,0.0
920,46.0,1,0.0,0.9169702074159769,0.9466851426266133,0.0
920,46.0,2,0.0,0.9169702074159767,0.9466851426266131,0.0
920,46.0,3,0.0,0.9169702074159769,0.9466851426266133,0.0
920,46.0,4,0.0,0.9169702074159767,0.9466851426266131,0.0
920,46.0,5,0.0,0.9169702074159767,0.9466851426266131,0.0
921,46.050000000000004,0,0.0,0.9169688817775397,0.9466842674418565,0.0
921,46.050000000000004,1,0.0,0.9169688817775397,0.9466842674418565,0.0
921,46.050000000000004,2,0.0,0.9169688817775397,0.9466842674418565,0.0
921,46.050000000000004,3,0.0,0.9169688817775397,0.9466842674418565,0.0
921,46.050000000000004,4,0.0,0.9169688817775397,0.9466842674418565,0.0
921,46.050000000000004,5,0.0,0.9169688817775397,0.9466842674418565,0.0
922,46.1,0,0.0,0.9169675669580939,0.9466833993989846,0.0
922,46.1,1,0.0,0.9169675669580939,0.9466833993989846,0.0
922,46.1,2,0.0,0.9169675669580941,0.9466833993989847,0.0
922,46.1,3,0.0,0.9169675669580939,0.9466833993989846,0.0
922,46.1,4,0.0,0.9169675669580941,0.9466833993989847,0.0
922,46.1,5,0.0,0.9169675669580939,0.9466833993989846,0.0
923,46.150000000000006,0,0.0,0.9169662628028357,0.9466825383958154,0.0
923,46.150000000000006,1,0.0,0.9169662628028357,0.9466825383958154,0.0
923,46.150000000000006,2,0.0,0.9169662628028357,0.9466825383958154,0.0
923,46.150000000000006,3,0.0,0.9169662628028359,0.9466825383958155,0.0
923,46.150000000000006,4,0.0,0.9169662628028359,0.9466825383958155,0.0
923,46.150000000000006,5,0.0,0.9169662628028359,0.9466825383958155,0.0
924,46.2,0,0.0,0.9169649691595332,0.9466816843318647,0.0
924,46.2,1,0.0,0.9169649691595332,0.9466816843318647,0.0
924,46.2,2,0.0,0.9169649691595332,0.9466816843318647,0.0
924,46.2,3,0.0,0.9169649691595332,0.9466816843318647,0.0
924,46.2,4,0.0,0.9169649691595332,0.9466816843318647,0.0
924,46.2,5,0.0,0.9169649691595332,0.9466816843318647,0.0
925,46.25,0,0.0,0.9169636858784813,0.9466808371083157,0.0
925,46.25,1,0.0,0.9169636858784813,0.9466808371083157,0.0
925,46.25,2,0.0,0.9169636858784813,0.9466808371083157,0.0
925,46.25,3,0.0,0.9169636858784813,0.9466808371083159,0.0
925,46.25,4,0.0,0.9169636858784813,0.9466808371083159,0.0
925,46.25,5,0.0,0.9169636858784813,0.9466808371083159,0.0
926,46.300000000000004,0,0.0,0.9169624128124614,0.946679996627993,0.0
926,46.300000000000004,1,0.0,0.9169624128124614,0.946679996627993,0.0
926,46.300000000000004,2,0.0,0.9169624128124614,0.946679996627993,0.0
926,46.300000000000004,3,0.0,0.9169624128124614,0.946679996627993,0.0
926,46.300000000000004,4,0.0,0.9169624128124614,0.946679996627993,0.0
926,46.300000000000004,5,0.0,0.9169624128124614,0.946679996627993,0.0
927,46.35,0,0.0,0.9169611498166954,0.9466791627953312,0.0
927,46.35,1,0.0,0.9169611498166954,0.9466791627953312,0.0
927,46.35,2,0.0,0.9169611498166954,0.9466791627953312,0.0
927,46.35,3,0.0,0.9169611498166954,0.9466791627953312,0.0
927,46.35,4,0.0,0.9169611498166952,0.946679162795331,0.0
927,46.35,5,0.0,0.9169611498166952,0.946679162795331,0.0
928,46.400000000000006,0,0.0,0.916959896748806,0.9466783355163502,0.0
928,46.400000000000006,1,0.0,0.916959896748806,0.9466783355163502,0.0
928,46.400000000000006,2,0.0,0.916959896748806,0.9466783355163502,0.0
928,46.400000000000006,3,0.0,0.916959896748806,0.9466783355163502,0.0
928,46.400000000000006,4,0.0,0.9169598967488057,0.9466783355163501,0.0
928,46.400000000000006,5,0.0,0.916959896748806,0.9466783355163502,0.0
929,46.45,0,0.0,0.9169586534687746,0.9466775146986265,0.0
929,46.45,1,0.0,0.9169586534687746,0.9466775146986265,0.0
929,46.45,2,0.0,0.9169586534687746,0.9466775146986265,0.0
929,46.45,3,0.0,0.9169586534687746,0.9466775146986265,0.0
929,46.45,4,0.0,0.9169586534687748,0.9466775146986266,0.0
929,46.45,5,0.0,0.9169586534687748,0.9466775146986266,0.0
930,46.5,0,0.0,0.9169574198389023,0.9466767002512674,0.0
930,46.5,1,0.0,0.9169574198389023,0.9466767002512674,0.0
930,46.5,2,0.0,0.9169574198389023,0.9466767002512674,0.0
930,46.5,3,0.0,0.9169574198389023,0.9466767002512674,0.0
930,46.5,4,0.0,0.9169574198389023,0.9466767002512674,0.0
930,46.5,5,0.0,0.9169574198389023,0.9466767002512674,0.0
931,46.550000000000004,0,0.0,0.9169561957237695,0.9466758920848845,0.0
931,46.550000000000004,1,0.0,0.9169561957237695,0.9466758920848845,0.0
931,46.550000000000004,2,0.0,0.9169561957237695,0.9466758920848845,0.0
931,46.550000000000004,3,0.0,0.9169561957237695,0.9466758920848845,0.0
931,46.550000000000004,4,0.0,0.9169561957237695,0.9466758920848845,0.0
931,46.550000000000004,5,0.0,0.9169561957237695,0.9466758920848845,0.0
932,46.6,0,0.0,0.9169549809901958,0.9466750901115676,0.0
932,46.6,1,0.0,0.9169549809901958,0.9466750901115676,0.0
932,46.6,2,0.0,0.9169549809901958,0.9466750901115676,0.0
932,46.6,3,0.0,0.9169549809901956,0.9466750901115675,0.0
932,46.6,4,0.0,0.9169549809901958,0.9466750901115676,0.0
932,46.6,5,0.0,0.9169549809901958,0.9466750901115676,0.0
933,46.650000000000006,0,0.0,0.9169537755072035,0.9466742942448603,0.0
933,46.650000000000006,1,0.0,0.9169537755072035,0.9466742942448603,0.0
933,46.650000000000006,2,0.0,0.9169537755072035,0.9466742942448603,0.0
933,46.650000000000006,3,0.0,0.9169537755072035,0.9466742942448603,0.0
933,46.650000000000006,4,0.0,0.9169537755072035,0.9466742942448603,0.0
933,46.650000000000006,5,0.0,0.9169537755072037,0.9466742942448604,0.0
934,46.7,0,0.0,0.9169525791459794,0.9466735043997345,0.0
934,46.7,1,0.0,0.9169525791459794,0.9466735043997345,0.0
934,46.7,2,0.0,0.9169525791459794,0.9466735043997345,0.0
934,46.7,3,0.0,0.9169525791459792,0.9466735043997344,0.0
934,46.7,4,0.0,0.9169525791459794,0.9466735043997345,0.0
934,46.7,5,0.0,0.9169525791459792,0.9466735043997344,0.0
935,46.75,0,0.0,0.916951391779836,0.9466727204925655,0.0
935,46.75,1,0.0,0.916951391779836,0.9466727204925655,0.0
935,46.75,2,0.0,0.916951391779836,0.9466727204925655,0.0
935,46.75,3,0.0,0.916951391779836,0.9466727204925655,0.0
935,46.75,4,0.0,0.9169513917798362,0.9466727204925656,0.0
935,46.75,5,0.0,0.9169513917798362,0.9466727204925656,0.0
936,46.800000000000004,0,0.0,0.9169502132841798,0.9466719424411103,0.0
936,46.800000000000004,1,0.0,0.9169502132841798,0.9466719424411103,0.0
936,46.800000000000004,2,0.0,0.9169502132841798,0.9466719424411103,0.0
936,46.800000000000004,3,0.0,0.9169502132841798,0.9466719424411103,0.0
936,46.800000000000004,4,0.0,0.9169502132841798,0.9466719424411103,0.0
936,46.800000000000004,5,0.0,0.9169502132841798,0.9466719424411102,0.0
937,46.85,0,0.0,0.9169490435364698,0.9466711701644807,0.0
937,46.85,1,0.0,0.9169490435364698,0.9466711701644807,0.0
937,46.85,2,0.0,0.9169490435364698,0.9466711701644807,0.0
937,46.85,3,0.0,0.9169490435364698,0.9466711701644807,0.0
937,46.85,4,0.0,0.9169490435364698,0.9466711701644807,0.0
937,46.85,5,0.0,0.9169490435364698,0.9466711701644807,0.0
938,46.900000000000006,0,0.0,0.9169478824161865,0.946670403583123,0.0
938,46.900000000000006,1,0.0,0.9169478824161865,0.946670403583123,0.0
938,46.900000000000006,2,0.0,0.9169478824161865,0.946670403583123,0.0
938,46.900000000000006,3,0.0,0.9169478824161867,0.9466704035831232,0.0
938,46.900000000000006,4,0.0,0.9169478824161867,0.9466704035831232,0.0
938,46.900000000000006,5,0.0,0.9169478824161867,0.9466704035831232,0.0
939,46.95,0,0.0,0.9169467298047955,0.9466696426187936,0.0
939,46.95,1,0.0,0.9169467298047955,0.9466696426187936,0.0
939,46.95,2,0.0,0.9169467298047955,0.9466696426187936,0.0
939,46.95,3,0.0,0.9169467298047955,0.9466696426187936,0.0
939,46.95,4,0.0,0.9169467298047955,0.9466696426187936,0.0
939,46.95,5,0.0,0.9169467298047955,0.9466696426187936,0.0
940,47.0,0,0.0,0.9169455855857136,0.9466688871945365,0.0
940,47.0,1,0.0,0.9169455855857136,0.9466688871945365,0.0
940,47.0,2,0.0,0.9169455855857136,0.9466688871945365,0.0
940,47.0,3,0.0,0.9169455855857136,0.9466688871945365,0.0
940,47.0,4,0.0,0.9169455855857136,0.9466688871945365,0.0
940,47.0,5,0.0,0.9169455855857136,0.9466688871945365,0.0
941,47.050000000000004,0,0.0,0.9169444496442789,0.9466681372346639,0.0
941,47.050000000000004,1,0.0,0.9169444496442789,0.9466681372346639,0.0
941,47.050000000000004,2,0.0,0.9169444496442789,0.9466681372346639,0.0
941,47.050000000000004,3,0.0,0.9169444496442789,0.9466681372346639,0.0
941,47.050000000000004,4,0.0,0.9169444496442789,0.9466681372346639,0.0
941,47.050000000000004,5,0.0,0.9169444496442789,0.9466681372346639,0.0
942,47.1,0,0.0,0.916943321867711,0.9466673926647303,0.0
942,47.1,1,0.0,0.916943321867711,0.9466673926647303,0.0
942,47.1,2,0.0,0.916943321867711,0.9466673926647303,0.0
942,47.1,3,0.0,0.916943321867711,0.9466673926647303,0.0
942,47.1,4,0.0,0.9169433218677112,0.9466673926647305,0.0
942,47.1,5,0.0,0.916943321867711,0.9466673926647303,0.0
943,47.150000000000006,0,0.0,0.9169422021450861,0.9466666534115151,0.0
943,47.150000000000006,1,0.0,0.9169422021450861,0.9466666534115151,0.0
943,47.150000000000006,2,0.0,0.9169422021450861,0.9466666534115151,0.0
943,47.150000000000006,3,0.0,0.9169422021450861,0.9466666534115151,0.0
943,47.150000000000006,4,0.0,0.9169422021450861,0.9466666534115151,0.0
943,47.150000000000006,5,0.0,0.9169422021450861,0.9466666534115151,0.0
944,47.2,0,0.0,0.9169410903673008,0.9466659194029993,0.0
944,47.2,1,0.0,0.9169410903673008,0.9466659194029993,0.0
944,47.2,2,0.0,0.9169410903673008,0.9466659194029993,0.0
944,47.2,3,0.0,0.9169410903673008,0.9466659194029993,0.0
944,47.2,4,0.0,0.9169410903673008,0.9466659194029993,0.0
944,47.2,5,0.0,0.9169410903673008,0.9466659194029993,0.0
945,47.25,0,0.0,0.9169399864270422,0.9466651905683459,0.0
945,47.25,1,0.0,0.9169399864270422,0.9466651905683459,0.0
945,47.25,2,0.0,0.916939986427042,0.9466651905683457,0.0
945,47.25,3,0.0,0.9169399864270422,0.9466651905683459,0.0
945,47.25,4,0.0,0.9169399864270422,0.946665190568346,0.0
945,47.25,5,0.0,0.9169399864270422,0.9466651905683459,0.0
946,47.300000000000004,0,0.0,0.9169388902187596,0.946664466837881,0.0
946,47.300000000000004,1,0.0,0.9169388902187596,0.946664466837881,0.0
946,47.300000000000004,2,0.0,0.9169388902187596,0.946664466837881,0.0
946,47.300000000000004,3,0.0,0.9169388902187596,0.946664466837881,0.0
946,47.300000000000004,4,0.0,0.9169388902187596,0.946664466837881,0.0
946,47.300000000000004,5,0.0,0.9169388902187596,0.946664466837881,0.0
947,47.35,0,0.0,0.9169378016386303,0.9466637481430711,0.0
947,47.35,1,0.0,0.9169378016386303,0.9466637481430711,0.0
947,47.35,2,0.0,0.9169378016386303,0.9466637481430711,0.0
947,47.35,3,0.0,0.9169378016386303,0.9466637481430711,0.0
947,47.35,4,0.0,0.9169378016386303,0.9466637481430711,0.0
947,47.35,5,0.0,0.9169378016386303,0.9466637481430711,0.0
948,47.400000000000006,0,0.0,0.9169367205845338,0.9466630344165061,0.0
948,47.400000000000006,1,0.0,0.9169367205845338,0.9466630344165061,0.0
948,47.400000000000006,2,0.0,0.9169367205845338,0.9466630344165061,0.0
948,47.400000000000006,3,0.0,0.9169367205845338,0.9466630344165061,0.0
948,47.400000000000006,4,0.0,0.9169367205845338,0.9466630344165061,0.0
948,47.400000000000006,5,0.0,0.9169367205845331,0.9466630344165058,0.0
949,47.45,0,0.0,0.9169356469560195,0.9466623255918788,0.0
949,47.45,1,0.0,0.9169356469560195,0.9466623255918788,0.0
949,47.45,2,0.0,0.9169356469560195,0.9466623255918788,0.0
949,47.45,3,0.0,0.9169356469560195,0.9466623255918788,0.0
949,47.45,4,0.0,0.9169356469560199,0.946662325591879,0.0
949,47.45,5,0.0,0.9169356469560195,0.9466623255918788,0.0
950,47.5,0,0.0,0.9169345806542823,0.9466616216039673,0.0
950,47.5,1,0.0,0.9169345806542823,0.9466616216039673,0.0
950,47.5,2,0.0,0.9169345806542823,0.9466616216039673,0.0
950,47.5,3,0.0,0.9169345806542823,0.9466616216039673,0.0
950,47.5,4,0.0,0.9169345806542823,0.9466616216039673,0.0
950,47.5,5,0.0,0.9169345806542823,0.9466616216039673,0.0
951,47.550000000000004,0,0.0,0.9169335215821317,0.9466609223886157,0.0
951,47.550000000000004,1,0.0,0.9169335215821317,0.9466609223886157,0.0
951,47.550000000000004,2,0.0,0.9169335215821317,0.9466609223886157,0.0
951,47.550000000000004,3,0.0,0.9169335215821317,0.9466609223886157,0.0
951,47.550000000000004,4,0.0,0.9169335215821317,0.9466609223886157,0.0
951,47.550000000000004,5,0.0,0.9169335215821317,0.9466609223886157,0.0
952,47.6,0,0.0,0.9169324696439636,0.9466602278827153,0.0
952,47.6,1,0.0,0.9169324696439636,0.9466602278827153,0.0
952,47.6,2,0.0,0.9169324696439636,0.9466602278827153,0.0
952,47.6,3,0.0,0.9169324696439636,0.9466602278827153,0.0
952,47.6,4,0.0,0.9169324696439636,0.9466602278827153,0.0
952,47.6,5,0.0,0.9169324696439636,0.9466602278827153,0.0
953,47.650000000000006,0,0.0,0.9169314247457356,0.9466595380241882,0.0
953,47.650000000000006,1,0.0,0.9169314247457356,0.9466595380241882,0.0
953,47.650000000000006,2,0.0,0.9169314247457356,0.9466595380241882,0.0
953,47.650000000000006,3,0.0,0.9169314247457356,0.9466595380241882,0.0
953,47.650000000000006,4,0.0,0.9169314247457356,0.9466595380241882,0.0
953,47.650000000000006,5,0.0,0.9169314247457359,0.9466595380241883,0.0
954,47.7,0,0.0,0.9169303867949399,0.9466588527519694,0.0
954,47.7,1,0.0,0.9169303867949399,0.9466588527519694,0.0
954,47.7,2,0.0,0.9169303867949399,0.9466588527519694,0.0
954,47.7,3,0.0,0.9169303867949399,0.9466588527519694,0.0
954,47.7,4,0.0,0.9169303867949399,0.9466588527519694,0.0
954,47.7,5,0.0,0.9169303867949399,0.9466588527519694,0.0
955,47.75,0,0.0,0.9169293557005747,0.9466581720059878,0.0
955,47.75,1,0.0,0.9169293557005747,0.9466581720059878,0.0
955,47.75,2,0.0,0.9169293557005742,0.9466581720059875,0.0
955,47.75,3,0.0,0.9169293557005747,0.9466581720059878,0.0
955,47.75,4,0.0,0.9169293557005747,0.9466581720059878,0.0
955,47.75,5,0.0,0.9169293557005747,0.9466581720059878,0.0
956,47.800000000000004,0,0.0,0.9169283313731222,0.946657495727152,0.0
956,47.800000000000004,1,0.0,0.9169283313731222,0.946657495727152,0.0
956,47.800000000000004,2,0.0,0.9169283313731222,0.946657495727152,0.0
956,47.800000000000004,3,0.0,0.9169283313731222,0.946657495727152,0.0
956,47.800000000000004,4,0.0,0.9169283313731222,0.946657495727152,0.0
956,47.800000000000004,5,0.0,0.9169283313731222,0.946657495727152,0.0
957,47.85,0,0.0,0.916927313724522,0.9466568238573324,0.0
957,47.85,1,0.0,0.916927313724522,0.9466568238573324,0.0
957,47.85,2,0.0,0.916927313724522,0.9466568238573324,0.0
957,47.85,3,0.0,0.916927313724522,0.9466568238573324,0.0
957,47.85,4,0.0,0.916927313724522,0.9466568238573324,0.0
957,47.85,5,0.0,0.916927313724522,0.9466568238573324,0.0
958,47.900000000000006,0,0.0,0.9169263026681447,0.9466561563393441,0.0
958,47.900000000000006,1,0.0,0.9169263026681447,0.9466561563393441,0.0
958,47.900000000000006,2,0.0,0.9169263026681447,0.9466561563393442,0.0
958,47.900000000000006,3,0.0,0.9169263026681447,0.9466561563393441,0.0
958,47.900000000000006,4,0.0,0.9169263026681447,0.9466561563393442,0.0
958,47.900000000000006,5,0.0,0.9169263026681447,0.9466561563393441,0.0
959,47.95,0,0.0,0.9169252981187692,0.9466554931169319,0.0
959,47.95,1,0.0,0.9169252981187692,0.9466554931169319,0.0
959,47.95,2,0.0,0.9169252981187692,0.9466554931169319,0.0
959,47.95,3,0.0,0.9169252981187692,0.9466554931169319,0.0
959,47.95,4,0.0,0.9169252981187692,0.9466554931169319,0.0
959,47.95,5,0.0,0.9169252981187692,0.9466554931169319,0.0
960,48.0,0,0.0,0.9169242999925575,0.946654834134753,0.0
960,48.0,1,0.0,0.9169242999925575,0.946654834134753,0.0
960,48.0,2,0.0,0.9169242999925575,0.946654834134753,0.0
960,48.0,3,0.0,0.9169242999925575,0.946654834134753,0.0
960,48.0,4,0.0,0.9169242999925575,0.946654834134753,0.0
960,48.0,5,0.0,0.9169242999925578,0.9466548341347533,0.0
961,48.050000000000004,0,0.0,0.9169233082070343,0.9466541793383647,0.0
961,48.050000000000004,1,0.0,0.9169233082070343,0.9466541793383647,0.0
961,48.050000000000004,2,0.0,0.9169233082070343,0.9466541793383647,0.0
961,48.050000000000004,3,0.0,0.9169233082070343,0.9466541793383647,0.0
961,48.050000000000004,4,0.0,0.9169233082070343,0.9466541793383647,0.0
961,48.050000000000004,5,0.0,0.9169233082070343,0.9466541793383647,0.0
962,48.1,0,0.0,0.9169223226810597,0.9466535286742054,0.0
962,48.1,1,0.0,0.9169223226810597,0.9466535286742054,0.0
962,48.1,2,0.0,0.9169223226810597,0.9466535286742054,0.0
962,48.1,3,0.0,0.9169223226810597,0.9466535286742054,0.0
962,48.1,4,0.0,0.9169223226810597,0.9466535286742054,0.0
962,48.1,5,0.0,0.9169223226810597,0.9466535286742054,0.0
963,48.150000000000006,0,0.0,0.9169213433348087,0.9466528820895813,0.0
963,48.150000000000006,1,0.0,0.9169213433348087,0.9466528820895813,0.0
963,48.150000000000006,2,0.0,0.9169213433348089,0.9466528820895815,0.0
963,48.150000000000006,3,0.0,0.9169213433348087,0.9466528820895813,0.0
963,48.150000000000006,4,0.0,0.9169213433348087,0.9466528820895813,0.0
963,48.150000000000006,5,0.0,0.9169213433348087,0.9466528820895813,0.0
964,48.2,0,0.0,0.9169203700897492,0.9466522395326525,0.0
964,48.2,1,0.0,0.9169203700897492,0.9466522395326525,0.0
964,48.2,2,0.0,0.9169203700897492,0.9466522395326525,0.0
964,48.2,3,0.0,0.9169203700897492,0.9466522395326525,0.0
964,48.2,4,0.0,0.916920370089749,0.9466522395326523,0.0
964,48.2,5,0.0,0.9169203700897492,0.9466522395326525,0.0
965,48.25,0,0.0,0.9169194028686185,0.9466516009524164,0.0
965,48.25,1,0.0,0.9169194028686185,0.9466516009524164,0.0
965,48.25,2,0.0,0.9169194028686185,0.9466516009524164,0.0
965,48.25,3,0.0,0.9169194028686185,0.9466516009524164,0.0
965,48.25,4,0.0,0.9169194028686183,0.9466516009524163,0.0
965,48.25,5,0.0,0.9169194028686183,0.9466516009524163,0.0
966,48.300000000000004,0,0.0,0.9169184415954028,0.9466509662986953,0.0
966,48.300000000000004,1,0.0,0.9169184415954028,0.9466509662986953,0.0
966,48.300000000000004,2,0.0,0.9169184415954028,0.9466509662986953,0.0
966,48.300000000000004,3,0.0,0.9169184415954028,0.9466509662986953,0.0
966,48.300000000000004,4,0.0,0.9169184415954026,0.9466509662986952,0.0
966,48.300000000000004,5,0.0,0.9169184415954026,0.9466509662986952,0.0
967,48.35,0,0.0,0.916917486195316,0.9466503355221213,0.0
967,48.35,1,0.0,0.916917486195316,0.9466503355221213,0.0
967,48.35,2,0.0,0.916917486195316,0.9466503355221213,0.0
967,48.35,3,0.0,0.916917486195316,0.9466503355221213,0.0
967,48.35,4,0.0,0.916917486195316,0.9466503355221213,0.0
967,48.35,5,0.0,0.916917486195316,0.9466503355221213,0.0
968,48.400000000000006,0,0.0,0.9169165365947789,0.9466497085741238,0.0
968,48.400000000000006,1,0.0,0.9169165365947789,0.9466497085741238,0.0
968,48.400000000000006,2,0.0,0.9169165365947789,0.9466497085741238,0.0
968,48.400000000000006,3,0.0,0.9169165365947789,0.9466497085741238,0.0
968,48.400000000000006,4,0.0,0.9169165365947789,0.9466497085741238,0.0
968,48.400000000000006,5,0.0,0.9169165365947789,0.9466497085741238,0.0
969,48.45,0,0.0,0.9169155927213977,0.9466490854069142,0.0
969,48.45,1,0.0,0.9169155927213977,0.9466490854069142,0.0
969,48.45,2,0.0,0.9169155927213977,0.9466490854069142,0.0
969,48.45,3,0.0,0.9169155927213977,0.9466490854069142,0.0
969,48.45,4,0.0,0.9169155927213977,0.9466490854069142,0.0
969,48.45,5,0.0,0.9169155927213977,0.9466490854069142,0.0
970,48.5,0,0.0,0.9169146545039448,0.9466484659734737,0.0
970,48.5,1,0.0,0.9169146545039448,0.9466484659734737,0.0
970,48.5,2,0.0,0.9169146545039448,0.9466484659734737,0.0
970,48.5,3,0.0,0.916914654503945,0.9466484659734739,0.0
970,48.5,4,0.0,0.9169146545039448,0.9466484659734737,0.0
970,48.5,5,0.0,0.916914654503945,0.9466484659734739,0.0
971,48.550000000000004,0,0.0,0.9169137218723402,0.9466478502275412,0.0
971,48.550000000000004,1,0.0,0.9169137218723402,0.9466478502275412,0.0
971,48.550000000000004,2,0.0,0.9169137218723402,0.9466478502275412,0.0
971,48.550000000000004,3,0.0,0.9169137218723404,0.9466478502275414,0.0
971,48.550000000000004,4,0.0,0.9169137218723402,0.9466478502275412,0.0
971,48.550000000000004,5,0.0,0.9169137218723404,0.9466478502275413,0.0
972,48.6,0,0.0,0.916912794757629,0.9466472381235981,0.0
972,48.6,1,0.0,0.916912794757629,0.9466472381235981,0.0
972,48.6,2,0.0,0.916912794757629,0.9466472381235981,0.0
972,48.6,3,0.0,0.916912794757629,0.9466472381235981,0.0
972,48.6,4,0.0,0.9169127947576288,0.9466472381235979,0.0
972,48.6,5,0.0,0.916912794757629,0.9466472381235981,0.0
973,48.650000000000006,0,0.0,0.916911873091965,0.9466466296168576,0.0
973,48.650000000000006,1,0.0,0.916911873091965,0.9466466296168576,0.0
973,48.650000000000006,2,0.0,0.916911873091965,0.9466466296168576,0.0
973,48.650000000000006,3,0.0,0.916911873091965,0.9466466296168576,0.0
973,48.650000000000006,4,0.0,0.916911873091965,0.9466466296168576,0.0
973,48.650000000000006,5,0.0,0.916911873091965,0.9466466296168576,0.0
974,48.7,0,0.0,0.9169109568085896,0.9466460246632512,0.0
974,48.7,1,0.0,0.9169109568085896,0.9466460246632512,0.0
974,48.7,2,0.0,0.9169109568085896,0.9466460246632512,0.0
974,48.7,3,0.0,0.9169109568085896,0.9466460246632513,0.0
974,48.7,4,0.0,0.9169109568085896,0.9466460246632513,0.0
974,48.7,5,0.0,0.9169109568085896,0.9466460246632513,0.0
975,48.75,0,0.0,0.9169100458418162,0.9466454232194176,0.0
975,48.75,1,0.0,0.9169100458418162,0.9466454232194176,0.0
975,48.75,2,0.0,0.9169100458418162,0.9466454232194176,0.0
975,48.75,3,0.0,0.916910045841816,0.9466454232194174,0.0
975,48.75,4,0.0,0.9169100458418162,0.9466454232194176,0.0
975,48.75,5,0.0,0.916910045841816,0.9466454232194174,0.0
976,48.800000000000004,0,0.0,0.9169091401270106,0.9466448252426901,0.0
976,48.800000000000004,1,0.0,0.9169091401270106,0.9466448252426901,0.0
976,48.800000000000004,2,0.0,0.9169091401270106,0.9466448252426901,0.0
976,48.800000000000004,3,0.0,0.9169091401270106,0.9466448252426901,0.0
976,48.800000000000004,4,0.0,0.9169091401270106,0.9466448252426901,0.0
976,48.800000000000004,5,0.0,0.9169091401270106,0.9466448252426901,0.0
977,48.85,0,0.0,0.9169082396005714,0.946644230691084,0.0
977,48.85,1,0.0,0.9169082396005714,0.946644230691084,0.0
977,48.85,2,0.0,0.9169082396005714,0.946644230691084,0.0
977,48.85,3,0.0,0.9169082396005714,0.946644230691084,0.0
977,48.85,4,0.0,0.9169082396005714,0.946644230691084,0.0
977,48.85,5,0.0,0.9169082396005714,0.946644230691084,0.0
978,48.900000000000006,0,0.0,0.9169073441999169,0.9466436395232877,0.0
978,48.900000000000006,1,0.0,0.9169073441999169,0.9466436395232877,0.0
978,48.900000000000006,2,0.0,0.9169073441999169,0.9466436395232877,0.0
978,48.900000000000006,3,0.0,0.9169073441999169,0.9466436395232877,0.0
978,48.900000000000006,4,0.0,0.9169073441999169,0.9466436395232877,0.0
978,48.900000000000006,5,0.0,0.9169073441999169,0.9466436395232877,0.0
979,48.95,0,0.0,0.9169064538634624,0.9466430516986474,0.0
979,48.95,1,0.0,0.9169064538634624,0.9466430516986474,0.0
979,48.95,2,0.0,0.9169064538634624,0.9466430516986474,0.0
979,48.95,3,0.0,0.9169064538634624,0.9466430516986474,0.0
979,48.95,4,0.0,0.9169064538634624,0.9466430516986474,0.0
979,48.95,5,0.0,0.9169064538634624,0.9466430516986474,0.0
980,49.0,0,0.0,0.9169055685306067,0.9466424671771588,0.0
980,49.0,1,0.0,0.9169055685306067,0.9466424671771588,0.0
980,49.0,2,0.0,0.9169055685306067,0.9466424671771588,0.0
980,49.0,3,0.0,0.9169055685306067,0.9466424671771588,0.0
980,49.0,4,0.0,0.9169055685306067,0.9466424671771589,0.0
980,49.0,5,0.0,0.9169055685306067,0.9466424671771589,0.0
981,49.050000000000004,0,0.0,0.9169046881417164,0.9466418859194565,0.0
981,49.050000000000004,1,0.0,0.9169046881417164,0.9466418859194565,0.0
981,49.050000000000004,2,0.0,0.9169046881417164,0.9466418859194565,0.0
981,49.050000000000004,3,0.0,0.9169046881417164,0.9466418859194565,0.0
981,49.050000000000004,4,0.0,0.9169046881417164,0.9466418859194565,0.0
981,49.050000000000004,5,0.0,0.9169046881417164,0.9466418859194565,0.0
982,49.1,0,0.0,0.9169038126381066,0.946641307886801,0.0
982,49.1,1,0.0,0.9169038126381066,0.946641307886801,0.0
982,49.1,2,0.0,0.9169038126381066,0.946641307886801,0.0
982,49.1,3,0.0,0.9169038126381066,0.946641307886801,0.0
982,49.1,4,0.0,0.9169038126381066,0.946641307886801,0.0
982,49.1,5,0.0,0.9169038126381066,0.946641307886801,0.0
983,49.150000000000006,0,0.0,0.9169029419620269,0.9466407330410697,0.0
983,49.150000000000006,1,0.0,0.9169029419620269,0.9466407330410697,0.0
983,49.150000000000006,2,0.0,0.9169029419620269,0.9466407330410697,0.0
983,49.150000000000006,3,0.0,0.9169029419620269,0.9466407330410697,0.0
983,49.150000000000006,4,0.0,0.9169029419620269,0.9466407330410697,0.0
983,49.150000000000006,5,0.0,0.9169029419620269,0.9466407330410695,0.0
984,49.2,0,0.0,0.9169020760566444,0.9466401613447454,0.0
984,49.2,1,0.0,0.9169020760566444,0.9466401613447454,0.0
984,49.2,2,0.0,0.9169020760566444,0.9466401613447454,0.0
984,49.2,3,0.0,0.9169020760566444,0.9466401613447454,0.0
984,49.2,4,0.0,0.9169020760566444,0.9466401613447454,0.0
984,49.2,5,0.0,0.9169020760566444,0.9466401613447454,0.0
985,49.25,0,0.0,0.916901214866028,0.9466395927609065,0.0
985,49.25,1,0.0,0.916901214866028,0.9466395927609065,0.0
985,49.25,2,0.0,0.916901214866028,0.9466395927609065,0.0
985,49.25,3,0.0,0.916901214866028,0.9466395927609065,0.0
985,49.25,4,0.0,0.916901214866028,0.9466395927609065,0.0
985,49.25,5,0.0,0.916901214866028,0.9466395927609065,0.0
986,49.300000000000004,0,0.0,0.9169003583351365,0.9466390272532189,0.0
986,49.300000000000004,1,0.0,0.9169003583351365,0.9466390272532189,0.0
986,49.300000000000004,2,0.0,0.9169003583351361,0.9466390272532187,0.0
986,49.300000000000004,3,0.0,0.9169003583351361,0.9466390272532187,0.0
986,49.300000000000004,4,0.0,0.9169003583351365,0.9466390272532189,0.0
986,49.300000000000004,5,0.0,0.9169003583351365,0.9466390272532189,0.0
987,49.35,0,0.0,0.9168995064097982,0.9466384647859222,0.0
987,49.35,1,0.0,0.9168995064097982,0.9466384647859222,0.0
987,49.35,2,0.0,0.9168995064097982,0.9466384647859222,0.0
987,49.35,3,0.0,0.9168995064097982,0.9466384647859222,0.0
987,49.35,4,0.0,0.9168995064097982,0.9466384647859222,0.0
987,49.35,5,0.0,0.9168995064097982,0.9466384647859222,0.0
988,49.400000000000006,0,0.0,0.9168986590366994,0.9466379053238225,0.0
988,49.400000000000006,1,0.0,0.9168986590366994,0.9466379053238225,0.0
988,49.400000000000006,2,0.0,0.9168986590366994,0.9466379053238225,0.0
988,49.400000000000006,3,0.0,0.9168986590366994,0.9466379053238225,0.0
988,49.400000000000006,4,0.0,0.9168986590366994,0.9466379053238225,0.0
988,49.400000000000006,5,0.0,0.9168986590366994,0.9466379053238225,0.0
989,49.45,0,0.0,0.9168978161633714,0.9466373488322835,0.0
989,49.45,1,0.0,0.9168978161633714,0.9466373488322835,0.0
989,49.45,2,0.0,0.9168978161633714,0.9466373488322835,0.0
989,49.45,3,0.0,0.9168978161633714,0.9466373488322833,0.0
989,49.45,4,0.0,0.9168978161633714,0.9466373488322835,0.0
989,49.45,5,0.0,0.9168978161633714,0.9466373488322833,0.0
990,49.5,0,0.0,0.9168969777381721,0.9466367952772146,0.0
990,49.5,1,0.0,0.9168969777381721,0.9466367952772146,0.0
990,49.5,2,0.0,0.9168969777381721,0.9466367952772146,0.0
990,49.5,3,0.0,0.9168969777381721,0.9466367952772146,0.0
990,49.5,4,0.0,0.9168969777381721,0.9466367952772146,0.0
990,49.5,5,0.0,0.9168969777381719,0.9466367952772144,0.0
991,49.550000000000004,0,0.0,0.9168961437102754,0.9466362446250641,0.0
991,49.550000000000004,1,0.0,0.9168961437102754,0.9466362446250641,0.0
991,49.550000000000004,2,0.0,0.9168961437102754,0.9466362446250641,0.0
991,49.550000000000004,3,0.0,0.9168961437102754,0.9466362446250641,0.0
991,49.550000000000004,4,0.0,0.9168961437102754,0.9466362446250641,0.0
991,49.550000000000004,5,0.0,0.9168961437102758,0.9466362446250643,0.0
992,49.6,0,0.0,0.916895314029657,0.9466356968428093,0.0
992,49.6,1,0.0,0.916895314029657,0.9466356968428093,0.0
992,49.6,2,0.0,0.916895314029657,0.9466356968428093,0.0
992,49.6,3,0.0,0.916895314029657,0.9466356968428093,0.0
992,49.6,4,0.0,0.916895314029657,0.9466356968428093,0.0
992,49.6,5,0.0,0.916895314029657,0.9466356968428092,0.0
993,49.650000000000006,0,0.0,0.9168944886470778,0.946635151897946,0.0
993,49.650000000000006,1,0.0,0.9168944886470778,0.946635151897946,0.0
993,49.650000000000006,2,0.0,0.9168944886470778,0.946635151897946,0.0
993,49.650000000000006,3,0.0,0.9168944886470778,0.9466351518979459,0.0
993,49.650000000000006,4,0.0,0.9168944886470778,0.946635151897946,0.0
993,49.650000000000006,5,0.0,0.9168944886470778,0.9466351518979459,0.0
994,49.7,0,0.0,0.9168936675140755,0.9466346097584825,0.0
994,49.7,1,0.0,0.9168936675140755,0.9466346097584825,0.0
994,49.7,2,0.0,0.9168936675140755,0.9466346097584825,0.0
994,49.7,3,0.0,0.9168936675140755,0.9466346097584825,0.0
994,49.7,4,0.0,0.9168936675140755,0.9466346097584825,0.0
994,49.7,5,0.0,0.9168936675140755,0.9466346097584825,0.0
995,49.75,0,0.0,0.9168928505829472,0.9466340703929285,0.0
995,49.75,1,0.0,0.9168928505829472,0.9466340703929285,0.0
995,49.75,2,0.0,0.9168928505829472,0.9466340703929285,0.0
995,49.75,3,0.0,0.9168928505829472,0.9466340703929285,0.0
995,49.75,4,0.0,0.9168928505829472,0.9466340703929285,0.0
995,49.75,5,0.0,0.916892850582947,0.9466340703929284,0.0
996,49.800000000000004,0,0.0,0.9168920378067404,0.9466335337702892,0.0
996,49.800000000000004,1,0.0,0.9168920378067404,0.9466335337702892,0.0
996,49.800000000000004,2,0.0,0.9168920378067404,0.9466335337702892,0.0
996,49.800000000000004,3,0.0,0.9168920378067404,0.9466335337702892,0.0
996,49.800000000000004,4,0.0,0.9168920378067404,0.9466335337702892,0.0
996,49.800000000000004,5,0.0,0.9168920378067404,0.9466335337702892,0.0
997,49.85,0,0.0,0.9168912291392368,0.9466329998600546,0.0
997,49.85,1,0.0,0.9168912291392368,0.9466329998600546,0.0
997,49.85,2,0.0,0.9168912291392368,0.9466329998600546,0.0
997,49.85,3,0.0,0.9168912291392368,0.9466329998600546,0.0
997,49.85,4,0.0,0.9168912291392368,0.9466329998600546,0.0
997,49.85,5,0.0,0.9168912291392368,0.9466329998600546,0.0
998,49.900000000000006,0,0.0,0.9168904245349427,0.9466324686321922,0.0
998,49.900000000000006,1,0.0,0.9168904245349427,0.9466324686321922,0.0
998,49.900000000000006,2,0.0,0.9168904245349427,0.9466324686321922,0.0
998,49.900000000000006,3,0.0,0.916890424534943,0.9466324686321924,0.0
998,49.900000000000006,4,0.0,0.9168904245349427,0.9466324686321922,0.0
998,49.900000000000006,5,0.0,0.9168904245349427,0.9466324686321922,0.0
999,49.95,0,0.0,0.9168896239490747,0.9466319400571394,0.0
999,49.95,1,0.0,0.9168896239490747,0.9466319400571394,0.0
999,49.95,2,0.0,0.9168896239490747,0.9466319400571394,0.0
999,49.95,3,0.0,0.9168896239490747,0.9466319400571394,0.0
999,49.95,4,0.0,0.9168896239490747,0.9466319400571394,0.0
999,49.95,5,0.0,0.9168896239490747,0.9466319400571394,0.0
1000,50.0,0,0.0,0.9168888273375493,0.9466314141057947,0.0
1000,50.0,1,0.0,0.9168888273375493,0.9466314141057947,0.0
1000,50.0,2,0.0,0.9168888273375493,0.9466314141057947,0.0
1000,50.0,3,0.0,0.9168888273375493,0.9466314141057947,0.0
1000,50.0,4,0.0,0.9168888273375493,0.9466314141057947,0.0
1000,50.0,5,0.0,0.9168888273375497,0.946631414105795,0.0
1001,50.050000000000004,0,0.0,0.9168880346569708,0.9466308907495115,0.0
1001,50.050000000000004,1,0.0,0.9168880346569708,0.9466308907495115,0.0
1001,50.050000000000004,2,0.0,0.9168880346569708,0.9466308907495115,0.0
1001,50.050000000000004,3,0.0,0.9168880346569708,0.9466308907495115,0.0
1001,50.050000000000004,4,0.0,0.9168880346569708,0.9466308907495115,0.0
1001,50.050000000000004,5,0.0,0.9168880346569708,0.9466308907495115,0.0
1002,50.1,0,0.0,0.9168872458646189,0.9466303699600882,0.0
1002,50.1,1,0.0,0.9168872458646189,0.9466303699600882,0.0
1002,50.1,2,0.0,0.9168872458646189,0.9466303699600882,0.0
1002,50.1,3,0.0,0.9168872458646189,0.9466303699600882,0.0
1002,50.1,4,0.0,0.9168872458646189,0.9466303699600882,0.0
1002,50.1,5,0.0,0.9168872458646189,0.9466303699600882,0.0
1003,50.150000000000006,0,0.0,0.9168864609184375,0.9466298517097624,0.0
1003,50.150000000000006,1,0.0,0.9168864609184375,0.9466298517097624,0.0
1003,50.150000000000006,2,0.0,0.9168864609184375,0.9466298517097624,0.0
1003,50.150000000000006,3,0.0,0.9168864609184377,0.9466298517097625,0.0
1003,50.150000000000006,4,0.0,0.9168864609184377,0.9466298517097625,0.0
1003,50.150000000000006,5,0.0,0.9168864609184377,0.9466298517097625,0.0
1004,50.2,0,0.0,0.9168856797770257,0.9466293359712038,0.0
1004,50.2,1,0.0,0.9168856797770257,0.9466293359712038,0.0
1004,50.2,2,0.0,0.9168856797770257,0.9466293359712038,0.0
1004,50.2,3,0.0,0.9168856797770257,0.9466293359712038,0.0
1004,50.2,4,0.0,0.9168856797770257,0.9466293359712038,0.0
1004,50.2,5,0.0,0.916885679777026,0.9466293359712039,0.0
1005,50.25,0,0.0,0.9168849023996235,0.9466288227175049,0.0
1005,50.25,1,0.0,0.9168849023996235,0.9466288227175049,0.0
1005,50.25,2,0.0,0.9168849023996235,0.9466288227175049,0.0
1005,50.25,3,0.0,0.9168849023996235,0.9466288227175049,0.0
1005,50.25,4,0.0,0.9168849023996235,0.9466288227175049,0.0
1005,50.25,5,0.0,0.9168849023996235,0.9466288227175049,0.0
1006,50.300000000000004,0,0.0,0.9168841287461031,0.9466283119221762,0.0
1006,50.300000000000004,1,0.0,0.9168841287461031,0.9466283119221762,0.0
1006,50.300000000000004,2,0.0,0.9168841287461031,0.9466283119221762,0.0
1006,50.300000000000004,3,0.0,0.9168841287461036,0.9466283119221764,0.0
1006,50.300000000000004,4,0.0,0.9168841287461036,0.9466283119221764,0.0
1006,50.300000000000004,5,0.0,0.9168841287461036,0.9466283119221764,0.0
1007,50.35,0,0.0,0.9168833587769587,0.9466278035591382,0.0
1007,50.35,1,0.0,0.9168833587769587,0.9466278035591382,0.0
1007,50.35,2,0.0,0.9168833587769587,0.9466278035591382,0.0
1007,50.35,3,0.0,0.9168833587769587,0.9466278035591382,0.0
1007,50.35,4,0.0,0.9168833587769587,0.9466278035591382,0.0
1007,50.35,5,0.0,0.9168833587769587,0.9466278035591382,0.0
1008,50.400000000000006,0,0.0,0.9168825924532935,0.9466272976027138,0.0
1008,50.400000000000006,1,0.0,0.9168825924532935,0.9466272976027138,0.0
1008,50.400000000000006,2,0.0,0.9168825924532935,0.9466272976027138,0.0
1008,50.400000000000006,3,0.0,0.9168825924532937,0.9466272976027139,0.0
1008,50.400000000000006,4,0.0,0.9168825924532935,0.9466272976027138,0.0
1008,50.400000000000006,5,0.0,0.9168825924532935,0.9466272976027138,0.0
1009,50.45,0,0.0,0.916881829736812,0.9466267940276226,0.0
1009,50.45,1,0.0,0.916881829736812,0.9466267940276226,0.0
1009,50.45,2,0.0,0.916881829736812,0.9466267940276226,0.0
1009,50.45,3,0.0,0.916881829736812,0.9466267940276226,0.0
1009,50.45,4,0.0,0.916881829736812,0.9466267940276226,0.0
1009,50.45,5,0.0,0.916881829736812,0.9466267940276226,0.0
1010,50.5,0,0.0,0.9168810705898087,0.9466262928089737,0.0
1010,50.5,1,0.0,0.9168810705898087,0.9466262928089737,0.0
1010,50.5,2,0.0,0.9168810705898087,0.9466262928089737,0.0
1010,50.5,3,0.0,0.9168810705898087,0.9466262928089737,0.0
1010,50.5,4,0.0,0.9168810705898087,0.9466262928089737,0.0
1010,50.5,5,0.0,0.9168810705898087,0.9466262928089737,0.0
1011,50.550000000000004,0,0.0,0.9168803149751599,0.9466257939222604,0.0
1011,50.550000000000004,1,0.0,0.9168803149751599,0.9466257939222604,0.0
1011,50.550000000000004,2,0.0,0.9168803149751599,0.9466257939222604,0.0
1011,50.550000000000004,3,0.0,0.9168803149751599,0.9466257939222604,0.0
1011,50.550000000000004,4,0.0,0.9168803149751599,0.9466257939222604,0.0
1011,50.550000000000004,5,0.0,0.9168803149751599,0.9466257939222604,0.0
1012,50.6,0,0.0,0.9168795628563113,0.9466252973433518,0.0
1012,50.6,1,0.0,0.9168795628563113,0.9466252973433518,0.0
1012,50.6,2,0.0,0.9168795628563109,0.9466252973433514,0.0
1012,50.6,3,0.0,0.9168795628563113,0.9466252973433518,0.0
1012,50.6,4,0.0,0.9168795628563109,0.9466252973433514,0.0
1012,50.6,5,0.0,0.9168795628563113,0.9466252973433518,0.0
1013,50.650000000000006,0,0.0,0.9168788141972697,0.9466248030484872,0.0
1013,50.650000000000006,1,0.0,0.9168788141972697,0.9466248030484872,0.0
1013,50.650000000000006,2,0.0,0.9168788141972697,0.9466248030484872,0.0
1013,50.650000000000006,3,0.0,0.9168788141972697,0.9466248030484872,0.0
1013,50.650000000000006,4,0.0,0.9168788141972697,0.9466248030484872,0.0
1013,50.650000000000006,5,0.0,0.9168788141972697,0.9466248030484872,0.0
1014,50.7,0,0.0,0.9168780689625948,0.9466243110142711,0.0
1014,50.7,1,0.0,0.9168780689625948,0.9466243110142711,0.0
1014,50.7,2,0.0,0.9168780689625948,0.9466243110142711,0.0
1014,50.7,3,0.0,0.9168780689625948,0.9466243110142711,0.0
1014,50.7,4,0.0,0.9168780689625948,0.9466243110142711,0.0
1014,50.7,5,0.0,0.9168780689625944,0.9466243110142708,0.0
1015,50.75,0,0.0,0.9168773271173869,0.9466238212176649,0.0
1015,50.75,1,0.0,0.9168773271173869,0.9466238212176649,0.0
1015,50.75,2,0.0,0.9168773271173869,0.9466238212176649,0.0
1015,50.75,3,0.0,0.9168773271173869,0.9466238212176649,0.0
1015,50.75,4,0.0,0.9168773271173869,0.9466238212176649,0.0
1015,50.75,5,0.0,0.9168773271173871,0.9466238212176651,0.0
1016,50.800000000000004,0,0.0,0.9168765886272827,0.9466233336359839,0.0
1016,50.800000000000004,1,0.0,0.9168765886272827,0.9466233336359839,0.0
1016,50.800000000000004,2,0.0,0.9168765886272827,0.9466233336359839,0.0
1016,50.800000000000004,3,0.0,0.9168765886272827,0.9466233336359839,0.0
1016,50.800000000000004,4,0.0,0.9168765886272827,0.9466233336359839,0.0
1016,50.800000000000004,5,0.0,0.9168765886272827,0.9466233336359839,0.0
1017,50.85,0,0.0,0.9168758534584411,0.9466228482468882,0.0
1017,50.85,1,0.0,0.9168758534584411,0.9466228482468882,0.0
1017,50.85,2,0.0,0.9168758534584411,0.9466228482468882,0.0
1017,50.85,3,0.0,0.9168758534584411,0.9466228482468882,0.0
1017,50.85,4,0.0,0.9168758534584411,0.9466228482468882,0.0
1017,50.85,5,0.0,0.9168758534584411,0.9466228482468882,0.0
1018,50.900000000000006,0,0.0,0.916875121577537,0.9466223650283788,0.0
1018,50.900000000000006,1,0.0,0.916875121577537,0.9466223650283788,0.0
1018,50.900000000000006,2,0.0,0.916875121577537,0.9466223650283788,0.0
1018,50.900000000000006,3,0.0,0.916875121577537,0.9466223650283788,0.0
1018,50.900000000000006,4,0.0,0.916875121577537,0.9466223650283788,0.0
1018,50.900000000000006,5,0.0,0.916875121577537,0.9466223650283788,0.0
1019,50.95,0,0.0,0.9168743929517538,0.9466218839587918,0.0
1019,50.95,1,0.0,0.9168743929517538,0.9466218839587918,0.0
1019,50.95,2,0.0,0.9168743929517538,0.9466218839587918,0.0
1019,50.95,3,0.0,0.9168743929517538,0.9466218839587918,0.0
1019,50.95,4,0.0,0.9168743929517535,0.9466218839587915,0.0
1019,50.95,5,0.0,0.9168743929517535,0.9466218839587915,0.0
1020,51.0,0,0.0,0.9168736675487712,0.9466214050167913,0.0
1020,51.0,1,0.0,0.9168736675487712,0.9466214050167913,0.0
1020,51.0,2,0.0,0.9168736675487712,0.9466214050167913,0.0
1020,51.0,3,0.0,0.9168736675487712,0.9466214050167913,0.0
1020,51.0,4,0.0,0.9168736675487712,0.9466214050167913,0.0
1020,51.0,5,0.0,0.9168736675487712,0.9466214050167913,0.0
1021,51.050000000000004,0,0.0,0.916872945336763,0.9466209281813674,0.0
1021,51.050000000000004,1,0.0,0.916872945336763,0.9466209281813674,0.0
1021,51.050000000000004,2,0.0,0.916872945336763,0.9466209281813674,0.0
1021,51.050000000000004,3,0.0,0.916872945336763,0.9466209281813674,0.0
1021,51.050000000000004,4,0.0,0.916872945336763,0.9466209281813674,0.0
1021,51.050000000000004,5,0.0,0.916872945336763,0.9466209281813674,0.0
1022,51.1,0,0.0,0.9168722262843814,0.9466204534318264,0.0
1022,51.1,1,0.0,0.9168722262843814,0.9466204534318264,0.0
1022,51.1,2,0.0,0.9168722262843814,0.9466204534318264,0.0
1022,51.1,3,0.0,0.9168722262843814,0.9466204534318264,0.0
1022,51.1,4,0.0,0.9168722262843816,0.9466204534318265,0.0
1022,51.1,5,0.0,0.9168722262843814,0.9466204534318264,0.0
1023,51.150000000000006,0,0.0,0.9168715103607552,0.9466199807477887,0.0
1023,51.150000000000006,1,0.0,0.9168715103607552,0.9466199807477887,0.0
1023,51.150000000000006,2,0.0,0.9168715103607552,0.9466199807477887,0.0
1023,51.150000000000006,3,0.0,0.9168715103607552,0.9466199807477887,0.0
1023,51.150000000000006,4,0.0,0.9168715103607552,0.9466199807477887,0.0
1023,51.150000000000006,5,0.0,0.9168715103607552,0.9466199807477887,0.0
1024,51.2,0,0.0,0.9168707975354775,0.9466195101091816,0.0
1024,51.2,1,0.0,0.9168707975354775,0.9466195101091816,0.0
1024,51.2,2,0.0,0.9168707975354775,0.9466195101091816,0.0
1024,51.2,3,0.0,0.9168707975354775,0.9466195101091816,0.0
1024,51.2,4,0.0,0.9168707975354777,0.9466195101091817,0.0
1024,51.2,5,0.0,0.9168707975354777,0.9466195101091817,0.0
1025,51.25,0,0.0,0.9168700877786014,0.9466190414962355,0.0
1025,51.25,1,0.0,0.9168700877786014,0.9466190414962355,0.0
1025,51.25,2,0.0,0.9168700877786014,0.9466190414962355,0.0
1025,51.25,3,0.0,0.9168700877786014,0.9466190414962355,0.0
1025,51.25,4,0.0,0.9168700877786014,0.9466190414962355,0.0
1025,51.25,5,0.0,0.9168700877786014,0.9466190414962354,0.0
1026,51.300000000000004,0,0.0,0.9168693810606308,0.9466185748894791,0.0
1026,51.300000000000004,1,0.0,0.9168693810606308,0.9466185748894791,0.0
1026,51.300000000000004,2,0.0,0.9168693810606308,0.9466185748894791,0.0
1026,51.300000000000004,3,0.0,0.9168693810606308,0.9466185748894791,0.0
1026,51.300000000000004,4,0.0,0.9168693810606308,0.9466185748894791,0.0
1026,51.300000000000004,5,0.0,0.9168693810606308,0.9466185748894791,0.0
1027,51.35,0,0.0,0.9168686773525117,0.9466181102697325,0.0
1027,51.35,1,0.0,0.9168686773525117,0.9466181102697325,0.0
1027,51.35,2,0.0,0.9168686773525117,0.9466181102697325,0.0
1027,51.35,3,0.0,0.9168686773525117,0.9466181102697325,0.0
1027,51.35,4,0.0,0.9168686773525117,0.9466181102697325,0.0
1027,51.35,5,0.0,0.9168686773525117,0.9466181102697325,0.0
1028,51.400000000000006,0,0.0,0.9168679766256262,0.946617647618104,0.0
1028,51.400000000000006,1,0.0,0.9168679766256262,0.946617647618104,0.0
1028,51.400000000000006,2,0.0,0.9168679766256269,0.9466176476181043,0.0
1028,51.400000000000006,3,0.0,0.9168679766256269,0.9466176476181043,0.0
1028,51.400000000000006,4,0.0,0.9168679766256262,0.946617647618104,0.0
1028,51.400000000000006,5,0.0,0.9168679766256269,0.9466176476181043,0.0
1029,51.45,0,0.0,0.9168672788517873,0.9466171869159856,0.0
1029,51.45,1,0.0,0.9168672788517873,0.9466171869159856,0.0
1029,51.45,2,0.0,0.9168672788517875,0.9466171869159857,0.0
1029,51.45,3,0.0,0.9168672788517873,0.9466171869159856,0.0
1029,51.45,4,0.0,0.9168672788517873,0.9466171869159856,0.0
1029,51.45,5,0.0,0.9168672788517873,0.9466171869159856,0.0
1030,51.5,0,0.0,0.916866584003226,0.9466167281450463,0.0
1030,51.5,1,0.0,0.916866584003226,0.9466167281450463,0.0
1030,51.5,2,0.0,0.916866584003226,0.9466167281450463,0.0
1030,51.5,3,0.0,0.916866584003226,0.9466167281450463,0.0
1030,51.5,4,0.0,0.916866584003226,0.9466167281450463,0.0
1030,51.5,5,0.0,0.916866584003226,0.9466167281450463,0.0
1031,51.550000000000004,0,0.0,0.9168658920525901,0.9466162712872294,0.0
1031,51.550000000000004,1,0.0,0.9168658920525901,0.9466162712872294,0.0
1031,51.550000000000004,2,0.0,0.9168658920525898,0.9466162712872292,0.0
1031,51.550000000000004,3,0.0,0.9168658920525901,0.9466162712872294,0.0
1031,51.550000000000004,4,0.0,0.9168658920525901,0.9466162712872294,0.0
1031,51.550000000000004,5,0.0,0.9168658920525901,0.9466162712872294,0.0
1032,51.6,0,0.0,0.9168652029729345,0.9466158163247474,0.0
1032,51.6,1,0.0,0.9168652029729345,0.9466158163247474,0.0
1032,51.6,2,0.0,0.9168652029729345,0.9466158163247474,0.0
1032,51.6,3,0.0,0.9168652029729345,0.9466158163247474,0.0
1032,51.6,4,0.0,0.9168652029729345,0.9466158163247474,0.0
1032,51.6,5,0.0,0.9168652029729345,0.9466158163247474,0.0
1033,51.650000000000006,0,0.0,0.9168645167377152,0.9466153632400776,0.0
1033,51.650000000000006,1,0.0,0.9168645167377152,0.9466153632400776,0.0
1033,51.650000000000006,2,0.0,0.9168645167377152,0.9466153632400776,0.0
1033,51.650000000000006,3,0.0,0.9168645167377152,0.9466153632400776,0.0
1033,51.650000000000006,4,0.0,0.9168645167377152,0.9466153632400776,0.0
1033,51.650000000000006,5,0.0,0.9168645167377152,0.9466153632400776,0.0
1034,51.7,0,0.0,0.9168638333207815,0.9466149120159564,0.0
1034,51.7,1,0.0,0.9168638333207815,0.9466149120159564,0.0
1034,51.7,2,0.0,0.9168638333207815,0.9466149120159564,0.0
1034,51.7,3,0.0,0.9168638333207815,0.9466149120159564,0.0
1034,51.7,4,0.0,0.9168638333207815,0.9466149120159564,0.0
1034,51.7,5,0.0,0.9168638333207813,0.9466149120159563,0.0
1035,51.75,0,0.0,0.9168631526963713,0.9466144626353773,0.0
1035,51.75,1,0.0,0.9168631526963713,0.9466144626353773,0.0
1035,51.75,2,0.0,0.9168631526963713,0.9466144626353773,0.0
1035,51.75,3,0.0,0.9168631526963713,0.9466144626353773,0.0
1035,51.75,4,0.0,0.9168631526963713,0.9466144626353773,0.0
1035,51.75,5,0.0,0.9168631526963713,0.9466144626353773,0.0
1036,51.800000000000004,0,0.0,0.9168624748391034,0.946614015081585,0.0
1036,51.800000000000004,1,0.0,0.9168624748391034,0.946614015081585,0.0
1036,51.800000000000004,2,0.0,0.9168624748391034,0.946614015081585,0.0
1036,51.800000000000004,3,0.0,0.9168624748391034,0.946614015081585,0.0
1036,51.800000000000004,4,0.0,0.9168624748391034,0.946614015081585,0.0
1036,51.800000000000004,5,0.0,0.9168624748391034,0.946614015081585,0.0
1037,51.85,0,0.0,0.9168617997239714,0.9466135693380716,0.0
1037,51.85,1,0.0,0.9168617997239714,0.9466135693380716,0.0
1037,51.85,2,0.0,0.9168617997239714,0.9466135693380716,0.0
1037,51.85,3,0.0,0.9168617997239714,0.9466135693380716,0.0
1037,51.85,4,0.0,0.9168617997239714,0.9466135693380716,0.0
1037,51.85,5,0.0,0.9168617997239714,0.9466135693380716,0.0
1038,51.900000000000006,0,0.0,0.9168611273263376,0.9466131253885729,0.0
1038,51.900000000000006,1,0.0,0.9168611273263376,0.9466131253885729,0.0
1038,51.900000000000006,2,0.0,0.9168611273263376,0.9466131253885729,0.0
1038,51.900000000000006,3,0.0,0.9168611273263376,0.9466131253885729,0.0
1038,51.900000000000006,4,0.0,0.9168611273263376,0.9466131253885729,0.0
1038,51.900000000000006,5,0.0,0.9168611273263372,0.9466131253885726,0.0
1039,51.95,0,0.0,0.9168604576219261,0.946612683217063,0.0
1039,51.95,1,0.0,0.9168604576219261,0.946612683217063,0.0
1039,51.95,2,0.0,0.9168604576219261,0.946612683217063,0.0
1039,51.95,3,0.0,0.9168604576219261,0.946612683217063,0.0
1039,51.95,4,0.0,0.9168604576219261,0.946612683217063,0.0
1039,51.95,5,0.0,0.9168604576219259,0.9466126832170628,0.0
1040,52.0,0,0.0,0.916859790586819,0.9466122428077526,0.0
1040,52.0,1,0.0,0.916859790586819,0.9466122428077526,0.0
1040,52.0,2,0.0,0.916859790586819,0.9466122428077526,0.0
1040,52.0,3,0.0,0.916859790586819,0.9466122428077526,0.0
1040,52.0,4,0.0,0.916859790586819,0.9466122428077526,0.0
1040,52.0,5,0.0,0.916859790586819,0.9466122428077526,0.0
1041,52.050000000000004,0,0.0,0.9168591261974484,0.9466118041450838,0.0
1041,52.050000000000004,1,0.0,0.9168591261974484,0.9466118041450838,0.0
1041,52.050000000000004,2,0.0,0.9168591261974484,0.9466118041450838,0.0
1041,52.050000000000004,3,0.0,0.9168591261974484,0.9466118041450838,0.0
1041,52.050000000000004,4,0.0,0.9168591261974484,0.9466118041450838,0.0
1041,52.050000000000004,5,0.0,0.9168591261974484,0.9466118041450838,0.0
1042,52.1,0,0.0,0.916858464430591,0.9466113672137255,0.0
1042,52.1,1,0.0,0.916858464430591,0.9466113672137255,0.0
1042,52.1,2,0.0,0.916858464430591,0.9466113672137255,0.0
1042,52.1,3,0.0,0.916858464430591,0.9466113672137255,0.0
1042,52.1,4,0.0,0.916858464430591,0.9466113672137255,0.0
1042,52.1,5,0.0,0.916858464430591,0.9466113672137255,0.0
1043,52.150000000000006,0,0.0,0.9168578052633631,0.9466109319985713,0.0
1043,52.150000000000006,1,0.0,0.9168578052633631,0.9466109319985713,0.0
1043,52.150000000000006,2,0.0,0.9168578052633631,0.9466109319985713,0.0
1043,52.150000000000006,3,0.0,0.9168578052633631,0.9466109319985713,0.0
1043,52.150000000000006,4,0.0,0.9168578052633631,0.9466109319985714,0.0
1043,52.150000000000006,5,0.0,0.9168578052633631,0.9466109319985713,0.0
1044,52.2,0,0.0,0.9168571486732136,0.9466104984847341,0.0
1044,52.2,1,0.0,0.9168571486732136,0.9466104984847341,0.0
1044,52.2,2,0.0,0.9168571486732136,0.9466104984847341,0.0
1044,52.2,3,0.0,0.9168571486732136,0.9466104984847341,0.0
1044,52.2,4,0.0,0.9168571486732136,0.9466104984847341,0.0
1044,52.2,5,0.0,0.9168571486732136,0.9466104984847341,0.0
1045,52.25,0,0.0,0.9168564946379194,0.9466100666575437,0.0
1045,52.25,1,0.0,0.9168564946379194,0.9466100666575437,0.0
1045,52.25,2,0.0,0.9168564946379194,0.9466100666575437,0.0
1045,52.25,3,0.0,0.9168564946379194,0.9466100666575437,0.0
1045,52.25,4,0.0,0.9168564946379194,0.9466100666575437,0.0
1045,52.25,5,0.0,0.9168564946379194,0.9466100666575437,0.0
1046,52.300000000000004,0,0.0,0.9168558431355824,0.9466096365025437,0.0
1046,52.300000000000004,1,0.0,0.9168558431355824,0.9466096365025437,0.0
1046,52.300000000000004,2,0.0,0.9168558431355824,0.9466096365025437,0.0
1046,52.300000000000004,3,0.0,0.9168558431355824,0.9466096365025437,0.0
1046,52.300000000000004,4,0.0,0.9168558431355824,0.9466096365025437,0.0
1046,52.300000000000004,5,0.0,0.9168558431355824,0.9466096365025437,0.0
1047,52.35,0,0.0,0.916855194144619,0.9466092080054861,0.0
1047,52.35,1,0.0,0.916855194144619,0.9466092080054861,0.0
1047,52.35,2,0.0,0.916855194144619,0.9466092080054861,0.0
1047,52.35,3,0.0,0.9168551941446186,0.9466092080054859,0.0
1047,52.35,4,0.0,0.9168551941446186,0.9466092080054859,0.0
1047,52.35,5,0.0,0.916855194144619,0.9466092080054861,0.0
1048,52.400000000000006,0,0.0,0.9168545476437577,0.9466087811523286,0.0
1048,52.400000000000006,1,0.0,0.9168545476437577,0.9466087811523286,0.0
1048,52.400000000000006,2,0.0,0.9168545476437577,0.9466087811523286,0.0
1048,52.400000000000006,3,0.0,0.9168545476437582,0.9466087811523288,0.0
1048,52.400000000000006,4,0.0,0.9168545476437582,0.9466087811523288,0.0
1048,52.400000000000006,5,0.0,0.9168545476437577,0.9466087811523286,0.0
1049,52.45,0,0.0,0.9168539036120367,0.9466083559292331,0.0
1049,52.45,1,0.0,0.9168539036120367,0.9466083559292331,0.0
1049,52.45,2,0.0,0.9168539036120367,0.9466083559292331,0.0
1049,52.45,3,0.0,0.9168539036120367,0.9466083559292331,0.0
1049,52.45,4,0.0,0.9168539036120367,0.9466083559292331,0.0
1049,52.45,5,0.0,0.9168539036120367,0.9466083559292331,0.0
1050,52.5,0,0.0,0.9168532620287915,0.9466079323225585,0.0
1050,52.5,1,0.0,0.9168532620287915,0.9466079323225585,0.0
1050,52.5,2,0.0,0.9168532620287917,0.9466079323225586,0.0
1050,52.5,3,0.0,0.9168532620287917,0.9466079323225586,0.0
1050,52.5,4,0.0,0.9168532620287917,0.9466079323225586,0.0
1050,52.5,5,0.0,0.9168532620287917,0.9466079323225586,0.0
1051,52.550000000000004,0,0.0,0.9168526228736595,0.946607510318862,0.0
1051,52.550000000000004,1,0.0,0.9168526228736595,0.946607510318862,0.0
1051,52.550000000000004,2,0.0,0.9168526228736595,0.946607510318862,0.0
1051,52.550000000000004,3,0.0,0.9168526228736595,0.946607510318862,0.0
1051,52.550000000000004,4,0.0,0.9168526228736595,0.946607510318862,0.0
1051,52.550000000000004,5,0.0,0.9168526228736598,0.9466075103188621,0.0
1052,52.6,0,0.0,0.9168519861265669,0.9466070899048922,0.0
1052,52.6,1,0.0,0.9168519861265669,0.9466070899048922,0.0
1052,52.6,2,0.0,0.9168519861265669,0.9466070899048922,0.0
1052,52.6,3,0.0,0.9168519861265669,0.9466070899048922,0.0
1052,52.6,4,0.0,0.9168519861265669,0.9466070899048922,0.0
1052,52.6,5,0.0,0.9168519861265669,0.9466070899048922,0.0
1053,52.650000000000006,0,0.0,0.916851351767727,0.9466066710675869,0.0
1053,52.650000000000006,1,0.0,0.916851351767727,0.9466066710675869,0.0
1053,52.650000000000006,2,0.0,0.916851351767727,0.9466066710675869,0.0
1053,52.650000000000006,3,0.0,0.916851351767727,0.9466066710675869,0.0
1053,52.650000000000006,4,0.0,0.916851351767727,0.9466066710675869,0.0
1053,52.650000000000006,5,0.0,0.916851351767727,0.9466066710675869,0.0
1054,52.7,0,0.0,0.9168507197776363,0.9466062537940712,0.0
1054,52.7,1,0.0,0.9168507197776363,0.9466062537940712,0.0
1054,52.7,2,0.0,0.9168507197776363,0.9466062537940712,0.0
1054,52.7,3,0.0,0.9168507197776365,0.9466062537940713,0.0
1054,52.7,4,0.0,0.9168507197776365,0.9466062537940713,0.0
1054,52.7,5,0.0,0.9168507197776363,0.9466062537940712,0.0
1055,52.75,0,0.0,0.9168500901370693,0.946605838071653,0.0
1055,52.75,1,0.0,0.9168500901370693,0.946605838071653,0.0
1055,52.75,2,0.0,0.9168500901370691,0.9466058380716529,0.0
1055,52.75,3,0.0,0.9168500901370691,0.9466058380716529,0.0
1055,52.75,4,0.0,0.9168500901370691,0.9466058380716529,0.0
1055,52.75,5,0.0,0.9168500901370693,0.946605838071653,0.0
1056,52.800000000000004,0,0.0,0.9168494628270734,0.9466054238878212,0.0
1056,52.800000000000004,1,0.0,0.9168494628270734,0.9466054238878212,0.0
1056,52.800000000000004,2,0.0,0.9168494628270734,0.9466054238878212,0.0
1056,52.800000000000004,3,0.0,0.9168494628270731,0.9466054238878211,0.0
1056,52.800000000000004,4,0.0,0.9168494628270731,0.9466054238878211,0.0
1056,52.800000000000004,5,0.0,0.9168494628270734,0.9466054238878212,0.0
1057,52.85,0,0.0,0.9168488378289645,0.9466050112302414,0.0
1057,52.85,1,0.0,0.9168488378289645,0.9466050112302414,0.0
1057,52.85,2,0.0,0.9168488378289645,0.9466050112302414,0.0
1057,52.85,3,0.0,0.9168488378289645,0.9466050112302414,0.0
1057,52.85,4,0.0,0.9168488378289645,0.9466050112302414,0.0
1057,52.85,5,0.0,0.9168488378289645,0.9466050112302414,0.0
1058,52.900000000000006,0,0.0,0.9168482151243234,0.9466046000867543,0.0
1058,52.900000000000006,1,0.0,0.9168482151243234,0.9466046000867543,0.0
1058,52.900000000000006,2,0.0,0.9168482151243234,0.9466046000867543,0.0
1058,52.900000000000006,3,0.0,0.9168482151243234,0.9466046000867543,0.0
1058,52.900000000000006,4,0.0,0.9168482151243234,0.9466046000867543,0.0
1058,52.900000000000006,5,0.0,0.9168482151243234,0.9466046000867543,0.0
1059,52.95,0,0.0,0.9168475946949901,0.9466041904453718,0.0
1059,52.95,1,0.0,0.9168475946949901,0.9466041904453718,0.0
1059,52.95,2,0.0,0.9168475946949901,0.9466041904453718,0.0
1059,52.95,3,0.0,0.9168475946949901,0.9466041904453718,0.0
1059,52.95,4,0.0,0.9168475946949901,0.9466041904453718,0.0
1059,52.95,5,0.0,0.9168475946949901,0.9466041904453717,0.0
1060,53.0,0,0.0,0.91684697652306,0.9466037822942739,0.0
1060,53.0,1,0.0,0.91684697652306,0.9466037822942739,0.0
1060,53.0,2,0.0,0.91684697652306,0.9466037822942739,0.0
1060,53.0,3,0.0,0.91684697652306,0.9466037822942739,0.0
1060,53.0,4,0.0,0.91684697652306,0.9466037822942739,0.0
1060,53.0,5,0.0,0.9168469765230602,0.946603782294274,0.0
1061,53.050000000000004,0,0.0,0.9168463605908825,0.9466033756218087,0.0
1061,53.050000000000004,1,0.0,0.9168463605908825,0.9466033756218087,0.0
1061,53.050000000000004,2,0.0,0.9168463605908825,0.9466033756218087,0.0
1061,53.050000000000004,3,0.0,0.9168463605908825,0.9466033756218087,0.0
1061,53.050000000000004,4,0.0,0.9168463605908825,0.9466033756218087,0.0
1061,53.050000000000004,5,0.0,0.9168463605908823,0.9466033756218085,0.0
1062,53.1,0,0.0,0.9168457468810509,0.9466029704164854,0.0
1062,53.1,1,0.0,0.9168457468810509,0.9466029704164854,0.0
1062,53.1,2,0.0,0.9168457468810509,0.9466029704164854,0.0
1062,53.1,3,0.0,0.9168457468810509,0.9466029704164854,0.0
1062,53.1,4,0.0,0.9168457468810507,0.9466029704164853,0.0
1062,53.1,5,0.0,0.9168457468810509,0.9466029704164854,0.0
1063,53.150000000000006,0,0.0,0.9168451353764042,0.9466025666669752,0.0
1063,53.150000000000006,1,0.0,0.9168451353764042,0.9466025666669752,0.0
1063,53.150000000000006,2,0.0,0.9168451353764042,0.9466025666669752,0.0
1063,53.150000000000006,3,0.0,0.9168451353764042,0.9466025666669752,0.0
1063,53.150000000000006,4,0.0,0.9168451353764038,0.946602566666975,0.0
1063,53.150000000000006,5,0.0,0.9168451353764038,0.946602566666975,0.0
1064,53.2,0,0.0,0.9168445260600195,0.9466021643621064,0.0
1064,53.2,1,0.0,0.9168445260600195,0.9466021643621064,0.0
1064,53.2,2,0.0,0.9168445260600195,0.9466021643621064,0.0
1064,53.2,3,0.0,0.9168445260600195,0.9466021643621064,0.0
1064,53.2,4,0.0,0.9168445260600195,0.9466021643621064,0.0
1064,53.2,5,0.0,0.9168445260600195,0.9466021643621064,0.0
1065,53.25,0,0.0,0.9168439189152102,0.9466017634908636,0.0
1065,53.25,1,0.0,0.9168439189152102,0.9466017634908636,0.0
1065,53.25,2,0.0,0.9168439189152102,0.9466017634908636,0.0
1065,53.25,3,0.0,0.9168439189152102,0.9466017634908636,0.0
1065,53.25,4,0.0,0.9168439189152102,0.9466017634908636,0.0
1065,53.25,5,0.0,0.9168439189152102,0.9466017634908636,0.0
1066,53.300000000000004,0,0.0,0.916843313925521,0.9466013640423836,0.0
1066,53.300000000000004,1,0.0,0.916843313925521,0.9466013640423836,0.0
1066,53.300000000000004,2,0.0,0.916843313925521,0.9466013640423836,0.0
1066,53.300000000000004,3,0.0,0.9168433139255212,0.9466013640423837,0.0
1066,53.300000000000004,4,0.0,0.9168433139255212,0.9466013640423837,0.0
1066,53.300000000000004,5,0.0,0.916843313925521,0.9466013640423836,0.0
1067,53.35,0,0.0,0.9168427110747248,0.9466009660059543,0.0
1067,53.35,1,0.0,0.9168427110747248,0.9466009660059543,0.0
1067,53.35,2,0.0,0.9168427110747248,0.9466009660059543,0.0
1067,53.35,3,0.0,0.9168427110747248,0.9466009660059543,0.0
1067,53.35,4,0.0,0.9168427110747248,0.9466009660059543,0.0
1067,53.35,5,0.0,0.916842711074725,0.9466009660059544,0.0
1068,53.400000000000006,0,0.0,0.916842110346817,0.9466005693710104,0.0
1068,53.400000000000006,1,0.0,0.916842110346817,0.9466005693710104,0.0
1068,53.400000000000006,2,0.0,0.9168421103468172,0.9466005693710106,0.0
1068,53.400000000000006,3,0.0,0.916842110346817,0.9466005693710104,0.0
1068,53.400000000000006,4,0.0,0.916842110346817,0.9466005693710104,0.0
1068,53.400000000000006,5,0.0,0.9168421103468172,0.9466005693710106,0.0
1069,53.45,0,0.0,0.9168415117260154,0.9466001741271333,0.0
1069,53.45,1,0.0,0.9168415117260154,0.9466001741271333,0.0
1069,53.45,2,0.0,0.9168415117260154,0.9466001741271333,0.0
1069,53.45,3,0.0,0.9168415117260154,0.9466001741271333,0.0
1069,53.45,4,0.0,0.9168415117260154,0.9466001741271333,0.0
1069,53.45,5,0.0,0.9168415117260154,0.9466001741271333,0.0
1070,53.5,0,0.0,0.9168409151967527,0.9465997802640463,0.0
1070,53.5,1,0.0,0.9168409151967527,0.9465997802640463,0.0
1070,53.5,2,0.0,0.9168409151967527,0.9465997802640463,0.0
1070,53.5,3,0.0,0.9168409151967527,0.9465997802640463,0.0
1070,53.5,4,0.0,0.9168409151967527,0.9465997802640463,0.0
1070,53.5,5,0.0,0.9168409151967527,0.9465997802640463,0.0
1071,53.550000000000004,0,0.0,0.9168403207436773,0.9465993877716151,0.0
1071,53.550000000000004,1,0.0,0.9168403207436773,0.9465993877716151,0.0
1071,53.550000000000004,2,0.0,0.9168403207436773,0.9465993877716151,0.0
1071,53.550000000000004,3,0.0,0.9168403207436773,0.9465993877716151,0.0
1071,53.550000000000004,4,0.0,0.9168403207436773,0.9465993877716151,0.0
1071,53.550000000000004,5,0.0,0.9168403207436773,0.9465993877716151,0.0
1072,53.6,0,0.0,0.9168397283516452,0.9465989966398424,0.0
1072,53.6,1,0.0,0.9168397283516452,0.9465989966398424,0.0
1072,53.6,2,0.0,0.9168397283516452,0.9465989966398424,0.0
1072,53.6,3,0.0,0.9168397283516452,0.9465989966398424,0.0
1072,53.6,4,0.0,0.9168397283516452,0.9465989966398424,0.0
1072,53.6,5,0.0,0.9168397283516452,0.9465989966398425,0.0
1073,53.650000000000006,0,0.0,0.9168391380057197,0.9465986068588679,0.0
1073,53.650000000000006,1,0.0,0.9168391380057197,0.9465986068588679,0.0
1073,53.650000000000006,2,0.0,0.9168391380057197,0.9465986068588679,0.0
1073,53.650000000000006,3,0.0,0.9168391380057197,0.9465986068588679,0.0
1073,53.650000000000006,4,0.0,0.9168391380057197,0.9465986068588679,0.0
1073,53.650000000000006,5,0.0,0.9168391380057197,0.9465986068588679,0.0
1074,53.7,0,0.0,0.9168385496911677,0.9465982184189655,0.0
1074,53.7,1,0.0,0.9168385496911677,0.9465982184189655,0.0
1074,53.7,2,0.0,0.9168385496911677,0.9465982184189655,0.0
1074,53.7,3,0.0,0.9168385496911677,0.9465982184189655,0.0
1074,53.7,4,0.0,0.9168385496911677,0.9465982184189655,0.0
1074,53.7,5,0.0,0.9168385496911677,0.9465982184189655,0.0
1075,53.75,0,0.0,0.9168379633934538,0.9465978313105398,0.0
1075,53.75,1,0.0,0.9168379633934538,0.9465978313105398,0.0
1075,53.75,2,0.0,0.9168379633934538,0.9465978313105398,0.0
1075,53.75,3,0.0,0.9168379633934538,0.9465978313105398,0.0
1075,53.75,4,0.0,0.9168379633934538,0.9465978313105398,0.0
1075,53.75,5,0.0,0.9168379633934538,0.9465978313105398,0.0
1076,53.800000000000004,0,0.0,0.9168373790982423,0.9465974455241271,0.0
1076,53.800000000000004,1,0.0,0.9168373790982423,0.9465974455241271,0.0
1076,53.800000000000004,2,0.0,0.9168373790982423,0.9465974455241271,0.0
1076,53.800000000000004,3,0.0,0.9168373790982423,0.9465974455241271,0.0
1076,53.800000000000004,4,0.0,0.9168373790982423,0.9465974455241271,0.0
1076,53.800000000000004,5,0.0,0.9168373790982423,0.9465974455241271,0.0
1077,53.85,0,0.0,0.9168367967913877,0.9465970610503894,0.0
1077,53.85,1,0.0,0.9168367967913877,0.9465970610503894,0.0
1077,53.85,2,0.0,0.9168367967913877,0.9465970610503894,0.0
1077,53.85,3,0.0,0.9168367967913877,0.9465970610503894,0.0
1077,53.85,4,0.0,0.9168367967913877,0.9465970610503894,0.0
1077,53.85,5,0.0,0.9168367967913877,0.9465970610503893,0.0
1078,53.900000000000006,0,0.0,0.9168362164589363,0.9465966778801151,0.0
1078,53.900000000000006,1,0.0,0.9168362164589363,0.9465966778801151,0.0
1078,53.900000000000006,2,0.0,0.9168362164589363,0.9465966778801151,0.0
1078,53.900000000000006,3,0.0,0.9168362164589363,0.9465966778801151,0.0
1078,53.900000000000006,4,0.0,0.9168362164589363,0.9465966778801151,0.0
1078,53.900000000000006,5,0.0,0.9168362164589363,0.9465966778801151,0.0
1079,53.95,0,0.0,0.9168356380871214,0.9465962960042162,0.0
1079,53.95,1,0.0,0.9168356380871214,0.9465962960042162,0.0
1079,53.95,2,0.0,0.9168356380871214,0.9465962960042162,0.0
1079,53.95,3,0.0,0.9168356380871214,0.9465962960042162,0.0
1079,53.95,4,0.0,0.9168356380871214,0.9465962960042162,0.0
1079,53.95,5,0.0,0.9168356380871214,0.9465962960042162,0.0
1080,54.0,0,0.0,0.9168350616623588,0.9465959154137252,0.0
1080,54.0,1,0.0,0.9168350616623588,0.9465959154137252,0.0
1080,54.0,2,0.0,0.9168350616623588,0.9465959154137252,0.0
1080,54.0,3,0.0,0.9168350616623588,0.9465959154137252,0.0
1080,54.0,4,0.0,0.9168350616623588,0.9465959154137252,0.0
1080,54.0,5,0.0,0.9168350616623591,0.9465959154137255,0.0
1081,54.050000000000004,0,0.0,0.9168344871712479,0.9465955360997959,0.0
1081,54.050000000000004,1,0.0,0.9168344871712479,0.9465955360997959,0.0
1081,54.050000000000004,2,0.0,0.9168344871712479,0.9465955360997959,0.0
1081,54.050000000000004,3,0.0,0.9168344871712479,0.9465955360997959,0.0
1081,54.050000000000004,4,0.0,0.9168344871712479,0.9465955360997959,0.0
1081,54.050000000000004,5,0.0,0.9168344871712482,0.946595536099796,0.0
1082,54.1,0,0.0,0.9168339146005648,0.9465951580536983,0.0
1082,54.1,1,0.0,0.9168339146005648,0.9465951580536983,0.0
1082,54.1,2,0.0,0.9168339146005648,0.9465951580536983,0.0
1082,54.1,3,0.0,0.9168339146005648,0.9465951580536983,0.0
1082,54.1,4,0.0,0.9168339146005648,0.9465951580536983,0.0
1082,54.1,5,0.0,0.9168339146005651,0.9465951580536984,0.0
1083,54.150000000000006,0,0.0,0.9168333439372607,0.9465947812668184,0.0
1083,54.150000000000006,1,0.0,0.9168333439372607,0.9465947812668184,0.0
1083,54.150000000000006,2,0.0,0.9168333439372607,0.9465947812668184,0.0
1083,54.150000000000006,3,0.0,0.9168333439372607,0.9465947812668184,0.0
1083,54.150000000000006,4,0.0,0.9168333439372607,0.9465947812668184,0.0
1083,54.150000000000006,5,0.0,0.9168333439372607,0.9465947812668184,0.0
1084,54.2,0,0.0,0.9168327751684593,0.9465944057306562,0.0
1084,54.2,1,0.0,0.9168327751684593,0.9465944057306562,0.0
1084,54.2,2,0.0,0.9168327751684593,0.9465944057306562,0.0
1084,54.2,3,0.0,0.9168327751684593,0.9465944057306562,0.0
1084,54.2,4,0.0,0.9168327751684593,0.9465944057306562,0.0
1084,54.2,5,0.0,0.9168327751684593,0.9465944057306562,0.0
1085,54.25,0,0.0,0.916832208281454,0.9465940314368232,0.0
1085,54.25,1,0.0,0.916832208281454,0.9465940314368232,0.0
1085,54.25,2,0.0,0.9168322082814537,0.9465940314368231,0.0
1085,54.25,3,0.0,0.916832208281454,0.9465940314368232,0.0
1085,54.25,4,0.0,0.916832208281454,0.9465940314368232,0.0
1085,54.25,5,0.0,0.9168322082814537,0.9465940314368231,0.0
1086,54.300000000000004,0,0.0,0.9168316432637056,0.9465936583770419,0.0
1086,54.300000000000004,1,0.0,0.9168316432637056,0.9465936583770419,0.0
1086,54.300000000000004,2,0.0,0.9168316432637056,0.9465936583770419,0.0
1086,54.300000000000004,3,0.0,0.9168316432637058,0.9465936583770421,0.0
1086,54.300000000000004,4,0.0,0.9168316432637058,0.9465936583770421,0.0
1086,54.300000000000004,5,0.0,0.9168316432637058,0.9465936583770421,0.0
1087,54.35,0,0.0,0.9168310801028383,0.9465932865431425,0.0
1087,54.35,1,0.0,0.9168310801028383,0.9465932865431425,0.0
1087,54.35,2,0.0,0.9168310801028385,0.9465932865431426,0.0
1087,54.35,3,0.0,0.9168310801028385,0.9465932865431426,0.0
1087,54.35,4,0.0,0.9168310801028385,0.9465932865431426,0.0
1087,54.35,5,0.0,0.9168310801028383,0.9465932865431425,0.0
1088,54.400000000000006,0,0.0,0.9168305187866386,0.9465929159270622,0.0
1088,54.400000000000006,1,0.0,0.9168305187866386,0.9465929159270622,0.0
1088,54.400000000000006,2,0.0,0.9168305187866383,0.9465929159270621,0.0
1088,54.400000000000006,3,0.0,0.9168305187866386,0.9465929159270622,0.0
1088,54.400000000000006,4,0.0,0.9168305187866386,0.9465929159270622,0.0
1088,54.400000000000006,5,0.0,0.9168305187866383,0.9465929159270621,0.0
1089,54.45,0,0.0,0.9168299593030509,0.9465925465208426,0.0
1089,54.45,1,0.0,0.9168299593030509,0.9465925465208426,0.0
1089,54.45,2,0.0,0.9168299593030509,0.9465925465208426,0.0
1089,54.45,3,0.0,0.9168299593030509,0.9465925465208426,0.0
1089,54.45,4,0.0,0.9168299593030509,0.9465925465208426,0.0
1089,54.45,5,0.0,0.9168299593030509,0.9465925465208427,0.0
1090,54.5,0,0.0,0.9168294016401768,0.946592178316629,0.0
1090,54.5,1,0.0,0.9168294016401768,0.946592178316629,0.0
1090,54.5,2,0.0,0.9168294016401768,0.946592178316629,0.0
1090,54.5,3,0.0,0.9168294016401768,0.946592178316629,0.0
1090,54.5,4,0.0,0.9168294016401768,0.946592178316629,0.0
1090,54.5,5,0.0,0.9168294016401768,0.946592178316629,0.0
1091,54.550000000000004,0,0.0,0.9168288457862719,0.9465918113066687,0.0
1091,54.550000000000004,1,0.0,0.9168288457862719,0.9465918113066687,0.0
1091,54.550000000000004,2,0.0,0.9168288457862719,0.9465918113066687,0.0
1091,54.550000000000004,3,0.0,0.9168288457862717,0.9465918113066686,0.0
1091,54.550000000000004,4,0.0,0.9168288457862717,0.9465918113066686,0.0
1091,54.550000000000004,5,0.0,0.9168288457862717,0.9465918113066686,0.0
1092,54.6,0,0.0,0.916828291729743,0.9465914454833081,0.0
1092,54.6,1,0.0,0.916828291729743,0.9465914454833081,0.0
1092,54.6,2,0.0,0.916828291729743,0.9465914454833081,0.0
1092,54.6,3,0.0,0.916828291729743,0.9465914454833081,0.0
1092,54.6,4,0.0,0.916828291729743,0.9465914454833081,0.0
1092,54.6,5,0.0,0.916828291729743,0.9465914454833081,0.0
1093,54.650000000000006,0,0.0,0.9168277394591446,0.9465910808389918,0.0
1093,54.650000000000006,1,0.0,0.9168277394591446,0.9465910808389918,0.0
1093,54.650000000000006,2,0.0,0.9168277394591446,0.9465910808389918,0.0
1093,54.650000000000006,3,0.0,0.9168277394591446,0.9465910808389918,0.0
1093,54.650000000000006,4,0.0,0.9168277394591446,0.9465910808389918,0.0
1093,54.650000000000006,5,0.0,0.9168277394591444,0.9465910808389917,0.0
1094,54.7,0,0.0,0.91682718896318,0.9465907173662623,0.0
1094,54.7,1,0.0,0.91682718896318,0.9465907173662623,0.0
1094,54.7,2,0.0,0.91682718896318,0.9465907173662623,0.0
1094,54.7,3,0.0,0.91682718896318,0.9465907173662623,0.0
1094,54.7,4,0.0,0.91682718896318,0.9465907173662623,0.0
1094,54.7,5,0.0,0.91682718896318,0.9465907173662623,0.0
1095,54.75,0,0.0,0.9168266402306948,0.946590355057756,0.0
1095,54.75,1,0.0,0.9168266402306948,0.946590355057756,0.0
1095,54.75,2,0.0,0.9168266402306948,0.946590355057756,0.0
1095,54.75,3,0.0,0.9168266402306948,0.946590355057756,0.0
1095,54.75,4,0.0,0.9168266402306948,0.946590355057756,0.0
1095,54.75,5,0.0,0.9168266402306948,0.946590355057756,0.0
1096,54.800000000000004,0,0.0,0.9168260932506778,0.9465899939062039,0.0
1096,54.800000000000004,1,0.0,0.9168260932506778,0.9465899939062039,0.0
1096,54.800000000000004,2,0.0,0.9168260932506778,0.9465899939062039,0.0
1096,54.800000000000004,3,0.0,0.9168260932506778,0.9465899939062039,0.0
1096,54.800000000000004,4,0.0,0.9168260932506778,0.9465899939062039,0.0
1096,54.800000000000004,5,0.0,0.9168260932506778,0.9465899939062039,0.0
1097,54.85,0,0.0,0.9168255480122567,0.946589633904429,0.0
1097,54.85,1,0.0,0.9168255480122567,0.946589633904429,0.0
1097,54.85,2,0.0,0.9168255480122567,0.946589633904429,0.0
1097,54.85,3,0.0,0.9168255480122567,0.946589633904429,0.0
1097,54.85,4,0.0,0.9168255480122567,0.946589633904429,0.0
1097,54.85,5,0.0,0.9168255480122567,0.946589633904429,0.0
1098,54.900000000000006,0,0.0,0.9168250045046968,0.9465892750453446,0.0
1098,54.900000000000006,1,0.0,0.9168250045046968,0.9465892750453446,0.0
1098,54.900000000000006,2,0.0,0.9168250045046968,0.9465892750453446,0.0
1098,54.900000000000006,3,0.0,0.9168250045046968,0.9465892750453446,0.0
1098,54.900000000000006,4,0.0,0.9168250045046968,0.9465892750453446,0.0
1098,54.900000000000006,5,0.0,0.9168250045046971,0.9465892750453447,0.0
1099,54.95,0,0.0,0.9168244627173989,0.9465889173219537,0.0
1099,54.95,1,0.0,0.9168244627173989,0.9465889173219537,0.0
1099,54.95,2,0.0,0.9168244627173989,0.9465889173219537,0.0
1099,54.95,3,0.0,0.9168244627173989,0.9465889173219537,0.0
1099,54.95,4,0.0,0.9168244627173989,0.9465889173219537,0.0
1099,54.95,5,0.0,0.9168244627173989,0.9465889173219537,0.0
1100,55.0,0,0.0,0.9168239226398955,0.9465885607273465,0.0
1100,55.0,1,0.0,0.9168239226398955,0.9465885607273465,0.0
1100,55.0,2,0.0,0.9168239226398955,0.9465885607273465,0.0
1100,55.0,3,0.0,0.9168239226398955,0.9465885607273465,0.0
1100,55.0,4,0.0,0.9168239226398955,0.9465885607273465,0.0
1100,55.0,5,0.0,0.9168239226398955,0.9465885607273465,0.0
1101,55.050000000000004,0,0.0,0.9168233842618516,0.9465882052547002,0.0
1101,55.050000000000004,1,0.0,0.9168233842618516,0.9465882052547002,0.0
1101,55.050000000000004,2,0.0,0.9168233842618516,0.9465882052547002,0.0
1101,55.050000000000004,3,0.0,0.9168233842618518,0.9465882052547004,0.0
1101,55.050000000000004,4,0.0,0.9168233842618518,0.9465882052547004,0.0
1101,55.050000000000004,5,0.0,0.9168233842618518,0.9465882052547004,0.0
1102,55.1,0,0.0,0.9168228475730609,0.9465878508972773,0.0
1102,55.1,1,0.0,0.9168228475730609,0.9465878508972773,0.0
1102,55.1,2,0.0,0.9168228475730609,0.9465878508972773,0.0
1102,55.1,3,0.0,0.9168228475730609,0.9465878508972773,0.0
1102,55.1,4,0.0,0.9168228475730609,0.9465878508972773,0.0
1102,55.1,5,0.0,0.9168228475730607,0.9465878508972771,0.0
1103,55.150000000000006,0,0.0,0.9168223125634427,0.9465874976484231,0.0
1103,55.150000000000006,1,0.0,0.9168223125634427,0.9465874976484231,0.0
1103,55.150000000000006,2,0.0,0.9168223125634427,0.9465874976484231,0.0
1103,55.150000000000006,3,0.0,0.9168223125634427,0.9465874976484231,0.0
1103,55.150000000000006,4,0.0,0.9168223125634427,0.9465874976484231,0.0
1103,55.150000000000006,5,0.0,0.9168223125634427,0.9465874976484231,0.0
1104,55.2,0,0.0,0.9168217792230422,0.9465871455015659,0.0
1104,55.2,1,0.0,0.9168217792230422,0.9465871455015659,0.0
1104,55.2,2,0.0,0.9168217792230422,0.9465871455015659,0.0
1104,55.2,3,0.0,0.9168217792230422,0.9465871455015659,0.0
1104,55.2,4,0.0,0.9168217792230422,0.9465871455015659,0.0
1104,55.2,5,0.0,0.9168217792230422,0.9465871455015659,0.0
1105,55.25,0,0.0,0.9168212475420254,0.9465867944502141,0.0
1105,55.25,1,0.0,0.9168212475420254,0.9465867944502141,0.0
1105,55.25,2,0.0,0.9168212475420259,0.9465867944502143,0.0
1105,55.25,3,0.0,0.9168212475420254,0.9465867944502141,0.0
1105,55.25,4,0.0,0.9168212475420259,0.9465867944502143,0.0
1105,55.25,5,0.0,0.9168212475420254,0.9465867944502141,0.0
1106,55.300000000000004,0,0.0,0.9168207175106833,0.946586444487958,0.0
1106,55.300000000000004,1,0.0,0.9168207175106833,0.946586444487958,0.0
1106,55.300000000000004,2,0.0,0.9168207175106831,0.9465864444879578,0.0
1106,55.300000000000004,3,0.0,0.9168207175106833,0.946586444487958,0.0
1106,55.300000000000004,4,0.0,0.9168207175106833,0.946586444487958,0.0
1106,55.300000000000004,5,0.0,0.9168207175106831,0.9465864444879578,0.0
1107,55.35,0,0.0,0.9168201891194212,0.9465860956084641,0.0
1107,55.35,1,0.0,0.9168201891194212,0.9465860956084641,0.0
1107,55.35,2,0.0,0.9168201891194212,0.9465860956084641,0.0
1107,55.35,3,0.0,0.9168201891194212,0.9465860956084641,0.0
1107,55.35,4,0.0,0.9168201891194212,0.9465860956084641,0.0
1107,55.35,5,0.0,0.9168201891194212,0.9465860956084641,0.0
1108,55.400000000000006,0,0.0,0.9168196623587632,0.9465857478054769,0.0
1108,55.400000000000006,1,0.0,0.9168196623587632,0.9465857478054769,0.0
1108,55.400000000000006,2,0.0,0.9168196623587632,0.9465857478054769,0.0
1108,55.400000000000006,3,0.0,0.9168196623587632,0.9465857478054769,0.0
1108,55.400000000000006,4,0.0,0.9168196623587632,0.9465857478054769,0.0
1108,55.400000000000006,5,0.0,0.9168196623587632,0.9465857478054769,0.0
1109,55.45,0,0.0,0.9168191372193493,0.9465854010728174,0.0
1109,55.45,1,0.0,0.9168191372193493,0.9465854010728174,0.0
1109,55.45,2,0.0,0.9168191372193493,0.9465854010728174,0.0
1109,55.45,3,0.0,0.9168191372193493,0.9465854010728174,0.0
1109,55.45,4,0.0,0.9168191372193493,0.9465854010728174,0.0
1109,55.45,5,0.0,0.9168191372193493,0.9465854010728173,0.0
1110,55.5,0,0.0,0.916818613691931,0.9465850554043803,0.0
1110,55.5,1,0.0,0.916818613691931,0.9465850554043803,0.0
1110,55.5,2,0.0,0.916818613691931,0.9465850554043803,0.0
1110,55.5,3,0.0,0.916818613691931,0.9465850554043803,0.0
1110,55.5,4,0.0,0.916818613691931,0.9465850554043803,0.0
1110,55.5,5,0.0,0.916818613691931,0.9465850554043803,0.0
1111,55.550000000000004,0,0.0,0.916818091767374,0.9465847107941356,0.0
1111,55.550000000000004,1,0.0,0.916818091767374,0.9465847107941356,0.0
1111,55.550000000000004,2,0.0,0.916818091767374,0.9465847107941358,0.0
1111,55.550000000000004,3,0.0,0.916818091767374,0.9465847107941358,0.0
1111,55.550000000000004,4,0.0,0.916818091767374,0.9465847107941358,0.0
1111,55.550000000000004,5,0.0,0.916818091767374,0.9465847107941356,0.0
1112,55.6,0,0.0,0.9168175714366515,0.9465843672361246,0.0
1112,55.6,1,0.0,0.9168175714366515,0.9465843672361246,0.0
1112,55.6,2,0.0,0.9168175714366515,0.9465843672361246,0.0
1112,55.6,3,0.0,0.9168175714366515,0.9465843672361246,0.0
1112,55.6,4,0.0,0.9168175714366515,0.9465843672361246,0.0
1112,55.6,5,0.0,0.9168175714366515,0.9465843672361246,0.0
1113,55.650000000000006,0,0.0,0.9168170526908443,0.9465840247244591,0.0
1113,55.650000000000006,1,0.0,0.9168170526908443,0.9465840247244591,0.0
1113,55.650000000000006,2,0.0,0.9168170526908448,0.9465840247244595,0.0
1113,55.650000000000006,3,0.0,0.9168170526908443,0.9465840247244591,0.0
1113,55.650000000000006,4,0.0,0.9168170526908448,0.9465840247244595,0.0
1113,55.650000000000006,5,0.0,0.9168170526908443,0.9465840247244591,0.0
1114,55.7,0,0.0,0.9168165355211428,0.9465836832533236,0.0
1114,55.7,1,0.0,0.9168165355211428,0.9465836832533236,0.0
1114,55.7,2,0.0,0.9168165355211428,0.9465836832533236,0.0
1114,55.7,3,0.0,0.9168165355211428,0.9465836832533236,0.0
1114,55.7,4,0.0,0.9168165355211428,0.9465836832533236,0.0
1114,55.7,5,0.0,0.9168165355211428,0.9465836832533236,0.0
1115,55.75,0,0.0,0.9168160199188378,0.9465833428169689,0.0
1115,55.75,1,0.0,0.9168160199188378,0.9465833428169689,0.0
1115,55.75,2,0.0,0.9168160199188378,0.9465833428169689,0.0
1115,55.75,3,0.0,0.9168160199188378,0.9465833428169689,0.0
1115,55.75,4,0.0,0.9168160199188378,0.9465833428169689,0.0
1115,55.75,5,0.0,0.9168160199188378,0.9465833428169689,0.0
1116,55.800000000000004,0,0.0,0.9168155058753267,0.9465830034097159,0.0
1116,55.800000000000004,1,0.0,0.9168155058753267,0.9465830034097159,0.0
1116,55.800000000000004,2,0.0,0.9168155058753267,0.9465830034097159,0.0
1116,55.800000000000004,3,0.0,0.9168155058753267,0.9465830034097159,0.0
1116,55.800000000000004,4,0.0,0.9168155058753267,0.9465830034097159,0.0
1116,55.800000000000004,5,0.0,0.9168155058753267,0.9465830034097159,0.0
1117,55.85,0,0.0,0.9168149933821057,0.9465826650259511,0.0
1117,55.85,1,0.0,0.9168149933821057,0.9465826650259511,0.0
1117,55.85,2,0.0,0.9168149933821057,0.9465826650259511,0.0
1117,55.85,3,0.0,0.9168149933821057,0.9465826650259511,0.0
1117,55.85,4,0.0,0.9168149933821057,0.9465826650259511,0.0
1117,55.85,5,0.0,0.9168149933821057,0.9465826650259511,0.0
1118,55.900000000000006,0,0.0,0.9168144824307718,0.9465823276601274,0.0
1118,55.900000000000006,1,0.0,0.9168144824307718,0.9465823276601274,0.0
1118,55.900000000000006,2,0.0,0.9168144824307718,0.9465823276601274,0.0
1118,55.900000000000006,3,0.0,0.9168144824307718,0.9465823276601274,0.0
1118,55.900000000000006,4,0.0,0.9168144824307718,0.9465823276601273,0.0
1118,55.900000000000006,5,0.0,0.9168144824307718,0.9465823276601273,0.0
1119,55.95,0,0.0,0.9168139730130209,0.9465819913067626,0.0
1119,55.95,1,0.0,0.9168139730130209,0.9465819913067626,0.0
1119,55.95,2,0.0,0.9168139730130209,0.9465819913067626,0.0
1119,55.95,3,0.0,0.9168139730130209,0.9465819913067626,0.0
1119,55.95,4,0.0,0.9168139730130209,0.9465819913067626,0.0
1119,55.95,5,0.0,0.9168139730130207,0.9465819913067625,0.0
1120,56.0,0,0.0,0.916813465120643,0.9465816559604373,0.0
1120,56.0,1,0.0,0.916813465120643,0.9465816559604373,0.0
1120,56.0,2,0.0,0.916813465120643,0.9465816559604373,0.0
1120,56.0,3,0.0,0.916813465120643,0.9465816559604373,0.0
1120,56.0,4,0.0,0.916813465120643,0.9465816559604373,0.0
1120,56.0,5,0.0,0.916813465120643,0.9465816559604373,0.0
1121,56.050000000000004,0,0.0,0.9168129587455276,0.9465813216157972,0.0
1121,56.050000000000004,1,0.0,0.9168129587455276,0.9465813216157972,0.0
1121,56.050000000000004,2,0.0,0.9168129587455276,0.9465813216157972,0.0
1121,56.050000000000004,3,0.0,0.9168129587455276,0.9465813216157972,0.0
1121,56.050000000000004,4,0.0,0.9168129587455276,0.9465813216157972,0.0
1121,56.050000000000004,5,0.0,0.9168129587455276,0.9465813216157972,0.0
1122,56.1,0,0.0,0.9168124538796534,0.9465809882675474,0.0
1122,56.1,1,0.0,0.9168124538796534,0.9465809882675474,0.0
1122,56.1,2,0.0,0.9168124538796534,0.9465809882675474,0.0
1122,56.1,3,0.0,0.9168124538796534,0.9465809882675474,0.0
1122,56.1,4,0.0,0.9168124538796538,0.9465809882675477,0.0
1122,56.1,5,0.0,0.9168124538796538,0.9465809882675477,0.0
1123,56.150000000000006,0,0.0,0.9168119505150947,0.9465806559104556,0.0
1123,56.150000000000006,1,0.0,0.9168119505150947,0.9465806559104556,0.0
1123,56.150000000000006,2,0.0,0.9168119505150947,0.9465806559104556,0.0
1123,56.150000000000006,3,0.0,0.9168119505150947,0.9465806559104556,0.0
1123,56.150000000000006,4,0.0,0.9168119505150947,0.9465806559104556,0.0
1123,56.150000000000006,5,0.0,0.9168119505150945,0.9465806559104554,0.0
1124,56.2,0,0.0,0.9168114486440131,0.9465803245393475,0.0
1124,56.2,1,0.0,0.9168114486440131,0.9465803245393475,0.0
1124,56.2,2,0.0,0.9168114486440129,0.9465803245393474,0.0
1124,56.2,3,0.0,0.9168114486440131,0.9465803245393475,0.0
1124,56.2,4,0.0,0.9168114486440131,0.9465803245393475,0.0
1124,56.2,5,0.0,0.9168114486440131,0.9465803245393475,0.0
1125,56.25,0,0.0,0.9168109482586624,0.9465799941491094,0.0
1125,56.25,1,0.0,0.9168109482586624,0.9465799941491094,0.0
1125,56.25,2,0.0,0.9168109482586624,0.9465799941491094,0.0
1125,56.25,3,0.0,0.9168109482586624,0.9465799941491094,0.0
1125,56.25,4,0.0,0.9168109482586628,0.9465799941491096,0.0
1125,56.25,5,0.0,0.9168109482586626,0.9465799941491095,0.0
1126,56.300000000000004,0,0.0,0.9168104493513842,0.9465796647346858,0.0
1126,56.300000000000004,1,0.0,0.9168104493513842,0.9465796647346858,0.0
1126,56.300000000000004,2,0.0,0.9168104493513842,0.9465796647346858,0.0
1126,56.300000000000004,3,0.0,0.9168104493513842,0.9465796647346858,0.0
1126,56.300000000000004,4,0.0,0.9168104493513842,0.9465796647346858,0.0
1126,56.300000000000004,5,0.0,0.9168104493513842,0.9465796647346858,0.0
1127,56.35,0,0.0,0.9168099519146049,0.9465793362910772,0.0
1127,56.35,1,0.0,0.9168099519146049,0.9465793362910772,0.0
1127,56.35,2,0.0,0.9168099519146049,0.9465793362910772,0.0
1127,56.35,3,0.0,0.9168099519146049,0.9465793362910772,0.0
1127,56.35,4,0.0,0.9168099519146049,0.9465793362910772,0.0
1127,56.35,5,0.0,0.9168099519146049,0.9465793362910772,0.0
1128,56.400000000000006,0,0.0,0.9168094559408373,0.9465790088133407,0.0
1128,56.400000000000006,1,0.0,0.9168094559408373,0.9465790088133407,0.0
1128,56.400000000000006,2,0.0,0.9168094559408377,0.946579008813341,0.0
1128,56.400000000000006,3,0.0,0.9168094559408373,0.9465790088133407,0.0
1128,56.400000000000006,4,0.0,0.9168094559408377,0.946579008813341,0.0
1128,56.400000000000006,5,0.0,0.9168094559408375,0.9465790088133409,0.0
1129,56.45,0,0.0,0.9168089614226778,0.9465786822965893,0.0
1129,56.45,1,0.0,0.9168089614226778,0.9465786822965893,0.0
1129,56.45,2,0.0,0.9168089614226778,0.9465786822965893,0.0
1129,56.45,3,0.0,0.9168089614226778,0.9465786822965893,0.0
1129,56.45,4,0.0,0.9168089614226778,0.9465786822965893,0.0
1129,56.45,5,0.0,0.9168089614226778,0.9465786822965893,0.0
1130,56.5,0,0.0,0.9168084683528048,0.9465783567359894,0.0
1130,56.5,1,0.0,0.9168084683528048,0.9465783567359894,0.0
1130,56.5,2,0.0,0.9168084683528048,0.9465783567359894,0.0
1130,56.5,3,0.0,0.9168084683528048,0.9465783567359894,0.0
1130,56.5,4,0.0,0.9168084683528048,0.9465783567359894,0.0
1130,56.5,5,0.0,0.9168084683528053,0.9465783567359897,0.0
1131,56.550000000000004,0,0.0,0.9168079767239796,0.9465780321267626,0.0
1131,56.550000000000004,1,0.0,0.9168079767239796,0.9465780321267626,0.0
1131,56.550000000000004,2,0.0,0.9168079767239796,0.9465780321267626,0.0
1131,56.550000000000004,3,0.0,0.9168079767239796,0.9465780321267626,0.0
1131,56.550000000000004,4,0.0,0.9168079767239796,0.9465780321267626,0.0
1131,56.550000000000004,5,0.0,0.9168079767239798,0.9465780321267627,0.0
1132,56.6,0,0.0,0.9168074865290416,0.9465777084641821,0.0
1132,56.6,1,0.0,0.9168074865290416,0.9465777084641821,0.0
1132,56.6,2,0.0,0.9168074865290416,0.9465777084641821,0.0
1132,56.6,3,0.0,0.9168074865290416,0.9465777084641821,0.0
1132,56.6,4,0.0,0.9168074865290416,0.9465777084641821,0.0
1132,56.6,5,0.0,0.9168074865290416,0.9465777084641821,0.0
1133,56.650000000000006,0,0.0,0.916806997760911,0.9465773857435739,0.0
1133,56.650000000000006,1,0.0,0.916806997760911,0.9465773857435739,0.0
1133,56.650000000000006,2,0.0,0.916806997760911,0.9465773857435739,0.0
1133,56.650000000000006,3,0.0,0.916806997760911,0.9465773857435739,0.0
1133,56.650000000000006,4,0.0,0.916806997760911,0.9465773857435739,0.0
1133,56.650000000000006,5,0.0,0.916806997760911,0.9465773857435739,0.0
1134,56.7,0,0.0,0.9168065104125831,0.9465770639603143,0.0
1134,56.7,1,0.0,0.9168065104125831,0.9465770639603143,0.0
1134,56.7,2,0.0,0.9168065104125831,0.9465770639603143,0.0
1134,56.7,3,0.0,0.9168065104125831,0.9465770639603143,0.0
1134,56.7,4,0.0,0.9168065104125831,0.9465770639603143,0.0
1134,56.7,5,0.0,0.9168065104125831,0.9465770639603143,0.0
1135,56.75,0,0.0,0.9168060244771314,0.9465767431098305,0.0
1135,56.75,1,0.0,0.9168060244771314,0.9465767431098305,0.0
1135,56.75,2,0.0,0.9168060244771314,0.9465767431098305,0.0
1135,56.75,3,0.0,0.9168060244771314,0.9465767431098305,0.0
1135,56.75,4,0.0,0.9168060244771314,0.9465767431098305,0.0
1135,56.75,5,0.0,0.9168060244771319,0.9465767431098309,0.0
1136,56.800000000000004,0,0.0,0.9168055399477051,0.9465764231876005,0.0
1136,56.800000000000004,1,0.0,0.9168055399477051,0.9465764231876005,0.0
1136,56.800000000000004,2,0.0,0.9168055399477055,0.9465764231876007,0.0
1136,56.800000000000004,3,0.0,0.9168055399477051,0.9465764231876005,0.0
1136,56.800000000000004,4,0.0,0.9168055399477055,0.9465764231876007,0.0
1136,56.800000000000004,5,0.0,0.9168055399477051,0.9465764231876005,0.0
1137,56.85,0,0.0,0.9168050568175254,0.9465761041891491,0.0
1137,56.85,1,0.0,0.9168050568175254,0.9465761041891491,0.0
1137,56.85,2,0.0,0.9168050568175254,0.9465761041891491,0.0
1137,56.85,3,0.0,0.9168050568175254,0.9465761041891491,0.0
1137,56.85,4,0.0,0.9168050568175254,0.9465761041891491,0.0
1137,56.85,5,0.0,0.9168050568175254,0.9465761041891491,0.0
1138,56.900000000000006,0,0.0,0.9168045750798881,0.9465757861100506,0.0
1138,56.900000000000006,1,0.0,0.9168045750798881,0.9465757861100506,0.0
1138,56.900000000000006,2,0.0,0.9168045750798881,0.9465757861100506,0.0
1138,56.900000000000006,3,0.0,0.9168045750798881,0.9465757861100506,0.0
1138,56.900000000000006,4,0.0,0.9168045750798881,0.9465757861100506,0.0
1138,56.900000000000006,5,0.0,0.9168045750798881,0.9465757861100506,0.0
1139,56.95,0,0.0,0.9168040947281597,0.9465754689459259,0.0
1139,56.95,1,0.0,0.9168040947281597,0.9465754689459259,0.0
1139,56.95,2,0.0,0.9168040947281597,0.9465754689459259,0.0
1139,56.95,3,0.0,0.9168040947281595,0.9465754689459258,0.0
1139,56.95,4,0.0,0.9168040947281595,0.9465754689459258,0.0
1139,56.95,5,0.0,0.9168040947281597,0.9465754689459259,0.0
1140,57.0,0,0.0,0.9168036157557773,0.9465751526924429,0.0
1140,57.0,1,0.0,0.9168036157557773,0.9465751526924429,0.0
1140,57.0,2,0.0,0.9168036157557773,0.9465751526924429,0.0
1140,57.0,3,0.0,0.9168036157557773,0.9465751526924429,0.0
1140,57.0,4,0.0,0.9168036157557773,0.9465751526924429,0.0
1140,57.0,5,0.0,0.9168036157557773,0.9465751526924429,0.0
1141,57.050000000000004,0,0.0,0.9168031381562491,0.9465748373453159,0.0
1141,57.050000000000004,1,0.0,0.9168031381562491,0.9465748373453159,0.0
1141,57.050000000000004,2,0.0,0.9168031381562491,0.9465748373453159,0.0
1141,57.050000000000004,3,0.0,0.9168031381562494,0.9465748373453161,0.0
1141,57.050000000000004,4,0.0,0.9168031381562494,0.9465748373453161,0.0
1141,57.050000000000004,5,0.0,0.9168031381562494,0.9465748373453161,0.0
1142,57.1,0,0.0,0.9168026619231511,0.9465745229003043,0.0
1142,57.1,1,0.0,0.9168026619231511,0.9465745229003043,0.0
1142,57.1,2,0.0,0.9168026619231506,0.9465745229003041,0.0
1142,57.1,3,0.0,0.9168026619231506,0.9465745229003041,0.0
1142,57.1,4,0.0,0.9168026619231511,0.9465745229003043,0.0
1142,57.1,5,0.0,0.9168026619231511,0.9465745229003043,0.0
1143,57.150000000000006,0,0.0,0.9168021870501251,0.9465742093532108,0.0
1143,57.150000000000006,1,0.0,0.9168021870501251,0.9465742093532108,0.0
1143,57.150000000000006,2,0.0,0.9168021870501251,0.9465742093532108,0.0
1143,57.150000000000006,3,0.0,0.9168021870501251,0.9465742093532108,0.0
1143,57.150000000000006,4,0.0,0.9168021870501251,0.9465742093532108,0.0
1143,57.150000000000006,5,0.0,0.9168021870501248,0.9465742093532107,0.0
1144,57.2,0,0.0,0.9168017135308815,0.9465738966998836,0.0
1144,57.2,1,0.0,0.9168017135308815,0.9465738966998836,0.0
1144,57.2,2,0.0,0.9168017135308815,0.9465738966998836,0.0
1144,57.2,3,0.0,0.9168017135308821,0.9465738966998839,0.0
1144,57.2,4,0.0,0.9168017135308821,0.9465738966998839,0.0
1144,57.2,5,0.0,0.9168017135308821,0.9465738966998839,0.0
1145,57.25,0,0.0,0.9168012413591948,0.9465735849362127,0.0
1145,57.25,1,0.0,0.9168012413591948,0.9465735849362127,0.0
1145,57.25,2,0.0,0.9168012413591948,0.9465735849362127,0.0
1145,57.25,3,0.0,0.9168012413591948,0.9465735849362127,0.0
1145,57.25,4,0.0,0.9168012413591948,0.9465735849362127,0.0
1145,57.25,5,0.0,0.9168012413591948,0.9465735849362127,0.0
1146,57.300000000000004,0,0.0,0.9168007705289056,0.9465732740581322,0.0
1146,57.300000000000004,1,0.0,0.9168007705289056,0.9465732740581322,0.0
1146,57.300000000000004,2,0.0,0.9168007705289056,0.9465732740581322,0.0
1146,57.300000000000004,3,0.0,0.9168007705289056,0.9465732740581322,0.0
1146,57.300000000000004,4,0.0,0.9168007705289056,0.9465732740581322,0.0
1146,57.300000000000004,5,0.0,0.9168007705289059,0.9465732740581324,0.0
1147,57.35,0,0.0,0.9168003010339156,0.9465729640616166,0.0
1147,57.35,1,0.0,0.9168003010339156,0.9465729640616166,0.0
1147,57.35,2,0.0,0.9168003010339156,0.9465729640616166,0.0
1147,57.35,3,0.0,0.9168003010339156,0.9465729640616166,0.0
1147,57.35,4,0.0,0.9168003010339156,0.9465729640616166,0.0
1147,57.35,5,0.0,0.9168003010339161,0.9465729640616168,0.0
1148,57.400000000000006,0,0.0,0.9167998328681908,0.9465726549426824,0.0
1148,57.400000000000006,1,0.0,0.9167998328681908,0.9465726549426824,0.0
1148,57.400000000000006,2,0.0,0.9167998328681908,0.9465726549426824,0.0
1148,57.400000000000006,3,0.0,0.9167998328681908,0.9465726549426824,0.0
1148,57.400000000000006,4,0.0,0.9167998328681908,0.9465726549426824,0.0
1148,57.400000000000006,5,0.0,0.9167998328681906,0.9465726549426822,0.0
1149,57.45,0,0.0,0.9167993660257581,0.9465723466973867,0.0
1149,57.45,1,0.0,0.9167993660257581,0.9465723466973867,0.0
1149,57.45,2,0.0,0.9167993660257578,0.9465723466973865,0.0
1149,57.45,3,0.0,0.9167993660257578,0.9465723466973865,0.0
1149,57.45,4,0.0,0.9167993660257578,0.9465723466973865,0.0
1149,57.45,5,0.0,0.9167993660257578,0.9465723466973865,0.0
1150,57.5,0,0.0,0.9167989005007038,0.9465720393218255,0.0
1150,57.5,1,0.0,0.9167989005007038,0.9465720393218255,0.0
1150,57.5,2,0.0,0.9167989005007038,0.9465720393218255,0.0
1150,57.5,3,0.0,0.9167989005007038,0.9465720393218255,0.0
1150,57.5,4,0.0,0.9167989005007038,0.9465720393218255,0.0
1150,57.5,5,0.0,0.9167989005007038,0.9465720393218255,0.0
1151,57.550000000000004,0,0.0,0.9167984362871766,0.9465717328121365,0.0
1151,57.550000000000004,1,0.0,0.9167984362871766,0.9465717328121365,0.0
1151,57.550000000000004,2,0.0,0.9167984362871766,0.9465717328121365,0.0
1151,57.550000000000004,3,0.0,0.9167984362871766,0.9465717328121365,0.0
1151,57.550000000000004,4,0.0,0.9167984362871766,0.9465717328121365,0.0
1151,57.550000000000004,5,0.0,0.9167984362871766,0.9465717328121365,0.0
1152,57.6,0,0.0,0.9167979733793812,0.9465714271644937,0.0
1152,57.6,1,0.0,0.9167979733793812,0.9465714271644937,0.0
1152,57.6,2,0.0,0.9167979733793812,0.9465714271644937,0.0
1152,57.6,3,0.0,0.9167979733793812,0.9465714271644937,0.0
1152,57.6,4,0.0,0.9167979733793812,0.9465714271644937,0.0
1152,57.6,5,0.0,0.9167979733793816,0.946571427164494,0.0
1153,57.650000000000006,0,0.0,0.9167975117715825,0.9465711223751114,0.0
1153,57.650000000000006,1,0.0,0.9167975117715825,0.9465711223751114,0.0
1153,57.650000000000006,2,0.0,0.9167975117715825,0.9465711223751114,0.0
1153,57.650000000000006,3,0.0,0.9167975117715825,0.9465711223751114,0.0
1153,57.650000000000006,4,0.0,0.9167975117715825,0.9465711223751114,0.0
1153,57.650000000000006,5,0.0,0.9167975117715825,0.9465711223751114,0.0
1154,57.7,0,0.0,0.9167970514581005,0.9465708184402399,0.0
1154,57.7,1,0.0,0.9167970514581005,0.9465708184402399,0.0
1154,57.7,2,0.0,0.9167970514581005,0.9465708184402399,0.0
1154,57.7,3,0.0,0.9167970514581005,0.9465708184402399,0.0
1154,57.7,4,0.0,0.9167970514581005,0.9465708184402399,0.0
1154,57.7,5,0.0,0.9167970514581005,0.9465708184402399,0.0
1155,57.75,0,0.0,0.9167965924333121,0.9465705153561673,0.0
1155,57.75,1,0.0,0.9167965924333121,0.9465705153561673,0.0
1155,57.75,2,0.0,0.9167965924333121,0.9465705153561673,0.0
1155,57.75,3,0.0,0.9167965924333121,0.9465705153561673,0.0
1155,57.75,4,0.0,0.9167965924333121,0.9465705153561673,0.0
1155,57.75,5,0.0,0.9167965924333124,0.9465705153561674,0.0
1156,57.800000000000004,0,0.0,0.9167961346916507,0.9465702131192187,0.0
1156,57.800000000000004,1,0.0,0.9167961346916507,0.9465702131192187,0.0
1156,57.800000000000004,2,0.0,0.9167961346916507,0.9465702131192187,0.0
1156,57.800000000000004,3,0.0,0.9167961346916507,0.9465702131192187,0.0
1156,57.800000000000004,4,0.0,0.9167961346916507,0.9465702131192187,0.0
1156,57.800000000000004,5,0.0,0.9167961346916502,0.9465702131192185,0.0
1157,57.85,0,0.0,0.9167956782276017,0.9465699117257541,0.0
1157,57.85,1,0.0,0.9167956782276017,0.9465699117257541,0.0
1157,57.85,2,0.0,0.9167956782276017,0.9465699117257541,0.0
1157,57.85,3,0.0,0.9167956782276017,0.9465699117257541,0.0
1157,57.85,4,0.0,0.9167956782276017,0.9465699117257541,0.0
1157,57.85,5,0.0,0.9167956782276017,0.9465699117257541,0.0
1158,57.900000000000006,0,0.0,0.9167952230357053,0.9465696111721692,0.0
1158,57.900000000000006,1,0.0,0.9167952230357053,0.9465696111721692,0.0
1158,57.900000000000006,2,0.0,0.9167952230357053,0.9465696111721692,0.0
1158,57.900000000000006,3,0.0,0.9167952230357053,0.9465696111721692,0.0
1158,57.900000000000006,4,0.0,0.9167952230357053,0.9465696111721692,0.0
1158,57.900000000000006,5,0.0,0.9167952230357053,0.9465696111721692,0.0
1159,57.95,0,0.0,0.9167947691105558,0.9465693114548953,0.0
1159,57.95,1,0.0,0.9167947691105558,0.9465693114548953,0.0
1159,57.95,2,0.0,0.9167947691105558,0.9465693114548953,0.0
1159,57.95,3,0.0,0.9167947691105558,0.9465693114548953,0.0
1159,57.95,4,0.0,0.9167947691105558,0.9465693114548953,0.0
1159,57.95,5,0.0,0.9167947691105558,0.9465693114548953,0.0
1160,58.0,0,0.0,0.9167943164467971,0.9465690125703969,0.0
1160,58.0,1,0.0,0.9167943164467971,0.9465690125703969,0.0
1160,58.0,2,0.0,0.9167943164467971,0.9465690125703969,0.0
1160,58.0,3,0.0,0.9167943164467971,0.9465690125703969,0.0
1160,58.0,4,0.0,0.9167943164467971,0.9465690125703969,0.0
1160,58.0,5,0.0,0.9167943164467973,0.946569012570397,0.0
1161,58.050000000000004,0,0.0,0.9167938650391274,0.9465687145151741,0.0
1161,58.050000000000004,1,0.0,0.9167938650391274,0.9465687145151741,0.0
1161,58.050000000000004,2,0.0,0.9167938650391274,0.9465687145151741,0.0
1161,58.050000000000004,3,0.0,0.9167938650391274,0.9465687145151741,0.0
1161,58.050000000000004,4,0.0,0.9167938650391274,0.9465687145151741,0.0
1161,58.050000000000004,5,0.0,0.9167938650391276,0.9465687145151742,0.0
1162,58.1,0,0.0,0.9167934148822929,0.9465684172857586,0.0
1162,58.1,1,0.0,0.9167934148822929,0.9465684172857586,0.0
1162,58.1,2,0.0,0.9167934148822929,0.9465684172857586,0.0
1162,58.1,3,0.0,0.9167934148822929,0.9465684172857586,0.0
1162,58.1,4,0.0,0.9167934148822932,0.9465684172857588,0.0
1162,58.1,5,0.0,0.9167934148822929,0.9465684172857586,0.0
1163,58.150000000000006,0,0.0,0.9167929659710903,0.9465681208787157,0.0
1163,58.150000000000006,1,0.0,0.9167929659710903,0.9465681208787157,0.0
1163,58.150000000000006,2,0.0,0.9167929659710903,0.9465681208787157,0.0
1163,58.150000000000006,3,0.0,0.9167929659710903,0.9465681208787157,0.0
1163,58.150000000000006,4,0.0,0.9167929659710903,0.9465681208787157,0.0
1163,58.150000000000006,5,0.0,0.9167929659710903,0.9465681208787157,0.0
1164,58.2,0,0.0,0.9167925183003656,0.9465678252906428,0.0
1164,58.2,1,0.0,0.9167925183003656,0.9465678252906428,0.0
1164,58.2,2,0.0,0.9167925183003656,0.9465678252906428,0.0
1164,58.2,3,0.0,0.9167925183003656,0.9465678252906428,0.0
1164,58.2,4,0.0,0.9167925183003656,0.9465678252906429,0.0
1164,58.2,5,0.0,0.9167925183003656,0.9465678252906429,0.0
1165,58.25,0,0.0,0.9167920718650124,0.9465675305181693,0.0
1165,58.25,1,0.0,0.9167920718650124,0.9465675305181693,0.0
1165,58.25,2,0.0,0.9167920718650124,0.9465675305181693,0.0
1165,58.25,3,0.0,0.9167920718650124,0.9465675305181693,0.0
1165,58.25,4,0.0,0.9167920718650124,0.9465675305181693,0.0
1165,58.25,5,0.0,0.9167920718650124,0.9465675305181693,0.0
1166,58.300000000000004,0,0.0,0.9167916266599734,0.9465672365579567,0.0
1166,58.300000000000004,1,0.0,0.9167916266599734,0.9465672365579567,0.0
1166,58.300000000000004,2,0.0,0.9167916266599734,0.9465672365579567,0.0
1166,58.300000000000004,3,0.0,0.9167916266599729,0.9465672365579564,0.0
1166,58.300000000000004,4,0.0,0.9167916266599734,0.9465672365579567,0.0
1166,58.300000000000004,5,0.0,0.9167916266599729,0.9465672365579564,0.0
1167,58.35,0,0.0,0.9167911826802368,0.9465669434066964,0.0
1167,58.35,1,0.0,0.9167911826802368,0.9465669434066964,0.0
1167,58.35,2,0.0,0.9167911826802368,0.9465669434066964,0.0
1167,58.35,3,0.0,0.9167911826802368,0.9465669434066964,0.0
1167,58.35,4,0.0,0.9167911826802368,0.9465669434066964,0.0
1167,58.35,5,0.0,0.9167911826802368,0.9465669434066964,0.0
1168,58.400000000000006,0,0.0,0.916790739920837,0.9465666510611106,0.0
1168,58.400000000000006,1,0.0,0.916790739920837,0.9465666510611106,0.0
1168,58.400000000000006,2,0.0,0.9167907399208366,0.9465666510611103,0.0
1168,58.400000000000006,3,0.0,0.9167907399208366,0.9465666510611103,0.0
1168,58.400000000000006,4,0.0,0.916790739920837,0.9465666510611106,0.0
1168,58.400000000000006,5,0.0,0.916790739920837,0.9465666510611106,0.0
1169,58.45,0,0.0,0.9167902983768543,0.9465663595179515,0.0
1169,58.45,1,0.0,0.9167902983768543,0.9465663595179515,0.0
1169,58.45,2,0.0,0.9167902983768543,0.9465663595179515,0.0
1169,58.45,3,0.0,0.9167902983768543,0.9465663595179515,0.0
1169,58.45,4,0.0,0.9167902983768543,0.9465663595179515,0.0
1169,58.45,5,0.0,0.9167902983768543,0.9465663595179515,0.0
1170,58.5,0,0.0,0.9167898580434135,0.9465660687740011,0.0
1170,58.5,1,0.0,0.9167898580434135,0.9465660687740011,0.0
1170,58.5,2,0.0,0.9167898580434135,0.9465660687740011,0.0
1170,58.5,3,0.0,0.9167898580434135,0.9465660687740011,0.0
1170,58.5,4,0.0,0.916789858043414,0.9465660687740013,0.0
1170,58.5,5,0.0,0.9167898580434135,0.946566068774001,0.0
1171,58.550000000000004,0,0.0,0.9167894189156851,0.946565778826071,0.0
1171,58.550000000000004,1,0.0,0.9167894189156851,0.946565778826071,0.0
1171,58.550000000000004,2,0.0,0.9167894189156851,0.946565778826071,0.0
1171,58.550000000000004,3,0.0,0.9167894189156851,0.946565778826071,0.0
1171,58.550000000000004,4,0.0,0.9167894189156851,0.946565778826071,0.0
1171,58.550000000000004,5,0.0,0.9167894189156851,0.946565778826071,0.0
1172,58.6,0,0.0,0.9167889809888816,0.9465654896710011,0.0
1172,58.6,1,0.0,0.9167889809888816,0.9465654896710011,0.0
1172,58.6,2,0.0,0.9167889809888816,0.9465654896710011,0.0
1172,58.6,3,0.0,0.9167889809888814,0.9465654896710008,0.0
1172,58.6,4,0.0,0.9167889809888814,0.9465654896710008,0.0
1172,58.6,5,0.0,0.9167889809888816,0.9465654896710011,0.0
1173,58.650000000000006,0,0.0,0.9167885442582577,0.9465652013056586,0.0
1173,58.650000000000006,1,0.0,0.9167885442582577,0.9465652013056586,0.0
1173,58.650000000000006,2,0.0,0.9167885442582577,0.9465652013056586,0.0
1173,58.650000000000006,3,0.0,0.9167885442582577,0.9465652013056586,0.0
1173,58.650000000000006,4,0.0,0.9167885442582577,0.9465652013056586,0.0
1173,58.650000000000006,5,0.0,0.9167885442582577,0.9465652013056586,0.0
1174,58.7,0,0.0,0.9167881087191119,0.9465649137269402,0.0
1174,58.7,1,0.0,0.9167881087191119,0.9465649137269402,0.0
1174,58.7,2,0.0,0.9167881087191119,0.9465649137269402,0.0
1174,58.7,3,0.0,0.9167881087191119,0.9465649137269402,0.0
1174,58.7,4,0.0,0.9167881087191119,0.9465649137269402,0.0
1174,58.7,5,0.0,0.9167881087191119,0.9465649137269402,0.0
1175,58.75,0,0.0,0.9167876743667829,0.9465646269317688,0.0
1175,58.75,1,0.0,0.9167876743667829,0.9465646269317688,0.0
1175,58.75,2,0.0,0.9167876743667829,0.9465646269317687,0.0
1175,58.75,3,0.0,0.9167876743667829,0.9465646269317688,0.0
1175,58.75,4,0.0,0.9167876743667829,0.9465646269317688,0.0
1175,58.75,5,0.0,0.9167876743667829,0.9465646269317688,0.0
1176,58.800000000000004,0,0.0,0.9167872411966529,0.9465643409170958,0.0
1176,58.800000000000004,1,0.0,0.9167872411966529,0.9465643409170958,0.0
1176,58.800000000000004,2,0.0,0.9167872411966529,0.9465643409170958,0.0
1176,58.800000000000004,3,0.0,0.9167872411966529,0.9465643409170958,0.0
1176,58.800000000000004,4,0.0,0.9167872411966529,0.9465643409170958,0.0
1176,58.800000000000004,5,0.0,0.9167872411966529,0.9465643409170958,0.0
1177,58.85,0,0.0,0.9167868092041416,0.946564055679898,0.0
1177,58.85,1,0.0,0.9167868092041416,0.946564055679898,0.0
1177,58.85,2,0.0,0.9167868092041416,0.946564055679898,0.0
1177,58.85,3,0.0,0.9167868092041416,0.946564055679898,0.0
1177,58.85,4,0.0,0.9167868092041416,0.946564055679898,0.0
1177,58.85,5,0.0,0.9167868092041422,0.9465640556798983,0.0
1178,58.900000000000006,0,0.0,0.9167863783847106,0.9465637712171792,0.0
1178,58.900000000000006,1,0.0,0.9167863783847106,0.9465637712171792,0.0
1178,58.900000000000006,2,0.0,0.9167863783847106,0.9465637712171792,0.0
1178,58.900000000000006,3,0.0,0.9167863783847106,0.9465637712171792,0.0
1178,58.900000000000006,4,0.0,0.9167863783847106,0.9465637712171792,0.0
1178,58.900000000000006,5,0.0,0.9167863783847106,0.9465637712171792,0.0
1179,58.95,0,0.0,0.9167859487338597,0.9465634875259686,0.0
1179,58.95,1,0.0,0.9167859487338597,0.9465634875259686,0.0
1179,58.95,2,0.0,0.9167859487338597,0.9465634875259686,0.0
1179,58.95,3,0.0,0.9167859487338597,0.9465634875259686,0.0
1179,58.95,4,0.0,0.9167859487338597,0.9465634875259686,0.0
1179,58.95,5,0.0,0.9167859487338597,0.9465634875259686,0.0
1180,59.0,0,0.0,0.9167855202471273,0.9465632046033213,0.0
1180,59.0,1,0.0,0.9167855202471273,0.9465632046033213,0.0
1180,59.0,2,0.0,0.9167855202471273,0.9465632046033213,0.0
1180,59.0,3,0.0,0.9167855202471273,0.9465632046033213,0.0
1180,59.0,4,0.0,0.9167855202471273,0.9465632046033213,0.0
1180,59.0,5,0.0,0.9167855202471273,0.9465632046033213,0.0
1181,59.050000000000004,0,0.0,0.9167850929200914,0.946562922446318,0.0
1181,59.050000000000004,1,0.0,0.9167850929200914,0.946562922446318,0.0
1181,59.050000000000004,2,0.0,0.9167850929200914,0.946562922446318,0.0
1181,59.050000000000004,3,0.0,0.9167850929200914,0.946562922446318,0.0
1181,59.050000000000004,4,0.0,0.9167850929200914,0.946562922446318,0.0
1181,59.050000000000004,5,0.0,0.9167850929200914,0.946562922446318,0.0
1182,59.1,0,0.0,0.9167846667483661,0.9465626410520634,0.0
1182,59.1,1,0.0,0.9167846667483661,0.9465626410520634,0.0
1182,59.1,2,0.0,0.9167846667483661,0.9465626410520634,0.0
1182,59.1,3,0.0,0.9167846667483661,0.9465626410520634,0.0
1182,59.1,4,0.0,0.9167846667483661,0.9465626410520634,0.0
1182,59.1,5,0.0,0.9167846667483661,0.9465626410520634,0.0
1183,59.150000000000006,0,0.0,0.9167842417276024,0.9465623604176869,0.0
1183,59.150000000000006,1,0.0,0.9167842417276024,0.9465623604176869,0.0
1183,59.150000000000006,2,0.0,0.9167842417276024,0.9465623604176869,0.0
1183,59.150000000000006,3,0.0,0.9167842417276024,0.9465623604176869,0.0
1183,59.150000000000006,4,0.0,0.9167842417276024,0.9465623604176868,0.0
1183,59.150000000000006,5,0.0,0.9167842417276024,0.9465623604176869,0.0
1184,59.2,0,0.0,0.9167838178534895,0.9465620805403425,0.0
1184,59.2,1,0.0,0.9167838178534895,0.9465620805403425,0.0
1184,59.2,2,0.0,0.9167838178534895,0.9465620805403425,0.0
1184,59.2,3,0.0,0.9167838178534895,0.9465620805403425,0.0
1184,59.2,4,0.0,0.9167838178534895,0.9465620805403425,0.0
1184,59.2,5,0.0,0.9167838178534891,0.9465620805403422,0.0
1185,59.25,0,0.0,0.9167833951217503,0.9465618014172069,0.0
1185,59.25,1,0.0,0.9167833951217503,0.9465618014172069,0.0
1185,59.25,2,0.0,0.9167833951217501,0.9465618014172068,0.0
1185,59.25,3,0.0,0.9167833951217501,0.9465618014172068,0.0
1185,59.25,4,0.0,0.9167833951217503,0.9465618014172069,0.0
1185,59.25,5,0.0,0.9167833951217503,0.9465618014172069,0.0
1186,59.300000000000004,0,0.0,0.9167829735281454,0.9465615230454816,0.0
1186,59.300000000000004,1,0.0,0.9167829735281454,0.9465615230454816,0.0
1186,59.300000000000004,2,0.0,0.9167829735281454,0.9465615230454816,0.0
1186,59.300000000000004,3,0.0,0.9167829735281454,0.9465615230454816,0.0
1186,59.300000000000004,4,0.0,0.9167829735281452,0.9465615230454815,0.0
1186,59.300000000000004,5,0.0,0.9167829735281454,0.9465615230454816,0.0
1187,59.35,0,0.0,0.916782553068469,0.9465612454223901,0.0
1187,59.35,1,0.0,0.916782553068469,0.9465612454223901,0.0
1187,59.35,2,0.0,0.916782553068469,0.9465612454223901,0.0
1187,59.35,3,0.0,0.916782553068469,0.9465612454223901,0.0
1187,59.35,4,0.0,0.916782553068469,0.9465612454223901,0.0
1187,59.35,5,0.0,0.916782553068469,0.9465612454223901,0.0
1188,59.400000000000006,0,0.0,0.91678213373855,0.946560968545179,0.0
1188,59.400000000000006,1,0.0,0.91678213373855,0.946560968545179,0.0
1188,59.400000000000006,2,0.0,0.91678213373855,0.946560968545179,0.0
1188,59.400000000000006,3,0.0,0.91678213373855,0.946560968545179,0.0
1188,59.400000000000006,4,0.0,0.91678213373855,0.946560968545179,0.0
1188,59.400000000000006,5,0.0,0.91678213373855,0.946560968545179,0.0
1189,59.45,0,0.0,0.9167817155342517,0.9465606924111177,0.0
1189,59.45,1,0.0,0.9167817155342517,0.9465606924111177,0.0
1189,59.45,2,0.0,0.9167817155342517,0.9465606924111177,0.0
1189,59.45,3,0.0,0.9167817155342517,0.9465606924111177,0.0
1189,59.45,4,0.0,0.9167817155342517,0.9465606924111177,0.0
1189,59.45,5,0.0,0.9167817155342517,0.9465606924111177,0.0
1190,59.5,0,0.0,0.9167812984514703,0.9465604170174969,0.0
1190,59.5,1,0.0,0.9167812984514703,0.9465604170174969,0.0
1190,59.5,2,0.0,0.9167812984514703,0.9465604170174969,0.0
1190,59.5,3,0.0,0.9167812984514703,0.9465604170174969,0.0
1190,59.5,4,0.0,0.9167812984514703,0.9465604170174969,0.0
1190,59.5,5,0.0,0.9167812984514703,0.9465604170174969,0.0
1191,59.550000000000004,0,0.0,0.9167808824861357,0.9465601423616302,0.0
1191,59.550000000000004,1,0.0,0.9167808824861357,0.9465601423616302,0.0
1191,59.550000000000004,2,0.0,0.9167808824861357,0.9465601423616302,0.0
1191,59.550000000000004,3,0.0,0.9167808824861357,0.9465601423616302,0.0
1191,59.550000000000004,4,0.0,0.9167808824861357,0.9465601423616302,0.0
1191,59.550000000000004,5,0.0,0.9167808824861357,0.9465601423616302,0.0
1192,59.6,0,0.0,0.9167804676342102,0.9465598684408518,0.0
1192,59.6,1,0.0,0.9167804676342102,0.9465598684408518,0.0
1192,59.6,2,0.0,0.9167804676342102,0.9465598684408518,0.0
1192,59.6,3,0.0,0.9167804676342102,0.9465598684408518,0.0
1192,59.6,4,0.0,0.9167804676342102,0.9465598684408518,0.0
1192,59.6,5,0.0,0.9167804676342102,0.9465598684408518,0.0
1193,59.650000000000006,0,0.0,0.9167800538916875,0.9465595952525172,0.0
1193,59.650000000000006,1,0.0,0.9167800538916875,0.9465595952525172,0.0
1193,59.650000000000006,2,0.0,0.9167800538916875,0.9465595952525172,0.0
1193,59.650000000000006,3,0.0,0.9167800538916875,0.9465595952525172,0.0
1193,59.650000000000006,4,0.0,0.9167800538916875,0.9465595952525172,0.0
1193,59.650000000000006,5,0.0,0.9167800538916875,0.9465595952525172,0.0
1194,59.7,0,0.0,0.9167796412545937,0.9465593227940032,0.0
1194,59.7,1,0.0,0.9167796412545937,0.9465593227940032,0.0
1194,59.7,2,0.0,0.9167796412545937,0.9465593227940032,0.0
1194,59.7,3,0.0,0.9167796412545937,0.9465593227940032,0.0
1194,59.7,4,0.0,0.9167796412545939,0.9465593227940033,0.0
1194,59.7,5,0.0,0.9167796412545937,0.9465593227940032,0.0
1195,59.75,0,0.0,0.9167792297189854,0.9465590510627067,0.0
1195,59.75,1,0.0,0.9167792297189854,0.9465590510627067,0.0
1195,59.75,2,0.0,0.9167792297189854,0.9465590510627067,0.0
1195,59.75,3,0.0,0.9167792297189854,0.9465590510627067,0.0
1195,59.75,4,0.0,0.9167792297189854,0.9465590510627067,0.0
1195,59.75,5,0.0,0.9167792297189854,0.9465590510627067,0.0
1196,59.800000000000004,0,0.0,0.9167788192809507,0.9465587800560451,0.0
1196,59.800000000000004,1,0.0,0.9167788192809507,0.9465587800560451,0.0
1196,59.800000000000004,2,0.0,0.9167788192809507,0.9465587800560451,0.0
1196,59.800000000000004,3,0.0,0.9167788192809507,0.9465587800560451,0.0
1196,59.800000000000004,4,0.0,0.9167788192809507,0.9465587800560451,0.0
1196,59.800000000000004,5,0.0,0.9167788192809507,0.9465587800560451,0.0
1197,59.85,0,0.0,0.9167784099366081,0.9465585097714563,0.0
1197,59.85,1,0.0,0.9167784099366081,0.9465585097714563,0.0
1197,59.85,2,0.0,0.9167784099366081,0.9465585097714563,0.0
1197,59.85,3,0.0,0.9167784099366081,0.9465585097714563,0.0
1197,59.85,4,0.0,0.9167784099366081,0.9465585097714563,0.0
1197,59.85,5,0.0,0.9167784099366081,0.9465585097714563,0.0
1198,59.900000000000006,0,0.0,0.9167780016821059,0.9465582402063976,0.0
1198,59.900000000000006,1,0.0,0.9167780016821059,0.9465582402063976,0.0
1198,59.900000000000006,2,0.0,0.9167780016821059,0.9465582402063976,0.0
1198,59.900000000000006,3,0.0,0.9167780016821057,0.9465582402063974,0.0
1198,59.900000000000006,4,0.0,0.9167780016821057,0.9465582402063974,0.0
1198,59.900000000000006,5,0.0,0.9167780016821057,0.9465582402063974,0.0
1199,59.95,0,0.0,0.9167775945136203,0.9465579713583449,0.0
1199,59.95,1,0.0,0.9167775945136203,0.9465579713583449,0.0
1199,59.95,2,0.0,0.9167775945136203,0.9465579713583449,0.0
1199,59.95,3,0.0,0.9167775945136207,0.9465579713583452,0.0
1199,59.95,4,0.0,0.9167775945136207,0.9465579713583452,0.0
1199,59.95,5,0.0,0.9167775945136203,0.9465579713583449,0.0
1200,60.0,0,0.0,0.916777188427359,0.9465577032247948,0.0
1200,60.0,1,0.0,0.916777188427359,0.9465577032247948,0.0
1200,60.0,2,0.0,0.916777188427359,0.9465577032247948,0.0
1200,60.0,3,0.0,0.916777188427359,0.9465577032247948,0.0
1200,60.0,4,0.0,0.916777188427359,0.9465577032247948,0.0
1200,60.0,5,0.0,0.916777188427359,0.9465577032247948,0.0
