success,completion_time,min_obs_distance,min_agent_distance,collisions,control_cost,control_smoothness,input_saturation_ratio,max_angle_gap_deg,radius_variance,mean_radius,current_center_error,predicted_center_error,path_length,stall_steps,convoy_ratio,inside_any,inside_final,gmax_success,radius_success,sigma_success,no_collision,obs_collision,agent_collision,dwell_success,dwell_geom_success,dwell_success_no_collision,radius_error_final,success_geom_final,success_no_collision,gmax_reach_time,time_to_inside,time_to_gmax,time_to_radius,time_to_full_geom,success_hold_time,post_success_violation_count,last_10s_gmax_mean,last_10s_radius_error_mean,last_10s_inside_rate,scene,method,seed,speed_scale,t_pred
False,14.100000000000001,-0.22201328665789666,0.3803847571575557,True,87.45515619615536,0.1557552136218149,0.19079108498652952,265.0612084704135,0.14886348014508716,2.003834201191806,1.7480286287382858,1.7592308479162493,109.15552513270828,130,1.0,False,False,False,False,True,False,True,True,True,True,False,0.9961657988081938,False,False,68.0,68.0,68.0,13.25,68.0,53.95,0,265.2657796930289,0.992710451752969,0.0,e1_tracking_single_obstacle,M7,10,0.5,0.3
False,14.0,-0.20937405162695744,0.38110930913006363,True,87.00194346066463,0.15504519749373727,0.18956649522409993,265.0584707897114,0.14779460396516905,2.0022940597927907,1.7457007784037033,1.7566037448958787,108.48634634707724,164,1.0,False,False,False,False,True,False,True,True,True,True,False,0.9977059402072093,False,False,68.0,68.0,68.0,13.200000000000001,68.0,54.050000000000004,0,265.2736842679168,0.9941543862510761,0.0,e1_tracking_single_obstacle,M7,11,0.5,0.3
False,14.05,-0.22148285227536257,0.3817003471129983,True,87.11724536091725,0.14266374097681803,0.19030124908155768,264.4384106478292,0.1385017761458018,1.9959608625801775,1.7336897851895274,1.7438903099487364,108.95946714909432,166,1.0,False,False,False,False,True,False,True,True,True,True,False,1.0040391374198225,False,False,68.0,68.0,68.0,13.25,68.0,54.0,0,264.9091725314584,1.000153599940782,0.0,e1_tracking_single_obstacle,M7,12,0.5,0.3
False,14.0,-0.19778219249725437,0.3798835249928807,True,86.72718200030081,0.1445288188809047,0.19005633112907175,265.10774713266335,0.14906797021602206,2.0045847940821395,1.7490529551973109,1.7604314350325891,108.65664907346199,108,1.0,False,False,False,False,True,False,True,True,True,True,False,0.9954152059178605,False,False,68.0,68.0,68.0,13.200000000000001,68.0,54.050000000000004,0,265.31740215568755,0.9919370532239492,0.0,e1_tracking_single_obstacle,M7,13,0.5,0.3
False,14.05,-0.27895498969687393,0.38170282630861163,True,87.16969552918347,0.13897158764658196,0.19128092089150134,264.53951389119675,0.1389869695757979,1.9967031059353422,1.734862819797637,1.745202970483106,109.11620983943489,152,1.0,False,False,False,False,True,False,True,True,True,True,False,1.0032968940646578,False,False,68.0,68.0,68.0,13.25,68.0,54.0,0,265.0091975903467,0.9993795922467933,0.0,e1_tracking_single_obstacle,M7,14,0.5,0.3
False,14.100000000000001,-0.19130408497747997,0.38131314587389264,True,87.48009816634209,0.1449234035364967,0.1914033798677443,264.56739851069767,0.13942920614767645,1.9967032019497672,1.7350704384729956,1.7453415189796644,108.91475530518548,170,1.0,False,False,False,False,True,False,True,True,True,True,False,1.0032967980502328,False,False,68.0,68.0,68.0,13.3,68.0,53.95,0,265.0438567172967,0.9993124281892682,0.0,e1_tracking_single_obstacle,M7,15,0.5,0.3
False,14.05,-0.2146503391490483,0.3807352734004028,True,87.10006086386804,0.14712879326665707,0.19066862601028656,265.22928826558655,0.14910039262532346,2.0052248751338424,1.7499123316734706,1.761467779694145,109.25562529036917,82,1.0,False,False,False,False,True,False,True,True,True,True,False,0.9947751248661576,False,False,68.0,68.0,68.0,13.25,68.0,54.0,0,265.44424945586945,0.991222924134666,0.0,e1_tracking_single_obstacle,M7,16,0.5,0.3
False,14.15,-0.2778501019954509,0.373799469594886,True,87.7375370632733,0.14521712670190157,0.19152583884398727,264.9526842551001,0.14279840424308798,1.9995285468930162,1.7401683272269752,1.750801438614073,109.48355390732806,168,1.0,False,False,False,False,True,False,True,True,True,True,False,1.0004714531069838,False,False,68.0,68.0,68.0,13.3,68.0,53.900000000000006,0,265.34771442079216,0.9964378895177706,0.0,e1_tracking_single_obstacle,M7,17,0.5,0.3
False,14.05,-0.18731834510300494,0.3838713326773448,True,87.09080971588605,0.15027940766731812,0.1905461670340436,264.3126899222963,0.1381135807211005,1.994881771827636,1.7321334210598835,1.7420800802035412,108.67675792396696,200,1.0,False,False,False,False,True,False,True,True,True,True,False,1.005118228172364,False,False,68.0,68.0,68.0,13.25,68.0,54.0,0,264.79074814186157,1.0012338298653276,0.0,e1_tracking_single_obstacle,M7,18,0.5,0.3
False,14.05,-0.2056808652627935,0.38017458375712915,True,87.30163420580186,0.15989739799786745,0.19030124908155768,265.14236523013443,0.14924745817938515,2.005338506791024,1.7500628688181112,1.761617200494602,109.27022090391537,87,1.0,False,False,False,False,True,False,True,True,True,True,False,0.9946614932089761,False,False,68.0,68.0,68.0,13.25,68.0,54.0,0,265.3588642250011,0.991159363065965,0.0,e1_tracking_single_obstacle,M7,19,0.5,0.3
False,14.100000000000001,-0.17405704317577853,0.3829270577356979,True,87.46641928988618,0.14080012183181262,0.19066862601028656,264.4275585468523,0.13866827432358153,1.9957131374052093,1.7334541267028196,1.7435552270975887,109.58403208760112,184,1.0,False,False,False,False,True,False,True,True,True,True,False,1.0042868625947907,False,False,68.0,68.0,68.0,13.25,68.0,53.95,0,264.9054414264254,1.0003614747041099,0.0,e1_tracking_single_obstacle,M7,20,0.5,0.3
False,14.100000000000001,-0.1569144455866135,0.38387185382047756,True,87.34427608807749,0.13882774193008554,0.1916482978202302,265.13096675364443,0.14917213603977442,2.0050050242849857,1.7496201344546363,1.7610973322801486,109.35095169191823,96,1.0,False,False,False,False,True,False,True,True,True,True,False,0.9949949757150143,False,False,68.0,68.0,68.0,13.3,68.0,53.95,0,265.34392498895613,0.9915036498326009,0.0,e1_tracking_single_obstacle,M7,21,0.5,0.3
False,14.100000000000001,-0.22544693541330973,0.3898858676107697,True,87.23463154866769,0.14447204299881883,0.19189321577271615,265.21997949497745,0.1483452506089407,2.00406613838433,1.7481791532850033,1.7595047075175112,109.2575702479741,108,1.0,False,False,False,False,True,False,True,True,True,True,False,0.9959338616156699,False,False,68.0,68.0,68.0,13.25,68.0,53.95,0,265.44223504580833,0.9923181365190896,0.0,e1_tracking_single_obstacle,M7,22,0.5,0.3
False,14.05,-0.2694352844547204,0.3783476714467697,True,87.04712123048965,0.14979632637015358,0.19005633112907175,265.10417032522605,0.14880962731964623,2.003942840756074,1.748161893786505,1.7594026415531836,108.85335934097589,123,1.0,False,False,False,False,True,False,True,True,True,True,False,0.996057159243926,False,False,68.0,68.0,68.0,13.200000000000001,68.0,54.0,0,265.31069050866574,0.9925706573298416,0.0,e1_tracking_single_obstacle,M7,23,0.5,0.3
False,14.05,-0.21001689306665128,0.3883195989789319,True,87.23692679009518,0.14594111489103512,0.19079108498652952,265.165293012437,0.14809019290851536,2.0033917406167454,1.7472207228567438,1.7583899615406369,109.13346913773839,128,1.0,False,False,False,False,True,False,True,True,True,True,False,0.9966082593832546,False,False,68.0,68.0,68.0,13.25,68.0,54.0,0,265.3864229378222,0.9930072320932805,0.0,e1_tracking_single_obstacle,M7,24,0.5,0.3
False,14.05,-0.2087821562158061,0.38055921830188677,True,87.1628663057206,0.14454815438237953,0.19030124908155768,265.08579232456805,0.14687736304755888,2.0018150161736035,1.7447448656905624,1.7556033751196345,109.00322332197541,166,1.0,False,False,False,False,True,False,True,True,True,True,False,0.9981849838263965,False,False,68.0,68.0,68.0,13.200000000000001,68.0,54.0,0,265.3282371607001,0.9945094733434968,0.0,e1_tracking_single_obstacle,M7,25,0.5,0.3
False,14.05,-0.22542782043591425,0.3795467178782795,True,87.29664564767147,0.15746829098139353,0.19030124908155768,264.56350142724045,0.13909429945135254,1.9968873210287679,1.7351475036478412,1.745524476474203,109.35322485250066,148,1.0,False,False,False,False,True,False,True,True,True,True,False,1.0031126789712321,False,False,68.0,68.0,68.0,13.25,68.0,54.0,0,265.03266415756826,0.999189140122082,0.0,e1_tracking_single_obstacle,M7,26,0.5,0.3
False,14.05,-0.22403829656094898,0.37898881265201195,True,87.10858953560214,0.14764202853744346,0.19017879010531472,264.2917537375797,0.13786084090738282,1.9948641837062067,1.7319894927844226,1.7419729373437884,109.0444859880169,191,1.0,False,False,False,False,True,False,True,True,True,True,False,1.0051358162937933,False,False,68.0,68.0,68.0,13.200000000000001,68.0,54.0,0,264.7608403000647,1.001301366605886,0.0,e1_tracking_single_obstacle,M7,27,0.5,0.3
False,14.05,-0.1837913186496467,0.38107762297782094,True,87.30288755623909,0.15186587015588363,0.1905461670340436,265.20276873246394,0.14878012728573492,2.004500261415037,1.7488816239797134,1.7602786688091678,109.27788135674413,101,1.0,False,False,False,False,True,False,True,True,True,True,False,0.9954997385849631,False,False,68.0,68.0,68.0,13.25,68.0,54.0,0,265.4170798687697,0.9919403470753093,0.0,e1_tracking_single_obstacle,M7,28,0.5,0.3
False,14.05,-0.17329526696229758,0.38113698367706383,True,87.3375960844833,0.15502367458473265,0.19030124908155768,265.03678474268276,0.14894908476090482,2.0039832844410825,1.7482320248353262,1.7594591746939738,109.03519929130856,129,1.0,False,False,False,False,True,False,True,True,True,True,False,0.9960167155589175,False,False,68.0,68.0,68.0,13.25,68.0,54.0,0,265.24279707674924,0.9925761125362791,0.0,e1_tracking_single_obstacle,M7,29,0.5,0.3
False,14.100000000000001,-0.18752371278503455,0.3874133292117812,True,87.34122624898794,0.13974538205640757,0.1911584619152584,264.4846613503736,0.13880487474690428,1.9962369330868286,1.7341844420071972,1.7444171643573791,109.06124449426024,166,1.0,False,False,False,False,True,False,True,True,True,True,False,1.0037630669131714,False,False,68.0,68.0,68.0,13.25,68.0,53.95,0,264.9573699385392,0.9998477463370817,0.0,e1_tracking_single_obstacle,M7,30,0.5,0.3
False,14.0,-0.2268517953961271,0.37976684682675504,True,86.96026368096143,0.15365794479423117,0.189321577271614,265.17409155583937,0.14904104358396528,2.0048038053412984,1.749344960793407,1.7607917200103909,108.93506313310661,97,1.0,False,False,False,False,True,False,True,True,True,True,False,0.9951961946587016,False,False,68.0,68.0,68.0,13.200000000000001,68.0,54.050000000000004,0,265.38552400676303,0.9916776072492743,0.0,e1_tracking_single_obstacle,M7,31,0.5,0.3
False,14.100000000000001,-0.1285084727408271,0.3765836935138145,True,87.23277990657007,0.1380712142619446,0.19213813372520205,264.2284358077725,0.13781771106652685,1.9941910177842346,1.7311137556402119,1.7409054759253786,108.91176003531838,221,1.0,False,False,False,False,True,False,True,True,True,True,False,1.0058089822157654,False,False,68.0,68.0,68.0,13.25,68.0,53.95,0,264.71109767174187,1.0019288019031207,0.0,e1_tracking_single_obstacle,M7,32,0.5,0.3
False,14.100000000000001,-0.1578590980642519,0.3831303110878089,True,87.33928125346573,0.1511765497047713,0.19066862601028656,265.003232460097,0.14515477355038556,2.0003334567792517,1.7421682309157183,1.7527849121218244,108.7943536434739,192,1.0,False,False,False,False,True,False,True,True,True,True,False,0.9996665432207483,False,False,68.0,68.0,68.0,13.25,68.0,53.95,0,265.29626096075634,0.9958506081923951,0.0,e1_tracking_single_obstacle,M7,33,0.5,0.3
False,14.0,-0.19739779745076358,0.38643777164548937,True,86.99187473393279,0.1495758072592927,0.18981141317658584,265.1806601612696,0.14747034761139713,2.002984431429715,1.746471526472189,1.7575894591628067,108.61453701928546,132,1.0,False,False,False,False,True,False,True,True,True,True,False,0.9970155685702848,False,False,68.0,68.0,68.0,13.200000000000001,68.0,54.050000000000004,0,265.41836360091594,0.9933349681135106,0.0,e1_tracking_single_obstacle,M7,34,0.5,0.3
False,14.05,-0.20813424357594845,0.38127123995067763,True,87.35990089592045,0.15222381682746405,0.19079108498652952,264.5899745418363,0.1394618174816365,1.9969232681062588,1.7353656243059314,1.7456955187317846,109.15766127893278,161,1.0,False,False,False,False,True,False,True,True,True,True,False,1.0030767318937412,False,False,68.0,68.0,68.0,13.25,68.0,54.0,0,265.06500209811617,0.999096741387466,0.0,e1_tracking_single_obstacle,M7,35,0.5,0.3
False,14.100000000000001,-0.15816830779393765,0.383348006804603,True,87.21028786023783,0.14496169923890292,0.1914033798677443,265.21472690656935,0.14874925338663458,2.00453357432824,1.748915650467105,1.7603252447102116,109.2769345286334,99,1.0,False,False,False,False,True,False,True,True,True,True,False,0.99546642567176,False,False,68.0,68.0,68.0,13.25,68.0,53.95,0,265.4304328445376,0.9918952369806323,0.0,e1_tracking_single_obstacle,M7,36,0.5,0.3
False,14.15,-0.17999618650218985,0.39481483805868645,True,87.42265857555047,0.1428738076069722,0.19250551065393093,264.3648937116788,0.13836637147753963,1.9952562389479311,1.7327299943952232,1.7427456335461617,109.09596341095316,193,1.0,False,False,False,False,True,False,True,True,True,True,False,1.0047437610520689,False,False,68.0,68.0,68.0,13.3,68.0,53.900000000000006,0,264.84305699068364,1.0008404119044851,0.0,e1_tracking_single_obstacle,M7,37,0.5,0.3
False,14.05,-0.15980785551211774,0.38026329222288296,True,87.0303440418216,0.14253641031876715,0.19066862601028656,264.57870871567553,0.13947987876133458,1.9967923048725291,1.735207376207301,1.745496593259525,108.55056851035813,168,1.0,False,False,False,False,True,False,True,True,True,True,False,1.0032076951274709,False,False,68.0,68.0,68.0,13.25,68.0,54.0,0,265.05474084917927,0.9992206228625173,0.0,e1_tracking_single_obstacle,M7,38,0.5,0.3
False,14.100000000000001,-0.15114782054571285,0.3808024218963621,True,87.31236370590716,0.14194488487539877,0.19103600293901543,265.10627495737555,0.14645934020035076,2.0017507583419465,1.7445017989517522,1.7553805769493214,108.79779667226961,161,1.0,False,False,False,False,True,False,True,True,True,True,False,0.9982492416580535,False,False,68.0,68.0,68.0,13.25,68.0,53.95,0,265.3649776256865,0.9945100625863317,0.0,e1_tracking_single_obstacle,M7,39,0.5,0.3
False,14.100000000000001,-0.22114017889455084,0.3804572071208964,True,87.47043418615748,0.15530365930031723,0.19103600293901543,263.02844336770823,0.14485311903529557,1.9880684415653682,1.7257916584735187,1.7450055800285484,109.01779011778689,190,1.0,False,False,False,False,True,False,True,True,True,True,False,1.0119315584346318,False,False,68.0,68.0,68.0,13.25,68.0,53.95,0,263.4006733144976,1.0075945678712028,0.0,e1_tracking_single_obstacle,M7,10,0.5,0.7
False,14.0,-0.2085193203367508,0.3811771862743119,True,87.02040622650678,0.15454531416810985,0.1899338721528288,262.98898784398995,0.14486224913471643,1.9866224329223499,1.7240213074772208,1.7423034824589119,108.40058658543654,209,1.0,False,False,False,False,True,False,True,True,True,True,False,1.0133775670776501,False,False,68.0,68.0,68.0,13.200000000000001,68.0,54.050000000000004,0,263.3452968143054,1.0090696141663502,0.0,e1_tracking_single_obstacle,M7,11,0.5,0.7
False,14.05,-0.22058105847125087,0.3817686331104696,True,87.14111233986021,0.1424339207563504,0.19066862601028656,262.33958744012085,0.13369852447724687,1.9797050172083752,1.7102767545717739,1.7270717564301414,108.99851925475703,197,1.0,False,False,False,False,True,False,True,True,True,True,False,1.0202949827916248,False,False,68.0,68.0,68.0,13.25,68.0,54.0,0,262.9877953865244,1.0152155576601976,0.0,e1_tracking_single_obstacle,M7,12,0.5,0.7
False,14.0,-0.19700415310632913,0.37996752580488075,True,86.73923576739479,0.14412030577250673,0.19042370805780065,263.09773439001157,0.14494844855039327,1.9889137530351266,1.7269000100663456,1.7466686408584065,108.49290989904206,171,1.0,False,False,False,False,True,False,True,True,True,True,False,1.0110862469648734,False,False,68.0,68.0,68.0,13.200000000000001,68.0,54.050000000000004,0,263.4764528726995,1.0067158927493514,0.0,e1_tracking_single_obstacle,M7,13,0.5,0.7
False,14.05,-0.28092585354507926,0.38189068032905427,True,87.19560934139186,0.13861797618338986,0.19128092089150134,262.4505719780292,0.13423823133773718,1.9804600460778572,1.7115082962023318,1.7286630221697319,109.17600681234498,187,1.0,False,False,False,False,True,False,True,True,True,True,False,1.0195399539221428,False,False,68.0,68.0,68.0,13.25,68.0,54.0,0,263.0928246439509,1.0144568527027757,0.0,e1_tracking_single_obstacle,M7,14,0.5,0.7
False,14.100000000000001,-0.19041461176840835,0.38138205103581285,True,87.50098028435474,0.1446803646257421,0.1914033798677443,262.59839594404247,0.13590612715801764,1.9808950138910573,1.7128706299170267,1.7297094887666515,108.90339064131112,222,1.0,False,False,False,False,True,False,True,True,True,True,False,1.0191049861089427,False,False,68.0,68.0,68.0,13.3,68.0,53.95,0,263.22845767317665,1.013952807034716,0.0,e1_tracking_single_obstacle,M7,15,0.5,0.7
False,14.05,-0.213836881786427,0.38079583278378204,True,87.11045435876747,0.14678671223010234,0.19066862601028656,263.22551846731017,0.1452778150436239,1.9898469913529049,1.7282578993974118,1.7486368359882665,109.12118836819204,138,1.0,False,False,False,False,True,False,True,True,True,True,False,1.0101530086470951,False,False,68.0,68.0,68.0,13.25,68.0,54.0,0,263.59934954982737,1.0057778006037648,0.0,e1_tracking_single_obstacle,M7,16,0.5,0.7
False,14.15,-0.2769408259671178,0.37390418203762116,True,87.75906571672375,0.1449301579750122,0.19177075679647318,263.0767849459134,0.1425588301915597,1.984724122642094,1.7207435205407036,1.738404467042232,109.45066900869814,222,1.0,False,False,False,False,True,False,True,True,True,True,False,1.015275877357906,False,False,68.0,68.0,68.0,13.3,68.0,53.900000000000006,0,263.4938537196454,1.0105784281189987,0.0,e1_tracking_single_obstacle,M7,17,0.5,0.7
False,14.05,-0.18637880196413192,0.3839468627379486,True,87.11871043323715,0.15000497187041986,0.19066862601028656,262.15793066301427,0.13311825104329997,1.9782317377170626,1.7081048097847964,1.7240012266497515,108.72733617843261,232,1.0,False,False,False,False,True,False,True,True,True,True,False,1.0217682622829374,False,False,68.0,68.0,68.0,13.25,68.0,54.0,0,262.82381469261657,1.0166476943729486,0.0,e1_tracking_single_obstacle,M7,18,0.5,0.7
False,14.05,-0.2047904161709735,0.38024526917039053,True,87.34384131616956,0.15922758312762264,0.19042370805780065,261.96680861672195,0.13196569566630767,1.9771944910885926,1.7061999774198202,1.7217787982576402,109.3137489531492,234,1.0,False,False,False,False,True,False,True,True,True,True,False,1.0228055089114074,False,False,68.0,68.0,68.0,13.25,68.0,54.0,0,262.6385506398101,1.0177122805808003,0.0,e1_tracking_single_obstacle,M7,19,0.5,0.7
False,14.100000000000001,-0.17318736852503236,0.3829957812310308,True,87.48915151237384,0.1407147391841611,0.19079108498652952,262.3510782454521,0.13422474107136825,1.9794094727247613,1.7101580502918465,1.7265096179673527,109.58620486776378,224,1.0,False,False,False,False,True,False,True,True,True,True,False,1.0205905272752387,False,False,68.0,68.0,68.0,13.25,68.0,53.95,0,263.0067448877887,1.0154503401565422,0.0,e1_tracking_single_obstacle,M7,20,0.5,0.7
False,14.100000000000001,-0.15603265205026884,0.3838351717884215,True,87.40431311469709,0.13829666836844107,0.19189321577271615,260.30920306723556,0.11826303142676181,1.9655371634973335,1.6825008153802052,1.6995164035232766,109.63891957420985,137,1.0,False,False,False,False,True,False,True,True,True,True,False,1.0344628365026665,False,False,68.0,68.0,68.0,13.3,68.0,53.95,0,260.8939202326577,1.029912843470908,0.0,e1_tracking_single_obstacle,M7,21,0.5,0.7
False,14.100000000000001,-0.22459063363998621,0.3899548559319493,True,87.25019138318191,0.144111121564546,0.1920156747489591,263.1959562653578,0.14529207544517764,1.9887254578185678,1.7268901383632254,1.7465450268625018,109.16439702778044,156,1.0,False,False,False,False,True,False,True,True,True,True,False,1.0112745421814322,False,False,68.0,68.0,68.0,13.25,68.0,53.95,0,263.5581997579424,1.006920342059665,0.0,e1_tracking_single_obstacle,M7,22,0.5,0.7
False,14.05,-0.2685655757957962,0.3784273733791955,True,87.0622411076298,0.14935679153339387,0.19005633112907175,263.06957517313873,0.1449753958467499,1.9882754206289686,1.7261234906897007,1.745472413864628,108.72207386063394,179,1.0,False,False,False,False,True,False,True,True,True,True,False,1.0117245793710314,False,False,68.0,68.0,68.0,13.200000000000001,68.0,54.0,0,263.4383925904375,1.007390826741406,0.0,e1_tracking_single_obstacle,M7,23,0.5,0.7
False,14.05,-0.2091431077047744,0.38845888731038997,True,87.25377421118775,0.14554143858046442,0.19079108498652952,263.12300960978547,0.14513951386790389,1.9879519560907883,1.7258397672379433,1.7449907903770758,109.02927454199896,175,1.0,False,False,False,False,True,False,True,True,True,True,False,1.0120480439092117,False,False,68.0,68.0,68.0,13.25,68.0,54.0,0,263.4829589613426,1.0077095996012582,0.0,e1_tracking_single_obstacle,M7,24,0.5,0.7
False,14.05,-0.20789305865247398,0.38065579124034316,True,87.18392993180974,0.14418815917364552,0.19030124908155768,263.0383126476623,0.14480190821442837,1.9863665091514549,1.7237130511759589,1.7418823803469126,108.94858458798363,207,1.0,False,False,False,False,True,False,True,True,True,True,False,1.0136334908485451,False,False,68.0,68.0,68.0,13.200000000000001,68.0,54.0,0,263.39561312525484,1.009273064352247,0.0,e1_tracking_single_obstacle,M7,25,0.5,0.7
False,14.05,-0.2245107375937,0.3796202298561226,True,87.32084044953871,0.15724430300201625,0.19030124908155768,262.47458461029976,0.13435453845592377,1.9806258889746264,1.7117774393961753,1.72901230916572,109.3659672159642,184,1.0,False,False,False,False,True,False,True,True,True,True,False,1.0193741110253736,False,False,68.0,68.0,68.0,13.25,68.0,54.0,0,263.11543641670744,1.0142905139558422,0.0,e1_tracking_single_obstacle,M7,26,0.5,0.7
False,14.05,-0.22315201388148087,0.3790702226237011,True,87.13760700444391,0.14726000697805652,0.19017879010531472,262.05642410844797,0.1322059702021737,1.9779565380823012,1.7072951462057468,1.7233661709554673,109.09405614896775,216,1.0,False,False,False,False,True,False,True,True,True,True,False,1.0220434619176988,False,False,68.0,68.0,68.0,13.200000000000001,68.0,54.0,0,262.71371222783034,1.016994510100904,0.0,e1_tracking_single_obstacle,M7,27,0.5,0.7
False,14.05,-0.18292962995536854,0.38114871929695776,True,87.3158927990792,0.1514750416763476,0.19079108498652952,263.17900691776265,0.14523388269516443,1.989087870316051,1.7272916885575098,1.7471735643687227,109.17109105332689,153,1.0,False,False,False,False,True,False,True,True,True,True,False,1.010912129683949,False,False,68.0,68.0,68.0,13.25,68.0,54.0,0,263.5461409498548,1.0065620457439919,0.0,e1_tracking_single_obstacle,M7,28,0.5,0.7
False,14.05,-0.17243258841899645,0.3812167231511165,True,87.3530919671582,0.15455874545962542,0.19042370805780065,263.0168043425688,0.14477238956092722,1.9881797405664006,1.725881811258338,1.7451698488978016,108.90229517839877,195,1.0,False,False,False,False,True,False,True,True,True,True,False,1.0118202594335994,False,False,68.0,68.0,68.0,13.25,68.0,54.0,0,263.39507125426195,1.0074647662554457,0.0,e1_tracking_single_obstacle,M7,29,0.5,0.7
False,14.100000000000001,-0.1865818549357231,0.38736367584515186,True,87.36552407075908,0.1394205629661781,0.1914033798677443,262.37291428396645,0.13397480863100353,1.9798364740622774,1.710581442726188,1.7273633552057523,109.11878785182505,201,1.0,False,False,False,False,True,False,True,True,True,True,False,1.0201635259377226,False,False,68.0,68.0,68.0,13.25,68.0,53.95,0,263.021983161178,1.0150664541145553,0.0,e1_tracking_single_obstacle,M7,30,0.5,0.7
False,14.0,-0.22598557608948033,0.3798337263137569,True,86.96979923918876,0.15322319710860927,0.18968895420034287,263.1470921014388,0.1450612658663413,1.9893405168077811,1.7274980524242147,1.7475461933348715,108.79606379369606,157,1.0,False,False,False,False,True,False,True,True,True,True,False,1.0106594831922189,False,False,68.0,68.0,68.0,13.200000000000001,68.0,54.050000000000004,0,263.52535294249253,1.0062830095479318,0.0,e1_tracking_single_obstacle,M7,31,0.5,0.7
False,14.100000000000001,-0.1277910640526989,0.3766757002859778,True,87.25725099342476,0.1376851434376267,0.19238305167768796,262.1576509287462,0.13354826954588378,1.9778764044588542,1.7078629524288336,1.7233087692100204,108.89729056956253,260,1.0,False,False,False,False,True,False,True,True,True,True,False,1.0221235955411458,False,False,68.0,68.0,68.0,13.25,68.0,53.95,0,262.82983850945755,1.016952949416657,0.0,e1_tracking_single_obstacle,M7,32,0.5,0.7
False,14.05,-0.15697671919658063,0.38321379388305116,True,87.36161296431895,0.15074810248122922,0.19091354396277246,262.98828011415355,0.14418743427193648,1.9850524946188994,1.7218103692743747,1.7392523703904945,108.7632952708329,232,1.0,False,False,False,False,True,False,True,True,True,True,False,1.0149475053811006,False,False,68.0,68.0,68.0,13.25,68.0,54.0,0,263.35334944552756,1.010509443016586,0.0,e1_tracking_single_obstacle,M7,33,0.5,0.7
False,14.0,-0.1965205695248622,0.386505523086911,True,87.00981233242851,0.14925316476632774,0.18981141317658584,263.1474413538486,0.14511133584302888,1.9876758982315443,1.7255070851317833,1.7445081801507931,108.54355649046406,177,1.0,False,False,False,False,True,False,True,True,True,True,False,1.0123241017684557,False,False,68.0,68.0,68.0,13.200000000000001,68.0,54.050000000000004,0,263.5069907616245,1.0079563810917513,0.0,e1_tracking_single_obstacle,M7,34,0.5,0.7
False,14.05,-0.20721569794273542,0.38133462021327985,True,87.3800747528055,0.1520319992759883,0.19091354396277246,262.6211654619309,0.1358708639719889,1.9811445207471445,1.7131738149395068,1.730213625700643,109.12121360487481,212,1.0,False,False,False,False,True,False,True,True,True,True,False,1.0188554792528555,False,False,68.0,68.0,68.0,13.25,68.0,54.0,0,263.2516263080038,1.0137079556900135,0.0,e1_tracking_single_obstacle,M7,35,0.5,0.7
False,14.100000000000001,-0.15735721124535085,0.3834228723190713,True,87.22359767572276,0.1446098300537685,0.1914033798677443,263.19538928991574,0.14527852859431775,1.9891388191753119,1.727383773747235,1.7472999629564858,109.16843626053732,150,1.0,False,False,False,False,True,False,True,True,True,True,False,1.0108611808246881,False,False,68.0,68.0,68.0,13.25,68.0,53.95,0,263.56146812956956,1.0065092344438786,0.0,e1_tracking_single_obstacle,M7,36,0.5,0.7
False,14.15,-0.17906566420552028,0.3949412817599123,True,87.44910242814413,0.14257022298929398,0.19275042860641686,262.2385764702146,0.13355907846915663,1.9787309708785925,1.7089622610635742,1.7250619030248162,109.13034657196611,228,1.0,False,False,False,False,True,False,True,True,True,True,False,1.0212690291214075,False,False,68.0,68.0,68.0,13.3,68.0,53.900000000000006,0,262.9004720750677,1.0161416134426613,0.0,e1_tracking_single_obstacle,M7,37,0.5,0.7
False,14.05,-0.15890315010514622,0.38036808579058934,True,87.05153360394269,0.14221866498162739,0.19066862601028656,262.60341423397585,0.13588827241258716,1.9809552347542982,1.7129393979672667,1.7298301130046,108.54936239261828,220,1.0,False,False,False,False,True,False,True,True,True,True,False,1.0190447652457018,False,False,68.0,68.0,68.0,13.25,68.0,54.0,0,263.23378535868693,1.0138936683613593,0.0,e1_tracking_single_obstacle,M7,38,0.5,0.7
False,14.100000000000001,-0.15029515097417423,0.38088654362420077,True,87.33174405255284,0.14157425976735555,0.1911584619152584,263.06917243405877,0.14477843564569431,1.9864527459652328,1.7238255826208,1.7420758418754065,108.73959663199574,203,1.0,False,False,False,False,True,False,True,True,True,True,False,1.0135472540347672,False,False,68.0,68.0,68.0,13.25,68.0,53.95,0,263.4285141039886,1.0091616943160835,0.0,e1_tracking_single_obstacle,M7,39,0.5,0.7
False,14.100000000000001,-0.220488081847531,0.3805121986358772,True,87.51658878092769,0.1549662613924946,0.19103600293901543,261.54960001777175,0.14121337854677582,1.9765613529168047,1.7091261370692268,1.727664052233621,109.20246707763198,138,1.0,False,False,False,False,True,False,True,True,True,True,False,1.0234386470831953,False,False,68.0,68.0,68.0,13.25,68.0,53.95,0,262.0610423452616,1.0183198751167395,0.0,e1_tracking_single_obstacle,M7,10,0.5,1.0
False,14.0,-0.2078811650311847,0.38122801971159276,True,87.07103615370426,0.15417674066239515,0.1899338721528288,261.45540606509485,0.1413487861415726,1.975072037742683,1.7073364638044246,1.7242491216307396,108.6482111623603,141,1.0,False,False,False,False,True,False,True,True,True,True,False,1.024927962257317,False,False,68.0,68.0,68.0,13.200000000000001,68.0,54.050000000000004,0,261.94451021065464,1.0199098843682923,0.0,e1_tracking_single_obstacle,M7,11,0.5,1.0
False,14.05,-0.21990767059358296,0.3818197789953215,True,87.1950676619978,0.14226262752068566,0.19079108498652952,260.86271456755685,0.13068178425306393,1.9682591494347985,1.69383473356464,1.708808948446053,109.32932500160865,123,1.0,False,False,False,False,True,False,True,True,True,True,False,1.0317408505652015,False,False,68.0,68.0,68.0,13.25,68.0,54.0,0,261.6330557765303,1.0258176024191805,0.0,e1_tracking_single_obstacle,M7,12,0.5,1.0
False,14.0,-0.19642330502738048,0.3800304313030823,True,86.78197903458874,0.14382047333992548,0.19042370805780065,261.6390629153466,0.14134871243482772,1.9774873889629128,1.7103647662545456,1.729869372844292,108.64783277282345,121,1.0,False,False,False,False,True,False,True,True,True,True,False,1.0225126110370872,False,False,68.0,68.0,68.0,13.200000000000001,68.0,54.050000000000004,0,262.15598964368945,1.0173629782963125,0.0,e1_tracking_single_obstacle,M7,13,0.5,1.0
False,14.05,-0.28240126156900436,0.3820311749850884,True,87.25002117005127,0.1383567460439957,0.19128092089150134,260.9893468894036,0.13132702976681443,1.9690811741265037,1.695215052324305,1.710785919365922,109.50763313793063,114,1.0,False,False,False,False,True,False,True,True,True,True,False,1.0309188258734963,False,False,68.0,68.0,68.0,13.25,68.0,54.0,0,261.74812509306065,1.02501430697531,0.0,e1_tracking_single_obstacle,M7,14,0.5,1.0
False,14.100000000000001,-0.18975035809274243,0.3814340586169363,True,87.55410014582141,0.1444983289264574,0.19152583884398727,261.37439370406213,0.1360142981948884,1.9705776470049015,1.6994064709578318,1.7141560109538647,109.20410362408714,173,1.0,False,False,False,False,True,False,True,True,True,True,False,1.0294223529950985,False,False,68.0,68.0,68.0,13.3,68.0,53.95,0,262.0252162888611,1.0236644858353516,0.0,e1_tracking_single_obstacle,M7,15,0.5,1.0
False,14.05,-0.21322957858778557,0.38084120776549135,True,87.14986903556445,0.14653078358386623,0.19103600293901543,261.76768134863204,0.14168095477080148,1.9785771142324153,1.7119212372509727,1.732566234886438,109.27818265806263,84,1.0,False,False,False,False,True,False,True,True,True,True,False,1.0214228857675847,False,False,68.0,68.0,68.0,13.200000000000001,68.0,54.0,0,262.27733728510117,1.0162929483867504,0.0,e1_tracking_single_obstacle,M7,16,0.5,1.0
False,14.15,-0.27626187709597305,0.3739825088758789,True,87.81787950159135,0.14471986599201667,0.1920156747489591,261.55528631350506,0.1418568652019792,1.9739214728189651,1.7062455803137684,1.7219688241548154,109.78509945058516,149,1.0,False,False,False,False,True,False,True,True,True,True,False,1.0260785271810349,False,False,68.0,68.0,68.0,13.3,68.0,53.900000000000006,0,262.039840189028,1.0209719059181157,0.0,e1_tracking_single_obstacle,M7,17,0.5,1.0
False,14.05,-0.18567719409754102,0.3840034703594158,True,87.17679314456731,0.1497997456818142,0.19066862601028656,260.67086130402413,0.13015496920472416,1.9666600014598379,1.6915159147157706,1.7048624385554987,109.07664752866881,158,1.0,False,False,False,False,True,False,True,True,True,True,False,1.0333399985401621,False,False,68.0,68.0,68.0,13.25,68.0,54.0,0,261.4627207870269,1.0273487072222165,0.0,e1_tracking_single_obstacle,M7,18,0.5,1.0
False,14.05,-0.20412548334353586,0.380298207198596,True,87.4261433588873,0.1589101738758256,0.19042370805780065,258.43877850185083,0.1142443180439741,1.9522430655970204,1.6627110360422162,1.6764305736175498,109.7700122729329,43,1.0,False,False,False,False,True,False,True,True,True,True,False,1.0477569344029796,False,False,68.0,68.0,68.0,13.25,68.0,54.0,0,259.1198632603929,1.0424688015487247,0.0,e1_tracking_single_obstacle,M7,19,0.5,1.0
False,14.100000000000001,-0.1725379135873497,0.38304766352842373,True,87.54264213059167,0.14061344864693837,0.19079108498652952,260.99043964160893,0.13236552232769933,1.9683663740942234,1.6948158958440038,1.7088836078089455,109.89210816862703,161,1.0,False,False,False,False,True,False,True,True,True,True,False,1.0316336259057766,False,False,68.0,68.0,68.0,13.25,68.0,53.95,0,261.7430727519807,1.0256846061071312,0.0,e1_tracking_single_obstacle,M7,20,0.5,1.0
False,14.100000000000001,-0.15537415559502532,0.3838079911460998,True,87.45035683643887,0.13795242697178078,0.1920156747489591,259.2897274415369,0.12090495729437584,1.961230457103583,1.6796016755197576,1.6925402838108532,109.73596017719439,137,1.0,False,False,False,False,True,False,True,True,True,True,False,1.038769542896417,False,False,68.0,68.0,68.0,13.3,68.0,53.95,0,260.2645688653642,1.032292239311059,0.0,e1_tracking_single_obstacle,M7,21,0.5,1.0
False,14.100000000000001,-0.22395129701877825,0.3900065516331414,True,87.29556113852644,0.14384435169666188,0.1920156747489591,261.7008196119133,0.14182652625414197,1.9774100769527907,1.7105438701224505,1.7299170989197388,109.37648212751688,90,1.0,False,False,False,False,True,False,True,True,True,True,False,1.0225899230472093,False,False,68.0,68.0,68.0,13.25,68.0,53.95,0,262.1907251030068,1.0175487217147074,0.0,e1_tracking_single_obstacle,M7,22,0.5,1.0
False,14.05,-0.2679162739458374,0.37848702575241394,True,87.10789641861777,0.149031129133132,0.19017879010531472,261.5863694136357,0.14134450237737864,1.9768084041046619,1.7095113511781674,1.7283037216852053,108.908090538739,123,1.0,False,False,False,False,True,False,True,True,True,True,False,1.0231915958953381,False,False,68.0,68.0,68.0,13.200000000000001,68.0,54.0,0,262.0924931176426,1.0180924883657951,0.0,e1_tracking_single_obstacle,M7,23,0.5,1.0
False,14.05,-0.20849067334443838,0.38856308787330246,True,87.30120735907896,0.1452447316827296,0.19091354396277246,261.61211940283084,0.14165762609118607,1.9765551519676825,1.7093749075922726,1.7278478342953454,109.24402000301959,108,1.0,False,False,False,False,True,False,True,True,True,True,False,1.0234448480323175,False,False,68.0,68.0,68.0,13.25,68.0,54.0,0,262.1015556147273,1.0184127002267938,0.0,e1_tracking_single_obstacle,M7,24,0.5,1.0
False,14.05,-0.2072291891691732,0.3807288652173683,True,87.23744597371619,0.14391833577164223,0.19030124908155768,261.491806251498,0.14162269777100217,1.974931280281897,1.7073214726406145,1.7240316273831835,109.2271825863856,135,1.0,False,False,False,False,True,False,True,True,True,True,False,1.025068719718103,False,False,68.0,68.0,68.0,13.200000000000001,68.0,54.0,0,261.9754665144528,1.020058197583554,0.0,e1_tracking_single_obstacle,M7,25,0.5,1.0
False,14.05,-0.2238259761241881,0.37967538286952335,True,87.37366063638297,0.15708409269590085,0.19030124908155768,261.0230873958151,0.13153410815267902,1.969276696581382,1.6955699579924808,1.7112493935397288,109.6611820856724,113,1.0,False,False,False,False,True,False,True,True,True,True,False,1.030723303418618,False,False,68.0,68.0,68.0,13.25,68.0,54.0,0,261.77889523682313,1.0248211067178317,0.0,e1_tracking_single_obstacle,M7,26,0.5,1.0
False,14.05,-0.22249018158780343,0.3791311696159776,True,87.19598174294356,0.14697727414998982,0.19030124908155768,260.420726323519,0.12808498224376777,1.9658719528697377,1.6894352162181951,1.7031747572834686,109.43730240465175,134,1.0,False,False,False,False,True,False,True,True,True,True,False,1.0341280471302623,False,False,68.0,68.0,68.0,13.200000000000001,68.0,54.0,0,261.2249607637219,1.0281681932417612,0.0,e1_tracking_single_obstacle,M7,27,0.5,1.0
False,14.05,-0.18228623999093096,0.3812019807206218,True,87.35822461807803,0.15118154418257793,0.19079108498652952,261.6993035446496,0.14163698153586143,1.9777582474290727,1.7108702682751795,1.7306491962567314,109.35778249861612,94,1.0,False,False,False,False,True,False,True,True,True,True,False,1.0222417525709273,False,False,68.0,68.0,68.0,13.25,68.0,54.0,0,262.20034043499317,1.0171548323675232,0.0,e1_tracking_single_obstacle,M7,28,0.5,1.0
False,14.05,-0.1717883405937929,0.381276443646057,True,87.39920628825132,0.15421607567000187,0.19042370805780065,261.5494119512783,0.1411427069447627,1.9766824419494915,1.7092372244763456,1.7278997757994983,109.08650002360025,148,1.0,False,False,False,False,True,False,True,True,True,True,False,1.0233175580505085,False,False,68.0,68.0,68.0,13.25,68.0,54.0,0,262.06857742876934,1.0181665662565278,0.0,e1_tracking_single_obstacle,M7,29,0.5,1.0
False,14.100000000000001,-0.18587858979763938,0.3873268405709754,True,87.41946457489749,0.13918017691656648,0.1914033798677443,260.89940899287194,0.1310260738103253,1.96836900874659,1.6941501483230785,1.7090392001424177,109.45802754744743,128,1.0,False,False,False,False,True,False,True,True,True,True,False,1.03163099125341,False,False,68.0,68.0,68.0,13.25,68.0,53.95,0,261.66746731573835,1.0257003317333035,0.0,e1_tracking_single_obstacle,M7,30,0.5,1.0
False,14.0,-0.2253388212673545,0.3798838235651553,True,87.00771789327045,0.1528889424695001,0.18968895420034287,261.6837922063254,0.14136225280469253,1.9780561874454283,1.711084506138699,1.7311638022704634,108.93423057811486,125,1.0,False,False,False,False,True,False,True,True,True,True,False,1.0219438125545717,False,False,68.0,68.0,68.0,13.200000000000001,68.0,54.050000000000004,0,262.21101364463743,1.0167499261394277,0.0,e1_tracking_single_obstacle,M7,31,0.5,1.0
False,14.100000000000001,-0.12725555925469345,0.3767445554327441,True,87.31352229930536,0.13739770979020088,0.19238305167768796,260.9380351832118,0.1331573736024601,1.9674080366020792,1.6939700524183268,1.7064408170923238,109.19762503678035,209,1.0,False,False,False,False,True,False,True,True,True,True,False,1.0325919633979208,False,False,68.0,68.0,68.0,13.25,68.0,53.95,0,261.6716416266984,1.026652474954522,0.0,e1_tracking_single_obstacle,M7,32,0.5,1.0
False,14.05,-0.15631889537036225,0.3832770657031551,True,87.4189082074752,0.15041838262965523,0.19091354396277246,261.41571340048864,0.14161203633141323,1.973695600599241,1.7057732767512468,1.7211572429192925,109.08612707982974,156,1.0,False,False,False,False,True,False,True,True,True,True,False,1.026304399400759,False,False,68.0,68.0,68.0,13.25,68.0,54.0,0,261.8981790325708,1.0212809698519956,0.0,e1_tracking_single_obstacle,M7,33,0.5,1.0
False,14.0,-0.19586549690699118,0.38655708433267494,True,87.05881697399101,0.1490065179301833,0.18981141317658584,261.62378157234286,0.14182442286232902,1.9763370448620339,1.7091996314854947,1.7274043928421672,108.79109467771197,107,1.0,False,False,False,False,True,False,True,True,True,True,False,1.0236629551379661,False,False,68.0,68.0,68.0,13.200000000000001,68.0,54.050000000000004,0,262.10874812879325,1.018641959187971,0.0,e1_tracking_single_obstacle,M7,34,0.5,1.0
False,14.05,-0.20652983855463902,0.38138211557146134,True,87.43189574954619,0.1518905088462201,0.19103600293901543,261.40200792100006,0.135922367700722,1.9708591896104342,1.6997263449915887,1.7148508188089968,109.39685359641743,164,1.0,False,False,False,False,True,False,True,True,True,True,False,1.0291408103895658,False,False,68.0,68.0,68.0,13.25,68.0,54.0,0,262.0574963862075,1.023372933349287,0.0,e1_tracking_single_obstacle,M7,35,0.5,1.0
False,14.100000000000001,-0.15675165165527205,0.3834789722317097,True,87.2664412585412,0.1443509077893162,0.1916482978202302,261.71552273248085,0.14172047026402337,1.977817032483542,1.7109920869670259,1.7308236972960394,109.35912854070885,89,1.0,False,False,False,False,True,False,True,True,True,True,False,1.022182967516458,False,False,68.0,68.0,68.0,13.25,68.0,53.95,0,262.2129180872327,1.0171102149997737,0.0,e1_tracking_single_obstacle,M7,36,0.5,1.0
False,14.15,-0.17837102842660002,0.39503587095102055,True,87.50577223635176,0.14234704028623987,0.19275042860641686,260.7895549877454,0.13089646165125615,1.9673160420606604,1.6927339914812125,1.7064155151514737,109.46462429621864,156,1.0,False,False,False,False,True,False,True,True,True,True,False,1.0326839579393396,False,False,68.0,68.0,68.0,13.3,68.0,53.900000000000006,0,261.5693756087853,1.0267058256470287,0.0,e1_tracking_single_obstacle,M7,37,0.5,1.0
False,14.05,-0.15822753777904197,0.3804465239909863,True,87.10461117191669,0.14198330815099333,0.19091354396277246,261.3626470964485,0.13571014840637466,1.9705420077911011,1.6992189932200137,1.7140758449639046,108.85534712290541,169,1.0,False,False,False,False,True,False,True,True,True,True,False,1.0294579922088989,False,False,68.0,68.0,68.0,13.25,68.0,54.0,0,262.0238338022711,1.0236767582370867,0.0,e1_tracking_single_obstacle,M7,38,0.5,1.0
False,14.100000000000001,-0.14965837086119727,0.3809495435699374,True,87.38394714189484,0.14130124191534862,0.19128092089150134,261.51720921541073,0.14170481962698858,1.9750764529128084,1.707552220358379,1.7244073812103788,109.01802920718646,131,1.0,False,False,False,False,True,False,True,True,True,True,False,1.0249235470871916,False,False,68.0,68.0,68.0,13.25,68.0,53.95,0,262.00056542866264,1.019908757439352,0.0,e1_tracking_single_obstacle,M7,39,0.5,1.0
False,14.100000000000001,-0.21983838257953114,0.38056769262677276,True,87.59997855228268,0.15462440907894268,0.19103600293901543,260.2176067299277,0.13784386625702746,1.9659695872102798,1.6937142565482435,1.7044689878187784,109.69138132663336,0,1.0,False,False,False,False,True,False,True,True,True,True,False,1.0340304127897202,False,False,68.0,68.0,68.0,13.25,68.0,53.95,0,260.8490765681123,1.0281994563113912,0.0,e1_tracking_single_obstacle,M7,10,0.5,1.3
False,14.0,-0.20724546715356418,0.3812787904153734,True,87.15941021793263,0.15381296124466495,0.19005633112907175,260.0630813039066,0.13764750100302903,1.9643395426002366,1.6915658327904646,1.6998808728883763,109.20270677785791,0,0.0,False,False,False,False,True,False,True,True,True,True,False,1.0356604573997634,False,False,68.0,68.0,68.0,13.200000000000001,68.0,54.050000000000004,0,260.6696024363571,1.0299437572276198,0.0,e1_tracking_single_obstacle,M7,11,0.5,1.3
False,14.05,-0.2192367930786423,0.3818709026985996,True,87.2869906668434,0.1420922995731456,0.19079108498652952,259.62511183104334,0.12896451805086218,1.9582834587486568,1.6799094837037478,1.6859091072106924,109.95560234288118,0,0.0,False,False,False,False,True,False,True,True,True,True,False,1.0417165412513432,False,False,68.0,68.0,68.0,13.25,68.0,54.0,0,260.45945240452494,1.0352042542314102,0.0,e1_tracking_single_obstacle,M7,12,0.5,1.3
False,14.0,-0.19584469787560455,0.38009346228625346,True,86.86129025746281,0.14352436082377207,0.1905461670340436,260.32476689657295,0.1380900373217516,1.9669662320778099,1.6951028894875593,1.70733897324611,109.10189748174994,0,1.0,False,False,False,False,True,False,True,True,True,True,False,1.0330337679221901,False,False,68.0,68.0,68.0,13.200000000000001,68.0,54.050000000000004,0,260.9579762497283,1.0271962003054336,0.0,e1_tracking_single_obstacle,M7,13,0.5,1.3
False,14.05,-0.283887748425267,0.38217368003111296,True,87.3419021432172,0.1381047963205046,0.1914033798677443,259.76223756362674,0.12972408762540424,1.9591572009674785,1.6814193040081973,1.6883152715874779,110.1288962766024,0,0.0,False,False,False,False,True,False,True,True,True,True,False,1.0408427990325215,False,False,68.0,68.0,68.0,13.25,68.0,54.0,0,260.5795553361389,1.0343694911343735,0.0,e1_tracking_single_obstacle,M7,14,0.5,1.3
False,14.100000000000001,-0.1890885834593936,0.3814860376862741,True,87.65875493065754,0.14431898091192746,0.19189321577271615,260.1825826943646,0.1388867370308806,1.961948416734752,1.689375524014517,1.6938021844283504,109.91476833932343,0,0.0,False,False,False,False,True,False,True,True,True,True,False,1.038051583265248,False,False,68.0,68.0,68.0,13.3,68.0,53.95,0,260.775686077438,1.0322917429956895,0.0,e1_tracking_single_obstacle,M7,15,0.5,1.3
False,14.05,-0.21262464378588752,0.3808865549274342,True,87.2236102955439,0.14627411264405996,0.19128092089150134,260.4567669791981,0.13838723037286335,1.9681731550221215,1.6967878494805477,1.710897966480272,109.70647493540466,0,1.0,False,False,False,False,True,False,True,True,True,True,False,1.0318268449778785,False,False,68.0,68.0,68.0,13.200000000000001,68.0,54.0,0,261.0861999644762,1.0259993462779682,0.0,e1_tracking_single_obstacle,M7,16,0.5,1.3
False,14.15,-0.2755855862843747,0.374060659669429,True,87.91715077652817,0.14451232826138932,0.1920156747489591,260.0586339603367,0.13830623558207536,1.9633713475306642,1.6907443739801542,1.6971199815438296,110.44801582198208,0,0.0,False,False,False,False,True,False,True,True,True,True,False,1.0366286524693358,False,False,68.0,68.0,68.0,13.3,68.0,53.900000000000006,0,260.6576725389484,1.0309560456122682,0.0,e1_tracking_single_obstacle,M7,17,0.5,1.3
False,14.05,-0.184978176925785,0.384060044770752,True,87.2745757268487,0.1495974372116034,0.19079108498652952,259.47287809967935,0.12885384942063774,1.9567828196615265,1.6779301392337398,1.6813182929216932,109.73747384116763,0,0.0,False,False,False,False,True,False,True,True,True,True,False,1.0432171803384735,False,False,68.0,68.0,68.0,13.25,68.0,54.0,0,260.31871053713235,1.0366511810218195,0.0,e1_tracking_single_obstacle,M7,18,0.5,1.3
False,14.05,-0.20346301737950423,0.38035108116314126,True,87.52821015614039,0.15860496617196693,0.19042370805780065,256.90139197413805,0.11096663065404912,1.9414144878332762,1.6464770688722323,1.6504702332898988,110.40010714750207,0,0.0,False,False,False,False,True,False,True,True,True,True,False,1.0585855121667238,False,False,68.0,68.0,68.0,13.25,68.0,54.0,0,257.63082829242313,1.0527654744119184,0.0,e1_tracking_single_obstacle,M7,19,0.5,1.3
False,14.05,-0.17189084393703158,0.38309949752383216,True,87.63839382978145,0.14049620670261578,0.19079108498652952,260.0151070764795,0.1341502639287939,1.9596078780033288,1.6841925273061693,1.688330111577117,110.52974365739095,0,0.0,False,False,False,False,True,False,True,True,True,True,False,1.0403921219966712,False,False,68.0,68.0,68.0,13.25,68.0,54.0,0,260.72051142184245,1.0341515928549059,0.0,e1_tracking_single_obstacle,M7,20,0.5,1.3
False,14.100000000000001,-0.1547180793559657,0.3837810914359774,True,87.57049584065636,0.13770115949315606,0.1920156747489591,256.87075639682166,0.1109046877194873,1.9411029146226009,1.646035668560505,1.6495180819023296,110.50384670905159,0,0.0,False,False,False,False,True,False,True,True,True,True,False,1.0588970853773991,False,False,68.0,68.0,68.0,13.3,68.0,53.95,0,257.62476564446786,1.0530399410475626,0.0,e1_tracking_single_obstacle,M7,21,0.5,1.3
False,14.100000000000001,-0.22331441460153467,0.3900582092417929,True,87.37602971661738,0.14358054864395822,0.19213813372520205,260.33535195046335,0.1382304471015119,1.966846708242423,1.6950482759427328,1.707259080757922,109.87082486748693,0,1.0,False,False,False,False,True,False,True,True,True,True,False,1.033153291757577,False,False,68.0,68.0,68.0,13.25,68.0,53.95,0,260.9393187677375,1.027433784881425,0.0,e1_tracking_single_obstacle,M7,22,0.5,1.3
False,14.05,-0.26726944830653254,0.3785465728548684,True,87.19022396724272,0.14870887003021613,0.19042370805780065,260.2477296650908,0.1379173937953395,1.9662244264660582,1.694078705329857,1.7052646047414355,109.3911601108421,0,1.0,False,False,False,False,True,False,True,True,True,True,False,1.0337755735339418,False,False,68.0,68.0,68.0,13.200000000000001,68.0,54.0,0,260.8746068613258,1.0279603000559319,0.0,e1_tracking_single_obstacle,M7,23,0.5,1.3
False,14.05,-0.2078407064622282,0.38866702311264906,True,87.384672273805,0.14494997195988893,0.19103600293901543,260.2359521585616,0.13801733235489502,1.9659300045856078,1.6937754453761955,1.704563410391244,109.75013787181841,0,1.0,False,False,False,False,True,False,True,True,True,True,False,1.0340699954143922,False,False,68.0,68.0,68.0,13.25,68.0,54.0,0,260.8408969469066,1.0283511665029905,0.0,e1_tracking_single_obstacle,M7,24,0.5,1.3
False,14.05,-0.20656792321562312,0.38080180709824646,True,87.32865459157107,0.14365241044019736,0.1905461670340436,260.0759066414761,0.13786104664850737,1.964220700105316,1.6915446966385037,1.699579621535333,109.80935436270677,0,0.0,False,False,False,False,True,False,True,True,True,True,False,1.035779299894684,False,False,68.0,68.0,68.0,13.200000000000001,68.0,54.0,0,260.6719267482032,1.030115601824261,0.0,e1_tracking_single_obstacle,M7,25,0.5,1.3
False,14.05,-0.2231438059679569,0.37973055301723685,True,87.46388336415248,0.1569240207434188,0.19042370805780065,259.82980782052675,0.13026944620307082,1.9594848764690747,1.6821174448375773,1.6891233682485083,110.2472277036255,0,0.0,False,False,False,False,True,False,True,True,True,True,False,1.0405151235309253,False,False,68.0,68.0,68.0,13.25,68.0,54.0,0,260.63647528724573,1.034060130373444,0.0,e1_tracking_single_obstacle,M7,26,0.5,1.3
False,14.05,-0.22183079557802987,0.3791920232128817,True,87.29262765713436,0.1466969063350547,0.19030124908155768,258.94853892355627,0.12454925844571178,1.9550038410875772,1.6733711224554026,1.6775662268098175,110.07967811194871,0,0.0,False,False,False,False,True,False,True,True,True,True,False,1.0449961589124228,False,False,68.0,68.0,68.0,13.200000000000001,68.0,54.0,0,259.86794261006276,1.0383056250728666,0.0,e1_tracking_single_obstacle,M7,27,0.5,1.3
False,14.05,-0.18164529348431102,0.38125519112524814,True,87.43528486014446,0.15088686421627734,0.19079108498652952,260.3623833020886,0.13817997529232673,1.9672605773996257,1.695530807023862,1.7083339465575842,109.81876371791196,0,1.0,False,False,False,False,True,False,True,True,True,True,False,1.0327394226003743,False,False,68.0,68.0,68.0,13.25,68.0,54.0,0,260.9848691064819,1.026937228655941,0.0,e1_tracking_single_obstacle,M7,28,0.5,1.3
False,14.05,-0.17114643842406985,0.38133609324332574,True,87.48266925899655,0.15387742639443258,0.1905461670340436,260.2333736954203,0.13788888235374683,1.9661370777214728,1.693944971000507,1.7048661917496897,109.57459785020443,0,1.0,False,False,False,False,True,False,True,True,True,True,False,1.0338629222785272,False,False,68.0,68.0,68.0,13.25,68.0,54.0,0,260.8703177243761,1.0280168416635087,0.0,e1_tracking_single_obstacle,M7,29,0.5,1.3
False,14.100000000000001,-0.18517789603127677,0.38729027881493405,True,87.51165239630569,0.13894278832112697,0.1914033798677443,259.66926174115525,0.12942903440515932,1.9584028540438911,1.6803018772596197,1.6861011628155338,110.09505850858076,0,0.0,False,False,False,False,True,False,True,True,True,True,False,1.0415971459561089,False,False,68.0,68.0,68.0,13.25,68.0,53.95,0,260.4958634129332,1.0350941353569307,0.0,e1_tracking_single_obstacle,M7,30,0.5,1.3
False,14.0,-0.22469453758538416,0.37993388203294975,True,87.08206725782071,0.15252915316335353,0.18981141317658584,260.46407341427033,0.13926870871132718,1.9680619111172655,1.697052875476293,1.7098778880151035,109.32128808803718,0,1.0,False,False,False,False,True,False,True,True,True,True,False,1.0319380888827345,False,False,68.0,68.0,68.0,13.200000000000001,68.0,54.050000000000004,0,261.0405422393581,1.0264195837026682,0.0,e1_tracking_single_obstacle,M7,31,0.5,1.3
False,14.100000000000001,-0.12672222071262418,0.37681329131435265,True,87.42485646942303,0.13711368814212185,0.19250551065393093,259.95003479507375,0.1381943309019982,1.9595463231157113,1.685984822728277,1.6868529541041137,109.93321020888771,0,0.0,False,False,False,False,True,False,True,True,True,True,False,1.0404536768842887,False,False,68.0,68.0,68.0,13.25,68.0,53.95,0,260.5470245846157,1.0346592012819753,0.0,e1_tracking_single_obstacle,M7,32,0.5,1.3
False,14.05,-0.15566419372740603,0.3833404921666353,True,87.51521823354092,0.15008756994148106,0.1911584619152584,259.9623785631999,0.13778855318569258,1.9629581812096009,1.6899206415604646,1.695863924033311,109.72490368147521,0,0.0,False,False,False,False,True,False,True,True,True,True,False,1.0370418187903991,False,False,68.0,68.0,68.0,13.25,68.0,54.0,0,260.5586054299185,1.0313865458201068,0.0,e1_tracking_single_obstacle,M7,33,0.5,1.3
False,14.0,-0.19521304639511183,0.3866086240187884,True,87.14387960961851,0.14875963576157608,0.1899338721528288,260.2289389243864,0.1381225855210337,1.9657095854406952,1.6935630871946035,1.703958647724371,109.32990615014913,0,1.0,False,False,False,False,True,False,True,True,True,True,False,1.0342904145593048,False,False,68.0,68.0,68.0,13.200000000000001,68.0,54.050000000000004,0,260.8253917216445,1.0286144240329518,0.0,e1_tracking_single_obstacle,M7,34,0.5,1.3
False,14.05,-0.20584656988245043,0.38142957772541813,True,87.53505200460295,0.15174935691993113,0.1911584619152584,260.2221387300098,0.13897004563592458,1.962318291783691,1.68988804780756,1.6948920921409372,110.08120529000544,0,0.0,False,False,False,False,True,False,True,True,True,True,False,1.037681708216309,False,False,68.0,68.0,68.0,13.25,68.0,54.0,0,260.81489030460114,1.0319229798776102,0.0,e1_tracking_single_obstacle,M7,35,0.5,1.3
False,14.100000000000001,-0.1561486117064289,0.3835350311024886,True,87.34414739353564,0.14408950451988453,0.1916482978202302,260.3710789889544,0.13822430295463575,1.9672949357757314,1.6956023951977022,1.7084937113156853,109.82857751583201,0,1.0,False,False,False,False,True,False,True,True,True,True,False,1.0327050642242686,False,False,68.0,68.0,68.0,13.25,68.0,53.95,0,260.98681919994704,1.0269302072096236,0.0,e1_tracking_single_obstacle,M7,36,0.5,1.3
False,14.15,-0.17768974761129197,0.3951307045547352,True,87.60228039119322,0.1421250524311781,0.1928728875826598,259.65599308017084,0.1302686999211878,1.9577178460778564,1.6798523767868208,1.683696001267493,110.11172293521132,0,0.0,False,False,False,False,True,False,True,True,True,True,False,1.0422821539221436,False,False,68.0,68.0,68.0,13.3,68.0,53.900000000000006,0,260.468854962734,1.035783093987156,0.0,e1_tracking_single_obstacle,M7,37,0.5,1.3
False,14.05,-0.15755440341568572,0.38052482934707305,True,87.20768360740189,0.1417518183197808,0.19091354396277246,260.216790070462,0.13869897849650079,1.9619567220633873,1.6893132775564657,1.6940064205212277,109.55765307034463,0,0.0,False,False,False,False,True,False,True,True,True,True,False,1.0380432779366127,False,False,68.0,68.0,68.0,13.200000000000001,68.0,54.0,0,260.8116193978443,1.0322496688370435,0.0,e1_tracking_single_obstacle,M7,38,0.5,1.3
False,14.100000000000001,-0.14902390313795277,0.381012466444823,True,87.47341180527549,0.14103139781751858,0.19152583884398727,260.0959275988545,0.1379202436881437,1.9643826690640314,1.691782631281741,1.7000596280232654,109.59954722428321,0,0.0,False,False,False,False,True,False,True,True,True,True,False,1.0356173309359686,False,False,68.0,68.0,68.0,13.25,68.0,53.95,0,260.69139557796365,1.0299552856886443,0.0,e1_tracking_single_obstacle,M7,39,0.5,1.3
False,14.350000000000001,-0.22432694813162224,0.3810536811860345,True,89.55411815750547,0.14821847448946554,0.19385255939260349,267.56691631345416,0.15265023078593185,2.025199010122295,1.7766923576221354,1.7936749324604115,115.21682856938668,0,1.0,False,False,False,False,True,False,True,True,True,True,False,0.9748009898777048,False,False,68.0,68.0,68.0,13.5,68.0,53.7,0,267.6358377358388,0.9720061766355712,0.0,e1_tracking_single_obstacle,M7,10,0.6,0.3
False,14.25,-0.21236192401786114,0.3816868783208723,True,89.09255046909206,0.14782601214678687,0.19275042860641686,267.568418075469,0.15064548000456657,2.023512827095912,1.7738402594785214,1.7905431945785777,114.55602973090842,0,1.0,False,False,False,False,True,False,True,True,True,True,False,0.976487172904088,False,False,68.0,68.0,68.0,13.4,68.0,53.800000000000004,0,267.693581195441,0.9735520647773811,0.0,e1_tracking_single_obstacle,M7,11,0.6,0.3
False,14.3,-0.22387188734701124,0.38232452005054984,True,89.217515832631,0.13588667215605332,0.19360764144011755,267.49480831400575,0.153666637062199,2.0261748454758117,1.7782477963656849,1.7953976943909735,115.24680342886512,0,1.0,False,False,False,False,True,False,True,True,True,True,False,0.9738251545241883,False,False,68.0,68.0,68.0,13.450000000000001,68.0,53.75,0,267.5464298644032,0.9711505195870004,0.0,e1_tracking_single_obstacle,M7,12,0.6,0.3
False,14.25,-0.20102216523073735,0.3806815391321214,True,88.8095030040789,0.13651953415634935,0.19336272348763164,267.607063111337,0.15295526025833303,2.025867912884994,1.7776454620882838,1.7947789624520887,114.74341372846288,0,1.0,False,False,False,False,True,False,True,True,True,True,False,0.9741320871150059,False,False,68.0,68.0,68.0,13.4,68.0,53.800000000000004,0,267.6784463399538,0.9713054334921709,0.0,e1_tracking_single_obstacle,M7,13,0.6,0.3
False,14.3,-0.2976555988605478,0.3835515240784164,True,89.3126295303281,0.1319222728439608,0.1943423952975753,266.16139383040036,0.13161286820485782,2.0066203944035594,1.7425793667546365,1.7590484570432579,115.53382536936664,0,1.0,False,False,False,False,True,False,True,True,True,True,False,0.9933796055964406,False,False,68.0,68.0,68.0,13.450000000000001,68.0,53.75,0,266.5242566898315,0.9905775733363653,0.0,e1_tracking_single_obstacle,M7,14,0.6,0.3
False,14.350000000000001,-0.1942807924102029,0.38191463813949517,True,89.5751958115918,0.13768744340737035,0.19446485427381827,267.2021014377005,0.14557045976792415,2.0189580125069106,1.7660611338897432,1.7820707074741395,114.98003737173511,0,1.0,False,False,False,False,True,False,True,True,True,True,False,0.9810419874930894,False,False,68.0,68.0,68.0,13.5,68.0,53.7,0,267.50589131853553,0.9781976531199378,0.0,e1_tracking_single_obstacle,M7,15,0.6,0.3
False,14.3,-0.21792914592310486,0.38127875955596163,True,89.1963148501806,0.13919023734008726,0.1940974773450894,267.7167297151171,0.15237380497114664,2.0261150538924464,1.7777640966811452,1.7950118739772396,115.36841358087317,0,1.0,False,False,False,False,True,False,True,True,True,True,False,0.9738849461075536,False,False,68.0,68.0,68.0,13.450000000000001,68.0,53.75,0,267.81714195869193,0.9709088395441111,0.0,e1_tracking_single_obstacle,M7,16,0.6,0.3
False,14.4,-0.28020255770044333,0.3748214387293707,True,89.84369707498136,0.13837522824771065,0.1947097722263042,267.40818543809195,0.1468995191731093,2.0207802122802927,1.7689259352546796,1.7852659773006927,115.56901118708969,0,1.0,False,False,False,False,True,False,True,True,True,True,False,0.9792197877197073,False,False,68.0,68.0,68.0,13.55,68.0,53.650000000000006,0,267.6985208257432,0.9761917935336857,0.0,e1_tracking_single_obstacle,M7,17,0.6,0.3
False,14.3,-0.18954953515144568,0.38456715763560667,True,89.17283884253385,0.14268782820743187,0.1934851824638746,267.0433827815697,0.14486058022989065,2.0175748493144012,1.7640063435497448,1.7797278734409827,114.6970121079398,0,1.0,False,False,False,False,True,False,True,True,True,True,False,0.9824251506855988,False,False,68.0,68.0,68.0,13.450000000000001,68.0,53.75,0,267.3412390725021,0.9797033890105346,0.0,e1_tracking_single_obstacle,M7,18,0.6,0.3
False,14.3,-0.20781039336382723,0.3808051457449907,True,89.41324060192352,0.15262277914463937,0.19324026451138868,267.6779129191099,0.1527172559980189,2.0261492778434893,1.7779249905941958,1.7951530982483443,115.38582159393852,0,1.0,False,False,False,False,True,False,True,True,True,True,False,0.9738507221565107,False,False,68.0,68.0,68.0,13.450000000000001,68.0,53.75,0,267.7642752030097,0.9709367258096754,0.0,e1_tracking_single_obstacle,M7,19,0.6,0.3
False,14.350000000000001,-0.17645864912167641,0.3835245277092122,True,89.56643765157618,0.13339534998051744,0.19385255939260349,267.12341049119055,0.1452064163597935,2.0182719828122555,1.765037245269037,1.7809056229638751,115.58413567014274,0,1.0,False,False,False,False,True,False,True,True,True,True,False,0.9817280171877445,False,False,68.0,68.0,68.0,13.5,68.0,53.7,0,267.42440179517683,0.9789470998290791,0.0,e1_tracking_single_obstacle,M7,20,0.6,0.3
False,14.350000000000001,-0.1592314931229869,0.3844405276689645,True,89.44863383631196,0.13172591717916737,0.19483223120254714,267.6712493377872,0.15239356021187622,2.025763644843468,1.7773240722888324,1.7944772780815337,115.46966530965291,0,1.0,False,False,False,False,True,False,True,True,True,True,False,0.9742363551565321,False,False,68.0,68.0,68.0,13.5,68.0,53.7,0,267.76282003283933,0.9713126175995677,0.0,e1_tracking_single_obstacle,M7,21,0.6,0.3
False,14.350000000000001,-0.22841440531832735,0.3905582010439015,True,89.31732385542415,0.13595245559418884,0.19507714915503307,267.69236621820653,0.15107497450222415,2.0248624480002193,1.775710948309215,1.7927357780158777,115.35584929575873,0,1.0,False,False,False,False,True,False,True,True,True,True,False,0.9751375519997807,False,False,68.0,68.0,68.0,13.5,68.0,53.7,0,267.8279988900193,0.9720982945775701,0.0,e1_tracking_single_obstacle,M7,22,0.6,0.3
False,14.3,-0.27220841592274836,0.37908369604321435,True,89.14165363000652,0.14225901871975927,0.19311780553514574,267.61356447856826,0.15222494577093462,2.0251317771469317,1.77646217778713,1.7934623398803498,114.93465594966992,0,1.0,False,False,False,False,True,False,True,True,True,True,False,0.9748682228530683,False,False,68.0,68.0,68.0,13.450000000000001,68.0,53.75,0,267.6984243818092,0.9719991168657104,0.0,e1_tracking_single_obstacle,M7,23,0.6,0.3
False,14.3,-0.21248990728361028,0.38962474786246687,True,89.33430132597756,0.1386072113198118,0.19397501836884642,267.65035685659154,0.1507665126190135,2.0242968556233314,1.7748802824824745,1.7917812170640286,115.19859750121289,0,1.0,False,False,False,False,True,False,True,True,True,True,False,0.9757031443766686,False,False,68.0,68.0,68.0,13.450000000000001,68.0,53.75,0,267.78881329311326,0.9726863728491353,0.0,e1_tracking_single_obstacle,M7,24,0.6,0.3
False,14.3,-0.2112971034305039,0.38149280848090855,True,89.26356998773656,0.1372843969069168,0.19324026451138868,267.5635171712388,0.1494062868100622,2.0227997386172594,1.772472990136989,1.7890956092355825,115.08561552521465,0,1.0,False,False,False,False,True,False,True,True,True,True,False,0.9772002613827406,False,False,68.0,68.0,68.0,13.450000000000001,68.0,53.75,0,267.74504620944555,0.9741651403618493,0.0,e1_tracking_single_obstacle,M7,25,0.6,0.3
False,14.3,-0.22811958324953974,0.38027372317769426,True,89.39693696426137,0.1503080386171175,0.19336272348763164,267.20838309109604,0.14545866309920877,2.019089758659494,1.766176091955733,1.7822421723286723,115.34920825180781,0,1.0,False,False,False,False,True,False,True,True,True,True,False,0.980910241340506,False,False,68.0,68.0,68.0,13.450000000000001,68.0,53.75,0,267.5067780587475,0.9781078714877711,0.0,e1_tracking_single_obstacle,M7,26,0.6,0.3
False,14.3,-0.2263569304965226,0.3797296091398811,True,89.19175572298425,0.1407478710906774,0.19336272348763164,267.49402239670223,0.1541802594765894,2.027566518199221,1.7801366218514598,1.7975886062052218,115.18032298877995,0,1.0,False,False,False,False,True,False,True,True,True,True,False,0.9724334818007789,False,False,68.0,68.0,68.0,13.450000000000001,68.0,53.75,0,267.5727584560999,0.969638356195265,0.0,e1_tracking_single_obstacle,M7,27,0.6,0.3
False,14.3,-0.18661458471037595,0.38170695702343765,True,89.40764760288191,0.14478315774931688,0.19360764144011755,267.69219364906616,0.15174239973774065,2.0253575513708557,1.7765798284896692,1.7936797100590052,115.36973405526912,0,1.0,False,False,False,False,True,False,True,True,True,True,False,0.9746424486291443,False,False,68.0,68.0,68.0,13.5,68.0,53.75,0,267.8049071069663,0.9716528936676906,0.0,e1_tracking_single_obstacle,M7,28,0.6,0.3
False,14.3,-0.17541459202194276,0.38190315556565313,True,89.43887601913735,0.14803072906281234,0.1934851824638746,267.51666142374995,0.15319633058117885,2.0255141816611277,1.7772698392780226,1.794288433020934,115.08871941721966,0,1.0,False,False,False,False,True,False,True,True,True,True,False,0.9744858183388723,False,False,68.0,68.0,68.0,13.5,68.0,53.75,0,267.5734954622309,0.9717598047795514,0.0,e1_tracking_single_obstacle,M7,29,0.6,0.3
False,14.350000000000001,-0.18968565223428246,0.3878430861449628,True,89.43490223219837,0.13281759461182058,0.1943423952975753,267.1525750115187,0.1452790100398098,2.0185583043118926,1.765429130231197,1.7813690696134183,115.0922090859322,0,1.0,False,False,False,False,True,False,True,True,True,True,False,0.9814416956881074,False,False,68.0,68.0,68.0,13.5,68.0,53.7,0,267.45321362570326,0.9786540258187821,0.0,e1_tracking_single_obstacle,M7,30,0.6,0.3
False,14.25,-0.22970156345902837,0.3803555838233865,True,89.06545060444031,0.14682149324955557,0.19250551065393093,267.6815602485184,0.1522261511051409,2.0256883869322615,1.7771704577880991,1.7943176685156077,115.03519870594415,0,1.0,False,False,False,False,True,False,True,True,True,True,False,0.9743116130677385,False,False,68.0,68.0,68.0,13.4,68.0,53.800000000000004,0,267.77892098443425,0.9713661808694399,0.0,e1_tracking_single_obstacle,M7,31,0.6,0.3
False,14.350000000000001,-0.1324335975746228,0.3774644299856241,True,89.30584781462777,0.13023297244326001,0.19507714915503307,266.95944226250526,0.14449016375577303,2.0168645476774807,1.762946330498803,1.778521912808365,114.91922783587658,0,1.0,False,False,False,False,True,False,True,True,True,True,False,0.9831354523225193,False,False,68.0,68.0,68.0,13.5,68.0,53.7,0,267.25151063589345,0.980483784417114,0.0,e1_tracking_single_obstacle,M7,32,0.6,0.3
False,14.3,-0.16037827026776885,0.38407451889829813,True,89.43645262067297,0.14445419242889487,0.19385255939260349,267.4634095436452,0.14803930414261537,2.021425584070164,1.77020239995109,1.7865890385934102,114.888317180598,0,1.0,False,False,False,False,True,False,True,True,True,True,False,0.978574415929836,False,False,68.0,68.0,68.0,13.5,68.0,53.75,0,267.69865720286555,0.9755349938343872,0.0,e1_tracking_single_obstacle,M7,33,0.6,0.3
False,14.25,-0.1998337912625383,0.3870251045876407,True,89.09283840452709,0.14243561826356488,0.19275042860641686,267.6474879678441,0.15012855200144204,2.023896736641492,1.7741365791662735,1.790986856730756,114.73943974990225,0,1.0,False,False,False,False,True,False,True,True,True,True,False,0.976103263358508,False,False,68.0,68.0,68.0,13.4,68.0,53.800000000000004,0,267.8132375969586,0.9730380496528965,0.0,e1_tracking_single_obstacle,M7,34,0.6,0.3
False,14.3,-0.2110779346186118,0.38183916143326946,True,89.45311326538396,0.1448993869909973,0.19373010041636052,267.2283335196297,0.1456687198316824,2.01920046778276,1.7664092027626623,1.7824735266724763,115.21974617450232,0,1.0,False,False,False,False,True,False,True,True,True,True,False,0.9807995322172398,False,False,68.0,68.0,68.0,13.450000000000001,68.0,53.75,0,267.5325869487424,0.9779400158225903,0.0,e1_tracking_single_obstacle,M7,35,0.6,0.3
False,14.350000000000001,-0.16102903780033673,0.384015114694502,True,89.30404221459128,0.13694499186188439,0.19446485427381827,267.6996811581166,0.15171296859481542,2.025396726209809,1.7766191202586663,1.7937318354670568,115.37980856530685,0,1.0,False,False,False,False,True,False,True,True,True,True,False,0.9746032737901911,False,False,68.0,68.0,68.0,13.5,68.0,53.7,0,267.81482333893945,0.971603147789994,0.0,e1_tracking_single_obstacle,M7,36,0.6,0.3
False,14.4,-0.18370597489791796,0.3960664977431159,True,89.49607059601239,0.13473127119408684,0.19568944403624786,267.0804694184802,0.14502638255810166,2.017893260033343,1.764480877109727,1.780268172780059,115.11582035156434,0,1.0,False,False,False,False,True,False,True,True,True,True,False,0.9821067399666572,False,False,68.0,68.0,68.0,13.55,68.0,53.650000000000006,0,267.3799467914936,0.9793562012091255,0.0,e1_tracking_single_obstacle,M7,37,0.6,0.3
False,14.3,-0.16229230603699252,0.38124691987111253,True,89.11617668948223,0.13523005142053904,0.19360764144011755,267.2107115351297,0.1456124264859092,2.019033107855701,1.7661740620888984,1.7821988072555994,114.61842253409873,0,1.0,False,False,False,False,True,False,True,True,True,True,False,0.9809668921442989,False,False,68.0,68.0,68.0,13.450000000000001,68.0,53.75,0,267.51473675822194,0.9781153181697831,0.0,e1_tracking_single_obstacle,M7,38,0.6,0.3
False,14.350000000000001,-0.15337049139447756,0.3816086302135138,True,89.40958176852638,0.1349187741320343,0.1943423952975753,267.56772835086633,0.1490535765967221,2.0226915993099723,1.7722014067521294,1.7888283918248655,114.92716776369248,0,1.0,False,False,False,False,True,False,True,True,True,True,False,0.9773084006900277,False,False,68.0,68.0,68.0,13.5,68.0,53.7,0,267.76960084876583,0.9742407880041215,0.0,e1_tracking_single_obstacle,M7,39,0.6,0.3
False,14.350000000000001,-0.22328478652411476,0.3811434096351111,True,89.54171067090267,0.14772304335320088,0.1940974773450894,265.1949118691437,0.14923572021103562,2.0062179729662333,1.7508067356415975,1.7829812889888477,114.87572850259495,0,1.0,False,False,False,False,True,False,True,True,True,True,False,0.9937820270337667,False,False,68.0,68.0,68.0,13.5,68.0,53.7,0,265.4116799856418,0.990150100354835,0.0,e1_tracking_single_obstacle,M7,10,0.6,0.7
False,14.25,-0.21134208557756473,0.38176939019508543,True,89.0806083152857,0.147277613220862,0.1928728875826598,265.19511984943233,0.14816313916649304,2.0046090465934956,1.7484004940536222,1.7797512221281238,114.23819274971765,0,1.0,False,False,False,False,True,False,True,True,True,True,False,0.9953909534065044,False,False,68.0,68.0,68.0,13.4,68.0,53.800000000000004,0,265.421728110992,0.9916622254099824,0.0,e1_tracking_single_obstacle,M7,11,0.6,0.7
False,14.3,-0.22279641062768463,0.3824090664231475,True,89.26529441525688,0.13556411645288816,0.19360764144011755,263.0727135490804,0.12450935103317218,1.9858736005331579,1.7120100998329741,1.7427734645859474,115.2914938817431,0,1.0,False,False,False,False,True,False,True,True,True,True,False,1.0141263994668421,False,False,68.0,68.0,68.0,13.450000000000001,68.0,53.75,0,263.576246247624,1.0102594535442158,0.0,e1_tracking_single_obstacle,M7,12,0.6,0.7
False,14.25,-0.2000924936881605,0.38078401705940423,True,88.79428968795598,0.13608145251510523,0.19373010041636052,265.25085764722945,0.14943934206383305,2.0070390338559716,1.7519182012003156,1.7846044181445095,114.38454051711383,0,1.0,False,False,False,False,True,False,True,True,True,True,False,0.9929609661440284,False,False,68.0,68.0,68.0,13.4,68.0,53.800000000000004,0,265.47325722198156,0.989299320055146,0.0,e1_tracking_single_obstacle,M7,13,0.6,0.7
False,14.3,-0.29998884648294677,0.3837725525960997,True,89.27361700920545,0.1315395955334165,0.1943423952975753,264.6291323563114,0.13915341686979174,1.9985505814803692,1.7368908176801974,1.7665293149983383,114.99544443186545,0,1.0,False,False,False,False,True,False,True,True,True,True,False,1.0014494185196308,False,False,68.0,68.0,68.0,13.450000000000001,68.0,53.75,0,265.111668943725,0.9973604890255688,0.0,e1_tracking_single_obstacle,M7,14,0.6,0.7
False,14.350000000000001,-0.1932177945286918,0.38199591614837863,True,89.57201609255753,0.13744884746147346,0.19458731325006123,264.6938090171993,0.13975765967418696,1.9988299464437445,1.7375302979545335,1.767130798277156,114.77444755266092,0,1.0,False,False,False,False,True,False,True,True,True,True,False,1.0011700535562555,False,False,68.0,68.0,68.0,13.5,68.0,53.7,0,265.18293368441266,0.9970032668446407,0.0,e1_tracking_single_obstacle,M7,15,0.6,0.7
False,14.3,-0.2169557200341502,0.3813522479488627,True,89.1805660280911,0.13884433718640618,0.1940974773450894,265.3843090082936,0.14945362271713233,2.007700695055565,1.7527992511826258,1.7859737514748941,115.04115070843326,0,1.0,False,False,False,False,True,False,True,True,True,True,False,0.9922993049444351,False,False,68.0,68.0,68.0,13.450000000000001,68.0,53.75,0,265.61218215832923,0.9885546687932493,0.0,e1_tracking_single_obstacle,M7,16,0.6,0.7
False,14.4,-0.2791189727633202,0.3749451679627274,True,89.83531689708235,0.1380783723725873,0.1949546901787901,265.07816841441837,0.14298766678969707,2.00167595578287,1.7425873549889854,1.7731777981402452,115.30665123974966,0,1.0,False,False,False,False,True,False,True,True,True,True,False,0.9983240442171302,False,False,68.0,68.0,68.0,13.55,68.0,53.650000000000006,0,265.49261550834046,0.9940951762120488,0.0,e1_tracking_single_obstacle,M7,17,0.6,0.7
False,14.3,-0.18842967173757874,0.3846548669459015,True,89.1762268380839,0.14241117331871014,0.19373010041636052,264.4365281437271,0.13848010925324264,1.9969325549757446,1.7345221142903697,1.7632053907651042,114.53397730043065,0,1.0,False,False,False,False,True,False,True,True,True,True,False,1.0030674450242554,False,False,68.0,68.0,68.0,13.450000000000001,68.0,53.75,0,264.9275057413377,0.9989974716123083,0.0,e1_tracking_single_obstacle,M7,18,0.6,0.7
False,14.3,-0.20674864598582854,0.38089049390946333,True,89.39372870134997,0.15215335436268512,0.19336272348763164,265.3132109339414,0.14957590161640266,2.007689555393928,1.7527980593657049,1.7859042815581658,115.03415249862672,0,1.0,False,False,False,False,True,False,True,True,True,True,False,0.9923104446060722,False,False,68.0,68.0,68.0,13.450000000000001,68.0,53.75,0,265.5397157721659,0.9886154430860072,0.0,e1_tracking_single_obstacle,M7,19,0.6,0.7
False,14.3,-0.17542113517684077,0.3836083171500047,True,89.56421254046832,0.13345037430440135,0.19397501836884642,264.56549089419434,0.13909451389945218,1.9978858369534365,1.7360221248862535,1.7651757336252492,115.36856378773304,0,1.0,False,False,False,False,True,False,True,True,True,True,False,1.0021141630465635,False,False,68.0,68.0,68.0,13.5,68.0,53.75,0,265.0562116806499,0.9979978895971103,0.0,e1_tracking_single_obstacle,M7,20,0.6,0.7
False,14.350000000000001,-0.15818030587506715,0.3843939578173045,True,89.42945497752622,0.13133630874516763,0.19483223120254714,265.2973309438274,0.14947547270429906,2.0073167395520577,1.7522955837213519,1.7851763229610205,115.13050167597328,0,1.0,False,False,False,False,True,False,True,True,True,True,False,0.9926832604479423,False,False,68.0,68.0,68.0,13.5,68.0,53.7,0,265.52107924393187,0.988996937045158,0.0,e1_tracking_single_obstacle,M7,21,0.6,0.7
False,14.350000000000001,-0.22739260091445812,0.3906395499182313,True,89.30508272979094,0.13555568231164097,0.19507714915503307,265.3645776735806,0.1486484954436779,2.006406894109993,1.7508792379704734,1.7833707999279464,115.04989346777653,0,1.0,False,False,False,False,True,False,True,True,True,True,False,0.9935931058900072,False,False,68.0,68.0,68.0,13.5,68.0,53.7,0,265.60012559019106,0.9897864908688945,0.0,e1_tracking_single_obstacle,M7,22,0.6,0.7
False,14.3,-0.2711696078745075,0.3791761864981985,True,89.12884720661057,0.14179175868194274,0.19336272348763164,265.24479171405164,0.14916964797909024,2.0063235028967275,1.7509340908212678,1.7832141859138821,114.59550162093291,0,1.0,False,False,False,False,True,False,True,True,True,True,False,0.9936764971032725,False,False,68.0,68.0,68.0,13.450000000000001,68.0,53.75,0,265.4634082232309,0.9900088163413008,0.0,e1_tracking_single_obstacle,M7,23,0.6,0.7
False,14.3,-0.2114477047323371,0.38978834847935445,True,89.32216156627203,0.1381805540664003,0.19397501836884642,265.3080260333048,0.14840555265078245,2.0057218825926437,1.74991480433618,1.7819867294610778,114.87392398696646,0,1.0,False,False,False,False,True,False,True,True,True,True,False,0.9942781174073563,False,False,68.0,68.0,68.0,13.450000000000001,68.0,53.75,0,265.54217433938686,0.9904889776678928,0.0,e1_tracking_single_obstacle,M7,24,0.6,0.7
False,14.3,-0.21023733962440294,0.3816093920278404,True,89.25328165167231,0.1368817494036121,0.1934851824638746,265.2263914358401,0.147046541253487,2.004024790309175,1.7472353764404716,1.7784461605708672,114.78368858744426,0,1.0,False,False,False,False,True,False,True,True,True,True,False,0.9959752096908252,False,False,68.0,68.0,68.0,13.450000000000001,68.0,53.75,0,265.486861127001,0.9920949585262058,0.0,e1_tracking_single_obstacle,M7,25,0.6,0.7
False,14.3,-0.22702497613696104,0.3803664717859893,True,89.39800709180264,0.15005390529641144,0.1934851824638746,264.67270490157824,0.13930971775934345,1.9989189235447835,1.7374307555298334,1.7672862843502404,115.16527515853781,0,1.0,False,False,False,False,True,False,True,True,True,True,False,1.0010810764552165,False,False,68.0,68.0,68.0,13.450000000000001,68.0,53.75,0,265.1516252770372,0.9969941943421916,0.0,e1_tracking_single_obstacle,M7,26,0.6,0.7
False,14.3,-0.22529940361284073,0.37982432212778616,True,89.20337224189119,0.14016600470824858,0.19336272348763164,264.4237084253584,0.13827925482830447,1.9969625537844677,1.7344628182471682,1.7632573892175079,114.85632110085128,0,1.0,False,False,False,False,True,False,True,True,True,True,False,1.0030374462155323,False,False,68.0,68.0,68.0,13.450000000000001,68.0,53.75,0,264.9067573551802,0.9990103217624301,0.0,e1_tracking_single_obstacle,M7,27,0.6,0.7
False,14.3,-0.18558636195931333,0.38179300342245215,True,89.39358382454084,0.14436601419942488,0.19360764144011755,265.3511959841035,0.14910315905344587,2.006882841603863,1.7516417867778293,1.7843445203327948,115.05975818848327,0,1.0,False,False,False,False,True,False,True,True,True,True,False,0.9931171583961369,False,False,68.0,68.0,68.0,13.450000000000001,68.0,53.75,0,265.5784397471314,0.9893669504701269,0.0,e1_tracking_single_obstacle,M7,28,0.6,0.7
False,14.3,-0.17438355905663128,0.3820340401678947,True,89.42794829566071,0.14752047887741182,0.19360764144011755,265.16811702749067,0.1493153838659881,2.0063842306476265,1.7510266978179927,1.7832763892586112,114.76107155132571,0,1.0,False,False,False,False,True,False,True,True,True,True,False,0.9936157693523735,False,False,68.0,68.0,68.0,13.5,68.0,53.75,0,265.3871548167709,0.9899970076850884,0.0,e1_tracking_single_obstacle,M7,29,0.6,0.7
False,14.350000000000001,-0.1885624979798266,0.38778532912405006,True,89.4350986323513,0.1324673177580572,0.1943423952975753,264.5989282934412,0.13909187198611425,1.9982612318867325,1.7364955737500778,1.7659383907598487,114.95378021406037,0,1.0,False,False,False,False,True,False,True,True,True,True,False,1.0017387681132675,False,False,68.0,68.0,68.0,13.5,68.0,53.7,0,265.08376374205284,0.9976458410528392,0.0,e1_tracking_single_obstacle,M7,30,0.6,0.7
False,14.25,-0.2286670487164909,0.380436411678039,True,89.04903208248864,0.14635835380137252,0.1926279696301739,265.3262215665643,0.1493666139319384,2.007191432244791,1.7521137497115908,1.784950771313836,114.70850419740812,0,1.0,False,False,False,False,True,False,True,True,True,True,False,0.9928085677552092,False,False,68.0,68.0,68.0,13.4,68.0,53.800000000000004,0,265.5502402006262,0.9890983736210633,0.0,e1_tracking_single_obstacle,M7,31,0.6,0.7
False,14.350000000000001,-0.1315729683849013,0.3775740299162164,True,89.30624126910674,0.12984581767118042,0.19532206710751898,264.3409408650663,0.1381042548929208,1.9961732158189205,1.7333803079523051,1.761641009669167,114.71489040009705,0,1.0,False,False,False,False,True,False,True,True,True,True,False,1.0038267841810795,False,False,68.0,68.0,68.0,13.5,68.0,53.7,0,264.8349073866036,0.9997732270592624,0.0,e1_tracking_single_obstacle,M7,32,0.6,0.7
False,14.3,-0.15932584693488916,0.3842326254518833,True,89.42604675188375,0.1439717213902846,0.19397501836884642,265.133755576393,0.14529106983589804,2.002471125308887,1.7445562782877895,1.7750963584548642,114.60304543351673,0,1.0,False,False,False,False,True,False,True,True,True,True,False,0.9975288746911128,False,False,68.0,68.0,68.0,13.5,68.0,53.75,0,265.447169395181,0.9935089981621458,0.0,e1_tracking_single_obstacle,M7,33,0.6,0.7
False,14.25,-0.19878780315324274,0.3871090223323402,True,89.08101936048035,0.1420696057397849,0.19299534655890277,265.3239057141226,0.14784208680615182,2.0053626852321558,1.7492489830359057,1.7812080219769073,114.43970277845762,0,1.0,False,False,False,False,True,False,True,True,True,True,False,0.9946373147678442,False,False,68.0,68.0,68.0,13.4,68.0,53.800000000000004,0,265.5734876765908,0.9907735763947153,0.0,e1_tracking_single_obstacle,M7,34,0.6,0.7
False,14.3,-0.20998124654358163,0.38191696490302596,True,89.44899957728097,0.14467690762069804,0.19397501836884642,264.7379583145566,0.13994345813878403,1.9991901179690472,1.7380733019749612,1.7678724270286446,114.97821320405043,0,1.0,False,False,False,False,True,False,True,True,True,True,False,1.0008098820309528,False,False,68.0,68.0,68.0,13.450000000000001,68.0,53.75,0,265.22550225091004,0.9966332129102524,0.0,e1_tracking_single_obstacle,M7,35,0.6,0.7
False,14.350000000000001,-0.16005753686458712,0.3841019274788067,True,89.29018399574821,0.13658863719333722,0.1947097722263042,265.36412663154283,0.14907764972862755,2.006934011392772,1.7517000075381153,1.7844466515018984,115.06603623959167,0,1.0,False,False,False,False,True,False,True,True,True,True,False,0.9930659886072282,False,False,68.0,68.0,68.0,13.5,68.0,53.7,0,265.5928457748292,0.9893035661832247,0.0,e1_tracking_single_obstacle,M7,36,0.6,0.7
False,14.4,-0.18262219419960302,0.3962211448780582,True,89.4982553999936,0.1344170960147595,0.19568944403624786,264.4918404475868,0.13874376221945006,1.9973378499831227,1.7351613791153686,1.7640432558804948,114.94094254233228,0,1.0,False,False,False,False,True,False,True,True,True,True,False,1.0026621500168773,False,False,68.0,68.0,68.0,13.55,68.0,53.650000000000006,0,264.9828965026759,0.9985721195545526,0.0,e1_tracking_single_obstacle,M7,37,0.6,0.7
False,14.3,-0.1612125164601026,0.3813698342111626,True,89.1132562676455,0.1349048529515307,0.19385255939260349,264.70494379646215,0.1398134867322607,1.9989148862682387,1.737663998241709,1.7673065104728924,114.4208561894052,0,1.0,False,False,False,False,True,False,True,True,True,True,False,1.0010851137317613,False,False,68.0,68.0,68.0,13.450000000000001,68.0,53.75,0,265.1937421837935,0.9969145961397828,0.0,e1_tracking_single_obstacle,M7,38,0.6,0.7
False,14.350000000000001,-0.15235265720530544,0.38176451564592395,True,89.39756187768756,0.1345475111669232,0.19446485427381827,265.2454998140817,0.14673157981645882,2.00401655975625,1.747102824379588,1.778382786423794,114.62792557952615,0,1.0,False,False,False,False,True,False,True,True,True,True,False,0.9959834402437502,False,False,68.0,68.0,68.0,13.5,68.0,53.7,0,265.5190983891177,0.9920518121100678,0.0,e1_tracking_single_obstacle,M7,39,0.6,0.7
False,14.350000000000001,-0.22250712593463806,0.3812106111643781,True,89.57533368545276,0.14736039068851065,0.1943423952975753,263.33464529654077,0.14555533581956948,1.991698811491107,1.7303629220587864,1.7661128645221607,114.90869747072227,0,1.0,False,False,False,False,True,False,True,True,True,True,False,1.008301188508893,False,False,68.0,68.0,68.0,13.5,68.0,53.7,0,263.7086096825381,1.0038107164229733,0.0,e1_tracking_single_obstacle,M7,10,0.6,1.0
False,14.25,-0.21058122753591435,0.38183117425538227,True,89.11806926100185,0.1468702970352503,0.19299534655890277,263.30085620181876,0.14550764878814088,1.9901717970792647,1.7284765064240744,1.7627019913848323,114.31689045773891,0,1.0,False,False,False,False,True,False,True,True,True,True,False,1.0098282029207353,False,False,68.0,68.0,68.0,13.4,68.0,53.800000000000004,0,263.65903964000904,1.0053574981776838,0.0,e1_tracking_single_obstacle,M7,11,0.6,1.0
False,14.3,-0.22199391252405765,0.38247238231476044,True,89.30781143518027,0.13535175540425864,0.19360764144011755,260.8737306841917,0.11961622670589851,1.9707541149912844,1.6895655589850855,1.7234843901832693,115.4529358007517,0,1.0,False,False,False,False,True,False,True,True,True,True,False,1.0292458850087156,False,False,68.0,68.0,68.0,13.450000000000001,68.0,53.75,0,261.49253460723514,1.0244491480998714,0.0,e1_tracking_single_obstacle,M7,12,0.6,1.0
False,14.25,-0.19939896911301702,0.38086079544669715,True,88.82428472045653,0.1357632357607602,0.19373010041636052,263.4121685555612,0.14567631072420198,1.9926295393195872,1.7315876431876136,1.7682979809207628,114.39254927435945,0,1.0,False,False,False,False,True,False,True,True,True,True,False,1.0073704606804128,False,False,68.0,68.0,68.0,13.4,68.0,53.800000000000004,0,263.7924745825284,1.0028455286652496,0.0,e1_tracking_single_obstacle,M7,13,0.6,1.0
False,14.3,-0.30173468657810787,0.3839377527860877,True,89.317232279704,0.13129997365912077,0.19446485427381827,262.70290901794453,0.13469707501572104,1.9835846882153865,1.715351279537824,1.7474178174547328,115.17347881042977,0,1.0,False,False,False,False,True,False,True,True,True,True,False,1.0164153117846135,False,False,68.0,68.0,68.0,13.450000000000001,68.0,53.75,0,263.35195429857305,1.0111851352056536,0.0,e1_tracking_single_obstacle,M7,14,0.6,1.0
False,14.350000000000001,-0.19242459881025697,0.3820568356448027,True,89.61247032072765,0.137273358435647,0.1947097722263042,262.8434867007263,0.136094431586587,1.984074905915505,1.7166568474212793,1.7484305973196095,114.91330719100586,0,1.0,False,False,False,False,True,False,True,True,True,True,False,1.015925094084495,False,False,68.0,68.0,68.0,13.5,68.0,53.7,0,263.48766781294523,1.0106199024469484,0.0,e1_tracking_single_obstacle,M7,15,0.6,1.0
False,14.3,-0.21622953040660386,0.38140731554407253,True,89.20823910141465,0.13858861454671886,0.19421993632133236,263.55332217580565,0.146034288925229,1.9935876736767597,1.732991560205698,1.7706949877429679,115.05926421007024,0,1.0,False,False,False,False,True,False,True,True,True,True,False,1.0064123263232403,False,False,68.0,68.0,68.0,13.450000000000001,68.0,53.75,0,263.92782324200243,1.0018778249420557,0.0,e1_tracking_single_obstacle,M7,16,0.6,1.0
False,14.4,-0.2783104637529267,0.37503768886827843,True,89.87460755529354,0.13786217091534797,0.19507714915503307,263.3626877016991,0.14239902920215555,1.987965378847627,1.7244628063174896,1.7576629428663821,115.41503529788835,0,1.0,False,False,False,False,True,False,True,True,True,True,False,1.012034621152373,False,False,68.0,68.0,68.0,13.55,68.0,53.650000000000006,0,263.80827009001837,1.0070958774939274,0.0,e1_tracking_single_obstacle,M7,17,0.6,1.0
False,14.3,-0.1875940060869019,0.38472058925777275,True,89.22441129745498,0.14220800067889003,0.19385255939260349,262.4390809258631,0.13374368609969128,1.9815004268019971,1.7122260072128856,1.742385071276735,114.72652131262556,0,1.0,False,False,False,False,True,False,True,True,True,True,False,1.0184995731980029,False,False,68.0,68.0,68.0,13.450000000000001,68.0,53.75,0,263.10937511686643,1.0132347001563091,0.0,e1_tracking_single_obstacle,M7,18,0.6,1.0
False,14.3,-0.2059563655858142,0.3809544039877972,True,89.41339404179136,0.1517848543034552,0.1934851824638746,263.45327153533805,0.14561639808134766,1.9935575359363007,1.7327036890340854,1.7703635451591984,114.99927601133285,0,1.0,False,False,False,False,True,False,True,True,True,True,False,1.0064424640636993,False,False,68.0,68.0,68.0,13.450000000000001,68.0,53.75,0,263.85201057604246,1.0018439706067628,0.0,e1_tracking_single_obstacle,M7,19,0.6,1.0
False,14.3,-0.17464689065918615,0.38367108390557164,True,89.60656592967185,0.13343357260939967,0.19397501836884642,262.64169878159055,0.13485933343281922,1.9827857607154877,1.7144149723585476,1.7454055236357682,115.5138668060356,0,1.0,False,False,False,False,True,False,True,True,True,True,False,1.0172142392845123,False,False,68.0,68.0,68.0,13.5,68.0,53.75,0,263.3023482523148,1.0119257006495352,0.0,e1_tracking_single_obstacle,M7,20,0.6,1.0
False,14.350000000000001,-0.15739587122501908,0.3843594923386907,True,89.44990360998375,0.13102316929078087,0.1949546901787901,263.4215187412047,0.1455752231397707,1.993171482475658,1.7322003247165103,1.7694645503904358,115.09887712739753,0,1.0,False,False,False,False,True,False,True,True,True,True,False,1.006828517524342,False,False,68.0,68.0,68.0,13.5,68.0,53.7,0,263.8166378352798,1.002249092935019,0.0,e1_tracking_single_obstacle,M7,21,0.6,1.0
False,14.350000000000001,-0.22663026261144148,0.39070049719519034,True,89.33843700358209,0.13526580947578198,0.19507714915503307,263.5138902758774,0.145951558896895,1.9923103680182581,1.7313887430146149,1.7678169387673681,115.1076095721045,0,1.0,False,False,False,False,True,False,True,True,True,True,False,1.0076896319817419,False,False,68.0,68.0,68.0,13.5,68.0,53.7,0,263.87850302476215,1.0031645989096853,0.0,e1_tracking_single_obstacle,M7,22,0.6,1.0
False,14.3,-0.27039453636635924,0.37924548288193777,True,89.16202998962702,0.14144876302280232,0.19360764144011755,263.38193923870415,0.14568887095758168,1.99190920644077,1.7307062644967603,1.7666762971488854,114.62953302542132,0,1.0,False,False,False,False,True,False,True,True,True,True,False,1.00809079355923,False,False,68.0,68.0,68.0,13.450000000000001,68.0,53.75,0,263.7518935079331,1.003601951979079,0.0,e1_tracking_single_obstacle,M7,23,0.6,1.0
False,14.3,-0.21067008053783043,0.3899113303292741,True,89.3570460494451,0.13786549903009948,0.19397501836884642,263.44042251662904,0.14579151105569596,1.99152652181046,1.730325570117522,1.7659507956885225,114.92874554656449,0,1.0,False,False,False,False,True,False,True,True,True,True,False,1.00847347818954,False,False,68.0,68.0,68.0,13.450000000000001,68.0,53.75,0,263.80264455108625,1.0039656375276576,0.0,e1_tracking_single_obstacle,M7,24,0.6,1.0
False,14.3,-0.20944662194299535,0.38169665699931205,True,89.29277862848954,0.13658879702624627,0.1934851824638746,263.3574814375759,0.14531088330416334,1.9898318392176118,1.7280094652171136,1.762026554613226,114.87773876444022,0,1.0,False,False,False,False,True,False,True,True,True,True,False,1.0101681607823882,False,False,68.0,68.0,68.0,13.450000000000001,68.0,53.75,0,263.71951994653614,1.0056216703667853,0.0,e1_tracking_single_obstacle,M7,25,0.6,1.0
False,14.3,-0.22620825716258453,0.38043606818171843,True,89.44119568369409,0.14987638668473596,0.1934851824638746,262.726189427652,0.13471413017649622,1.9838275674424437,1.7156683858757091,1.7480199362219735,115.31572666644519,0,1.0,False,False,False,False,True,False,True,True,True,True,False,1.0161724325575563,False,False,68.0,68.0,68.0,13.450000000000001,68.0,53.75,0,263.3710624840527,1.0109581199484952,0.0,e1_tracking_single_obstacle,M7,26,0.6,1.0
False,14.3,-0.22451025657413015,0.3798952373129653,True,89.25252514313598,0.13986783303606526,0.19360764144011755,262.36434221017004,0.13302331916928647,1.9813444883369227,1.7116649787415554,1.7421232784637195,115.04536483253122,0,1.0,False,False,False,False,True,False,True,True,True,True,False,1.0186555116630773,False,False,68.0,68.0,68.0,13.450000000000001,68.0,53.75,0,263.0253129664508,1.0134577758829197,0.0,e1_tracking_single_obstacle,M7,27,0.6,1.0
False,14.3,-0.18481919046110962,0.38185745870681576,True,89.42421602533855,0.14405632379121633,0.19360764144011755,263.5006569955966,0.14595426088234398,1.992724031000183,1.7318816714311949,1.7687026123764893,115.10261037895852,0,1.0,False,False,False,False,True,False,True,True,True,True,False,1.007275968999817,False,False,68.0,68.0,68.0,13.450000000000001,68.0,53.75,0,263.86879810668614,1.002763480972673,0.0,e1_tracking_single_obstacle,M7,28,0.6,1.0
False,14.3,-0.1736158300253109,0.3821319781490669,True,89.46177684694187,0.1471441834494289,0.19360764144011755,263.321384708337,0.14547391450906516,1.9918262009523968,1.7304713147750574,1.7663517543798035,114.79676444333143,0,1.0,False,False,False,False,True,False,True,True,True,True,False,1.0081737990476032,False,False,68.0,68.0,68.0,13.450000000000001,68.0,53.75,0,263.7017953817859,1.003665015552143,0.0,e1_tracking_single_obstacle,M7,29,0.6,1.0
False,14.350000000000001,-0.18772433305644975,0.3877424579204633,True,89.47921153209425,0.13220549325242928,0.1943423952975753,262.63546051420013,0.1344484645715437,1.983052883703533,1.7145518055623998,1.7461354934226938,115.14901135297781,0,1.0,False,False,False,False,True,False,True,True,True,True,False,1.016947116296467,False,False,68.0,68.0,68.0,13.5,68.0,53.7,0,263.289532500393,1.011709943424253,0.0,e1_tracking_single_obstacle,M7,30,0.6,1.0
False,14.25,-0.22789521702358684,0.3804969505429466,True,89.07640975926242,0.14601368462408584,0.19275042860641686,263.4733364122372,0.14584702800515334,1.9929840118686226,1.7321300269783464,1.7692080619032768,114.72661396123887,0,1.0,False,False,False,False,True,False,True,True,True,True,False,1.0070159881313774,False,False,68.0,68.0,68.0,13.4,68.0,53.800000000000004,0,263.849175161768,1.002493963538674,0.0,e1_tracking_single_obstacle,M7,31,0.6,1.0
False,14.350000000000001,-0.13093105113335857,0.3776560452699736,True,89.35202902965958,0.12956318896520802,0.19532206710751898,262.3776305336425,0.13368828807389926,1.980871726360184,1.7113981908720228,1.7408268105478515,114.87235011460588,0,1.0,False,False,False,False,True,False,True,True,True,True,False,1.019128273639816,False,False,68.0,68.0,68.0,13.5,68.0,53.7,0,263.0567046864807,1.0138316738566087,0.0,e1_tracking_single_obstacle,M7,32,0.6,1.0
False,14.3,-0.1585405456674579,0.3843496814013483,True,89.46726128978625,0.1436203531572902,0.19397501836884642,263.30049768469996,0.14445176267749768,1.9884030218677131,1.7258604819967602,1.7586882284934,114.7218898244592,0,1.0,False,False,False,False,True,False,True,True,True,True,False,1.0115969781322869,False,False,68.0,68.0,68.0,13.5,68.0,53.75,0,263.6763327013624,1.006952035966403,0.0,e1_tracking_single_obstacle,M7,33,0.6,1.0
False,14.25,-0.19800727673857765,0.3871720401196949,True,89.11678154762032,0.14180036809782331,0.19311780553514574,263.4658665061378,0.1457141312711242,1.9912771456496159,1.730003962164207,1.765436390669097,114.51760055323838,0,1.0,False,False,False,False,True,False,True,True,True,True,False,1.0087228543503841,False,False,68.0,68.0,68.0,13.4,68.0,53.800000000000004,0,263.82889898202063,1.0041803914445233,0.0,e1_tracking_single_obstacle,M7,34,0.6,1.0
False,14.3,-0.20916297372610526,0.38197526669286624,True,89.48789982271252,0.14451517955913273,0.1940974773450894,262.9151063648494,0.13648993609255028,1.984587014911973,1.7174987224539855,1.7496481240980466,115.0862657882706,0,1.0,False,False,False,False,True,False,True,True,True,True,False,1.015412985088027,False,False,68.0,68.0,68.0,13.450000000000001,68.0,53.75,0,263.5519942542244,1.0101092530780633,0.0,e1_tracking_single_obstacle,M7,35,0.6,1.0
False,14.350000000000001,-0.15933433695159016,0.38416696390249777,True,89.32110740075757,0.13632047345886186,0.1947097722263042,263.5178089337684,0.1459903024716649,1.9927956592196356,1.7319947469404913,1.7688937258720894,115.10842081216283,0,1.0,False,False,False,False,True,False,True,True,True,True,False,1.0072043407803644,False,False,68.0,68.0,68.0,13.5,68.0,53.7,0,263.8854447278105,1.002687276672401,0.0,e1_tracking_single_obstacle,M7,36,0.6,1.0
False,14.4,-0.1818137836110193,0.3963367925569497,True,89.54498407172396,0.13418853716107393,0.19581190301249082,262.5191826345966,0.13416496785644969,1.982015506164385,1.7130914381622424,1.743598800497043,115.1206154369273,0,1.0,False,False,False,False,True,False,True,True,True,True,False,1.017984493835615,False,False,68.0,68.0,68.0,13.55,68.0,53.650000000000006,0,263.18588548887436,1.012711764395267,0.0,e1_tracking_single_obstacle,M7,37,0.6,1.0
False,14.3,-0.1604067295633721,0.3814618006335788,True,89.15397487457244,0.1346658219727479,0.19385255939260349,262.8531259526187,0.13613377150967954,1.9841515866327104,1.7167734597885709,1.7486151922292772,114.56587292427173,0,1.0,False,False,False,False,True,False,True,True,True,True,False,1.0158484133672896,False,False,68.0,68.0,68.0,13.450000000000001,68.0,53.75,0,263.4965299732539,1.0105438992126055,0.0,e1_tracking_single_obstacle,M7,38,0.6,1.0
False,14.350000000000001,-0.15159305279757407,0.3818857986041044,True,89.43551962361882,0.1342738477969442,0.19458731325006123,263.3871378598357,0.14526566172712227,1.9899401274830142,1.7281376998295779,1.7623099728048401,114.72338704019103,0,1.0,False,False,False,False,True,False,True,True,True,True,False,1.0100598725169858,False,False,68.0,68.0,68.0,13.5,68.0,53.7,0,263.7518677982259,1.0054876157005839,0.0,e1_tracking_single_obstacle,M7,39,0.6,1.0
False,14.350000000000001,-0.22173282423039764,0.38127773325460274,True,89.6586481106757,0.14700455163687484,0.1943423952975753,261.5050336754484,0.14105811417044853,1.9773964383251563,1.7096776555156112,1.7400397467994244,115.27843028426356,0,1.0,False,False,False,False,True,False,True,True,True,True,False,1.0226035616748437,False,False,68.0,68.0,68.0,13.5,68.0,53.7,0,262.0555659815114,1.0170815478821646,0.0,e1_tracking_single_obstacle,M7,10,0.6,1.3
False,14.25,-0.20982377917087625,0.3818928744207233,True,89.20830766320219,0.1464709393785699,0.19299534655890277,261.40251437802823,0.14119966461928063,1.9758058747946876,1.7077701332084776,1.7356016219166286,114.75616016226907,0,1.0,False,False,False,False,True,False,True,True,True,True,False,1.0241941252053124,False,False,68.0,68.0,68.0,13.4,68.0,53.800000000000004,0,261.92875881788905,1.0187809745158198,0.0,e1_tracking_single_obstacle,M7,11,0.6,1.3
False,14.3,-0.221194899934811,0.382535619429944,True,89.3959406078432,0.13515851683382843,0.19385255939260349,258.7971983291677,0.11512260612817533,1.956235313796827,1.6678925415804309,1.6962837617705013,115.91598189106571,0,1.0,False,False,False,False,True,False,True,True,True,True,False,1.043764686203173,False,False,68.0,68.0,68.0,13.450000000000001,68.0,53.75,0,259.52632443072946,1.0380441488799144,0.0,e1_tracking_single_obstacle,M7,12,0.6,1.3
False,14.25,-0.19870860604115204,0.3809374692745674,True,88.90250564573235,0.13545337129785381,0.19385255939260349,261.6080480131277,0.1412290360525146,1.9784460435626041,1.7110874640888818,1.7430445738121783,114.72636752009097,0,1.0,False,False,False,False,True,False,True,True,True,True,False,1.0215539564373959,False,False,68.0,68.0,68.0,13.4,68.0,53.800000000000004,0,262.1633210019671,1.0160045221551133,0.0,e1_tracking_single_obstacle,M7,13,0.6,1.3
False,14.3,-0.3034784525919145,0.3841022525372963,True,89.41160538884962,0.1310471157008335,0.19458731325006123,260.85873669828356,0.13079935820131863,1.969307508831198,1.6947939528760407,1.7202903038447397,115.68662401982334,0,1.0,False,False,False,False,True,False,True,True,True,True,False,1.030692491168802,False,False,68.0,68.0,68.0,13.450000000000001,68.0,53.75,0,261.66725696837375,1.0243459486125173,0.0,e1_tracking_single_obstacle,M7,14,0.6,1.3
False,14.350000000000001,-0.19163483137307658,0.3821177065914831,True,89.70507594041393,0.13710004336372586,0.19483223120254714,261.25571632638514,0.1351012099880572,1.9708524594947354,1.6988925912796196,1.7234642170938212,115.39676707840135,0,1.0,False,False,False,False,True,False,True,True,True,True,False,1.0291475405052646,False,False,68.0,68.0,68.0,13.5,68.0,53.7,0,261.9700744577448,1.0229218834387814,0.0,e1_tracking_single_obstacle,M7,15,0.6,1.3
False,14.3,-0.21550663045135743,0.3814623354168166,True,89.281278438946,0.1383344616211978,0.1943423952975753,261.74960708427113,0.14162222315878284,1.979617746192347,1.712776599675776,1.7465214568605125,115.3790425132285,0,1.0,False,False,False,False,True,False,True,True,True,True,False,1.020382253807653,False,False,68.0,68.0,68.0,13.450000000000001,68.0,53.75,0,262.29408704519386,1.01486733047235,0.0,e1_tracking_single_obstacle,M7,16,0.6,1.3
False,14.4,-0.27750652218999616,0.37512997457530495,True,89.97538403620334,0.13765234741578247,0.19519960813127601,261.5073187717013,0.14177930754085447,1.974579971475584,1.706628786822304,1.732597027420655,115.93621857813235,0,1.0,False,False,False,False,True,False,True,True,True,True,False,1.025420028524416,False,False,68.0,68.0,68.0,13.55,68.0,53.650000000000006,0,262.02736156125735,1.0199190896865737,0.0,e1_tracking_single_obstacle,M7,17,0.6,1.3
False,14.3,-0.18676192534576685,0.3847864487413017,True,89.32541161691293,0.14200957065254646,0.19385255939260349,260.55699046119906,0.1297542167132276,1.9669404619323212,1.6912367001110933,1.7134772895975001,115.27093280984184,0,1.0,False,False,False,False,True,False,True,True,True,True,False,1.0330595380676788,False,False,68.0,68.0,68.0,13.450000000000001,68.0,53.75,0,261.39775327691257,1.026621936364129,0.0,e1_tracking_single_obstacle,M7,18,0.6,1.3
False,14.3,-0.20516750320898003,0.381018229221301,True,89.56248409852391,0.15122730255227812,0.1934851824638746,260.16459259740765,0.12707479448475692,1.9652402822501323,1.6876598122616147,1.7094493757025158,115.76199136147507,0,1.0,False,False,False,False,True,False,True,True,True,True,False,1.0347597177498677,False,False,68.0,68.0,68.0,13.450000000000001,68.0,53.75,0,261.0379261780408,1.0282938284472443,0.0,e1_tracking_single_obstacle,M7,19,0.6,1.3
False,14.3,-0.17387589333460818,0.3837337876440164,True,89.7006159708299,0.13337994543059725,0.1940974773450894,260.92211047288873,0.13224130019548444,1.9689045155475116,1.6950083514145167,1.718486630656676,116.00443628238182,0,1.0,False,False,False,False,True,False,True,True,True,True,False,1.0310954844524884,False,False,68.0,68.0,68.0,13.5,68.0,53.75,0,261.71571036401224,1.0247197450248153,0.0,e1_tracking_single_obstacle,M7,20,0.6,1.3
False,14.350000000000001,-0.15661479022864988,0.3843254183480855,True,89.60052415676391,0.13052420358134767,0.19507714915503307,260.12709419254827,0.127041464147931,1.9648540847294027,1.6871496246949347,1.7082697749995486,115.86297318044555,0,1.0,False,False,False,False,True,False,True,True,True,True,False,1.0351459152705973,False,False,68.0,68.0,68.0,13.5,68.0,53.7,0,261.0069426527646,1.0286565078128944,0.0,e1_tracking_single_obstacle,M7,21,0.6,1.3
False,14.350000000000001,-0.22587132859235537,0.3907613908475888,True,89.42027475568626,0.13497998690974114,0.19519960813127601,261.6629825104938,0.14172806095247345,1.978271757885482,1.71115664138306,1.7427670840137794,115.49254691441418,0,1.0,False,False,False,False,True,False,True,True,True,True,False,1.021728242114518,False,False,68.0,68.0,68.0,13.5,68.0,53.7,0,262.1890486844529,1.0162966130575217,0.0,e1_tracking_single_obstacle,M7,22,0.6,1.3
False,14.3,-0.2696227506591976,0.37931587447586057,True,89.24438087036822,0.14110454589707921,0.19373010041636052,261.5455169678811,0.14121064197217728,1.9776637299511475,1.710099178055383,1.7408636693420532,114.99582284206696,0,1.0,False,False,False,False,True,False,True,True,True,True,False,1.0223362700488525,False,False,68.0,68.0,68.0,13.450000000000001,68.0,53.75,0,262.0893021319215,1.0168398731609034,0.0,e1_tracking_single_obstacle,M7,23,0.6,1.3
False,14.3,-0.20989588222279665,0.39003570252373837,True,89.44195133538526,0.1375542511485201,0.19421993632133236,261.5700371098964,0.14154565368978936,1.9773778617020155,1.7099347181703408,1.7401740466647728,115.32300151778458,0,1.0,False,False,False,False,True,False,True,True,True,True,False,1.0226221382979845,False,False,68.0,68.0,68.0,13.450000000000001,68.0,53.75,0,262.09591271210144,1.01719801458853,0.0,e1_tracking_single_obstacle,M7,24,0.6,1.3
False,14.25,-0.208659386055856,0.38178374570402057,True,89.38671308190361,0.13630308562272742,0.19360764144011755,261.44164430439537,0.14151769097097755,1.9756340714667402,1.7077417234706365,1.7352109946694707,115.34195461859561,0,1.0,False,False,False,False,True,False,True,True,True,True,False,1.0243659285332598,False,False,68.0,68.0,68.0,13.450000000000001,68.0,53.800000000000004,0,261.96169253027887,1.0189620800296988,0.0,e1_tracking_single_obstacle,M7,25,0.6,1.3
False,14.3,-0.22539512995405098,0.38050570095219055,True,89.53361203163334,0.14970062516972588,0.19373010041636052,260.8678082627637,0.13070506005005214,1.9694864677535386,1.694973713817811,1.7208798552145708,115.79109895862904,0,1.0,False,False,False,False,True,False,True,True,True,True,False,1.0305135322464614,False,False,68.0,68.0,68.0,13.450000000000001,68.0,53.75,0,261.67422312650046,1.0241811771880658,0.0,e1_tracking_single_obstacle,M7,26,0.6,1.3
False,14.3,-0.22372450128965005,0.3799660224903579,True,89.35373058999303,0.13957719586707226,0.19360764144011755,260.3095150249133,0.1277091545678142,1.9661960560641754,1.689215477120698,1.7121084726451423,115.58269671199872,0,1.0,False,False,False,False,True,False,True,True,True,True,False,1.0338039439358246,False,False,68.0,68.0,68.0,13.450000000000001,68.0,53.75,0,261.1655134498072,1.027384950239906,0.0,e1_tracking_single_obstacle,M7,27,0.6,1.3
False,14.3,-0.1840554074842825,0.3819218476043207,True,89.5017813233311,0.14375088390080185,0.19397501836884642,261.6683069938261,0.14155578247161196,1.9786671139803573,1.7115510786876602,1.7438282580206899,115.45817851365426,0,1.0,False,False,False,False,True,False,True,True,True,True,False,1.0213328860196427,False,False,68.0,68.0,68.0,13.450000000000001,68.0,53.75,0,262.2044990811353,1.0158597034377121,0.0,e1_tracking_single_obstacle,M7,28,0.6,1.3
False,14.3,-0.1728513506384597,0.3822315424975874,True,89.5449254564389,0.1467667529383885,0.19360764144011755,261.50681618764,0.14098977828819573,1.9775351456455699,1.709811869670347,1.740377124707166,115.16542336491268,0,1.0,False,False,False,False,True,False,True,True,True,True,False,1.0224648543544301,False,False,68.0,68.0,68.0,13.450000000000001,68.0,53.75,0,262.06552884382444,1.016909280209873,0.0,e1_tracking_single_obstacle,M7,29,0.6,1.3
False,14.350000000000001,-0.1868897312590495,0.3876999651245074,True,89.57428477443075,0.1319449866575536,0.1947097722263042,260.74855598034287,0.13028631988008652,1.9685537598301714,1.693569223978901,1.718200824029672,115.67852901309513,0,1.0,False,False,False,False,True,False,True,True,True,True,False,1.0314462401698286,False,False,68.0,68.0,68.0,13.5,68.0,53.7,0,261.5677034997468,1.0250778336999997,0.0,e1_tracking_single_obstacle,M7,30,0.6,1.3
False,14.25,-0.22712690714314154,0.3805574208149204,True,89.14876289432073,0.14566491376518925,0.1928728875826598,261.65758859990916,0.14131660792275727,1.9789439869061896,1.7117596990511303,1.7444707088231242,115.03882145252406,0,1.0,False,False,False,False,True,False,True,True,True,True,False,1.0210560130938104,False,False,68.0,68.0,68.0,13.4,68.0,53.800000000000004,0,262.2145866891767,1.0154962314895606,0.0,e1_tracking_single_obstacle,M7,31,0.6,1.3
False,14.350000000000001,-0.13029214640368425,0.37773794558005025,True,89.45075378044473,0.12928464803940062,0.19544452608376195,260.70689425918926,0.13153380170660806,1.967141610233474,1.6924007130852021,1.7133804327617925,115.37927973787723,0,1.0,False,False,False,False,True,False,True,True,True,True,False,1.032858389766526,False,False,68.0,68.0,68.0,13.5,68.0,53.7,0,261.5204689074866,1.0264279312596258,0.0,e1_tracking_single_obstacle,M7,32,0.6,1.3
False,14.3,-0.1577593652992214,0.38447466629649196,True,89.56728796493658,0.14327633635414674,0.1940974773450894,261.3596755192071,0.14151270495996823,1.9743063459801977,1.7060864527823834,1.7314698781747901,115.24160327909159,0,1.0,False,False,False,False,True,False,True,True,True,True,False,1.0256936540198023,False,False,68.0,68.0,68.0,13.5,68.0,53.75,0,261.87842385114783,1.0202756747255544,0.0,e1_tracking_single_obstacle,M7,33,0.6,1.3
False,14.25,-0.1972301192299034,0.387235027007052,True,89.20356719525573,0.14153059785994204,0.19324026451138868,261.58292652791755,0.14171143787127874,1.9771981662486728,1.709806989771655,1.7397133813643841,114.94195023053729,0,1.0,False,False,False,False,True,False,True,True,True,True,False,1.0228018337513272,False,False,68.0,68.0,68.0,13.4,68.0,53.800000000000004,0,262.10457443094333,1.0173884849769421,0.0,e1_tracking_single_obstacle,M7,34,0.6,1.3
False,14.3,-0.20834829953894896,0.3820335264346699,True,89.57914862104407,0.14435959560819997,0.19421993632133236,261.37390024489645,0.13627410630184383,1.9716650530235293,1.7004861108952272,1.72559556761416,115.5413217968972,0,1.0,False,False,False,False,True,False,True,True,True,True,False,1.0283349469764707,False,False,68.0,68.0,68.0,13.450000000000001,68.0,53.75,0,262.0513068473729,1.022195898791997,0.0,e1_tracking_single_obstacle,M7,35,0.6,1.3
False,14.350000000000001,-0.15861428290931745,0.3842319401873018,True,89.39922825439206,0.13605828907299786,0.19483223120254714,261.6861143233953,0.1416372746129275,1.978754969733379,1.7117076695445297,1.7441061668885267,115.46744471514893,0,1.0,False,False,False,False,True,False,True,True,True,True,False,1.021245030266621,False,False,68.0,68.0,68.0,13.5,68.0,53.7,0,262.21926465901504,1.0157833754696477,0.0,e1_tracking_single_obstacle,M7,36,0.6,1.3
False,14.4,-0.181009125295582,0.3964521545960668,True,89.6440505513109,0.13396625606321255,0.19593436198873376,260.6816859837964,0.130512432617045,1.9676392293032166,1.692518704602919,1.715299866934523,115.64889669708973,0,1.0,False,False,False,False,True,False,True,True,True,True,False,1.0323607706967834,False,False,68.0,68.0,68.0,13.55,68.0,53.650000000000006,0,261.50923944444605,1.0259412722260122,0.0,e1_tracking_single_obstacle,M7,37,0.6,1.3
False,14.3,-0.1596043824464024,0.38155358185380256,True,89.2467551607041,0.13443055383684915,0.19397501836884642,261.25070144371057,0.13495103155973723,1.9708558654613124,1.6988254755898349,1.7235157480819112,115.05474987239255,0,1.0,False,False,False,False,True,False,True,True,True,True,False,1.0291441345386876,False,False,68.0,68.0,68.0,13.450000000000001,68.0,53.75,0,261.97014767510376,1.022907874426751,0.0,e1_tracking_single_obstacle,M7,38,0.6,1.3
False,14.350000000000001,-0.15083664975260425,0.38200846907510616,True,89.52782845995712,0.13400674449962618,0.19458731325006123,261.46878472631164,0.14159948457668312,1.97581413065493,1.7080148811363078,1.7357507628062527,115.19016572744334,0,1.0,False,False,False,False,True,False,True,True,True,True,False,1.02418586934507,False,False,68.0,68.0,68.0,13.5,68.0,53.7,0,261.98856005986886,1.018778318616992,0.0,e1_tracking_single_obstacle,M7,39,0.6,1.3
False,14.600000000000001,-0.22640948070208544,0.38173590896034415,True,91.87776206127054,0.14132096812735945,0.19728141072740632,269.9308915043075,0.15668546621962134,2.046867915948554,1.805437147254867,1.8282652828892487,121.46930804466243,0,1.0,False,False,False,False,True,False,True,True,True,True,False,0.9531320840514459,False,False,68.0,68.0,68.0,13.75,68.0,53.45,0,269.889520181563,0.9509392695252467,0.0,e1_tracking_single_obstacle,M7,10,0.7,0.3
False,14.5,-0.21509630954935233,0.3822754774754056,True,91.4106173930529,0.14105437265120443,0.19593436198873376,269.9802335810498,0.15461236556218974,2.0451199785022416,1.802548757311869,1.825083457514611,120.84237366323589,0,1.0,False,False,False,False,True,False,True,True,True,True,False,0.9548800214977584,False,False,68.0,68.0,68.0,13.65,68.0,53.550000000000004,0,270.0288706968154,0.9526145593341969,0.0,e1_tracking_single_obstacle,M7,11,0.7,0.3
False,14.55,-0.2260282181183254,0.38296970952193443,True,91.5565886709067,0.12963124979053212,0.19691403379867745,270.08447574870365,0.15518233211269197,2.0465233211954286,1.8045084828813802,1.82736538844871,121.62318423144097,0,1.0,False,False,False,False,True,False,True,True,True,True,False,0.9534766788045714,False,False,68.0,68.0,68.0,13.700000000000001,68.0,53.5,0,270.1388621755031,0.9510649370329253,0.0,e1_tracking_single_obstacle,M7,12,0.7,0.3
False,14.5,-0.2040367843272206,0.3814908135010517,True,91.12105411744058,0.12927589868519254,0.19666911584619154,269.9868252305173,0.15663854794231655,2.047264865241808,1.805922301367048,1.8288577471551932,121.02602400507874,0,1.0,False,False,False,False,True,False,True,True,True,True,False,0.9527351347581918,False,False,68.0,68.0,68.0,13.65,68.0,53.550000000000004,0,269.9606923672383,0.9504591774937914,0.0,e1_tracking_single_obstacle,M7,13,0.7,0.3
False,14.55,-0.31597032976645256,0.38535655321421614,True,91.6057516089133,0.12567221799136208,0.19728141072740632,270.004568984874,0.15656950835452169,2.047328502937028,1.8059800751199362,1.828937784307191,121.67612432675283,0,1.0,False,False,False,False,True,False,True,True,True,True,False,0.9526714970629722,False,False,68.0,68.0,68.0,13.700000000000001,68.0,53.5,0,269.9834314340814,0.9503774494252377,0.0,e1_tracking_single_obstacle,M7,14,0.7,0.3
False,14.600000000000001,-0.19698197946480545,0.3825250506570096,True,91.89398122299221,0.13110136232606898,0.19777124663237816,269.7711713062919,0.15182505550279732,2.041571793532356,1.797079854613347,1.8189464809118712,121.23691497756909,0,1.0,False,False,False,False,True,False,True,True,True,True,False,0.9584282064676439,False,False,68.0,68.0,68.0,13.75,68.0,53.45,0,269.9491176766676,0.9564913306931985,0.0,e1_tracking_single_obstacle,M7,15,0.7,0.3
False,14.55,-0.22094984356727898,0.3818361894691458,True,91.5207175303754,0.13196685331788532,0.19715895175116335,270.08741957887196,0.15583002555177725,2.0471891815694447,1.8055631006506117,1.8285421408740505,121.66244703516566,0,1.0,False,False,False,False,True,False,True,True,True,True,False,0.9528108184305553,False,False,68.0,68.0,68.0,13.700000000000001,68.0,53.5,0,270.1139099514708,0.9503927848565058,0.0,e1_tracking_single_obstacle,M7,16,0.7,0.3
False,14.65,-0.28232292365153433,0.37583621431742265,True,92.17271679901494,0.1320533324675414,0.19801616458486407,269.88527109123,0.15246087010707218,2.04283979781249,1.7989139002091241,1.8210493818863533,121.83304124271959,0,1.0,False,False,False,False,True,False,True,True,True,True,False,0.9571602021875099,False,False,68.0,68.0,68.0,13.8,68.0,53.400000000000006,0,270.0595798702746,0.9550536006608484,0.0,e1_tracking_single_obstacle,M7,17,0.7,0.3
False,14.55,-0.19154303629070923,0.38526347011434553,True,91.48043272593327,0.1358127890917469,0.19691403379867745,269.65735680926656,0.15132418525312027,2.0403791723546623,1.7953894954498693,1.8169918399205114,120.93547062039661,0,1.0,False,False,False,False,True,False,True,True,True,True,False,0.9596208276453377,False,False,68.0,68.0,68.0,13.700000000000001,68.0,53.5,0,269.8297700239626,0.957828751588876,0.0,e1_tracking_single_obstacle,M7,18,0.7,0.3
False,14.55,-0.20971622590321337,0.3814252662743815,True,91.74891766690081,0.14586285497945795,0.19654665686994857,270.0650766230802,0.15597375394424373,2.0471538945765984,1.8055662149239775,1.8285245114543385,121.67331207832646,0,1.0,False,False,False,False,True,False,True,True,True,True,False,0.9528461054234016,False,False,68.0,68.0,68.0,13.700000000000001,68.0,53.5,0,270.0793760832459,0.9504605075514106,0.0,e1_tracking_single_obstacle,M7,19,0.7,0.3
False,14.600000000000001,-0.17862396687716653,0.3842358279900661,True,91.88388968212246,0.127912414989824,0.1970364927749204,269.8700516305522,0.15257234539788192,2.042741321386402,1.7988328401355471,1.820928254005172,121.90798723250437,0,1.0,False,False,False,False,True,False,True,True,True,True,False,0.9572586786135981,False,False,68.0,68.0,68.0,13.700000000000001,68.0,53.45,0,270.02826720010967,0.9551552667646659,0.0,e1_tracking_single_obstacle,M7,20,0.7,0.3
False,14.600000000000001,-0.16132183003523415,0.3849803207854495,True,91.77843477598043,0.12520529413436893,0.19826108253734998,270.060893523974,0.15563510125603505,2.046766132940644,1.8049659369715307,1.8278495394833223,121.76078401065973,0,1.0,False,False,False,False,True,False,True,True,True,True,False,0.9532338670593559,False,False,68.0,68.0,68.0,13.75,68.0,53.45,0,270.08677283821123,0.9508555853105869,0.0,e1_tracking_single_obstacle,M7,21,0.7,0.3
False,14.600000000000001,-0.23112940880224497,0.39124804741813635,True,91.63048899466027,0.12812756966721045,0.19826108253734998,270.06778451998815,0.15480740041466448,2.0460389290492853,1.8037717682294019,1.826532557736254,121.64121744516697,0,1.0,False,False,False,False,True,False,True,True,True,True,False,0.9539610709507147,False,False,68.0,68.0,68.0,13.700000000000001,68.0,53.45,0,270.1367654772128,0.9515725730510557,0.0,e1_tracking_single_obstacle,M7,22,0.7,0.3
False,14.55,-0.27472671009440464,0.3798140497843832,True,91.46407738641273,0.13529680980032407,0.19666911584619154,270.0057295828295,0.15583482338163876,2.0465106433654148,1.8047106193824631,1.8275112173898564,121.21604147432743,0,1.0,False,False,False,False,True,False,True,True,True,True,False,0.9534893566345852,False,False,68.0,68.0,68.0,13.65,68.0,53.5,0,270.00701838491756,0.9511928755721422,0.0,e1_tracking_single_obstacle,M7,23,0.7,0.3
False,14.55,-0.2147286042143025,0.3907930639669944,True,91.65971646673869,0.13182860775383334,0.1970364927749204,270.0395131309494,0.15457855318385472,2.0455981026610077,1.8031388170321305,1.8258028174617098,121.46732320781966,0,1.0,False,False,False,False,True,False,True,True,True,True,False,0.9544018973389923,False,False,68.0,68.0,68.0,13.700000000000001,68.0,53.5,0,270.1117251015781,0.9520528136456021,0.0,e1_tracking_single_obstacle,M7,24,0.7,0.3
False,14.55,-0.213581429034697,0.38242678137091074,True,91.59050152482013,0.13072503416605075,0.19654665686994857,269.9775107351024,0.15369479568224007,2.044368277815614,1.8012840839314699,1.8237016031200233,121.36773570369282,0,1.0,False,False,False,False,True,False,True,True,True,True,False,0.955631722184386,False,False,68.0,68.0,68.0,13.700000000000001,68.0,53.5,0,270.0865137374682,0.9533688906038619,0.0,e1_tracking_single_obstacle,M7,25,0.7,0.3
False,14.55,-0.230548671075683,0.38105150218717454,True,91.71208820731982,0.14371067086749265,0.19666911584619154,269.7843915235797,0.1586260093576025,2.049111224354594,1.808823397208159,1.8320748558376478,121.62083746543594,0,1.0,False,False,False,False,True,False,True,True,True,True,False,0.9508887756454061,False,False,68.0,68.0,68.0,13.700000000000001,68.0,53.5,0,269.7302879979013,0.948701284972395,0.0,e1_tracking_single_obstacle,M7,26,0.7,0.3
False,14.55,-0.2284412194741171,0.38045421995959056,True,91.53739937803839,0.13430065039820338,0.19654665686994857,270.0278225146542,0.15694545115902597,2.04798023400951,1.8069212345067232,1.8300199881419046,121.54822809953835,0,1.0,False,False,False,False,True,False,True,True,True,True,False,0.9520197659904901,False,False,68.0,68.0,68.0,13.700000000000001,68.0,53.5,0,270.00646332097006,0.9496753888990136,0.0,e1_tracking_single_obstacle,M7,27,0.7,0.3
False,14.55,-0.18918957663730418,0.38234859680469546,True,91.73929670707722,0.1382537266058447,0.1970364927749204,270.0697133410417,0.155283893360384,2.046494287488992,1.8045062261421791,1.8273470008088257,121.65273446389169,0,1.0,False,False,False,False,True,False,True,True,True,True,False,0.9535057125110078,False,False,68.0,68.0,68.0,13.700000000000001,68.0,53.5,0,270.1141465140238,0.9511145171161671,0.0,e1_tracking_single_obstacle,M7,28,0.7,0.3
False,14.55,-0.17731966726057424,0.3829621798914999,True,91.77573256148416,0.14162052881900153,0.19679157482243448,269.9025077944002,0.15782802350481845,2.048272275707041,1.8075586230908913,1.8306643483939027,121.55504929178483,0,1.0,False,False,False,False,True,False,True,True,True,True,False,0.9517277242929589,False,False,68.0,68.0,68.0,13.700000000000001,68.0,53.5,0,269.84766365157793,0.9495181246487278,0.0,e1_tracking_single_obstacle,M7,29,0.7,0.3
False,14.600000000000001,-0.19160245663271303,0.38826193081482313,True,91.76581627637563,0.12667265945429612,0.19752632867989223,270.0055379810136,0.15643582173024817,2.04717821398089,1.8057476755729682,1.82867638402872,121.66836900181052,0,1.0,False,False,False,False,True,False,True,True,True,True,False,0.9528217860191099,False,False,68.0,68.0,68.0,13.700000000000001,68.0,53.45,0,269.987938559986,0.9505274304170495,0.0,e1_tracking_single_obstacle,M7,30,0.7,0.3
False,14.5,-0.23229675736851085,0.3809552486040156,True,91.39648825613475,0.14047431014303688,0.19593436198873376,270.0647425423539,0.1556131305251163,2.046776248173019,1.8049713462738501,1.8278593799150629,121.32360302501938,0,1.0,False,False,False,False,True,False,True,True,True,True,False,0.953223751826981,False,False,68.0,68.0,68.0,13.65,68.0,53.550000000000004,0,270.09276778355775,0.9508397654669125,0.0,e1_tracking_single_obstacle,M7,31,0.7,0.3
False,14.600000000000001,-0.13608568071428528,0.37831394700685683,True,91.63651304904366,0.12319542758672333,0.19826108253734998,269.20994834339456,0.1391068673523689,2.027035523972575,1.771992361034604,1.793616307049838,121.34440448671117,0,1.0,False,False,False,False,True,False,True,True,True,True,False,0.9729644760274252,False,False,68.0,68.0,68.0,13.75,68.0,53.45,0,269.4484192388746,0.9712209466305538,0.0,e1_tracking_single_obstacle,M7,32,0.7,0.3
False,14.55,-0.1626539488433426,0.3853414810009489,True,91.75894877657856,0.13814675788325054,0.1970364927749204,269.9098843527569,0.1529302273734038,2.0432833027698996,1.799645624446243,1.8218486536081677,121.17777345710878,0,1.0,False,False,False,False,True,False,True,True,True,True,False,0.9567166972301004,False,False,68.0,68.0,68.0,13.700000000000001,68.0,53.5,0,270.0536583609437,0.9545527348006888,0.0,e1_tracking_single_obstacle,M7,33,0.7,0.3
False,14.5,-0.20203306060345638,0.38763336605363313,True,91.42052169724383,0.13583780817136934,0.1961792799412197,270.03836862233027,0.15424175956201602,2.045310222017879,1.8026603497082243,1.8252779202050156,121.05033566189984,0,1.0,False,False,False,False,True,False,True,True,True,True,False,0.9546897779821211,False,False,68.0,68.0,68.0,13.65,68.0,53.550000000000004,0,270.1319600935614,0.9523432109209241,0.0,e1_tracking_single_obstacle,M7,34,0.7,0.3
False,14.55,-0.21374843488148554,0.3824294602847364,True,91.76963225525787,0.1401485322818539,0.19679157482243448,269.9213685351706,0.15280704378117352,2.0433241824408745,1.79965140020634,1.82187890745819,121.58498076993739,0,1.0,False,False,False,False,True,False,True,True,True,True,False,0.9566758175591255,False,False,68.0,68.0,68.0,13.700000000000001,68.0,53.5,0,270.0810857144024,0.9545065776592722,0.0,e1_tracking_single_obstacle,M7,35,0.7,0.3
False,14.600000000000001,-0.16364229024665244,0.384733967074052,True,91.62660210024212,0.12977529363740928,0.19777124663237816,270.07494004140676,0.15528210607237283,2.0465368311079684,1.8045591567272732,1.827411284067786,121.66931470165109,0,1.0,False,False,False,False,True,False,True,True,True,True,False,0.9534631688920316,False,False,68.0,68.0,68.0,13.700000000000001,68.0,53.45,0,270.12123186725717,0.9510643853966281,0.0,e1_tracking_single_obstacle,M7,36,0.7,0.3
False,14.65,-0.18719932869604528,0.39731763159910627,True,91.79602455893948,0.1274083880133876,0.19887337741856478,269.69186630411775,0.15148333104127382,2.040740514692018,1.7959047215584794,1.8175862812864374,121.34424253726036,0,1.0,False,False,False,False,True,False,True,True,True,True,False,0.9592594853079821,False,False,68.0,68.0,68.0,13.75,68.0,53.400000000000006,0,269.8642267139196,0.9574266643828412,0.0,e1_tracking_single_obstacle,M7,37,0.7,0.3
False,14.55,-0.16452778813058133,0.3822255906674071,True,91.42631778752838,0.12851110387730427,0.19691403379867745,269.7770021516506,0.15185362967709148,2.0416338642557714,1.7971687775285838,1.8190488121541135,120.87576465701677,0,1.0,False,False,False,False,True,False,True,True,True,True,False,0.9583661357442286,False,False,68.0,68.0,68.0,13.700000000000001,68.0,53.5,0,269.9551542159008,0.9564208847445103,0.0,e1_tracking_single_obstacle,M7,38,0.7,0.3
False,14.600000000000001,-0.15537246649963488,0.38284746448642143,True,91.73436854294026,0.12852636718240099,0.1976487876561352,269.9814313908358,0.1535229333874956,2.0442839711698206,1.801117027233844,1.8235286122478978,121.24192730944615,0,1.0,False,False,False,False,True,False,True,True,True,True,False,0.9557160288301794,False,False,68.0,68.0,68.0,13.75,68.0,53.45,0,270.10569896845743,0.9534511534634728,0.0,e1_tracking_single_obstacle,M7,39,0.7,0.3
False,14.600000000000001,-0.22520115117042316,0.3818412367094186,True,91.83272423675132,0.14081186666566892,0.19752632867989223,267.35573860242044,0.15265647793384993,2.0251409208545232,1.7760912978318935,1.8218920059523573,120.97079415465636,0,1.0,False,False,False,False,True,False,True,True,True,True,False,0.9748590791454768,False,False,68.0,68.0,68.0,13.75,68.0,53.45,0,267.44942959850425,0.9718350682628757,0.0,e1_tracking_single_obstacle,M7,10,0.7,0.7
False,14.5,-0.2139125781365614,0.38237212976952695,True,91.36299897804413,0.14049270279119305,0.19630173891746264,267.3657820058398,0.15058935541241833,2.023343123963835,1.7730804072366726,1.8181015877799356,120.34354872017309,0,1.0,False,False,False,False,True,False,True,True,True,True,False,0.9766568760361651,False,False,68.0,68.0,68.0,13.65,68.0,53.550000000000004,0,267.5126283636209,0.9734692800606317,0.0,e1_tracking_single_obstacle,M7,11,0.7,0.7
False,14.55,-0.22478240824780094,0.3830688584145312,True,91.51298084352786,0.12934175495203942,0.1970364927749204,267.5302710751783,0.15142243365786853,2.025354968973818,1.7759344745367944,1.8221587961694035,121.17845163275156,0,1.0,False,False,False,False,True,False,True,True,True,True,False,0.9746450310261818,False,False,68.0,68.0,68.0,13.700000000000001,68.0,53.5,0,267.68010023135025,0.9713536517371323,0.0,e1_tracking_single_obstacle,M7,12,0.7,0.7
False,14.5,-0.20295676937557838,0.3816106757369634,True,91.07251344322212,0.12884147620220432,0.19666911584619154,267.40891490370063,0.15289727959237862,2.0258618105989754,1.7770869591665557,1.823328260382697,120.50657990274273,0,1.0,False,False,False,False,True,False,True,True,True,True,False,0.9741381894010246,False,False,68.0,68.0,68.0,13.65,68.0,53.550000000000004,0,267.5077255594465,0.9710692881691736,0.0,e1_tracking_single_obstacle,M7,13,0.7,0.7
False,14.55,-0.31866246622975114,0.38561218181445067,True,91.62097960097309,0.12520650300543637,0.19777124663237816,265.80744339276157,0.1308836973192773,2.005878843464977,1.7407064604160816,1.7849956733027315,121.44585228212055,0,1.0,False,False,False,False,True,False,True,True,True,True,False,0.994121156535023,False,False,68.0,68.0,68.0,13.700000000000001,68.0,53.5,0,266.20780311194846,0.9910164077073864,0.0,e1_tracking_single_obstacle,M7,14,0.7,0.7
False,14.600000000000001,-0.19574718722470885,0.3826215356649327,True,91.8605103161173,0.1308699394167201,0.19777124663237816,266.96482555845535,0.14503835488012065,2.0184313006026913,1.7646484290919118,1.8077611222927696,120.8584591176082,0,1.0,False,False,False,False,True,False,True,True,True,True,False,0.9815686993973087,False,False,68.0,68.0,68.0,13.75,68.0,53.45,0,267.3037589600223,0.9784053436327915,0.0,e1_tracking_single_obstacle,M7,15,0.7,0.7
False,14.55,-0.21981986156239686,0.38192387912996156,True,91.4728871424433,0.13161633426944028,0.19728141072740632,267.53305263590266,0.15231727145046817,2.026165331705716,1.7772791901227865,1.8238626588953069,121.17592303539053,0,1.0,False,False,False,False,True,False,True,True,True,True,False,0.973834668294284,False,False,68.0,68.0,68.0,13.700000000000001,68.0,53.5,0,267.6594157141883,0.9706056549179746,0.0,e1_tracking_single_obstacle,M7,16,0.7,0.7
False,14.65,-0.281067274965597,0.3759808654626776,True,92.13381474973608,0.13174505833998865,0.19813862356110704,267.1906916600317,0.14647809952778518,2.0203948501703146,1.7677420987499735,1.811771783971155,121.40976951502637,0,1.0,False,False,False,False,True,False,True,True,True,True,False,0.9796051498296854,False,False,68.0,68.0,68.0,13.8,68.0,53.400000000000006,0,267.5145445868651,0.9762621002065152,0.0,e1_tracking_single_obstacle,M7,17,0.7,0.7
False,14.55,-0.19024534152230055,0.3853690869659916,True,91.45140310433491,0.13551734512209682,0.19691403379867745,266.7862111653908,0.14425539947106947,2.016884513192515,1.7623543480837245,1.8046284453411612,120.57701292848233,0,1.0,False,False,False,False,True,False,True,True,True,True,False,0.9831154868074852,False,False,68.0,68.0,68.0,13.700000000000001,68.0,53.5,0,267.11978772984764,0.9800754598672122,0.0,e1_tracking_single_obstacle,M7,18,0.7,0.7
False,14.55,-0.20848614913669106,0.38152180407687386,True,91.6986460140334,0.14538083450673742,0.19679157482243448,267.4930282806344,0.15257414468850836,2.026114736859819,1.7773027320068275,1.8237934892233012,121.17197494319085,0,1.0,False,False,False,False,True,False,True,True,True,True,False,0.9738852631401809,False,False,68.0,68.0,68.0,13.700000000000001,68.0,53.5,0,267.6079615623067,0.9707146599712769,0.0,e1_tracking_single_obstacle,M7,19,0.7,0.7
False,14.55,-0.1774199652998817,0.38437291147896047,True,91.8542542464281,0.12626326458454992,0.19728141072740632,266.88703789179334,0.1446916146321842,2.017753293320073,1.763641973498909,1.8063879009735015,121.40568435313385,0,1.0,False,False,False,False,True,False,True,True,True,True,False,0.982246706679927,False,False,68.0,68.0,68.0,13.700000000000001,68.0,53.5,0,267.22396962575107,0.9791378793430389,0.0,e1_tracking_single_obstacle,M7,20,0.7,0.7
False,14.600000000000001,-0.16010327728651363,0.38492863582379033,True,91.72812679278576,0.1248168053051416,0.19826108253734998,267.4834774767128,0.15224002269661832,2.02568294125879,1.7766402011392617,1.8229087422677062,121.27290911992391,0,1.0,False,False,False,False,True,False,True,True,True,True,False,0.9743170587412102,False,False,68.0,68.0,68.0,13.75,68.0,53.45,0,267.60320058783674,0.9711361130145698,0.0,e1_tracking_single_obstacle,M7,21,0.7,0.7
False,14.600000000000001,-0.22994320628733766,0.39134433848231204,True,91.58527967443001,0.12773716336310226,0.1985060004898359,267.50076922828134,0.15096034062462108,2.024763470049352,1.7750167947938307,1.8209361002678912,121.16785593217874,0,1.0,False,False,False,False,True,False,True,True,True,True,False,0.975236529950648,False,False,68.0,68.0,68.0,13.700000000000001,68.0,53.45,0,267.6608805361596,0.9719368566308006,0.0,e1_tracking_single_obstacle,M7,22,0.7,0.7
False,14.55,-0.2735210792026197,0.3799243176718541,True,91.41699288699519,0.13479799693542166,0.19666911584619154,267.41388290906593,0.15218574984400188,2.0250620118793417,1.7758330191545466,1.8216861466535355,120.70663243079454,0,1.0,False,False,False,False,True,False,True,True,True,True,False,0.9749379881206583,False,False,68.0,68.0,68.0,13.65,68.0,53.5,0,267.5233723609577,0.9718275340048729,0.0,e1_tracking_single_obstacle,M7,23,0.7,0.7
False,14.55,-0.21352047362353188,0.3907430463476264,True,91.61342931685617,0.13139347052327713,0.19728141072740632,267.4557386294666,0.1506713337810854,2.024178865855309,1.7741698003072346,1.819750194215012,120.97135811383572,0,1.0,False,False,False,False,True,False,True,True,True,True,False,0.9758211341446912,False,False,68.0,68.0,68.0,13.700000000000001,68.0,53.5,0,267.6175855627525,0.9725443021384867,0.0,e1_tracking_single_obstacle,M7,24,0.7,0.7
False,14.55,-0.21235293335440253,0.382561952183569,True,91.54516875687914,0.13032091379693045,0.19654665686994857,267.36080621540975,0.14915581668863953,2.022528075111024,1.7715083319446188,1.8162977644933396,120.88420633982452,0,1.0,False,False,False,False,True,False,True,True,True,True,False,0.977471924888976,False,False,68.0,68.0,68.0,13.65,68.0,53.5,0,267.5704178280849,0.9741538727536059,0.0,e1_tracking_single_obstacle,M7,25,0.7,0.7
False,14.55,-0.22927925964105444,0.38116264403644673,True,91.7156153469121,0.14335203379903524,0.19679157482243448,264.82626515291753,0.12788762590124228,2.0069332062835117,1.7412089187634379,1.7849746722161575,121.30815519946061,0,1.0,False,False,False,False,True,False,True,True,True,True,False,0.9930667937164883,False,False,68.0,68.0,68.0,13.700000000000001,68.0,53.5,0,265.17835961057875,0.9880861697255781,0.0,e1_tracking_single_obstacle,M7,26,0.7,0.7
False,14.55,-0.2272148221965007,0.380564451754455,True,91.47450659651747,0.13385495532475672,0.19666911584619154,267.35877146820434,0.15383103470396706,2.0274122616596126,1.7793128662121156,1.8263583420359304,120.98021776281863,0,1.0,False,False,False,False,True,False,True,True,True,True,False,0.9725877383403874,False,False,68.0,68.0,68.0,13.700000000000001,68.0,53.5,0,267.46497729610513,0.9695287285741753,0.0,e1_tracking_single_obstacle,M7,27,0.7,0.7
False,14.55,-0.18799656016076882,0.38244976271520215,True,91.6922385247664,0.13782549124446988,0.1970364927749204,267.50266401740527,0.15166348017871575,2.0253139529433,1.7759691674841034,1.8221114826930622,121.17684608052706,0,1.0,False,False,False,False,True,False,True,True,True,True,False,0.9746860470567,False,False,68.0,68.0,68.0,13.700000000000001,68.0,53.5,0,267.6402007788795,0.971442405744279,0.0,e1_tracking_single_obstacle,M7,28,0.7,0.7
False,14.55,-0.17612334159487164,0.38313794078005897,True,91.71849642764482,0.14094669675600524,0.1970364927749204,267.29151971780533,0.15319024246734628,2.0254919145434234,1.7767008400595208,1.8226105719314172,120.84039874343334,0,1.0,False,False,False,False,True,False,True,True,True,True,False,0.9745080854565766,False,False,68.0,68.0,68.0,13.700000000000001,68.0,53.5,0,267.3769850955083,0.9715544220521383,0.0,e1_tracking_single_obstacle,M7,29,0.7,0.7
False,14.600000000000001,-0.19030046975544612,0.38819654522571967,True,91.77244464564592,0.12616795320095425,0.1976487876561352,265.79098230516774,0.13084850713537413,2.0057518298460058,1.7405276618923098,1.7847371563617667,121.3904174015523,0,1.0,False,False,False,False,True,False,True,True,True,True,False,0.9942481701539942,False,False,68.0,68.0,68.0,13.700000000000001,68.0,53.45,0,266.1901727489192,0.9911533436558062,0.0,e1_tracking_single_obstacle,M7,30,0.7,0.7
False,14.5,-0.2310962074830275,0.3810502333029402,True,91.3473039135232,0.13999250626194798,0.19593436198873376,267.49224572435196,0.15213854384041384,2.025654567143549,1.776568964990159,1.8228405638439182,120.83540468979145,0,1.0,False,False,False,False,True,False,True,True,True,True,False,0.9743454328564511,False,False,68.0,68.0,68.0,13.65,68.0,53.550000000000004,0,267.61568261662944,0.971148137157399,0.0,e1_tracking_single_obstacle,M7,31,0.7,0.7
False,14.600000000000001,-0.13508577796031063,0.37843951515730045,True,91.57440149479912,0.12280580419059946,0.19838354151359294,266.6915814258127,0.14382762861235285,2.016104206893698,1.7611792879448804,1.8030478769493925,120.772761748022,0,1.0,False,False,False,False,True,False,True,True,True,True,False,0.9838957931063019,False,False,68.0,68.0,68.0,13.700000000000001,68.0,53.45,0,267.0178055557473,0.9809349380829019,0.0,e1_tracking_single_obstacle,M7,32,0.7,0.7
False,14.55,-0.16143364826703377,0.38554627056485963,True,91.7140275433071,0.13764836178850764,0.19715895175116335,267.2500720968067,0.14769735703613657,2.0210509844117515,1.7690689374306154,1.8131996584196775,120.7140594657899,0,1.0,False,False,False,False,True,False,True,True,True,True,False,0.9789490155882485,False,False,68.0,68.0,68.0,13.700000000000001,68.0,53.5,0,267.5160417087666,0.9756099885449673,0.0,e1_tracking_single_obstacle,M7,33,0.7,0.7
False,14.5,-0.2008197892286112,0.387732859933784,True,91.37478412836515,0.13546043852083398,0.19630173891746264,267.4557224795214,0.1500795866791874,2.023825234023249,1.7735014728863223,1.8189728156054437,120.57809494042996,0,1.0,False,False,False,False,True,False,True,True,True,True,False,0.9761747659767508,False,False,68.0,68.0,68.0,13.65,68.0,53.550000000000004,0,267.6420799258733,0.9728445354348838,0.0,e1_tracking_single_obstacle,M7,34,0.7,0.7
False,14.55,-0.21247565525983048,0.3825217368845184,True,91.72663359587085,0.13784358625884713,0.1974038697036493,267.04600603057344,0.14552359183166994,2.019104824383619,1.7657092037759632,1.8091329205867703,121.0066733276314,0,1.0,False,False,False,False,True,False,True,True,True,True,False,0.9808951756163808,False,False,68.0,68.0,68.0,13.700000000000001,68.0,53.5,0,267.3848672040445,0.9776568591416802,0.0,e1_tracking_single_obstacle,M7,35,0.7,0.7
False,14.600000000000001,-0.16251341952322418,0.3848586542690483,True,91.5798559998097,0.1294209215608342,0.1978937056086211,267.51142915656635,0.15163704580142598,2.0253660052021916,1.7760257040704075,1.8222097564606388,121.18988164217569,0,1.0,False,False,False,False,True,False,True,True,True,True,False,0.9746339947978084,False,False,68.0,68.0,68.0,13.700000000000001,68.0,53.45,0,267.6513528300536,0.9713787705505588,0.0,e1_tracking_single_obstacle,M7,36,0.7,0.7
False,14.65,-0.18594099396845576,0.3974959389326802,True,91.76682398893257,0.12708869483119556,0.19899583639480775,266.83052861100634,0.14445264404718633,2.017260747526,1.7629159856750534,1.8053907428099107,120.98187798181445,0,1.0,False,False,False,False,True,False,True,True,True,True,False,0.982739252474,False,False,68.0,68.0,68.0,13.75,68.0,53.400000000000006,0,267.16574284887145,0.9796678841727123,0.0,e1_tracking_single_obstacle,M7,37,0.7,0.7
False,14.55,-0.16327601365337352,0.38237082432133307,True,91.39302418995325,0.1281650205629408,0.1970364927749204,266.97359654368597,0.14508286413445004,2.0185058471426927,1.7647618829241656,1.8079123791707576,120.50378793482615,0,1.0,False,False,False,False,True,False,True,True,True,True,False,0.9814941528573073,False,False,68.0,68.0,68.0,13.700000000000001,68.0,53.5,0,267.3127577101783,0.9783235543844576,0.0,e1_tracking_single_obstacle,M7,38,0.7,0.7
False,14.600000000000001,-0.15419237359652216,0.3830452339152318,True,91.68803992374883,0.12813492408658347,0.19777124663237816,267.3678713747434,0.14886914309329521,2.0224781520448816,1.7713347094215939,1.8161604293874143,120.76819170741338,0,1.0,False,False,False,False,True,False,True,True,True,True,False,0.9775218479551184,False,False,68.0,68.0,68.0,13.75,68.0,53.45,0,267.5942902649993,0.9741706586614921,0.0,e1_tracking_single_obstacle,M7,39,0.7,0.7
False,14.600000000000001,-0.22430010577510473,0.3819201139915688,True,91.8439457394491,0.1404416470276565,0.19752632867989223,265.2491853349616,0.14940857844886882,2.0082567874801502,1.752971231608992,1.807653852068122,120.84411772766572,0,1.0,False,False,False,False,True,False,True,True,True,True,False,0.9917432125198498,False,False,68.0,68.0,68.0,13.75,68.0,53.45,0,265.48704345200287,0.9878953454829157,0.0,e1_tracking_single_obstacle,M7,10,0.7,1.0
False,14.5,-0.21303005919459017,0.382444492140796,True,91.37524581042965,0.1400771464196556,0.19630173891746264,265.25278140843614,0.1483296907591592,2.0065559576795677,1.7504545408406176,1.8037695653939256,120.23859582293264,0,1.0,False,False,False,False,True,False,True,True,True,True,False,0.9934440423204323,False,False,68.0,68.0,68.0,13.65,68.0,53.550000000000004,0,265.49945134741546,0.9894947991090833,0.0,e1_tracking_single_obstacle,M7,11,0.7,1.0
False,14.55,-0.22386014259428166,0.38314310165713417,True,91.52353353939105,0.1291263651709969,0.1970364927749204,265.4695975329787,0.1490841480078904,2.009046964412804,1.7539086466956126,1.8096581892446806,121.08335659792351,0,1.0,False,False,False,False,True,False,True,True,True,True,False,0.990953035587196,False,False,68.0,68.0,68.0,13.700000000000001,68.0,53.5,0,265.7242298151677,0.9869251184179615,0.0,e1_tracking_single_obstacle,M7,12,0.7,1.0
False,14.5,-0.2021516845377641,0.3817017210502383,True,91.08030590245603,0.12851777699774916,0.19679157482243448,265.3175158849346,0.14960757303285824,2.0091472229987106,1.7541698729605448,1.8097331262458234,120.36003408335665,0,1.0,False,False,False,False,True,False,True,True,True,True,False,0.9908527770012894,False,False,68.0,68.0,68.0,13.65,68.0,53.550000000000004,0,265.5613376766813,0.9869684969375521,0.0,e1_tracking_single_obstacle,M7,13,0.7,1.0
False,14.55,-0.3206833973208192,0.38580361367198185,True,91.6439578243714,0.12494560033152692,0.1978937056086211,263.13443272362275,0.12472740342398227,1.987942858938209,1.7142331509575375,1.7669201396538625,121.44988162497935,0,1.0,False,False,False,False,True,False,True,True,True,True,False,1.012057141061791,False,False,68.0,68.0,68.0,13.700000000000001,68.0,53.5,0,263.66334806524935,1.0079209800902043,0.0,e1_tracking_single_obstacle,M7,14,0.7,1.0
False,14.600000000000001,-0.19482642455729038,0.3826938386468942,True,91.88222717098971,0.13070131271811894,0.1978937056086211,264.72454851840996,0.13979292034361882,2.0005287873299213,1.739213031532427,1.7896225135881678,120.84593667652074,0,1.0,False,False,False,False,True,False,True,True,True,True,False,0.9994712126700787,False,False,68.0,68.0,68.0,13.75,68.0,53.45,0,265.23753125540384,0.9950632264593144,0.0,e1_tracking_single_obstacle,M7,15,0.7,1.0
False,14.55,-0.21897741025322015,0.3819899993039681,True,91.47903621294358,0.13135845263069243,0.19752632867989223,265.4645893335983,0.1496188329693724,2.009847773117383,1.755102192051731,1.811484097290178,121.04184907296201,0,1.0,False,False,False,False,True,False,True,True,True,True,False,0.9901522268826168,False,False,68.0,68.0,68.0,13.700000000000001,68.0,53.5,0,265.71365509924493,0.9861777155875987,0.0,e1_tracking_single_obstacle,M7,16,0.7,1.0
False,14.65,-0.28013102578029037,0.37608905442285534,True,92.1489150818634,0.1315220398241269,0.19826108253734998,265.1172833875162,0.14293587943135252,2.003434573820218,1.7443095070818377,1.7963513291347535,121.3419636482771,0,1.0,False,False,False,False,True,False,True,True,True,True,False,0.996565426179782,False,False,68.0,68.0,68.0,13.8,68.0,53.400000000000006,0,265.5610177784679,0.9920895028573916,0.0,e1_tracking_single_obstacle,M7,17,0.7,1.0
False,14.55,-0.18927758437266717,0.38544826379786595,True,91.48018775565649,0.135306317478236,0.1970364927749204,264.45766646434225,0.13852200485187907,1.9985213538732818,1.7360709940125802,1.7849192505853777,120.60281831148859,0,1.0,False,False,False,False,True,False,True,True,True,True,False,1.0014786461267182,False,False,68.0,68.0,68.0,13.700000000000001,68.0,53.5,0,264.97339444137737,0.9971609723840258,0.0,e1_tracking_single_obstacle,M7,18,0.7,1.0
False,14.55,-0.2075688714506715,0.3815944947500305,True,91.70214434055454,0.14501347293556863,0.19679157482243448,265.4016675804022,0.1497008144955526,2.009730595044075,1.7549609878490537,1.811148109905056,121.02395509879267,0,1.0,False,False,False,False,True,False,True,True,True,True,False,0.9902694049559249,False,False,68.0,68.0,68.0,13.700000000000001,68.0,53.5,0,265.64830923076545,0.9863410694542525,0.0,e1_tracking_single_obstacle,M7,19,0.7,1.0
False,14.55,-0.17652208928680213,0.384475590185563,True,91.8767623421746,0.12644852749037683,0.19752632867989223,264.6101622608746,0.1392452973886201,1.9996548075507352,1.7378494131420643,1.7875728244470548,121.3752245058215,0,1.0,False,False,False,False,True,False,True,True,True,True,False,1.0003451924492648,False,False,68.0,68.0,68.0,13.700000000000001,68.0,53.5,0,265.1253575646547,0.995974396952563,0.0,e1_tracking_single_obstacle,M7,20,0.7,1.0
False,14.600000000000001,-0.15919455519802672,0.3848904745854833,True,91.73211377610443,0.12452525095434967,0.19826108253734998,265.38331430501904,0.14957322629542438,2.0093022475478985,1.7543789404195647,1.8101643335563466,121.13368749836454,0,1.0,False,False,False,False,True,False,True,True,True,True,False,0.9906977524521015,False,False,68.0,68.0,68.0,13.75,68.0,53.45,0,265.6275933738572,0.9867754211601639,0.0,e1_tracking_single_obstacle,M7,21,0.7,1.0
False,14.600000000000001,-0.22905870161817665,0.39141712026433934,True,91.59551396200506,0.1274478716286699,0.1985060004898359,265.43274254124566,0.14876230102228,2.0083993635296618,1.752968095341036,1.8081383999059106,121.05741160855753,0,1.0,False,False,False,False,True,False,True,True,True,True,False,0.9916006364703382,False,False,68.0,68.0,68.0,13.700000000000001,68.0,53.45,0,265.68985610123036,0.9875633110711888,0.0,e1_tracking_single_obstacle,M7,22,0.7,1.0
False,14.55,-0.2726221812945846,0.38000684660299366,True,91.42719987049853,0.13443487863579157,0.19666911584619154,265.30775947041246,0.14933795974335592,2.008360200041857,1.7530983325656022,1.8079551095597968,120.57667512536096,0,1.0,False,False,False,False,True,False,True,True,True,True,False,0.991639799958143,False,False,68.0,68.0,68.0,13.65,68.0,53.5,0,265.5469447552852,0.9877520791384652,0.0,e1_tracking_single_obstacle,M7,23,0.7,1.0
False,14.55,-0.2126196678639456,0.3907061462706923,True,91.62415628363783,0.13107735613045632,0.19752632867989223,265.37366239196166,0.14853273696575223,2.0077040325118065,1.7519967297087324,1.8064945533875407,120.85225371360667,0,1.0,False,False,False,False,True,False,True,True,True,True,False,0.9922959674881935,False,False,68.0,68.0,68.0,13.700000000000001,68.0,53.5,0,265.6291382337265,0.9882779326796104,0.0,e1_tracking_single_obstacle,M7,24,0.7,1.0
False,14.55,-0.21143694946795577,0.38266306671987815,True,91.55833893499984,0.1300288396356222,0.19691403379867745,265.2846166268936,0.14707269835798145,2.005885111062424,1.7491247990524563,1.802186318271726,120.78522917171321,0,1.0,False,False,False,False,True,False,True,True,True,True,False,0.9941148889375762,False,False,68.0,68.0,68.0,13.65,68.0,53.5,0,265.5697894016053,0.9899934628979993,0.0,e1_tracking_single_obstacle,M7,25,0.7,1.0
False,14.55,-0.2283327633575688,0.3812460603896982,True,91.7201313597248,0.1431630137956912,0.19679157482243448,264.6320133297101,0.13882103087379177,2.0002690297574883,1.7384182127208154,1.7891759001815863,121.20131175166597,0,1.0,False,False,False,False,True,False,True,True,True,True,False,0.9997309702425117,False,False,68.0,68.0,68.0,13.700000000000001,68.0,53.5,0,265.11779121274196,0.9955001333171128,0.0,e1_tracking_single_obstacle,M7,26,0.7,1.0
False,14.55,-0.22630037156200467,0.3806472425618476,True,91.51500915362243,0.13335539455526,0.19666911584619154,264.45456889257605,0.1383889260444699,1.998604105913695,1.7361106396322572,1.7851507910823625,120.88910211700772,0,1.0,False,False,False,False,True,False,True,True,True,True,False,1.001395894086305,False,False,68.0,68.0,68.0,13.700000000000001,68.0,53.5,0,264.9642367806022,0.9971094879668825,0.0,e1_tracking_single_obstacle,M7,27,0.7,1.0
False,14.55,-0.1871070238076049,0.38252590655156665,True,91.7004311361238,0.13750341913497283,0.19715895175116335,265.4240246923629,0.14923994785672776,2.008929618459742,1.753808442911325,1.8093568518173078,121.05913905902185,0,1.0,False,False,False,False,True,False,True,True,True,True,False,0.9910703815402582,False,False,68.0,68.0,68.0,13.700000000000001,68.0,53.5,0,265.6724809436137,0.9870906367701667,0.0,e1_tracking_single_obstacle,M7,28,0.7,1.0
False,14.55,-0.17523253447833997,0.38326940242421814,True,91.73179219507021,0.14055939147181937,0.1970364927749204,265.21682074968965,0.14947251430860722,2.0084496831327896,1.7532133902804397,1.8080361162735108,120.7277282716947,0,1.0,False,False,False,False,True,False,True,True,True,True,False,0.9915503168672104,False,False,68.0,68.0,68.0,13.700000000000001,68.0,53.5,0,265.45868952263066,0.9877127213312378,0.0,e1_tracking_single_obstacle,M7,29,0.7,1.0
False,14.600000000000001,-0.18932933782455408,0.38814808242274695,True,91.74772767452288,0.12590342312855868,0.1978937056086211,264.60412233869044,0.13900781034472637,1.999775755944837,1.7378880334738496,1.7879157577984737,121.04996235542764,0,1.0,False,False,False,False,True,False,True,True,True,True,False,1.000224244055163,False,False,68.0,68.0,68.0,13.700000000000001,68.0,53.45,0,265.11247550310196,0.9958983667152398,0.0,e1_tracking_single_obstacle,M7,30,0.7,1.0
False,14.5,-0.23020110547256867,0.38112136971797606,True,91.35317657025848,0.13963809473888927,0.1961792799412197,265.4025368636783,0.1495016140337776,2.009245631559231,1.7542904942813085,1.810057389658975,120.70355553506488,0,1.0,False,False,False,False,True,False,True,True,True,True,False,0.9907543684407689,False,False,68.0,68.0,68.0,13.65,68.0,53.550000000000004,0,265.64761727224084,0.9868140606585288,0.0,e1_tracking_single_obstacle,M7,31,0.7,1.0
False,14.600000000000001,-0.1343405318963199,0.37853354390375943,True,91.60091799614382,0.1225242559568844,0.1985060004898359,264.34860777171093,0.1380630797052374,1.997680901440131,1.7347875416698224,1.7829367116054413,120.77056293896644,0,1.0,False,False,False,False,True,False,True,True,True,True,False,1.002319098559869,False,False,68.0,68.0,68.0,13.700000000000001,68.0,53.45,0,264.8659812478395,0.9980278812131752,0.0,e1_tracking_single_obstacle,M7,32,0.7,1.0
False,14.55,-0.16052368944408013,0.38570032840313434,True,91.7278317423054,0.13727852316263203,0.19728141072740632,265.1803165329971,0.14523925599692974,2.004233176813718,1.746288461193567,1.7982323762823698,120.63357118497404,0,1.0,False,False,False,False,True,False,True,True,True,True,False,0.995766823186282,False,False,68.0,68.0,68.0,13.700000000000001,68.0,53.5,0,265.5221893890939,0.9914980157502322,0.0,e1_tracking_single_obstacle,M7,33,0.7,1.0
False,14.5,-0.19991511501233594,0.3878074346062105,True,91.38570381014448,0.1351869191252485,0.1964241978937056,265.3895512968904,0.1480259775327842,2.0073925214966315,1.7514126846574223,1.8057676840463195,120.47588497003622,0,1.0,False,False,False,False,True,False,True,True,True,True,False,0.9926074785033685,False,False,68.0,68.0,68.0,13.65,68.0,53.550000000000004,0,265.6592225212927,0.9885194728283412,0.0,e1_tracking_single_obstacle,M7,34,0.7,1.0
False,14.55,-0.21152664434838342,0.38259088482556675,True,91.7506340087588,0.13762195699723123,0.1974038697036493,264.8248060421876,0.1404041436068095,2.0012400546108213,1.7403978774192987,1.7912672962096674,120.98644877759924,0,1.0,False,False,False,False,True,False,True,True,True,True,False,0.9987599453891787,False,False,68.0,68.0,68.0,13.700000000000001,68.0,53.5,0,265.3339700924222,0.9943086595194522,0.0,e1_tracking_single_obstacle,M7,35,0.7,1.0
False,14.600000000000001,-0.1616716523149998,0.3849628539280791,True,91.58826493731065,0.12916440474095572,0.19801616458486407,265.4376652825446,0.14922171444060842,2.0089982444104604,1.753891071060197,1.8095243957076006,121.07020632892848,0,1.0,False,False,False,False,True,False,True,True,True,True,False,0.9910017555895396,False,False,68.0,68.0,68.0,13.700000000000001,68.0,53.45,0,265.6875828713812,0.9870099242470384,0.0,e1_tracking_single_obstacle,M7,36,0.7,1.0
False,14.65,-0.18500319357632722,0.3976322065249547,True,91.79451921735007,0.12685023702202955,0.1991182953710507,264.51894231495385,0.13881016325512946,1.998974097450205,1.7367814829266852,1.7859791325164527,120.99858518444552,0,1.0,False,False,False,False,True,False,True,True,True,True,False,1.001025902549795,False,False,68.0,68.0,68.0,13.75,68.0,53.400000000000006,0,265.0346177914541,0.9966871854110292,0.0,e1_tracking_single_obstacle,M7,37,0.7,1.0
False,14.55,-0.16234250849155973,0.38247949607599846,True,91.41487927219265,0.12791235150975466,0.19715895175116335,264.7363933516596,0.13985837460285244,2.0006149258710586,1.7393526985814987,1.7898227216945521,120.4957234818504,0,1.0,False,False,False,False,True,False,True,True,True,True,False,0.9993850741289414,False,False,68.0,68.0,68.0,13.700000000000001,68.0,53.5,0,265.24913487912903,0.9949721812084359,0.0,e1_tracking_single_obstacle,M7,38,0.7,1.0
False,14.600000000000001,-0.1533122534401441,0.38319455709951455,True,91.6996394170009,0.12784584384876832,0.19777124663237816,265.3042818052445,0.14681152778398873,2.005918411404972,1.749065271228303,1.802262297294164,120.67274512731913,0,1.0,False,False,False,False,True,False,True,True,True,True,False,0.9940815885950278,False,False,68.0,68.0,68.0,13.75,68.0,53.45,0,265.6010668946669,0.9899140968537056,0.0,e1_tracking_single_obstacle,M7,39,0.7,1.0
False,14.600000000000001,-0.22340346023740387,0.3819989472113824,True,91.91529211117525,0.14007926074608687,0.1976487876561352,263.0343598241279,0.1448018536154117,1.9909262842179125,1.7284499549732122,1.7816471590504115,121.06028700884997,0,1.0,False,False,False,False,True,False,True,True,True,True,False,1.0090737157820875,False,False,68.0,68.0,68.0,13.75,68.0,53.45,0,263.4707083756498,1.0040972486969344,0.0,e1_tracking_single_obstacle,M7,10,0.7,1.3
False,14.5,-0.21215201045307852,0.3825167482596294,True,91.45285759061377,0.13967099581720188,0.19630173891746264,262.9883431969609,0.14488922570034676,1.9893059661369301,1.7265079148366147,1.7772959124993066,120.50896243427832,0,1.0,False,False,False,False,True,False,True,True,True,True,False,1.0106940338630699,False,False,68.0,68.0,68.0,13.65,68.0,53.550000000000004,0,263.4046205117301,1.005761048394216,0.0,e1_tracking_single_obstacle,M7,11,0.7,1.3
False,14.55,-0.22295295793472025,0.3832172458884972,True,91.59238980239225,0.12891842216983157,0.1970364927749204,263.2765362232011,0.14546120915945376,1.9923060485185795,1.7305613738304173,1.7858283392643248,121.31612173353662,0,1.0,False,False,False,False,True,False,True,True,True,True,False,1.0076939514814205,False,False,68.0,68.0,68.0,13.700000000000001,68.0,53.5,0,263.6995421377719,1.0027086695770333,0.0,e1_tracking_single_obstacle,M7,12,0.7,1.3
False,14.5,-0.2013507614026413,0.38179312897181494,True,91.14617761363324,0.12820101876893186,0.1970364927749204,263.1296274345422,0.14495397539216962,1.9919795457363645,1.7298466108543056,1.7846204025722363,120.5436870748749,0,1.0,False,False,False,False,True,False,True,True,True,True,False,1.0080204542636355,False,False,68.0,68.0,68.0,13.65,68.0,53.550000000000004,0,263.5714714546386,1.003010903067575,0.0,e1_tracking_single_obstacle,M7,13,0.7,1.3
False,14.55,-0.32269974220944686,0.38599443092504,True,91.68014136304785,0.12464984870987689,0.1978937056086211,262.2882958275668,0.1334653032799488,1.9820094617686002,1.7121399263941175,1.7593947706382893,121.44003933802824,0,1.0,False,False,False,False,True,False,True,True,True,True,False,1.0179905382313998,False,False,68.0,68.0,68.0,13.700000000000001,68.0,53.5,0,263.008290750638,1.0122107500895847,0.0,e1_tracking_single_obstacle,M7,14,0.7,1.3
False,14.600000000000001,-0.1939101596175109,0.3827667001741592,True,91.96391813654115,0.1305248861455034,0.19826108253734998,262.4958126290019,0.13523620404431097,1.9828713860796412,1.7141140330626568,1.7612249180895694,121.17488729974716,0,1.0,False,False,False,False,True,False,True,True,True,True,False,1.0171286139203588,False,False,68.0,68.0,68.0,13.75,68.0,53.45,0,263.20572445402996,1.0112829015353229,0.0,e1_tracking_single_obstacle,M7,15,0.7,1.3
False,14.55,-0.21813928114559078,0.38205606624901595,True,91.54068915641236,0.1311059050795564,0.19752632867989223,263.2870006783752,0.14539529367598764,1.9930561473095778,1.7314416692499477,1.787816252125412,121.22021276591536,0,1.0,False,False,False,False,True,False,True,True,True,True,False,1.0069438526904222,False,False,68.0,68.0,68.0,13.700000000000001,68.0,53.5,0,263.71960138739973,1.0019407788430714,0.0,e1_tracking_single_obstacle,M7,16,0.7,1.3
False,14.65,-0.2792017949981087,0.3761970440910634,True,92.22831435896529,0.13130484943122947,0.19862845946607888,263.06827163060757,0.14218600793635397,1.9871016016358167,1.7226735966216764,1.7718968952072152,121.63423954129057,0,1.0,False,False,False,False,True,False,True,True,True,True,False,1.0128983983641833,False,False,68.0,68.0,68.0,13.8,68.0,53.400000000000006,0,263.5582208317235,1.0075108932629462,0.0,e1_tracking_single_obstacle,M7,17,0.7,1.3
False,14.55,-0.18831451701153812,0.38552740032595934,True,91.57278972969195,0.13509905505015585,0.19715895175116335,262.0567177356628,0.1327615172128322,1.980071458005226,1.7093230294277837,1.7538423931346452,120.99390106295053,0,1.0,False,False,False,False,True,False,True,True,True,True,False,1.019928541994774,False,False,68.0,68.0,68.0,13.700000000000001,68.0,53.5,0,262.79952453061384,1.0140904487486302,0.0,e1_tracking_single_obstacle,M7,18,0.7,1.3
False,14.55,-0.20665607371047812,0.3816670716965539,True,91.75783042033164,0.14464261624330133,0.19679157482243448,263.20502658740395,0.14505859403318158,1.9928565519278056,1.7309965933772855,1.7870806778264767,121.17001558980562,0,1.0,False,False,False,False,True,False,True,True,True,True,False,1.0071434480721944,False,False,68.0,68.0,68.0,13.700000000000001,68.0,53.5,0,263.6528329381897,1.0021015862607363,0.0,e1_tracking_single_obstacle,M7,19,0.7,1.3
False,14.55,-0.17562846305562219,0.3845876444322884,True,91.96058135451042,0.12653582804683564,0.19752632867989223,262.3188181436361,0.1342385376880992,1.981692035968617,1.7121236348710975,1.7580857052253451,121.7040197984604,0,1.0,False,False,False,False,True,False,True,True,True,True,False,1.018307964031383,False,False,68.0,68.0,68.0,13.700000000000001,68.0,53.5,0,263.0451954666768,1.0124574334639869,0.0,e1_tracking_single_obstacle,M7,20,0.7,1.3
False,14.600000000000001,-0.15829023092791072,0.3848528234147784,True,91.78874867760088,0.12422362787139654,0.19838354151359294,263.166567225231,0.14500545786236455,1.9924092452076116,1.7304101933703337,1.7858266724836809,121.28395709587394,0,1.0,False,False,False,False,True,False,True,True,True,True,False,1.0075907547923884,False,False,68.0,68.0,68.0,13.75,68.0,53.45,0,263.6112133777559,1.0025660748127614,0.0,e1_tracking_single_obstacle,M7,21,0.7,1.3
False,14.600000000000001,-0.2281786614484137,0.3914898331761638,True,91.66578074259337,0.12716452751821086,0.1985060004898359,263.22453799273796,0.1453602378521164,1.9915970077062946,1.7296289149120774,1.7838483646920968,121.28752047744624,0,1.0,False,False,False,False,True,False,True,True,True,True,False,1.0084029922937054,False,False,68.0,68.0,68.0,13.700000000000001,68.0,53.45,0,263.64581591100233,1.0034200075314732,0.0,e1_tracking_single_obstacle,M7,22,0.7,1.3
False,14.55,-0.27172779185904583,0.38008918457898033,True,91.497505696727,0.1340815300458629,0.1970364927749204,263.08728738915164,0.1449821607399461,1.9911666220590245,1.7288546934647044,1.7824057743079844,120.7892156880971,0,1.0,False,False,False,False,True,False,True,True,True,True,False,1.0088333779409755,False,False,68.0,68.0,68.0,13.65,68.0,53.5,0,263.51745954667285,1.0038684917066145,0.0,e1_tracking_single_obstacle,M7,23,0.7,1.3
False,14.55,-0.21172334349518995,0.3906697651510582,True,91.6969094449682,0.13076901119492862,0.19752632867989223,263.1441653165711,0.1451987064573448,1.9907726261682237,1.7285125101363674,1.7815021188961606,121.0866751892195,0,1.0,False,False,False,False,True,False,True,True,True,True,False,1.0092273738317763,False,False,68.0,68.0,68.0,13.700000000000001,68.0,53.5,0,263.5634769696533,1.0042602677543133,0.0,e1_tracking_single_obstacle,M7,24,0.7,1.3
False,14.5,-0.21052541318785067,0.3827645952007503,True,91.63834961299818,0.1297450117388474,0.1970364927749204,263.0487646105568,0.14482822098606338,1.9889542351392249,1.726089292653692,1.7765163448086938,121.06670887803173,0,1.0,False,False,False,False,True,False,True,True,True,True,False,1.0110457648607751,False,False,68.0,68.0,68.0,13.65,68.0,53.550000000000004,0,263.4658811358489,1.0060454729533594,0.0,e1_tracking_single_obstacle,M7,25,0.7,1.3
False,14.55,-0.22739118334991826,0.3813296972160865,True,91.80243856166783,0.14298077784580052,0.19691403379867745,262.2932454357477,0.1332281274673689,1.9822894676549196,1.7123748731277741,1.7603605149149153,121.528154457273,0,1.0,False,False,False,False,True,False,True,True,True,True,False,1.0177105323450804,False,False,68.0,68.0,68.0,13.700000000000001,68.0,53.5,0,263.0027918603067,1.0119825056189968,0.0,e1_tracking_single_obstacle,M7,26,0.7,1.3
False,14.55,-0.22539035978152622,0.3807301361451749,True,91.60825869082478,0.13304289781791867,0.19691403379867745,261.9858637160496,0.1320462555545206,1.979971869837141,1.708831333219745,1.7538831522401583,121.27308675922585,0,1.0,False,False,False,False,True,False,True,True,True,True,False,1.020028130162859,False,False,68.0,68.0,68.0,13.700000000000001,68.0,53.5,0,262.7216210919872,1.0142471988533321,0.0,e1_tracking_single_obstacle,M7,27,0.7,1.3
False,14.55,-0.18622192186085484,0.38260210494085634,True,91.76669498433567,0.1371844140760206,0.19715895175116335,263.2194101675604,0.14531952974350934,1.9920607011721223,1.7301667589361163,1.7850542749069211,121.26876560826673,0,1.0,False,False,False,False,True,False,True,True,True,True,False,1.0079392988278777,False,False,68.0,68.0,68.0,13.700000000000001,68.0,53.5,0,263.6452084375471,1.0029617893112945,0.0,e1_tracking_single_obstacle,M7,28,0.7,1.3
False,14.55,-0.17434726290147184,0.38340056028873715,True,91.80340799424602,0.14017494642055234,0.19715895175116335,263.02258041475153,0.144692331307573,1.9910725475014537,1.7285684164201167,1.7819882664816715,120.94650141448278,0,1.0,False,False,False,False,True,False,True,True,True,True,False,1.0089274524985463,False,False,68.0,68.0,68.0,13.700000000000001,68.0,53.5,0,263.46739581869116,1.0039226881263459,0.0,e1_tracking_single_obstacle,M7,29,0.7,1.3
False,14.600000000000001,-0.18837467726682444,0.38810011512333714,True,91.83507280577159,0.12564285153022775,0.1978937056086211,262.2080808855481,0.1330486184709683,1.9814993310081022,1.7112814488338175,1.758045303734385,121.44521011455551,0,1.0,False,False,False,False,True,False,True,True,True,True,False,1.0185006689918978,False,False,68.0,68.0,68.0,13.700000000000001,68.0,53.45,0,262.9300527260428,1.012731951644553,0.0,e1_tracking_single_obstacle,M7,30,0.7,1.3
False,14.5,-0.22931049210780807,0.3811927288971344,True,91.41527168329819,0.13928572773671877,0.1961792799412197,263.1981373928699,0.14518576547601306,1.9923218546069261,1.7304072110687976,1.7856869008449732,120.88685763849544,0,1.0,False,False,False,False,True,False,True,True,True,True,False,1.0076781453930739,False,False,68.0,68.0,68.0,13.65,68.0,53.550000000000004,0,263.6319634062722,1.0026855782244888,0.0,e1_tracking_single_obstacle,M7,31,0.7,1.3
False,14.600000000000001,-0.1335992463711252,0.3786273499108567,True,91.69147236100167,0.12225359354454632,0.1985060004898359,261.97195768318113,0.13255616914727564,1.9793170048239188,1.708260282059217,1.7516460311932354,121.13382027047041,0,1.0,False,False,False,False,True,False,True,True,True,True,False,1.0206829951760812,False,False,68.0,68.0,68.0,13.700000000000001,68.0,53.45,0,262.72438888429997,1.014816031004012,0.0,e1_tracking_single_obstacle,M7,32,0.7,1.3
False,14.55,-0.15961811738643883,0.3858570692485819,True,91.81116728175085,0.1369096051340255,0.1974038697036493,262.98642886786877,0.14410768710939725,1.9874470079001583,1.7239013977757347,1.7724438415534916,120.94800938133642,0,1.0,False,False,False,False,True,False,True,True,True,True,False,1.0125529920998417,False,False,68.0,68.0,68.0,13.700000000000001,68.0,53.5,0,263.4134292554399,1.007460430031802,0.0,e1_tracking_single_obstacle,M7,33,0.7,1.3
False,14.5,-0.19901485746709058,0.38788197200157715,True,91.45948470946983,0.13492229766901628,0.19654665686994857,263.1689622568226,0.14520092450734198,1.9905796057326868,1.7282945535092926,1.7810530448365223,120.73122543983433,0,1.0,False,False,False,False,True,False,True,True,True,True,False,1.0094203942673132,False,False,68.0,68.0,68.0,13.65,68.0,53.550000000000004,0,263.5877125771598,1.0044280815531124,0.0,e1_tracking_single_obstacle,M7,34,0.7,1.3
False,14.55,-0.2105823531624781,0.3826599839677815,True,91.83054582051862,0.1374355170027616,0.19752632867989223,262.67752614099334,0.13664554797838782,1.9839640896271427,1.7161820005278492,1.7639805262731028,121.28123435700354,0,1.0,False,False,False,False,True,False,True,True,True,True,False,1.0160359103728573,False,False,68.0,68.0,68.0,13.700000000000001,68.0,53.5,0,263.35620743783426,1.0102121995404993,0.0,e1_tracking_single_obstacle,M7,35,0.7,1.3
False,14.600000000000001,-0.16083401404235997,0.3850696543562924,True,91.65485283781479,0.12891237592339794,0.19813862356110704,263.2378495894405,0.14536642517217385,1.992158181585772,1.7303167865415119,1.785351738549904,121.27962589538782,0,1.0,False,False,False,False,True,False,True,True,True,True,False,1.007841818414228,False,False,68.0,68.0,68.0,13.700000000000001,68.0,53.45,0,263.66301518958875,1.0028611856990426,0.0,e1_tracking_single_obstacle,M7,36,0.7,1.3
False,14.65,-0.18407032772053444,0.397768594970434,True,91.88521375326945,0.12661760558969773,0.1991182953710507,262.14976555834363,0.13325016735824138,1.9806620459440583,1.7103204145674278,1.7554084339454354,121.37568426944512,0,1.0,False,False,False,False,True,False,True,True,True,True,False,1.0193379540559417,False,False,68.0,68.0,68.0,13.75,68.0,53.400000000000006,0,262.8871771717929,1.0134976090497716,0.0,e1_tracking_single_obstacle,M7,37,0.7,1.3
False,14.55,-0.161413514705687,0.38258792990407114,True,91.49680953824469,0.1276661233780469,0.19728141072740632,262.5098499318804,0.1353218729132221,1.9829637694842177,1.7142732836264014,1.7614685521606745,120.82931063809572,0,1.0,False,False,False,False,True,False,True,True,True,True,False,1.0170362305157823,False,False,68.0,68.0,68.0,13.700000000000001,68.0,53.5,0,263.2181922588319,1.0111911758962335,0.0,e1_tracking_single_obstacle,M7,38,0.7,1.3
False,14.600000000000001,-0.15243631199455632,0.38334570104579324,True,91.77771774183222,0.12756657096028393,0.1978937056086211,263.08038770659465,0.14482902605651646,1.9891124483535279,1.726299243252853,1.7770072239680692,120.95606064484303,0,1.0,False,False,False,False,True,False,True,True,True,True,False,1.0108875516464721,False,False,68.0,68.0,68.0,13.75,68.0,53.45,0,263.4991424956188,1.0058673263958817,0.0,e1_tracking_single_obstacle,M7,39,0.7,1.3
False,14.850000000000001,-0.22827822600066616,0.3824261587912853,True,94.44789421112569,0.13515546666145034,0.20071026206220915,272.2173655834438,0.161070849867758,2.068890398670448,1.8344015383571945,1.8631547385319125,128.08223588987204,0,1.0,False,False,False,False,True,False,True,True,True,True,False,0.9311096013295521,False,False,68.0,68.0,68.0,13.950000000000001,68.0,53.2,0,272.10195594349955,0.9292979536635554,0.0,e1_tracking_single_obstacle,M7,10,0.8,0.3
False,14.75,-0.21758878068947252,0.3828713992104103,True,93.95316728260947,0.13483326173811586,0.19936321332353663,272.2789040876547,0.1593405205228736,2.0666658710484773,1.8311177744024725,1.8594208308228366,127.24121481618326,0,1.0,False,False,False,False,True,False,True,True,True,True,False,0.9333341289515227,False,False,68.0,68.0,68.0,13.9,68.0,53.300000000000004,0,272.2554180212683,0.9316757291251361,0.0,e1_tracking_single_obstacle,M7,11,0.8,0.3
False,14.8,-0.22797346276364094,0.3836170133773969,True,94.11583710946948,0.1238922070244734,0.1999755082047514,272.35339735243366,0.15959494716219252,2.0676114802253776,1.8323769737971973,1.8609060392581729,128.01665138193044,0,1.0,False,False,False,False,True,False,True,True,True,True,False,0.9323885197746224,False,False,68.0,68.0,68.0,13.950000000000001,68.0,53.25,0,272.3519512854049,0.9305691052368422,0.0,e1_tracking_single_obstacle,M7,12,0.8,0.3
False,14.75,-0.20680919721150193,0.3822991880843273,True,93.65907268265609,0.12280028072360491,0.1999755082047514,272.2222208238552,0.16083105456086721,2.068528865528121,1.8338812441304773,1.8625581579719337,127.41005595463616,0,1.0,False,False,False,False,True,False,True,True,True,True,False,0.9314711344718791,False,False,68.0,68.0,68.0,13.9,68.0,53.300000000000004,0,272.11225190142073,0.9296891676980259,0.0,e1_tracking_single_obstacle,M7,13,0.8,0.3
False,14.850000000000001,-0.333945285512003,0.3871380479162969,True,94.16820619720845,0.12003824642189086,0.20083272103845212,272.32974207734236,0.15991416751449905,2.0679138426773247,1.8328480866136072,1.8614319942599264,128.09857105286488,0,1.0,False,False,False,False,True,False,True,True,True,True,False,0.9320861573226753,False,False,68.0,68.0,68.0,13.950000000000001,68.0,53.2,0,272.2965320795113,0.9302564209908567,0.0,e1_tracking_single_obstacle,M7,14,0.8,0.3
False,14.850000000000001,-0.1994208807732839,0.38315782098817713,True,94.43663418616681,0.12507086776677953,0.201200097967181,272.19216398607915,0.15773659288923267,2.063831524301279,1.8270822429343019,1.8547767161581818,127.61306155216872,0,1.0,False,False,False,False,True,False,True,True,True,True,False,0.9361684756987212,False,False,68.0,68.0,68.0,14.0,68.0,53.2,0,272.2876597776825,0.9348962201188684,0.0,e1_tracking_single_obstacle,M7,15,0.8,0.3
False,14.8,-0.2237203745159495,0.38241499300723913,True,94.07088109169365,0.12544307899339122,0.2005878030859662,272.3416383946355,0.16003963713958702,2.068197377878635,1.8332394408127435,1.861887507704737,128.05357166070212,0,1.0,False,False,False,False,True,False,True,True,True,True,False,0.9318026221213649,False,False,68.0,68.0,68.0,13.9,68.0,53.25,0,272.30779982276306,0.9299322607642169,0.0,e1_tracking_single_obstacle,M7,16,0.8,0.3
False,14.9,-0.2842245319082345,0.37684974078338973,True,94.72342615453431,0.12621071446778148,0.20156747489590987,272.2558612200544,0.15809457450169712,2.0647611590517063,1.8283588364419796,1.8562649463956031,128.20188598427137,0,1.0,False,False,False,False,True,False,True,True,True,True,False,0.9352388409482937,False,False,68.0,68.0,68.0,14.0,68.0,53.150000000000006,0,272.3478323641903,0.9338155791698799,0.0,e1_tracking_single_obstacle,M7,17,0.8,0.3
False,14.8,-0.1933284927984199,0.38604276583928576,True,94.06341708383277,0.12936867472154664,0.2002204261572373,273.2254373626437,0.14907987013759236,2.052271991459984,1.808106599350753,1.835958373589296,127.6465093981826,0,1.0,False,False,False,False,True,False,True,True,True,True,False,0.9477280085400159,False,False,68.0,68.0,68.0,13.9,68.0,53.25,0,273.3614280448383,0.9464362570426809,0.0,e1_tracking_single_obstacle,M7,18,0.8,0.3
False,14.8,-0.21141926473320882,0.3820327517077583,True,94.30804560977695,0.13953349294520082,0.20009796718099437,272.32717616438106,0.16006160229860442,2.0681199521690123,1.8331488078763405,1.8617752492823343,128.05928425660636,0,1.0,False,False,False,False,True,False,True,True,True,True,False,0.9318800478309877,False,False,68.0,68.0,68.0,13.950000000000001,68.0,53.25,0,272.2854343888474,0.9300308982348685,0.0,e1_tracking_single_obstacle,M7,19,0.8,0.3
False,14.850000000000001,-0.18057107028098218,0.3851481100020533,True,94.44193098954541,0.1229145516765855,0.20034288513348028,272.23006299973594,0.15795676512190357,2.0643902932232083,1.8278514001105428,1.8556725139519517,128.1922415572567,0,1.0,False,False,False,False,True,False,True,True,True,True,False,0.9356097067767917,False,False,68.0,68.0,68.0,13.950000000000001,68.0,53.2,0,272.3221120017193,0.9342465850586029,0.0,e1_tracking_single_obstacle,M7,20,0.8,0.3
False,14.9,-0.16320136250682504,0.3855149174384947,True,94.33262325254368,0.11928136522211974,0.20156747489590987,272.32918487681366,0.15983092809668317,2.0677822841230014,1.832659281799779,1.8612151827409227,128.14927631465966,0,1.0,False,False,False,False,True,False,True,True,True,True,False,0.9322177158769986,False,False,68.0,68.0,68.0,14.0,68.0,53.150000000000006,0,272.300459394126,0.9304008821109104,0.0,e1_tracking_single_obstacle,M7,21,0.8,0.3
False,14.850000000000001,-0.23359581027717957,0.3919592221521196,True,94.17071309672461,0.12116750525699313,0.2014450159196669,272.34288206062155,0.1593853195596098,2.0672192637621243,1.8318245605617565,1.860267610235661,128.02597836734662,0,1.0,False,False,False,False,True,False,True,True,True,True,False,0.9327807362378757,False,False,68.0,68.0,68.0,13.950000000000001,68.0,53.2,0,272.3511513475121,0.9310116371796835,0.0,e1_tracking_single_obstacle,M7,22,0.8,0.3
False,14.8,-0.2770069302749325,0.3805519111493853,True,94.01196992256233,0.1289623982481776,0.19985304922850844,272.27104767440636,0.16012686419732106,2.067787374063906,1.8327511667057939,1.8612868935812619,127.60477883955735,0,1.0,False,False,False,False,True,False,True,True,True,True,False,0.9322126259360939,False,False,68.0,68.0,68.0,13.9,68.0,53.25,0,272.2009823541565,0.9304508796975955,0.0,e1_tracking_single_obstacle,M7,23,0.8,0.3
False,14.8,-0.2167526037314076,0.3912551569780013,True,94.20981276692778,0.12565209062667176,0.20046534410972325,272.32759094645075,0.1592412887906229,2.0668915431393047,1.8313717569625714,1.859740686695206,127.8460856682077,0,1.0,False,False,False,False,True,False,True,True,True,True,False,0.9331084568606953,False,False,68.0,68.0,68.0,13.950000000000001,68.0,53.25,0,272.33869918959726,0.9313868060401426,0.0,e1_tracking_single_obstacle,M7,24,0.8,0.3
False,14.8,-0.2156431547004195,0.3833386194121602,True,94.14034696019152,0.12483608005546305,0.19985304922850844,272.29791336933,0.15872503655491943,2.0659280052224043,1.830011812085231,1.8581703115257764,127.75276009654681,0,1.0,False,False,False,False,True,False,True,True,True,True,False,0.9340719947775957,False,False,68.0,68.0,68.0,13.9,68.0,53.25,0,272.33970909855077,0.9324804366375201,0.0,e1_tracking_single_obstacle,M7,25,0.8,0.3
False,14.8,-0.2327458326016839,0.38183780758597924,True,94.2723185451722,0.13754849031031222,0.1999755082047514,272.10234787966766,0.16205933162485198,2.0698090556510924,1.8358221672004187,1.8647411307511093,128.01237168510625,0,1.0,False,False,False,False,True,False,True,True,True,True,False,0.9301909443489076,False,False,68.0,68.0,68.0,13.950000000000001,68.0,53.25,0,271.95338990220966,0.9283977233536072,0.0,e1_tracking_single_obstacle,M7,26,0.8,0.3
False,14.8,-0.2303122276068965,0.3811880885605608,True,94.09940428102526,0.12825037563034516,0.1999755082047514,272.30313094668776,0.16053770597154948,2.068681525752315,1.8339885901792286,1.8627258721477034,127.96188388345459,0,1.0,False,False,False,False,True,False,True,True,True,True,False,0.9313184742476852,False,False,68.0,68.0,68.0,13.9,68.0,53.25,0,272.23199011528936,0.9294376489853221,0.0,e1_tracking_single_obstacle,M7,27,0.8,0.3
False,14.850000000000001,-0.191534436928672,0.3830685136818875,True,94.29478137945327,0.1321439862651572,0.2002204261572373,272.33762832312783,0.15967535843322592,2.0676117365263527,1.8324005940428387,1.8609237724376215,128.0377577002681,0,1.0,False,False,False,False,True,False,True,True,True,True,False,0.9323882634736473,False,False,68.0,68.0,68.0,13.950000000000001,68.0,53.2,0,272.32254757994224,0.9305815874099289,0.0,e1_tracking_single_obstacle,M7,28,0.8,0.3
False,14.8,-0.17902377957108795,0.3841188697316997,True,94.35065527142531,0.13563337380695556,0.2002204261572373,272.28428901019623,0.16048606052339032,2.0684531622882205,1.8336879820782086,1.86236996070394,128.02733249738918,0,1.0,False,False,False,False,True,False,True,True,True,True,False,0.9315468377117795,False,False,68.0,68.0,68.0,13.950000000000001,68.0,53.25,0,272.2069701621093,0.9297074181454593,0.0,e1_tracking_single_obstacle,M7,29,0.8,0.3
False,14.850000000000001,-0.19329166650060936,0.388671486546191,True,94.32476081076516,0.12119559211103031,0.20071026206220915,272.3252432129293,0.15995768308198588,2.067945687335927,1.8329005496549238,1.861489509930896,128.1149244535564,0,1.0,False,False,False,False,True,False,True,True,True,True,False,0.9320543126640728,False,False,68.0,68.0,68.0,13.950000000000001,68.0,53.2,0,272.2876281553583,0.9302252311655477,0.0,e1_tracking_single_obstacle,M7,30,0.8,0.3
False,14.75,-0.2346604262919828,0.3815553262292231,True,93.95100677143516,0.13455228272311856,0.19924075434729366,272.33070871688983,0.15985601434087782,2.067832101579453,1.8327289416966759,1.8612958965874862,127.71341709643832,0,1.0,False,False,False,False,True,False,True,True,True,True,False,0.932167898420547,False,False,68.0,68.0,68.0,13.9,68.0,53.300000000000004,0,272.30133095255354,0.9303445797984464,0.0,e1_tracking_single_obstacle,M7,31,0.8,0.3
False,14.850000000000001,-0.13951364525588061,0.3791613892234905,True,94.16276297142319,0.11702078594805923,0.2014450159196669,272.19067799956287,0.16124581467211438,2.0689818894217726,1.8345652227328597,1.8633295341886922,127.92993501269719,0,1.0,False,False,False,False,True,False,True,True,True,True,False,0.9310181105782274,False,False,68.0,68.0,68.0,13.950000000000001,68.0,53.2,0,272.0646433181791,0.9292240966154435,0.0,e1_tracking_single_obstacle,M7,32,0.8,0.3
False,14.850000000000001,-0.1647044364010316,0.3866640321696288,True,94.30395244564767,0.13216770707486555,0.20046534410972325,272.263231800558,0.15830269089360893,2.0650885615808723,1.8288327488853358,1.8568067247234608,127.57167414738157,0,1.0,False,False,False,False,True,False,True,True,True,True,False,0.9349114384191277,False,False,68.0,68.0,68.0,13.950000000000001,68.0,53.2,0,272.33148020922295,0.9334418911334851,0.0,e1_tracking_single_obstacle,M7,33,0.8,0.3
False,14.75,-0.2040111257835432,0.3882831193095894,True,93.9714923326318,0.1297872740892799,0.19948567229977957,272.331913955604,0.15908981995696445,2.066704068698174,1.8310924490815934,1.8594242318175067,127.4583469642682,0,1.0,False,False,False,False,True,False,True,True,True,True,False,0.9332959313018261,False,False,68.0,68.0,68.0,13.9,68.0,53.300000000000004,0,272.3588169396302,0.9315922103107539,0.0,e1_tracking_single_obstacle,M7,34,0.8,0.3
False,14.850000000000001,-0.21615849467347692,0.3830361402454258,True,94.31931475783472,0.13364575246203886,0.20046534410972325,272.2689932878549,0.15818335690286922,2.0649752886867376,1.8286544984704312,1.8566089340472924,127.89821132265845,0,1.0,False,False,False,False,True,False,True,True,True,True,False,0.9350247113132624,False,False,68.0,68.0,68.0,13.950000000000001,68.0,53.2,0,272.3583015214283,0.9335674220518329,0.0,e1_tracking_single_obstacle,M7,35,0.8,0.3
False,14.850000000000001,-0.1660319147447471,0.38564337300269286,True,94.17501173150052,0.12326958551427933,0.20107763899093803,272.3413239677147,0.15968094668465763,2.0676483858125927,1.832448136566037,1.8609803893253625,128.05820641365224,0,1.0,False,False,False,False,True,False,True,True,True,True,False,0.9323516141874073,False,False,68.0,68.0,68.0,13.950000000000001,68.0,53.2,0,272.32780738188245,0.9305379475950005,0.0,e1_tracking_single_obstacle,M7,36,0.8,0.3
False,14.9,-0.1903940409113818,0.3985863065832668,True,94.32309468834441,0.12075313901961394,0.20217976977712465,272.1411806427862,0.1575045567204232,2.0631662949936733,1.8261751567318816,1.8537163565666568,127.70159588701124,0,1.0,False,False,False,False,True,False,True,True,True,True,False,0.9368337050063267,False,False,68.0,68.0,68.0,14.0,68.0,53.150000000000006,0,272.2316593062766,0.9356717859705174,0.0,e1_tracking_single_obstacle,M7,37,0.8,0.3
False,14.8,-0.1665377290076837,0.383220391361076,True,93.96105853011906,0.12236450167334706,0.20009796718099437,272.1961300651441,0.15775774661860797,2.0638874639901563,1.8271589895309217,1.8548662208936064,127.25069030940752,0,1.0,False,False,False,False,True,False,True,True,True,True,False,0.9361125360098437,False,False,68.0,68.0,68.0,13.9,68.0,53.25,0,272.2914896821829,0.9348312686631743,0.0,e1_tracking_single_obstacle,M7,38,0.8,0.3
False,14.850000000000001,-0.15717248107094406,0.3841324815018785,True,94.283268388249,0.1226866590005978,0.2009551800146951,272.3036196803399,0.15864842465011034,2.0658640692329935,1.8299089384065745,1.8580568409722562,127.65304720120353,0,1.0,False,False,False,False,True,False,True,True,True,True,False,0.9341359307670065,False,False,68.0,68.0,68.0,13.950000000000001,68.0,53.2,0,272.357847355946,0.9325487001494327,0.0,e1_tracking_single_obstacle,M7,39,0.8,0.3
False,14.850000000000001,-0.2269057756888706,0.38254373079456094,True,94.34432089415415,0.13448356705127854,0.20071026206220915,269.40846279611384,0.1562944249349663,2.04449415977447,1.8016979178763721,1.8613056104360037,127.21031402425123,0,1.0,False,False,False,False,True,False,True,True,True,True,False,0.9555058402255301,False,False,68.0,68.0,68.0,13.950000000000001,68.0,53.2,0,269.3940082874038,0.9530602370165775,0.0,e1_tracking_single_obstacle,M7,10,0.8,0.7
False,14.75,-0.21624333284520791,0.3829822351300008,True,93.87108909404809,0.13427126380172574,0.19960813127602253,269.47372852409126,0.1537708391673339,2.0424743921610893,1.7983039204353164,1.857071176914404,126.62121970468309,0,1.0,False,False,False,False,True,False,True,True,True,True,False,0.9575256078389107,False,False,68.0,68.0,68.0,13.9,68.0,53.300000000000004,0,269.55484397493836,0.9549262207278949,0.0,e1_tracking_single_obstacle,M7,11,0.8,0.7
False,14.8,-0.2265699261521935,0.38372667941250904,True,94.04102077033873,0.12360582538885989,0.20034288513348028,269.6065536430549,0.154262585350913,2.0440295371934707,1.800431700363176,1.8601512342243247,127.46350342143505,0,1.0,False,False,False,False,True,False,True,True,True,True,False,0.9559704628065293,False,False,68.0,68.0,68.0,13.950000000000001,68.0,53.25,0,269.7029109041857,0.9532107948031292,0.0,e1_tracking_single_obstacle,M7,12,0.8,0.7
False,14.75,-0.205579625980034,0.38243431299246816,True,93.5774056476455,0.12235461880968983,0.20009796718099437,269.4914958023296,0.15608258616464019,2.0448940110491436,1.8021340706535784,1.862055838721995,126.78299973118685,0,1.0,False,False,False,False,True,False,True,True,True,True,False,0.9551059889508564,False,False,68.0,68.0,68.0,13.850000000000001,68.0,53.300000000000004,0,269.4972126809039,0.9525475219001182,0.0,e1_tracking_single_obstacle,M7,13,0.8,0.7
False,14.850000000000001,-0.3370353016819577,0.38742985158716303,True,94.09179026624959,0.1196405548346095,0.20107763899093803,269.56771541785827,0.1552374095402304,2.044592468743455,1.8014742213164772,1.8613669630817367,127.52159780824218,0,1.0,False,False,False,False,True,False,True,True,True,True,False,0.9554075312565451,False,False,68.0,68.0,68.0,13.950000000000001,68.0,53.2,0,269.6122371125485,0.952733144923084,0.0,e1_tracking_single_obstacle,M7,14,0.8,0.7
False,14.850000000000001,-0.19801642202747183,0.38327080169462036,True,94.36996151392447,0.12484026356459203,0.201200097967181,269.2099544473016,0.1504578373419996,2.038483428414468,1.7920522244414632,1.8489453060525418,127.09621994857642,0,1.0,False,False,False,False,True,False,True,True,True,True,False,0.9615165715855318,False,False,68.0,68.0,68.0,14.0,68.0,53.2,0,269.43100743440584,0.959202296155165,0.0,e1_tracking_single_obstacle,M7,15,0.8,0.7
False,14.8,-0.22243381805507967,0.38251688671455464,True,93.99136424290097,0.12510899247988555,0.20071026206220915,269.60708898722925,0.15517672705271549,2.044865689616262,1.8017974644619823,1.8618881158527274,127.45831298901287,0,1.0,False,False,False,False,True,False,True,True,True,True,False,0.955134310383738,False,False,68.0,68.0,68.0,13.9,68.0,53.25,0,269.66461780030426,0.9524004346588469,0.0,e1_tracking_single_obstacle,M7,16,0.8,0.7
False,14.9,-0.28279980558036577,0.3770133144007276,True,94.65318973398645,0.1259126970371952,0.20168993387215284,269.34745246201766,0.15120358724124702,2.039922013482755,1.794151307522672,1.85181885585224,127.65808352764039,0,1.0,False,False,False,False,True,False,True,True,True,True,False,0.9600779865172449,False,False,68.0,68.0,68.0,14.0,68.0,53.150000000000006,0,269.56501480542954,0.9575894410681042,0.0,e1_tracking_single_obstacle,M7,17,0.8,0.7
False,14.8,-0.19185716174001577,0.3861899169282401,True,93.95146023530629,0.12901848235477875,0.20046534410972325,269.0612293383692,0.1498138862305845,2.036982707943508,1.7899129155601265,1.8459521321689043,126.80799983601689,0,1.0,False,False,False,False,True,False,True,True,True,True,False,0.9630172920564921,False,False,68.0,68.0,68.0,13.9,68.0,53.25,0,269.28274201249116,0.9608438459578562,0.0,e1_tracking_single_obstacle,M7,18,0.8,0.7
False,14.8,-0.21002388051601528,0.38214406954396957,True,94.22606929278507,0.13903597085812677,0.20009796718099437,269.58181926612065,0.15529624292328512,2.0447708139535608,1.8017185371606963,1.861719623025194,127.45158665367883,0,1.0,False,False,False,False,True,False,True,True,True,True,False,0.9552291860464392,False,False,68.0,68.0,68.0,13.950000000000001,68.0,53.25,0,269.6286079549732,0.9525334427591554,0.0,e1_tracking_single_obstacle,M7,19,0.8,0.7
False,14.850000000000001,-0.1792042564956282,0.3853306157374186,True,94.36752899664526,0.12238154325940337,0.2005878030859662,269.3025075924852,0.15101186905907468,2.0394451029689082,1.7934787824763632,1.850868987729676,127.66570714459795,0,1.0,False,False,False,False,True,False,True,True,True,True,False,0.9605548970310918,False,False,68.0,68.0,68.0,13.950000000000001,68.0,53.2,0,269.51883015854656,0.9581142589278318,0.0,e1_tracking_single_obstacle,M7,20,0.8,0.7
False,14.850000000000001,-0.16181862437461303,0.38545930911304893,True,94.25051727340728,0.11888003799492791,0.20156747489590987,269.573926775819,0.15491089918678239,2.0443252148428095,1.8010272107921725,1.8608070777748438,127.5542502651165,0,1.0,False,False,False,False,True,False,True,True,True,True,False,0.9556747851571905,False,False,68.0,68.0,68.0,14.0,68.0,53.2,0,269.6322406801357,0.9529797168428291,0.0,e1_tracking_single_obstacle,M7,21,0.8,0.7
False,14.850000000000001,-0.23224677198515276,0.39207149457814733,True,94.0935627181137,0.1207851943041724,0.20168993387215284,269.57508061501346,0.15397192305920757,2.0435183147766307,1.79968734401189,1.8591228256026084,127.44003354908259,0,1.0,False,False,False,False,True,False,True,True,True,True,False,0.9564816852233693,False,False,68.0,68.0,68.0,13.950000000000001,68.0,53.2,0,269.6769286661371,0.9537540548565033,0.0,e1_tracking_single_obstacle,M7,22,0.8,0.7
False,14.8,-0.27563645269972537,0.38067763256235154,True,93.93081386446705,0.12845232679699276,0.1999755082047514,269.5084234631119,0.1552016063864513,2.044053237752588,1.8007837006696399,1.860317857155043,126.97937908633055,0,1.0,False,False,False,False,True,False,True,True,True,True,False,0.9559467622474118,False,False,68.0,68.0,68.0,13.9,68.0,53.25,0,269.5393343520128,0.9533513817552316,0.0,e1_tracking_single_obstacle,M7,23,0.8,0.7
False,14.8,-0.2153822138356869,0.3912019065085736,True,94.13055207635954,0.12522011801409902,0.20071026206220915,269.5419333858893,0.15374097349116236,2.0430482932072622,1.7990151087181514,1.8581815902991372,127.2366553006313,0,1.0,False,False,False,False,True,False,True,True,True,True,False,0.9569517067927378,False,False,68.0,68.0,68.0,13.950000000000001,68.0,53.25,0,269.6460546675326,0.9542599582992602,0.0,e1_tracking_single_obstacle,M7,24,0.8,0.7
False,14.8,-0.21424801335383292,0.38349255659428483,True,94.0613387144915,0.1244012678681233,0.2002204261572373,269.4639353304499,0.15266593814131768,2.041625383316497,1.7968409321282444,1.8552867043944516,127.14775345284096,0,1.0,False,False,False,False,True,False,True,True,True,True,False,0.958374616683503,False,False,68.0,68.0,68.0,13.9,68.0,53.25,0,269.61084421404735,0.9557476434970182,0.0,e1_tracking_single_obstacle,M7,25,0.8,0.7
False,14.8,-0.2313049150429356,0.3819630398216154,True,94.19160539343149,0.13721944476230458,0.20009796718099437,269.40599740659803,0.15751850541020007,2.046489659742652,1.8045781612277918,1.8652652380636057,127.38466315687933,0,1.0,False,False,False,False,True,False,True,True,True,True,False,0.9535103402573482,False,False,68.0,68.0,68.0,13.950000000000001,68.0,53.25,0,269.3959086481981,0.950995285339097,0.0,e1_tracking_single_obstacle,M7,26,0.8,0.7
False,14.8,-0.22892006100441376,0.38131685471435167,True,94.0124927868643,0.12779648908983393,0.20009796718099437,269.5486873117142,0.1563259722717882,2.0456634527847304,1.8031818226235063,1.8635738311244028,127.33596398178724,0,1.0,False,False,False,False,True,False,True,True,True,True,False,0.9543365472152696,False,False,68.0,68.0,68.0,13.9,68.0,53.25,0,269.56287705141324,0.95169921609571,0.0,e1_tracking_single_obstacle,M7,27,0.8,0.7
False,14.8,-0.1901791204310448,0.3832272156321033,True,94.215350315222,0.13167555475604478,0.2005878030859662,269.58156195456877,0.15454918813912397,2.0440592446127446,1.800568493568424,1.8602451490575709,127.44907222519078,0,1.0,False,False,False,False,True,False,True,True,True,True,False,0.9559407553872554,False,False,68.0,68.0,68.0,13.950000000000001,68.0,53.25,0,269.65699781179006,0.9532237247185017,0.0,e1_tracking_single_obstacle,M7,28,0.8,0.7
False,14.8,-0.17766547641341313,0.38432728254622833,True,94.25111155777452,0.13507675424675478,0.20034288513348028,269.4490817104758,0.15693152271882435,2.0457337897633234,1.8034585761538497,1.863770038915262,127.34255137002789,0,1.0,False,False,False,False,True,False,True,True,True,True,False,0.9542662102366766,False,False,68.0,68.0,68.0,13.950000000000001,68.0,53.25,0,269.43924930346884,0.9517481284823982,0.0,e1_tracking_single_obstacle,M7,29,0.8,0.7
False,14.850000000000001,-0.19182034157897032,0.38859940520067937,True,94.24158610441056,0.12083317023981878,0.20107763899093803,269.5725194508027,0.1551662568482964,2.0445616802997026,1.801411455833727,1.8612981162331335,127.52929886526752,0,1.0,False,False,False,False,True,False,True,True,True,True,False,0.9554383197002974,False,False,68.0,68.0,68.0,13.950000000000001,68.0,53.2,0,269.6208904550309,0.9527541985039769,0.0,e1_tracking_single_obstacle,M7,30,0.8,0.7
False,14.75,-0.23329740102799024,0.3816621302700998,True,93.86936895252887,0.13404051754439525,0.19948567229977957,269.5777095399144,0.1549251098297143,2.044371053975251,1.801089721577223,1.8608977112379606,127.11429224677693,0,1.0,False,False,False,False,True,False,True,True,True,True,False,0.9556289460247491,False,False,68.0,68.0,68.0,13.9,68.0,53.300000000000004,0,269.6365278162333,0.9529289876259113,0.0,e1_tracking_single_obstacle,M7,31,0.8,0.7
False,14.850000000000001,-0.13837278268111997,0.37930418914220615,True,94.04339425586787,0.11656765076531724,0.20181239284839578,269.17542621465424,0.157913188394121,2.046745598939529,1.8049325923003243,1.8655978638362944,127.0042714173413,0,1.0,False,False,False,False,True,False,True,True,True,True,False,0.9532544010604709,False,False,68.0,68.0,68.0,13.950000000000001,68.0,53.2,0,269.184992318228,0.9507661890331369,0.0,e1_tracking_single_obstacle,M7,32,0.8,0.7
False,14.850000000000001,-0.16331824675556095,0.38690333528606724,True,94.22540397206663,0.13162741000962255,0.2005878030859662,269.3787569376789,0.15176066300403918,2.0403912931177355,1.7949549373225977,1.852784381483153,126.98486411983617,0,1.0,False,False,False,False,True,False,True,True,True,True,False,0.9596087068822645,False,False,68.0,68.0,68.0,13.950000000000001,68.0,53.2,0,269.5641808914789,0.9570677590316865,0.0,e1_tracking_single_obstacle,M7,33,0.8,0.7
False,14.75,-0.20263266692956972,0.3884293904364806,True,93.89300971008551,0.1293919339236355,0.19960813127602253,269.54070836344096,0.15339044699658705,2.0427802881596064,1.7985537559527676,1.857618122520565,126.87030450703111,0,1.0,False,False,False,False,True,False,True,True,True,True,False,0.9572197118403936,False,False,68.0,68.0,68.0,13.9,68.0,53.300000000000004,0,269.6653025580464,0.9545179670318572,0.0,e1_tracking_single_obstacle,M7,34,0.8,0.7
False,14.8,-0.2147121040305876,0.3831429405907898,True,94.24596815105768,0.13350464282059127,0.2005878030859662,269.38279812890727,0.1514748551847893,2.040330414640047,1.7947688564317636,1.8526402046672303,127.38411010441968,0,1.0,False,False,False,False,True,False,True,True,True,True,False,0.9596695853599528,False,False,68.0,68.0,68.0,13.950000000000001,68.0,53.25,0,269.59241552435094,0.9571342010403271,0.0,e1_tracking_single_obstacle,M7,35,0.8,0.7
False,14.850000000000001,-0.16474911515069335,0.38581491573083043,True,94.09612318113702,0.1229001993994344,0.20107763899093803,269.58795758924094,0.15454331260844598,2.0441092674373227,1.8006293699393379,1.8603413720998703,127.46666283071488,0,1.0,False,False,False,False,True,False,True,True,True,True,False,0.9558907325626773,False,False,68.0,68.0,68.0,13.950000000000001,68.0,53.2,0,269.665519675296,0.9531647259698317,0.0,e1_tracking_single_obstacle,M7,36,0.8,0.7
False,14.9,-0.1889639111469511,0.3987926577230716,True,94.25939788833591,0.12044118038438831,0.20230222875336762,269.1147467552548,0.15006284598388855,2.037526203430336,1.7906938880255423,1.847038940014256,127.19003835505559,0,1.0,False,False,False,False,True,False,True,True,True,True,False,0.9624737965696641,False,False,68.0,68.0,68.0,14.0,68.0,53.150000000000006,0,269.3301105713665,0.9602647105305434,0.0,e1_tracking_single_obstacle,M7,37,0.8,0.7
False,14.8,-0.1651157407157139,0.38342176374913894,True,93.89447407259487,0.12203498251241206,0.20046534410972325,269.216508033409,0.15048996370076573,2.038549477688447,1.7921479262635058,1.8490770098182412,126.73923831463593,0,1.0,False,False,False,False,True,False,True,True,True,True,False,0.9614505223115528,False,False,68.0,68.0,68.0,13.9,68.0,53.25,0,269.4377770214966,0.9591279104171876,0.0,e1_tracking_single_obstacle,M7,38,0.8,0.7
False,14.850000000000001,-0.15583156780451324,0.3843642725534302,True,94.20407771193139,0.12231039078664165,0.20107763899093803,269.46891519199716,0.1525043877347264,2.0415778827276623,1.796722058484294,1.8551763056321848,127.06204557752947,0,1.0,False,False,False,False,True,False,True,True,True,True,False,0.9584221172723377,False,False,68.0,68.0,68.0,13.950000000000001,68.0,53.2,0,269.62947390723525,0.9557861148566402,0.0,e1_tracking_single_obstacle,M7,39,0.8,0.7
False,14.850000000000001,-0.22588298796589112,0.38263229960548034,True,94.32965517346285,0.13409499223242002,0.20107763899093803,267.16716661569075,0.15259607339414874,2.0255457459258848,1.7759940395200926,1.8504235177923214,126.95705385989564,0,1.0,False,False,False,False,True,False,True,True,True,True,False,0.9744542540741152,False,False,68.0,68.0,68.0,13.950000000000001,68.0,53.2,0,267.2901934531151,0.9711892778887318,0.0,e1_tracking_single_obstacle,M7,10,0.8,1.0
False,14.75,-0.21524090186073297,0.3830652077156612,True,93.85301289439226,0.13385383968827622,0.1997305902522655,267.1876270572273,0.1504237924435227,2.023599462963685,1.7727612088047164,1.8458784584813477,126.36341545655117,0,1.0,False,False,False,False,True,False,True,True,True,True,False,0.9764005370363149,False,False,68.0,68.0,68.0,13.9,68.0,53.300000000000004,0,267.3625576873437,0.9729438485510271,0.0,e1_tracking_single_obstacle,M7,11,0.8,1.0
False,14.8,-0.22553545367378203,0.3838087749888638,True,94.02432333509665,0.12340161998924765,0.2005878030859662,267.38343501611007,0.15100802994088078,2.0256991397359383,1.7756370825403367,1.8508051542770538,127.23363448552493,0,1.0,False,False,False,False,True,False,True,True,True,True,False,0.9743008602640617,False,False,68.0,68.0,68.0,13.9,68.0,53.25,0,267.57338927606145,0.9707015574678644,0.0,e1_tracking_single_obstacle,M7,12,0.8,1.0
False,14.75,-0.20466364107960577,0.3825354480150059,True,93.55732714302829,0.12203838113586606,0.2002204261572373,267.2382501644492,0.15276157689330397,2.0263092344768867,1.7770195910308881,1.8522070210378327,126.50139345675215,0,1.0,False,False,False,False,True,False,True,True,True,True,False,0.9736907655231133,False,False,68.0,68.0,68.0,13.850000000000001,68.0,53.300000000000004,0,267.3685586568054,0.9703656307615819,0.0,e1_tracking_single_obstacle,M7,13,0.8,1.0
False,14.8,-0.33933684194766833,0.3876440489212981,True,94.0728862218303,0.11933256338546341,0.20107763899093803,267.2275705973495,0.152950004808021,2.026545428310968,1.7773763296497642,1.8527441852149416,127.2560332558613,0,1.0,False,False,False,False,True,False,True,True,True,True,False,0.9734545716890319,False,False,68.0,68.0,68.0,13.950000000000001,68.0,53.25,0,267.3531946069738,0.9701662965995513,0.0,e1_tracking_single_obstacle,M7,14,0.8,1.0
False,14.850000000000001,-0.1969698011369404,0.383355467840856,True,94.3670706935093,0.12467392546654923,0.20132255694342396,266.74463310390263,0.144472922816907,2.018339609866778,1.7637087662034963,1.8336734883554264,126.94323121464944,0,1.0,False,False,False,False,True,False,True,True,True,True,False,0.9816603901332219,False,False,68.0,68.0,68.0,14.0,68.0,53.2,0,267.1222037871778,0.978167103590327,0.0,e1_tracking_single_obstacle,M7,15,0.8,1.0
False,14.8,-0.22147534633859345,0.38259321944307456,True,93.97042919758916,0.12486544555419148,0.2009551800146951,267.3786320539374,0.15217400013271667,2.0266657021270182,1.7772794186710155,1.8530709067432698,127.19098518662318,0,1.0,False,False,False,False,True,False,True,True,True,True,False,0.9733342978729818,False,False,68.0,68.0,68.0,13.9,68.0,53.25,0,267.53558390535227,0.9698376815691327,0.0,e1_tracking_single_obstacle,M7,16,0.8,1.0
False,14.9,-0.28173954240809784,0.3771356163831027,True,94.64332861146806,0.12569335571535298,0.20181239284839578,266.99088207490774,0.14599583556630202,2.020439571184945,1.7670167973042419,1.8385070186141346,127.45860463485184,0,1.0,False,False,False,False,True,False,True,True,True,True,False,0.9795604288150548,False,False,68.0,68.0,68.0,14.0,68.0,53.150000000000006,0,267.3526952949967,0.97589468229001,0.0,e1_tracking_single_obstacle,M7,17,0.8,1.0
False,14.8,-0.19076058609559876,0.3863136556699294,True,93.95189967808447,0.1288058164611631,0.2005878030859662,266.54116600208226,0.1436016658264702,2.0165963956922597,1.7611242242272886,1.8296165507707052,126.66479182805706,0,1.0,False,False,False,False,True,False,True,True,True,True,False,0.9834036043077403,False,False,68.0,68.0,68.0,13.9,68.0,53.25,0,266.9142469093695,0.9800329674745353,0.0,e1_tracking_single_obstacle,M7,18,0.8,1.0
False,14.8,-0.20898400944617945,0.3822273939198268,True,94.20322763170148,0.13866922126280457,0.2002204261572373,267.33773509022575,0.1523517030561974,2.026530892579044,1.7771689678043643,1.852751273809759,127.17565432992461,0,1.0,False,False,False,False,True,False,True,True,True,True,False,0.9734691074209558,False,False,68.0,68.0,68.0,13.950000000000001,68.0,53.25,0,267.485304430967,0.9700261167202577,0.0,e1_tracking_single_obstacle,M7,19,0.8,1.0
False,14.8,-0.17818561089678675,0.3854672353530404,True,94.35253156451972,0.12188231197017867,0.2009551800146951,266.9475050141604,0.14599578007764388,2.020004310856647,1.7664681261065023,1.8374681889196203,127.48124528943,0,1.0,False,False,False,False,True,False,True,True,True,True,False,0.9799956891433532,False,False,68.0,68.0,68.0,13.950000000000001,68.0,53.25,0,267.3014697585253,0.9763505326311096,0.0,e1_tracking_single_obstacle,M7,20,0.8,1.0
False,14.850000000000001,-0.16078811931018933,0.38541835767953186,True,94.22792508541347,0.11858260736725261,0.20156747489590987,267.32476073832555,0.15199253847563288,2.0260415964430067,1.7764243232252512,1.8516112375934597,127.2877684125989,0,1.0,False,False,False,False,True,False,True,True,True,True,False,0.9739584035569933,False,False,68.0,68.0,68.0,14.0,68.0,53.2,0,267.4772885868004,0.9705027084131126,0.0,e1_tracking_single_obstacle,M7,21,0.8,1.0
False,14.850000000000001,-0.23124164051223517,0.39215560208019634,True,94.07583475250794,0.12050740064536641,0.20168993387215284,267.334859078956,0.15075000138290173,2.025097309075188,1.7747798199258482,1.8493924135946018,127.18899094034323,0,1.0,False,False,False,False,True,False,True,True,True,True,False,0.9749026909248122,False,False,68.0,68.0,68.0,13.950000000000001,68.0,53.2,0,267.52506676188733,0.971327867856339,0.0,e1_tracking_single_obstacle,M7,22,0.8,1.0
False,14.8,-0.27461530971402726,0.3807716452761093,True,93.91209292044876,0.12808191756971024,0.20034288513348028,267.2409776091621,0.15206692905079208,2.025442427561028,1.775689048034102,1.8502062883013028,126.70636448370946,0,1.0,False,False,False,False,True,False,True,True,True,True,False,0.9745575724389721,False,False,68.0,68.0,68.0,13.9,68.0,53.25,0,267.37964003300067,0.9711914305454787,0.0,e1_tracking_single_obstacle,M7,23,0.8,1.0
False,14.8,-0.2143612570957748,0.3911629052715648,True,94.11224943199157,0.12490188592547286,0.20071026206220915,267.2865796510316,0.150486404267806,2.0245018192036013,1.7739278483975394,1.8479936393343677,126.97386876578494,0,1.0,False,False,False,False,True,False,True,True,True,True,False,0.9754981807963987,False,False,68.0,68.0,68.0,13.950000000000001,68.0,53.25,0,267.4774679732335,0.9719469367333984,0.0,e1_tracking_single_obstacle,M7,24,0.8,1.0
False,14.8,-0.21320844745508516,0.3836076678806572,True,94.04484705567047,0.1240904623765349,0.20034288513348028,267.1803582749141,0.1488516190362694,2.022706729718407,1.7710342339318603,1.843763115673242,126.8979594039653,0,1.0,False,False,False,False,True,False,True,True,True,True,False,0.9772932702815931,False,False,68.0,68.0,68.0,13.9,68.0,53.25,0,267.4222152268977,0.9736815206811194,0.0,e1_tracking_single_obstacle,M7,25,0.8,1.0
False,14.8,-0.23023128254233727,0.38205701497944944,True,94.16667444045846,0.13697938734007897,0.2002204261572373,267.146361248803,0.15356871693178914,2.0281381895276493,1.7795081378558442,1.856177581531728,127.07278528560812,0,1.0,False,False,False,False,True,False,True,True,True,True,False,0.9718618104723507,False,False,68.0,68.0,68.0,13.9,68.0,53.25,0,267.3016319181841,0.9685116422236553,0.0,e1_tracking_single_obstacle,M7,26,0.8,1.0
False,14.8,-0.22788256151733988,0.38141318377267236,True,93.97862053202954,0.12743404169256992,0.20009796718099437,267.247578059505,0.15344397975855548,2.0277261206339787,1.7790135792827253,1.8554201009998565,127.00499508249358,0,1.0,False,False,False,False,True,False,True,True,True,True,False,0.9722738793660213,False,False,68.0,68.0,68.0,13.9,68.0,53.25,0,267.38523164739394,0.9689335659390909,0.0,e1_tracking_single_obstacle,M7,27,0.8,1.0
False,14.8,-0.18916923952907516,0.38334963699505925,True,94.19553447703237,0.13133357331452405,0.2005878030859662,267.3407004728923,0.15149686800876552,2.0257161873378604,1.775836193952133,1.8508495679231303,127.19239335403881,0,1.0,False,False,False,False,True,False,True,True,True,True,False,0.9742838126621396,False,False,68.0,68.0,68.0,13.950000000000001,68.0,53.25,0,267.5081052759851,0.9707711298064899,0.0,e1_tracking_single_obstacle,M7,28,0.8,1.0
False,14.8,-0.17665326617872712,0.3844831240480979,True,94.2128238243002,0.13452070410409608,0.20046534410972325,267.0685769591169,0.15312059488834107,2.0259786097742043,1.77668188095929,1.8513272394914595,126.8104601952968,0,1.0,False,False,False,False,True,False,True,True,True,True,False,0.9740213902257957,False,False,68.0,68.0,68.0,13.950000000000001,68.0,53.25,0,267.1907650906411,0.9708258070152834,0.0,e1_tracking_single_obstacle,M7,29,0.8,1.0
False,14.850000000000001,-0.19073982476835927,0.3885460839943759,True,94.21484936555942,0.12055952395787403,0.201200097967181,267.2991944223476,0.1525117743041042,2.026422678618402,1.7770845302784326,1.8524924691179847,127.24939319595998,0,1.0,False,False,False,False,True,False,True,True,True,True,False,0.9735773213815979,False,False,68.0,68.0,68.0,13.950000000000001,68.0,53.2,0,267.43790702528463,0.9701899314538971,0.0,e1_tracking_single_obstacle,M7,30,0.8,1.0
False,14.75,-0.23228183094345245,0.381742110427725,True,93.84748310073391,0.1336654996646075,0.19960813127602253,267.3316050525985,0.1519631517209021,2.0260681563579928,1.776447794563093,1.8516736801823845,126.84696965471444,0,1.0,False,False,False,False,True,False,True,True,True,True,False,0.9739318436420072,False,False,68.0,68.0,68.0,13.9,68.0,53.300000000000004,0,267.4858421508064,0.9704668601157783,0.0,e1_tracking_single_obstacle,M7,31,0.8,1.0
False,14.850000000000001,-0.13752305065440962,0.379410965993908,True,94.06961349877774,0.11618138829914443,0.20181239284839578,266.4196069530029,0.14301096003805355,2.015656986871678,1.7596706970497509,1.8274621319243056,126.8609126113507,0,1.0,False,False,False,False,True,False,True,True,True,True,False,0.984343013128322,False,False,68.0,68.0,68.0,13.950000000000001,68.0,53.2,0,266.7785101202945,0.9810885050978306,0.0,e1_tracking_single_obstacle,M7,32,0.8,1.0
False,14.8,-0.16228529684640003,0.3870838195307284,True,94.21029490261076,0.13123484297362983,0.2005878030859662,267.05572840762704,0.14728407625052622,2.0211069546561835,1.7683913894668561,1.8400116228388324,126.75625588253455,0,1.0,False,False,False,False,True,False,True,True,True,True,False,0.9788930453438165,False,False,68.0,68.0,68.0,13.950000000000001,68.0,53.25,0,267.35757122760936,0.9752435595856861,0.0,e1_tracking_single_obstacle,M7,33,0.8,1.0
False,14.75,-0.20160543691548372,0.3885449440147039,True,93.87505543553384,0.12910532260471597,0.1997305902522655,267.28825610715745,0.14994533876681018,2.0241934326609323,1.7733345862962269,1.8472632147854748,126.62310057804318,0,1.0,False,False,False,False,True,False,True,True,True,True,False,0.9758065673390677,False,False,68.0,68.0,68.0,13.9,68.0,53.300000000000004,0,267.5011135754341,0.9722002360266402,0.0,e1_tracking_single_obstacle,M7,34,0.8,1.0
False,14.8,-0.21363433813370558,0.38322297195337424,True,94.23124840885242,0.13334144551510102,0.20071026206220915,267.0675802756392,0.14679339403163455,2.021167164523589,1.7682677434312217,1.8401767844632195,127.20082230652471,0,1.0,False,False,False,False,True,False,True,True,True,True,False,0.9788328354764109,False,False,68.0,68.0,68.0,13.950000000000001,68.0,53.25,0,267.40113461640397,0.9751415732249038,0.0,e1_tracking_single_obstacle,M7,35,0.8,1.0
False,14.850000000000001,-0.16379320288923993,0.3859432759261669,True,94.07668050454629,0.12262595802152981,0.20132255694342396,267.35060676935547,0.15147330347893648,2.0257798752531,1.7759084699174803,1.8509985013860095,127.20811500058923,0,1.0,False,False,False,False,True,False,True,True,True,True,False,0.9742201247468998,False,False,68.0,68.0,68.0,13.950000000000001,68.0,53.2,0,267.5203524644689,0.9706952288071569,0.0,e1_tracking_single_obstacle,M7,36,0.8,1.0
False,14.9,-0.18789863323862488,0.39894694415706183,True,94.26155685594955,0.12021852910212395,0.20254714670585353,266.5969007562989,0.1438493848463343,2.0170611353872197,1.7618210306108897,1.8306949622204027,127.05515978734678,0,1.0,False,False,False,False,True,False,True,True,True,True,False,0.9829388646127803,False,False,68.0,68.0,68.0,14.0,68.0,53.150000000000006,0,266.97158665311434,0.9795330345308357,0.0,e1_tracking_single_obstacle,M7,37,0.8,1.0
False,14.8,-0.16405592320864992,0.3835824620645482,True,93.89156845359786,0.12179553908085342,0.20046534410972325,266.7540476798464,0.14452233918243704,2.0184170402870527,1.7638282659087021,1.8338517364813247,126.58951863088603,0,1.0,False,False,False,False,True,False,True,True,True,True,False,0.9815829597129473,False,False,68.0,68.0,68.0,13.9,68.0,53.25,0,267.1318642491494,0.9780821108629979,0.0,e1_tracking_single_obstacle,M7,38,0.8,1.0
False,14.850000000000001,-0.15483212289449755,0.3845387616053071,True,94.18665506968337,0.12203234361946355,0.20132255694342396,267.18958666226837,0.14860052495556803,2.022696076607548,1.7709232172397926,1.8437382738770973,126.81985966766166,0,1.0,False,False,False,False,True,False,True,True,True,True,False,0.9773039233924519,False,False,68.0,68.0,68.0,13.950000000000001,68.0,53.2,0,267.4464477651459,0.9736582598844444,0.0,e1_tracking_single_obstacle,M7,39,0.8,1.0
False,14.850000000000001,-0.2248657437558188,0.3827207517449869,True,94.37816781250928,0.13371793344563163,0.201200097967181,264.6978625144514,0.14835668376635858,2.0058191930812885,1.7487254065469098,1.8268681430101323,127.00868166579329,0,1.0,False,False,False,False,True,False,True,True,True,True,False,0.9941808069187115,False,False,68.0,68.0,68.0,13.950000000000001,68.0,53.2,0,265.01292571489046,0.989807721151399,0.0,e1_tracking_single_obstacle,M7,10,0.8,1.3
False,14.75,-0.21424408477291168,0.38314880353785924,True,93.90394254311664,0.13343941638012619,0.19985304922850844,264.69815870679093,0.14764229687577812,2.004035721064237,1.7462573284786684,1.8222079961757403,126.44237597623703,0,1.0,False,False,False,False,True,False,True,True,True,True,False,0.9959642789357628,False,False,68.0,68.0,68.0,13.9,68.0,53.300000000000004,0,265.010221326554,0.9915188048238002,0.0,e1_tracking_single_obstacle,M7,11,0.8,1.3
False,14.8,-0.2245065909752565,0.38389074218079056,True,94.06932754790724,0.12320051558781797,0.2005878030859662,264.9784382625933,0.14819430816773402,2.006778841187306,1.7499710995528794,1.8299390598795777,127.29979061444723,0,1.0,False,False,False,False,True,False,True,True,True,True,False,0.9932211588126938,False,False,68.0,68.0,68.0,13.9,68.0,53.25,0,265.30422382678347,0.9886605923451143,0.0,e1_tracking_single_obstacle,M7,12,0.8,1.3
False,14.75,-0.20375289013134779,0.382636408638563,True,93.60008593663667,0.12173859127556363,0.20034288513348028,264.7875079690835,0.14854698398268498,2.006828584317937,1.7500780483446052,1.8296816888154077,126.52336376951018,0,1.0,False,False,False,False,True,False,True,True,True,True,False,0.9931714156820628,False,False,68.0,68.0,68.0,13.850000000000001,68.0,53.300000000000004,0,265.10816660388366,0.9887596326516862,0.0,e1_tracking_single_obstacle,M7,13,0.8,1.3
False,14.8,-0.3416905561787116,0.3878659404602716,True,94.21183525552603,0.11903229013058568,0.20107763899093803,262.37588014442093,0.12304637214446262,1.9846643986562122,1.7083795947166234,1.7832260403708915,127.7157800798541,0,1.0,False,False,False,False,True,False,True,True,True,True,False,1.0153356013437878,False,False,68.0,68.0,68.0,13.950000000000001,68.0,53.25,0,262.9811143233662,1.010585042694217,0.0,e1_tracking_single_obstacle,M7,14,0.8,1.3
False,14.850000000000001,-0.19592886452694458,0.38344007770860655,True,94.43019313062862,0.1245121467004039,0.2014450159196669,264.10825958711024,0.13828069606452922,1.9974799650822634,1.7339283110802823,1.8055483844266278,127.11752261709285,0,1.0,False,False,False,False,True,False,True,True,True,True,False,1.0025200349177366,False,False,68.0,68.0,68.0,14.0,68.0,53.2,0,264.70780527784575,0.9974486411120208,0.0,e1_tracking_single_obstacle,M7,15,0.8,1.3
False,14.8,-0.2205223182855217,0.38266973637297497,True,94.0095169662327,0.12462712691867574,0.2009551800146951,264.95574514415927,0.1487305741803955,2.007688977524614,1.7512918037962373,1.8322712342673557,127.21127688733603,0,1.0,False,False,False,False,True,False,True,True,True,True,False,0.9923110224753859,False,False,68.0,68.0,68.0,13.9,68.0,53.25,0,265.2759921166711,0.9878301075434237,0.0,e1_tracking_single_obstacle,M7,16,0.8,1.3
False,14.9,-0.28068702980384674,0.3772576154538184,True,94.69638687258187,0.12548049419575788,0.2020573108008817,264.5739438576623,0.14206029908054973,2.000794065821449,1.7398586413001698,1.8139940713677796,127.56451156978767,0,1.0,False,False,False,False,True,False,True,True,True,True,False,0.9992059341785509,False,False,68.0,68.0,68.0,14.0,68.0,53.150000000000006,0,265.08201855332874,0.9941410741975437,0.0,e1_tracking_single_obstacle,M7,17,0.8,1.3
False,14.8,-0.18966992666421778,0.3864384692656413,True,94.02491479864442,0.1286048557275329,0.20071026206220915,263.7932905635946,0.13680103084069178,1.9951709484904,1.730288585732454,1.7993560887756455,126.88511175083337,0,1.0,False,False,False,False,True,False,True,True,True,True,False,1.0048290515096,False,False,68.0,68.0,68.0,13.9,68.0,53.25,0,264.40150304670436,0.9998221881321823,0.0,e1_tracking_single_obstacle,M7,18,0.8,1.3
False,14.8,-0.2079497758662403,0.3823236518616146,True,94.23997656000022,0.1383083069547985,0.20034288513348028,264.8918547789999,0.14870103693547984,2.0074506980435736,1.750955365336167,1.8315201250021944,127.18665845100554,0,1.0,False,False,False,False,True,False,True,True,True,True,False,0.9925493019564264,False,False,68.0,68.0,68.0,13.950000000000001,68.0,53.25,0,265.21174881602155,0.988101244101687,0.0,e1_tracking_single_obstacle,M7,19,0.8,1.3
False,14.8,-0.17717243369091684,0.3856035388583735,True,94.4038294476575,0.11924448407877015,0.2009551800146951,264.18880125500755,0.13938568290334438,1.9976870840707592,1.7347106289404244,1.8057194326512318,127.46290106254222,0,1.0,False,False,False,False,True,False,True,True,True,True,False,1.0023129159292408,False,False,68.0,68.0,68.0,13.950000000000001,68.0,53.25,0,264.77305905204395,0.997193511875349,0.0,e1_tracking_single_obstacle,M7,20,0.8,1.3
False,14.850000000000001,-0.15976315251573214,0.3853780469112738,True,94.26584077469111,0.11828952506023853,0.20181239284839578,264.86701802009077,0.1485942793283004,2.0069519403485896,1.750292533165371,1.8301696217005547,127.30908063712866,0,1.0,False,False,False,False,True,False,True,True,True,True,False,0.9930480596514104,False,False,68.0,68.0,68.0,14.0,68.0,53.2,0,265.18380954680987,0.9886075206170157,0.0,e1_tracking_single_obstacle,M7,21,0.8,1.3
False,14.850000000000001,-0.23024212781866538,0.3922396297556488,True,94.12161115608758,0.1202415240943806,0.20181239284839578,264.9050915265292,0.1480515246846913,2.0060616808541964,1.7490011742144118,1.8279185189092093,127.24389059643732,0,1.0,False,False,False,False,True,False,True,True,True,True,False,0.9939383191458036,False,False,68.0,68.0,68.0,13.950000000000001,68.0,53.2,0,265.22733222281914,0.9894075298880892,0.0,e1_tracking_single_obstacle,M7,22,0.8,1.3
False,14.8,-0.2735998430681761,0.3808654628254384,True,93.9583907458558,0.12772425741329765,0.2005878030859662,264.76657002990595,0.1483960666883849,2.00596567000836,1.7489582627604148,1.8273927754651609,126.74840480496991,0,1.0,False,False,False,False,True,False,True,True,True,True,False,0.9940343299916399,False,False,68.0,68.0,68.0,13.9,68.0,53.25,0,265.0789142712948,0.9896345721185712,0.0,e1_tracking_single_obstacle,M7,23,0.8,1.3
False,14.8,-0.21334594828383135,0.39112456398748396,True,94.15932860555928,0.12458556915968665,0.2009551800146951,264.8381495605004,0.14786005917917008,2.0053288981951907,1.7479944677409476,1.8258695127552924,127.02760739789397,0,1.0,False,False,False,False,True,False,True,True,True,True,False,0.9946711018048093,False,False,68.0,68.0,68.0,13.950000000000001,68.0,53.25,0,265.15807908763827,0.9901604298891131,0.0,e1_tracking_single_obstacle,M7,24,0.8,1.3
False,14.8,-0.21217462249827368,0.3837224919657709,True,94.09632743475736,0.12378458186709411,0.2005878030859662,264.74088472713004,0.14653459454882864,2.00337135222258,1.7449967661398174,1.8205696522064037,126.97748696973834,0,1.0,False,False,False,False,True,False,True,True,True,True,False,0.99662864777742,False,False,68.0,68.0,68.0,13.9,68.0,53.25,0,265.08371476640656,0.9920104189022922,0.0,e1_tracking_single_obstacle,M7,25,0.8,1.3
False,14.8,-0.22916358121715807,0.38215103664701233,True,94.3201404018662,0.1367255551056053,0.2005878030859662,262.2235189850106,0.12273743090696863,1.9834923778611913,1.7067091756304393,1.7798898888601653,127.614827085153,0,1.0,False,False,False,False,True,False,True,True,True,True,False,1.0165076221388087,False,False,68.0,68.0,68.0,13.9,68.0,53.25,0,262.806964794771,1.0118330382324203,0.0,e1_tracking_single_obstacle,M7,26,0.8,1.3
False,14.8,-0.22685066439361123,0.381509306726741,True,94.06641094838362,0.12691966464929677,0.20046534410972325,263.7976589955358,0.1366922510237393,1.9953213834498171,1.7304249786353145,1.7998612209044296,127.13966287032224,0,1.0,False,False,False,False,True,False,True,True,True,True,False,1.0046786165501829,False,False,68.0,68.0,68.0,13.9,68.0,53.25,0,264.4005212356586,0.9996978561367268,0.0,e1_tracking_single_obstacle,M7,27,0.8,1.3
False,14.8,-0.18816495222619822,0.3834717959401159,True,94.23814725126459,0.1309996280799999,0.20071026206220915,264.90076700146534,0.14842489780882384,2.0066454462313956,1.7498670918104384,1.8294361704759876,127.2350789508129,0,1.0,False,False,False,False,True,False,True,True,True,True,False,0.9933545537686044,False,False,68.0,68.0,68.0,13.950000000000001,68.0,53.25,0,265.2180805898373,0.9888744591905205,0.0,e1_tracking_single_obstacle,M7,28,0.8,1.3
False,14.8,-0.17564918862291634,0.38463996919664867,True,94.26560549645602,0.13414403611390227,0.20071026206220915,264.662314806493,0.14830508780505783,2.0060253314459184,1.7489312519923734,1.8273195730521508,126.88613312909021,0,1.0,False,False,False,False,True,False,True,True,True,True,False,0.9939746685540816,False,False,68.0,68.0,68.0,13.950000000000001,68.0,53.25,0,264.98653664493884,0.9895912761088727,0.0,e1_tracking_single_obstacle,M7,29,0.8,1.3
False,14.850000000000001,-0.18966501912957356,0.38849338801032124,True,94.24939527741581,0.12023265409442106,0.20132255694342396,264.73432472497603,0.14832517933090492,2.0056238460377918,1.7484961181774419,1.8264366923583806,127.05807934478074,0,1.0,False,False,False,False,True,False,True,True,True,True,False,0.9943761539622082,False,False,68.0,68.0,68.0,13.950000000000001,68.0,53.2,0,265.04429876018975,0.9899938612848763,0.0,e1_tracking_single_obstacle,M7,30,0.8,1.3
False,14.75,-0.23127175977696812,0.3818229508698212,True,93.88699872584176,0.1332872590466499,0.19985304922850844,264.8814311644509,0.14858402122605704,2.006958126412512,1.7503035862937935,1.8302147672520337,126.87340071194265,0,1.0,False,False,False,False,True,False,True,True,True,True,False,0.993041873587488,False,False,68.0,68.0,68.0,13.9,68.0,53.300000000000004,0,265.19820520101166,0.9885920018695077,0.0,e1_tracking_single_obstacle,M7,31,0.8,1.3
False,14.850000000000001,-0.13667831542803888,0.37951747111828066,True,94.13972211990385,0.11593065090290726,0.20181239284839578,263.6583933766977,0.13620591217594885,1.99418843439533,1.7287522438459457,1.7967073717167645,127.05046031858424,0,1.0,False,False,False,False,True,False,True,True,True,True,False,1.00581156560467,False,False,68.0,68.0,68.0,13.950000000000001,68.0,53.2,0,264.26948339815056,1.0008280647245957,0.0,e1_tracking_single_obstacle,M7,32,0.8,1.3
False,14.8,-0.16125800236828003,0.3872647185058045,True,94.26346917519537,0.13085550605092938,0.2009551800146951,264.63300032670963,0.14467586796254148,2.0015983294918493,1.7419880230742752,1.8158038198905633,126.8593972765272,0,1.0,False,False,False,False,True,False,True,True,True,True,False,0.9984016705081507,False,False,68.0,68.0,68.0,13.950000000000001,68.0,53.25,0,265.0290013523788,0.9936112690871536,0.0,e1_tracking_single_obstacle,M7,33,0.8,1.3
False,14.75,-0.2005838434405346,0.3886603220135436,True,93.92222244206758,0.12882526130337352,0.1999755082047514,264.85782320866196,0.14750269044899786,2.005086374011607,1.7475569097456944,1.825276826169576,126.69060676051032,0,1.0,False,False,False,False,True,False,True,True,True,True,False,0.9949136259883931,False,False,68.0,68.0,68.0,13.9,68.0,53.300000000000004,0,265.18690348835827,0.9903435090960069,0.0,e1_tracking_single_obstacle,M7,34,0.8,1.3
False,14.8,-0.21256251369166612,0.38330294731557873,True,94.27801719329688,0.13289960044793456,0.20107763899093803,264.6928830097777,0.14457764452609292,2.002110668129619,1.7426012257140555,1.8172890570015163,127.32916644391508,0,1.0,False,False,False,False,True,False,True,True,True,True,False,0.9978893318703812,False,False,68.0,68.0,68.0,13.950000000000001,68.0,53.25,0,265.10044055852075,0.9930506704659269,0.0,e1_tracking_single_obstacle,M7,35,0.8,1.3
False,14.850000000000001,-0.16284251759082113,0.3860713858014919,True,94.11957198238396,0.12236236627528575,0.20168993387215284,264.9165541664656,0.14842431830182645,2.0067364595461057,1.7499856073697035,1.8297052273813623,127.24917572133938,0,1.0,False,False,False,False,True,False,True,True,True,True,False,0.9932635404538943,False,False,68.0,68.0,68.0,13.950000000000001,68.0,53.2,0,265.2348593983704,0.988772812399072,0.0,e1_tracking_single_obstacle,M7,36,0.8,1.3
False,14.9,-0.1868395445296297,0.39910081885073023,True,94.33343439329565,0.12000660064747981,0.2026696056820965,263.8709966729473,0.1371704902717281,1.9957230825166017,1.7311680337023803,1.8008279634113078,127.26684141228642,0,1.0,False,False,False,False,True,False,True,True,True,True,False,1.0042769174833983,False,False,68.0,68.0,68.0,14.0,68.0,53.150000000000006,0,264.4778890704587,0.999252507834392,0.0,e1_tracking_single_obstacle,M7,37,0.8,1.3
False,14.8,-0.1630017673241415,0.3837546437397909,True,93.95466289595727,0.12156434069367077,0.2005878030859662,264.1228184341258,0.13836906896429801,1.9975763171410865,1.7340925700649803,1.8057954176178228,126.76659860823732,0,1.0,False,False,False,False,True,False,True,True,True,True,False,1.0024236828589135,False,False,68.0,68.0,68.0,13.9,68.0,53.25,0,264.7219173472406,0.9973471583795187,0.0,e1_tracking_single_obstacle,M7,38,0.8,1.3
False,14.850000000000001,-0.15383797507303099,0.3847127912032621,True,94.23613181929007,0.12176595654525167,0.2014450159196669,264.76577564977083,0.1463402563061786,2.0034634264922344,1.7450384906283873,1.8208687195747895,126.90198812444058,0,1.0,False,False,False,False,True,False,True,True,True,True,False,0.9965365735077656,False,False,68.0,68.0,68.0,13.950000000000001,68.0,53.2,0,265.11727255863303,0.9918771862066842,0.0,e1_tracking_single_obstacle,M7,39,0.8,1.3
