success,completion_time,min_obs_distance,min_agent_distance,collisions,control_cost,control_smoothness,input_saturation_ratio,max_angle_gap_deg,radius_variance,mean_radius,current_center_error,predicted_center_error,path_length,stall_steps,convoy_ratio,inside_any,inside_final,gmax_success,radius_success,sigma_success,no_collision,obs_collision,agent_collision,dwell_success,dwell_geom_success,dwell_success_no_collision,radius_error_final,success_geom_final,success_no_collision,gmax_reach_time,time_to_inside,time_to_gmax,time_to_radius,time_to_full_geom,success_hold_time,post_success_violation_count,last_10s_gmax_mean,last_10s_radius_error_mean,last_10s_inside_rate,scene,method,seed
True,15.9,1.0919012272513173,0.2921182996666508,False,90.55772408332412,458.800693646977,0.00026001040041601667,72.07283501935262,0.06539504480996672,0.6092990230932328,0.004361194246333317,0.004361194246333317,117.23454437532607,0,0.0,True,True,True,False,True,True,False,False,True,True,True,2.190700976906767,False,True,22.650000000000002,21.85,22.650000000000002,18.8,32.0,16.150000000000002,0,92.29528222773108,2.1593823365322127,0.97,s4_narrow_passage_easy,M4,10
False,15.700000000000001,1.0530878899515104,0.24134363203316903,True,90.18344086100622,448.67752067241565,0.0,72.07098324784145,0.07270356446938304,0.6030617591521703,0.0015306395581935624,0.0015306395581935624,116.55652637471061,0,0.0,True,True,True,False,True,False,False,True,True,True,False,2.1969382408478295,False,False,22.3,22.0,22.3,18.6,32.0,16.35,0,88.2544252258752,2.166197352448817,0.99,s4_narrow_passage_easy,M4,11
True,15.8,1.0879078721158635,0.33491777275126566,False,90.49138296126678,465.7072440298527,0.0,72.58803934530948,0.06545935699742493,0.6092240445122415,0.007681840657290573,0.007681840657290573,116.94032265858328,0,0.0,True,True,True,False,True,True,False,False,True,True,True,2.190775955487758,False,True,23.35,21.75,23.35,18.7,32.0,16.25,0,91.50150527413084,2.1636845089936596,0.98,s4_narrow_passage_easy,M4,12
False,15.3,1.0691965798978122,0.2472762866603251,True,90.37914384920248,392.6856864614859,0.0010400416016640667,72.18312521361715,0.07270948099415338,0.6030457255302865,0.0021915173950773172,0.0021915173950773172,116.00437689615879,0,0.0,True,True,True,False,True,False,False,True,True,True,False,2.1969542744697135,False,False,22.3,21.950000000000003,22.3,18.45,32.0,16.75,0,83.35100539113823,2.1721854961677973,1.0,s4_narrow_passage_easy,M4,13
False,15.450000000000001,0.9946604223900466,0.24912724717779988,True,90.48872880333033,415.59464626775735,0.004420176807072283,72.19626040122581,0.07271060782196197,0.6030404294943278,0.002103799130068301,0.002103799130068301,116.52908450643002,0,0.0,True,True,True,False,True,False,False,True,True,True,False,2.196959570505672,False,False,22.5,21.6,22.5,18.6,32.0,16.6,0,83.91248082222165,2.168027288248023,0.99,s4_narrow_passage_easy,M4,14
True,15.850000000000001,1.1079174124454538,0.3052442192246653,False,90.98834838305041,465.3861081985513,0.00026001040041601667,72.0851617520954,0.07248856481974512,0.6032323035304238,0.0019863753909016126,0.0019863753909016126,117.36932970868023,0,0.0,True,True,True,False,True,True,False,False,True,True,True,2.196767696469576,False,True,22.5,21.950000000000003,22.5,18.7,32.0,16.2,0,91.49326187590144,2.162319296350408,0.975,s4_narrow_passage_easy,M4,15
False,15.700000000000001,1.0626713254479672,0.25682692281941527,True,90.55748817708407,460.5084920045279,0.0,72.04852196388558,0.07256579379172728,0.603174820318447,0.001611022448483788,0.001611022448483788,116.98557506349576,0,0.0,True,True,True,False,True,False,False,True,True,True,False,2.1968251796815528,False,False,22.200000000000003,21.700000000000003,22.200000000000003,18.6,32.0,16.35,0,89.72858082617431,2.1661857204853376,0.985,s4_narrow_passage_easy,M4,16
True,15.850000000000001,1.0831216436941276,0.3495843991481953,False,91.15706858037484,460.01085917045896,0.00026001040041601667,72.15739682868251,0.0667429288810823,0.608144193453381,0.005360321570924909,0.005360321570924909,117.42852439946124,0,0.0,True,True,True,False,True,True,False,False,True,True,True,2.1918558065466187,False,True,22.05,21.8,22.05,18.7,32.0,16.2,0,91.20940650373554,2.1620049766914646,0.97,s4_narrow_passage_easy,M4,17
False,15.8,1.1024610535922101,0.258265604605559,True,90.78785901033972,462.87941117322896,0.00078003120124805,72.1116193218394,0.06528314062210405,0.6093830274063842,0.0042871458760159456,0.0042871458760159456,117.14434304238289,0,0.0,True,True,True,False,True,False,False,True,True,True,False,2.1906169725936158,False,False,21.85,21.75,21.85,18.650000000000002,32.0,16.25,0,90.17757215017608,2.164680330919269,0.97,s4_narrow_passage_easy,M4,18
False,15.3,1.0834199974757555,0.24760056985961612,True,90.97719415090857,408.22945640215664,0.0,72.07874378725958,0.06533833788783379,0.6093406869450829,0.00434870690087392,0.00434870690087392,116.65935112295674,0,0.0,True,True,True,False,True,False,False,True,True,True,False,2.190659313054917,False,False,22.400000000000002,21.900000000000002,22.400000000000002,18.45,32.0,16.75,0,85.33886745525321,2.171010966951042,1.0,s4_narrow_passage_easy,M4,19
False,15.75,1.0913568636441227,0.24182902777811036,True,90.76206343216744,458.936221457492,0.0,72.0882292702962,0.06529001308272743,0.6093797422563334,0.00442122672027379,0.00442122672027379,117.12273723908453,0,0.0,True,True,True,False,True,False,False,True,True,True,False,2.1906202577436664,False,False,22.35,22.05,22.35,18.650000000000002,32.0,16.3,0,89.27767905863278,2.1643195801216923,0.98,s4_narrow_passage_easy,M4,20
False,15.75,0.9573949914226421,0.2410510865293148,True,90.54092747116046,455.8549701800112,0.009100364014560582,72.49538103082105,0.06557496597925606,0.6091307970222327,0.008253058631642737,0.008253058631642737,117.14269817582002,0,0.0,True,True,True,False,True,False,False,True,True,True,False,2.190869202977767,False,False,22.55,22.05,22.55,18.75,32.0,16.3,0,90.46423609524338,2.159735492470826,0.98,s4_narrow_passage_easy,M4,21
False,15.350000000000001,1.0887465633931157,0.24413066557814,True,90.53935350446471,377.7667533088615,0.0005200208008320333,72.48586939965405,0.072628107508466,0.6031051293387794,0.0030195041564701234,0.0030195041564701234,116.11176738723,0,0.0,True,True,True,False,True,False,False,True,True,True,False,2.1968948706612204,False,False,22.35,22.05,22.35,18.5,32.0,16.7,0,84.48657336195461,2.1701187459959614,1.0,s4_narrow_passage_easy,M4,22
False,15.700000000000001,1.1026758640319287,0.2414982218397222,True,90.7994198267603,459.458078826018,0.0,72.05727277881341,0.0653566477483956,0.6093215812669085,0.004444972788821699,0.004444972788821699,117.05719604739002,0,0.0,True,True,True,False,True,False,False,True,True,True,False,2.1906784187330914,False,False,21.950000000000003,21.75,21.950000000000003,18.6,32.0,16.35,0,88.84975041654286,2.1665186430307255,0.985,s4_narrow_passage_easy,M4,23
False,15.700000000000001,1.0812808681956234,0.27347638906250926,True,90.76970045628076,467.1471989688501,0.00026001040041601667,72.10253163423486,0.07252364715894061,0.6032043611972614,0.0017358460556855025,0.0017358460556855025,117.07907414769855,0,0.0,True,True,True,False,True,False,False,True,True,True,False,2.1967956388027385,False,False,22.5,21.700000000000003,22.5,18.6,32.0,16.35,0,90.13639770455399,2.1663230815826844,0.98,s4_narrow_passage_easy,M4,24
True,15.75,1.0384330518410172,0.3463019010554868,False,90.76801958809205,466.3896622790675,0.004940197607904316,72.35352703296755,0.06534070116983941,0.6093371130153408,0.004696270538847873,0.004696270538847873,117.10692370835909,0,0.0,True,True,True,False,True,True,False,False,True,True,True,2.190662886984659,False,True,22.0,21.700000000000003,22.0,18.650000000000002,32.0,16.3,0,90.90796111474738,2.1642421294442498,0.975,s4_narrow_passage_easy,M4,25
False,15.700000000000001,1.1024387128071456,0.2503971426858898,True,90.96982430148815,459.1952704010506,0.0015600624024961,72.07354626914298,0.06531800387385733,0.6093550922565857,0.0047271113262807845,0.0047271113262807845,117.18824840286385,0,0.0,True,True,True,False,True,False,False,True,True,True,False,2.190644907743414,False,False,22.450000000000003,21.75,22.450000000000003,18.6,32.0,16.35,0,89.24235773985423,2.1661897163748742,0.98,s4_narrow_passage_easy,M4,26
False,15.75,1.092022695471766,0.2704936419339743,True,90.43772442854811,464.11040815292233,0.00078003120124805,72.79531794748075,0.06541280171951348,0.6092645257737589,0.008142289356731872,0.008142289356731872,116.84784706333464,0,0.0,True,True,True,False,True,False,False,True,True,True,False,2.190735474226241,False,False,22.950000000000003,22.150000000000002,22.950000000000003,18.650000000000002,32.0,16.3,0,90.50638596293055,2.165050421615158,0.98,s4_narrow_passage_easy,M4,27
True,15.8,1.0618714825778262,0.35524680402558445,False,90.4455385651022,457.8153416932947,0.0,72.19065440329095,0.06543641662536746,0.6092561395004928,0.007142726512775945,0.007142726512775945,116.9424510530379,0,0.0,True,True,True,False,True,True,False,False,True,True,True,2.190743860499507,False,True,21.85,21.75,21.85,18.7,32.0,16.25,0,90.81362885504198,2.1623946917973167,0.98,s4_narrow_passage_easy,M4,28
False,15.5,1.0298246897262553,0.2492084167361827,True,90.29327936497047,362.60222586347675,0.0018200728029121164,72.17857957242356,0.06532143703326837,0.6093532706232864,0.006287198360489687,0.006287198360489687,116.17653698856198,0,0.0,True,True,True,False,True,False,False,True,True,True,False,2.1906467293767133,False,False,22.450000000000003,22.1,22.450000000000003,18.6,32.0,16.55,0,85.10343064292647,2.1675013833402335,0.995,s4_narrow_passage_easy,M4,29
False,15.65,1.123722464417503,0.24168365473231856,True,90.9341141351214,456.1911578362122,0.0,72.23420179773947,0.0654915194524581,0.6092099147311834,0.00790084731019201,0.00790084731019201,117.06278439064208,0,0.0,True,True,True,False,True,False,False,True,True,True,False,2.1907900852688167,False,False,21.950000000000003,21.950000000000003,21.950000000000003,18.6,32.0,16.400000000000002,0,87.95370852078159,2.166305284700187,0.99,s4_narrow_passage_easy,M4,30
False,15.65,1.1176895554164998,0.24172960649964512,True,90.6372353599607,456.13043866560423,0.00026001040041601667,72.1877426076053,0.072726836776432,0.6030304537243445,0.0018320960722842813,0.0018320960722842813,116.79658417297475,0,0.0,True,True,True,False,True,False,False,True,True,True,False,2.196969546275655,False,False,21.700000000000003,21.700000000000003,21.700000000000003,18.55,32.0,16.400000000000002,0,88.11993717977306,2.168487423585195,0.985,s4_narrow_passage_easy,M4,31
False,15.65,1.0367692507701611,0.24757291245062515,True,90.74517372293,463.35465880663605,0.00026001040041601667,72.0244607800075,0.07266881010353397,0.6030899265606999,0.0016478100485031802,0.0016478100485031802,117.16909670450502,0,0.0,True,True,True,False,True,False,False,True,True,True,False,2.1969100734393,False,False,22.6,21.900000000000002,22.6,18.650000000000002,32.0,16.400000000000002,0,89.81675288844697,2.1642707896166296,0.98,s4_narrow_passage_easy,M4,32
False,15.75,1.0158708799705147,0.2429071272134789,True,90.43605314236066,436.48372042999506,0.0026001040041601664,72.72119841543017,0.07238332041840938,0.6033184492573359,0.0026296446258619825,0.0026296446258619825,116.69424828728125,0,0.0,True,True,True,False,True,False,False,True,True,True,False,2.196681550742664,False,False,22.1,22.0,22.1,18.650000000000002,32.0,16.3,0,88.42377604190871,2.1645558290471483,0.99,s4_narrow_passage_easy,M4,33
False,15.65,1.0880843385123438,0.24068561727027,True,90.65805333329281,457.49318422886955,0.00026001040041601667,72.01404363337997,0.06533568407758406,0.6093434070612488,0.0046378063176934735,0.0046378063176934735,116.86426167190596,0,0.0,True,True,True,False,True,False,False,True,True,True,False,2.190656592938751,False,False,22.150000000000002,21.75,22.150000000000002,18.55,32.0,16.400000000000002,0,88.07894320876234,2.167905233444627,0.985,s4_narrow_passage_easy,M4,34
False,15.75,1.1243800640574424,0.2775738784167934,True,90.65109851030807,466.69663221357985,0.0,72.19222127085551,0.0725383730857763,0.6031813621794727,0.002074139650684084,0.002074139650684084,117.00779004817181,0,0.0,True,True,True,False,True,False,False,True,True,True,False,2.196818637820527,False,False,22.5,21.700000000000003,22.5,18.650000000000002,32.0,16.3,0,90.26223019060637,2.1661030439725533,0.98,s4_narrow_passage_easy,M4,35
False,15.450000000000001,1.0472560661371686,0.2472178892432578,True,90.60833798134144,426.39852761908793,0.0015600624024961,72.05468091622048,0.06945906044808235,0.6058274592401555,0.0008244099552070245,0.0008244099552070245,116.66539742781066,0,0.0,True,True,True,False,True,False,False,True,True,True,False,2.1941725407598445,False,False,22.05,21.950000000000003,22.05,18.6,32.0,16.6,0,86.79187749323982,2.166426564987774,1.0,s4_narrow_passage_easy,M4,36
False,15.8,1.119545291628559,0.24910118449809726,True,91.03893594301275,452.212104187222,0.0,72.17612553886521,0.06528727328817703,0.6093822523418579,0.007269916481085935,0.007269916481085935,117.37517762804018,0,0.0,True,True,True,False,True,False,False,True,True,True,False,2.190617747658142,False,False,22.55,22.05,22.55,18.7,32.0,16.25,0,89.843943609394,2.163313383056807,0.98,s4_narrow_passage_easy,M4,37
False,15.65,0.991671179420528,0.2520625577653988,True,90.2608156233847,444.92386404842335,0.00858034321372855,72.28265276937472,0.06542197574910591,0.6092657196515031,0.0065366896632474344,0.0065366896632474344,116.88100616496372,0,0.0,True,True,True,False,True,False,False,True,True,True,False,2.190734280348497,False,False,21.950000000000003,21.950000000000003,21.950000000000003,18.7,32.0,16.400000000000002,0,87.86713940751056,2.1655231510667776,0.99,s4_narrow_passage_easy,M4,38
False,15.75,1.1130208161730382,0.2420831220670768,True,90.90984307324364,460.2939292547508,0.0,72.04464749923933,0.06531871784666071,0.6093660381147279,0.00797786071044507,0.00797786071044507,117.17363261438607,0,0.0,True,True,True,False,True,False,False,True,True,True,False,2.190633961885272,False,False,22.35,21.950000000000003,22.35,18.650000000000002,32.0,16.3,0,89.34597014973511,2.1639664312851585,0.98,s4_narrow_passage_easy,M4,39
False,16.8,1.3227504789751485,0.24338719572829978,True,87.55629697071316,415.8436479815093,0.00026001040041601667,72.32629604583464,0.07271515105644945,0.6030498859611787,0.0038316348409589834,0.0038316348409589834,117.03983077786432,0,0.0,True,True,True,False,True,False,False,True,True,True,False,2.1969501140388212,False,False,23.400000000000002,23.0,23.400000000000002,19.650000000000002,32.0,15.25,0,109.05831402828875,2.094923909329114,0.89,s4_narrow_passage_easy,M5,10
False,16.55,1.2745002678581128,0.24194188348869813,True,87.45315428268346,419.9224221084247,0.0,72.23762388454254,0.07273085992535293,0.6030266243870578,0.0031993004361279376,0.0031993004361279376,116.35802114013038,0,0.0,True,True,True,False,True,False,False,True,True,True,False,2.196973375612942,False,False,22.700000000000003,22.700000000000003,22.700000000000003,19.35,32.0,15.5,0,102.11607728914127,2.120970016449255,0.92,s4_narrow_passage_easy,M5,11
False,16.6,1.2839487524136448,0.2710381181323597,True,87.58398695032743,416.3804499588725,0.0,72.33449763106945,0.07272377611967891,0.6030448841471108,0.003628858561899819,0.003628858561899819,116.72851409503843,0,0.0,True,True,True,False,True,False,False,True,True,True,False,2.196955115852889,False,False,22.55,22.55,22.55,19.5,32.0,15.450000000000001,0,104.53411631020052,2.1098845145182707,0.92,s4_narrow_passage_easy,M5,12
False,16.45,1.3043270142861263,0.2440130085773191,True,87.39538847860092,390.5314142298418,0.0010400416016640667,72.51140756274287,0.0655246807805341,0.6091799429113544,0.009170682143171467,0.009170682143171467,115.97297355425934,0,0.0,True,True,True,False,True,False,False,True,True,True,False,2.1908200570886454,False,False,23.200000000000003,22.8,23.200000000000003,19.3,32.0,15.600000000000001,0,100.26215025280267,2.1254883535469546,0.925,s4_narrow_passage_easy,M5,13
False,16.25,1.281838630266662,0.2417019697351607,True,88.60426174762421,434.7491271008264,0.0005200208008320333,72.50911725969043,0.07037150180816033,0.6050432889102939,0.005028237187149099,0.005028237187149099,116.79228935161227,0,0.0,True,True,True,False,True,False,False,True,True,True,False,2.1949567110897057,False,False,22.8,22.5,22.8,19.150000000000002,32.0,15.8,0,97.28668425016251,2.1369951891244585,0.94,s4_narrow_passage_easy,M5,14
False,16.55,1.28770094500977,0.27112877721216283,True,88.69677216528596,438.87883969028144,0.00026001040041601667,72.14803651009422,0.07255555957064574,0.6031908242360545,0.0028277125539249827,0.0028277125539249827,117.17173046864963,0,0.0,True,True,True,False,True,False,False,True,True,True,False,2.196809175763945,False,False,22.5,22.400000000000002,22.5,19.35,32.0,15.5,0,102.35041263928265,2.12455935628016,0.935,s4_narrow_passage_easy,M5,15
False,16.5,1.287589608207858,0.24954380665580145,True,87.86837227020244,431.35688320211665,0.0,72.04789645562495,0.06671441294120857,0.6081832113282556,0.008314809013893889,0.008314809013893889,116.79873900883412,0,0.0,True,True,True,False,True,False,False,True,True,True,False,2.191816788671744,False,False,22.900000000000002,22.55,22.900000000000002,19.35,32.0,15.55,0,102.97421569333832,2.119493398761887,0.91,s4_narrow_passage_easy,M5,16
False,16.6,1.3088454421475055,0.27156008536057974,True,88.53395425344169,427.78980436305955,0.00026001040041601667,72.27575700233007,0.07271082167176837,0.6030564770874508,0.0036012250345071003,0.0036012250345071003,117.24460113973143,0,0.0,True,True,True,False,True,False,False,True,True,True,False,2.196943522912549,False,False,23.0,22.5,23.0,19.450000000000003,32.0,15.450000000000001,0,105.15867904529601,2.114301220186559,0.92,s4_narrow_passage_easy,M5,17
False,16.650000000000002,1.3105850794831406,0.2432287482577902,True,87.6469909475153,411.1034961999024,0.00078003120124805,72.29709063685323,0.07269398932239927,0.6030639868453781,0.003333880524169481,0.003333880524169481,116.66965113538618,0,0.0,True,True,True,False,True,False,False,True,True,True,False,2.196936013154622,False,False,23.1,22.8,23.1,19.450000000000003,32.0,15.4,0,104.72663563664341,2.1118068503212273,0.915,s4_narrow_passage_easy,M5,18
False,16.400000000000002,1.2827467721756114,0.2453966415999532,True,88.4784577555979,428.4177877633775,0.0,72.21874821862835,0.06534564014879264,0.6093410477882782,0.004283619002844781,0.004283619002844781,117.13741912278012,0,0.0,True,True,True,False,True,False,False,True,True,True,False,2.1906589522117215,False,False,23.25,22.650000000000002,23.25,19.3,32.0,15.65,0,101.57103397206956,2.1252009959260674,0.915,s4_narrow_passage_easy,M5,19
False,16.6,1.2477945643922674,0.24264604501669393,True,87.89547959758643,410.1947457308451,0.0,72.20501571051612,0.06530668143110743,0.6093717957168944,0.0032132306782555217,0.0032132306782555217,116.79763560307315,0,0.0,True,True,True,False,True,False,False,True,True,True,False,2.1906282042831053,False,False,22.85,22.85,22.85,19.400000000000002,32.0,15.450000000000001,0,104.02922120071617,2.1151137304391976,0.91,s4_narrow_passage_easy,M5,20
False,16.75,1.2112393554117902,0.2699096665968973,True,87.6428892163591,421.9174000125015,0.0,72.2381624061209,0.06534212174986373,0.6093443460922431,0.002356292851019904,0.002356292851019904,117.01587568443597,0,0.0,True,True,True,False,True,False,False,True,True,True,False,2.190655653907757,False,False,23.200000000000003,22.700000000000003,23.200000000000003,19.6,32.0,15.3,0,107.74383870956125,2.0958635453675605,0.905,s4_narrow_passage_easy,M5,21
False,16.5,1.3454615283697446,0.24023472348047695,True,87.91948316620795,388.2435692702423,0.0005200208008320333,72.51622134365269,0.06535094485809233,0.6093291352121427,0.010165370889688895,0.010165370889688895,116.58127016767791,0,0.0,True,True,True,False,True,False,False,True,True,True,False,2.190670864787857,False,False,23.35,22.700000000000003,23.35,19.400000000000002,32.0,15.55,0,101.77837568069742,2.117966050878963,0.925,s4_narrow_passage_easy,M5,22
False,16.5,1.3088911658176863,0.24742989067678825,True,88.00611042481279,423.61495837606,0.0,72.28866574031362,0.07272788161269396,0.6030370768836034,0.003223210202121274,0.003223210202121274,116.9034984939072,0,0.0,True,True,True,False,True,False,False,True,True,True,False,2.1969629231163963,False,False,23.0,22.5,23.0,19.35,32.0,15.55,0,102.93426656261296,2.1195259628659455,0.925,s4_narrow_passage_easy,M5,23
False,16.55,1.2879950109294893,0.2487149198461885,True,87.9223959157552,431.4426940878992,0.00026001040041601667,72.18194558873361,0.07266611158813235,0.6030944055482349,0.003142154806698293,0.003142154806698293,116.84445017356798,0,0.0,True,True,True,False,True,False,False,True,True,True,False,2.196905594451765,False,False,23.0,22.5,23.0,19.400000000000002,32.0,15.5,0,103.75873876453728,2.117868168062243,0.91,s4_narrow_passage_easy,M5,24
False,16.6,1.2556004870049864,0.2441380486766071,True,87.69329105393446,395.1812002779778,0.0,72.30162032129748,0.0727215719055633,0.6030427230093028,0.003506437676661594,0.003506437676661594,116.79668072240605,0,0.0,True,True,True,False,True,False,False,True,True,True,False,2.196957276990697,False,False,22.900000000000002,22.900000000000002,22.900000000000002,19.5,32.0,15.450000000000001,0,104.8755086260436,2.1114274978364613,0.905,s4_narrow_passage_easy,M5,25
False,16.55,1.3104188172256248,0.249914365401676,True,88.1399770424079,421.61135733503517,0.0015600624024961,72.14365458328068,0.06531357396397917,0.6093695099768429,0.003060053750494689,0.003060053750494689,117.01710491528917,0,0.0,True,True,True,False,True,False,False,True,True,True,False,2.190630490023157,False,False,22.650000000000002,22.55,22.650000000000002,19.400000000000002,32.0,15.5,0,104.1091514645431,2.1149958502252035,0.915,s4_narrow_passage_easy,M5,26
False,16.5,1.3052829127785075,0.24989255430614443,True,87.7446282043914,434.2226518495813,0.00078003120124805,72.595808755401,0.07063811156128495,0.6048167000353689,0.005162729613630659,0.005162729613630659,116.60055786722526,0,0.0,True,True,True,False,True,False,False,True,True,True,False,2.195183299964631,False,False,22.900000000000002,22.55,22.900000000000002,19.35,32.0,15.55,0,103.07284823985152,2.120707332039389,0.91,s4_narrow_passage_easy,M5,27
False,16.650000000000002,1.271775152593973,0.267246420125321,True,86.71142332327246,343.4463773610899,0.0,72.04023784436673,0.07239920401931164,0.603307588560949,0.004207785499261081,0.004207785499261081,115.8243117030561,0,0.0,True,True,True,False,True,False,False,True,True,True,False,2.196692411439051,False,False,23.3,23.1,23.3,19.5,32.0,15.4,0,99.77060856225516,2.1125306634714214,0.895,s4_narrow_passage_easy,M5,28
False,16.6,1.271073901490344,0.24612387692598683,True,87.19627250860785,375.34236538577215,0.0,72.40728448616714,0.06980373000602506,0.6055329783482032,0.006100353480630876,0.006100353480630876,116.07993648302461,0,0.0,True,True,True,False,True,False,False,True,True,True,False,2.1944670216517967,False,False,23.35,23.0,23.35,19.5,32.0,15.450000000000001,0,104.26778783959377,2.109796466583492,0.905,s4_narrow_passage_easy,M5,29
False,16.55,1.3078173768402195,0.24180223303869514,True,87.91387205533624,425.1307597088938,0.0,72.41157913294707,0.07253484611716493,0.603189249114278,0.0033726423148528668,0.0033726423148528668,116.85686304055426,0,0.0,True,True,True,False,True,False,False,True,True,True,False,2.1968107508857218,False,False,22.8,22.6,22.8,19.450000000000003,32.0,15.5,0,104.0603842631809,2.1143271575000306,0.915,s4_narrow_passage_easy,M5,30
False,16.5,1.3527582922373642,0.24369666983312785,True,87.50069115355501,387.5739816245869,0.00026001040041601667,72.15293286322492,0.07268714463354718,0.6030770615619377,0.003170403496548951,0.003170403496548951,116.3552713336978,0,0.0,True,True,True,False,True,False,False,True,True,True,False,2.196922938438062,False,False,23.200000000000003,22.700000000000003,23.200000000000003,19.35,32.0,15.55,0,102.88424169611285,2.121181429535067,0.92,s4_narrow_passage_easy,M5,31
False,16.5,1.2998516856416304,0.2567461304070837,True,88.1574312505091,436.7448065508061,0.00026001040041601667,72.63071738703098,0.07082944733150999,0.6046525117112128,0.005046547862987488,0.005046547862987488,116.98358303076566,0,0.0,True,True,True,False,True,False,False,True,True,True,False,2.195347488288787,False,False,23.400000000000002,22.8,23.400000000000002,19.400000000000002,32.0,15.55,0,103.28200624214895,2.1199055573159575,0.905,s4_narrow_passage_easy,M5,32
False,16.6,1.2914061607426102,0.2489160431483248,True,87.16329521525873,363.781863688935,0.0,72.25556322179537,0.07273023144481615,0.6030362200908408,0.003406147688498311,0.003406147688498311,116.04161827398741,0,0.0,True,True,True,False,True,False,False,True,True,True,False,2.196963779909159,False,False,23.35,23.0,23.35,19.450000000000003,32.0,15.450000000000001,0,103.40798052881357,2.1104352208070605,0.905,s4_narrow_passage_easy,M5,33
False,16.55,1.3197957098778916,0.24062318199204896,True,87.15749365692841,392.78723427268125,0.00026001040041601667,72.10143225504493,0.07123914641511528,0.6043251845085623,0.0020877146022270075,0.0020877146022270075,116.10612454388024,0,0.0,True,True,True,False,True,False,False,True,True,True,False,2.1956748154914374,False,False,23.35,22.8,23.35,19.400000000000002,32.0,15.5,0,102.48094631274158,2.1164460640476817,0.92,s4_narrow_passage_easy,M5,34
False,16.5,1.3335453066257763,0.2533897387397064,True,88.00672705581727,425.6073354433887,0.0,72.27986574517087,0.07272746138983564,0.6030353462401536,0.0031651080227952898,0.0031651080227952898,116.80835813746376,0,0.0,True,True,True,False,True,False,False,True,True,True,False,2.196964653759846,False,False,22.8,22.450000000000003,22.8,19.35,32.0,15.55,0,102.86773699028159,2.122211168363808,0.93,s4_narrow_passage_easy,M5,35
False,16.5,1.313986763792756,0.25137986422976893,True,88.17281498787092,430.8488994061626,0.0,72.25004813497432,0.06529815860449475,0.6093744259255042,0.0029968952012963267,0.0029968952012963267,117.04697590868918,0,0.0,True,True,True,False,True,False,False,True,True,True,False,2.1906255740744958,False,False,23.35,22.55,23.35,19.400000000000002,32.0,15.55,0,104.16240150166108,2.1151974388980563,0.915,s4_narrow_passage_easy,M5,36
False,16.650000000000002,1.3517141037654952,0.2555945061158593,True,88.089747084192,429.58597278438714,0.0,72.26357382154796,0.06724068115603692,0.6077209373727263,0.0011927377591925026,0.0011927377591925026,117.21326561473191,0,0.0,True,True,True,False,True,False,False,True,True,True,False,2.1922790626272737,False,False,23.450000000000003,22.75,23.450000000000003,19.5,32.0,15.4,0,106.26167125675977,2.1052060021093535,0.905,s4_narrow_passage_easy,M5,37
False,16.55,1.2128639127881513,0.25211160572542285,True,87.89961557896005,435.17907909635016,0.0,72.22351887171921,0.06541897105300197,0.609288848758857,0.009295392714975498,0.009295392714975498,116.79250651276288,0,0.0,True,True,True,False,True,False,False,True,True,True,False,2.1907111512411426,False,False,23.35,22.55,23.35,19.400000000000002,32.0,15.5,0,104.21001701905897,2.1151338788987677,0.92,s4_narrow_passage_easy,M5,38
False,16.7,1.3480037386202741,0.24316236643691877,True,87.511493615094,398.8605646878969,0.0,72.3751013545655,0.07270159484493559,0.6030534506392109,0.003661485774015577,0.003661485774015577,116.7260501652859,0,0.0,True,True,True,False,True,False,False,True,True,True,False,2.196946549360789,False,False,23.400000000000002,22.900000000000002,23.400000000000002,19.55,32.0,15.350000000000001,0,107.20615341984916,2.1023299268729843,0.9,s4_narrow_passage_easy,M5,39
False,15.9,1.0920801886755114,0.22348245471635414,True,91.8559585731773,511.2185771917885,0.0,81.44810631394384,0.025262689387411576,0.3303664440246308,0.042617687689041596,0.042617687689041596,119.28037587530297,0,0.0,True,True,True,False,True,False,False,True,True,True,False,2.469633555975369,False,False,22.75,21.85,22.75,18.8,32.0,16.150000000000002,0,93.67925273711008,2.3865237017784375,0.96,s4_narrow_passage_easy,M6,10
False,15.700000000000001,1.0527087042929222,0.2296570958428735,True,91.14127551779488,492.80652703544695,0.0,85.58472589558471,0.03130916066153641,0.3244424048073382,0.05332468303930494,0.05332468303930494,118.0191146950729,0,0.0,True,True,True,False,True,False,False,True,True,True,False,2.4755575951926616,False,False,22.200000000000003,22.1,22.200000000000003,18.6,32.0,16.35,0,93.00014881230152,2.4015948235862306,0.985,s4_narrow_passage_easy,M6,11
False,15.8,1.0880131492684781,0.22708035454958653,True,91.8649010402927,513.4051175477654,0.0,79.47723627540286,0.028295078888866218,0.32536324357173324,0.03672208867113204,0.03672208867113204,119.15772171528775,0,0.0,True,True,True,False,True,False,False,True,True,True,False,2.4746367564282665,False,False,22.25,21.75,22.25,18.7,32.0,16.25,0,92.25340754395882,2.3921770043401263,0.97,s4_narrow_passage_easy,M6,12
False,15.3,1.0691985548544936,0.23572901559941345,True,91.42204433618038,451.7409000181976,0.0010400416016640667,85.62756302482354,0.031267057869209997,0.32490564681412926,0.05365235247141615,0.05365235247141615,117.57418859476823,0,0.0,True,True,True,False,True,False,False,True,True,True,False,2.4750943531858707,False,False,22.450000000000003,21.950000000000003,22.450000000000003,18.45,32.0,16.75,0,91.63428619975105,2.4130044117538776,1.0,s4_narrow_passage_easy,M6,13
False,15.450000000000001,0.9926896046736875,0.23590502887390227,True,91.58851234813572,484.76886159285084,0.004940197607904316,85.63042927572782,0.03139564758931971,0.324382290340248,0.05324701629764871,0.05324701629764871,118.30134474301859,0,0.0,True,True,True,False,True,False,False,True,True,True,False,2.475617709659752,False,False,22.650000000000002,21.6,22.650000000000002,18.6,32.0,16.6,0,91.6650335309933,2.4039850858337477,0.98,s4_narrow_passage_easy,M6,14
False,15.850000000000001,1.1079605879945165,0.2283541650045951,True,92.2871446278354,513.0520535451068,0.00026001040041601667,81.01665187121091,0.02779792753855635,0.3265732550068355,0.03760852147043137,0.03760852147043137,119.4362544282554,0,0.0,True,True,True,False,True,False,False,True,True,True,False,2.4734267449931644,False,False,22.200000000000003,21.950000000000003,22.200000000000003,18.7,32.0,16.2,0,92.717026751569,2.3907614068072105,0.97,s4_narrow_passage_easy,M6,15
False,15.700000000000001,1.0625712918638914,0.22741298980836297,True,91.78477549582581,522.3783979647626,0.0,84.9678679902134,0.031109252712453513,0.32358451683300327,0.05366635336050954,0.05366635336050954,118.87010742774788,0,0.0,True,True,True,False,True,False,False,True,True,True,False,2.4764154831669964,False,False,22.3,21.700000000000003,22.3,18.6,32.0,16.35,0,92.57542574551039,2.399614866594939,0.96,s4_narrow_passage_easy,M6,16
False,15.850000000000001,1.0831110370548487,0.22555779101821266,True,92.54118791077845,510.04281249246804,0.00026001040041601667,79.11225544874517,0.02580965317007972,0.3288227183467902,0.030717235028455706,0.030717235028455706,119.62503181616155,0,0.0,True,True,True,False,True,False,False,True,True,True,False,2.4711772816532096,False,False,21.950000000000003,21.75,21.950000000000003,18.7,32.0,16.2,0,91.36502603440627,2.3891839486325885,0.965,s4_narrow_passage_easy,M6,17
False,15.8,1.1024758747722196,0.2278624963798814,True,92.02992405650275,527.197332767514,0.00078003120124805,84.85805307541894,0.030928189582632066,0.32334683298813754,0.052334230226707155,0.052334230226707155,119.04624665398826,0,0.0,True,True,True,False,True,False,False,True,True,True,False,2.4766531670118623,False,False,22.35,21.75,22.35,18.650000000000002,32.0,16.25,0,93.00766183861553,2.3970646372057884,0.97,s4_narrow_passage_easy,M6,18
False,15.3,1.083021415876296,0.23440964574177753,True,92.06519145130443,474.3687120963226,0.0,85.63021970615844,0.03147455837331483,0.32439258164010165,0.05324361857963288,0.05324361857963288,118.31504127432677,0,0.0,True,True,True,False,True,False,False,True,True,True,False,2.475607418359898,False,False,22.650000000000002,21.900000000000002,22.650000000000002,18.45,32.0,16.75,0,91.5172519699493,2.4105578822323217,1.0,s4_narrow_passage_easy,M6,19
False,15.75,1.0914914810740286,0.22925689323572657,True,91.8201495195442,511.7359072193298,0.0,85.5347597294623,0.0314572256313975,0.32420673215784945,0.05283625077341243,0.05283625077341243,118.77441050462592,0,0.0,True,True,True,False,True,False,False,True,True,True,False,2.4757932678421506,False,False,22.150000000000002,22.05,22.150000000000002,18.650000000000002,32.0,16.3,0,93.34187889683558,2.398079787919923,0.975,s4_narrow_passage_easy,M6,20
False,15.75,0.9591832293507951,0.2261395351484615,True,91.59994169514381,504.52891416397165,0.009880395215808632,85.55123162294261,0.031133318828739893,0.3248414427044994,0.05339385403851423,0.05339385403851423,118.75254413985267,0,0.0,True,True,True,False,True,False,False,True,True,True,False,2.4751585572955004,False,False,22.450000000000003,22.150000000000002,22.450000000000003,18.75,32.0,16.3,0,94.77117192605739,2.3911426389717594,0.965,s4_narrow_passage_easy,M6,21
False,15.350000000000001,1.0888624760619674,0.2358919111788245,True,91.59025723639013,427.3128366822488,0.0005200208008320333,85.62948977178175,0.03125412558920606,0.32492502791939365,0.05363161601842452,0.05363161601842452,117.68499954492329,0,0.0,True,True,True,False,True,False,False,True,True,True,False,2.475074972080606,False,False,22.5,22.05,22.5,18.5,32.0,16.7,0,93.30856125178562,2.4088523148071697,1.0,s4_narrow_passage_easy,M6,22
False,15.700000000000001,1.1027293683565214,0.22887030759107094,True,91.88569116574496,515.9795184875076,0.0,85.53158813055647,0.03144748331744817,0.32415623847633385,0.05297979396229861,0.05297979396229861,118.75021494438104,0,0.0,True,True,True,False,True,False,False,True,True,True,False,2.475843761523666,False,False,21.85,21.75,21.85,18.6,32.0,16.35,0,92.81867872960896,2.401664139197386,0.975,s4_narrow_passage_easy,M6,23
False,15.700000000000001,1.08127676821347,0.22580446512614247,True,92.08241156550201,528.2566097412658,0.0005200208008320333,84.04899306006439,0.028149145996860112,0.3298016203855755,0.043523688938821976,0.043523688938821976,119.09077449188786,0,0.0,True,True,True,False,True,False,False,True,True,True,False,2.4701983796144242,False,False,22.6,21.700000000000003,22.6,18.6,32.0,16.35,0,92.47017910848906,2.3987714892181566,0.965,s4_narrow_passage_easy,M6,24
False,15.75,1.038677796165559,0.22441868713153829,True,92.14656371736804,514.8558276554667,0.004940197607904316,79.03988347223232,0.024953385007549858,0.3340467407723204,0.037936056952432434,0.037936056952432434,119.34910393473969,0,0.0,True,True,True,False,True,False,False,True,True,True,False,2.4659532592276796,False,False,22.0,21.700000000000003,22.0,18.650000000000002,32.0,16.3,0,91.03863090771553,2.39295174281119,0.965,s4_narrow_passage_easy,M6,25
False,15.700000000000001,1.102578014572316,0.22902139722468343,True,92.0770432996204,521.3472230697313,0.0015600624024961,85.47839581841042,0.03108653776725556,0.3247267445638736,0.05336966245060323,0.05336966245060323,118.90006929039484,0,0.0,True,True,True,False,True,False,False,True,True,True,False,2.475273255436126,False,False,22.35,21.75,22.35,18.6,32.0,16.35,0,93.09219570799252,2.401023198818766,0.965,s4_narrow_passage_easy,M6,26
False,15.75,1.0919641759546201,0.22592751967932342,True,91.71443453761037,524.2488376130985,0.00026001040041601667,84.18679792728973,0.028330259936887193,0.3296949548580018,0.04411603701317111,0.04411603701317111,118.81775462605387,0,0.0,True,True,True,False,True,False,False,True,True,True,False,2.470305045141998,False,False,22.55,22.0,22.55,18.650000000000002,32.0,16.3,0,92.7979755977304,2.3968408443514417,0.955,s4_narrow_passage_easy,M6,27
False,15.8,1.0619758952110012,0.21962105376391908,True,91.84539241008291,512.8739380084467,0.0,78.93740369922672,0.02664922647717662,0.3313387485644436,0.02954068922630155,0.02954068922630155,119.17274448943306,0,0.0,True,True,True,False,True,False,False,True,True,True,False,2.4686612514355564,False,False,21.950000000000003,21.75,21.950000000000003,18.7,32.0,16.25,0,91.49312216540665,2.3899080162175195,0.97,s4_narrow_passage_easy,M6,28
False,15.5,1.0302244594938794,0.23578536819262016,True,91.35131839525457,446.39643564948216,0.0018200728029121164,85.63535549225149,0.0313270196712536,0.3245456288418483,0.053197716181201476,0.053197716181201476,117.72238162941694,0,0.0,True,True,True,False,True,False,False,True,True,True,False,2.4754543711581514,False,False,22.6,22.1,22.6,18.6,32.0,16.55,0,92.80582042127247,2.404603017375945,0.995,s4_narrow_passage_easy,M6,29
False,15.65,1.1238523527302418,0.22929790028703034,True,91.96694527726955,504.1184850810026,0.0,85.57949087703527,0.03141236012558576,0.3243552476676202,0.053183214471992125,0.053183214471992125,118.66833178933527,0,0.0,True,True,True,False,True,False,False,True,True,True,False,2.4756447523323795,False,False,22.05,22.05,22.05,18.6,32.0,16.400000000000002,0,92.43721462453652,2.401701754721632,0.985,s4_narrow_passage_easy,M6,30
False,15.65,1.11790359379283,0.22887549038705945,True,91.72535335790923,519.2021091928634,0.00026001040041601667,85.52181245400516,0.03135702133128566,0.3241755713643208,0.05341270047507556,0.05341270047507556,118.49527113412796,0,0.0,True,True,True,False,True,False,False,True,True,True,False,2.475824428635679,False,False,22.3,21.700000000000003,22.3,18.55,32.0,16.400000000000002,0,92.26244651202636,2.405073542091767,0.98,s4_narrow_passage_easy,M6,31
False,15.65,1.0367102295743078,0.228602624238524,True,91.85933425703531,519.1412217010795,0.00026001040041601667,85.49521592469395,0.03126546070962851,0.3246562179619222,0.05383002303708771,0.05383002303708771,118.88485147373265,0,0.0,True,True,True,False,True,False,False,True,True,True,False,2.4753437820380775,False,False,22.5,22.3,22.5,18.650000000000002,32.0,16.400000000000002,0,93.94669772978887,2.397824351298014,0.955,s4_narrow_passage_easy,M6,32
False,15.75,1.0160147094738972,0.23476883007773713,True,91.44379663254682,474.3560849497108,0.0026001040041601664,85.58977305395781,0.03129181593343706,0.3248867310813686,0.053864669113493246,0.053864669113493246,118.19508431138068,0,0.0,True,True,True,False,True,False,False,True,True,True,False,2.4751132689186313,False,False,22.1,22.1,22.1,18.650000000000002,32.0,16.3,0,93.01592029288175,2.3991191429314784,0.99,s4_narrow_passage_easy,M6,33
False,15.65,1.0880988304976245,0.22789989675736466,True,91.73235688727267,513.6480336947002,0.0005200208008320333,85.56319564278161,0.031472374268944794,0.3240172193211107,0.05249460088496952,0.05249460088496952,118.51928815234956,0,0.0,True,True,True,False,True,False,False,True,True,True,False,2.475982780678889,False,False,21.85,21.75,21.85,18.55,32.0,16.400000000000002,0,92.5413592758559,2.4042877443833306,0.975,s4_narrow_passage_easy,M6,34
False,15.75,1.1246076569211043,0.2249616148999973,True,91.92973029106383,521.9806243568001,0.00026001040041601667,84.10377698914427,0.02840125452376803,0.32886579873175464,0.04436725340294024,0.04436725340294024,119.00262255932904,0,0.0,True,True,True,False,True,False,False,True,True,True,False,2.4711342012682453,False,False,22.3,21.700000000000003,22.3,18.650000000000002,32.0,16.3,0,92.14777297879304,2.398384626404279,0.965,s4_narrow_passage_easy,M6,35
False,15.450000000000001,1.0471075333756694,0.23458865055426373,True,91.69992421199805,475.3044897035301,0.0010400416016640667,85.62668897353512,0.031642256995073746,0.324072748080167,0.052371121424393,0.052371121424393,118.31866260493368,0,0.0,True,True,True,False,True,False,False,True,True,True,False,2.475927251919833,False,False,23.1,22.05,23.1,18.6,32.0,16.6,0,92.61988115940513,2.4021606669578777,0.995,s4_narrow_passage_easy,M6,36
False,15.8,1.1196305289754465,0.2268363374226759,True,92.1672329162756,517.045019497793,0.00026001040041601667,85.49838304200298,0.031093328277794596,0.32475125338765026,0.05334123361719115,0.05334123361719115,119.08845487112166,0,0.0,True,True,True,False,True,False,False,True,True,True,False,2.4752487466123494,False,False,22.450000000000003,22.150000000000002,22.450000000000003,18.7,32.0,16.25,0,94.05555898895847,2.3962167474727107,0.96,s4_narrow_passage_easy,M6,37
False,15.65,0.9912253542400689,0.22842663042943556,True,91.34327646751422,497.6020764025888,0.008840353614144566,85.64605798841187,0.03136648847321624,0.32447712252187927,0.05312652830523906,0.05312652830523906,118.49302600150439,0,0.0,True,True,True,False,True,False,False,True,True,True,False,2.4755228774781206,False,False,22.150000000000002,22.05,22.150000000000002,18.7,32.0,16.400000000000002,0,94.4677237111491,2.396755371839688,0.98,s4_narrow_passage_easy,M6,38
False,15.75,1.1131247604377519,0.22723296699308362,True,91.9699614317172,511.196286296747,0.0,85.53537382091436,0.03137057103230736,0.32430712069110224,0.053238529078610215,0.053238529078610215,118.81934640206035,0,0.0,True,True,True,False,True,False,False,True,True,True,False,2.4756928793088977,False,False,22.450000000000003,22.05,22.450000000000003,18.650000000000002,32.0,16.3,0,93.61213858295366,2.397564956247118,0.975,s4_narrow_passage_easy,M6,39
False,16.8,1.3228821678322902,0.22918501089749332,True,88.68002614941788,476.9381788774543,0.00026001040041601667,84.69331128973083,0.029924073827412953,0.3255017839779034,0.05012444871935355,0.05012444871935355,118.68681936983417,0,0.0,True,True,True,False,True,False,False,True,True,True,False,2.4744982160220963,False,False,23.400000000000002,22.75,23.400000000000002,19.650000000000002,32.0,15.25,0,110.79368633856151,2.3008866207258,0.89,s4_narrow_passage_easy,M7,10
False,16.55,1.2748001139259526,0.22692810723541754,True,88.43343660465453,468.9425896420151,0.0,85.55536904018774,0.03169293106323753,0.3238092836775945,0.05331266806090948,0.05331266806090948,117.7535120373575,0,0.0,True,True,True,False,True,False,False,True,True,True,False,2.4761907163224053,False,False,22.8,22.8,22.8,19.35,32.0,15.5,0,106.23345318627428,2.3352524308578837,0.915,s4_narrow_passage_easy,M7,11
False,16.6,1.2839166020477077,0.2358706171174712,True,88.84967444479823,493.6416084552263,0.0,85.42497465777085,0.03136169324294402,0.3240291893988276,0.053604233391997096,0.053604233391997096,118.41202774089494,0,0.0,True,True,True,False,True,False,False,True,True,True,False,2.475970810601172,False,False,22.700000000000003,22.55,22.700000000000003,19.5,32.0,15.450000000000001,0,108.59646828506362,2.3221299693998243,0.905,s4_narrow_passage_easy,M7,12
False,16.5,1.326063713227843,0.2284166287531422,True,88.31242779491538,416.0143739843794,0.0010400416016640667,80.98952489133875,0.026749465255500992,0.3279423159454477,0.040511285348889016,0.040511285348889016,117.42443090871579,0,0.0,True,True,True,False,True,False,False,True,True,True,False,2.472057684054552,False,False,22.75,22.75,22.75,19.35,32.0,15.55,0,102.4710051864926,2.3402753922473005,0.925,s4_narrow_passage_easy,M7,13
False,16.25,1.2810926972105783,0.23372152658730455,True,88.76491099006398,410.0945763500532,0.0005200208008320333,85.62222085946324,0.03146184341146324,0.32452720698625964,0.05343620149087644,0.05343620149087644,117.28832225668117,0,0.0,True,True,True,False,True,False,False,True,True,True,False,2.4754727930137403,False,False,23.25,22.650000000000002,23.25,19.150000000000002,32.0,15.8,0,103.04013195812844,2.356632484205134,0.94,s4_narrow_passage_easy,M7,14
False,16.55,1.2880008102042164,0.22735923678526576,True,89.94238311743229,489.12251464797686,0.0005200208008320333,82.37053143393162,0.02934918579753405,0.32194656611064704,0.045040765432619756,0.045040765432619756,119.05115954401273,0,0.0,True,True,True,False,True,False,False,True,True,True,False,2.478053433889353,False,False,23.0,22.400000000000002,23.0,19.35,32.0,15.5,0,103.64623172753721,2.3370423509894653,0.91,s4_narrow_passage_easy,M7,15
False,16.5,1.287145499096987,0.22713201439617145,True,89.02385731587302,489.81963730396507,0.0,85.47531971341148,0.0316659190196041,0.32363231052290303,0.05322141931317161,0.05322141931317161,118.45667858937928,0,0.0,True,True,True,False,True,False,False,True,True,True,False,2.476367689477097,False,False,23.05,22.450000000000003,23.05,19.35,32.0,15.55,0,105.82460117207243,2.3339983535152355,0.915,s4_narrow_passage_easy,M7,16
False,16.6,1.308339968324269,0.2226725153264554,True,89.80552496148314,474.1489200529707,0.00026001040041601667,79.26920109406662,0.028241513345883124,0.32661212001509127,0.03542824315794064,0.03542824315794064,119.23383885100999,0,0.0,True,True,True,False,True,False,False,True,True,True,False,2.4733878799849087,False,False,22.85,22.5,22.85,19.450000000000003,32.0,15.450000000000001,0,104.73708762018526,2.322141157641274,0.905,s4_narrow_passage_easy,M7,17
False,16.650000000000002,1.3105496464598878,0.2277950993082884,True,88.65701845338945,461.06243206498203,0.00078003120124805,85.55225551135781,0.03117165547388633,0.32490647924723465,0.053454787440207256,0.053454787440207256,118.08729974497732,0,0.0,True,True,True,False,True,False,False,True,True,True,False,2.475093520752765,False,False,22.900000000000002,22.8,22.900000000000002,19.450000000000003,32.0,15.4,0,108.40101781247795,2.3233401440010244,0.91,s4_narrow_passage_easy,M7,18
False,16.400000000000002,1.2808164686897165,0.22568419478146673,True,89.52000872488526,484.67013290695763,0.0,85.3174961017303,0.03100485934747585,0.3244312035559705,0.053086141342719925,0.053086141342719925,118.71015139930324,0,0.0,True,True,True,False,True,False,False,True,True,True,False,2.4755687964440294,False,False,23.150000000000002,22.75,23.150000000000002,19.3,32.0,15.65,0,104.12163941050623,2.341363150311727,0.905,s4_narrow_passage_easy,M7,19
False,16.6,1.2479432064394582,0.22824610763727546,True,88.87116300500064,467.5650746564702,0.0,85.48607232787195,0.03113883985255964,0.3246896063751868,0.053217753085360975,0.053217753085360975,118.25478015400165,0,0.0,True,True,True,False,True,False,False,True,True,True,False,2.475310393624813,False,False,22.950000000000003,22.85,22.950000000000003,19.450000000000003,32.0,15.450000000000001,0,107.35538885804485,2.3276859548409767,0.895,s4_narrow_passage_easy,M7,20
False,16.75,1.2116488972759445,0.22919169172951115,True,88.82598855749812,489.40218207862523,0.0,85.51243725299919,0.03166066915269707,0.3236999048011247,0.05346967155091698,0.05346967155091698,118.619904267285,0,0.0,True,True,True,False,True,False,False,True,True,True,False,2.476300095198875,False,False,23.3,22.700000000000003,23.3,19.6,32.0,15.3,0,110.96082461124955,2.304814176195377,0.875,s4_narrow_passage_easy,M7,21
False,16.5,1.3454830184156554,0.22884198829905492,True,89.39650971847068,479.5299149515404,0.0005200208008320333,85.33456924311483,0.03114543719361598,0.32412427024768126,0.05289231773991149,0.05289231773991149,118.64908377246886,0,0.0,True,True,True,False,True,False,False,True,True,True,False,2.4758757297523184,False,False,23.150000000000002,22.650000000000002,23.150000000000002,19.400000000000002,32.0,15.55,0,105.9748107822583,2.332401145253609,0.9,s4_narrow_passage_easy,M7,22
False,16.5,1.3088450041791284,0.22913858666157663,True,89.07117227201087,482.4351877959304,0.0,85.08263871877432,0.031051777581032076,0.32348814052998504,0.05294206455386488,0.05294206455386488,118.52056125377973,0,0.0,True,True,True,False,True,False,False,True,True,True,False,2.4765118594700146,False,False,22.700000000000003,22.5,22.700000000000003,19.35,32.0,15.55,0,104.96961481836848,2.333395957014713,0.92,s4_narrow_passage_easy,M7,23
False,16.55,1.2879545761125888,0.22653137594476974,True,89.08664154768731,489.67133134694456,0.00026001040041601667,84.67924736731287,0.030307245594502315,0.3255682055581996,0.04918506797896644,0.04918506797896644,118.57299040168536,0,0.0,True,True,True,False,True,False,False,True,True,True,False,2.4744317944418004,False,False,22.700000000000003,22.5,22.700000000000003,19.400000000000002,32.0,15.5,0,105.74569559888954,2.3296889855105656,0.915,s4_narrow_passage_easy,M7,24
False,16.6,1.2556867054766583,0.228637948170594,True,88.75423912110097,463.9348425867106,0.0,84.72306033848484,0.031095224444589568,0.32287380291029566,0.05330424343312872,0.05330424343312872,118.35446792466169,0,0.0,True,True,True,False,True,False,False,True,True,True,False,2.4771261970897043,False,False,23.0,22.900000000000002,23.0,19.5,32.0,15.450000000000001,0,107.0198607932767,2.3210993886958855,0.89,s4_narrow_passage_easy,M7,25
False,16.55,1.3101048073137154,0.22906155112876062,True,88.97775048459317,472.35087117330477,0.0015600624024961,85.4884169852353,0.0313310592754974,0.324382842345111,0.053287052986142246,0.053287052986142246,118.35842802979552,0,0.0,True,True,True,False,True,False,False,True,True,True,False,2.475617157654889,False,False,22.950000000000003,22.85,22.950000000000003,19.400000000000002,32.0,15.5,0,107.40847509019925,2.3276888224493475,0.895,s4_narrow_passage_easy,M7,26
False,16.5,1.3049807222184877,0.23822046120266382,True,88.05790270094528,415.92437290705516,0.00026001040041601667,85.62949774546529,0.03147356948585875,0.3243597126915923,0.053396348435179104,0.053396348435179104,117.24084303564457,0,0.0,True,True,True,False,True,False,False,True,True,True,False,2.4756402873084076,False,False,23.0,22.400000000000002,23.0,19.35,32.0,15.55,0,103.18745985936452,2.3374477841925745,0.92,s4_narrow_passage_easy,M7,27
False,16.650000000000002,1.2718914340554397,0.22569505163724038,True,88.57956478565866,465.49724081885097,0.00026001040041601667,84.6933225919068,0.030945729544893354,0.32296087094047504,0.053143265771742776,0.053143265771742776,118.27516187680453,0,0.0,True,True,True,False,True,False,False,True,True,True,False,2.477039129059525,False,False,23.200000000000003,22.700000000000003,23.200000000000003,19.5,32.0,15.4,0,107.70219473606386,2.317844014709065,0.895,s4_narrow_passage_easy,M7,28
False,16.6,1.2707861071936075,0.23259688924524113,True,88.47864561482606,440.3435250051608,0.0,85.58104621987488,0.03136853230550235,0.32433191512984966,0.05283051265939612,0.05283051265939612,117.90102276160039,0,0.0,True,True,True,False,True,False,False,True,True,True,False,2.47566808487015,False,False,23.75,22.950000000000003,23.75,19.450000000000003,32.0,15.450000000000001,0,108.59727078312699,2.3227755149595875,0.9,s4_narrow_passage_easy,M7,29
False,16.55,1.307587241479244,0.22871972836813706,True,88.94843758630454,475.51316896324715,0.0,85.47554529910417,0.03155296781647727,0.3240046199615688,0.053627356728396594,0.053627356728396594,118.39122133308616,0,0.0,True,True,True,False,True,False,False,True,True,True,False,2.475995380038431,False,False,23.1,22.6,23.1,19.450000000000003,32.0,15.5,0,107.55411904984909,2.3265303900752077,0.905,s4_narrow_passage_easy,M7,30
False,16.5,1.3525411349318297,0.22929485608564992,True,88.60919008308893,472.9712993585463,0.00026001040041601667,85.49645356172275,0.031151131672877922,0.32481141554665705,0.05347829175265964,0.05347829175265964,117.96315266370928,0,0.0,True,True,True,False,True,False,False,True,True,True,False,2.4751885844533428,False,False,22.8,22.700000000000003,22.8,19.35,32.0,15.55,0,106.00532879108347,2.3352128849617704,0.91,s4_narrow_passage_easy,M7,31
False,16.5,1.2997346133225918,0.22873472151632418,True,89.2832503181382,489.71564592561685,0.0005200208008320333,85.39302436540788,0.03110634785283663,0.3247082544240164,0.05389052163989327,0.05389052163989327,118.62330748486391,0,0.0,True,True,True,False,True,False,False,True,True,True,False,2.4752917455759835,False,False,22.900000000000002,22.650000000000002,22.900000000000002,19.400000000000002,32.0,15.55,0,106.43468066232083,2.3334591340741677,0.895,s4_narrow_passage_easy,M7,32
False,16.6,1.2915643160409966,0.22896323045419412,True,88.96516219047521,478.3350544846499,0.0,84.65716251297727,0.029897835523286953,0.3249223689170309,0.05098974390996195,0.05098974390996195,118.49610865518527,0,0.0,True,True,True,False,True,False,False,True,True,True,False,2.4750776310829687,False,False,23.200000000000003,22.6,23.200000000000003,19.450000000000003,32.0,15.450000000000001,0,106.87099525639698,2.3231736472065774,0.9,s4_narrow_passage_easy,M7,33
False,16.55,1.3196207285114507,0.22897381592634852,True,88.72662248045779,486.660726068769,0.00026001040041601667,85.38749683970018,0.03110106027232544,0.3246556493490189,0.0538144341716944,0.0538144341716944,118.264140138064,0,0.0,True,True,True,False,True,False,False,True,True,True,False,2.475344350650981,False,False,22.700000000000003,22.5,22.700000000000003,19.400000000000002,32.0,15.5,0,106.56863838722379,2.3309672530893737,0.91,s4_narrow_passage_easy,M7,34
False,16.5,1.3334523113387653,0.22689554531259312,True,89.10132083974864,486.1780570848303,0.0,85.15389987776187,0.03134364366340434,0.3231965435844459,0.05316390305670213,0.05316390305670213,118.42768416858661,0,0.0,True,True,True,False,True,False,False,True,True,True,False,2.476803456415554,False,False,23.05,22.450000000000003,23.05,19.35,32.0,15.55,0,104.67103912570033,2.3363510364317217,0.92,s4_narrow_passage_easy,M7,35
False,16.5,1.314101752555255,0.2274451076000021,True,89.21939076396637,482.21348915512453,0.0,85.29414691103307,0.03098051189480014,0.32446895975199924,0.053160688460593505,0.053160688460593505,118.60904018906878,0,0.0,True,True,True,False,True,False,False,True,True,True,False,2.4755310402480006,False,False,23.25,22.650000000000002,23.25,19.400000000000002,32.0,15.55,0,106.5439078619132,2.3282740444753376,0.9,s4_narrow_passage_easy,M7,36
False,16.650000000000002,1.3517134982785617,0.22903807789121652,True,89.16589544199356,480.0408272968632,0.0,85.42047651705222,0.031381311744973106,0.324108850122055,0.05318078213142818,0.05318078213142818,118.7681602755194,0,0.0,True,True,True,False,True,False,False,True,True,True,False,2.475891149877945,False,False,23.450000000000003,22.950000000000003,23.450000000000003,19.5,32.0,15.4,0,109.00271405387961,2.3162730676717023,0.875,s4_narrow_passage_easy,M7,37
False,16.55,1.2127095110370507,0.22661778881837902,True,88.9608359601728,486.69965421377543,0.0,85.36262391255696,0.03135245408061798,0.3239964150370828,0.053104905967862,0.053104905967862,118.36291531236887,0,0.0,True,True,True,False,True,False,False,True,True,True,False,2.476003584962917,False,False,23.25,23.05,23.25,19.400000000000002,32.0,15.5,0,106.93294029319584,2.3281804719205605,0.88,s4_narrow_passage_easy,M7,38
False,16.7,1.3479945344327047,0.2270865458162485,True,88.50201811768763,453.749439409001,0.0,85.4809925711442,0.031198471006272963,0.3248770848510304,0.05396475983986364,0.05396475983986364,118.12766351707621,0,0.0,True,True,True,False,True,False,False,True,True,True,False,2.4751229151489693,False,False,23.0,22.900000000000002,23.0,19.55,32.0,15.350000000000001,0,110.30072075980824,2.3113439542053578,0.9,s4_narrow_passage_easy,M7,39
True,16.85,0.5753281915443866,0.34973215451688855,False,94.18448924446587,810.9802563482883,0.05846858094049105,72.1865080827342,0.09204684710023708,0.7158605529498806,0.006264771978711374,0.006264771978711374,123.95299755456618,0,0.0,True,True,True,False,True,True,False,False,True,True,True,2.084139447050119,False,True,22.900000000000002,22.55,22.900000000000002,19.55,40.0,23.200000000000003,0,72.31473884027616,2.0872096306610457,1.0,s4_narrow_passage_medium,M4,10
True,16.85,0.6888012820023104,0.36742291665964244,False,93.58154243183337,813.8642247775737,0.06117353308364544,72.17424948334632,0.0920637241096288,0.7158482245082674,0.00620945450227726,0.00620945450227726,123.38867441721794,0,0.0,True,True,True,False,True,True,False,False,True,True,True,2.0841517754917325,False,True,22.8,22.8,22.8,19.55,40.0,23.200000000000003,0,72.31614530457385,2.087209982750054,1.0,s4_narrow_passage_medium,M4,11
True,16.900000000000002,0.7096522019819587,0.3730228413882271,False,94.46580866281901,849.1731188785817,0.06928838951310862,72.18610088673502,0.09207734055474336,0.7158380576129785,0.006197788132889908,0.006197788132889908,124.00734512405064,0,0.0,True,True,True,False,True,True,False,False,True,True,True,2.0841619423870212,False,True,22.8,22.6,22.8,19.55,40.0,23.150000000000002,0,72.31970114137668,2.0872097866924593,1.0,s4_narrow_passage_medium,M4,12
True,16.650000000000002,0.6077154913616487,0.35168332394155366,False,93.96895064296046,810.5138450016327,0.05659592176446109,72.22145051780926,0.10055295313518568,0.7097128189850864,8.786622186594406e-05,8.786622186594406e-05,123.5800643563175,0,0.0,True,True,True,False,True,True,False,False,True,True,True,2.0902871810149133,False,True,22.950000000000003,22.650000000000002,22.950000000000003,19.400000000000002,40.0,23.400000000000002,0,72.29779129242698,2.087211526526397,1.0,s4_narrow_passage_medium,M4,13
True,16.650000000000002,0.6303106789886821,0.34079181746501713,False,94.14799852789605,808.8479875589819,0.05264253017062006,72.17039664848048,0.0920841393492,0.7158329986530196,0.00625185784344384,0.00625185784344384,123.64539130391336,0,0.0,True,True,True,False,True,True,False,False,True,True,True,2.08416700134698,False,True,23.3,22.700000000000003,23.3,19.400000000000002,40.0,23.400000000000002,0,72.30212448922148,2.087209038931282,1.0,s4_narrow_passage_medium,M4,14
False,16.95,0.6258644567550846,0.31022497103345537,True,93.26500874474333,755.6675752990365,0.0628381190178943,72.14417061844902,0.09209466912209409,0.7158265655267136,0.00623453388721961,0.00623453388721961,123.17324356123667,0,0.0,True,True,True,False,True,False,False,True,True,True,False,2.084173434473286,False,False,23.450000000000003,23.150000000000002,23.450000000000003,19.650000000000002,40.0,23.1,0,72.28357139729087,2.08720970000613,1.0,s4_narrow_passage_medium,M4,15
True,16.75,0.5983514795784324,0.3524072818061413,False,93.94080351325096,817.0849258854308,0.06138160632542655,72.1957376627583,0.09205052005966834,0.7158577806741935,0.0062576619169192535,0.0062576619169192535,123.75449752474306,0,0.0,True,True,True,False,True,True,False,False,True,True,True,2.0841422193258063,False,True,23.200000000000003,22.5,23.200000000000003,19.5,40.0,23.3,0,72.30836269757505,2.0872101835068344,1.0,s4_narrow_passage_medium,M4,16
True,16.7,0.6849474354306218,0.44590271829794953,False,94.96551782624408,848.3987199264205,0.060965459841864335,72.1439403361806,0.10048069160650586,0.7097640873178723,0.00017807735328759266,0.00017807735328759266,124.1992088381154,0,0.0,True,True,True,False,True,True,False,False,True,True,True,2.0902359126821275,False,True,22.450000000000003,22.35,22.450000000000003,19.400000000000002,40.0,23.35,0,72.30827510350763,2.0872088005666565,1.0,s4_narrow_passage_medium,M4,17
True,16.95,0.637869043590974,0.4066623469190849,False,93.59739260060798,805.2841416768969,0.05846858094049105,72.19793447948383,0.10052077547376215,0.7097359192737535,9.494159301468346e-05,9.494159301468346e-05,123.66864322488453,0,0.0,True,True,True,False,True,True,False,False,True,True,True,2.0902640807262465,False,True,23.150000000000002,22.650000000000002,23.150000000000002,19.650000000000002,40.0,23.1,0,72.32989392957543,2.0872102347840205,1.0,s4_narrow_passage_medium,M4,18
False,16.650000000000002,0.6369561416572067,0.320809266993214,True,93.90103875554131,788.7641634266242,0.06013316687473991,72.18726146325034,0.10054182392952753,0.7097212212559721,9.182901237285958e-05,9.182901237285958e-05,123.55980524017635,0,0.0,True,True,True,False,True,False,False,True,True,True,False,2.0902787787440276,False,False,22.55,22.55,22.55,19.450000000000003,40.0,23.400000000000002,0,72.29982802390234,2.087210230613952,1.0,s4_narrow_passage_medium,M4,19
True,16.75,0.7402168365565032,0.3656396726472649,False,94.47395906777656,829.7341175448415,0.0628381190178943,72.21686893997138,0.09205167465957642,0.7158570556215604,0.006232030301581956,0.006232030301581956,124.03664194454393,0,0.0,True,True,True,False,True,True,False,False,True,True,True,2.0841429443784394,False,True,22.700000000000003,22.700000000000003,22.700000000000003,19.450000000000003,40.0,23.3,0,72.30719411315687,2.087210534934294,1.0,s4_narrow_passage_medium,M4,20
True,17.0,0.6696170104090797,0.45169504456402304,False,94.5949059828215,833.1802394812269,0.05867665418227216,72.0326149307644,0.10046363414362114,0.7097744787774705,0.000149158566385375,0.000149158566385375,124.21670913873504,0,0.0,True,True,True,False,True,True,False,False,True,True,True,2.0902255212225294,False,True,22.650000000000002,22.650000000000002,22.650000000000002,19.700000000000003,40.0,23.05,0,72.34528634037083,2.0872044770706744,1.0,s4_narrow_passage_medium,M4,21
False,16.5,0.6032433256051648,0.31404611944471755,True,94.10329709059009,772.8915389146708,0.06075738660008323,72.21508565431269,0.09205250932895115,0.7158562212503806,0.006272280842547679,0.006272280842547679,123.3826320936127,0,0.0,True,True,True,False,True,False,False,True,True,True,False,2.084143778749619,False,False,23.200000000000003,22.650000000000002,23.200000000000003,19.35,40.0,23.55,0,72.28734017254338,2.0872111486257925,1.0,s4_narrow_passage_medium,M4,22
False,16.25,0.5776028319572226,0.30628872974472204,True,94.47919274111328,794.8834287008345,0.0599250936329588,72.19175842135313,0.09207170492953394,0.7158424055947892,0.006250668824924738,0.006250668824924738,123.36442888634349,0,0.0,True,True,True,False,True,False,False,True,True,True,False,2.0841575944052106,False,False,22.85,22.1,22.85,19.25,40.0,23.8,0,72.27144521740665,2.0872126222730225,1.0,s4_narrow_passage_medium,M4,23
True,16.150000000000002,0.6657952874646897,0.41009029899402943,False,94.94296575186706,836.0747158219136,0.06013316687473991,72.00099158840534,0.0959212395280492,0.713062170784072,0.0034052733770711936,0.0034052733770711936,124.65728565796972,0,0.0,True,True,True,False,True,True,False,False,True,True,True,2.0869378292159277,False,True,23.200000000000003,22.3,23.200000000000003,19.3,40.0,23.900000000000002,0,72.20776791811313,2.08718260728816,1.0,s4_narrow_passage_medium,M4,24
False,16.75,0.6847379003646881,0.32606899015869,True,94.71025559606444,845.0866942946878,0.060965459841864335,72.21800540286463,0.09205087900391551,0.715857626798922,0.006234420138530521,0.006234420138530521,124.20250432069128,0,0.0,True,True,True,False,True,False,False,True,True,True,False,2.084142373201078,False,False,23.0,22.6,23.0,19.450000000000003,40.0,23.3,0,72.30548441821982,2.087210497514842,1.0,s4_narrow_passage_medium,M4,25
True,16.8,0.705773913304476,0.4076673318755549,False,94.19802253357312,828.3980853625292,0.0688722430295464,72.29780419558989,0.10058321774914492,0.7096939645800328,6.815326800318058e-05,6.815326800318058e-05,123.78825156942179,0,0.0,True,True,True,False,True,True,False,False,True,True,True,2.090306035419967,False,True,24.25,22.450000000000003,24.25,19.450000000000003,40.0,23.25,0,72.307154707786,2.0872110357650286,1.0,s4_narrow_passage_medium,M4,26
True,16.650000000000002,0.6151411686439705,0.3644867453032662,False,94.16258762353442,814.8619526266921,0.05160216396171453,72.18062485947061,0.09208201323584597,0.7158342426010901,0.006240953799712633,0.006240953799712633,123.64825780490965,0,0.0,True,True,True,False,True,True,False,False,True,True,True,2.08416575739891,False,True,23.3,22.700000000000003,23.3,19.400000000000002,40.0,23.400000000000002,0,72.30272890902597,2.0872087807073836,1.0,s4_narrow_passage_medium,M4,27
True,16.8,0.6539823232545847,0.356139160782688,False,94.11144050020253,816.1696740589118,0.0570120682480233,72.21173077084029,0.1005636581409551,0.7097056819333177,7.554266303659281e-05,7.554266303659281e-05,123.81257020440171,0,0.0,True,True,True,False,True,True,False,False,True,True,True,2.090294318066682,False,True,23.35,22.85,23.35,19.5,40.0,23.25,0,72.31271782777102,2.0872104729884278,1.0,s4_narrow_passage_medium,M4,28
False,16.650000000000002,0.6020377964684587,0.308101351603984,True,93.73611695819449,774.086989936887,0.059508947149396585,72.19184451388476,0.09207490182321819,0.715839869976674,0.006250831003100412,0.006250831003100412,123.19522798981525,0,0.0,True,True,True,False,True,False,False,True,True,True,False,2.0841601300233257,False,False,22.700000000000003,22.35,22.700000000000003,19.5,40.0,23.400000000000002,0,72.2937589696518,2.087211206328226,1.0,s4_narrow_passage_medium,M4,29
False,16.7,0.6356069034075962,0.3353212198613641,True,94.85526921783071,824.659602492987,0.05826050769870995,72.21244147457891,0.09204801658299977,0.7158596285096066,0.006248726941831956,0.006248726941831956,123.97431371508998,0,0.0,True,True,True,False,True,False,False,True,True,True,False,2.084140371490393,False,False,22.8,22.55,22.8,19.400000000000002,40.0,23.35,0,72.30386801478821,2.0872106675390008,1.0,s4_narrow_passage_medium,M4,30
False,16.3,0.6088396781976881,0.3097896975730486,True,93.07155474036573,708.8849667867053,0.059508947149396585,72.16914284472189,0.09206744606085471,0.7158451928426608,0.006234715613253343,0.006234715613253343,122.017377791949,0,0.0,True,True,True,False,True,False,False,True,True,True,False,2.084154807157339,False,False,23.0,22.700000000000003,23.0,19.200000000000003,40.0,23.75,0,72.30246974404596,2.087209779172227,1.0,s4_narrow_passage_medium,M4,31
True,16.75,0.6806618847877315,0.38651466252240674,False,94.72053722077912,836.1334201925454,0.0628381190178943,72.25068331534384,0.10056578786208588,0.7097043041898837,0.00012930579955845384,0.00012930579955845384,124.14030126035365,0,0.0,True,True,True,False,True,True,False,False,True,True,True,2.090295695810116,False,True,23.450000000000003,22.450000000000003,23.450000000000003,19.450000000000003,40.0,23.3,0,72.31082532354057,2.087212466988625,1.0,s4_narrow_passage_medium,M4,32
False,16.85,0.7347230652396599,0.33460871239465584,True,94.16750696007517,816.5845894907814,0.05930087390761548,72.18897955762588,0.10053476498111293,0.70972587563858,7.028168317526236e-05,7.028168317526236e-05,123.94084333905306,0,0.0,True,True,True,False,True,False,False,True,True,True,False,2.09027412436142,False,False,23.05,22.650000000000002,23.05,19.6,40.0,23.200000000000003,0,72.31168598552964,2.087209833294566,1.0,s4_narrow_passage_medium,M4,33
False,16.7,0.6940567958469501,0.33700615985889315,True,93.99084550805738,790.1288005724962,0.05368289637952559,72.19375063377929,0.09196485726223942,0.7159217476291945,0.006280372252068461,0.006280372252068461,123.29304679363905,0,0.0,True,True,True,False,True,False,False,True,True,True,False,2.0840782523708055,False,False,22.85,22.650000000000002,22.85,19.35,40.0,23.35,0,72.3075984700346,2.087198007361239,1.0,s4_narrow_passage_medium,M4,34
True,16.85,0.717330195683022,0.3614517363971586,False,94.23067046776312,834.8661354613134,0.0626300457761132,72.20521157125359,0.09205690731853655,0.7158532267208345,0.006220223363038829,0.006220223363038829,124.07767797368766,0,0.0,True,True,True,False,True,True,False,False,True,True,True,2.084146773279165,False,True,23.3,22.6,23.3,19.55,40.0,23.200000000000003,0,72.31591418284376,2.0872098674581365,1.0,s4_narrow_passage_medium,M4,35
False,16.8,0.5483610543935915,0.31478288288579914,True,93.68770486739281,779.4507016705157,0.057636287973366625,72.18886151700221,0.10051644491048539,0.709738418662141,0.0001501930762821494,0.0001501930762821494,123.442523220848,0,0.0,True,True,True,False,True,False,False,True,True,True,False,2.0902615813378587,False,False,23.05,22.900000000000002,23.05,19.55,40.0,23.25,0,72.32715603115145,2.0872102925474936,1.0,s4_narrow_passage_medium,M4,36
True,16.85,0.704269907309867,0.3600719532079658,False,94.06023151920277,807.072553071477,0.06013316687473991,72.2099906347898,0.09205519048485374,0.7158544772115029,0.006223266826642397,0.006223266826642397,123.87604100898596,0,0.0,True,True,True,False,True,True,False,False,True,True,True,2.084145522788497,False,True,22.8,22.6,22.8,19.55,40.0,23.200000000000003,0,72.31700157014761,2.0872098221316207,1.0,s4_narrow_passage_medium,M4,37
False,16.8,0.7319951564172873,0.33276607849063994,True,93.70568052142261,816.5996240174961,0.06367041198501873,72.18003566123622,0.10053764460752,0.7097237341801169,7.10146258280863e-05,7.10146258280863e-05,123.57035607971491,0,0.0,True,True,True,False,True,False,False,True,True,True,False,2.090276265819883,False,False,22.85,22.75,22.85,19.55,40.0,23.25,0,72.3072770617058,2.0872102830548367,1.0,s4_narrow_passage_medium,M4,38
False,16.900000000000002,0.7245072972685056,0.33636793901142714,True,94.49980863747065,828.820654369149,0.06491885143570537,72.21059234370126,0.09205966598598335,0.715850915050971,0.0062782196862152875,0.0062782196862152875,124.12713980553777,0,0.0,True,True,True,False,True,False,False,True,True,True,False,2.0841490849490287,False,False,22.900000000000002,22.8,22.900000000000002,19.6,40.0,23.150000000000002,0,72.31624177636505,2.0872097516827637,1.0,s4_narrow_passage_medium,M4,39
False,18.75,0.9603628782896207,0.30944436340113174,True,91.4680879017338,906.0559980332149,0.022888056595921764,72.08872908279893,0.10036945679729502,0.7098444241261848,0.00021104991237296794,0.00021104991237296794,124.85454608867444,0,0.0,True,True,True,False,True,False,False,True,True,True,False,2.090155575873815,False,False,24.5,24.3,24.5,21.35,40.0,21.3,0,72.76594844984595,2.0871566514922257,1.0,s4_narrow_passage_medium,M5,10
False,18.75,0.9813469479190744,0.3104420002868187,True,91.24772777074327,929.1835307605571,0.0239284228048273,72.30322694258248,0.10057219717972159,0.7097013940154353,0.00020389202998444202,0.00020389202998444202,124.64300178363389,0,0.0,True,True,True,False,True,False,False,True,True,True,False,2.0902986059845645,False,False,25.05,24.35,25.05,21.35,40.0,21.3,0,72.76566272206853,2.0871545508267224,1.0,s4_narrow_passage_medium,M5,11
False,18.8,0.9687034143796127,0.31276502580402277,True,91.17530237541355,915.0526829833733,0.03058676654182272,72.1908240408558,0.10054058021743824,0.7097211971643071,0.00013766973318913694,0.00013766973318913694,124.73447342318698,0,0.0,True,True,True,False,True,False,False,True,True,True,False,2.0902788028356927,False,False,24.650000000000002,24.55,24.650000000000002,21.400000000000002,40.0,21.25,0,72.69862688418802,2.0871637195287405,1.0,s4_narrow_passage_medium,M5,12
False,18.6,0.9705871421966334,0.3137992223892237,True,91.49791023267676,904.6612132382545,0.018102372034956304,72.21633853954192,0.09204105832549792,0.7158644467855182,0.006163941546245581,0.006163941546245581,124.74895399056848,0,0.0,True,True,True,False,True,False,False,True,True,True,False,2.0841355532144816,False,False,24.8,24.400000000000002,24.8,21.150000000000002,40.0,21.450000000000003,0,72.69616021475048,2.087165923640504,1.0,s4_narrow_passage_medium,M5,13
False,18.35,0.9539964132055385,0.3004100329845106,True,91.62320054270886,885.176626408042,0.0149812734082397,72.33804914083208,0.10065008636345356,0.7096469484074103,9.280899261799371e-05,9.280899261799371e-05,124.4726701044775,0,0.0,True,True,True,False,True,False,False,True,True,True,False,2.0903530515925897,False,False,25.650000000000002,23.950000000000003,25.650000000000002,20.950000000000003,40.0,21.700000000000003,0,72.61936412871698,2.0871702402211287,1.0,s4_narrow_passage_medium,M5,14
False,18.85,0.9752016963008929,0.3215779931649088,True,91.23821565419331,909.9564052327789,0.02871410736579276,72.19433793363113,0.1005408578307662,0.7097210137326154,0.00013645235124481247,0.00013645235124481247,125.03330081241211,0,0.0,True,True,True,False,True,False,False,True,True,True,False,2.0902789862673843,False,False,24.950000000000003,24.55,24.950000000000003,21.450000000000003,40.0,21.200000000000003,0,72.70519602789564,2.087162256853425,1.0,s4_narrow_passage_medium,M5,15
False,18.6,0.9749932751632497,0.307744139811638,True,90.10213381055485,813.3655213243362,0.022055763628797336,72.24825966680248,0.10059244226373854,0.7096855422808394,0.0001584801627383851,0.0001584801627383851,123.40804923595778,0,0.0,True,True,True,False,True,False,False,True,True,True,False,2.0903144577191606,False,False,25.05,24.700000000000003,25.05,21.200000000000003,40.0,21.450000000000003,0,72.69979744816509,2.0871671707593076,1.0,s4_narrow_passage_medium,M5,16
False,18.650000000000002,0.9942079275840865,0.3059330677657531,True,91.39263564473166,885.9802425547687,0.021431543903454017,72.10271983752978,0.1005121366395813,0.7097392353857997,0.0001205924814913916,0.0001205924814913916,124.74496510999984,0,0.0,True,True,True,False,True,False,False,True,True,True,False,2.0902607646142,False,False,24.400000000000002,24.200000000000003,24.400000000000002,21.25,40.0,21.400000000000002,0,72.72561043783853,2.087160778973409,1.0,s4_narrow_passage_medium,M5,17
False,18.85,0.9788192215535887,0.3248236909612229,True,91.48587566950665,923.684087632764,0.024968789013732832,72.23641737128196,0.10055565703085269,0.7097105049628439,0.00017129888476788137,0.00017129888476788137,125.12231773352596,0,0.0,True,True,True,False,True,False,False,True,True,True,False,2.090289495037156,False,False,24.75,24.650000000000002,24.75,21.450000000000003,40.0,21.200000000000003,0,72.70505471161324,2.0871617584370963,1.0,s4_narrow_passage_medium,M5,18
False,18.7,0.9714578928466462,0.30017579338036177,True,89.91074496835907,777.9133712791979,0.020183104452767373,72.0700036305826,0.09648963244626685,0.7126513833851872,0.003130372199157137,0.003130372199157137,124.40458447005443,0,0.0,True,True,True,False,True,False,False,True,True,True,False,2.0873486166148125,False,False,25.05,24.25,25.05,21.25,40.0,21.35,0,74.58503627882587,2.0919174564781726,1.0,s4_narrow_passage_medium,M5,19
False,18.7,0.9895602321194652,0.30863087393044675,True,91.36856306593552,913.4151837984,0.020807324178110695,72.15202529543218,0.09262971719579953,0.7154404713381189,0.005648967477221394,0.005648967477221394,124.86452189730049,0,0.0,True,True,True,False,True,False,False,True,True,True,False,2.084559528661881,False,False,24.400000000000002,24.3,24.400000000000002,21.3,40.0,21.35,0,72.72600427478339,2.0871351293230105,1.0,s4_narrow_passage_medium,M5,20
False,18.85,0.9558004838987266,0.30000699669208203,True,90.4164349094405,807.2511090747764,0.023304203079483977,72.19363722216616,0.10055275965295762,0.7097136061474534,0.00018170111882164844,0.00018170111882164844,123.79642163205983,0,0.0,True,True,True,False,True,False,False,True,True,True,False,2.0902863938525464,False,False,25.25,24.950000000000003,25.25,21.450000000000003,40.0,21.200000000000003,0,72.7112371127526,2.0871539322238037,1.0,s4_narrow_passage_medium,M5,21
False,18.6,0.9739428344428813,0.3099034923779317,True,91.53360104246441,874.0141403469305,0.0178942987931752,72.18890765293936,0.09207071151932626,0.7158426020387543,0.006297390690509945,0.006297390690509945,124.80968012759075,0,0.0,True,True,True,False,True,False,False,True,True,True,False,2.0841573979612456,False,False,24.700000000000003,24.5,24.700000000000003,21.150000000000002,40.0,21.450000000000003,0,72.61094685491884,2.087172951001342,1.0,s4_narrow_passage_medium,M5,22
False,18.45,0.9839168690037889,0.3014515051286622,True,91.32198067519577,874.3974185873806,0.018518518518518517,72.17065916362512,0.10033708209229862,0.709868634064773,0.0003250537811621527,0.0003250537811621527,124.33344976833325,0,0.0,True,True,True,False,True,False,False,True,True,True,False,2.090131365935227,False,False,24.75,24.05,24.75,21.05,40.0,21.6,0,72.6515048521938,2.0871679086139956,1.0,s4_narrow_passage_medium,M5,23
False,18.650000000000002,0.978618103871616,0.2992671108258218,True,91.29751802572274,882.7445464231935,0.02247191011235955,72.17314398205227,0.10053047687083982,0.7097291638802807,3.5786390645076196e-05,3.5786390645076196e-05,124.67425383022348,0,0.0,True,True,True,False,True,False,False,True,True,True,False,2.090270836119719,False,False,24.55,24.35,24.55,21.25,40.0,21.400000000000002,0,72.63126265716211,2.087172225819539,1.0,s4_narrow_passage_medium,M5,24
False,18.7,0.9719236149867616,0.3056913953032653,True,91.47022769892202,909.3488230181837,0.02372034956304619,72.21104697963551,0.10053113780463319,0.7097281812457465,9.992418699370936e-05,9.992418699370936e-05,124.99540257435243,0,0.0,True,True,True,False,True,False,False,True,True,True,False,2.0902718187542533,False,False,24.55,24.55,24.55,21.3,40.0,21.35,0,72.65884683095754,2.0871697817253976,1.0,s4_narrow_passage_medium,M5,25
False,18.7,0.9671007694731697,0.30454612664559233,True,91.52394499380091,905.2376199038331,0.023304203079483977,72.12872594591278,0.09210740689814571,0.715815930919863,0.006327801701542817,0.006327801701542817,124.99913584641386,0,0.0,True,True,True,False,True,False,False,True,True,True,False,2.0841840690801368,False,False,24.400000000000002,24.3,24.400000000000002,21.3,40.0,21.35,0,72.75564222473434,2.0871575752663345,1.0,s4_narrow_passage_medium,M5,26
False,18.45,1.0180850513248958,0.3158826244537005,True,91.19941414925569,882.861772554993,0.01706200582605077,72.16797477229795,0.09206902053819893,0.7158445748400998,0.00633512461240964,0.00633512461240964,124.34924821110899,0,0.0,True,True,True,False,True,False,False,True,True,True,False,2.0841554251599,False,False,24.3,24.200000000000003,24.3,21.1,40.0,21.6,0,72.57841562520936,2.0871787777544757,1.0,s4_narrow_passage_medium,M5,27
False,18.7,0.9883318016013745,0.3167934951120459,True,91.76256540072016,903.3156867839967,0.01976695796920516,72.13971648856676,0.09210476964245096,0.7158186553943694,0.00630958507671953,0.00630958507671953,125.02235717279937,0,0.0,True,True,True,False,True,False,False,True,True,True,False,2.0841813446056303,False,False,24.5,24.3,24.5,21.25,40.0,21.35,0,72.74608758454471,2.0871587087740333,1.0,s4_narrow_passage_medium,M5,28
False,18.8,0.9727869898159336,0.3092822033473617,True,91.2665459935094,899.5897380425522,0.023304203079483977,72.23208342198328,0.0920472864904857,0.7158597655549458,0.006211113352354389,0.006211113352354389,124.71951486027243,0,0.0,True,True,True,False,True,False,False,True,True,True,False,2.084140234445054,False,False,25.0,24.6,25.0,21.400000000000002,40.0,21.25,0,72.6826184231266,2.087161109913902,1.0,s4_narrow_passage_medium,M5,29
False,18.6,0.9906393107427414,0.31182389921122716,True,91.53243841352493,886.7466565907748,0.021639617145235122,72.17623210709162,0.0920640506670206,0.7158473980569066,0.006282314144054889,0.006282314144054889,124.74123830478986,0,0.0,True,True,True,False,True,False,False,True,True,True,False,2.084152601943093,False,False,24.400000000000002,24.3,24.400000000000002,21.200000000000003,40.0,21.450000000000003,0,72.62234658999375,2.0871719359857552,1.0,s4_narrow_passage_medium,M5,30
False,18.45,0.994346390107421,0.31005617183449286,True,90.19954087248527,808.0143899576153,0.017270079067831876,72.21123231362594,0.09206002302819839,0.7158508959721028,0.006300913597844201,0.006300913597844201,123.21289853224471,0,0.0,True,True,True,False,True,False,False,True,True,True,False,2.084149104027897,False,False,24.900000000000002,24.55,24.900000000000002,21.05,40.0,21.6,0,72.60676640989628,2.0871795549135395,1.0,s4_narrow_passage_medium,M5,31
False,18.650000000000002,0.9932835326187492,0.32436707470583526,True,91.6777662064726,914.8026684213742,0.02455264253017062,72.21039103172873,0.10066617470267207,0.7096312027041823,0.00019971322132183948,0.00019971322132183948,125.0057620801538,0,0.0,True,True,True,False,True,False,False,True,True,True,False,2.0903687972958176,False,False,25.950000000000003,24.25,25.950000000000003,21.25,40.0,21.400000000000002,0,72.71571757053047,2.0871541476929907,1.0,s4_narrow_passage_medium,M5,32
False,18.75,0.9661860037269399,0.30348744067616534,True,91.64514546406622,902.5738427718691,0.022263836870578445,72.1872039668789,0.10054615186206971,0.7097172463654804,0.0001370385034332481,0.0001370385034332481,125.10014021248813,0,0.0,True,True,True,False,True,False,False,True,True,True,False,2.0902827536345194,False,False,24.650000000000002,24.55,24.650000000000002,21.35,40.0,21.3,0,72.66968571097549,2.0871676936437207,1.0,s4_narrow_passage_medium,M5,33
False,18.6,0.9989419482275192,0.30720676446417633,True,91.61156144722226,917.2886828822952,0.021015397419891804,72.4447238867474,0.09983145535905963,0.7102364600305302,0.0008026973112367047,0.0008026973112367047,124.74153327950727,0,0.0,True,True,True,False,True,False,False,True,True,True,False,2.0897635399694696,False,False,24.150000000000002,24.150000000000002,24.150000000000002,21.150000000000002,40.0,21.450000000000003,0,72.66961565779076,2.087155211747101,1.0,s4_narrow_passage_medium,M5,34
False,18.55,1.0040342007912189,0.3101142980255845,True,91.25559756611275,896.6984567846885,0.022055763628797336,72.32939612074438,0.10058650619424976,0.7096928467567062,0.00010348073230336605,0.00010348073230336605,124.61592970392013,0,0.0,True,True,True,False,True,False,False,True,True,True,False,2.0903071532432937,False,False,24.150000000000002,24.150000000000002,24.150000000000002,21.200000000000003,40.0,21.5,0,72.69420434531706,2.0871612322487114,1.0,s4_narrow_passage_medium,M5,35
False,18.8,0.9730617157911305,0.31333383369501516,True,91.29770435728204,903.6292548662943,0.02184769038701623,72.17166547107514,0.09206722587915696,0.7158450667755952,0.006282563555038128,0.006282563555038128,124.8426097183218,0,0.0,True,True,True,False,True,False,False,True,True,True,False,2.0841549332244047,False,False,24.6,24.6,24.6,21.35,40.0,21.25,0,72.6779784288103,2.0871632856834306,1.0,s4_narrow_passage_medium,M5,36
False,18.7,1.003439480543469,0.3200445843517775,True,91.48440580144,898.6341296573737,0.021015397419891804,72.21935176183551,0.09205348386493044,0.7158551366312208,0.006247667407821072,0.006247667407821072,124.96647990002981,0,0.0,True,True,True,False,True,False,False,True,True,True,False,2.084144863368779,False,False,24.900000000000002,24.5,24.900000000000002,21.3,40.0,21.35,0,72.64963044470741,2.087167096877983,1.0,s4_narrow_passage_medium,M5,37
False,18.75,0.9892290725269108,0.3165436557824202,True,90.9650470580367,910.5857170099833,0.02372034956304619,72.1752511039932,0.09206864626867894,0.715844041744468,0.006285447112289434,0.006285447112289434,124.61915038424878,0,0.0,True,True,True,False,True,False,False,True,True,True,False,2.084155958255532,False,False,24.6,24.6,24.6,21.35,40.0,21.3,0,72.67845187603771,2.0871634008239153,1.0,s4_narrow_passage_medium,M5,38
False,18.8,0.9796737987777921,0.3068510442321839,True,91.34871684317432,887.8534656510146,0.02663337494798169,72.19472972986864,0.10054141255259486,0.7097210747506363,3.893929723268925e-05,3.893929723268925e-05,124.9185072034505,0,0.0,True,True,True,False,True,False,False,True,True,True,False,2.0902789252493634,False,False,24.75,24.650000000000002,24.75,21.400000000000002,40.0,21.25,0,72.63300671918043,2.0871659428369806,1.0,s4_narrow_passage_medium,M5,39
False,16.85,0.5755831642264935,0.29014791412614177,True,95.02456466589992,800.7499636716952,0.05846858094049105,80.30011459313951,0.06328391552696998,0.4943082436093083,0.00683815382809691,0.00683815382809691,125.65469821068037,0,0.0,True,True,True,False,True,False,False,True,True,True,False,2.3056917563906913,False,False,22.85,22.55,22.85,19.55,40.0,23.200000000000003,0,79.19350049046318,2.303281901957901,1.0,s4_narrow_passage_medium,M6,10
False,16.85,0.6893063611839099,0.2890655807366184,True,94.32273823303669,791.7360595800907,0.06138160632542655,80.3274549146728,0.06035648055171475,0.49692017217313555,0.003960935337339154,0.003960935337339154,124.91805135362836,0,0.0,True,True,True,False,True,False,False,True,True,True,False,2.3030798278268643,False,False,23.0,22.650000000000002,23.0,19.55,40.0,23.200000000000003,0,79.02190051545057,2.303779341254323,1.0,s4_narrow_passage_medium,M6,11
False,16.900000000000002,0.7102255468050604,0.2887689977660226,True,95.20370304569644,833.1949637781306,0.06928838951310862,80.2557330156778,0.06067261893284375,0.4962693227402257,0.005047823738939707,0.005047823738939707,125.47163045533253,0,0.0,True,True,True,False,True,False,False,True,True,True,False,2.3037306772597743,False,False,23.1,22.6,23.1,19.55,40.0,23.150000000000002,0,78.83448444529557,2.304094284727359,1.0,s4_narrow_passage_medium,M6,12
False,16.650000000000002,0.6068264511984498,0.2878926373942648,True,94.71762603133364,784.7348846703167,0.05659592176446109,80.33347171143251,0.06053922871842644,0.49921421301146757,0.009386838228292452,0.009386838228292452,125.22652269200768,0,0.0,True,True,True,False,True,False,False,True,True,True,False,2.3007857869885324,False,False,22.75,22.650000000000002,22.75,19.400000000000002,40.0,23.400000000000002,0,79.26051259114715,2.3032797413522696,1.0,s4_narrow_passage_medium,M6,13
False,16.650000000000002,0.6309268283560561,0.2915200638534662,True,95.02814676631824,797.3559281785514,0.05222638368705784,80.29157616985351,0.06451587953063893,0.49308905551039267,0.007823761004666738,0.007823761004666738,125.49263281048269,0,0.0,True,True,True,False,True,False,False,True,True,True,False,2.306910944489607,False,False,23.1,22.650000000000002,23.1,19.400000000000002,40.0,23.400000000000002,0,79.43575642914055,2.3029452220386872,1.0,s4_narrow_passage_medium,M6,14
False,16.95,0.6279908624824173,0.2866716916064413,True,94.09265103165802,739.3379499934681,0.0628381190178943,80.3351975402883,0.06394973888288687,0.4936686440512308,0.008348653429763066,0.008348653429763066,125.1246349870732,0,0.0,True,True,True,False,True,False,False,True,True,True,False,2.3063313559487693,False,False,23.6,23.1,23.6,19.650000000000002,40.0,23.1,0,79.602990310976,2.3027291369111267,1.0,s4_narrow_passage_medium,M6,15
False,16.75,0.5857480745817158,0.2856282783182352,True,94.27094417372201,751.2439857267515,0.05826050769870995,80.40051661979926,0.060239293497706715,0.4992685638175048,0.009933068392732846,0.009933068392732846,125.14215190257565,0,0.0,True,True,True,False,True,False,False,True,True,True,False,2.300731436182495,False,False,23.05,22.400000000000002,23.05,19.450000000000003,40.0,23.3,0,79.97195728742454,2.3028087991014807,1.0,s4_narrow_passage_medium,M6,16
False,16.7,0.6852356348291206,0.29295112647619803,True,95.8471384022827,836.442580683143,0.060965459841864335,80.37008065747628,0.06046956941461671,0.4968147042668374,0.003387221424570808,0.003387221424570808,126.04963250122586,0,0.0,True,True,True,False,True,False,False,True,True,True,False,2.3031852957331624,False,False,22.950000000000003,22.35,22.950000000000003,19.400000000000002,40.0,23.35,0,79.45512766790391,2.3030082338026747,1.0,s4_narrow_passage_medium,M6,17
False,16.95,0.6371766401540515,0.29047298356655504,True,94.44520652119478,797.6937611276325,0.05826050769870995,80.32603409070296,0.06245265317172153,0.4954593535831597,0.005482494529017222,0.005482494529017222,125.39936780650473,0,0.0,True,True,True,False,True,False,False,True,True,True,False,2.3045406464168403,False,False,22.950000000000003,22.650000000000002,22.950000000000003,19.650000000000002,40.0,23.1,0,79.22853486760467,2.303230227580796,1.0,s4_narrow_passage_medium,M6,18
False,16.650000000000002,0.6372551842491678,0.28666514257847087,True,94.65050533433482,760.922395793023,0.0599250936329588,80.17791276530585,0.061585086213854084,0.49616242432554564,0.005049915396482477,0.005049915396482477,125.20919733571549,0,0.0,True,True,True,False,True,False,False,True,True,True,False,2.303837575674454,False,False,22.75,22.650000000000002,22.75,19.450000000000003,40.0,23.400000000000002,0,79.16400701954097,2.303041252282112,1.0,s4_narrow_passage_medium,M6,19
False,16.75,0.7404959686190582,0.2889045289972193,True,95.24946421734748,809.4085481848183,0.06304619225967541,80.30087077409448,0.06131035013281163,0.49546640077895393,0.005448972185813267,0.005448972185813267,125.61418044727465,0,0.0,True,True,True,False,True,False,False,True,True,True,False,2.304533599221046,False,False,22.900000000000002,22.450000000000003,22.900000000000002,19.450000000000003,40.0,23.3,0,79.07183316165407,2.3035759782018688,1.0,s4_narrow_passage_medium,M6,20
False,17.0,0.6697401771600038,0.2932772918408079,True,95.52317514699732,820.1007347938923,0.05867665418227216,80.32151926086084,0.05980318921032326,0.49746738988767597,0.0029928406170822847,0.0029928406170822847,126.16886175754473,0,0.0,True,True,True,False,True,False,False,True,True,True,False,2.302532610112324,False,False,22.75,22.650000000000002,22.75,19.700000000000003,40.0,23.05,0,79.52667798557421,2.302949158070947,1.0,s4_narrow_passage_medium,M6,21
False,16.400000000000002,0.6054758899660182,0.2865572104704852,True,94.32993183629507,692.1681975255146,0.06179775280898876,80.33461449559796,0.06029604041281498,0.49919227142227385,0.009827752797702677,0.009827752797702677,124.59763472982117,0,0.0,True,True,True,False,True,False,False,True,True,True,False,2.300807728577726,False,False,23.25,22.8,23.25,19.3,40.0,23.650000000000002,0,79.74313393951968,2.302704125141956,1.0,s4_narrow_passage_medium,M6,22
False,16.25,0.5789270299969218,0.2824378993887437,True,95.29841932363446,775.5407235516864,0.06013316687473991,79.99936425411252,0.06076011901375613,0.49821583504816624,0.009179809661978762,0.009179809661978762,125.31461583389958,0,0.0,True,True,True,False,True,False,False,True,True,True,False,2.3017841649518336,False,False,22.450000000000003,22.1,22.450000000000003,19.25,40.0,23.8,0,79.49035621788398,2.3027249059938586,1.0,s4_narrow_passage_medium,M6,23
False,16.150000000000002,0.6658639281849961,0.2894066593223876,True,95.04331323103798,753.1977803132535,0.060549313358302125,80.46816614968282,0.06390974677696566,0.49358848099617836,0.0073470962109687095,0.0073470962109687095,125.73857590668648,0,0.0,True,True,True,False,True,False,False,True,True,True,False,2.3064115190038215,False,False,23.200000000000003,22.3,23.200000000000003,19.3,40.0,23.900000000000002,0,81.74320355194288,2.3027428607205804,1.0,s4_narrow_passage_medium,M6,24
False,16.75,0.6849198700132735,0.2879066172457052,True,95.41452850151762,826.4309393286314,0.060965459841864335,80.16345680969661,0.05798487721669477,0.5012205949900804,0.014882211272703408,0.014882211272703408,125.63491368597866,0,0.0,True,True,True,False,True,False,False,True,True,True,False,2.2987794050099195,False,False,23.1,22.700000000000003,23.1,19.450000000000003,40.0,23.3,0,78.7248364828199,2.303989851716385,1.0,s4_narrow_passage_medium,M6,25
False,16.8,0.709259107916633,0.2930212243455211,True,95.08270249161848,820.485566749824,0.06803995006242197,80.35591684488669,0.060079563697689714,0.4972615936640355,0.0029166621786430973,0.0029166621786430973,125.67443471237486,0,0.0,True,True,True,False,True,False,False,True,True,True,False,2.302738406335964,False,False,23.05,22.450000000000003,23.05,19.450000000000003,40.0,23.25,0,79.5148273668219,2.302931067172565,1.0,s4_narrow_passage_medium,M6,26
False,16.650000000000002,0.6168013856142764,0.29095982397794434,True,95.02743238037748,799.2600228135778,0.05160216396171453,80.26243748240789,0.05914949229000197,0.5005066878655148,0.01106303626012835,0.01106303626012835,125.52017421196348,0,0.0,True,True,True,False,True,False,False,True,True,True,False,2.299493312134485,False,False,22.8,22.450000000000003,22.8,19.400000000000002,40.0,23.400000000000002,0,79.52603512447011,2.302920295205652,1.0,s4_narrow_passage_medium,M6,27
False,16.8,0.6545762003979811,0.29036424872769256,True,94.91455735900415,800.8174139647163,0.057220141489804414,80.36092517987579,0.060720560299460276,0.49928208373486505,0.008907796240430048,0.008907796240430048,125.53188396855981,0,0.0,True,True,True,False,True,False,False,True,True,True,False,2.3007179162651346,False,False,23.25,22.85,23.25,19.5,40.0,23.25,0,79.34125647180483,2.3032021665145788,1.0,s4_narrow_passage_medium,M6,28
False,16.650000000000002,0.6025861375666801,0.28334033296392064,True,94.63078428552367,764.007344063406,0.0599250936329588,79.97052018556712,0.058219301844193244,0.5004423851608503,0.013647047091026581,0.013647047091026581,125.15474101465423,0,0.0,True,True,True,False,True,False,False,True,True,True,False,2.2995576148391494,False,False,22.700000000000003,22.35,22.700000000000003,19.5,40.0,23.400000000000002,0,79.39206307692108,2.3026898380328378,1.0,s4_narrow_passage_medium,M6,29
False,16.7,0.6362137891112145,0.2875531662783619,True,95.6126616158023,801.7980015158288,0.05742821473158552,80.26531831583316,0.058198902763851666,0.5013098245075402,0.013500378353934871,0.013500378353934871,125.61522019614519,0,0.0,True,True,True,False,True,False,False,True,True,True,False,2.2986901754924594,False,False,23.05,22.450000000000003,23.05,19.400000000000002,40.0,23.35,0,79.14988116647385,2.303443292406971,1.0,s4_narrow_passage_medium,M6,30
False,16.3,0.6096430251151117,0.28571722790742177,True,94.20194079109913,707.5359954955967,0.0597170203911777,80.31815562038815,0.06199138799001303,0.495936921746069,0.004216867900845381,0.004216867900845381,124.30528084172781,0,0.0,True,True,True,False,True,False,False,True,True,True,False,2.3040630782539306,False,False,23.150000000000002,22.650000000000002,23.150000000000002,19.200000000000003,40.0,23.75,0,79.71805051268404,2.302712677854488,1.0,s4_narrow_passage_medium,M6,31
False,16.75,0.6804405293754516,0.2908245887518335,True,95.48088446064585,825.0337878596848,0.06346233874323762,80.2976298898238,0.06395761730040818,0.4938895105616164,0.007164769958482832,0.007164769958482832,125.78123929155163,0,0.0,True,True,True,False,True,False,False,True,True,True,False,2.3061104894383835,False,False,22.55,22.450000000000003,22.55,19.450000000000003,40.0,23.3,0,79.25787555444319,2.303426228172149,1.0,s4_narrow_passage_medium,M6,32
False,16.85,0.7347123875144728,0.28760905371963025,True,94.92489002231133,790.9814246982785,0.05888472742405327,80.28709645264675,0.0638635875799546,0.4939759616173716,0.007073056930675564,0.007073056930675564,125.59111687124803,0,0.0,True,True,True,False,True,False,False,True,True,True,False,2.306024038382628,False,False,22.85,22.650000000000002,22.85,19.55,40.0,23.200000000000003,0,79.19701596216488,2.3032908236845158,1.0,s4_narrow_passage_medium,M6,33
False,16.7,0.6913932787979704,0.27172268946788597,True,95.08062819700227,784.4566166352661,0.05368289637952559,80.28715642075349,0.061715683459072745,0.49615410649657665,0.004202934263912248,0.004202934263912248,125.54712598218038,0,0.0,True,True,True,False,True,False,False,True,True,True,False,2.303845893503423,False,False,22.950000000000003,22.650000000000002,22.950000000000003,19.35,40.0,23.35,0,79.73825063162195,2.3027988628730274,1.0,s4_narrow_passage_medium,M6,34
False,16.85,0.7173427243412227,0.28841141151876326,True,94.96091111510114,814.6845775798996,0.0628381190178943,80.25214996837575,0.06357430740905,0.4936893397296385,0.010357261998006777,0.010357261998006777,125.65206509163093,0,0.0,True,True,True,False,True,False,False,True,True,True,False,2.3063106602703614,False,False,23.400000000000002,22.700000000000003,23.400000000000002,19.55,40.0,23.200000000000003,0,79.06591963353998,2.3036437982851385,1.0,s4_narrow_passage_medium,M6,35
False,16.6,0.5379443240389974,0.28990723276476277,True,94.78416381624491,761.1529489310116,0.062005826050769874,80.12599607549693,0.05793860858277957,0.500962892743038,0.014443776188646347,0.014443776188646347,125.23603526531551,0,0.0,True,True,True,False,True,False,False,True,True,True,False,2.2990371072569618,False,False,23.400000000000002,22.400000000000002,23.400000000000002,19.450000000000003,40.0,23.450000000000003,0,79.48027616668676,2.302731306555903,1.0,s4_narrow_passage_medium,M6,36
False,16.85,0.7045065651830933,0.2885652784685472,True,94.83691487271633,789.2483000744211,0.0597170203911777,80.2718437926892,0.06061069665324148,0.499078784930145,0.009453230515623764,0.009453230515623764,125.50890639671447,0,0.0,True,True,True,False,True,False,False,True,True,True,False,2.300921215069855,False,False,23.1,22.6,23.1,19.55,40.0,23.200000000000003,0,79.12542840601296,2.303458649000189,1.0,s4_narrow_passage_medium,M6,37
False,16.8,0.7319812587553456,0.28753401522107463,True,94.46585706075511,786.7906537511046,0.06387848522679983,80.31107670691377,0.05779132638431256,0.5015102163868398,0.014905043271782683,0.014905043271782683,125.22351422370306,0,0.0,True,True,True,False,True,False,False,True,True,True,False,2.29848978361316,False,False,23.0,22.6,23.0,19.55,40.0,23.25,0,79.22142081945421,2.303223329899404,1.0,s4_narrow_passage_medium,M6,38
False,16.900000000000002,0.7244527905881328,0.28751629991893884,True,95.24393581252565,802.7038359815202,0.06471077819392426,80.28643820742953,0.06440598896299189,0.493169003283403,0.008873399219146608,0.008873399219146608,125.74498788808532,0,0.0,True,True,True,False,True,False,False,True,True,True,False,2.306830996716597,False,False,22.900000000000002,22.900000000000002,22.900000000000002,19.6,40.0,23.150000000000002,0,79.09743123340306,2.30326056112646,1.0,s4_narrow_passage_medium,M6,39
False,18.75,0.9601798504974675,0.29321669430559805,True,92.27143129326193,883.6458978927533,0.023512276321265086,80.22936568901125,0.060537782539553255,0.499020962389426,0.010218797265004614,0.010218797265004614,126.4640143161243,0,0.0,True,True,True,False,True,False,False,True,True,True,False,2.3009790376105737,False,False,24.3,24.3,24.3,21.35,40.0,21.3,0,78.69551791019508,2.30363708222087,1.0,s4_narrow_passage_medium,M7,10
False,18.75,0.9814572801709589,0.2932712318697366,True,92.06078906345941,907.1393313454521,0.0239284228048273,80.21232014539936,0.060541582712342674,0.49634507287110935,0.005285435943267387,0.005285435943267387,126.24839082560543,0,0.0,True,True,True,False,True,False,False,True,True,True,False,2.3036549271288904,False,False,24.5,24.3,24.5,21.35,40.0,21.3,0,78.63289448989349,2.3036517864848323,1.0,s4_narrow_passage_medium,M7,11
False,18.8,0.968719366199865,0.28724168442336845,True,91.84886814131329,890.1993549148322,0.03058676654182272,79.9942796092325,0.061623597687481275,0.4957623057558929,0.007281815031648901,0.007281815031648901,126.06928226239751,0,0.0,True,True,True,False,True,False,False,True,True,True,False,2.3042376942441067,False,False,24.75,24.75,24.75,21.400000000000002,40.0,21.25,0,78.27532619805477,2.3042552044873013,1.0,s4_narrow_passage_medium,M7,12
False,18.6,0.9697421502099928,0.2882236008807173,True,92.08020272010765,880.2316819452427,0.018726591760299626,80.25308707907618,0.0634392571960002,0.49378155342630947,0.01094530555584219,0.01094530555584219,126.24781948457519,0,0.0,True,True,True,False,True,False,False,True,True,True,False,2.3062184465736904,False,False,24.75,24.25,24.75,21.150000000000002,40.0,21.450000000000003,0,78.92689176456781,2.303347599098137,1.0,s4_narrow_passage_medium,M7,13
False,18.35,0.9565103471348981,0.29419047046343244,True,92.64548913190481,852.1945277040084,0.013108614232209739,79.93705646586834,0.059342402266703446,0.49700366523687595,0.004941683022570054,0.004941683022570054,126.26199730297594,0,0.0,True,True,True,False,True,False,False,True,True,True,False,2.3029963347631237,False,False,24.05,23.950000000000003,24.05,20.950000000000003,40.0,21.700000000000003,0,78.65884555379405,2.303164480457605,1.0,s4_narrow_passage_medium,M7,14
False,18.85,0.9750913481571486,0.28886308195839144,True,92.22771001022298,892.6516025563255,0.027673741156887224,80.14462453118834,0.061130370270496386,0.49533281577988597,0.006635703266594341,0.006635703266594341,126.69037200793615,0,0.0,True,True,True,False,True,False,False,True,True,True,False,2.304667184220114,False,False,25.0,24.5,25.0,21.400000000000002,40.0,21.200000000000003,0,78.5662028776095,2.3036478998007874,1.0,s4_narrow_passage_medium,M7,15
False,18.6,0.9750619992157936,0.287079288840555,True,91.70103825171012,864.4379328080026,0.02247191011235955,80.18424582804381,0.057755142571681524,0.5013785375674026,0.01583646641489904,0.01583646641489904,125.89763463819375,0,0.0,True,True,True,False,True,False,False,True,True,True,False,2.2986214624325974,False,False,24.55,24.55,24.55,21.200000000000003,40.0,21.450000000000003,0,78.59465012230997,2.303995363885962,1.0,s4_narrow_passage_medium,M7,16
False,18.650000000000002,0.993849289813008,0.28715783868096484,True,91.89355116534533,850.4161896518613,0.02267998335414066,80.16296863984273,0.06358891784311302,0.49370209614848853,0.011151237582657807,0.011151237582657807,126.06361845549009,0,0.0,True,True,True,False,True,False,False,True,True,True,False,2.3062979038515112,False,False,24.35,24.35,24.35,21.25,40.0,21.400000000000002,0,78.40358299685768,2.3041854988130424,1.0,s4_narrow_passage_medium,M7,17
False,18.85,0.9802205359001015,0.29320354554642236,True,92.26157175765034,909.3062332137713,0.025593008739076155,80.24275747360328,0.060746580798563266,0.4991293759088999,0.00975293857101428,0.00975293857101428,126.62659264128388,0,0.0,True,True,True,False,True,False,False,True,True,True,False,2.3008706240911,False,False,24.400000000000002,24.400000000000002,24.400000000000002,21.450000000000003,40.0,21.200000000000003,0,78.64822999368644,2.303861647086406,1.0,s4_narrow_passage_medium,M7,18
False,18.7,0.9713770758418085,0.2915082405933822,True,91.3159117479695,802.2306759909534,0.02039117769454848,80.58176119536078,0.060839346848581256,0.4962168705864392,0.0029586047571495814,0.0029586047571495814,125.9282461995505,0,0.0,True,True,True,False,True,False,False,True,True,True,False,2.3037831294135604,False,False,25.05,24.650000000000002,25.05,21.25,40.0,21.35,0,81.26780029329176,2.303245914769158,1.0,s4_narrow_passage_medium,M7,19
False,18.7,0.9896688294485652,0.2932825207558286,True,92.16542798821654,883.1347125992397,0.020807324178110695,80.2169068498528,0.06045515071776931,0.49914013903721455,0.010598725612741531,0.010598725612741531,126.4797123579306,0,0.0,True,True,True,False,True,False,False,True,True,True,False,2.3008598609627855,False,False,24.650000000000002,24.3,24.650000000000002,21.3,40.0,21.35,0,78.63562653939539,2.3036803431665738,1.0,s4_narrow_passage_medium,M7,20
False,18.75,0.9082656953607915,0.293588307203561,True,92.20037481400686,878.0875893982873,0.02039117769454848,79.95185976217871,0.062058264153506994,0.4954675307219372,0.008951403408319597,0.008951403408319597,126.00268353479986,0,0.0,True,True,True,False,True,False,False,True,True,True,False,2.3045324692780627,False,False,25.25,24.35,25.25,21.35,40.0,21.3,0,76.56908000855474,2.3035715355885538,1.0,s4_narrow_passage_medium,M7,21
False,18.6,0.9733310619835109,0.28795044230631045,True,92.32657267937651,859.769111669417,0.0178942987931752,80.25097585719365,0.06400147399721623,0.49378042367091474,0.007783918821703014,0.007783918821703014,126.43617846251914,0,0.0,True,True,True,False,True,False,False,True,True,True,False,2.306219576329085,False,False,24.25,24.25,24.25,21.150000000000002,40.0,21.450000000000003,0,78.89255279854522,2.3034314559929605,1.0,s4_narrow_passage_medium,M7,22
False,18.45,0.9840874654140881,0.2872396416302067,True,91.80270142454079,835.9748082203846,0.01976695796920516,80.20694121990358,0.05776636628291074,0.5014607675060315,0.015841076171201042,0.015841076171201042,125.63873266855106,0,0.0,True,True,True,False,True,False,False,True,True,True,False,2.2985392324939684,False,False,24.35,24.150000000000002,24.35,21.05,40.0,21.6,0,78.52625083165668,2.30420282311478,1.0,s4_narrow_passage_medium,M7,23
False,18.650000000000002,0.9786244014420336,0.2879827559574138,True,91.98903118269799,871.4859435131618,0.022263836870578445,80.15020638585824,0.06054077949770448,0.49899277230326794,0.010651519647530916,0.010651519647530916,126.14584237741599,0,0.0,True,True,True,False,True,False,False,True,True,True,False,2.301007227696732,False,False,24.35,24.35,24.35,21.25,40.0,21.400000000000002,0,78.51025193297987,2.3041033365343795,1.0,s4_narrow_passage_medium,M7,24
False,18.7,0.9721429554843655,0.2873506865175948,True,92.41717246305988,891.4548883216764,0.02247191011235955,80.26762741727467,0.058737094662202526,0.5008310570439437,0.013130612043141813,0.013130612043141813,126.7486982095497,0,0.0,True,True,True,False,True,False,False,True,True,True,False,2.2991689429560562,False,False,25.0,24.5,25.0,21.3,40.0,21.35,0,78.84621560123063,2.3034669897447317,1.0,s4_narrow_passage_medium,M7,25
False,18.7,0.9678691553659802,0.2942907665491677,True,92.30555197659574,895.0717392480437,0.023304203079483977,79.88846979134007,0.058155970812825315,0.5004713352466444,0.014642532013602905,0.014642532013602905,126.61110590798268,0,0.0,True,True,True,False,True,False,False,True,True,True,False,2.2995286647533555,False,False,24.5,24.3,24.5,21.3,40.0,21.35,0,78.41776318845764,2.3031295478256,1.0,s4_narrow_passage_medium,M7,26
False,18.45,1.0190630968222607,0.29331971733333095,True,92.17054427236295,865.0844049844327,0.01643778610070745,80.23375464736608,0.058920339968607786,0.5006423996103452,0.012539601573745599,0.012539601573745599,126.07550757579033,0,0.0,True,True,True,False,True,False,False,True,True,True,False,2.2993576003896545,False,False,24.05,24.05,24.05,21.05,40.0,21.6,0,78.85906931886217,2.3035903558682502,1.0,s4_narrow_passage_medium,M7,27
False,18.7,0.9888008568580113,0.29308919127558297,True,92.50800517969448,887.237138710803,0.01976695796920516,80.28848859023726,0.06448697865387389,0.49322182425370475,0.00860413333230281,0.00860413333230281,126.64819145970844,0,0.0,True,True,True,False,True,False,False,True,True,True,False,2.3067781757462953,False,False,25.3,24.5,25.3,21.25,40.0,21.35,0,78.65258324199404,2.303215290474701,1.0,s4_narrow_passage_medium,M7,28
False,18.8,0.972864562577161,0.2882335092269788,True,91.96430704559073,880.697531148107,0.023304203079483977,80.21750889485827,0.061644067434303645,0.4964612081322282,0.005710328965673356,0.005710328965673356,126.13416981862476,0,0.0,True,True,True,False,True,False,False,True,True,True,False,2.3035387918677714,False,False,24.8,24.700000000000003,24.8,21.400000000000002,40.0,21.25,0,78.49973431553208,2.3043407677317185,1.0,s4_narrow_passage_medium,M7,29
False,18.6,0.9905098921990974,0.2875650811848983,True,92.24646164889725,868.526468901103,0.021639617145235122,80.21414672152474,0.06433748309202833,0.4933147017589757,0.008868390463665938,0.008868390463665938,126.18738225723224,0,0.0,True,True,True,False,True,False,False,True,True,True,False,2.306685298241024,False,False,24.900000000000002,24.400000000000002,24.900000000000002,21.200000000000003,40.0,21.450000000000003,0,78.6082798756251,2.304224878160624,1.0,s4_narrow_passage_medium,M7,30
False,18.45,0.9950284019233189,0.2871899900106408,True,91.72804883574557,854.0980055734933,0.017478152309612985,80.22782121011879,0.05889503618549075,0.5007050750298603,0.012747508594523367,0.012747508594523367,125.66190826131842,0,0.0,True,True,True,False,True,False,False,True,True,True,False,2.2992949249701393,False,False,24.700000000000003,24.25,24.700000000000003,21.05,40.0,21.6,0,78.71398555655587,2.3039065588482637,1.0,s4_narrow_passage_medium,M7,31
False,18.650000000000002,0.9932543385545538,0.2874061920696731,True,92.13714080733484,870.9541240847543,0.025801081980857263,80.16996711195641,0.06345953875198199,0.4937702123706704,0.011699153675442291,0.011699153675442291,126.25472043942797,0,0.0,True,True,True,False,True,False,False,True,True,True,False,2.3062297876293294,False,False,24.75,24.35,24.75,21.25,40.0,21.400000000000002,0,78.33186515767801,2.3044845854904907,1.0,s4_narrow_passage_medium,M7,32
False,18.75,0.9674483507534861,0.2877223469204675,True,92.42084385211601,889.3965981245291,0.022263836870578445,80.17523433438528,0.05867973704102008,0.500695148872505,0.013874637175799842,0.013874637175799842,126.65856082470447,0,0.0,True,True,True,False,True,False,False,True,True,True,False,2.299304851127495,False,False,24.75,24.650000000000002,24.75,21.35,40.0,21.3,0,78.64797895588117,2.3035504646696427,1.0,s4_narrow_passage_medium,M7,33
False,18.6,0.9995742642728207,0.29362697039106334,True,92.35804993241936,889.9473404070128,0.019350811485642945,80.16276580994334,0.06374909436772598,0.49383184729592794,0.00817814513069939,0.00817814513069939,126.40481554084691,0,0.0,True,True,True,False,True,False,False,True,True,True,False,2.306168152704072,False,False,24.150000000000002,24.150000000000002,24.150000000000002,21.200000000000003,40.0,21.450000000000003,0,78.74209832130573,2.3035205600911466,1.0,s4_narrow_passage_medium,M7,34
False,18.55,1.0036712886186205,0.28744609863545534,True,92.03698583517917,866.7310709213083,0.02184769038701623,80.26075077234148,0.06226203648158817,0.4956015019065636,0.005950313248789498,0.005950313248789498,126.28133312239797,0,0.0,True,True,True,False,True,False,False,True,True,True,False,2.304398498093436,False,False,24.450000000000003,24.25,24.450000000000003,21.150000000000002,40.0,21.5,0,78.79597060219038,2.3034644149393286,1.0,s4_narrow_passage_medium,M7,35
False,18.8,0.973293028054987,0.28743826016070023,True,91.95219740619314,877.2771356441325,0.022055763628797336,80.11602280974401,0.058109853748239404,0.5012402965045794,0.014994197312584513,0.014994197312584513,126.17640101767167,0,0.0,True,True,True,False,True,False,False,True,True,True,False,2.2987597034954206,False,False,24.700000000000003,24.700000000000003,24.700000000000003,21.35,40.0,21.25,0,78.2919520409964,2.304290669146812,1.0,s4_narrow_passage_medium,M7,36
False,18.7,1.0024741641877852,0.2937788992185176,True,92.44632773566524,880.8704612818299,0.021639617145235122,80.1563912878919,0.06188846018138744,0.4957476905957887,0.006237819972891555,0.006237819972891555,126.61577234782924,0,0.0,True,True,True,False,True,False,False,True,True,True,False,2.304252309404211,False,False,24.25,24.25,24.25,21.3,40.0,21.35,0,78.68879000428956,2.3035996309296625,1.0,s4_narrow_passage_medium,M7,37
False,18.75,0.9893734367154907,0.28722067613705277,True,91.63727543591284,885.7632875863758,0.02372034956304619,80.15031931817879,0.05773332290907857,0.5013698447131325,0.016257060099385184,0.016257060099385184,125.9910095267305,0,0.0,True,True,True,False,True,False,False,True,True,True,False,2.298630155286867,False,False,24.700000000000003,24.700000000000003,24.700000000000003,21.35,40.0,21.3,0,78.39126215601453,2.304172182149715,1.0,s4_narrow_passage_medium,M7,38
False,18.8,0.9798875887655767,0.286844204918087,True,92.13856059683904,869.900514907511,0.02663337494798169,80.31453108897516,0.06083838103370264,0.4959587627318536,0.004460042997049623,0.004460042997049623,126.55673373682819,0,0.0,True,True,True,False,True,False,False,True,True,True,False,2.3040412372681462,False,False,24.85,24.75,24.85,21.400000000000002,40.0,21.25,0,79.25701526507908,2.302966784168172,1.0,s4_narrow_passage_medium,M7,39
False,18.400000000000002,0.20912248295988545,0.45653109836539557,True,105.55164830471955,1754.2506139142017,0.06480710519011934,72.20857281483943,0.17609268499455855,0.9749787649563407,0.006382712412848259,0.006382712412848259,142.22405227074077,0,0.0,True,True,True,False,True,False,True,False,True,True,False,1.8250212350436592,False,False,24.150000000000002,23.55,24.150000000000002,20.8,60.0,41.650000000000006,0,72.19236726219086,1.8279493474449453,1.0,s4_narrow_passage_hard,M4,10
False,18.25,0.29615372539958207,0.4440166606475163,True,105.37716813216508,1760.023280749371,0.06425201221204552,72.18244847408465,0.18718387858150995,0.9691461992455283,0.00022592004926731923,0.00022592004926731923,141.54052453589452,0,0.0,True,True,True,False,True,False,True,False,True,True,False,1.8308538007544715,False,False,23.6,23.5,23.6,20.650000000000002,60.0,41.800000000000004,0,72.19482192658347,1.827949481392761,1.0,s4_narrow_passage_hard,M4,11
True,18.45,0.36486157688455756,0.5319008684258246,False,106.39787949711125,1793.2636825232578,0.06688870385789619,72.19575284944314,0.18718814121722363,0.9691440742094325,0.00022505814919976836,0.00022505814919976836,142.57181509755088,0,0.0,True,True,True,False,True,True,False,False,True,True,True,1.8308559257905674,False,True,23.8,23.700000000000003,23.8,20.8,60.0,41.6,0,72.19342903432921,1.8279494901649513,1.0,s4_narrow_passage_hard,M4,12
False,17.8,0.20419596468892331,0.40756185267383294,True,106.54631408696308,1807.5319981546513,0.06772134332500694,72.21403021818602,0.18717803272945985,0.969149265797602,0.00022416229708540665,0.00022416229708540665,142.34561906490285,0,0.0,True,True,True,False,True,False,True,False,True,True,False,1.8308507342023979,False,False,23.400000000000002,23.200000000000003,23.400000000000002,20.450000000000003,60.0,42.25,0,72.19421347769392,1.827949409445704,1.0,s4_narrow_passage_hard,M4,13
False,17.8,0.1187691696855615,0.42549143503610876,True,105.34255962120324,1705.738585443765,0.05800721620871496,72.19532560486685,0.1761224406679496,0.9749632394912721,0.006379099192651784,0.006379099192651784,140.8612939881936,0,0.0,True,True,True,False,True,False,True,False,True,True,False,1.8250367605087279,False,False,23.05,22.85,23.05,20.3,60.0,42.25,0,72.19635860321387,1.8279497393303736,1.0,s4_narrow_passage_hard,M4,14
True,18.5,0.32407982792597445,0.4945470753425214,False,105.24526249652706,1770.794706202034,0.06772134332500694,72.13588556811982,0.17613858659508194,0.9749547090658942,0.006371017518122437,0.006371017518122437,141.91795237722516,0,0.0,True,True,True,False,True,True,False,False,True,True,True,1.8250452909341055,False,True,23.85,23.75,23.85,20.85,60.0,41.550000000000004,0,72.19513155298796,1.827949918459525,1.0,s4_narrow_passage_hard,M4,15
False,18.150000000000002,0.22600953053586714,0.4030512342874268,True,106.58405753211183,1813.4787742393457,0.06869275603663613,72.1535953017303,0.17622837373075684,0.9749075963030956,0.006341466652295374,0.006341466652295374,142.59505397194772,0,0.0,True,True,True,False,True,False,True,False,True,True,False,1.825092403696904,False,False,23.35,23.25,23.35,20.650000000000002,60.0,41.900000000000006,0,72.17146884817045,1.8279505309242814,1.0,s4_narrow_passage_hard,M4,16
True,18.35,0.38593518634119794,0.5216234447784842,False,105.42117324782285,1755.9832524322774,0.0649458784346378,72.22098320121566,0.1872260112840081,0.9691240569313947,0.00024018800077168183,0.00024018800077168183,141.62129731830842,0,0.0,True,True,True,False,True,True,False,False,True,True,True,1.8308759430686052,False,True,23.8,23.5,23.8,20.700000000000003,60.0,41.7,0,72.19479781332339,1.827949971896204,1.0,s4_narrow_passage_hard,M4,17
False,18.45,0.15607167595410498,0.43067385345071124,True,104.98632570482314,1740.2024774520564,0.06702747710241465,72.16146808834384,0.17610189507555216,0.9749740195474844,0.006385151899375705,0.006385151899375705,141.5535676378838,0,0.0,True,True,True,False,True,False,True,False,True,True,False,1.8250259804525153,False,False,23.950000000000003,23.75,23.950000000000003,20.85,60.0,41.6,0,72.19475947088891,1.8279494528012268,1.0,s4_narrow_passage_hard,M4,18
False,18.0,0.09599463267561026,0.3958264883986542,True,104.84026276441426,1683.5900808269757,0.06744379683597003,72.20218774047571,0.17612384499597167,0.9749625156026115,0.0063794545436085676,0.0063794545436085676,140.6334765956635,0,0.0,True,True,True,False,True,False,True,True,True,True,False,1.8250374843973884,False,False,23.400000000000002,23.400000000000002,23.400000000000002,20.650000000000002,60.0,42.050000000000004,0,72.19608499829567,1.827949761470271,1.0,s4_narrow_passage_hard,M4,19
True,18.45,0.32284787562957185,0.46160993602786565,False,105.53824735765907,1761.4825744368636,0.06508465167915625,72.19083197254736,0.18720037423607994,0.9691373231921485,0.0002358417902704144,0.0002358417902704144,142.16479637510565,0,0.0,True,True,True,False,True,True,False,False,True,True,True,1.8308626768078513,False,True,24.1,23.700000000000003,24.1,20.85,60.0,41.6,0,72.19548831746647,1.8279497941039553,1.0,s4_narrow_passage_hard,M4,20
True,18.7,0.3235656756627985,0.532528970897005,False,106.52119134142245,1828.8225061002088,0.06897030252567304,72.18601013577837,0.1761893087160158,0.9749281164579479,0.006355734996547123,0.006355734996547123,142.90159860097845,0,0.0,True,True,True,False,True,True,False,False,True,True,True,1.8250718835420519,False,True,24.05,23.8,24.05,21.1,60.0,41.35,0,72.18151548503496,1.8279503499365908,1.0,s4_narrow_passage_hard,M4,21
False,17.85,0.15827344328676296,0.41522786177749216,True,105.36872425663303,1681.209191439563,0.06702747710241465,72.2002363381641,0.1872014419600437,0.9691369429038944,0.0002324952374426329,0.0002324952374426329,140.94722372180928,0,0.0,True,True,True,False,True,False,True,False,True,True,False,1.8308630570961055,False,False,23.35,23.150000000000002,23.35,20.5,60.0,42.2,0,72.1962147109733,1.8279497081319114,1.0,s4_narrow_passage_hard,M4,22
False,18.0,0.22847423179249904,0.4147253157171024,True,106.85254932280657,1806.2438111191348,0.06619483763530391,72.17889411312356,0.17617359456558065,0.9749370587292171,0.006399707224734914,0.006399707224734914,142.67147718953478,0,0.0,True,True,True,False,True,False,True,False,True,True,False,1.8250629412707826,False,False,23.25,23.150000000000002,23.25,20.55,60.0,42.050000000000004,0,72.17097194479419,1.8279488676716036,1.0,s4_narrow_passage_hard,M4,23
False,18.25,0.24846130112899156,0.46929047008868213,True,107.20053694827655,1855.3372784946102,0.06702747710241465,72.2045244647481,0.17612149448810765,0.9749644350785475,0.0064167261986855725,0.0064167261986855725,142.99392033149616,0,0.0,True,True,True,False,True,False,True,False,True,True,False,1.8250355649214525,False,False,24.150000000000002,23.25,24.150000000000002,20.6,60.0,41.800000000000004,0,72.17564128555686,1.8279486023480451,1.0,s4_narrow_passage_hard,M4,24
True,18.400000000000002,0.3055875023504073,0.425926716144103,False,106.2000070396611,1739.5223707273735,0.059117402164862616,72.13872894767593,0.17611687284552247,0.9749661631082157,0.006380900977344943,0.006380900977344943,142.19975382166567,0,0.0,True,True,True,False,True,True,False,False,True,True,True,1.8250338368917842,False,True,24.35,23.85,24.35,20.75,60.0,41.650000000000006,0,72.19591090035078,1.827949663634833,1.0,s4_narrow_passage_hard,M4,25
False,18.35,0.28080220981962745,0.41709392608848106,True,105.16166677447934,1751.4790441993377,0.06355814598945324,72.13063514136729,0.17612638566182615,0.9749613262521094,0.00638692133745872,0.00638692133745872,141.8673661735872,0,0.0,True,True,True,False,True,False,True,False,True,True,False,1.8250386737478905,False,False,23.75,23.650000000000002,23.75,20.75,60.0,41.7,0,72.19400870999355,1.8279497442086756,1.0,s4_narrow_passage_hard,M4,26
False,17.8,0.2387350579565961,0.414739195079326,True,106.79022714472462,1804.2187864600685,0.06647238412434082,72.23960446887732,0.18724306787889397,0.9691154559451313,0.0002381483596357529,0.0002381483596357529,142.46858777409255,0,0.0,True,True,True,False,True,False,True,False,True,True,False,1.8308845440548684,False,False,23.400000000000002,23.3,23.400000000000002,20.450000000000003,60.0,42.25,0,72.18592049918914,1.8279501279989854,1.0,s4_narrow_passage_hard,M4,27
True,18.35,0.3073731279857148,0.4389058914524034,False,105.49461718525302,1755.0065287318898,0.06466833194560088,72.17389935431706,0.17609811951535445,0.9749761372086798,0.006393947528370155,0.006393947528370155,142.02243859881924,0,0.0,True,True,True,False,True,True,False,False,True,True,True,1.82502386279132,False,True,23.650000000000002,23.55,23.650000000000002,20.75,60.0,41.7,0,72.19318698355296,1.8279493536694105,1.0,s4_narrow_passage_hard,M4,28
False,18.6,0.19398302862673877,0.4334113413859933,True,106.24581671812457,1786.4254120498945,0.06716625034693312,72.23744836249573,0.18747910490105704,0.9689916826591066,0.0003231493258261221,0.0003231493258261221,142.6854178155877,0,0.0,True,True,True,False,True,False,True,False,True,True,False,1.8310083173408933,False,False,24.700000000000003,23.6,24.700000000000003,21.0,60.0,41.45,0,72.16750509955862,1.8279516065707133,1.0,s4_narrow_passage_hard,M4,29
False,18.150000000000002,0.23932030261452497,0.4984458198503302,True,107.41880690017759,1846.6124152863708,0.0649458784346378,72.24143012780544,0.1874397834387647,0.9690135599582739,0.0002449936772629978,0.0002449936772629978,142.8846894306302,0,0.0,True,True,True,False,True,False,True,False,True,True,False,1.830986440041726,False,False,23.35,23.150000000000002,23.35,20.55,60.0,41.900000000000006,0,72.15560469356451,1.8279508103160953,1.0,s4_narrow_passage_hard,M4,30
False,17.650000000000002,0.18907281642481655,0.4247648612494861,True,105.20927097846618,1678.3953516743009,0.06619483763530391,72.16047321213476,0.1761379032744108,0.9749550840365035,0.006372113738477152,0.006372113738477152,140.36445873977442,0,0.0,True,True,True,False,True,False,True,False,True,True,False,1.8250449159634963,False,False,23.1,23.1,23.1,20.35,60.0,42.400000000000006,0,72.19533398541144,1.8279499180403653,1.0,s4_narrow_passage_hard,M4,31
True,18.3,0.4081744451652245,0.5039235115423458,False,107.12925278887172,1803.5770853377257,0.06674993061337774,72.1877457976481,0.17609595816593926,0.9749770399441653,0.00638077394777332,0.00638077394777332,143.04035277010212,0,0.0,True,True,True,False,True,True,False,False,True,True,True,1.8250229600558345,False,True,23.75,23.35,23.75,20.650000000000002,60.0,41.75,0,72.19266028181084,1.8279493811186427,1.0,s4_narrow_passage_hard,M4,32
True,18.55,0.3720655410492735,0.4150939392223443,False,106.02354702068452,1770.0323062802452,0.06050513461004718,72.18309901424523,0.17610806926041245,0.9749708244374045,0.006385799007485974,0.006385799007485974,142.50943869007722,0,0.0,True,True,True,False,True,True,False,False,True,True,True,1.8250291755625954,False,True,24.25,23.900000000000002,24.25,20.950000000000003,60.0,41.5,0,72.19555607689307,1.8279495359641589,1.0,s4_narrow_passage_hard,M4,33
True,18.35,0.4004551661919564,0.4408238999322735,False,106.03972608734556,1732.7518658137146,0.061892867055231754,72.20407117130883,0.18722301246188197,0.9691256226129741,0.00023941234630182474,0.00023941234630182474,142.07809177915502,0,0.0,True,True,True,False,True,True,False,False,True,True,True,1.8308743773870257,False,True,23.8,23.5,23.8,20.700000000000003,60.0,41.7,0,72.19450957186358,1.8279499426246457,1.0,s4_narrow_passage_hard,M4,34
False,18.2,0.19374678494614783,0.447435615005544,True,104.36519696973951,1675.9094507031623,0.06647238412434082,72.19480251529464,0.18719925682917968,0.9691380850832577,0.00023185711521807184,0.00023185711521807184,140.876335933815,0,0.0,True,True,True,False,True,False,True,False,True,True,False,1.830861914916742,False,False,23.55,23.150000000000002,23.55,20.650000000000002,60.0,41.85,0,72.19620577307329,1.8279496858874864,1.0,s4_narrow_passage_hard,M4,35
False,18.3,0.14745714093798568,0.41359913518248775,True,105.71786874560465,1760.7013379131533,0.06355814598945324,72.20997326728397,0.18716219407201315,0.9691576651884758,0.00021792434579828832,0.00021792434579828832,142.24033592803684,0,0.0,True,True,True,False,True,False,True,False,True,True,False,1.830842334811524,False,False,23.6,23.400000000000002,23.6,20.75,60.0,41.75,0,72.19123950361656,1.8279491483584274,1.0,s4_narrow_passage_hard,M4,36
False,18.25,0.18443931792693946,0.4657929956496002,True,104.81602390886738,1680.4830367614497,0.06411323896752706,72.22230740096207,0.18720985427390932,0.9691324161306066,0.00023741424974201182,0.00023741424974201182,140.91343460895837,0,0.0,True,True,True,False,True,False,True,False,True,True,False,1.8308675838693933,False,False,23.450000000000003,23.150000000000002,23.450000000000003,20.700000000000003,60.0,41.800000000000004,0,72.19601217312862,1.8279498510222834,1.0,s4_narrow_passage_hard,M4,37
False,18.45,0.2606847694006065,0.4229123315360715,True,104.69730239024257,1744.920561289171,0.06341937274493478,72.21530441710152,0.1871894929872003,0.9691431148959714,0.00023084876430821356,0.00023084876430821356,141.1705430833417,0,0.0,True,True,True,False,True,False,True,False,True,True,False,1.8308568851040286,False,False,23.8,23.700000000000003,23.8,20.85,60.0,41.6,0,72.19590018925807,1.82794964027309,1.0,s4_narrow_passage_hard,M4,38
False,18.650000000000002,0.24147847887717067,0.5385049706193308,True,105.97238775413817,1759.4112118104729,0.06744379683597003,72.18831525231013,0.17612429411892627,0.9749622552196581,0.0063779004752502035,0.0063779004752502035,142.08284165570424,0,0.0,True,True,True,False,True,False,True,False,True,True,False,1.8250377447803419,False,False,24.6,24.05,24.6,21.05,60.0,41.400000000000006,0,72.19670922029724,1.8279497619249878,1.0,s4_narrow_passage_hard,M4,39
False,21.5,0.7037605693700992,0.3628038775197794,True,103.92160326309431,1986.0355641196156,0.04079933388842631,72.12451270221926,0.1761282166559892,0.9749605926170517,0.006398498289083062,0.006398498289083062,144.74367302667576,0,0.0,True,True,True,False,True,False,False,True,True,True,False,1.8250394073829481,False,False,26.85,26.650000000000002,26.85,23.75,60.0,38.550000000000004,0,72.18549116830327,1.8279491980185485,1.0,s4_narrow_passage_hard,M5,10
False,21.55,0.7241474915397592,0.3635452559076415,True,103.58072776548543,1994.2208095692092,0.0414932001110186,72.23043340834874,0.18720112830051297,0.9691374910804139,0.00022376852488770934,0.00022376852488770934,144.29825752050064,0,0.0,True,True,True,False,True,False,False,True,True,True,False,1.8308625089195858,False,False,26.900000000000002,26.700000000000003,26.900000000000002,23.8,60.0,38.5,0,72.18706035693303,1.827949767213459,1.0,s4_narrow_passage_hard,M5,11
False,21.55,0.7134805693755906,0.34182106516644356,True,104.22287212478332,2012.0686691605933,0.04454621149042465,72.1848142166355,0.17612891284340426,0.9749595314672327,0.006359911342206507,0.006359911342206507,145.1868233258068,0,0.0,True,True,True,False,True,False,False,True,True,True,False,1.8250404685327672,False,False,26.950000000000003,26.650000000000002,26.950000000000003,23.8,60.0,38.5,0,72.19257401537686,1.8279497088642664,1.0,s4_narrow_passage_hard,M5,12
False,21.25,0.7120672384938309,0.3553424409139063,True,103.6666223780041,1979.8004964855522,0.03913405495420483,72.07536961155037,0.17639184403444688,0.9748187276305947,0.0062165069996729695,0.0062165069996729695,144.1521329209238,0,0.0,True,True,True,False,True,False,False,True,True,True,False,1.825181272369405,False,False,26.05,26.05,26.05,23.450000000000003,60.0,38.800000000000004,0,72.1379101077608,1.8279354708742181,1.0,s4_narrow_passage_hard,M5,13
False,20.8,0.7520893236283592,0.3512195126744842,True,103.40307205252134,1915.163825864835,0.034970857618651124,72.20941182485785,0.18721110009611378,0.9691314987869362,0.0002426879859027128,0.0002426879859027128,143.6004560788799,0,0.0,True,True,True,False,True,False,False,True,True,True,False,1.8308685012130637,False,False,26.200000000000003,26.0,26.200000000000003,23.1,60.0,39.25,0,72.19310547859166,1.8279499326749988,1.0,s4_narrow_passage_hard,M5,14
False,21.6,0.7181788936806772,0.3439338220860717,True,103.68300710144273,1998.4206551856332,0.0456563974465723,72.1877057120527,0.1871942202877974,0.969140343781203,0.00023783515359955705,0.00023783515359955705,144.84300095038748,0,0.0,True,True,True,False,True,False,False,True,True,True,False,1.8308596562187969,False,False,27.200000000000003,26.700000000000003,27.200000000000003,23.85,60.0,38.45,0,72.1923847722327,1.8279497938592955,1.0,s4_narrow_passage_hard,M5,15
False,21.35,0.7197423787583428,0.3588415133310581,True,103.78420335165454,1987.0948466696286,0.04079933388842631,72.32383389892362,0.18774520868038594,0.9688524692211954,0.0002689967615957361,0.0002689967615957361,144.41221838021337,0,0.0,True,True,True,False,True,False,False,True,True,True,False,1.8311475307788045,False,False,26.200000000000003,26.200000000000003,26.200000000000003,23.6,60.0,38.7,0,72.13106774182111,1.8279469262254002,1.0,s4_narrow_passage_hard,M5,16
False,21.400000000000002,0.7371351413687839,0.36594298730016694,True,103.86232363481614,1985.9754632246852,0.04135442686650014,72.26660156840403,0.18726482954560467,0.9691054118120778,4.411350630554171e-05,4.411350630554171e-05,144.39125873738874,0,0.0,True,True,True,False,True,False,False,True,True,True,False,1.8308945881879222,False,False,26.25,26.25,26.25,23.650000000000002,60.0,38.650000000000006,0,72.12210032969182,1.8279455299399985,1.0,s4_narrow_passage_hard,M5,17
False,21.650000000000002,0.7237982234054796,0.36578441412201257,True,103.76001258887595,1991.218345300805,0.04440743824590619,72.19784754282125,0.17610084698443307,0.9749744673850259,0.006379849942818318,0.006379849942818318,144.7377334887491,0,0.0,True,True,True,False,True,False,False,True,True,True,False,1.825025532614974,False,False,26.75,26.75,26.75,23.900000000000002,60.0,38.400000000000006,0,72.19465874006247,1.8279494393774913,1.0,s4_narrow_passage_hard,M5,18
False,21.5,0.7160429076024977,0.3430748449319434,True,103.37308887429377,1950.737014591703,0.043436025534276994,72.20473203700071,0.1761256723268569,0.974961842633996,0.006394713871710327,0.006394713871710327,144.18042858856603,0,0.0,True,True,True,False,True,False,False,True,True,True,False,1.825038157366004,False,False,26.85,26.55,26.85,23.75,60.0,38.550000000000004,0,72.18828589432184,1.8279494338957891,1.0,s4_narrow_passage_hard,M5,19
False,21.55,0.7323038776254822,0.35528788667706634,True,103.79067017198837,1985.1892950150793,0.043158479045240075,72.20011066503616,0.17610439790036803,0.9749725085385753,0.0063731329377547654,0.0063731329377547654,144.8062141544754,0,0.0,True,True,True,False,True,False,False,True,True,True,False,1.8250274914614244,False,False,26.950000000000003,26.650000000000002,26.950000000000003,23.8,60.0,38.5,0,72.19301837184848,1.8279494753355368,1.0,s4_narrow_passage_hard,M5,20
False,21.8,0.6975049135439109,0.34677429998465636,True,104.20725441179405,1994.134688946986,0.041631973355537054,72.19034155893785,0.1761693667261711,0.9749384749025055,0.006356250812719825,0.006356250812719825,145.1624533264458,0,0.0,True,True,True,False,True,False,False,True,True,True,False,1.8250615250974942,False,False,27.150000000000002,26.85,27.150000000000002,24.05,60.0,38.25,0,72.18786397795476,1.827950170761614,1.0,s4_narrow_passage_hard,M5,21
False,21.25,0.7173545772912464,0.3576439580437612,True,103.56421079443979,1952.7381840996147,0.040383014154870944,72.20554065875706,0.18718272470486408,0.9691464650702558,0.00023278141060097102,0.00023278141060097102,144.3419248386839,0,0.0,True,True,True,False,True,False,False,True,True,True,False,1.830853534929744,False,False,26.6,26.3,26.6,23.5,60.0,38.800000000000004,0,72.19352406095358,1.8279496672167497,1.0,s4_narrow_passage_hard,M5,22
False,21.1,0.7253250486489395,0.3357676902485522,True,103.29060941567282,1925.202261714921,0.03913405495420483,72.20968957606227,0.176089826079709,0.9749803846114803,0.006390725352606378,0.006390725352606378,143.80714164420462,0,0.0,True,True,True,False,True,False,False,True,True,True,False,1.8250196153885194,False,False,26.450000000000003,26.150000000000002,26.450000000000003,23.35,60.0,38.95,0,72.1922978026974,1.8279492906982386,1.0,s4_narrow_passage_hard,M5,23
False,21.400000000000002,0.7183671901998869,0.3257421236670196,True,103.874506924036,1969.162485603891,0.043436025534276994,72.1882591057685,0.18717944903265316,0.969148167942132,0.00023199274889470147,0.00023199274889470147,144.82312022293235,0,0.0,True,True,True,False,True,False,False,True,True,True,False,1.830851832057868,False,False,26.8,26.5,26.8,23.650000000000002,60.0,38.650000000000006,0,72.19300587261813,1.8279496335731886,1.0,s4_narrow_passage_hard,M5,24
False,21.450000000000003,0.7158143252210605,0.36478616178949835,True,104.78856692397531,2017.3466113964323,0.03844018873161255,72.13989169408488,0.17613364851539617,0.9749571114826822,0.006362226848860499,0.006362226848860499,145.7536018434935,0,0.0,True,True,True,False,True,False,False,True,True,True,False,1.8250428885173178,False,False,26.650000000000002,26.55,26.650000000000002,23.700000000000003,60.0,38.6,0,72.1937134028766,1.8279497730320386,1.0,s4_narrow_passage_hard,M5,25
False,21.400000000000002,0.7086446631003633,0.3463031633147436,True,103.75859269316034,1991.8110731984555,0.04204829308909242,72.0774592352696,0.17650690953358453,0.9747611479565986,0.006300639172609121,0.006300639172609121,144.6104791212575,0,0.0,True,True,True,False,True,False,False,True,True,True,False,1.8252388520434013,False,False,26.25,26.25,26.25,23.650000000000002,60.0,38.650000000000006,0,72.13413490248671,1.827935653219544,1.0,s4_narrow_passage_hard,M5,26
False,20.950000000000003,0.7629975867016017,0.3538009038695483,True,103.10072146760606,1910.217910792287,0.038578961976131004,72.17673807181286,0.18717520577266122,0.9691508158486304,0.00022266567697822154,0.00022266567697822154,143.44795939977948,0,0.0,True,True,True,False,True,False,False,True,True,True,False,1.8308491841513694,False,False,26.400000000000002,26.05,26.400000000000002,23.200000000000003,60.0,39.1,0,72.19312819821783,1.8279493348888223,1.0,s4_narrow_passage_hard,M5,27
False,21.400000000000002,0.7339726741985981,0.36672752949457116,True,104.30756764272192,1999.1482079647694,0.04024424091035248,72.1996075557672,0.176214554442194,0.9749090501076908,0.006075969561239886,0.006075969561239886,144.9322785050649,0,0.0,True,True,True,False,True,False,False,True,True,True,False,1.8250909498923091,False,False,26.25,26.25,26.25,23.650000000000002,60.0,38.650000000000006,0,72.13488564731955,1.8279346388914715,1.0,s4_narrow_passage_hard,M5,28
False,21.650000000000002,0.717219173988284,0.3420027055604891,True,103.48880570185989,1962.16505738555,0.04301970580072162,72.21249691836734,0.1872464510139079,0.9691131784045007,0.00024913083888133773,0.00024913083888133773,144.36087153164195,0,0.0,True,True,True,False,True,False,False,True,True,True,False,1.8308868215954992,False,False,27.0,26.700000000000003,27.0,23.85,60.0,38.400000000000006,0,72.19010748727294,1.8279501503668194,1.0,s4_narrow_passage_hard,M5,29
False,21.25,0.6561764130156205,0.31910949165351327,True,104.83903853120852,1992.1313803538885,0.04024424091035248,72.30023030590642,0.1877358813490894,0.9688588747556942,0.0005847335853005046,0.0005847335853005046,145.29636947995766,0,0.0,True,True,True,False,True,False,False,True,True,True,False,1.8311411252443057,False,False,26.1,26.1,26.1,23.5,60.0,38.800000000000004,0,72.1154423209732,1.8279439958605952,1.0,s4_narrow_passage_hard,M5,30
False,21.0,0.736664977694278,0.35062366470415207,True,103.17648418414058,1931.9106706398452,0.039411601443241746,72.18157362566839,0.18717814143931757,0.9691494276321843,0.00022038267628533698,0.00022038267628533698,143.63364140649583,0,0.0,True,True,True,False,True,False,False,True,True,True,False,1.8308505723678157,False,False,26.200000000000003,26.1,26.200000000000003,23.25,60.0,39.050000000000004,0,72.1909606731726,1.8279493981167911,1.0,s4_narrow_passage_hard,M5,31
False,21.25,0.7347157594761977,0.363563067159657,True,104.47371280727589,1979.8208619257898,0.04177074660005551,72.15655061502706,0.1761320378510958,0.974957935757589,0.0063615055960425425,0.0063615055960425425,145.2497005878449,0,0.0,True,True,True,False,True,False,False,True,True,True,False,1.8250420642424108,False,False,26.650000000000002,26.35,26.650000000000002,23.5,60.0,38.800000000000004,0,72.19371250243427,1.8279497497289616,1.0,s4_narrow_passage_hard,M5,32
False,21.5,0.7096049330247187,0.3665801501623599,True,104.4802524590653,1995.2214835197683,0.0405217873993894,72.18516254134781,0.18719577648142297,0.9691395560269177,0.00023787271857820817,0.00023787271857820817,145.42759954848364,0,0.0,True,True,True,False,True,False,False,True,True,True,False,1.8308604439730822,False,False,26.700000000000003,26.6,26.700000000000003,23.75,60.0,38.550000000000004,0,72.19301103704608,1.8279498077230283,1.0,s4_narrow_passage_hard,M5,33
False,21.150000000000002,0.7413403885736611,0.3449338639961553,True,104.3616573053374,1950.4292695930562,0.039272828198723284,72.21605994657693,0.1872270138732526,0.96912382061922,0.00023402699811355735,0.00023402699811355735,144.76464811943976,0,0.0,True,True,True,False,True,False,False,True,True,True,False,1.83087617938078,False,False,26.6,26.200000000000003,26.6,23.400000000000002,60.0,38.900000000000006,0,72.18781979792755,1.827950010267846,1.0,s4_narrow_passage_hard,M5,34
False,21.200000000000003,0.7465330794680629,0.35192126793579714,True,103.4595013091142,1951.5107669931942,0.04204829308909242,72.19547819248017,0.1871726998978894,0.969152219955535,0.00021999105260888684,0.00021999105260888684,144.50055916385202,0,0.0,True,True,True,False,True,False,False,True,True,True,False,1.830847780044465,False,False,26.400000000000002,26.3,26.400000000000002,23.450000000000003,60.0,38.85,0,72.19181690658884,1.8279492922052747,1.0,s4_narrow_passage_hard,M5,35
False,21.450000000000003,0.7152455679242202,0.32694625730236526,True,103.67419489619743,1968.6357188784,0.0405217873993894,72.23171275676418,0.18704199162307264,0.9692225735920799,5.418947634430206e-05,5.418947634430206e-05,144.55204176135842,0,0.0,True,True,True,False,True,False,False,True,True,True,False,1.83077742640792,False,False,26.3,26.3,26.3,23.700000000000003,60.0,38.6,0,72.12114081189512,1.8279449042355127,1.0,s4_narrow_passage_hard,M5,36
False,21.35,0.747487841769858,0.3659494411231705,True,103.96267922665487,1953.5762110284884,0.040660560643907856,72.22754238583022,0.1872363647007065,0.9691188785445638,0.00023774832804773066,0.00023774832804773066,144.61631952356586,0,0.0,True,True,True,False,True,False,False,True,True,True,False,1.8308811214554361,False,False,26.700000000000003,26.400000000000002,26.700000000000003,23.6,60.0,38.7,0,72.18917865221054,1.8279500725476927,1.0,s4_narrow_passage_hard,M5,37
False,21.55,0.73136656142805,0.35235695443390913,True,103.85451753774247,2011.855368323802,0.041909519844573966,72.02482236147061,0.1869364124930245,0.969272342443689,0.00012370101054337763,0.00012370101054337763,144.49588126123453,0,0.0,True,True,True,False,True,False,False,True,True,True,False,1.8307276575563107,False,False,26.400000000000002,26.400000000000002,26.400000000000002,23.8,60.0,38.5,0,72.13334338042608,1.8279465711788014,1.0,s4_narrow_passage_hard,M5,38
False,21.5,0.7220347716928182,0.35120661917510865,True,104.1105210703375,1992.9298891269511,0.04454621149042465,72.21668067265476,0.18717925957128712,0.9691483893088453,0.00022986471354909517,0.00022986471354909517,144.8802837854513,0,0.0,True,True,True,False,True,False,False,True,True,True,False,1.8308516106911545,False,False,27.0,26.6,27.0,23.75,60.0,38.550000000000004,0,72.19455265078544,1.8279495880343992,1.0,s4_narrow_passage_hard,M5,39
False,18.400000000000002,0.21176894674164903,0.4562571431148709,True,105.64834653016642,1495.4023522751534,0.06480710519011934,72.05513936773383,0.12804943929350524,0.8003447145078155,5.456239869071277e-05,5.456239869071277e-05,141.31337168496103,0,0.0,True,True,True,False,True,False,True,False,True,True,False,1.9996552854921843,False,False,24.650000000000002,23.75,24.650000000000002,20.8,60.0,41.650000000000006,0,72.03469766507082,1.9965123593571434,1.0,s4_narrow_passage_hard,M6,10
False,18.25,0.2975197276022439,0.4033049715998142,True,105.5238092551367,1526.185525354023,0.0639744657230086,72.05281717058755,0.12804970064309476,0.8003445606154788,5.3580418242529604e-05,5.3580418242529604e-05,140.6406976414502,0,0.0,True,True,True,False,True,False,True,False,True,True,False,1.999655439384521,False,False,23.85,23.35,23.85,20.650000000000002,60.0,41.800000000000004,0,72.03473902848586,1.9965123981302169,1.0,s4_narrow_passage_hard,M6,11
False,18.5,0.365096352504342,0.3910563764579847,True,106.58930740432635,1449.8749967765411,0.06688870385789619,72.00679555749176,0.1280679963428936,0.8003332562110407,5.989915954480768e-05,5.989915954480768e-05,141.74720448090991,0,0.0,True,True,True,False,True,False,False,True,True,True,False,1.9996667437889593,False,False,23.75,23.55,23.75,20.8,60.0,41.550000000000004,0,72.03493362498513,1.9965124938210101,1.0,s4_narrow_passage_hard,M6,12
False,17.75,0.16905151793979845,0.34820126750373437,True,103.17524422775894,1313.3188351184992,0.06758257008048849,82.45142056421476,0.1673102431115725,0.7730883453882261,0.04012164830276203,0.04012164830276203,142.06350615146033,0,0.0,True,True,True,False,True,False,True,True,True,True,False,2.026911654611774,False,False,23.5,23.1,23.5,20.450000000000003,60.0,42.300000000000004,0,82.3944817084765,2.029384756957869,1.0,s4_narrow_passage_hard,M6,13
False,17.8,0.12007704672087649,0.3541100004175591,True,105.28704666059703,1332.458539660718,0.05842353594227033,72.0212760352314,0.12807860451370423,0.8003269237961725,7.988396285704483e-06,7.988396285704483e-06,139.79245074338743,0,0.0,True,True,True,False,True,False,True,True,True,True,False,1.9996730762038273,False,False,23.35,22.85,23.35,20.3,60.0,42.25,0,72.03291210937869,1.9965123612781321,1.0,s4_narrow_passage_hard,M6,14
False,18.5,0.32203840747524914,0.37090319494927076,True,105.50078498675353,1386.1197626295348,0.06758257008048849,72.0856631796287,0.11820608744209493,0.8066198705578906,0.006397264495948625,0.006397264495948625,141.15843956388318,0,0.0,True,True,True,False,True,False,False,True,True,True,False,1.9933801294421092,False,False,24.0,23.700000000000003,24.0,20.85,60.0,41.550000000000004,0,72.03567880563871,1.9965124192128285,1.0,s4_narrow_passage_hard,M6,15
False,18.150000000000002,0.22713851255002493,0.4026277979051557,True,106.67653210574113,1566.7121220508504,0.06841520954759922,72.0212772175618,0.12805656718933175,0.8003402558927432,6.53454138819007e-05,6.53454138819007e-05,141.70022826504956,0,0.0,True,True,True,False,True,False,True,False,True,True,False,1.9996597441072566,False,False,23.85,23.25,23.85,20.650000000000002,60.0,41.900000000000006,0,72.03722371720765,1.9965124117886104,1.0,s4_narrow_passage_hard,M6,16
False,18.400000000000002,0.3860433099035001,0.3802039593023192,True,105.62956188853707,1389.6098869998164,0.06508465167915625,72.01431094617107,0.11814449329269185,0.8066697326703297,0.006327664788960113,0.006327664788960113,140.8179351895735,0,0.0,True,True,True,False,True,False,False,True,True,True,False,1.9933302673296702,False,False,23.700000000000003,23.5,23.700000000000003,20.700000000000003,60.0,41.650000000000006,0,72.03260184556814,1.9965124253017499,1.0,s4_narrow_passage_hard,M6,17
False,18.45,0.15695937817580563,0.37613775496870006,True,105.21461936422344,1369.8812760529963,0.06702747710241465,72.03556980994011,0.11815291378978858,0.8066615714393354,0.00635540355837366,0.00635540355837366,140.76038210089908,0,0.0,True,True,True,False,True,False,True,True,True,True,False,1.9933384285606643,False,False,23.8,23.6,23.8,20.85,60.0,41.6,0,72.03574339293915,1.996512418326442,1.0,s4_narrow_passage_hard,M6,18
False,18.0,0.09630329541542637,0.35735255024718693,True,104.74453348027917,1372.8330743293436,0.06730502359145157,72.05081097744302,0.1280636959119769,0.8003359415102881,5.282446720643111e-05,5.282446720643111e-05,139.6981447919991,0,0.0,True,True,True,False,True,False,True,True,True,True,False,1.9996640584897118,False,False,23.900000000000002,23.25,23.900000000000002,20.650000000000002,60.0,42.050000000000004,0,72.03456098428296,1.9965124470511748,1.0,s4_narrow_passage_hard,M6,19
False,18.45,0.3232624839477116,0.37179610256730755,True,105.76033787634286,1348.7008877814515,0.06536219816819318,72.04375100805767,0.11815352344026027,0.8066602763944842,0.006365810401635501,0.006365810401635501,141.35911496810002,0,0.0,True,True,True,False,True,False,False,True,True,True,False,1.9933397236055157,False,False,24.3,23.8,24.3,20.85,60.0,41.6,0,72.03340924245967,1.9965124805573418,1.0,s4_narrow_passage_hard,M6,20
True,18.7,0.3250808650625381,0.4766158731312286,False,106.6528253333708,1542.1390413781503,0.06883152928115459,72.08217671448604,0.11818741565238644,0.8066336140144248,0.006395063267388032,0.006395063267388032,142.02860103458548,0,0.0,True,True,True,False,True,True,False,False,True,True,True,1.993366385985575,False,True,23.700000000000003,23.700000000000003,23.700000000000003,21.1,60.0,41.35,0,72.03530041883997,1.996512408465919,1.0,s4_narrow_passage_hard,M6,21
False,18.2,0.10480612943649636,0.40478881900079094,True,105.4199052401658,1509.6318074303954,0.06536219816819318,72.00533678520682,0.11814588203725994,0.8066679522421564,0.006337533327679013,0.006337533327679013,141.03057741941032,0,0.0,True,True,True,False,True,False,True,False,True,True,False,1.9933320477578436,False,False,24.0,23.650000000000002,24.0,20.650000000000002,60.0,41.85,0,72.03489521042306,1.9965124034341222,1.0,s4_narrow_passage_hard,M6,22
False,18.0,0.22892119302503677,0.4147093276899593,True,106.92815326801443,1505.4867203235112,0.06605606439078546,72.0421804174661,0.1280554541186319,0.8003409325915745,6.59903450058098e-05,6.59903450058098e-05,141.77089993696455,0,0.0,True,True,True,False,True,False,True,False,True,True,False,1.9996590674084254,False,False,23.25,23.150000000000002,23.25,20.55,60.0,42.050000000000004,0,72.03612357303977,1.9965123608611728,1.0,s4_narrow_passage_hard,M6,23
False,18.25,0.2507839774665579,0.4638330807031404,True,107.27921122188164,1617.176042270662,0.06674993061337774,72.04410876551927,0.12805153248274945,0.8003434169291346,5.6209973954340365e-05,5.6209973954340365e-05,142.0840155159473,0,0.0,True,True,True,False,True,False,True,False,True,True,False,1.9996565830708652,False,False,24.05,23.25,24.05,20.6,60.0,41.800000000000004,0,72.0360361784953,1.996512375604699,1.0,s4_narrow_passage_hard,M6,24
False,18.6,0.17692022577236455,0.39004913205334385,True,106.90568550131542,1383.3340163566895,0.059533721898417984,72.00251077043606,0.1280487592964183,0.8003450414096901,6.663223211350891e-05,6.663223211350891e-05,142.27842211107605,0,0.0,True,True,True,False,True,False,True,True,True,True,False,1.9996549585903098,False,False,23.900000000000002,23.700000000000003,23.900000000000002,20.900000000000002,60.0,41.45,0,72.03559864168452,1.996512329428977,1.0,s4_narrow_passage_hard,M6,25
False,18.35,0.28312944111864535,0.39518341925865036,True,105.33965056173253,1351.4048370508385,0.06341937274493478,72.07127737583842,0.1181875479773361,0.8066349097264408,0.0063779057348333276,0.0063779057348333276,141.02388258037007,0,0.0,True,True,True,False,True,False,True,True,True,True,False,1.9933650902735591,False,False,23.700000000000003,23.5,23.700000000000003,20.75,60.0,41.7,0,72.0318976847362,1.996512430162316,1.0,s4_narrow_passage_hard,M6,26
False,17.75,0.23885902322427688,0.4143362545071821,True,106.88497174331127,1428.2178879596404,0.06647238412434082,72.0192209101194,0.12805090162506738,0.8003438846194241,4.123972228286324e-05,4.123972228286324e-05,141.58876395619737,0,0.0,True,True,True,False,True,False,True,False,True,True,False,1.9996561153805756,False,False,23.150000000000002,23.05,23.150000000000002,20.450000000000003,60.0,42.300000000000004,0,72.03708626550433,1.9965123660041888,1.0,s4_narrow_passage_hard,M6,27
True,18.35,0.30823348794822003,0.4302085727523025,False,105.61510671717495,1331.2207211404416,0.06480710519011934,72.00694814454079,0.1280901362849479,0.8003196379507305,1.9846232002817805e-05,1.9846232002817805e-05,141.11385841931505,0,0.0,True,True,True,False,True,True,False,False,True,True,True,1.9996803620492694,False,True,23.950000000000003,23.400000000000002,23.950000000000003,20.75,60.0,41.7,0,72.03305808744848,1.9965124416852928,1.0,s4_narrow_passage_hard,M6,28
False,18.6,0.19300217773688622,0.43215190715062957,True,106.31266681116004,1449.4148794519763,0.06730502359145157,72.00294322807186,0.12809372853572337,0.8003174057822727,2.063184738222412e-05,2.063184738222412e-05,141.8008902795481,0,0.0,True,True,True,False,True,False,True,False,True,True,False,1.999682594217727,False,False,24.1,23.6,24.1,21.0,60.0,41.45,0,72.03418605778566,1.9965124508514025,1.0,s4_narrow_passage_hard,M6,29
False,18.150000000000002,0.24071941176789058,0.4991324201138386,True,107.53588593402316,1462.9164421793016,0.0649458784346378,72.07064122877942,0.1181981889332403,0.806625444809351,0.006398607681392851,0.006398607681392851,142.09109575702954,0,0.0,True,True,True,False,True,False,True,False,True,True,False,1.9933745551906488,False,False,23.25,23.150000000000002,23.25,20.55,60.0,41.900000000000006,0,72.03473281458987,1.9965124121496802,1.0,s4_narrow_passage_hard,M6,30
False,17.85,0.13807312292303608,0.3536750533216214,True,105.15589313351332,1235.0352486017966,0.06314182625589786,72.04553164390224,0.11815122344156864,0.8066615102008429,0.0063709668301767785,0.0063709668301767785,139.8738910932139,0,0.0,True,True,True,False,True,False,True,True,True,True,False,1.9933384897991568,False,False,23.75,22.8,23.75,20.3,60.0,42.2,0,72.03260472710653,1.9965124488784618,1.0,s4_narrow_passage_hard,M6,31
True,18.3,0.4082485565694789,0.42112954799103924,False,107.27798531755202,1444.7610464934767,0.06619483763530391,72.0127502530742,0.12809677674278422,0.8003155552855468,7.918568392672531e-06,7.918568392672531e-06,142.19522349791214,0,0.0,True,True,True,False,True,True,False,False,True,True,True,1.999684444714453,False,True,23.450000000000003,23.35,23.450000000000003,20.650000000000002,60.0,41.75,0,72.0368713552639,1.9965124079561736,1.0,s4_narrow_passage_hard,M6,32
False,18.55,0.37339355274704,0.3619801561718928,True,106.30048187614358,1459.2951090084066,0.06050513461004718,72.00892986571382,0.1181625736586547,0.8066564746267656,0.006331647707995944,0.006331647707995944,141.81542350679734,0,0.0,True,True,True,False,True,False,False,True,True,True,False,1.9933435253732341,False,False,24.200000000000003,23.85,24.200000000000003,20.950000000000003,60.0,41.5,0,72.03327440361976,1.9965124087672825,1.0,s4_narrow_passage_hard,M6,33
False,18.35,0.4007457223478965,0.3810238328883209,True,106.2537692739412,1326.7608224791616,0.06203164029975021,72.03418085771516,0.11816319941300217,0.806654426694062,0.006352177423054339,0.006352177423054339,141.28380942193795,0,0.0,True,True,True,False,True,False,False,True,True,True,False,1.993345573305938,False,False,23.700000000000003,23.5,23.700000000000003,20.700000000000003,60.0,41.7,0,72.03362145162039,1.996512435606803,1.0,s4_narrow_passage_hard,M6,34
False,18.2,0.19395920793793175,0.35763371487331846,True,104.9070621607201,1293.50400517408,0.06661115736885928,72.04268054252671,0.1280930197074582,0.8003178590706336,3.225082361019716e-05,3.225082361019716e-05,140.36007692200022,0,0.0,True,True,True,False,True,False,True,True,True,True,False,1.9996821409293664,False,False,24.400000000000002,23.900000000000002,24.400000000000002,20.700000000000003,60.0,41.85,0,72.0352837024549,1.9965124225646946,1.0,s4_narrow_passage_hard,M6,35
False,18.400000000000002,0.2212190520449382,0.40677739493782306,True,106.7650812890484,1405.6073807697699,0.06730502359145157,72.00381387822787,0.12805497500266838,0.8003412359891441,6.535504133474769e-05,6.535504133474769e-05,142.0631560439547,0,0.0,True,True,True,False,True,False,True,False,True,True,False,1.9996587640108556,False,False,23.400000000000002,23.400000000000002,23.400000000000002,20.8,60.0,41.650000000000006,0,72.0353111649093,1.9965124031486428,1.0,s4_narrow_passage_hard,M6,36
False,18.25,0.184287082081098,0.35414545077691173,True,104.7829163180891,1295.8808043578097,0.0639744657230086,72.03904412274245,0.1280910333642609,0.8003191300849242,2.62508748887258e-05,2.62508748887258e-05,139.917988925918,0,0.0,True,True,True,False,True,False,True,True,True,True,False,1.9996808699150757,False,False,23.35,23.150000000000002,23.35,20.700000000000003,60.0,41.800000000000004,0,72.03649962417822,1.9965123867571095,1.0,s4_narrow_passage_hard,M6,37
False,18.45,0.2610925308106349,0.3726811540155747,True,104.9402914094533,1434.2079536228564,0.06341937274493478,72.01875807123447,0.11814824630302874,0.8066652843966033,0.006350688115934404,0.006350688115934404,140.39796668969927,0,0.0,True,True,True,False,True,False,True,True,True,True,False,1.9933347156033965,False,False,24.1,23.8,24.1,20.85,60.0,41.6,0,72.03577053165472,1.9965124105958933,1.0,s4_narrow_passage_hard,M6,38
False,18.650000000000002,0.24032402433955147,0.3608772495103526,True,106.34991744316244,1454.4523162499238,0.06744379683597003,72.01505874118489,0.1280976704033146,0.8003150051765027,8.865385196390432e-06,8.865385196390432e-06,141.5915974409818,0,0.0,True,True,True,False,True,False,True,True,True,True,False,1.9996849948234972,False,False,24.25,24.0,24.25,21.05,60.0,41.400000000000006,0,72.03420686666314,1.9965124301536914,1.0,s4_narrow_passage_hard,M6,39
False,21.5,0.7025597908551509,0.36267094402174305,True,104.12652501226317,1686.7636976064866,0.04079933388842631,72.04953075831317,0.12806000671831633,0.8003382217492532,5.177258579046309e-05,5.177258579046309e-05,144.04623068538444,0,0.0,True,True,True,False,True,False,False,True,True,True,False,1.9996617782507466,False,False,26.700000000000003,26.5,26.700000000000003,23.75,60.0,38.550000000000004,0,72.03519385778193,1.9965123918464511,1.0,s4_narrow_passage_hard,M7,10
False,21.55,0.7242360368384639,0.3637139606387955,True,103.80034320747846,1659.1154077737556,0.0414932001110186,72.03616686377782,0.11815800529130172,0.8066581992761349,0.006351905135553403,0.006351905135553403,143.60841082486635,0,0.0,True,True,True,False,True,False,False,True,True,True,False,1.993341800723865,False,False,26.75,26.55,26.75,23.8,60.0,38.5,0,72.03570613195187,1.9965124220347354,1.0,s4_narrow_passage_hard,M7,11
False,21.55,0.7135434137466425,0.34179272969943353,True,104.48098374308006,1702.7212213490407,0.04454621149042465,72.02378538461076,0.11815687037316124,0.8066588155750131,0.0063532057758017855,0.0063532057758017855,144.5100139301383,0,0.0,True,True,True,False,True,False,False,True,True,True,False,1.9933411844249869,False,False,26.8,26.6,26.8,23.75,60.0,38.5,0,72.0319919948824,1.9965124535566752,1.0,s4_narrow_passage_hard,M7,12
False,21.25,0.7125520851082052,0.35521815803444085,True,103.7655785720127,1611.853937632436,0.038856508465167916,72.02027772669051,0.1280976892497986,0.8003149874007786,7.488307209582435e-06,7.488307209582435e-06,143.41326870427,0,0.0,True,True,True,False,True,False,False,True,True,True,False,1.9996850125992212,False,False,26.05,26.05,26.05,23.450000000000003,60.0,38.800000000000004,0,72.03506293790696,1.996512406004216,1.0,s4_narrow_passage_hard,M7,13
False,20.8,0.7520755675328845,0.35119830896266735,True,103.54480099319376,1461.447639702269,0.03510963086316958,72.09804000225859,0.11821206263288808,0.8066147119084587,0.006405966945481725,0.006405966945481725,142.80506257387015,0,0.0,True,True,True,False,True,False,False,True,True,True,False,1.9933852880915413,False,False,26.05,25.85,26.05,23.05,60.0,39.25,0,72.03108459300799,1.9965124849308011,1.0,s4_narrow_passage_hard,M7,14
False,21.6,0.7181448434427573,0.3443013228762508,True,103.93805213391363,1710.779082630831,0.04537885095753539,72.02686230017855,0.11814653559565276,0.8066664184125024,0.006352458940628086,0.006352458940628086,144.20126427281025,0,0.0,True,True,True,False,True,False,False,True,True,True,False,1.9933335815874975,False,False,26.900000000000002,26.8,26.900000000000002,23.85,60.0,38.45,0,72.0359075281651,1.9965124043317235,1.0,s4_narrow_passage_hard,M7,15
False,21.35,0.7179914650070505,0.35328289385490974,True,103.46345958159095,1665.5958623377444,0.04135442686650014,72.080113881781,0.11818835491520496,0.8066333994308481,0.006389664996536913,0.006389664996536913,143.31660641998337,0,0.0,True,True,True,False,True,False,False,True,True,True,False,1.9933666005691517,False,False,26.8,26.400000000000002,26.8,23.6,60.0,38.7,0,72.03343037769316,1.9965124103935152,1.0,s4_narrow_passage_hard,M7,16
False,21.400000000000002,0.7374256105775154,0.3658707633456291,True,103.9819925544867,1581.9895124211096,0.040660560643907856,72.04542590066998,0.11819091112968223,0.8066334394412423,0.006365221357244721,0.006365221357244721,143.72771373337525,0,0.0,True,True,True,False,True,False,False,True,True,True,False,1.9933665605587576,False,False,26.25,26.25,26.25,23.650000000000002,60.0,38.650000000000006,0,72.03250454780695,1.9965124459312784,1.0,s4_narrow_passage_hard,M7,17
False,21.650000000000002,0.723038106299849,0.36553521532251154,True,103.9781086548047,1703.9834076853094,0.04440743824590619,72.04733238266938,0.1280656895428833,0.8003346771000567,5.939302084631418e-05,5.939302084631418e-05,144.0650708446864,0,0.0,True,True,True,False,True,False,False,True,True,True,False,1.999665322899943,False,False,27.150000000000002,26.85,27.150000000000002,23.900000000000002,60.0,38.400000000000006,0,72.03578068260934,1.996512423659836,1.0,s4_narrow_passage_hard,M7,18
False,21.5,0.7158198278935213,0.3439079931672224,True,103.58555739170752,1552.92268106244,0.04232583957812934,72.04542659565034,0.11818296753818676,0.8066385667613701,0.006372853135540614,0.006372853135540614,143.54668580503218,0,0.0,True,True,True,False,True,False,False,True,True,True,False,1.9933614332386296,False,False,26.650000000000002,26.650000000000002,26.650000000000002,23.75,60.0,38.550000000000004,0,72.03175116475458,1.996512457633876,1.0,s4_narrow_passage_hard,M7,19
False,21.55,0.7324268361261217,0.35544388175779407,True,104.06236251256779,1676.6813786719863,0.043436025534276994,72.00208813348982,0.11814671180969553,0.8066684316585633,0.006323725675915329,0.006323725675915329,144.14552006042956,0,0.0,True,True,True,False,True,False,False,True,True,True,False,1.9933315683414365,False,False,27.0,26.6,27.0,23.8,60.0,38.5,0,72.03524897033839,1.996512397568705,1.0,s4_narrow_passage_hard,M7,20
False,21.8,0.6976034541400444,0.3434306321143232,True,104.55581159916265,1588.0874890149448,0.0414932001110186,72.01075919572128,0.12807282508004025,0.8003303201105388,4.283333035497881e-05,4.283333035497881e-05,144.57425191393742,0,0.0,True,True,True,False,True,False,False,True,True,True,False,1.999669679889461,False,False,26.650000000000002,26.650000000000002,26.650000000000002,24.05,60.0,38.25,0,72.03157133480553,1.9965124366106826,1.0,s4_narrow_passage_hard,M7,21
False,21.25,0.7178384515891458,0.3576716428512109,True,103.83516054902925,1573.4197429047445,0.040383014154870944,72.06441697058469,0.11819280462737669,0.8066321911770719,0.006364899498196617,0.006364899498196617,143.70415171117872,0,0.0,True,True,True,False,True,False,False,True,True,True,False,1.9933678088229279,False,False,26.5,26.400000000000002,26.5,23.5,60.0,38.800000000000004,0,72.03131500859861,1.9965124513091985,1.0,s4_narrow_passage_hard,M7,22
False,21.1,0.7288093398269038,0.3395972153966972,True,103.3955061277507,1487.7338630005531,0.039272828198723284,71.99283331811145,0.12810013900875583,0.8003133844706212,3.0804107802473076e-05,3.0804107802473076e-05,142.9965857126517,0,0.0,True,True,True,False,True,False,False,True,True,True,False,1.9996866155293787,False,False,26.55,26.150000000000002,26.55,23.35,60.0,38.95,0,72.03149589885913,1.9965125375860777,1.0,s4_narrow_passage_hard,M7,23
False,21.25,0.6052088524511567,0.31038512820450126,True,104.72377177435085,1693.317175177759,0.04537885095753539,72.0360209819477,0.12809579219044206,0.8003161439391023,2.4733131070566146e-05,2.4733131070566146e-05,144.60820727050833,0,0.0,True,True,True,False,True,False,False,True,True,True,False,1.9996838560608974,False,False,26.35,26.35,26.35,23.5,60.0,38.800000000000004,0,72.03485879579252,1.9965124156163712,1.0,s4_narrow_passage_hard,M7,24
False,21.450000000000003,0.7156658570175394,0.3646014182823116,True,105.06131993807776,1648.43532890955,0.038301415487094086,72.09993875751894,0.11821095236316402,0.8066158003733266,0.006402952443293251,0.006402952443293251,145.10018856878114,0,0.0,True,True,True,False,True,False,False,True,True,True,False,1.9933841996266732,False,False,26.8,26.5,26.8,23.700000000000003,60.0,38.6,0,72.03299794049705,1.9965124528724711,1.0,s4_narrow_passage_hard,M7,25
False,21.400000000000002,0.7095283714211769,0.34722764534361644,True,103.86011463301045,1622.0803094342386,0.04204829308909242,72.01704488782025,0.12807442658929172,0.8003295242431631,5.459218999790212e-06,5.459218999790212e-06,143.88128969820133,0,0.0,True,True,True,False,True,False,False,True,True,True,False,1.9996704757568367,False,False,26.25,26.25,26.25,23.650000000000002,60.0,38.650000000000006,0,72.03243794068044,1.996512366608109,1.0,s4_narrow_passage_hard,M7,26
False,20.950000000000003,0.7629747625617316,0.35380000078012724,True,103.70806569400725,1564.2052503501932,0.03774632250902026,71.99640946118531,0.12807245482705087,0.8003305387906616,5.2529107391410676e-05,5.2529107391410676e-05,143.0763245599939,0,0.0,True,True,True,False,True,False,False,True,True,True,False,1.9996694612093382,False,False,25.8,25.8,25.8,23.200000000000003,60.0,39.1,0,72.03137831525667,1.9965124469754718,1.0,s4_narrow_passage_hard,M7,27
False,21.400000000000002,0.7340942007034565,0.3668092945131594,True,104.4635623125105,1695.0996641240656,0.039272828198723284,72.05286496178398,0.1181997814795168,0.8066263793155167,0.006373259586366514,0.006373259586366514,144.23497009661563,0,0.0,True,True,True,False,True,False,False,True,True,True,False,1.993373620684483,False,False,26.450000000000003,26.450000000000003,26.450000000000003,23.650000000000002,60.0,38.650000000000006,0,72.03470817476658,1.9965124055941523,1.0,s4_narrow_passage_hard,M7,28
False,21.650000000000002,0.7179381631164612,0.34135309337156583,True,104.06213290488398,1584.6970814621272,0.04260338606716625,71.99302076494988,0.1280612724721254,0.8003374698628966,4.182571027396431e-05,4.182571027396431e-05,143.95546585118345,0,0.0,True,True,True,False,True,False,False,True,True,True,False,1.9996625301371034,False,False,26.450000000000003,26.450000000000003,26.450000000000003,23.85,60.0,38.400000000000006,0,72.03130597294711,1.9965124933184344,1.0,s4_narrow_passage_hard,M7,29
False,20.900000000000002,0.5872122313969228,0.31455852912493776,True,104.27690332939568,1535.3399592977562,0.04399111851235082,72.00069893832276,0.1280879505561521,0.8003210463145448,9.175050566874934e-06,9.175050566874934e-06,143.61376939132472,0,0.0,True,True,True,False,True,False,False,True,True,True,False,1.999678953685455,False,False,26.150000000000002,25.950000000000003,26.150000000000002,23.150000000000002,60.0,39.150000000000006,0,72.03347044912017,1.9965124083431285,1.0,s4_narrow_passage_hard,M7,30
False,21.0,0.7369844159917764,0.35779164481816417,True,103.7170439363488,1658.235414395236,0.03844018873161255,72.02748984036295,0.1181561237228936,0.8066603438458605,0.006341629517204749,0.006341629517204749,143.1818932237426,0,0.0,True,True,True,False,True,False,False,True,True,True,False,1.9933396561541392,False,False,26.35,26.150000000000002,26.35,23.25,60.0,39.050000000000004,0,72.03703059676336,1.9965124193443242,1.0,s4_narrow_passage_hard,M7,31
False,21.25,0.7347890693540997,0.3636396146875289,True,104.72008284130624,1559.7876347508545,0.04177074660005551,72.05973031831311,0.11818662154941613,0.8066363472068193,0.006367621830554502,0.006367621830554502,144.5576393428948,0,0.0,True,True,True,False,True,False,False,True,True,True,False,1.9933636527931804,False,False,26.700000000000003,26.3,26.700000000000003,23.5,60.0,38.800000000000004,0,72.03196977511953,1.9965124589956005,1.0,s4_narrow_passage_hard,M7,32
False,21.5,0.7096493307354919,0.3665102511575703,True,104.72637774937212,1605.9057325624203,0.040383014154870944,72.06200272299364,0.11819082975820426,0.8066335531141035,0.0063656209028871424,0.0063656209028871424,144.758828241692,0,0.0,True,True,True,False,True,False,False,True,True,True,False,1.9933664468858963,False,False,27.200000000000003,26.650000000000002,27.200000000000003,23.75,60.0,38.550000000000004,0,72.03160926533083,1.9965124578788416,1.0,s4_narrow_passage_hard,M7,33
False,21.150000000000002,0.7362671359047075,0.3444550911061884,True,104.49656136827372,1593.6068293215646,0.039272828198723284,72.00233298856796,0.12809779850174027,0.800314870302396,2.3036894489730205e-05,2.3036894489730205e-05,143.94065685653953,0,0.0,True,True,True,False,True,False,False,True,True,True,False,1.9996851296976037,False,False,26.3,26.3,26.3,23.400000000000002,60.0,38.900000000000006,0,72.03464685520561,1.9965124493652144,1.0,s4_narrow_passage_hard,M7,34
False,21.150000000000002,0.7471741268464089,0.3529765050595521,True,103.73760910761214,1675.1586173558683,0.043713572023313906,72.02805510958603,0.1280870365201067,0.8003216589663263,1.0169547682236943e-05,1.0169547682236943e-05,143.7542107671844,0,0.0,True,True,True,False,True,False,False,True,True,True,False,1.9996783410336736,False,False,26.650000000000002,26.25,26.650000000000002,23.400000000000002,60.0,38.900000000000006,0,72.03400323568292,1.9965123770678244,1.0,s4_narrow_passage_hard,M7,35
False,21.400000000000002,0.6830797882289905,0.32454416216608195,True,103.72015702634606,1653.0265002909348,0.04024424091035248,72.04763158487255,0.12805755494675355,0.8003396354285387,6.694849585380204e-05,6.694849585380204e-05,143.74219040718427,0,0.0,True,True,True,False,True,False,False,True,True,True,False,1.999660364571461,False,False,26.25,26.25,26.25,23.650000000000002,60.0,38.650000000000006,0,72.03660394754718,1.9965124064513118,1.0,s4_narrow_passage_hard,M7,36
False,21.35,0.7478478166884128,0.36685616817004135,True,104.06630853482426,1653.6357930741403,0.04079933388842631,72.01367386273591,0.11814477754537939,0.8066695235484006,0.006328016909864506,0.006328016909864506,143.8408192726169,0,0.0,True,True,True,False,True,False,False,True,True,True,False,1.9933304764515993,False,False,26.8,26.400000000000002,26.8,23.6,60.0,38.7,0,72.03262503640062,1.9965123982405888,1.0,s4_narrow_passage_hard,M7,37
False,21.55,0.7315993348960876,0.3523839213404072,True,103.98074139013991,1662.891304276785,0.04204829308909242,72.03429610012921,0.1181683695309259,0.8066518766170535,0.006337654397177818,0.006337654397177818,143.79466893173137,0,0.0,True,True,True,False,True,False,False,True,True,True,False,1.9933481233829462,False,False,26.400000000000002,26.400000000000002,26.400000000000002,23.8,60.0,38.5,0,72.0340249920534,1.99651242246687,1.0,s4_narrow_passage_hard,M7,38
False,21.5,0.7213405024485493,0.3480138537705436,True,104.7089372326397,1710.4190750845476,0.04412989175686927,72.03818410212374,0.12809798309063677,0.80031479793074,1.6006925266454918e-05,1.6006925266454918e-05,144.44346528907283,0,0.0,True,True,True,False,True,False,False,True,True,True,False,1.99968520206926,False,False,26.3,26.3,26.3,23.75,60.0,38.550000000000004,0,72.03478528662099,1.9965124175163402,1.0,s4_narrow_passage_hard,M7,39
