step,time,agent,omega,rho,psi_tilde,phi
0,0.0,0,0.0,0.9972710753659906,0.9982929651197029,0.0
0,0.0,1,0.0,0.9972710753659906,0.9982929651197029,0.0
0,0.0,2,0.0,0.9972710753659906,0.9982929651197029,0.0
0,0.0,3,0.0,0.9972710753659906,0.9982929651197029,0.0
0,0.0,4,0.0,0.9972710753659906,0.9982929651197029,0.0
0,0.0,5,0.0,0.9972710753659906,0.9982929651197029,0.0
1,0.05,0,0.0,0.9972594351034931,0.998285677488847,0.0
1,0.05,1,0.0,0.9972594351034931,0.998285677488847,0.0
1,0.05,2,0.0,0.9972594351034931,0.998285677488847,0.0
1,0.05,3,0.0,0.9972594351034931,0.998285677488847,0.0
1,0.05,4,0.0,0.9972594351034931,0.998285677488847,0.0
1,0.05,5,0.0,0.9972594351034931,0.998285677488847,0.0
2,0.1,0,0.0,0.9972494905465705,0.9982794514479466,0.0
2,0.1,1,0.0,0.9972494905465705,0.9982794514479466,0.0
2,0.1,2,0.0,0.9972494905465705,0.9982794514479466,0.0
2,0.1,3,0.0,0.9972494905465705,0.9982794514479466,0.0
2,0.1,4,0.0,0.9972494905465705,0.9982794514479466,0.0
2,0.1,5,0.0,0.9972494905465705,0.9982794514479466,0.0
3,0.15000000000000002,0,0.0,0.9972414384037867,0.9982744101722397,0.0
3,0.15000000000000002,1,0.0,0.9972414384037867,0.9982744101722397,0.0
3,0.15000000000000002,2,0.0,0.9972414384037867,0.9982744101722397,0.0
3,0.15000000000000002,3,0.0,0.9972414384037864,0.9982744101722396,0.0
3,0.15000000000000002,4,0.0,0.9972414384037864,0.9982744101722396,0.0
3,0.15000000000000002,5,0.0,0.9972414384037864,0.9982744101722396,0.0
4,0.2,0,0.0,0.997235413656077,0.9982706381889113,0.0
4,0.2,1,0.0,0.997235413656077,0.9982706381889113,0.0
4,0.2,2,0.0,0.997235413656077,0.9982706381889113,0.0
4,0.2,3,0.0,0.997235413656077,0.9982706381889113,0.0
4,0.2,4,0.0,0.997235413656077,0.9982706381889113,0.0
4,0.2,5,0.0,0.997235413656077,0.9982706381889113,0.0
5,0.25,0,0.0,0.9972315076445213,0.9982681926995629,0.0
5,0.25,1,0.0,0.9972315076445213,0.9982681926995629,0.0
5,0.25,2,0.0,0.9972315076445213,0.9982681926995629,0.0
5,0.25,3,0.0,0.9972315076445213,0.9982681926995629,0.0
5,0.25,4,0.0,0.9972315076445213,0.9982681926995629,0.0
5,0.25,5,0.0,0.9972315076445213,0.9982681926995629,0.0
6,0.30000000000000004,0,0.0,0.9972297798901897,0.9982671109791893,0.0
6,0.30000000000000004,1,0.0,0.9972297798901897,0.9982671109791893,0.0
6,0.30000000000000004,2,0.0,0.9972297798901897,0.9982671109791893,0.0
6,0.30000000000000004,3,0.0,0.9972297798901897,0.9982671109791893,0.0
6,0.30000000000000004,4,0.0,0.9972297798901897,0.9982671109791893,0.0
6,0.30000000000000004,5,0.0,0.9972297798901897,0.9982671109791893,0.0
7,0.35000000000000003,0,0.0,0.9972302639712574,0.9982674140550074,0.0
7,0.35000000000000003,1,0.0,0.9972302639712574,0.9982674140550074,0.0
7,0.35000000000000003,2,0.0,0.9972302639712574,0.9982674140550074,0.0
7,0.35000000000000003,3,0.0,0.9972302639712574,0.9982674140550074,0.0
7,0.35000000000000003,4,0.0,0.9972302639712574,0.9982674140550074,0.0
7,0.35000000000000003,5,0.0,0.9972302639712574,0.9982674140550074,0.0
8,0.4,0,0.0,0.9972329690541593,0.9982691076647113,0.0
8,0.4,1,0.0,0.9972329690541593,0.9982691076647113,0.0
8,0.4,2,0.0,0.9972329690541593,0.9982691076647113,0.0
8,0.4,3,0.0,0.9972329690541593,0.9982691076647113,0.0
8,0.4,4,0.0,0.9972329690541593,0.9982691076647113,0.0
8,0.4,5,0.0,0.9972329690541593,0.9982691076647113,0.0
9,0.45,0,0.0,0.997237878931992,0.9982721816543773,0.0
9,0.45,1,0.0,0.997237878931992,0.9982721816543773,0.0
9,0.45,2,0.0,0.997237878931992,0.9982721816543773,0.0
9,0.45,3,0.0,0.997237878931992,0.9982721816543773,0.0
9,0.45,4,0.0,0.997237878931992,0.9982721816543773,0.0
9,0.45,5,0.0,0.997237878931992,0.9982721816543773,0.0
10,0.5,0,0.0,0.9972449501439382,0.9982766088013496,0.0
10,0.5,1,0.0,0.9972449501439382,0.9982766088013496,0.0
10,0.5,2,0.0,0.9972449501439382,0.9982766088013496,0.0
10,0.5,3,0.0,0.9972449501439382,0.9982766088013496,0.0
10,0.5,4,0.0,0.9972449501439382,0.9982766088013496,0.0
10,0.5,5,0.0,0.9972449501439382,0.9982766088013496,0.0
11,0.55,0,0.0,0.9972541102934076,0.9982823437619036,0.0
11,0.55,1,0.0,0.9972541102934076,0.9982823437619036,0.0
11,0.55,2,0.0,0.997254110293408,0.9982823437619038,0.0
11,0.55,3,0.0,0.997254110293408,0.9982823437619038,0.0
11,0.55,4,0.0,0.9972541102934076,0.9982823437619036,0.0
11,0.55,5,0.0,0.9972541102934076,0.9982823437619036,0.0
12,0.6000000000000001,0,0.0,0.9972652572354925,0.998289322563537,0.0
12,0.6000000000000001,1,0.0,0.9972652572354925,0.998289322563537,0.0
12,0.6000000000000001,2,0.0,0.9972652572354925,0.998289322563537,0.0
12,0.6000000000000001,3,0.0,0.9972652572354925,0.998289322563537,0.0
12,0.6000000000000001,4,0.0,0.9972652572354925,0.998289322563537,0.0
12,0.6000000000000001,5,0.0,0.9972652572354925,0.998289322563537,0.0
13,0.65,0,0.0,0.9972782594456826,0.9982974628371561,0.0
13,0.65,1,0.0,0.9972782594456826,0.9982974628371561,0.0
13,0.65,2,0.0,0.9972782594456826,0.9982974628371561,0.0
13,0.65,3,0.0,0.9972782594456826,0.9982974628371561,0.0
13,0.65,4,0.0,0.9972782594456826,0.9982974628371561,0.0
13,0.65,5,0.0,0.9972782594456822,0.9982974628371558,0.0
14,0.7000000000000001,0,0.0,0.9972929576412275,0.9983066648337746,0.0
14,0.7000000000000001,1,0.0,0.9972929576412275,0.9983066648337746,0.0
14,0.7000000000000001,2,0.0,0.9972929576412275,0.9983066648337746,0.0
14,0.7000000000000001,3,0.0,0.9972929576412273,0.9983066648337745,0.0
14,0.7000000000000001,4,0.0,0.9972929576412273,0.9983066648337745,0.0
14,0.7000000000000001,5,0.0,0.9972929576412275,0.9983066648337746,0.0
15,0.75,0,0.0,0.9973091675957806,0.9983168131884415,0.0
15,0.75,1,0.0,0.9973091675957806,0.9983168131884415,0.0
15,0.75,2,0.0,0.9973091675957806,0.9983168131884415,0.0
15,0.75,3,0.0,0.9973091675957806,0.9983168131884415,0.0
15,0.75,4,0.0,0.9973091675957806,0.9983168131884416,0.0
15,0.75,5,0.0,0.9973091675957806,0.9983168131884415,0.0
16,0.8,0,0.0,0.9973266840287389,0.9983277793570223,0.0
16,0.8,1,0.0,0.9973266840287389,0.9983277793570223,0.0
16,0.8,2,0.0,0.9973266840287389,0.9983277793570223,0.0
16,0.8,3,0.0,0.9973266840287389,0.9983277793570223,0.0
16,0.8,4,0.0,0.9973266840287389,0.9983277793570223,0.0
16,0.8,5,0.0,0.9973266840287389,0.9983277793570223,0.0
17,0.8500000000000001,0,0.0,0.9973452854180282,0.9983394246309896,0.0
17,0.8500000000000001,1,0.0,0.9973452854180282,0.9983394246309896,0.0
17,0.8500000000000001,2,0.0,0.9973452854180282,0.9983394246309896,0.0
17,0.8500000000000001,3,0.0,0.9973452854180282,0.9983394246309896,0.0
17,0.8500000000000001,4,0.0,0.9973452854180282,0.9983394246309896,0.0
17,0.8500000000000001,5,0.0,0.9973452854180282,0.9983394246309896,0.0
18,0.9,0,0.0,0.9973647395486387,0.9983516036125741,0.0
18,0.9,1,0.0,0.9973647395486387,0.9983516036125741,0.0
18,0.9,2,0.0,0.9973647395486387,0.9983516036125741,0.0
18,0.9,3,0.0,0.9973647395486387,0.9983516036125741,0.0
18,0.9,4,0.0,0.9973647395486387,0.9983516036125741,0.0
18,0.9,5,0.0,0.9973647395486387,0.9983516036125741,0.0
19,0.9500000000000001,0,0.0,0.9973848095590478,0.9983641680012408,0.0
19,0.9500000000000001,1,0.0,0.9973848095590478,0.9983641680012408,0.0
19,0.9500000000000001,2,0.0,0.9973848095590478,0.9983641680012408,0.0
19,0.9500000000000001,3,0.0,0.9973848095590478,0.9983641680012408,0.0
19,0.9500000000000001,4,0.0,0.9973848095590478,0.9983641680012408,0.0
19,0.9500000000000001,5,0.0,0.9973848095590476,0.9983641680012406,0.0
20,1.0,0,0.0,0.9974052601898646,0.9983769705062966,0.0
20,1.0,1,0.0,0.9974052601898646,0.9983769705062966,0.0
20,1.0,2,0.0,0.9974052601898646,0.9983769705062966,0.0
20,1.0,3,0.0,0.9974052601898646,0.9983769705062966,0.0
20,1.0,4,0.0,0.9974052601898646,0.9983769705062966,0.0
20,1.0,5,0.0,0.9974052601898646,0.9983769705062966,0.0
21,1.05,0,0.0,0.9974258638894324,0.9983898686694445,0.0
21,1.05,1,0.0,0.9974258638894324,0.9983898686694445,0.0
21,1.05,2,0.0,0.9974258638894324,0.9983898686694445,0.0
21,1.05,3,0.0,0.9974258638894324,0.9983898686694445,0.0
21,1.05,4,0.0,0.9974258638894324,0.9983898686694445,0.0
21,1.05,5,0.0,0.9974258638894324,0.9983898686694443,0.0
22,1.1,0,0.0,0.9974464064098312,0.998402728367811,0.0
22,1.1,1,0.0,0.9974464064098312,0.998402728367811,0.0
22,1.1,2,0.0,0.9974464064098312,0.998402728367811,0.0
22,1.1,3,0.0,0.9974464064098312,0.998402728367811,0.0
22,1.1,4,0.0,0.9974464064098314,0.9984027283678111,0.0
22,1.1,5,0.0,0.9974464064098314,0.9984027283678111,0.0
23,1.1500000000000001,0,0.0,0.9974666915511223,0.9984154267833119,0.0
23,1.1500000000000001,1,0.0,0.9974666915511223,0.9984154267833119,0.0
23,1.1500000000000001,2,0.0,0.9974666915511223,0.9984154267833119,0.0
23,1.1500000000000001,3,0.0,0.9974666915511217,0.9984154267833115,0.0
23,1.1500000000000001,4,0.0,0.9974666915511217,0.9984154267833115,0.0
23,1.1500000000000001,5,0.0,0.9974666915511217,0.9984154267833115,0.0
24,1.2000000000000002,0,0.0,0.9974865447877674,0.9984278546718883,0.0
24,1.2000000000000002,1,0.0,0.9974865447877674,0.9984278546718883,0.0
24,1.2000000000000002,2,0.0,0.9974865447877674,0.9984278546718883,0.0
24,1.2000000000000002,3,0.0,0.9974865447877677,0.9984278546718884,0.0
24,1.2000000000000002,4,0.0,0.9974865447877677,0.9984278546718884,0.0
24,1.2000000000000002,5,0.0,0.9974865447877677,0.9984278546718884,0.0
25,1.25,0,0.0,0.9975058156285126,0.9984399178396468,0.0
25,1.25,1,0.0,0.9975058156285126,0.9984399178396468,0.0
25,1.25,2,0.0,0.9975058156285126,0.9984399178396468,0.0
25,1.25,3,0.0,0.9975058156285126,0.9984399178396468,0.0
25,1.25,4,0.0,0.9975058156285126,0.9984399178396468,0.0
25,1.25,5,0.0,0.9975058156285126,0.9984399178396468,0.0
26,1.3,0,0.0,0.9975243786951993,0.9984515378169333,0.0
26,1.3,1,0.0,0.9975243786951993,0.9984515378169333,0.0
26,1.3,2,0.0,0.9975243786951993,0.9984515378169333,0.0
26,1.3,3,0.0,0.9975243786951993,0.9984515378169333,0.0
26,1.3,4,0.0,0.9975243786951993,0.9984515378169333,0.0
26,1.3,5,0.0,0.9975243786951988,0.9984515378169331,0.0
27,1.35,0,0.0,0.9975421336284247,0.9984626517980183,0.0
27,1.35,1,0.0,0.9975421336284247,0.9984626517980183,0.0
27,1.35,2,0.0,0.9975421336284247,0.9984626517980183,0.0
27,1.35,3,0.0,0.9975421336284247,0.9984626517980183,0.0
27,1.35,4,0.0,0.9975421336284247,0.9984626517980183,0.0
27,1.35,5,0.0,0.9975421336284247,0.9984626517980183,0.0
28,1.4000000000000001,0,0.0,0.997559004016703,0.9984732119695945,0.0
28,1.4000000000000001,1,0.0,0.997559004016703,0.9984732119695945,0.0
28,1.4000000000000001,2,0.0,0.997559004016703,0.9984732119695945,0.0
28,1.4000000000000001,3,0.0,0.997559004016703,0.9984732119695945,0.0
28,1.4000000000000001,4,0.0,0.997559004016703,0.9984732119695945,0.0
28,1.4000000000000001,5,0.0,0.997559004016703,0.9984732119695945,0.0
29,1.4500000000000002,0,0.0,0.9975749355916723,0.9984831843799826,0.0
29,1.4500000000000002,1,0.0,0.9975749355916723,0.9984831843799826,0.0
29,1.4500000000000002,2,0.0,0.9975749355916723,0.9984831843799826,0.0
29,1.4500000000000002,3,0.0,0.9975749355916723,0.9984831843799826,0.0
29,1.4500000000000002,4,0.0,0.9975749355916719,0.9984831843799823,0.0
29,1.4500000000000002,5,0.0,0.9975749355916723,0.9984831843799826,0.0
30,1.5,0,0.0,0.9975898939380043,0.9984925475047399,0.0
30,1.5,1,0.0,0.9975898939380043,0.9984925475047399,0.0
30,1.5,2,0.0,0.9975898939380043,0.9984925475047399,0.0
30,1.5,3,0.0,0.9975898939380043,0.9984925475047399,0.0
30,1.5,4,0.0,0.9975898939380037,0.9984925475047396,0.0
30,1.5,5,0.0,0.9975898939380037,0.9984925475047396,0.0
31,1.55,0,0.0,0.9976038619435836,0.9985012906498817,0.0
31,1.55,1,0.0,0.9976038619435836,0.9985012906498817,0.0
31,1.55,2,0.0,0.9976038619435836,0.9985012906498817,0.0
31,1.55,3,0.0,0.9976038619435841,0.9985012906498819,0.0
31,1.55,4,0.0,0.9976038619435836,0.9985012906498817,0.0
31,1.55,5,0.0,0.9976038619435836,0.9985012906498817,0.0
32,1.6,0,0.0,0.9976168371758398,0.9985094123090678,0.0
32,1.6,1,0.0,0.9976168371758398,0.9985094123090678,0.0
32,1.6,2,0.0,0.9976168371758398,0.9985094123090678,0.0
32,1.6,3,0.0,0.9976168371758398,0.9985094123090678,0.0
32,1.6,4,0.0,0.9976168371758398,0.9985094123090678,0.0
32,1.6,5,0.0,0.9976168371758398,0.9985094123090678,0.0
33,1.6500000000000001,0,0.0,0.9976288293247855,0.9985169185627161,0.0
33,1.6500000000000001,1,0.0,0.9976288293247855,0.9985169185627161,0.0
33,1.6500000000000001,2,0.0,0.9976288293247855,0.9985169185627161,0.0
33,1.6500000000000001,3,0.0,0.9976288293247855,0.9985169185627161,0.0
33,1.6500000000000001,4,0.0,0.9976288293247855,0.9985169185627161,0.0
33,1.6500000000000001,5,0.0,0.9976288293247855,0.9985169185627161,0.0
34,1.7000000000000002,0,0.0,0.9976398578098404,0.9985238215797861,0.0
34,1.7000000000000002,1,0.0,0.9976398578098404,0.9985238215797861,0.0
34,1.7000000000000002,2,0.0,0.9976398578098409,0.9985238215797864,0.0
34,1.7000000000000002,3,0.0,0.9976398578098409,0.9985238215797864,0.0
34,1.7000000000000002,4,0.0,0.9976398578098404,0.9985238215797861,0.0
34,1.7000000000000002,5,0.0,0.9976398578098411,0.9985238215797865,0.0
35,1.75,0,0.0,0.9976499496101572,0.9985301382595803,0.0
35,1.75,1,0.0,0.9976499496101572,0.9985301382595803,0.0
35,1.75,2,0.0,0.9976499496101572,0.9985301382595803,0.0
35,1.75,3,0.0,0.9976499496101572,0.9985301382595803,0.0
35,1.75,4,0.0,0.9976499496101574,0.9985301382595804,0.0
35,1.75,5,0.0,0.9976499496101572,0.9985301382595803,0.0
36,1.8,0,0.0,0.9976591373485031,0.9985358890323516,0.0
36,1.8,1,0.0,0.9976591373485031,0.9985358890323516,0.0
36,1.8,2,0.0,0.9976591373485031,0.9985358890323516,0.0
36,1.8,3,0.0,0.9976591373485026,0.9985358890323514,0.0
36,1.8,4,0.0,0.9976591373485026,0.9985358890323514,0.0
36,1.8,5,0.0,0.9976591373485026,0.9985358890323514,0.0
37,1.85,0,0.0,0.9976674576367841,0.9985410968237513,0.0
37,1.85,1,0.0,0.9976674576367841,0.9985410968237513,0.0
37,1.85,2,0.0,0.9976674576367841,0.9985410968237513,0.0
37,1.85,3,0.0,0.9976674576367841,0.9985410968237513,0.0
37,1.85,4,0.0,0.9976674576367841,0.9985410968237513,0.0
37,1.85,5,0.0,0.9976674576367841,0.9985410968237513,0.0
38,1.9000000000000001,0,0.0,0.997674949676074,0.998545786178627,0.0
38,1.9000000000000001,1,0.0,0.997674949676074,0.998545786178627,0.0
38,1.9000000000000001,2,0.0,0.997674949676074,0.998545786178627,0.0
38,1.9000000000000001,3,0.0,0.997674949676074,0.998545786178627,0.0
38,1.9000000000000001,4,0.0,0.997674949676074,0.998545786178627,0.0
38,1.9000000000000001,5,0.0,0.997674949676074,0.998545786178627,0.0
39,1.9500000000000002,0,0.0,0.9976816540942801,0.9985499825335986,0.0
39,1.9500000000000002,1,0.0,0.9976816540942801,0.9985499825335986,0.0
39,1.9500000000000002,2,0.0,0.9976816540942801,0.9985499825335986,0.0
39,1.9500000000000002,3,0.0,0.9976816540942801,0.9985499825335986,0.0
39,1.9500000000000002,4,0.0,0.9976816540942801,0.9985499825335986,0.0
39,1.9500000000000002,5,0.0,0.9976816540942801,0.9985499825335986,0.0
40,2.0,0,0.0,0.9976876119990876,0.9985537116243971,0.0
40,2.0,1,0.0,0.9976876119990876,0.9985537116243971,0.0
40,2.0,2,0.0,0.9976876119990876,0.9985537116243971,0.0
40,2.0,3,0.0,0.9976876119990876,0.9985537116243971,0.0
40,2.0,4,0.0,0.9976876119990876,0.9985537116243971,0.0
40,2.0,5,0.0,0.9976876119990876,0.9985537116243971,0.0
41,2.0500000000000003,0,0.0,0.9976928642213334,0.9985569990124082,0.0
41,2.0500000000000003,1,0.0,0.9976928642213334,0.9985569990124082,0.0
41,2.0500000000000003,2,0.0,0.9976928642213334,0.9985569990124082,0.0
41,2.0500000000000003,3,0.0,0.9976928642213334,0.9985569990124082,0.0
41,2.0500000000000003,4,0.0,0.9976928642213334,0.9985569990124082,0.0
41,2.0500000000000003,5,0.0,0.9976928642213334,0.9985569990124082,0.0
42,2.1,0,0.0,0.997697450723636,0.998559869714653,0.0
42,2.1,1,0.0,0.997697450723636,0.998559869714653,0.0
42,2.1,2,0.0,0.997697450723636,0.998559869714653,0.0
42,2.1,3,0.0,0.997697450723636,0.998559869714653,0.0
42,2.1,4,0.0,0.997697450723636,0.998559869714653,0.0
42,2.1,5,0.0,0.997697450723636,0.998559869714653,0.0
43,2.15,0,0.0,0.9977014101501118,0.9985623479220713,0.0
43,2.15,1,0.0,0.9977014101501118,0.9985623479220713,0.0
43,2.15,2,0.0,0.9977014101501118,0.9985623479220713,0.0
43,2.15,3,0.0,0.9977014101501118,0.9985623479220713,0.0
43,2.15,4,0.0,0.9977014101501118,0.9985623479220713,0.0
43,2.15,5,0.0,0.9977014101501118,0.9985623479220713,0.0
44,2.2,0,0.0,0.9977047794948637,0.9985644567921389,0.0
44,2.2,1,0.0,0.9977047794948637,0.9985644567921389,0.0
44,2.2,2,0.0,0.9977047794948637,0.9985644567921389,0.0
44,2.2,3,0.0,0.9977047794948637,0.9985644567921389,0.0
44,2.2,4,0.0,0.9977047794948637,0.9985644567921389,0.0
44,2.2,5,0.0,0.9977047794948637,0.9985644567921389,0.0
45,2.25,0,0.0,0.9977075938691582,0.9985662183032469,0.0
45,2.25,1,0.0,0.9977075938691582,0.9985662183032469,0.0
45,2.25,2,0.0,0.9977075938691582,0.9985662183032469,0.0
45,2.25,3,0.0,0.9977075938691582,0.9985662183032469,0.0
45,2.25,4,0.0,0.9977075938691582,0.9985662183032469,0.0
45,2.25,5,0.0,0.9977075938691577,0.9985662183032465,0.0
46,2.3000000000000003,0,0.0,0.9977098863496467,0.9985676531597938,0.0
46,2.3000000000000003,1,0.0,0.9977098863496467,0.9985676531597938,0.0
46,2.3000000000000003,2,0.0,0.9977098863496467,0.9985676531597938,0.0
46,2.3000000000000003,3,0.0,0.9977098863496467,0.9985676531597938,0.0
46,2.3000000000000003,4,0.0,0.9977098863496467,0.9985676531597938,0.0
46,2.3000000000000003,5,0.0,0.9977098863496467,0.9985676531597938,0.0
47,2.35,0,0.0,0.9977116878923373,0.9985687807384235,0.0
47,2.35,1,0.0,0.9977116878923373,0.9985687807384235,0.0
47,2.35,2,0.0,0.9977116878923373,0.9985687807384235,0.0
47,2.35,3,0.0,0.9977116878923373,0.9985687807384235,0.0
47,2.35,4,0.0,0.9977116878923373,0.9985687807384235,0.0
47,2.35,5,0.0,0.9977116878923373,0.9985687807384234,0.0
48,2.4000000000000004,0,0.0,0.9977130272992623,0.9985696190672324,0.0
48,2.4000000000000004,1,0.0,0.9977130272992623,0.9985696190672324,0.0
48,2.4000000000000004,2,0.0,0.9977130272992623,0.9985696190672324,0.0
48,2.4000000000000004,3,0.0,0.9977130272992623,0.9985696190672324,0.0
48,2.4000000000000004,4,0.0,0.9977130272992623,0.9985696190672324,0.0
48,2.4000000000000004,5,0.0,0.9977130272992623,0.9985696190672324,0.0
49,2.45,0,0.0,0.9977139312268208,0.9985701848310543,0.0
49,2.45,1,0.0,0.9977139312268208,0.9985701848310543,0.0
49,2.45,2,0.0,0.9977139312268208,0.9985701848310543,0.0
49,2.45,3,0.0,0.9977139312268208,0.9985701848310543,0.0
49,2.45,4,0.0,0.9977139312268204,0.9985701848310541,0.0
49,2.45,5,0.0,0.9977139312268208,0.9985701848310543,0.0
50,2.5,0,0.0,0.9977144242265756,0.9985704933970458,0.0
50,2.5,1,0.0,0.9977144242265756,0.9985704933970458,0.0
50,2.5,2,0.0,0.9977144242265756,0.9985704933970458,0.0
50,2.5,3,0.0,0.9977144242265756,0.9985704933970458,0.0
50,2.5,4,0.0,0.9977144242265756,0.9985704933970458,0.0
50,2.5,5,0.0,0.9977144242265756,0.9985704933970458,0.0
51,2.5500000000000003,0,0.0,0.997714528810852,0.99857055885579,0.0
51,2.5500000000000003,1,0.0,0.997714528810852,0.99857055885579,0.0
51,2.5500000000000003,2,0.0,0.997714528810852,0.99857055885579,0.0
51,2.5500000000000003,3,0.0,0.997714528810852,0.99857055885579,0.0
51,2.5500000000000003,4,0.0,0.997714528810852,0.99857055885579,0.0
51,2.5500000000000003,5,0.0,0.997714528810852,0.99857055885579,0.0
52,2.6,0,0.0,0.997714265536817,0.9985703940739588,0.0
52,2.6,1,0.0,0.997714265536817,0.9985703940739588,0.0
52,2.6,2,0.0,0.997714265536817,0.9985703940739588,0.0
52,2.6,3,0.0,0.997714265536817,0.9985703940739588,0.0
52,2.6,4,0.0,0.997714265536817,0.9985703940739588,0.0
52,2.6,5,0.0,0.997714265536817,0.9985703940739588,0.0
53,2.6500000000000004,0,0.0,0.9977136531038815,0.9985700107553059,0.0
53,2.6500000000000004,1,0.0,0.9977136531038815,0.9985700107553059,0.0
53,2.6500000000000004,2,0.0,0.9977136531038815,0.9985700107553059,0.0
53,2.6500000000000004,3,0.0,0.9977136531038815,0.9985700107553059,0.0
53,2.6500000000000004,4,0.0,0.9977136531038815,0.9985700107553059,0.0
53,2.6500000000000004,5,0.0,0.9977136531038815,0.9985700107553059,0.0
54,2.7,0,1.2905213524945227e-05,0.9976158882277681,0.9985694195073482,0.00012905213524945226
54,2.7,1,0.0,0.997712708460194,0.9985694195073482,0.0
54,2.7,2,0.0,0.9977127084601933,0.9985694195073479,0.0
54,2.7,3,0.0,0.9977127084601933,0.9985694195073479,0.0
54,2.7,4,0.0,0.9977127084601933,0.9985694195073479,0.0
54,2.7,5,0.0,0.9977127084601933,0.9985694195073479,0.0
55,2.75,0,0.00129514205554991,0.9880444350810212,0.9985686299352635,0.012835273633774591
55,2.75,1,0.0,0.9977114469526314,0.9985686299352635,0.0
55,2.75,2,0.0,0.9977114469526314,0.9985686299352635,0.0
55,2.75,3,0.0,0.9977114469526314,0.9985686299352635,0.0
55,2.75,4,0.0,0.9977114469526314,0.9985686299352635,0.0
55,2.75,5,0.0,0.9977114469526314,0.9985686299352635,0.0
56,2.8000000000000003,0,0.0037153806993120916,0.9702444370779552,0.9985676710186956,0.025497528493171728
56,2.8000000000000003,1,0.0,0.9977099148829616,0.9985676710186956,0.0
56,2.8000000000000003,2,0.0,0.9977099148829616,0.9985676710186956,0.0
56,2.8000000000000003,3,0.0,0.9977099148829616,0.9985676710186956,0.0
56,2.8000000000000003,4,0.0,0.9977099148829616,0.9985676710186956,0.0
56,2.8000000000000003,5,0.0,0.9977099148829616,0.9985676710186956,0.0
57,2.85,0,0.007154877016743778,0.9455342522212279,0.9985665855326661,0.03811034387362895
57,2.85,1,0.0,0.9977081805938939,0.9985665855326661,0.0
57,2.85,2,0.0009628036981648692,0.9905122389000879,0.9985665855326661,0.00962803698164869
57,2.85,3,0.0,0.9977081805938939,0.9985665855326661,0.0
57,2.85,4,0.0,0.9977081805938939,0.9985665855326661,0.0
57,2.85,5,0.0,0.9977081805938939,0.9985665855326661,0.0
58,2.9000000000000004,0,0.011506212878222778,0.9152321403693662,0.9985654133623633,0.050668235631533776
58,2.9000000000000004,1,0.0,0.9977063078108379,0.9985654133623633,0.0
58,2.9000000000000004,2,0.0032646678179195773,0.9735294090996257,0.9985654133623633,0.023981444895711947
58,2.9000000000000004,3,0.0,0.9977063078108379,0.9985654133623633,0.0
58,2.9000000000000004,4,0.0015203689140919963,0.9863684484491014,0.9985654133623633,0.015203689140919963
58,2.9000000000000004,5,0.0,0.9977063078108379,0.9985654133623633,0.0
59,2.95,0,0.016672153868654276,0.8806006431803298,0.9985642146774025,0.06316562278253776
59,2.95,1,0.0,0.997704392667438,0.9985642146774025,0.0
59,2.95,2,0.006760591950540577,0.9483287195745821,0.9985642146774025,0.03822390914412956
59,2.95,3,0.0,0.997704392667438,0.9985642146774025,0.0
59,2.95,4,0.004456696531393209,0.9648560308777073,0.9985642146774025,0.030883645087104127
59,2.95,5,0.0,0.997704392667438,0.9985642146774025,0.0
60,3.0,0,0.022564635144903998,0.842807342583644,0.9985630567658875,0.07559696663115148
60,3.0,1,0.0,0.9977025426701065,0.9985630567658875,0.0
60,3.0,2,0.011318244406074249,0.9165159095803034,0.9985630567658875,0.05233711650587729
60,3.0,3,0.0,0.9977025426701065,0.9985630567658875,0.0
60,3.0,4,0.00866002901930464,0.9349283542550385,0.9985630567658875,0.04649002141050751
60,3.0,5,0.0,0.9977025426701069,0.9985630567658877,0.0
61,3.0500000000000003,0,0.02910384526371101,0.8029001475872205,0.9985619981098046,0.08795673633297411
61,3.0500000000000003,1,0.0,0.9977008512552363,0.9985619981098046,0.0
61,3.0500000000000003,2,0.01681684984907412,0.8796480101168159,0.9985619981098046,0.06630429883607292
61,3.0500000000000003,3,0.0,0.9977008512552363,0.9985619981098046,0.0
61,3.0500000000000003,4,0.013994231858993306,0.8983701370074633,0.9985619981098046,0.06200205741619129
61,3.0500000000000003,5,0.0,0.9977008512552363,0.9985619981098046,0.0
62,3.1,0,0.03621738895349819,0.7617946518339994,0.9985610897468358,0.10023928216158282
62,3.1,1,0.0,0.9976993999651105,0.9985610897468358,0.0
62,3.1,2,0.02314617782974204,0.8391706308717534,0.9985610897468358,0.08011012965575333
62,3.1,3,0.0,0.9976993999651105,0.9985610897468357,0.0
62,3.1,4,0.020334832006173774,0.8568964668296329,0.9985610897468357,0.07740023333079797
62,3.1,5,0.0,0.9976993999651105,0.9985610897468358,0.0
63,3.1500000000000004,0,0.04383952641325112,0.7202708501161341,0.9985603764148606,0.11243876355102742
63,3.1500000000000004,1,0.0,0.9976982602766304,0.9985603764148606,0.0
63,3.1500000000000004,2,0.030205621621846136,0.7963775637811437,0.9985603764148604,0.093740615750783
63,3.1500000000000004,3,0.0,0.9976982602766302,0.9985603764148604,0.0
63,3.1500000000000004,4,0.027567964313256747,0.8120841023353249,0.9985603764148604,0.09266615507700351
63,3.1500000000000004,5,0.0,0.9976982602766304,0.9985603764148606,0.0
64,3.2,0,0.051910486053647,0.6789767185068415,0.9985598974569861,0.12454912281720994
64,3.2,1,0.0,0.9976974950474453,0.9985598974569861,0.0
64,3.2,2,0.03790335864949713,0.7523892789339202,0.9985598974569861,0.10718299189835605
64,3.2,3,0.0,0.9976974950474453,0.9985598974569861,0.0
64,3.2,4,0.035589411986401434,0.7653284438601831,0.9985598974569861,0.10778244104470361
64,3.2,5,0.0,0.9976974950474453,0.9985598974569861,0.0
65,3.25,0,0.06037584691279417,0.638436494048532,0.9985596874988932,0.13656409464511868
65,3.25,1,0.0,0.99769715959831,0.9985596874988932,0.0
65,3.25,2,0.04615558523225289,0.7081463646991384,0.9985596874988932,0.12042562447705478
65,3.25,3,0.0,0.99769715959831,0.9985596874988932,0.0
65,3.25,4,0.04430373275108777,0.7178220783078461,0.9985596874988932,0.12273261963326476
65,3.25,5,0.0,0.99769715959831,0.9985596874988932,0.0
66,3.3000000000000003,0,0.06918598640228689,0.5990618767717917,0.9985597769216971,0.14847724180772132
66,3.3000000000000003,1,0.0,0.9976973024687277,0.9985597769216971,0.0
66,3.3000000000000003,2,0.05488581947429759,0.6644140066929252,0.9985597769216971,0.13345792765269984
66,3.3000000000000003,3,0.0,0.9976973024687277,0.9985597769216971,0.0
66,3.3000000000000003,4,0.053623463835644286,0.6705502175742409,0.9985597769216968,0.137501043596653
66,3.3000000000000003,5,0.0,0.9976973024687272,0.9985597769216968,0.0
67,3.35,0,0.07829558862032655,0.5611647625285187,0.998560192160618,0.1602820085826835
67,3.35,1,0.0,0.9976979658942804,0.998560192160618,0.0
67,3.35,2,0.06483813035010391,0.6181471905507983,0.998560192160618,0.15440892823236074
67,3.35,3,0.0,0.9976979658942804,0.998560192160618,0.0
67,3.35,4,0.06346839994248904,0.6242984341322094,0.9985601921606181,0.15207282490409177
67,3.35,5,0.0,0.9976979658942804,0.998560192160618,0.0
68,3.4000000000000004,0,0.08766320822088172,0.5249704666884447,0.9985609561202325,0.17197178462587814
68,3.4000000000000004,1,0.0,0.9976991864702025,0.9985609561202325,0.0
68,3.4000000000000004,2,0.07633288829839327,0.5690988378139686,0.9985609561202325,0.17978570983299738
68,3.4000000000000004,3,0.0,0.9976991864702025,0.9985609561202325,0.0
68,3.4000000000000004,4,0.07376493913058008,0.5796685919582893,0.9985609561202325,0.16643379182339935
68,3.4000000000000004,5,0.0,0.9976991864702025,0.9985609561202325,0.0
69,3.45,0,0.09725089037621368,0.49063067856127895,0.9985620871339704,0.18354002977420122
69,3.45,1,0.0,0.997700993489081,0.9985620871339704,0.0
69,3.45,2,0.08918856794820434,0.5193302341787096,0.9985620871339704,0.20488968479650396
69,3.45,3,0.0,0.997700993489081,0.9985620871339704,0.0
69,3.45,4,0.08444549665623965,0.5370995492012256,0.9985620871339704,0.18057051438717586
69,3.45,5,0.0,0.9977009934890808,0.9985620871339703,0.0
70,3.5,0,0.1070238423910103,0.45823566310441244,0.9985635987273372,0.19498041052417997
70,3.5,1,0.0,0.9977034085626324,0.9985635987273372,0.0
70,3.5,2,0.10324054412555611,0.47047730872350524,0.9985635987273372,0.22970832972172206
70,3.5,3,0.0,0.9977034085626322,0.998563598727337,0.0
70,3.5,4,0.09544798415599384,0.49688998735392265,0.998563598727337,0.19447037165378162
70,3.5,5,0.0,0.9977034085626324,0.9985635987273372,0.0
71,3.5500000000000003,0,0.11695014145844695,0.42782544769549136,0.9985654997822359,0.20628683306537682
71,3.5500000000000003,1,0.0,0.9977064458842773,0.9985654997822359,0.0
71,3.5500000000000003,2,0.118339567418739,0.42375803561092795,0.9985654997822359,0.2542307770573849
71,3.5500000000000003,3,0.0,0.9977064458842773,0.9985654997822359,0.0
71,3.5500000000000003,4,0.10671534194783439,0.45922146247566514,0.9985654997822359,0.20812156207439925
71,3.5500000000000003,5,0.0,0.9977064458842777,0.9985654997822361,0.0
72,3.6,0,0.1270004743540503,0.39939982477945024,0.9985677946361603,0.21745347041448015
72,3.6,1,0.0,0.99771011238762,0.9985677946361603,0.0
72,3.6,2,0.13435036195865255,0.3800109516410937,0.9985677946361603,0.2784475128178745
72,3.6,3,0.0,0.99771011238762,0.9985677946361603,0.0
72,3.6,4,0.11819512040344578,0.42418034662073967,0.99856779463616,0.22151312650394822
72,3.6,5,0.0,0.99771011238762,0.9985677946361603,0.0
73,3.6500000000000004,0,0.13714790571861976,0.3729271083341694,0.9985704831602789,0.22847478799974494
73,3.6500000000000004,1,0.0,0.9977144078711622,0.9985704831602789,0.0
73,3.6500000000000004,2,0.15115033892462354,0.33975070567446114,0.9985704831602789,0.30235013161836255
73,3.6500000000000004,3,0.0,0.9977144078711624,0.998570483160279,0.0
73,3.6500000000000004,4,0.12983910682244088,0.391777831467605,0.998570483160279,0.23463498459339674
73,3.6500000000000004,5,0.0,0.9977144078711622,0.9985704831602789,0.0
74,3.7,0,0.1473676716808857,0.3483516590618873,0.9985735608466721,0.2393455653412791
74,3.7,1,0.0,0.997719325137602,0.9985735608466721,0.0
74,3.7,2,0.16862842018094804,0.3032298290612888,0.9985735608466721,0.3259311514878685
74,3.7,3,0.0,0.9977193251376018,0.998573560846672,0.0
74,3.7,4,0.1416029940451728,0.36196755658994345,0.998573560846672,0.24747797904975988
74,3.7,5,0.0005329836334939842,0.9937289425229074,0.998573560846672,0.005329836334939842
75,3.75,0,0.1576369957355023,0.3256002438977122,0.9985770191688447,0.25006091222705173
75,3.75,1,0.0,0.997724850569708,0.9985770191688447,0.0
75,3.75,2,0.18668396663421458,0.27049925415581544,0.9985770191688447,0.3491838847136132
75,3.75,3,0.0,0.997724850569708,0.9985770191688447,0.0
75,3.75,4,0.1534460868576702,0.3346607096708863,0.9985770191688447,0.2600339221701467
75,3.75,5,0.002252824545147483,0.980973558153632,0.9985770191688449,0.017731392750028975
76,3.8000000000000003,0,0.16793492559411557,0.30458734182985714,0.9985808856542095,0.26061629432163497
76,3.8000000000000003,1,0.0,0.9977310281551566,0.9985808856542095,0.0
76,3.8000000000000003,2,0.2052258070827669,0.24146302679846565,0.9985808856542095,0.37210237111973765
76,3.8000000000000003,3,0.0,0.9977310281551566,0.9985808856542095,0.0
76,3.8000000000000003,4,0.16533104158327033,0.3097386617682731,0.9985808856542095,0.2722956341136714
76,3.8000000000000003,5,0.005047292866043783,0.960615872927289,0.9985808856542095,0.030197507754110474
77,3.85,0,0.17824221155962955,0.2852194004181196,0.9985851754009714,0.27100778524925523
77,3.85,1,0.0,0.9977378820244711,0.9985851754009714,0.0
77,3.85,2,0.22417137469514037,0.21592484232065143,0.9985851754009714,0.39468148320650165
77,3.85,3,0.0,0.9977378820244711,0.9985851754009714,0.0
77,3.85,4,0.1772236594117855,0.28706318979195905,0.9985851754009714,0.28425721986842206
77,3.85,5,0.008814527876372404,0.933880526123447,0.9985851754009714,0.04271964296932999
78,3.9000000000000004,0,0.18854118724158744,0.2673983288315523,0.9985899029114672,0.2812319683792082
78,3.9000000000000004,1,0.0,0.9977454353573869,0.9985899029114672,0.0
78,3.9000000000000004,2,0.24344592196125883,0.19362582834016706,0.9985899029114672,0.41691684735632495
78,3.9000000000000004,3,0.0,0.9977454353573869,0.9985899029114672,0.0
78,3.9000000000000004,4,0.18909269705644824,0.26648469128349295,0.9985899029114672,0.2959140358584128
78,3.9000000000000004,5,0.013461842703272124,0.9019893592557203,0.998589902911467,0.0552876761453696
79,3.95,0,0.19881566222574504,0.25102426273181666,0.9985950778824377,0.2912859370831634
79,3.95,1,0.0,0.9977537036568256,0.9985950778824377,0.0
79,3.95,2,0.2629818149702368,0.17427385442605625,0.9985950778824377,0.4388048520510387
79,3.95,3,0.0,0.9977537036568256,0.9985950778824377,0.0
79,3.95,4,0.20090969710064543,0.2478485873199987,0.9985950778824377,0.3072626974984202
79,3.95,5,0.01890469448711447,0.8661149224604026,0.9985950778824377,0.06789036054169557
80,4.0,0,0.20905082169336806,0.2359977223783686,0.9986007055797802,0.3011672569019752
80,4.0,1,0.0,0.997762695347548,0.9986007055797802,0.0
80,4.0,2,0.28271789810089887,0.15756530451038422,0.9986007055797802,0.4603426462768574
80,4.0,3,0.0,0.997762695347548,0.9986007055797802,0.0
80,4.0,4,0.2126488313960211,0.231000195987417,0.9986007055797802,0.31830104005440196
80,4.0,5,0.025065779141865793,0.8273468442379405,0.9986007055797802,0.0805155410346277
81,4.05,0,0.2192331320074495,0.22222125563039263,0.9986067872346321,0.31087392483418264
81,4.05,1,0.0,0.9977724124088592,0.9986067872346321,0.0
81,4.05,2,0.3025989226474418,0.1432004941264683,0.9986067872346321,0.4815281435663281
81,4.05,3,0.0,0.9977724124088592,0.9986067872346321,0.0
81,4.05,4,0.2242867542458596,0.21578832708390774,0.9986067872346321,0.32902805989440587
81,4.05,5,0.031874237319471595,0.7866696646518129,0.9986067872346321,0.0931503609179238
82,4.1000000000000005,0,0.22935025143658874,0.20960065164219413,0.99861332045778,0.3204043262988418
82,4.1000000000000005,1,0.0,0.9977828510365703,0.99861332045778,0.0
82,4.1000000000000005,2,0.3225750330908573,0.13089396492668784,0.99861332045778,0.5023600270815962
82,4.1000000000000005,3,0.0,0.9977828510365703,0.99861332045778,0.0
82,4.1000000000000005,4,0.23580246254229692,0.20206783095947148,0.99861332045778,0.33944383721023275
82,4.1000000000000005,5,0.03926495871041539,0.7449503795761421,0.99861332045778,0.10578145122890951
83,4.15,0,0.23939094533964897,0.19804580166826002,0.9986202996650428,0.32975719046719093
83,4.15,1,0.0,0.9977940023224801,0.9986202996650428,0.0
83,4.15,2,0.34260130505170683,0.12038080851024748,0.9986202996650428,0.5228377526993528
83,4.15,3,0.0,0.9977940023224801,0.9986202996650428,0.0
83,4.15,4,0.24717716050867905,0.18970130845313155,0.9986202996650428,0.34954944220611806
83,4.15,5,0.04717797273266188,0.7029338305518408,0.9986202996650428,0.11839509893288032
84,4.2,0,0.24934500527923925,0.18747127380942413,0.9986277165036658,0.33893154473555187
84,4.2,1,0.0,0.9978058529354608,0.9986277165036658,0.0
84,4.2,2,0.3626373293804299,0.11142002513622286,0.9986277165036658,0.5429615483389378
84,4.2,3,0.0,0.9978058529354608,0.9986277165036658,0.0
84,4.2,4,0.2587461194069927,0.17822640236447188,0.9986277165036658,0.36286674949181574
84,4.2,5,0.0555579148086441,0.6612441323887299,0.9986277165036657,0.13097739349248413
85,4.25,0,0.25920317166463946,0.177796659455059,0.9986355610113468,0.34792666913324155
85,4.25,1,0.0,0.9978183869731578,0.9986355610113468,0.0
85,4.25,2,0.38264683731652943,0.1037957524770513,0.9986355610113468,0.5627324087414249
85,4.25,3,0.0,0.9978183869731578,0.9986355610113468,0.0
85,4.25,4,0.27126425002510496,0.16694970931429523,0.9986355610113468,0.3839274255881148
85,4.25,5,0.06435355866751173,0.6203904963424939,0.9986355610113468,0.14351435339732035
86,4.3,0,0.2689570603829162,0.16894673873141658,0.998643820410175,0.35674205884740723
86,4.3,1,0.0,0.9978315840347438,0.998643820410175,0.0
86,4.3,2,0.4025973635395566,0.09731702972491199,0.998643820410175,0.5821520995468011
86,4.3,3,0.0,0.9978315840347436,0.9986438204101747,0.0
86,4.3,4,0.28460789901777556,0.1561099759868955,0.9986438204101747,0.40470073995181105
86,4.3,5,0.07351740712875798,0.5807760224766512,0.9986438204101749,0.15599204327997426
87,4.3500000000000005,0,0.2785990943718414,0.1608515062608349,0.9986524781695351,0.36537740027216764
87,4.3500000000000005,1,0.0,0.9978454177233231,0.9986524781695351,0.0
87,4.3500000000000005,2,0.4224599494685726,0.09181660991166925,0.9986524781695351,0.6012232228297163
87,4.3500000000000005,3,0.0,0.9978454177233231,0.9986524781695351,0.0
87,4.3500000000000005,4,0.2986647506298662,0.145875684589308,0.9986524781695351,0.4251764151386815
87,4.3500000000000005,5,0.08300533140388919,0.5427083019231905,0.9986524781695353,0.16839664988007003
88,4.4,0,0.288122437537905,0.15344609418007962,0.9986615153803271,0.3738325260324779
88,4.4,1,0.0,0.9978598578413851,0.9986615153803271,0.0
88,4.4,2,0.4422088755036136,0.0871492073769865,0.9986615153803271,0.6199492098189823
88,4.4,3,0.0,0.9978598578413851,0.9986615153803271,0.0
88,4.4,4,0.31333275240533015,0.13635512123721905,0.9986615153803271,0.4453447683845058
88,4.4,5,0.09277625263612717,0.5064108933812982,0.9986615153803271,0.18071454372626902
89,4.45,0,0.2975209311688497,0.14667061865655132,0.998670911327758,0.3821073738473516
89,4.45,1,0.0,0.9978748713057717,0.998670911327758,0.0
89,4.45,2,0.4618214168540816,0.08318945595468734,0.998670911327758,0.6383342890082939
89,4.45,3,0.0,0.9978748713057717,0.998670911327758,0.0
89,4.45,4,0.3285191399693433,0.12760724386015662,0.998670911327758,0.4651966280454615
89,4.45,5,0.10279186226173433,0.47203495028829556,0.998670911327758,0.19293234889219874
90,4.5,0,0.3067890332490942,0.1404699720968684,0.9986806439931967,0.3902019519712945
90,4.5,1,0.0,0.9978904229493328,0.9986806439931967,0.0
90,4.5,2,0.481277620208959,0.07982976978558617,0.9986806439931967,0.6563834504028547
90,4.5,3,0.0,0.9978904229493328,0.9986806439931967,0.0
90,4.5,4,0.34413955141125396,0.1196522597844632,0.9986806439931967,0.4847232543884501
90,4.5,5,0.11301637697061304,0.4396704841329239,0.9986806439931967,0.20503700935052144
91,4.55,0,0.31592176106412045,0.13479357875791312,0.9986906904792408,0.39811631139935677
91,4.55,1,0.0,0.9979064761999221,0.9986906904792408,0.0
91,4.55,2,0.5005600986856404,0.07697823486266182,0.9986906904792408,0.674102404975774
91,4.55,3,0.0,0.9979064761999221,0.9986906904792408,0.0
91,4.55,4,0.3601172226811371,0.11248124047262759,0.9986906904792409,0.5039162641100855
91,4.55,5,0.12341632459249885,0.4093569135076447,0.9986906904792409,0.21701585318947111
92,4.6000000000000005,0,0.32491463745148313,0.12959512783635505,0.9987010273568505,0.40585052493774676
92,4.6000000000000005,1,0.0,0.997922993634903,0.9987010273568505,0.0
92,4.6000000000000005,2,0.5196538426183531,0.07455661197943378,0.9987010273568505,0.6914975380127674
92,4.6000000000000005,3,0.0,0.997922993634903,0.9987010273568505,0.0
92,4.6000000000000005,4,0.37638225623455024,0.10606442509363688,0.9987010273568505,0.5227675582152685
92,4.6000000000000005,5,0.13396035767798395,0.38109268166128574,0.9987010273568505,0.22885665544734984
93,4.65,0,0.33376364102521666,0.12483229504534653,0.9987116309373173,0.41340467318881846
93,4.65,1,0.0,0.9979399374155811,0.9987116309373173,0.0
93,4.65,2,0.5385460438171247,0.07249849739972623,0.9987116309373173,0.7085758546060686
93,4.65,3,0.0,0.9979399374155811,0.9987116309373173,0.0
93,4.65,4,0.3928709559361115,0.10035809706259505,0.9987116309373173,0.541269253250163
93,4.65,5,0.14461909189334415,0.3548438289646394,0.9987116309373173,0.24054769983158614
94,4.7,0,0.34246516067013283,0.12046646113005954,0.9987224774747676,0.42077883747437805
94,4.7,1,0.0,0.9979572696106702,0.9987224774747676,0.0
94,4.7,2,0.5572259309491838,0.07074766343733173,0.9987224774747676,0.7253449151377163
94,4.7,3,0.0,0.9979572696106702,0.9987224774747676,0.0
94,4.7,4,0.40952522197579955,0.09531007088382229,0.9987224774747676,0.559413616332992
94,4.7,5,0.15536496661839072,0.3305514843527306,0.9987224774747676,0.2520778391438097
95,4.75,0,0.3510159545751253,0.11646243366761211,0.9987335433068018,0.4279730997200574
95,4.75,1,0.00042923180629408366,0.9947591901228076,0.9987335433068018,0.004292318062940836
95,4.75,2,0.5756846136724554,0.0692565847779806,0.9987335433068018,0.741812758181899
95,4.75,3,0.0,0.9979749524209274,0.9987335433068018,0.0
95,4.75,4,0.4262920002749492,0.09086391717735845,0.9987335433068018,0.5771930049672954
95,4.75,5,0.16617212534150883,0.3081382954797494,0.9987335433068018,0.26343655384957154
96,4.800000000000001,0,0.35941311405155413,0.11278817774119664,0.998744810248081,0.4349875493394134
96,4.800000000000001,1,0.0021104034344786274,0.9822875274427604,0.998744810248081,0.01724094808813952
96,4.800000000000001,2,0.5939149330920297,0.06798514636098049,0.998744810248081,0.7579878078681974
96,4.800000000000001,3,0.0,0.9979929567979804,0.998744810248081,0.0
96,4.800000000000001,4,0.44312278157650964,0.08696209906852943,0.998744810248081,0.5945998132905541
96,4.800000000000001,5,0.17701631359990294,0.2875138575051932,0.998744810248081,0.27461400792544993
97,4.8500000000000005,0,0.3676540374567465,0.10941455864443936,0.9987562883517471,0.44182234810347787
97,4.8500000000000005,1,0.00491501620484074,0.9618396778092216,0.9987562883517471,0.03015653113809975
97,4.8500000000000005,2,0.6119113197258632,0.0668995226595145,0.9987562883517471,0.7738787994303639
97,4.8500000000000005,3,0.0,0.9980112988177268,0.9987562883517471,0.0
97,4.8500000000000005,4,0.4599731511868477,0.08354820598629197,0.9987562883517471,0.6116264776798898
97,4.8500000000000005,5,0.18787479803599233,0.2685792161198358,0.9987562883517471,0.28560115796079666
98,4.9,0,0.3757364228419197,0.10631508499649657,0.9987679915124305,0.4484778913084786
98,4.9,1,0.00872671261738425,0.934768359850449,0.9987679915124305,0.043031980330275846
98,4.9,2,0.6296696594990545,0.06597120675389077,0.9987679915124305,0.789494717457776
98,4.9,3,0.0,0.9980300006958196,0.9987679915124305,0.0
98,4.9,4,0.47680239592256635,0.08056845419766889,0.9987679915124305,0.6282655985440342
98,4.9,5,0.1987263224359197,0.25123048769139894,0.9987679915124305,0.2963900420352661
99,4.95,0,0.3836582646186907,0.10346567315691131,0.9987799308409744,0.454954840609629
99,4.95,1,0.013440083365638593,0.9024105125287951,0.9987799308409744,0.055860420099927664
99,4.95,2,0.6471871535673686,0.06517618103609837,0.9987799308409744,0.8048446001821947
99,4.95,3,0.0,0.9980490802005613,0.9987799308409744,0.0
99,4.95,4,0.4935731487129455,0.07797262934021834,0.9987799308409744,0.6445099238263581
99,4.95,5,0.2095510741895404,0.23536178316065082,0.9987799308409744,0.30697383997212624
100,5.0,0,0.391417853022099,0.10084443066622656,0.998792114964229,0.46125414865277364
100,5.0,1,0.018959577428249823,0.8660342016698209,0.998792114964229,0.0686350239917509
100,5.0,2,0.6644621691493052,0.06449421148572741,0.9987921149642291,0.8199373093867344
100,5.0,3,0.0,0.9980685511317744,0.9987921149642291,0.0
100,5.0,4,0.510251067280546,0.07571460612635686,0.998792114964229,0.66035233438895
100,5.0,5,0.2203306542449939,0.22086752445017624,0.9987921149642291,0.3173468747440755
101,5.050000000000001,0,0.39901377655372444,0.09843145667479383,0.9988045502830651,0.467377088338353
101,5.050000000000001,1,0.025198508458741914,0.8268021675643411,0.9988045502830651,0.08134888773317073
101,5.050000000000001,2,0.6814940791947197,0.06390824887337547,0.9988045502830651,0.834781269603449
101,5.050000000000001,3,0.0,0.9980884237329248,0.9988045502830651,0.0
101,5.050000000000001,4,0.5268045468233475,0.07375255750398776,0.9988045502830653,0.675785862708561
101,5.050000000000001,5,0.2310480493276755,0.2076442325559495,0.9988045502830653,0.32750460507181006
102,5.1000000000000005,0,0.4064449275842742,0.09620865852766665,0.9988172411684298,0.4733252868592216
102,5.1000000000000005,1,0.032078151337535325,0.7857497306431582,0.9988172411684298,0.093994937246676
102,5.1000000000000005,2,0.6982830889052913,0.06340392229304158,0.9988172411684298,0.8493841763004356
102,5.1000000000000005,3,0.0,0.9981087050042508,0.9988172411684298,0.0
102,5.1000000000000005,4,0.5432044678100388,0.0720489444546568,0.9988172411684298,0.6908037566902603
102,5.1000000000000005,5,0.2416876052791608,0.1955918663308556,0.9988172411684298,0.33744360884252833
103,5.15,0,0.41443030849103957,0.09396280062802963,0.998830190077217,0.48629873665192785
103,5.15,1,0.039526923066646374,0.7437743799739586,0.998830190077217,0.10656586862864578
103,5.15,2,0.714830047445196,0.06296911186933991,0.998830190077217,0.8637526743043376
103,5.15,3,0.0,0.9981293988877515,0.998830190077217,0.0
103,5.15,4,0.5594239812555841,0.07057035776674807,0.9988301900772171,0.7053996022654918
103,5.15,5,0.25223500046492936,0.1846147851090496,0.998830190077217,0.34716155713684627
104,5.2,0,0.42336525180197576,0.09161408251578383,0.9988433980714478,0.5037797416004014
104,5.2,1,0.04747964232020348,0.70163435312766,0.9988433980714478,0.11905411560221743
104,5.2,2,0.7311362437270347,0.0625935890269808,0.9988433980714478,0.8778920102635834
104,5.2,3,0.0,0.9981505070967336,0.9988433980714478,0.0
104,5.2,4,0.575438335117662,0.06928726620874727,0.9988433980714478,0.7195675198763622
104,5.2,5,0.2626772182980355,0.1746224014425536,0.9988433980714481,0.3566571787959904
105,5.25,0,0.4331384825599211,0.08922985130239997,0.9988555026801625,0.5210975593814292
105,5.25,1,0.05587685929734543,0.6599523070003798,0.9988555026801625,0.13145181209162296
105,5.25,2,0.7470979977101594,0.06227058048664021,0.9988555026801625,0.8907537835582808
105,5.25,3,0.0,0.9981698521875522,0.9988555026801625,0.0
105,5.25,4,0.5912247483370996,0.06817356256894873,0.9988555026801625,0.7333024673120375
105,5.25,5,0.2730025182521935,0.16552922106878015,0.9988555026801623,0.3659302178396161
106,5.300000000000001,0,0.4436271282095431,0.08687037194560857,0.9988693772449007,0.5380249390561406
106,5.300000000000001,1,0.06465894614040776,0.6192545549887574,0.9988693772449007,0.1436977277279688
106,5.300000000000001,2,0.7628494720822716,0.0619901300374215,0.9988693772449007,0.9046127414312816
106,5.300000000000001,3,0.0,0.9981920262380926,0.9988693772449007,0.0
106,5.300000000000001,4,0.6068017795910668,0.06720453943358655,0.9988693772449007,0.7469950608767719
106,5.300000000000001,5,0.28320622038056764,0.15725201357661117,0.9988693772449007,0.37503953953593455
107,5.3500000000000005,0,0.45474255016054194,0.0845768058873758,0.9988834911055994,0.5547813477195314
107,5.3500000000000005,1,0.07377776064467569,0.5799146976654481,0.9988834911055994,0.155847091183087
107,5.3500000000000005,2,0.7783876109078396,0.061746219724478475,0.9988834911055994,0.9182308603379511
107,5.3500000000000005,3,0.0,0.9982145830426481,0.9988834911055994,0.0
107,5.3500000000000005,4,0.6221450593100759,0.06636129830343332,0.9988834911055994,0.7602345767811562
107,5.3500000000000005,5,0.2932772941689099,0.14971887889027122,0.9988834911055994,0.3839169582639902
108,5.4,0,0.46640353478709734,0.08238012981254551,0.9988978311994957,0.5713523964260956
108,5.4,1,0.08318895716484986,0.5422124995158838,0.9988978311994957,0.16788972584641754
108,5.4,2,0.7937095699569194,0.06153382871214525,0.9988978311994957,0.9316072013986382
108,5.4,3,0.0,0.9982375017400447,0.9988978311994955,0.0
108,5.4,4,0.637232701290446,0.06562733757761773,0.9988978311994955,0.7730214791137755
108,5.4,5,0.3032061996992055,0.1428631820971076,0.9988978311994955,0.3925663494718653
109,5.45,0,0.4785357011681416,0.08030199565352776,0.9989112118388127,0.5877251985975398
109,5.45,1,0.09285159259171077,0.506344235132897,0.9989112118388127,0.1798153114334589
109,5.45,2,0.8087353877419106,0.061349439842487426,0.9989112118388127,0.9439677478068313
109,5.45,3,0.0,0.9982588873098284,0.9989112118388127,0.0
109,5.45,4,0.6520453034011208,0.06498806353267751,0.9989112118388127,0.7853587223971938
109,5.45,5,0.3129848020685465,0.13662292924593705,0.9989112118388127,0.40099222339261537
110,5.5,0,0.491048879391559,0.07835999028717817,0.9989261399658318,0.6036674834023152
110,5.5,1,0.10272296681631388,0.4724552160774262,0.9989261399658318,0.19156533483774182
110,5.5,2,0.8235635601064429,0.061188268923703104,0.9989261399658315,0.9570171113872336
110,5.5,3,0.0,0.9982827464856288,0.9989261399658315,0.0
110,5.5,4,0.6666080002115778,0.06442957121457571,0.9989261399658318,0.7976722715056914
110,5.5,5,0.32261250441553546,0.13093824434269685,0.9989261399658315,0.4092618255384363
111,5.550000000000001,0,0.5038849866150463,0.07655999240397231,0.9989412420974397,0.6194099516264324
111,5.550000000000001,1,0.11276958887223339,0.4406048660009043,0.9989412420974397,0.20318918737550903
111,5.550000000000001,2,0.8381867103163879,0.06104718286076465,0.9989412420974397,0.9697950622058924
111,5.550000000000001,3,0.0,0.9983068841305405,0.9989412420974397,0.0
111,5.550000000000001,4,0.6809006352756408,0.06394138576410385,0.9989412420974397,0.8095343508522079
111,5.550000000000001,5,0.33208181796329983,0.12575838036806838,0.9989412420974397,0.41730563989317887
112,5.6000000000000005,0,0.5169906179381113,0.07490326214613137,0.9989553854949819,0.6349412998456957
112,5.6000000000000005,1,0.12296015178732646,0.41080870737404634,0.9989553854949819,0.21467521802316414
112,5.6000000000000005,2,0.8525384358504012,0.060923957773046405,0.9989553854949819,0.981703965656521
112,5.6000000000000005,3,0.0,0.9983294897675423,0.9989553854949819,0.0
112,5.6000000000000005,4,0.694906338969751,0.06351428284270672,0.9989553854949819,0.8209576722167421
112,5.6000000000000005,5,0.341386761243333,0.12103656339637232,0.9989553854949821,0.4251312507636311
113,5.65,0,0.5302943479355282,0.07339031567745478,0.9989709973292036,0.6500279179122799
113,5.65,1,0.13326091603945522,0.38306064536626006,0.9989709973292036,0.22596779430861416
113,5.65,2,0.8666926649884508,0.06081583008602828,0.9989709973292036,0.9940807272308966
113,5.65,3,0.0,0.998354442803923,0.9989709973292036,0.0
113,5.65,4,0.7086522313480924,0.06313945844682807,0.9989709973292036,0.8323652627531654
113,5.65,5,0.3505290721998303,0.11672763125485897,0.9989709973292036,0.4328098708083064
114,5.7,0,0.5437553907091786,0.07201499504328826,0.9989867099673115,0.6649047756720314
114,5.7,1,0.1436460515941088,0.3573062445658148,0.9989867099673115,0.23711227158599088
114,5.7,2,0.8800233984896056,0.0607248439835553,0.9989867099673115,1.0
114,5.7,3,0.0,0.9983795573530507,0.9989867099673115,0.0
114,5.7,4,0.7221221564942456,0.06281023640252992,0.9989867099673115,0.8433514828096248
114,5.7,5,0.35950341913668316,0.11279364508130374,0.9989867099673114,0.44027254156835827
115,5.75,0,0.5573360411077626,0.07076970771592242,0.9990015598296383,0.679561894695019
115,5.75,1,0.15409110684965924,0.33347296844456376,0.9990015598296383,0.24809660414961324
115,5.75,2,0.8920210586406451,0.06065105083573055,0.9990015598296383,1.0
115,5.75,3,0.0001858808827735459,0.9970087380521786,0.9990015598296383,0.0018588088277354587
115,5.75,4,0.7353039959888388,0.06252072998037163,0.9990015598296383,0.8539405514401777
115,5.75,5,0.3683059630265639,0.10919976607529006,0.9990015598296383,0.44752885803549003
116,5.800000000000001,0,0.5709796130185598,0.0696479789634053,0.9990176624493659,0.693771760215734
116,5.800000000000001,1,0.16456906995262616,0.3114842530374644,0.9990176624493659,0.2588707378793285
116,5.800000000000001,2,0.9028189527765805,0.060590805273382925,0.9990176624493659,1.0
116,5.800000000000001,3,0.001319480375329171,0.9885742317730999,0.9990176624493659,0.011521875808329796
116,5.800000000000001,4,0.7482258484561067,0.062265362610926696,0.9990176624493659,0.8645225206615181
116,5.800000000000001,5,0.37694057744399906,0.1059122585459649,0.9990176624493659,0.4546521072009157
117,5.8500000000000005,0,0.5846581473228762,0.06863981860067815,0.9990327421995372,0.707764956061724
117,5.8500000000000005,1,0.1750596480274277,0.2912393550125661,0.9990327421995372,0.2694748507006417
117,5.8500000000000005,2,0.9125370574989224,0.06054102440447914,0.9990327421995372,1.0
117,5.8500000000000005,3,0.0032974381658368353,0.9740184624070408,0.9990327421995372,0.021099058280405814
117,5.8500000000000005,4,0.7608776617467579,0.06203972125445515,0.9990327421995372,0.8747439813626179
117,5.8500000000000005,5,0.38540392001547424,0.10290290289859531,0.9990327421995372,0.4615740031587504
118,5.9,0,0.5983242301142035,0.06773721479198286,0.9990491988032874,0.7213189752361494
118,5.9,1,0.18553980230955788,0.27264216696988547,0.9990491988032874,0.27986119084872946
118,5.9,2,0.9212833517490302,0.0604997845671873,0.9990491988032874,1.0
118,5.9,3,0.006025006328810024,0.9543132441364152,0.9990491988032874,0.030573119795568714
118,5.9,4,0.7732859417267779,0.06183982947248807,0.9990491988032874,0.8849604615469572
118,5.9,5,0.39370022414724937,0.10014453507741808,0.9990491988032874,0.468366961333225
119,5.95,0,0.6119576898674173,0.06693005973064872,0.999065630504529,0.7346588276463412
119,5.95,1,0.195992681255393,0.2555829738433235,0.999065630504529,0.29006859176790867
119,5.95,2,0.9291550165741271,0.06046530441712006,0.999065630504529,1.0
119,5.95,3,0.00942006847723626,0.9303721787348428,0.999065630504529,0.03997562781307238
119,5.95,4,0.7854436398411487,0.06166247796357714,0.999065630504529,0.8948629228704859
119,5.95,5,0.4018268203910943,0.09761448239930573,0.9990656305045292,0.47496618658569867
120,6.0,0,0.6255394312615286,0.06620897765630213,0.9990813146311962,0.7477751038085302
120,6.0,1,0.20640205373575496,0.23995438443082379,0.9990813146311962,0.30008640605901277
120,6.0,2,0.9362395149167144,0.06043624355954918,0.9990813146311962,1.0
120,6.0,3,0.01340895240606196,0.9030560088761926,0.9990813146311962,0.04930890776549326
120,6.0,4,0.7973481387498424,0.06150485536987623,0.9990813146311962,0.9044886289280868
120,6.0,5,0.4097824221439441,0.09529197081533246,0.9990813146311961,0.48138283791959247
121,6.050000000000001,0,0.6390320541590483,0.06556640875808438,0.9990979866439834,0.7604656602367253
121,6.050000000000001,1,0.21674953810183015,0.22565670475871966,0.9990979866439834,0.3098768973965069
121,6.050000000000001,2,0.9426155634250429,0.06041177802776699,0.9990979866439834,1.0
121,6.050000000000001,3,0.017923878393033683,0.8731688708121803,0.9990979866439834,0.058558212275779196
121,6.050000000000001,4,0.8090254468596696,0.06136441633802489,0.9990979866439834,0.9141212198481141
121,6.050000000000001,5,0.4175729433160004,0.09315672827684163,0.9990979866439834,0.48768763386450675
122,6.1000000000000005,0,0.6524223528127575,0.06499380915124837,0.9991138704650098,0.7729350406961404
122,6.1000000000000005,1,0.22702185406164774,0.2125862103574525,0.9991138704650098,0.31947269770000597
122,6.1000000000000005,2,0.9483540070825386,0.06039095357587202,0.9991138704650098,1.0
122,6.1000000000000005,3,0.022906347657189404,0.8414116556410922,0.9991138704650098,0.06774857103459091
122,6.1000000000000005,4,0.820476048474142,0.061238963755228755,0.9991138704650098,0.9235314630043938
122,6.1000000000000005,5,0.4251973779189385,0.0911919587632777,0.9991138704650098,0.49381728934538094
123,6.15,0,0.6656796828418796,0.06448447596444255,0.9991307339502398,0.7849956531039778
123,6.15,1,0.23720374583296636,0.20064877638634343,0.9991307339502398,0.32884077177483395
123,6.15,2,0.9535186063742848,0.06037331796604329,0.9991307339502398,1.0
123,6.15,3,0.028302116320268064,0.8084170002061599,0.9991307339502397,0.07686403428797597
123,6.15,4,0.8317238338946846,0.06112668069663415,0.9991307339502397,0.9329539026795676
123,6.15,5,0.43266153698265264,0.08938138850927553,0.9991307339502398,0.4998389685560796
124,6.2,0,0.678795177909707,0.06403113104913832,0.9991468205001426,0.7968346335201539
124,6.2,1,0.24728449485374807,0.18974976264333715,0.9991468205001426,0.3380112360407833
124,6.2,2,0.9581667457368562,0.06035820056455708,0.9991468205001426,1.0
124,6.2,3,0.03406466246395229,0.7747140951130161,0.9991468205001426,0.08592757775711028
124,6.2,4,0.8427721424659007,0.06102588676188501,0.9991468205001426,0.9422069196068446
124,6.2,5,0.43996476371929755,0.08771146707334432,0.9991468205001426,0.5056938043491015
125,6.25,0,0.691743864606249,0.06362812491077013,0.9991638288822352,0.8082820448751276
125,6.25,1,0.2572516860686741,0.1798041889614887,0.9991638288822352,0.34695640700300856
125,6.25,2,0.9623500711631706,0.06034535961722617,0.9991638288822352,1.0
125,6.25,3,0.0401504530584686,0.7407670539294473,0.9991638288822354,0.09492256840911537
125,6.25,4,0.8536426049267749,0.060935281163728275,0.9991638288822352,0.9514767670746431
125,6.25,5,0.4471127341694112,0.08616907348236193,0.9991638288822354,0.5114444682204342
126,6.300000000000001,0,0.704519897750941,0.06326947538698512,0.9991801157084809,0.8195041960531692
126,6.300000000000001,1,0.2670968630145227,0.1707286429819136,0.9991801157084809,0.35570345552715965
126,6.300000000000001,2,0.9661150640468535,0.06033430475290781,0.9991801157084809,1.0
126,6.300000000000001,3,0.04652242091115104,0.7069485470538738,0.9991801157084809,0.10387013158529293
126,6.300000000000001,4,0.8643407899159234,0.06085356934519663,0.9991801157084809,0.9606244548182601
126,6.300000000000001,5,0.4541051440797012,0.08474322975425666,0.9991801157084809,0.5170368332723105
127,6.3500000000000005,0,0.7171030105738551,0.06295056779691852,0.999197232903332,0.8303510259800809
127,6.3500000000000005,1,0.27681022217246437,0.16244865117370108,0.999197232903332,0.36423045459393955
127,6.3500000000000005,2,0.9695035576421682,0.0603249129818445,0.999197232903332,1.0
127,6.3500000000000005,3,0.05314552558773445,0.6735767704188403,0.999197232903332,0.11275346767698516
127,6.3500000000000005,4,0.874885850812183,0.06077981592302566,0.999197232903332,0.9697913988785176
127,6.3500000000000005,5,0.46094745570125945,0.08342331948101211,0.9991972329033322,0.5225282602952837
128,6.4,0,0.7294893102659772,0.06266659985974907,0.9992137168581031,0.840966007495076
128,6.4,1,0.286385331966351,0.15489243984093898,0.9992137168581031,0.37256132011133075
128,6.4,2,0.9725532018779514,0.060316816812161965,0.9992137168581031,1.0
128,6.4,3,0.05999017680355612,0.6408951220057102,0.9992137168581031,0.12159203774595113
128,6.4,4,0.8852846962291889,0.060713020338412464,0.9992137168581031,0.9788743049822427
128,6.4,5,0.4676396888617511,0.08220041615341385,0.9992137168581031,0.5278697873061762
129,6.45,0,0.7416624228913012,0.06241387450329056,0.9992309195395426,0.8512204365192175
129,6.45,1,0.2958148032608857,0.14799608073808035,0.9992309195395426,0.380680044911698
129,6.45,2,0.9752978816901562,0.06030995817556755,0.9992309195395426,1.0
129,6.45,3,0.06702809547807695,0.6091051214431428,0.9992309195395426,0.13036936354876438
129,6.45,4,0.8955537068492715,0.06065250504436699,0.9992309195395426,0.9879748024300139
129,6.45,5,0.47494718123209867,0.08093773250928078,0.9992309195395426,0.5407146125652266
130,6.5,0,0.7536196214325428,0.06218859659002321,0.9992475968191753,0.8612344083037166
130,6.5,1,0.3050940332022524,0.14169886476836682,0.9992475968191753,0.38860710267455234
130,6.5,2,0.9777680935211406,0.060304058686170114,0.9992475968191753,1.0
130,6.5,3,0.07423561560904145,0.5783504450784689,0.9992475968191753,0.13910329678772193
130,6.5,4,0.9057000678718591,0.060597496898896874,0.9992475968191753,0.9970173170751471
130,6.5,5,0.48309560936455925,0.079613858681354,0.9992475968191754,0.5564314625567046
131,6.550000000000001,0,0.7653478185532733,0.06198783645456731,0.9992648671181134,0.8709015926398478
131,6.550000000000001,1,0.31421786356187875,0.13594671888156945,0.9992648671181134,0.39633233679851554
131,6.550000000000001,2,0.9799912841690265,0.06029909275836635,0.9992648671181134,1.0
131,6.550000000000001,3,0.08158986331236753,0.5487446496550213,0.9992648671181134,0.1477780926423023
131,6.550000000000001,4,0.9151300610846732,0.06055050728216871,0.9992648671181134,1.0
131,6.550000000000001,5,0.49200093768601083,0.07826232828393315,0.9992648671181134,0.572148892579075
132,6.6000000000000005,0,0.7768450026719323,0.061808624452683085,0.9992817164004381,0.8803196597398643
132,6.6000000000000005,1,0.3231833515062486,0.13068892501184967,0.9992817164004381,0.40387274300557713
132,6.6000000000000005,2,0.9819921557521238,0.06029484921810273,0.9992817164004381,1.0
132,6.6000000000000005,3,0.08907183873899449,0.5203586884129093,0.9992817164004381,0.15640961757863714
132,6.6000000000000005,4,0.9236170549762058,0.06051137186139624,0.9992817164004381,1.0
132,6.6000000000000005,5,0.5015770609704487,0.0769123890243555,0.9992817164004381,0.5877621705303894
133,6.65,0,0.7881010544349163,0.06164865040284823,0.9992990246385848,0.8894055203017719
133,6.65,1,0.3319873892731246,0.12588022953386777,0.9992990246385848,0.41122372917500866
133,6.65,2,0.9837929401769114,0.06029131642303464,0.9992990246385846,1.0
133,6.65,3,0.09666295517653091,0.4932431763515718,0.9992990246385848,0.1649830031143587
133,6.65,4,0.9312553494785852,0.06047864892297722,0.9992990246385848,1.0
133,6.65,5,0.5117544450089098,0.07558666801356416,0.9992990246385848,0.6033509013550586
134,6.7,0,0.7991146341168636,0.06150560390030475,0.999316006433232,0.898236851254389
134,6.7,1,0.3406285444917153,0.1214786384152849,0.999316006433232,0.41839894145903134
134,6.7,2,0.9854136461592203,0.06028833587298461,0.999316006433232,1.0
134,6.7,3,0.10434782279986404,0.4674187708199203,0.999316006433232,0.17351163140986223
134,6.7,4,0.9381298145307267,0.060451079529990376,0.999316006433232,1.0
134,6.7,5,0.5224618838842072,0.07430360452247399,0.9993160064332322,0.6188288337618847
135,6.75,0,0.8098786480790848,0.061377635270021325,0.9993330319981838,0.9067547737390754
135,6.75,1,0.34910557402456455,0.11744651432934418,0.9993330319981838,0.42539883982020765
135,6.75,2,0.9868722815432983,0.06028587217988055,0.9993330319981838,1.0
135,6.75,3,0.11211123729217823,0.4428929553675901,0.9993330319981838,0.18198196772300576
135,6.75,4,0.944316833077654,0.06042777324338766,0.9993330319981838,1.0
135,6.75,5,0.5336416003213849,0.073076238109032,0.9993330319981838,0.6342590482559831
136,6.800000000000001,0,0.8203883687326459,0.06126308323086391,0.9993503929694726,0.9149758546146952
136,6.800000000000001,1,0.3574182714595185,0.11374953093797388,0.9993503929694726,0.432232548374104
136,6.800000000000001,2,0.9881850533889684,0.060283892086593044,0.9993503929694726,1.0
136,6.800000000000001,3,0.11993933050204532,0.4196575523575309,0.9993503929694726,0.19039216939084902
136,6.800000000000001,4,0.9498851497698886,0.060408025517337496,0.9993503929694726,1.0
136,6.800000000000001,5,0.5452397545805142,0.07191386897169617,0.9993503929694726,0.6496231429126781
137,6.8500000000000005,0,0.8306451203694889,0.06116033911162573,0.9993674521003483,0.9229558851010757
137,6.8500000000000005,1,0.36556748586278814,0.11035625930796325,0.9993674521003483,0.43891041549221504
137,6.8500000000000005,2,0.9893665480500716,0.06028228090602484,0.9993674521003485,1.0
137,6.8500000000000005,3,0.12782069494669984,0.39768796729728134,0.9993674521003483,0.19875297494859048
137,6.8500000000000005,4,0.9548966347928998,0.06039118958700825,0.9993674521003483,1.0
137,6.8500000000000005,5,0.5572022118087289,0.07082281671387704,0.9993674521003483,0.664864326862661
138,6.9,0,0.8406478180540216,0.0610681028627383,0.9993845010825844,0.9306720972148153
138,6.9,1,0.373554443162077,0.10723852061981794,0.9993845010825844,0.4454370588556764
138,6.9,2,0.9904298932450645,0.06028102053975778,0.9993845010825844,1.0
138,6.9,3,0.1357438184628623,0.37695442639192334,0.9993845010825844,0.20705193010832437
138,6.9,4,0.9594069713136097,0.060376822243458,0.9993845010825844,1.0
138,6.9,5,0.5694840257193226,0.06980622180231072,0.9993845010825844,0.6800203509146647
139,6.95,0,0.8503979103356476,0.06098519946101268,0.999401665303696,0.9381487408702816
139,6.95,1,0.3813810979831955,0.10437074066951375,0.999401665303696,0.45182099137326237
139,6.95,2,0.9913869039205581,0.06028008275891787,0.999401665303696,1.0
139,6.95,3,0.14434140282116337,0.3558927617805423,0.999401665303696,0.221719662045873
139,6.95,4,0.9634662741822487,0.06036455263689022,0.999401665303696,1.0
139,6.95,5,0.5820433552826125,0.06886507124702024,0.999401665303696,0.6950773213522227
140,7.0,0,0.8599010723844424,0.060910542074411336,0.9994187964967924,0.9454295308235947
140,7.0,1,0.38904996326829444,0.10172974959165547,0.9994187964967924,0.45806975083418433
140,7.0,2,0.9922482135285022,0.06027941799291261,0.9994187964967924,1.0
140,7.0,3,0.1536085788496624,0.3347545523502329,0.9994187964967924,0.23701316310615353
140,7.0,4,0.9671196467640238,0.06035405291270052,0.9994187964967924,1.0
140,7.0,5,0.5948392997175544,0.06799875650690924,0.9994187964967923,0.7100027996320318
141,7.050000000000001,0,0.8691984038745045,0.060842914468644,0.9994356190999819,0.9528743872850638
141,7.050000000000001,1,0.3965713843456463,0.09929228013376591,0.9994356190999819,0.46426417404181286
141,7.050000000000001,2,0.993023392175652,0.06027896873717893,0.9994356190999819,1.0
141,7.050000000000001,3,0.1634610902899808,0.31393408078359614,0.9994356190999819,0.25213369325284657
141,7.050000000000001,4,0.9704076820876214,0.06034503791276088,0.9994356190999819,1.0
141,7.050000000000001,5,0.6078182349262697,0.06720620502618034,0.9994356190999819,0.7246286518047076
142,7.1000000000000005,0,0.8782929371843401,0.060781591362394395,0.9994523466332189,0.9601437369728608
142,7.1000000000000005,1,0.4041139691947247,0.0969908965022116,0.9994523466332189,0.47199723283643
142,7.1000000000000005,2,0.9937210529580869,0.0602787284197144,0.9994523466332189,1.0
142,7.1000000000000005,3,0.1738378892349799,0.2937087075948836,0.9994523466332189,0.26722907973997173
142,7.1000000000000005,4,0.9733669138788592,0.06033731361227259,0.9994523466332189,1.0
142,7.1000000000000005,5,0.6209514294800379,0.06648387558987735,0.9994523466332189,0.7391501804639515
143,7.15,0,0.8871906704800143,0.06072592403322418,0.9994692734362555,0.9672702701410815
143,7.15,1,0.4123991983679428,0.09461775434034399,0.9994692734362555,0.4869662609269059
143,7.15,2,0.9943489476622782,0.060278701503917016,0.9994692734362555,1.0
143,7.15,3,0.1846828414769538,0.2742899868158892,0.9994692734362555,0.28228741165471877
143,7.15,4,0.9760302224909733,0.06033072908155161,0.9994692734362555,1.0
143,7.15,5,0.6342117438980635,0.06582776951551414,0.9994692734362557,0.7535545736602933
144,7.2,0,0.895926137241464,0.060675089316523566,0.9994857663701534,0.9745453380945097
144,7.2,1,0.4213613352425108,0.09222155908310507,0.9994857663701534,0.5020205671136222
144,7.2,2,0.9949140528960504,0.06027880578404932,0.9994857663701534,1.0
144,7.2,3,0.1959347203257325,0.25584572668150574,0.9994857663701534,0.297201629964741
144,7.2,4,0.9784272002418759,0.060325072438553895,0.9994857663701534,1.0
144,7.2,5,0.6475575853345606,0.0652341860754784,0.9994857663701534,0.7676701582630348
145,7.25,0,0.9045058017677071,0.06062861532662957,0.9995020674976192,0.981722782503895
145,7.25,1,0.4309265073531011,0.08984660540420597,0.9995020674976192,0.5170130563484135
145,7.25,2,0.9954226476064454,0.06027904593830996,0.9995020674976192,1.0
145,7.25,3,0.20755032122955272,0.2384686140677524,0.9995020674976192,0.31209072936393456
145,7.25,4,0.9805844802176883,0.060320239661200266,0.9995020674976192,1.0
145,7.25,5,0.6609685025517393,0.06469836645936956,0.9995020674976192,0.7816667575063467
146,7.300000000000001,0,0.9129385404474922,0.06058610087170304,0.9995186915895841,0.9888331885655575
146,7.300000000000001,1,0.4410283607124209,0.08752806705703219,0.9995186915895841,0.531945040946299
146,7.300000000000001,2,0.9958803828458008,0.06027945508942351,0.9995186915895838,1.0
146,7.300000000000001,3,0.2194895000490277,0.2222127805584196,0.9995186915895841,0.3269421094243024
146,7.300000000000001,4,0.9825260321959195,0.06031617221561165,0.9995186915895841,1.0
146,7.300000000000001,5,0.6744248198731505,0.06421568864095868,0.9995186915895841,0.7955316757658506
147,7.3500000000000005,0,0.9212521536130752,0.060546958931681605,0.999534618789581,0.9960746721033222
147,7.3500000000000005,1,0.45161877192861155,0.08529028685400812,0.999534618789581,0.5469324728743277
147,7.3500000000000005,2,0.9962923445612207,0.06027992017604941,0.9995346187895809,1.0
147,7.3500000000000005,3,0.23170784352882695,0.20710826777185595,0.9995346187895809,0.3416729348470201
147,7.3500000000000005,4,0.9842734289763275,0.06031267926662012,0.9995346187895809,1.0
147,7.3500000000000005,5,0.6878944742069153,0.06378194408261681,0.999534618789581,0.8091213632107991
148,7.4,0,0.9291269382517677,0.06051235162332595,0.9995502551973284,1.0
148,7.4,1,0.46264174450493367,0.08315391007329251,0.9995502551973284,0.5618484976918325
148,7.4,2,0.9966631101050987,0.0602804673460773,0.9995502551973284,1.0
148,7.4,3,0.24417423102841534,0.19314545676965456,0.9995502551973284,0.35637171852471083
148,7.4,4,0.9858460860786947,0.060309720814263904,0.9995502551973284,1.0
148,7.4,5,0.7013624795340836,0.0633926704729803,0.9995502551973284,0.822574527478598
149,7.45,0,0.936214244426591,0.06048329034128102,0.9995663652787642,1.0
149,7.45,1,0.4740470271644416,0.0811331368269675,0.9995663652787642,0.5766945711000128
149,7.45,2,0.9969967990945888,0.0602811587624832,0.9995663652787642,1.0
149,7.45,3,0.25685958640040807,0.18029696110574261,0.9995663652787642,0.37102778474834275
149,7.45,4,0.9872614774708253,0.06030730245102815,0.9995663652787642,1.0
149,7.45,5,0.7148140759426866,0.06304375557400815,0.9995663652787642,0.8358784436201139
150,7.5,0,0.9425928199839319,0.06045864119019117,0.9995814995480865,1.0
150,7.5,1,0.4857990654578762,0.07923500096944576,0.9995814995480865,0.5915674100987878
150,7.5,2,0.99729711918513,0.06028184426815871,0.9995814995480865,1.0
150,7.5,3,0.26973210737237246,0.16852529480157674,0.9995814995480865,0.3855847961200522
150,7.5,4,0.9885353297237427,0.06030522534015158,0.9995814995480865,1.0
150,7.5,5,0.7282246817295037,0.06273139900983839,0.9995814995480865,0.8489201338108572
151,7.550000000000001,0,0.9483335379855387,0.06043775696486661,0.9995970683842059,1.0
151,7.550000000000001,1,0.49785526051735074,0.07746468916024078,0.9995970683842059,0.6063610160526209
151,7.550000000000001,2,0.997567407266617,0.06028265073308545,0.9995970683842059,1.0
151,7.550000000000001,3,0.2827690598069577,0.15777678499141315,0.9995970683842059,0.40010163171822494
151,7.550000000000001,4,0.9896817967513685,0.060303574491773045,0.9995970683842059,1.0
151,7.550000000000001,5,0.7415826693275374,0.06245205115703818,0.9995970683842059,0.8618045577098403
152,7.6000000000000005,0,0.9535001841869848,0.06041987705020585,0.9996116613603124,1.0
152,7.6000000000000005,1,0.5101853566509749,0.07582233644543444,0.9996116613603124,0.621156221853592
152,7.6000000000000005,2,0.9978106665399553,0.06028343388133533,0.9996116613603124,1.0
152,7.6000000000000005,3,0.2959454885636783,0.1479942133102932,0.9996116613603124,0.41453334737416375
152,7.6000000000000005,4,0.9907136170762316,0.06030216930993254,0.9996116613603124,1.0
152,7.6000000000000005,5,0.7548681471069297,0.0622023625759742,0.9996116613603124,0.8744374471214614
153,7.65,0,0.9581501657682863,0.06040463310170018,0.9996266564780482,1.0
153,7.65,1,0.5227533091461166,0.07430707918475384,0.9996266564780482,0.6358648816023922
153,7.65,2,0.9980295998859597,0.06028431933095469,0.9996266564780482,1.0
153,7.65,3,0.30924339952033986,0.13911341190956636,0.9996266564780482,0.4289245981302936
153,7.65,4,0.9916422553686085,0.06030110396765115,0.9996266564780482,1.0
153,7.65,5,0.7680715607469293,0.061979348637044754,0.9996266564780484,0.8869022835069252
154,7.7,0,0.9623351491914577,0.060391486162694005,0.9996406841155584,1.0
154,7.7,1,0.5355332173482832,0.07291477867622054,0.9996406841155584,0.650552391167782
154,7.7,2,0.9982266398973637,0.0602851683997409,0.9996406841155584,1.0
154,7.7,3,0.3226432419403748,0.13107060534167256,0.9996406841155584,0.44324182372068915
154,7.7,4,0.9924780298317476,0.06030021232076604,0.9996406841155587,1.0
154,7.7,5,0.7811767944409456,0.061780158135349844,0.9996406841155584,0.8991238976870916
155,7.75,0,0.9661016342723119,0.060380231850657745,0.9996550655518356,1.0
155,7.75,1,0.5484946513742118,0.07164096864707767,0.9996550655518356,0.6651475576075695
155,7.75,2,0.9984039759076273,0.06028610270669859,0.9996550655518356,1.0
155,7.75,3,0.3361305237255359,0.12380074962029655,0.9996550655518356,0.4575160597919857
155,7.75,4,0.9932302268485729,0.06029959207194346,0.9996550655518356,1.0
155,7.75,5,0.7941756136678557,0.06160235021047197,0.9996550655518357,0.9111649867100469
156,7.800000000000001,0,0.9694914708450807,0.06037052941796702,0.9996691030155054,1.0
156,7.800000000000001,1,0.5616152844518429,0.07047929994171342,0.9996691030155054,0.6797009821505233
156,7.800000000000001,2,0.9985635783168646,0.06028704969538583,0.9996691030155054,1.0
156,7.800000000000001,3,0.3496899092791217,0.11724134251244141,0.9996691030155054,0.4717243792613932
156,7.800000000000001,4,0.9939072041637156,0.060299149673978,0.9996691030155054,1.0
156,7.800000000000001,5,0.8070549632514568,0.061443611912534765,0.9996691030155054,0.9229691095038666
157,7.8500000000000005,0,0.9725423237605726,0.060362106868082764,0.9996823252065646,1.0
157,7.8500000000000005,1,0.5748734950114723,0.06942299429724691,0.9996823252065646,0.6941973900481367
157,7.8500000000000005,2,0.9987072204851781,0.06028795920564316,0.9996823252065646,1.0
157,7.8500000000000005,3,0.3633079165188751,0.11133200194098736,0.9996823252065646,0.48586998167665574
157,7.8500000000000005,4,0.994516483747344,0.06029881654896691,0.9996823252065646,1.0
157,7.8500000000000005,5,0.8198036588174231,0.06130185536751516,0.9996823252065646,0.9345419189111205
158,7.9,0,0.9752880913845153,0.06035486909586275,0.9996957028996812,1.0
158,7.9,1,0.5882453513321069,0.0684653874829203,0.9996957028996812,0.708592058217817
158,7.9,2,0.9988364984366603,0.06028892069588217,0.9996957028996812,1.0
158,7.9,3,0.3769739968136503,0.10601495399323645,0.9996957028996812,0.49996871946662713
158,7.9,4,0.9950648353726096,0.060298665976526625,0.9996957028996812,1.0
158,7.9,5,0.8324151704747046,0.0611753004130619,0.9996957028996812,0.9459187753902372
159,7.95,0,0.9777592822460638,0.060348609043244246,0.9997087334050856,1.0
159,7.95,1,0.6017121235545541,0.06759921207770801,0.9997087334050856,0.7229130735565779
159,7.95,2,0.9989528485929943,0.06028988190269499,0.9997087334050856,1.0
159,7.95,3,0.3906773688318631,0.10123622437917813,0.9997087334050856,0.5140077169957784
159,7.95,4,0.9955583518353486,0.06029863140478107,0.9997087334050856,1.0
159,7.95,5,0.8448804608245788,0.061062252242623065,0.9997087334050856,0.9570680739734456
160,8.0,0,0.9799833540214574,0.0603431924943274,0.9997214118111212,1.0
160,8.0,1,0.6152558593461201,0.0668173610036107,0.9997214118111212,0.7371494814702154
160,8.0,2,0.9990575637336948,0.06029083897686029,0.9997214118111212,1.0
160,8.0,3,0.4044083515488664,0.0969454964395352,0.9997214118111212,0.5279871960018959
160,8.0,4,0.9960025166518137,0.06029869637251328,0.9997214118111212,1.0
160,8.0,5,0.8571917459483009,0.060961232297609455,0.9997214118111212,0.9679933120617994
161,8.05,0,0.9819850186193116,0.06033850517216701,0.999733729558105,1.0
161,8.05,1,0.6288594562027847,0.06611292760622291,0.999733729558105,0.7512918279127649
161,8.05,2,0.9991518073603253,0.06029178806510051,0.999733729558105,1.0
161,8.05,3,0.4181581645555844,0.09309613598816734,0.9997337295581049,0.5419064816160459
161,8.05,4,0.9964022649866323,0.06029884586736422,0.9997337295581049,1.0
161,8.05,5,0.8693423193376836,0.06087091655406489,0.9997337295581049,0.9786974798421268
162,8.1,0,0.9837865167573805,0.06033444926024268,0.9997456751802766,1.0
162,8.1,1,0.6425067049782824,0.06547928071956736,0.9997456751802766,0.7653319439577624
162,8.1,2,0.9992366266242927,0.060292725344845394,0.9997456751802766,1.0
162,8.1,3,0.4319187530792348,0.08964518635810657,0.9997456751802766,0.5557640497920879
162,8.1,4,0.9967620384879691,0.06029906617759189,0.9997456751802766,1.0
162,8.1,5,0.8813264176878892,0.06079012248517835,0.9997456751802766,0.9891833028397405
163,8.15,0,0.9854078650816425,0.06033094079503634,0.9997572367743933,1.0
163,8.15,1,0.656182307744875,0.06491012004729131,0.9997572367743933,0.7792627326442063
163,8.15,2,0.9993129639618634,0.0602936472296626,0.9997572367743933,1.0
163,8.15,3,0.44568263503504424,0.0865532767272758,0.9997572367743933,0.569557572637329
163,8.15,4,0.9970858346391721,0.06029934494033049,0.9997572367743933,1.0
163,8.15,5,0.8931391213531948,0.06071779619926522,0.9997572367743933,0.999453454340945
164,8.200000000000001,0,0.9868670785734782,0.060327907526780016,0.999768403625008,1.0
164,8.200000000000001,1,0.6698718707992164,0.06439951394391695,0.999768403625008,0.7930779382882884
164,8.200000000000001,2,0.999381667565677,0.060294550496920965,0.999768403625008,1.0
164,8.200000000000001,3,0.4594427692665947,0.08378447140611708,0.999768403625008,0.5832839773505486
164,8.200000000000001,4,0.9973772511752549,0.06029967113377632,0.999768403625008,1.0
164,8.200000000000001,5,0.9038252092178753,0.06065815710272041,0.9997684036250081,1.0
165,8.25,0,0.9881803707161304,0.06032528697916206,0.9997791654177594,1.0
165,8.25,1,0.6835618772970459,0.06394192184171743,0.9997791654177594,0.8067719357775103
165,8.25,2,0.9994435008091094,0.06029543218590856,0.9997791654177594,1.0
165,8.25,3,0.47319244221585943,0.08130608167432858,0.9997791654177594,0.5969394987592418
165,8.25,4,0.9976395260577294,0.060300034858139305,0.9997791654177594,1.0
165,8.25,5,0.9134426882960878,0.060608815117039694,0.9997791654177592,1.0
166,8.3,0,0.9893623336445173,0.06032292535390125,0.9997884807089307,1.0
166,8.3,1,0.6972396456266012,0.06353209923168214,0.9997884807089307,0.8203395605925984
166,8.3,2,0.9994991507281984,0.06029619004620625,0.9997884807089307,1.0
166,8.3,3,0.4869251699078338,0.07908832626104284,0.9997884807089307,0.6105197191356031
166,8.3,4,0.9978755734519564,0.060300327675573355,0.9997884807089307,1.0
166,8.3,5,0.922098419466479,0.0605675683597021,0.9997884807089307,1.0
167,8.35,0,0.9904261002800656,0.06032098060669056,0.9997984655483099,1.0
167,8.35,1,0.7108811832335166,0.0631658318788656,0.9997984655483099,0.8336550216957542
167,8.35,2,0.9995492356553786,0.06029702666055602,0.9997984655483099,1.0
167,8.35,3,0.5006392621679551,0.07710400933674934,0.9997984655483099,0.624066092509046
167,8.35,4,0.9980880161067608,0.060300746673036906,0.9997984655483099,1.0
167,8.35,5,0.9298885775198311,0.06053301688029732,0.9997984655483099,1.0
168,8.4,0,0.9913834902520591,0.06031930747313245,0.9998080334335415,1.0
168,8.4,1,0.7244779961489959,0.06283850617867678,0.9998080334335415,0.8468493123883092
168,8.4,2,0.9995943120898407,0.060297835772087596,0.9998080334335415,1.0
168,8.4,3,0.5143284738620486,0.0753289551999513,0.9998080334335415,0.6375313791088899
168,8.4,4,0.9982792144960847,0.06030118066820499,0.9998080334335415,1.0
168,8.4,5,0.936899719767848,0.06050381453452991,0.9998080334335415,1.0
169,8.450000000000001,0,0.9922451412268531,0.06031786989540149,0.999817176640352,1.0
169,8.450000000000001,1,0.7380218093362201,0.0625460514501488,0.999817176640352,0.8599161280212368
169,8.450000000000001,2,0.9996348808808566,0.06029861535461945,0.999817176640352,1.0
169,8.450000000000001,3,0.527986458621063,0.07374148519920987,0.999817176640352,0.6509083214521919
169,8.450000000000001,4,0.9984512930464762,0.060301623242965785,0.999817176640352,1.0
169,8.450000000000001,5,0.9432097477910633,0.06047899085694298,0.999817176640352,1.0
170,8.5,0,0.9930206271041678,0.06031663639222011,0.9998258897709408,1.0
170,8.5,1,0.751504562697981,0.06228479538518419,0.9998258897709408,0.8728493429538298
170,8.5,2,0.999671392792771,0.06029936373598476,0.9998258897709408,1.0
170,8.5,3,0.5416067447899782,0.07232206906835159,0.9998258897709408,0.6641893203102152
170,8.5,4,0.9986061637418285,0.06030206879971755,0.9998258897709406,1.0
170,8.5,5,0.948888773011957,0.06045777964233644,0.9998258897709406,1.0
171,8.55,0,0.9937185643937511,0.06031551581977923,0.9998335103937124,1.0
171,8.55,1,0.7649183965872659,0.06205136566554757,0.9998335103937124,0.8856429015908289
171,8.55,2,0.9997042535134939,0.060300015963323884,0.9998335103937124,1.0
171,8.55,3,0.5551827180997394,0.07105305513707011,0.9998335103937124,0.6773664778875901
171,8.55,4,0.9987455473676456,0.06030244887217473,0.9998335103937124,1.0
171,8.55,5,0.9539998957107613,0.06043950642860029,0.9998335103937124,1.0
172,8.6,0,0.994346707954376,0.06031461642196452,0.9998414083370865,1.0
172,8.6,1,0.7782486211361863,0.061843030055032944,0.9998414083370865,0.8982206420764689
172,8.6,2,0.9997338281621445,0.06030070327998083,0.9998414083370865,1.0
172,8.6,3,0.5687103845634472,0.06991857597468198,0.9998414083370865,0.6904593827368177
172,8.6,4,0.9988709926308811,0.06030289156726614,0.9998414083370865,1.0
172,8.6,5,0.9585999061396852,0.06042381272905335,0.9998414083370865,1.0
173,8.65,0,0.9949120371589384,0.06031384931944573,0.9998488818703558,1.0
173,8.65,1,0.7914894212904348,0.06165699589204942,0.9998488818703558,0.9106566226786705
173,8.65,2,0.99976044534593,0.06030135713987873,0.9998488818703558,1.0
173,8.65,3,0.5821827520882763,0.0689044244188264,0.9998488818703558,0.7034340598117368
173,8.65,4,0.9989838933677929,0.0603033255224399,0.9998488818703558,1.0
173,8.65,5,0.9627399155257166,0.06041023240209521,0.9998488818703558,1.0
174,8.700000000000001,0,0.9954208334430446,0.060313196090883446,0.999855933885753,1.0
174,8.700000000000001,1,0.804634852443771,0.06149083603733789,0.999855933885753,0.9229437328237967
174,8.700000000000001,2,0.999784400811337,0.06030197706961324,0.999855933885753,1.0
174,8.700000000000001,3,0.5955926119176957,0.06799791464090868,0.999855933885753,0.7162813503824708
174,8.700000000000001,4,0.9990855040310136,0.060303747743797445,0.999855933885753,1.0
174,8.700000000000001,5,0.9664659239731449,0.06039844014309031,0.999855933885753,1.0
175,8.75,0,0.99587875009874,0.060312604476123015,0.9998621944830256,1.0
175,8.75,1,0.8176788531031236,0.06134235042352315,0.9998621944830256,0.935074859037297
175,8.75,2,0.9998059607302033,0.06030252670001399,0.9998621944830256,1.0
175,8.75,3,0.6089325568047245,0.06718762048935126,0.9998621944830256,0.7289920607879825
175,8.75,4,0.9991769536279123,0.06030411960213474,0.9998621944830256,1.0
175,8.75,5,0.9698193315758304,0.060388132072980376,0.9998621944830256,1.0
176,8.8,0,0.996290875088866,0.06031213608225615,0.9998684542345867,1.0
176,8.8,1,0.8306117598949447,0.06120972253384019,0.9998684542345867,0.9470079210213345
176,8.8,2,0.999825364657183,0.06030308170618076,0.999868454234587,1.0
176,8.8,3,0.6221964403368337,0.06646333899011721,0.9998684542345869,0.7415713921258176
176,8.8,4,0.9992592582651211,0.06030451474903221,0.9998684542345869,1.0
176,8.8,5,0.9728373984182473,0.060379162242567515,0.9998684542345869,1.0
177,8.85,0,0.9966617875799795,0.06031173906057,0.9998743110975924,1.0
177,8.85,1,0.8434282373394066,0.061091176346616365,0.9998743110975924,0.9587765343395636
177,8.85,2,0.9998428281914646,0.06030360274693116,0.9998743110975924,1.0
177,8.85,3,0.6353764451946777,0.06581589566679515,0.9998743110975924,0.7539964889152739
177,8.85,4,0.999333332438609,0.060304892025218444,0.9998743110975926,1.0
177,8.85,5,0.9755536585764226,0.06037130623209803,0.9998743110975924,1.0
178,8.9,0,0.9969956088219816,0.06031140229998122,0.999879770177162,1.0
178,8.9,1,0.8561226922788048,0.06098517001262581,0.999879770177162,0.9703727867333873
178,8.9,2,0.9998585453723182,0.06030408982240234,0.999879770177162,1.0
178,8.9,3,0.6484646172751395,0.06523710685538792,0.999879770177162,0.7662581659992949
178,8.9,4,0.9993999991947481,0.06030524980052689,0.999879770177162,1.0
178,8.9,5,0.9779982927187804,0.060364408736881855,0.999879770177162,1.0
179,8.950000000000001,0,0.9972960479397834,0.060311115802859985,0.9998848349315049,1.0
179,8.950000000000001,1,0.8686892819158363,0.06089033353901211,0.9998848349315049,0.9817885886491199
179,8.950000000000001,2,0.9998726908350863,0.06030454282327225,0.9998848349315049,1.0
179,8.950000000000001,3,0.6614529148728445,0.06471964054522994,0.9998848349315049,0.7783475932521893
179,8.950000000000001,4,0.9994599992752733,0.060305586502351266,0.9998848349315049,1.0
179,8.950000000000001,5,0.9801984634469023,0.060358338550354836,0.9998848349315049,1.0
180,9.0,0,0.9975664431458051,0.060310870413892895,0.9998895059070638,1.0
180,9.0,1,0.8811219111603065,0.060805449225323764,0.9998895059070638,0.9930155743605384
180,9.0,2,0.9998854217515777,0.06030496140372009,0.9998895059070638,1.0
180,9.0,3,0.6743332695519768,0.06425693048003774,0.9998895059070638,0.7902564616641671
180,9.0,4,0.999513999347746,0.0603059004711376,0.9998895059070638,1.0
180,9.0,5,0.9821786171022121,0.06035298408456972,0.9998895059070638,1.0
181,9.05,0,0.9978097988312246,0.06031065757530322,0.9998937795477055,1.0
181,9.05,1,0.8930097200442758,0.060731831717592694,0.9998937795477055,1.0
181,9.05,2,0.9998968795764199,0.060305344862036106,0.9998937795477055,1.0
181,9.05,3,0.687097662090692,0.06384309835491513,0.9998937795477055,0.8019771949391286
181,9.05,4,0.9995625994129714,0.060306189825420985,0.9998937795477055,1.0
181,9.05,5,0.9839607553919909,0.06034824978387563,0.9998937795477055,1.0
182,9.1,0,0.9980288189481021,0.06031046981752303,0.9998976544546995,1.0
182,9.1,1,0.9037087480398482,0.06067133818100354,0.9998976544546995,1.0
182,9.1,2,0.999907191618778,0.060305692740649036,0.9998976544546995,1.0
182,9.1,3,0.6997382167665416,0.06347288413541048,0.9998976544546992,0.8135032088491871
182,9.1,4,0.9996063394716743,0.060306453047964864,0.9998976544546995,1.0
182,9.1,5,0.9855646798527918,0.06034405394496249,0.9998976544546992,1.0
183,9.15,0,0.9982259370532919,0.060310300507816224,0.9999011298113127,1.0
183,9.15,1,0.9133378732358635,0.06062117339701072,0.9999011298113127,1.0
183,9.15,2,0.9999164724569002,0.060306004670496585,0.9999011298113127,1.0
183,9.15,3,0.7122473172351522,0.06314158227971511,0.9999011298113127,0.8248292214526471
183,9.15,4,0.9996457055245069,0.06030668881771514,0.9999011298113124,1.0
183,9.15,5,0.9870082118675126,0.060340326316497786,0.9999011298113127,1.0
184,9.200000000000001,0,0.9984033433479627,0.06031014326038573,0.9999042001735915,1.0
184,9.200000000000001,1,0.9220040859122771,0.060579228484718084,0.9999042001735915,1.0
184,9.200000000000001,2,0.9999248252112102,0.060306279865111286,0.9999042001735915,1.0
184,9.200000000000001,3,0.7246177461946917,0.06284498375747657,0.9999042001735915,0.8359516068305461
184,9.200000000000001,4,0.9996811349720562,0.060306895492786575,0.9999042001735915,1.0
184,9.200000000000001,5,0.9883073906807613,0.06033700576968466,0.9999042001735915,1.0
185,9.25,0,0.9985630090131664,0.060309991832285345,0.9999068551864146,1.0
185,9.25,1,0.9298036773210494,0.060543891919594535,0.9999068551864146,1.0
185,9.25,2,0.9999323426900891,0.06030651709029535,0.9999068551864146,1.0
185,9.25,3,0.7368428482168005,0.06257932425612425,0.9999068551864146,0.8468687664157791
185,9.25,4,0.9997130214748506,0.06030707107021732,0.9999068551864146,1.0
185,9.25,5,0.9894766516126852,0.060334038778110735,0.9999068551864146,1.0
186,9.3,0,0.9987067081118498,0.06030984005865735,0.9999090796127977,1.0
186,9.3,1,0.9368233095889444,0.060513917428284277,0.9999090796127977,1.0
186,9.3,2,0.9999391084210802,0.06030671466432044,0.9999090796127977,1.0
186,9.3,3,0.748916712551529,0.062341237659627236,0.9999090796127977,0.8575814915640857
186,9.3,4,0.9997417193273656,0.06030721317729141,0.9999090796127977,1.0
186,9.3,5,0.9905289864514166,0.0603313781934581,0.9999090796127977,1.0
187,9.35,0,0.9988360373006648,0.06030968180604568,0.999910853468564,1.0
187,9.35,1,0.94314097863005,0.060488330333500026,0.999910853468564,1.0
187,9.35,2,0.9999451975789723,0.060306870468562444,0.999910853468564,1.0
187,9.35,3,0.7608343693241362,0.06212771437552179,0.999910853468564,0.8680932802775991
187,9.35,4,0.999767547394629,0.060307319074224264,0.999910853468564,1.0
187,9.35,5,0.9914760878062749,0.060328982244141224,0.999910853468564,1.0
188,9.4,0,0.9989524335705984,0.06030951084549203,0.9999121512543182,1.0
188,9.4,1,0.948826880767045,0.06046636018846691,0.9999121512543182,1.0
188,9.4,2,0.999950677821075,0.06030698187127089,0.9999121512543182,1.0
188,9.4,3,0.7725919882033685,0.061936064038904226,0.9999121512543182,0.878410558116459
188,9.4,4,0.9997907926551661,0.060307385570809925,0.9999121512543182,1.0
188,9.4,5,0.9923284790256475,0.06032681361821625,0.9999121512543182,1.0
189,9.450000000000001,0,0.9990571902135386,0.060309321014919516,0.9999129441227622,1.0
189,9.450000000000001,1,0.9539441926903405,0.06044739204528069,0.9999129441227622,1.0
189,9.450000000000001,2,0.9999556100389675,0.060307045934804904,0.9999129441227622,1.0
189,9.450000000000001,3,0.7841870627617266,0.061763882639686844,0.9999129441227622,0.8885427337869493
189,9.450000000000001,4,0.9998117133896495,0.06030740922727559,0.9999129441227622,1.0
189,9.450000000000001,5,0.9930956311230827,0.06032483896851061,0.9999129441227622,1.0
190,9.5,0,0.9991514711921847,0.060309106349534174,0.9999132016599258,1.0
190,9.5,1,0.9585497734213064,0.06043093061704588,0.9999132016599258,1.0
190,9.5,2,0.9999600490350707,0.060307059585810084,0.9999132016599258,1.0
190,9.5,3,0.7956185653734975,0.06160902332337322,0.9999132016599258,0.898502088879436
190,9.5,4,0.9998305420506846,0.06030738651873573,0.9999132016599258,1.0
190,9.5,5,0.9937860680107745,0.06032302849356661,0.9999132016599258,1.0
191,9.55,0,0.9992363240729663,0.06030886122901327,0.9999128937923539,1.0
191,9.55,1,0.9626947960791757,0.06041657367648272,0.9999128937923539,1.0
191,9.55,2,0.9999640441315637,0.06030701979772531,0.9999128937923539,1.0
191,9.55,3,0.8068870538422166,0.06146957054898609,0.9999128937923539,0.9083034500606875
191,9.55,4,0.9998474878456161,0.06030731401256545,0.9999128937923539,1.0
191,9.55,5,0.994407461209697,0.060321355623347825,0.9999128937923539,1.0
192,9.600000000000001,0,0.9993126916656696,0.0603085805667831,0.9999119930882352,1.0
192,9.600000000000001,1,0.9664253164712582,0.060403992148335216,0.9999119930882352,1.0
192,9.600000000000001,2,0.9999676397184073,0.06030692381145956,0.9999119930882352,1.0
192,9.600000000000001,3,0.8179947114886896,0.06134381725488969,0.9999119930882352,0.9179636303069474
192,9.600000000000001,4,0.9998627390610545,0.060307188584470976,0.9999119930882352,1.0
192,9.600000000000001,5,0.9949667150887274,0.06031979681918299,0.9999119930882352,1.0
193,9.65,0,0.9993814224991027,0.060308260032902364,0.9999104773695819,1.0
193,9.65,1,0.9697827848241324,0.060392915086302006,0.9999104773695819,1.0
193,9.65,2,0.9999708757465665,0.06030676938622194,0.9999104773695819,1.0
193,9.65,3,0.8289453067746614,0.06123024463029664,0.9999104773695819,0.9275006643484073
193,9.65,4,0.999876465154949,0.06030700766518554,0.9999104773695819,1.0
193,9.65,5,0.9954700435798546,0.060318331466762284,0.9999104773695819,1.0
194,9.700000000000001,0,0.9994432802491924,0.060307718739436515,0.9999064924837212,1.0
194,9.700000000000001,1,0.9728045063417191,0.06038294046478999,0.9999064924837212,1.0
194,9.700000000000001,2,0.9999737881719098,0.06030637751374515,0.9999064924837212,1.0
194,9.700000000000001,3,0.839711080785992,0.06112762399691324,0.9999064924837212,0.9366030468879667
194,9.700000000000001,4,0.9998888186394541,0.06030659195034937,0.9999064924837212,1.0
194,9.700000000000001,5,0.9959230392218691,0.060316764254204826,0.9999064924837212,1.0
195,9.75,0,0.9994989522242731,0.06030735736532961,0.9999042089285104,1.0
195,9.75,1,0.9755240557075472,0.06037428525313693,0.9999042089285104,1.0
195,9.75,2,0.9999764093547189,0.06030615054821965,0.9999042089285104,1.0
195,9.75,3,0.8503972231202268,0.06103427149496191,0.9999042089285104,0.9465725041283399
195,9.75,4,0.9998999367755087,0.06030634352985154,0.9999042089285104,1.0
195,9.75,5,0.9963307352996822,0.06031548317283691,0.9999042089285101,1.0
196,9.8,0,0.9995490570018458,0.06030675772816939,0.9998993095358344,1.0
196,9.8,1,0.9779716501367924,0.060366376203694595,0.9998993095358344,1.0
196,9.8,2,0.9999787684192469,0.06030567182931623,0.9998993095358345,1.0
196,9.8,3,0.8609643327029096,0.06094920791790379,0.9998993095358344,0.9560683189470541
196,9.8,4,0.9999099430979578,0.060305845502832446,0.9998993095358345,1.0
196,9.8,5,0.996697661769714,0.060314058671352616,0.9998993095358345,1.0
197,9.850000000000001,0,0.9995941513016612,0.060306363437963355,0.9998964062166483,1.0
197,9.850000000000001,1,0.9801744851231132,0.06035952697936865,0.9998964062166483,1.0
197,9.850000000000001,2,0.9999808915773223,0.06030538631819298,0.9998964062166483,1.0
197,9.850000000000001,3,0.871494063260051,0.06087146021909469,0.9998964062166483,0.9662616382743225
197,9.850000000000001,4,0.999918948788162,0.06030554261667323,0.9998964062166483,1.0
197,9.850000000000001,5,0.9970278955927425,0.060312924371825394,0.9998964062166481,1.0
198,9.9,0,0.999634736171495,0.06030592665701342,0.9998929439009131,1.0
198,9.9,1,0.9821570366108019,0.060353378873783795,0.9998929439009131,1.0
198,9.9,2,0.99998280241959,0.060305047403629373,0.9998929439009131,1.0
198,9.9,3,0.8819692173506113,0.06080027080640029,0.9998929439009131,0.9762456041656535
198,9.9,4,0.9999270539093458,0.06030518806584643,0.9998929439009131,1.0
198,9.9,5,0.9973251060334682,0.06031182347202244,0.9998929439009131,1.0
199,9.950000000000001,0,0.9996712625543455,0.06030529626051804,0.9998873683750898,1.0
199,9.950000000000001,1,0.9839413329497217,0.060347686400524604,0.9998873683750898,1.0
199,9.950000000000001,2,0.999984522177631,0.06030450506063134,0.9998873683750898,1.0
199,9.950000000000001,3,0.8924048269770654,0.06073480814792393,0.9998873683750898,0.9863253136151515
199,9.950000000000001,4,0.9999343485184112,0.06030463165093247,0.9998873683750898,1.0
199,9.950000000000001,5,0.9975925954301215,0.0603105968825237,0.9998873683750902,1.0
200,10.0,0,0.9997041362989109,0.060304842803494636,0.9998835304986157,1.0
200,10.0,1,0.9855471996547496,0.060342739685311876,0.9998835304986157,1.0
200,10.0,2,0.9999860699598679,0.06030413082604106,0.9998835304986157,1.0
200,10.0,3,0.9028004400872915,0.06067493459523725,0.9998835304986157,0.9963609580793278
200,10.0,4,0.9999409136665701,0.0603042447529151,0.9998835304986157,1.0
200,10.0,5,0.9978333358871093,0.06030960810528787,0.9998835304986157,1.0
201,10.05,0,0.9997337226690197,0.06030419757896913,0.9998776189079984,1.0
201,10.05,1,0.9869924796892746,0.06033810038783453,0.9998776189079984,1.0
201,10.05,2,0.9999874629638812,0.06030355688474611,0.9998776189079984,1.0
201,10.05,3,0.9125203960785624,0.060623030665515644,0.9998776189079984,1.0
201,10.05,4,0.999946822299913,0.06030365941496815,0.9998776189079984,1.0
201,10.05,5,0.9980500022983984,0.06030848208004927,0.9998776189079984,1.0
202,10.100000000000001,0,0.9997603504021177,0.060303742358757656,0.9998735986984159,1.0
202,10.100000000000001,1,0.9882932317203471,0.060334090618061886,0.9998735986984159,1.0
202,10.100000000000001,2,0.9999887166674931,0.06030316580198956,0.9998735986984159,1.0
202,10.100000000000001,3,0.9212683564707062,0.06057973567172314,0.9998735986984159,1.0
202,10.100000000000001,4,0.9999521400699217,0.06030325807617021,0.9998735986984161,1.0
202,10.100000000000001,5,0.9982450020685585,0.06030759496249989,0.9998735986984161,1.0
203,10.15,0,0.9997843153619059,0.060303101933222865,0.9998675892245621,1.0
203,10.15,1,0.9894639085483123,0.0603302830867334,0.9998675892245621,1.0
203,10.15,2,0.9999898450007438,0.0603025830892156,0.9998675892245621,1.0
203,10.15,3,0.9291415208236355,0.06054302416264107,0.9998675892245621,1.0
203,10.15,4,0.9999569260629295,0.06030266613321493,0.9998675892245622,1.0
203,10.15,5,0.9984205018617026,0.06030656647389732,0.9998675892245621,1.0
204,10.200000000000001,0,0.9998058838257153,0.06030252642470047,0.9998621896165355,1.0
204,10.200000000000001,1,0.9905175176934811,0.06032688295556154,0.9998621896165355,1.0
204,10.200000000000001,2,0.9999908605006694,0.0603020595113194,0.9998621896165355,1.0
204,10.200000000000001,3,0.936227368741272,0.06051187477891943,0.9998621896165355,1.0
204,10.200000000000001,4,0.9999612334566366,0.0603021342486817,0.9998621896165355,1.0
204,10.200000000000001,5,0.9985784516755324,0.060305642243239664,0.9998621896165355,1.0
205,10.25,0,0.9998252954431438,0.060302122984670414,0.9998585166681986,1.0
205,10.25,1,0.9914657659241329,0.06032395809589438,0.9998585166681986,1.0
205,10.25,2,0.9999917744506025,0.06030170279926788,0.9998585166681986,1.0
205,10.25,3,0.9426046318671448,0.06048540140597191,0.9998585166681986,1.0
205,10.25,4,0.9999651101109729,0.06030177006120968,0.9998585166681986,1.0
205,10.25,5,0.9987206065079791,0.06030492539104932,0.9998585166681985,1.0
206,10.3,0,0.9998427658988294,0.06030149063716919,0.9998524205014562,1.0
206,10.3,1,0.9923191893317196,0.060321073014197805,0.9998524205014562,1.0
206,10.3,2,0.9999925970055422,0.06030111250167107,0.9998524205014562,1.0
206,10.3,3,0.9483441686804304,0.060462418211453026,0.9998524205014562,1.0
206,10.3,4,0.9999685990998756,0.060301173035784174,0.9998524205014562,1.0
206,10.3,5,0.9988485458571812,0.06030401131019913,0.9998524205014562,1.0
207,10.350000000000001,0,0.9998584893089464,0.06030109475719931,0.9998487291938885,1.0
207,10.350000000000001,1,0.9930872703985476,0.060318663119932565,0.9998487291938885,1.0
207,10.350000000000001,2,0.999993337304988,0.060300754459676,0.9998487291938885,1.0
207,10.350000000000001,3,0.9535097518123873,0.060442767881185355,0.9998487291938888,1.0
207,10.350000000000001,4,0.999971739189888,0.06030080893921039,0.9998487291938888,1.0
207,10.350000000000001,5,0.9989636912714631,0.06030336216114968,0.9998487291938888,1.0
208,10.4,0,0.9998726403780518,0.060300517724943326,0.9998431192563698,1.0
208,10.4,1,0.9937785433586929,0.06031628419118267,0.9998431192563698,1.0
208,10.4,2,0.9999940035744892,0.06030021147807603,0.9998431192563698,1.0
208,10.4,3,0.9581587766311486,0.06042553026974309,0.9998431192563698,1.0
208,10.4,4,0.9999745652708992,0.06030026050853188,0.9998431192563698,1.0
208,10.4,5,0.9990673221443168,0.060302557408174605,0.9998431192563698,1.0
209,10.450000000000001,0,0.9998853763402467,0.06030011733872264,0.9998393029471528,1.0
209,10.450000000000001,1,0.9944006890228235,0.060314270815886965,0.9998393029471528,1.0
209,10.450000000000001,2,0.9999946032170403,0.06029984173292913,0.9998393029471528,1.0
209,10.450000000000001,3,0.9623428989680337,0.06041065760872051,0.9998393029471528,1.0
209,10.450000000000001,4,0.9999771087438093,0.060299885859515116,0.9998393029471527,1.0
209,10.450000000000001,5,0.9991605899298851,0.06030195226361687,0.9998393029471528,1.0
210,10.5,0,0.999896838706222,0.06029950594540323,0.9998332664169154,1.0
210,10.5,1,0.9949606201205412,0.06031221467770477,0.9998332664169154,1.0
210,10.5,2,0.9999951428953362,0.06029925791449433,0.9998332664169154,1.0
210,10.5,3,0.9661086090712303,0.060397429574376334,0.9998332664169154,1.0
210,10.5,4,0.9999793978694284,0.06029929762758874,0.9998332664169154,1.0
210,10.5,5,0.9992445309368966,0.06030115673133435,0.9998332664169155,1.0
211,10.55,0,0.9999071548355998,0.0602990893156354,0.9998292183540265,1.0
211,10.55,1,0.9954645581084871,0.06031050345617582,0.9998292183540265,1.0
211,10.55,2,0.9999956286058026,0.06029886609890926,0.9998292183540265,1.0
211,10.55,3,0.9694977481641073,0.060385979516958635,0.9998292183540265,1.0
211,10.55,4,0.9999814580824855,0.060298901840098736,0.9998292183540265,1.0
211,10.55,5,0.9993200778432069,0.060300574502851034,0.9998292183540265,1.0
212,10.600000000000001,0,0.9999164393520398,0.060298473175531296,0.9998230755431665,1.0
212,10.600000000000001,1,0.9959181022976384,0.06030872669823859,0.9998230755431665,1.0
212,10.600000000000001,2,0.9999960657452224,0.06029827229026516,0.9998230755431665,1.0
212,10.600000000000001,3,0.9725479733476965,0.060375686247651744,0.9998230755431665,1.0
212,10.600000000000001,4,0.999983312274237,0.06029830445672468,0.9998230755431665,1.0
212,10.600000000000001,5,0.9993880700588862,0.060299809417547694,0.9998230755431665,1.0
213,10.65,0,0.9999247954168358,0.06029802524181583,0.9998186516914102,1.0
213,10.65,1,0.9963262920678746,0.060307237909393296,0.9998186516914102,1.0
213,10.65,2,0.9999964591707001,0.06029784445268409,0.9998186516914102,1.0
213,10.65,3,0.9752931760129269,0.06036672926129971,0.9998186516914102,1.0
213,10.65,4,0.9999849810468133,0.06029787340205392,0.9998186516914102,1.0
213,10.65,5,0.9994492630529975,0.06029922751643247,0.9998186516914102,1.0
214,10.700000000000001,0,0.9999323158751522,0.06029739176188206,0.9998122829278683,1.0
214,10.700000000000001,1,0.9966936628610872,0.060305670599836686,0.9998122829278683,1.0
214,10.700000000000001,2,0.9999968132536301,0.060297229058447054,0.9998122829278683,1.0
214,10.700000000000001,3,0.9777638584116342,0.060358596032218735,0.9998122829278683,1.0
214,10.700000000000001,4,0.999986482942132,0.06029725511242096,0.9998122829278683,1.0
214,10.700000000000001,5,0.9995043367476978,0.06029847352700322,0.9998122829278683,1.0
215,10.75,0,0.999939084287637,0.06029674340919722,0.9998057402977939,1.0
215,10.75,1,0.9970242965749785,0.060304184196823755,0.9998057402977939,1.0
215,10.75,2,0.9999971319282671,0.06029659698179012,0.9998057402977939,1.0
215,10.75,3,0.9799874725704707,0.06035132384882547,0.9998057402977939,1.0
215,10.75,4,0.9999878346479187,0.06029662042996446,0.9998057402977939,1.0
215,10.75,5,0.999553903072928,0.06029771676816266,0.9998057402977939,1.0
216,10.8,0,0.9999451758588733,0.06029624607817452,0.9998007451403668,1.0
216,10.8,1,0.9973218669174806,0.060302934575580475,0.9998007451403668,1.0
216,10.8,2,0.9999974187354403,0.06029611429792395,0.9998007451403668,1.0
216,10.8,3,0.9819887253134236,0.060344965418060066,0.9998007451403667,1.0
216,10.8,4,0.9999890511831269,0.060296135400985267,0.9998007451403667,1.0
216,10.8,5,0.9995985127656352,0.0602971219165329,0.9998007451403667,1.0
217,10.850000000000001,0,0.999950658272986,0.06029556264229169,0.9997938051707176,1.0
217,10.850000000000001,1,0.9975896802257326,0.06030157562523452,0.9997938051707176,1.0
217,10.850000000000001,2,0.9999976768618963,0.06029544404410675,0.9997938051707177,1.0
217,10.850000000000001,3,0.9837898527820813,0.06033908673751318,0.9997938051707176,1.0
217,10.850000000000001,4,0.9999901460648142,0.06029546303654824,0.9997938051707177,1.0
217,10.850000000000001,5,0.9996386614890717,0.06029635074415143,0.9997938051707176,1.0
218,10.9,0,0.9999555924456874,0.06029499789387933,0.9997880809322307,1.0
218,10.9,1,0.9978307122031593,0.06030040419199082,0.9997880809322307,1.0
218,10.9,2,0.9999979091757067,0.06029489115869652,0.9997880809322307,1.0
218,10.9,3,0.9854108675038732,0.06033391013695393,0.9997880809322307,1.0
218,10.9,4,0.9999911314583327,0.060294908251654025,0.9997880809322307,1.0
218,10.9,5,0.9996747953401645,0.06029570706251491,0.9997880809322308,1.0
219,10.950000000000001,0,0.9999600332011187,0.06029427144504371,0.9997806678162572,1.0
219,10.950000000000001,1,0.9980476409828434,0.060299132738019484,0.9997806678162572,1.0
219,10.950000000000001,2,0.9999981182581361,0.060294175386305444,0.9997806678162572,1.0
219,10.950000000000001,3,0.9868697807534859,0.06032908392618438,0.9997806678162572,1.0
219,10.950000000000001,4,0.9999920183124995,0.060294190769717274,0.9997806678162572,1.0
219,10.950000000000001,5,0.999707315806148,0.060294909594864825,0.9997806678162572,1.0
220,11.0,0,0.9999640298810069,0.06029363427546069,0.9997741683664723,1.0
220,11.0,1,0.998242876884559,0.06029800590025917,0.9997741683664723,1.0
220,11.0,2,0.9999983064323225,0.060293547824942596,0.9997741683664723,1.0
220,11.0,3,0.9881828026781373,0.06032479785778895,0.9997741683664719,1.0
220,11.0,4,0.9999928164812496,0.06029356166981459,0.9997741683664719,1.0
220,11.0,5,0.9997365842255332,0.060294208527892426,0.9997741683664723,1.0
221,11.05,0,0.9999676268929062,0.06029286140228572,0.9997662519055514,1.0
221,11.05,1,0.9984185891961032,0.06029679298796593,0.9997662519055514,1.0
221,11.05,2,0.9999984757890902,0.06029278359897729,0.9997662519055514,1.0
221,11.05,3,0.9893645224103236,0.06032077364542396,0.9997662519055517,1.0
221,11.05,4,0.9999935348331246,0.06029279605916002,0.9997662519055514,1.0
221,11.05,5,0.9997629258029799,0.060293378161025785,0.9997662519055517,1.0
222,11.100000000000001,0,0.9999708642036156,0.06029215168251106,0.9997589805390779,1.0
222,11.100000000000001,1,0.9985767302764929,0.0602956877808128,0.9997589805390779,1.0
222,11.100000000000001,2,0.9999986282101812,0.060292081661297695,0.9997589805390779,1.0
222,11.100000000000001,3,0.9904280701692912,0.06031716401910008,0.9997589805390782,1.0
222,11.100000000000001,4,0.9999941813498121,0.060292092875295834,0.9997589805390779,1.0
222,11.100000000000001,5,0.9997866332226819,0.06029261670983277,0.9997589805390779,1.0
223,11.15,0,0.999973777783254,0.060291332729702725,0.9997505684767124,1.0
223,11.15,1,0.9987190572488436,0.0602945133238584,0.9997505684767124,1.0
223,11.15,2,0.999998765389163,0.060291269712228035,0.9997505684767124,1.0
223,11.15,3,0.9913852631523621,0.060313756209789474,0.9997505684767124,1.0
223,11.15,4,0.9999947632148309,0.06029127980466147,0.9997505684767124,1.0
223,11.15,5,0.9998079699004138,0.060291751208056424,0.9997505684767124,1.0
224,11.200000000000001,0,0.9999764000049286,0.06029055359615023,0.999742561444557,1.0
224,11.200000000000001,1,0.9988471515239592,0.0602934145956186,0.999742561444557,1.0
224,11.200000000000001,2,0.9999988888502467,0.06029049688177261,0.999742561444557,1.0
224,11.200000000000001,3,0.9922467368371258,0.0603106640856612,0.999742561444557,1.0
224,11.200000000000001,4,0.9999952868933478,0.06029050596482281,0.999742561444557,1.0
224,11.200000000000001,5,0.9998271729103724,0.06029093018895917,0.999742561444557,1.0
225,11.25,0,0.9999787600044358,0.06028969107571986,0.9997336831892462,1.0
225,11.25,1,0.9989624363715632,0.0602922647256037,0.9997336831892462,1.0
225,11.25,2,0.999998999965222,0.06028964003400973,0.9997336831892462,1.0
225,11.25,3,0.9930220631534132,0.060307733498505586,0.9997336831892462,1.0
225,11.25,4,0.999995758204013,0.06028964820861972,0.9997336831892462,1.0
225,11.25,5,0.9998444556193351,0.06029002997779987,0.9997336831892462,1.0
226,11.3,0,0.9999808840039922,0.06028884686523693,0.9997249884666255,1.0
226,11.3,1,0.9990661927344069,0.06029116213591759,0.9997249884666255,1.0
226,11.3,2,0.9999990999686998,0.06028880092874564,0.9997249884666255,1.0
226,11.3,3,0.993719856838072,0.06030503902543739,0.9997249884666255,1.0
226,11.3,4,0.9999961823836117,0.06028880828577684,0.9997249884666255,1.0
226,11.3,5,0.9998600100574015,0.06028915185129483,0.9997249884666255,1.0
227,11.350000000000001,0,0.9999827956035929,0.060287941721017896,0.999715656526905,1.0
227,11.350000000000001,1,0.9991595734609662,0.06029002463853405,0.999715656526905,1.0
227,11.350000000000001,2,0.9999991899718299,0.060287900379124126,0.999715656526905,1.0
227,11.350000000000001,3,0.9943478711542647,0.06030247748614739,0.999715656526905,1.0
227,11.350000000000001,4,0.9999965641452505,0.06028790700034085,0.999715656526905,1.0
227,11.350000000000001,5,0.9998740090516613,0.0602882161869007,0.999715656526905,1.0
228,11.4,0,0.9999845160432337,0.06028703210751093,0.999706273175801,1.0
228,11.4,1,0.9992436161148696,0.060288906061508045,0.999706273175801,1.0
228,11.4,2,0.9999992709746469,0.060286994900633356,0.999706273175801,1.0
228,11.4,3,0.9949130840388383,0.06030008425685389,0.999706273175801,1.0
228,11.4,4,0.9999969077307255,0.0602870008596288,0.999706273175801,1.0
228,11.4,5,0.9998866081464952,0.06028727910894658,0.999706273175801,1.0
229,11.450000000000001,0,0.9999860644389104,0.06028608505630143,0.9996964971829497,1.0
229,11.450000000000001,1,0.9993192545033825,0.06028777106741332,0.9996964971829497,1.0
229,11.450000000000001,2,0.9999993438771823,0.06028605157085265,0.9996964971829497,1.0
229,11.450000000000001,3,0.9954217756349545,0.06029780770398205,0.9996964971829497,1.0
229,11.450000000000001,4,0.9999972169576529,0.06028605693385646,0.99969649718295,1.0
229,11.450000000000001,5,0.9998979473318457,0.060286307342655464,0.9996964971829497,1.0
230,11.5,0,0.9999874579950193,0.0602850960549864,0.9996862822137236,1.0
230,11.5,1,0.9993873290530443,0.06028661301825957,0.9996862822137236,1.0
230,11.5,2,0.999999409489464,0.060285065918751046,0.9996862822137236,1.0
230,11.5,3,0.995879598071459,0.0602956267927668,0.9996862822137236,1.0
230,11.5,4,0.9999974952618875,0.060285070745368916,0.9996862822137236,1.0
230,11.5,5,0.9999081525986611,0.06028529610015256,0.9996862822137235,1.0
231,11.55,0,0.9999887121955173,0.060284057535396,0.9996755502112825,1.0
231,11.55,1,0.9994485961477398,0.060285422437260754,0.9996755502112825,1.0
231,11.55,2,0.9999994685405176,0.06028403041339247,0.9996755502112825,1.0
231,11.55,3,0.9962916382643131,0.060293519300682274,0.9996755502112825,1.0
231,11.55,4,0.9999977457356988,0.06028403475726857,0.9996755502112825,1.0
231,11.55,5,0.999917337338795,0.06028423756543545,0.9996755502112825,1.0
232,11.600000000000001,0,0.9999898409759655,0.060282960024735203,0.9996642033314379,1.0
232,11.600000000000001,1,0.9995037365329659,0.060284188137475235,0.9996642033314379,1.0
232,11.600000000000001,2,0.9999995216864658,0.06028293561549067,0.9996642033314379,1.0
232,11.600000000000001,3,0.9966624744378818,0.06029146273962826,0.9996642033314379,1.0
232,11.600000000000001,4,0.9999979711621289,0.06028293952490381,0.9996642033314379,1.0
232,11.600000000000001,5,0.9999256036049154,0.06028312204273935,0.9996642033314379,1.0
233,11.65,0,0.999990856878369,0.06028179308988714,0.9996521337335492,1.0
233,11.65,1,0.9995533628796692,0.06028289814599901,0.9996521337335492,1.0
233,11.65,2,0.9999995695178192,0.06028177112208485,0.9996521337335492,1.0
233,11.65,3,0.9969962269940936,0.060289435102484364,0.9996521337335494,1.0
233,11.65,4,0.999998174045916,0.06028177464048522,0.9996521337335494,1.0
233,11.65,5,0.9999330432444239,0.060281938898342484,0.9996521337335494,1.0
234,11.700000000000001,0,0.9999917711905321,0.06028054722931171,0.9996392431941931,1.0
234,11.700000000000001,1,0.9995980265917023,0.06028154157790105,0.9996392431941931,1.0
234,11.700000000000001,2,0.9999996125660373,0.06028052745877325,0.9996392431941933,1.0
234,11.700000000000001,3,0.9972966042946843,0.06028741658381075,0.9996392431941933,1.0
234,11.700000000000001,4,0.9999983566413243,0.06028053062526537,0.9996392431941933,1.0
234,11.700000000000001,5,0.9999397389199814,0.06028067845021979,0.9996392431941933,1.0
235,11.75,0,0.9999925940714789,0.060279216018993664,0.9996254653553612,1.0
235,11.75,1,0.999638223932532,0.06028011076609873,0.9996254653553612,1.0
235,11.75,2,0.9999996513094336,0.06027919822596268,0.9996254653553612,1.0
235,11.75,3,0.9975669438652158,0.06028539157702079,0.999625465355361,1.0
235,11.75,4,0.9999985209771919,0.06027920107574044,0.9996254653553612,1.0
235,11.75,5,0.9999457650279833,0.060279334111971436,0.999625465355361,1.0
236,11.8,0,0.999993334664331,0.06027802325671279,0.9996131203579978,1.0
236,11.8,1,0.9996744015392788,0.06027882839424121,0.9996131203579978,1.0
236,11.8,2,0.9999996861784902,0.060278007243350945,0.9996131203579978,1.0
236,11.8,3,0.9978102494786942,0.06028357570969623,0.9996131203579978,1.0
236,11.8,4,0.9999986688794726,0.06027800980809839,0.9996131203579978,1.0
236,11.8,5,0.9999511885251849,0.06027812953567243,0.9996131203579978,1.0
237,11.850000000000001,0,0.9999940011978979,0.06027682121317422,0.9996006770590115,1.0
237,11.850000000000001,1,0.9997069613853509,0.06027754572618428,0.9996006770590115,1.0
237,11.850000000000001,2,0.9999997175606412,0.06027680680147579,0.9996006770590115,1.0
237,11.850000000000001,3,0.9980292245308248,0.06028181392092714,0.9996006770590115,1.0
237,11.850000000000001,4,0.9999988019915254,0.060276809109701006,0.9996006770590115,1.0
237,11.850000000000001,5,0.9999560696726665,0.060276916860210535,0.9996006770590115,1.0
238,11.9,0,0.9999946010781081,0.06027568721944801,0.9995889372986683,1.0
238,11.9,1,0.9997362652468158,0.06027633919088869,0.9995889372986683,1.0
238,11.9,2,0.9999997458045771,0.0602756742491957,0.9995889372986683,1.0
238,11.9,3,0.9982263020777423,0.06028017701168811,0.9995889372986683,1.0
238,11.9,4,0.9999989217923728,0.06027567632655813,0.9995889372986683,1.0
238,11.9,5,0.9999604627053998,0.06027577329844415,0.9995889372986683,1.0
239,11.950000000000001,0,0.9999951409702973,0.06027466649312769,0.9995783700278608,1.0
239,11.950000000000001,1,0.9997626387221342,0.060275253194317285,0.9995783700278608,1.0
239,11.950000000000001,2,0.9999997712241193,0.060274654820124424,0.9995783700278608,1.0
239,11.950000000000001,3,0.998403671869968,0.06027870435688208,0.9995783700278608,1.0
239,11.950000000000001,4,0.9999990296131356,0.060274656689717994,0.9995783700278608,1.0
239,11.950000000000001,5,0.9999644164348599,0.06027474396152155,0.9995783700278609,1.0
240,12.0,0,0.9999956268732676,0.06027381152656022,0.9995695196116126,1.0
240,12.0,1,0.9997863748499208,0.060274339498980534,0.9995695196116126,1.0
240,12.0,2,0.9999997941017074,0.060273801021027466,0.9995695196116126,1.0
240,12.0,3,0.9985633046829713,0.06027744322104793,0.9995695196116126,1.0
240,12.0,4,0.999999126651822,0.060273802703637046,0.9995695196116126,1.0
240,12.0,5,0.9999679747913739,0.06027388124599924,0.9995695196116126,1.0
241,12.05,0,0.9999960641859408,0.060272879720091044,0.9995598712655741,1.0
241,12.05,1,0.9998077373649288,0.06027335484648897,0.9995598712655741,1.0
241,12.05,2,0.9999998146915366,0.06027287026527487,0.9995598712655741,1.0
241,12.05,3,0.9987069742146741,0.060276146307769035,0.9995598712655741,1.0
241,12.05,4,0.9999992139866398,0.06027287177959945,0.9995598712655741,1.0
241,12.05,5,0.9999711773122365,0.060272942465703694,0.9995598712655741,1.0
242,12.100000000000001,0,0.9999964577673467,0.06027224132488411,0.9995532634344734,1.0
242,12.100000000000001,1,0.9998269636284359,0.06027266890055523,0.9995532634344734,1.0
242,12.100000000000001,2,0.999999833222383,0.06027223281565358,0.9995532634344734,1.0
242,12.100000000000001,3,0.9988362767932067,0.060275179695451465,0.9995532634344734,1.0
242,12.100000000000001,4,0.9999992925879758,0.060272234178530754,0.9995532634344734,1.0
242,12.100000000000001,5,0.9999740595810128,0.06027229779459831,0.9995532634344731,1.0
243,12.15,0,0.999996811990612,0.060271683655821015,0.9995474914108176,1.0
243,12.15,1,0.9998442672655923,0.06027206844318555,0.9995474914108176,1.0
243,12.15,2,0.9999998499001447,0.06027167599759565,0.9995474914108176,1.0
243,12.15,3,0.998952649113886,0.06027432692865019,0.9995474914108176,1.0
243,12.15,4,0.9999993633291783,0.06027167722417334,0.9995474914108176,1.0
243,12.15,5,0.9999766536229115,0.060271734477494975,0.9995474914108176,1.0
244,12.200000000000001,0,0.9999971307915507,0.0602710877117201,0.9995413216321588,1.0
244,12.200000000000001,1,0.9998598405390331,0.06027143399491121,0.9995413216321588,1.0
244,12.200000000000001,2,0.9999998649101302,0.06027108081939452,0.9995413216321588,1.0
244,12.200000000000001,3,0.9990573842024975,0.0602734656330123,0.9995413216321588,1.0
244,12.200000000000001,4,0.9999994269962604,0.0602710819233032,0.9995413216321588,1.0
244,12.200000000000001,5,0.9999789882606204,0.06027113345028954,0.9995413216321588,1.0
245,12.25,0,0.9999974177123957,0.06027074864595733,0.999537814042748,1.0
245,12.25,1,0.9998738564851298,0.0602710602812472,0.999537814042748,1.0
245,12.25,2,0.9999998784191171,0.06027074244290659,0.999537814042748,1.0
245,12.25,3,0.9991516457822477,0.06027288795292265,0.999537814042748,1.0
245,12.25,4,0.9999994842966344,0.06027074343641854,0.999537814042748,1.0
245,12.25,5,0.9999810894345583,0.06027078981004552,0.999537814042748,1.0
246,12.3,0,0.9999976759411561,0.060270437656586726,0.9995345967599693,1.0
246,12.3,1,0.9998864708366169,0.06027071811246013,0.9995345967599693,1.0
246,12.3,2,0.9999998905772054,0.06027043207387584,0.9995345967599693,1.0
246,12.3,3,0.9992364812040229,0.060272362367009745,0.9995345967599693,1.0
246,12.3,4,0.999999535866971,0.060270432968031765,0.9995345967599693,1.0
246,12.3,5,0.9999829804911025,0.06027047470375682,0.9995345967599691,1.0
247,12.350000000000001,0,0.9999979083470405,0.060270210390495654,0.9995322467561741,1.0
247,12.350000000000001,1,0.9998978237529552,0.06027046278813411,0.9995322467561741,1.0
247,12.350000000000001,2,0.9999999015194848,0.060270205366079646,0.9995322467561741,1.0
247,12.350000000000001,3,0.9993128330836206,0.06027194209228695,0.9995322467561741,1.0
247,12.350000000000001,4,0.9999995822802739,0.06027020617081677,0.9995322467561741,1.0
247,12.350000000000001,5,0.9999846824419922,0.06027024373256537,0.9995322467561744,1.0
248,12.4,0,0.9999981175123365,0.060270153578678494,0.9995316632509758,1.0
248,12.4,1,0.9999080413776597,0.06027038072686591,0.9995316632509758,1.0
248,12.4,2,0.9999999113675363,0.060270149056712276,0.9995316632509758,1.0
248,12.4,3,0.9993815497752585,0.060271711678831844,0.9995316632509761,1.0
248,12.4,4,0.9999996240522465,0.060270149780974884,0.9995316632509761,1.0
248,12.4,5,0.999986214197793,0.06027018358630426,0.9995316632509761,1.0
249,12.450000000000001,0,0.9999983057611028,0.0602701410361861,0.999531538141783,1.0
249,12.450000000000001,1,0.9999172372398937,0.06027034546183945,0.999531538141783,1.0
249,12.450000000000001,2,0.9999999202307827,0.06027013696642053,0.999531538141783,1.0
249,12.450000000000001,3,0.9994433947977327,0.060271542977861935,0.999531538141783,1.0
249,12.450000000000001,4,0.9999996616470218,0.0602701376182566,0.999531538141783,1.0
249,12.450000000000001,5,0.9999875927780136,0.0602701680428746,0.999531538141783,1.0
250,12.5,0,0.9999984751849925,0.06027018298222711,0.9995319774265837,1.0
250,12.5,1,0.9999255135159043,0.060270366959228494,0.9995319774265837,1.0
250,12.5,2,0.9999999282077043,0.06027017931943812,0.9995319774265837,1.0
250,12.5,3,0.9994990553179595,0.060271444448683716,0.9995319774265837,1.0
250,12.5,4,0.9999996954823196,0.0602701799060909,0.9995319774265837,1.0
250,12.5,5,0.9999888335002123,0.06027020728812675,0.9995319774265837,1.0
251,12.55,0,0.9999986276664933,0.060270373306760466,0.9995339545151046,1.0
251,12.55,1,0.9999329621643138,0.0602705388815509,0.9995339545151046,1.0
251,12.55,2,0.9999999353869339,0.06027037001024205,0.9995339545151046,1.0
251,12.55,3,0.9995491497861635,0.06027150840185717,0.9995339545151046,1.0
251,12.55,4,0.9999997259340876,0.060270370538231144,0.9995339545151046,1.0
251,12.55,5,0.9999899501501911,0.06027039518202831,0.9995339545151046,1.0
252,12.600000000000001,0,0.999998764899844,0.0602706192049896,0.9995365073345703,1.0
252,12.600000000000001,1,0.9999396659478824,0.060270768218831816,0.9995365073345703,1.0
252,12.600000000000001,2,0.9999999418482405,0.060270616238112605,0.9995365073345703,1.0
252,12.600000000000001,3,0.9995942348075472,0.06027164060986827,0.9995365073345703,1.0
252,12.600000000000001,4,0.9999997533406788,0.06027061671330467,0.9995365073345703,1.0
252,12.600000000000001,5,0.999990955135172,0.06027063889272114,0.9995365073345703,1.0
253,12.65,0,0.9999988884098595,0.06027089954960925,0.9995394168940637,1.0
253,12.65,1,0.9999456993530942,0.06027103365938867,0.9995394168940637,1.0
253,12.65,2,0.9999999476634164,0.060270896879408904,0.9995394168940637,1.0
253,12.65,3,0.9996348113267924,0.06027181866855963,0.9995394168940637,1.0
253,12.65,4,0.9999997780066109,0.060270897307083696,0.9995394168940637,1.0
253,12.65,5,0.9999918596216548,0.06027091726857729,0.9995394168940637,1.0
254,12.700000000000001,0,0.9999989995688735,0.06027130017018419,0.9995435730165556,1.0
254,12.700000000000001,1,0.9999511294177847,0.060271420867113075,0.9995435730165556,1.0
254,12.700000000000001,2,0.9999999528970748,0.060271297766989015,0.9995435730165556,1.0
254,12.700000000000001,3,0.9996713301941131,0.06027212726149188,0.9995435730165556,1.0
254,12.700000000000001,4,0.9999998002059498,0.06027129815189885,0.9995435730165556,1.0
254,12.700000000000001,5,0.9999926736594893,0.060271316117302486,0.9995435730165556,1.0
255,12.75,0,0.9999990996119862,0.0602717562387523,0.9995483036546896,1.0
255,12.75,1,0.9999560164760063,0.060271864864643664,0.9995483036546896,1.0
255,12.75,2,0.9999999576073673,0.06027175407586117,0.9995483036546896,1.0
255,12.75,3,0.9997041971747018,0.06027250052837,0.9995483036546896,1.0
255,12.75,4,0.9999998201853548,0.0602717544222826,0.9995483036546894,1.0
255,12.75,5,0.9999934062935404,0.06027177059121961,0.9995483036546894,1.0
256,12.8,0,0.9999991896507876,0.06027224802111062,0.9995534042481213,1.0
256,12.8,1,0.9999604148284057,0.06027234578345561,0.9995534042481213,1.0
256,12.8,2,0.9999999618466305,0.06027224607449345,0.9995534042481213,1.0
256,12.8,3,0.9997337774572317,0.060272917807709374,0.9995534042481213,1.0
256,12.8,4,0.9999998381668194,0.060272246386275256,0.9995534042481213,1.0
256,12.8,5,0.9999940656641864,0.06027226093839793,0.9995534042481213,1.0
257,12.850000000000001,0,0.9999992706857088,0.06027282640698917,0.9995594023798261,1.0
257,12.850000000000001,1,0.9999643733455651,0.060272914392522546,0.9995594023798261,1.0
257,12.850000000000001,2,0.9999999656619675,0.060272824655017494,0.9995594023798261,1.0
257,12.850000000000001,3,0.9997603997115085,0.06027342915630827,0.9995594023798261,1.0
257,12.850000000000001,4,0.9999998543501374,0.0602728249356238,0.9995594023798261,1.0
257,12.850000000000001,5,0.9999946590977677,0.06027283803262799,0.9995594023798261,1.0
258,12.9,0,0.9999993436171379,0.060273449658418805,0.9995658653719549,1.0
258,12.9,1,0.9999679360110085,0.06027352884506629,0.9995658653719549,1.0
258,12.9,2,0.9999999690957707,0.06027344808162847,0.9995658653719549,1.0
258,12.9,3,0.9997843597403577,0.06027399208625432,0.9995658653719549,1.0
258,12.9,4,0.9999998689151236,0.06027344833417673,0.9995658653719549,1.0
258,12.9,5,0.999995193187991,0.06027346012157656,0.9995658653719549,1.0
259,12.950000000000001,0,0.9999994092554242,0.06027411928008622,0.9995728088352053,1.0
259,12.950000000000001,1,0.9999711424099077,0.06027419054792811,0.9995728088352053,1.0
259,12.950000000000001,2,0.9999999721861936,0.060274117860959535,0.9995728088352053,1.0
259,12.950000000000001,3,0.9998059237663219,0.06027460742831594,0.9995728088352053,1.0
259,12.950000000000001,4,0.9999998820236112,0.06027411808825549,0.9995728088352053,1.0
259,12.950000000000001,5,0.9999956738691919,0.06027412869701229,0.9995728088352055,1.0
260,13.0,0,0.9999994683298817,0.060274833994300565,0.9995802195333652,1.0
260,13.0,1,0.9999740281689169,0.06027489813536343,0.9995802195333652,1.0
260,13.0,2,0.9999999749675743,0.060274832717071715,0.9995802195333652,1.0
260,13.0,3,0.9998253313896898,0.06027527329870101,0.9995802195333652,1.0
260,13.0,4,0.9999998938212501,0.06027483292164049,0.9995802195333652,1.0
260,13.0,5,0.9999961064822727,0.06027484246961786,0.9995802195333652,1.0
261,13.05,0,0.9999995214968935,0.060275579812574274,0.9995879524618491,1.0
261,13.05,1,0.9999766253520253,0.06027563753963326,0.9995879524618491,1.0
261,13.05,2,0.9999999774708169,0.060275578663054344,0.9995879524618491,1.0
261,13.05,3,0.9998427982507208,0.06027597516371446,0.9995879524618491,1.0
261,13.05,4,0.9999999044391251,0.060275578847168505,0.9995879524618491,1.0
261,13.05,5,0.9999964958340454,0.060275587440440724,0.999587952461849,1.0
262,13.100000000000001,0,0.9999995693472041,0.060276377714703726,0.9995962251134466,1.0
262,13.100000000000001,1,0.9999789628168227,0.06027642966924894,0.9995962251134466,1.0
262,13.100000000000001,2,0.9999999797237352,0.0602763766801223,0.9995962251134466,1.0
262,13.100000000000001,3,0.9998585184256487,0.060276733512994674,0.9995962251134466,1.0
262,13.100000000000001,4,0.9999999139952126,0.06027637684582723,0.9995962251134466,1.0
262,13.100000000000001,5,0.9999968462506408,0.060276384579863486,0.9995962251134465,1.0
263,13.15,0,0.9999996124124837,0.06027718104843338,0.9996045538771924,1.0
263,13.15,1,0.9999810665351405,0.060277227807745797,0.9996045538771924,1.0
263,13.15,2,0.9999999817513617,0.06027718011729785,0.9996045538771924,1.0
263,13.15,3,0.9998726665830838,0.060277501252983416,0.9996045538771926,1.0
263,13.15,4,0.9999999225956914,0.06027718026643429,0.9996045538771926,1.0
263,13.15,5,0.9999971616255767,0.06027718722715069,0.9996045538771926,1.0
264,13.200000000000001,0,0.9999996511712353,0.06027800146820129,0.9996130595766402,1.0
264,13.200000000000001,1,0.9999829598816264,0.06027804355183007,0.9996130595766402,1.0
264,13.200000000000001,2,0.9999999835762255,0.06027800063016804,0.9996130595766402,1.0
264,13.200000000000001,3,0.9998853999247754,0.06027828964149414,0.9996130595766402,1.0
264,13.200000000000001,4,0.9999999303361222,0.06027800076439264,0.9996130595766402,1.0
264,13.200000000000001,5,0.999997445463019,0.06027800702911537,0.9996130595766402,1.0
265,13.25,0,0.9999996860541118,0.060278869802705956,0.9996220617927136,1.0
265,13.25,1,0.9999846638934637,0.06027890767825407,0.9996220617927136,1.0
265,13.25,2,0.999999985218603,0.06027886904846528,0.9996220617927136,1.0
265,13.25,3,0.9998968599322979,0.060279129150479366,0.9996220617927136,1.0
265,13.25,4,0.99999993730251,0.060278869169269146,0.9996220617927136,1.0
265,13.25,5,0.9999977009167171,0.06027887480759492,0.9996220617927136,1.0
266,13.3,0,0.9999997174487006,0.06027971639018631,0.9996308384062126,1.0
266,13.3,1,0.9999861975041173,0.06027975047844501,0.9996308384062126,1.0
266,13.3,2,0.9999999866967427,0.06027971571136023,0.9996308384062123,1.0
266,13.3,3,0.9999071739390681,0.060279949796800666,0.9996308384062126,1.0
266,13.3,4,0.999999943572259,0.06027971582008527,0.9996308384062126,1.0
266,13.3,5,0.9999979308250454,0.06027972089464492,0.9996308384062124,1.0
267,13.350000000000001,0,0.9999997457038305,0.06028059554490225,0.9996399524506745,1.0
267,13.350000000000001,1,0.9999875777537056,0.06028062622460971,0.9996399524506745,1.0
267,13.350000000000001,2,0.9999999880270685,0.06028059493394995,0.9996399524506745,1.0
267,13.350000000000001,3,0.9999164565451614,0.06028080560609468,0.9996399524506745,1.0
267,13.350000000000001,4,0.9999999492150331,0.06028059503180389,0.9996399524506745,1.0
267,13.350000000000001,5,0.9999981377425409,0.06028059959897033,0.9996399524506745,1.0
268,13.4,0,0.9999997711334475,0.06028145088786049,0.9996488195092009,1.0
268,13.4,1,0.999988819978335,0.060281478499849016,0.9996488195092009,1.0
268,13.4,2,0.9999999892243616,0.060281450337995694,0.999648819509201,1.0
268,13.4,3,0.9999248108906452,0.060281639939278854,0.999648819509201,1.0
268,13.4,4,0.9999999542935298,0.060281450426065475,0.9996488195092009,1.0
268,13.4,5,0.9999983239682868,0.06028145453657046,0.999648819509201,1.0
269,13.450000000000001,0,0.9999997940201028,0.060282304492872675,0.9996576684075097,1.0
269,13.450000000000001,1,0.9999899379805015,0.060282329343900855,0.9996576684075097,1.0
269,13.450000000000001,2,0.9999999903019254,0.06028230399798739,0.9996576684075097,1.0
269,13.450000000000001,3,0.9999323298015806,0.06028247463642537,0.9996576684075097,1.0
269,13.450000000000001,4,0.9999999588641768,0.06028230407725133,0.9996576684075098,1.0
269,13.450000000000001,5,0.9999984915714581,0.060282307776755646,0.9996576684075098,1.0
270,13.5,0,0.9999998146180925,0.06028316672765019,0.9996666066209344,1.0
270,13.5,1,0.9999909441824514,0.06028318909380361,0.9996666066209344,1.0
270,13.5,2,0.9999999912717329,0.0602831662822471,0.9996666066209344,1.0
270,13.5,3,0.9999390968214226,0.06028331985488011,0.9996666066209344,1.0
270,13.5,4,0.9999999629777592,0.06028316635358566,0.9996666066209344,1.0
270,13.5,5,0.9999986424143124,0.06028316968318511,0.9996666066209344,1.0
271,13.55,0,0.9999998331562833,0.06028400620513455,0.9996753088082723,1.0
271,13.55,1,0.9999918497642062,0.06028402633487854,0.9996753088082723,1.0
271,13.55,2,0.9999999921445596,0.06028400580426621,0.9996753088082723,1.0
271,13.55,3,0.9999451871392803,0.06028414401819291,0.9996753088082723,1.0
271,13.55,4,0.9999999666799833,0.0602840058684718,0.9996753088082723,1.0
271,13.55,5,0.9999987781728811,0.06028400886515137,0.9996753088082723,1.0
272,13.600000000000001,0,0.9999998498406549,0.06028483283756473,0.9996838777262269,1.0
272,13.600000000000001,1,0.9999926647877856,0.06028485095452249,0.9996838777262269,1.0
272,13.600000000000001,2,0.9999999929301037,0.06028483247677831,0.9996838777262269,1.0
272,13.600000000000001,3,0.9999506684253522,0.06028495686829021,0.9996838777262269,1.0
272,13.600000000000001,4,0.9999999700119849,0.06028483253456413,0.9996838777262269,1.0
272,13.600000000000001,5,0.9999989003555929,0.06028483523161137,0.9996838777262269,1.0
273,13.65,0,0.9999998648565894,0.060285642170112314,0.9996922672070044,1.0
273,13.65,1,0.999993398309007,0.06028565847554439,0.9996922672070044,1.0
273,13.65,2,0.9999999936370932,0.060285641845400195,0.9996922672070044,1.0
273,13.65,3,0.9999556015828169,0.06028575379705438,0.9996922672070044,1.0
273,13.65,4,0.9999999730107865,0.06028564189740815,0.9996922672070045,1.0
273,13.65,5,0.9999990103200336,0.060285644324782145,0.9996922672070044,1.0
274,13.700000000000001,0,0.9999998783709305,0.06028642921903661,0.999700425601453,1.0
274,13.700000000000001,1,0.9999940584781063,0.06028644389407753,0.999700425601453,1.0
274,13.700000000000001,2,0.9999999942733839,0.06028642892679191,0.999700425601453,1.0
274,13.700000000000001,3,0.9999600414245352,0.06028652968280641,0.999700425601453,1.0
274,13.700000000000001,4,0.9999999757097078,0.06028642897359967,0.999700425601453,1.0
274,13.700000000000001,5,0.9999991092880303,0.06028643115826391,0.999700425601453,1.0
275,13.75,0,0.9999998905338374,0.0602871884247061,0.9997082952922907,1.0
275,13.75,1,0.9999946526302956,0.06028720163237723,0.9997082952922907,1.0
275,13.75,2,0.9999999948460455,0.06028718816168257,0.9997082952922907,1.0
275,13.75,3,0.9999640372820817,0.060287278841787965,0.9997082952922907,1.0
275,13.75,4,0.999999978138737,0.060287188203810085,0.9997082952922907,1.0
275,13.75,5,0.9999991983592272,0.06028719017003194,0.9997082952922907,1.0
276,13.8,0,0.9999999014804537,0.060287913643025715,0.9997158126053832,1.0
276,13.8,1,0.9999951873672661,0.060287925530046776,0.9997158126053832,1.0
276,13.8,2,0.9993733309365153,0.060289497528334436,0.9997158126053832,0.9937333557507428
276,13.8,3,0.9999676335538735,0.0602879950182041,0.9997158126053832,1.0
276,13.8,4,0.9999999803248633,0.06028791344421691,0.9997158126053832,1.0
276,13.8,5,0.9999992785233045,0.06028791521383729,0.9997158126053832,1.0
277,13.850000000000001,0,0.9999999113324083,0.0602885981740406,0.9997229081062963,1.0
277,13.850000000000001,1,0.9999956686305395,0.060288608872460014,0.9997229081062963,1.0
277,13.850000000000001,2,0.9972649972534154,0.06029557042668962,0.9997229081062963,0.9782899941055168
277,13.850000000000001,3,0.9999708701984862,0.06028867141158164,0.9997229081062963,1.0
277,13.850000000000001,4,0.999999982292377,0.06028859799511065,0.9997229081062963,1.0
277,13.850000000000001,5,0.999999350670974,0.06028859958778661,0.9997229081062963,1.0
278,13.9,0,0.9999999201991675,0.06028923505227004,0.99972950960959,1.0
278,13.9,1,0.9999961017674855,0.06028924468093221,0.99972950960959,1.0
278,13.9,2,0.9937727800872653,0.06030533503784979,0.99972950960959,0.9623428255919139
278,13.9,3,0.9999737831786376,0.06028930096598294,0.9997295096095903,1.0
278,13.9,4,0.9999999840631393,0.06028923489123139,0.99972950960959,1.0
278,13.9,5,0.9999994156038766,0.06028923632465453,0.9997295096095901,1.0
279,13.950000000000001,0,0.9999999281792508,0.06028981709077623,0.999735542635388,1.0
279,13.950000000000001,1,0.999996491590737,0.06028982575664207,0.999735542635388,1.0
279,13.950000000000001,2,0.9889866124038988,0.06031884856566443,0.999735542635388,0.9459111032536
279,13.950000000000001,3,0.9999764048607739,0.060289876413066525,0.999735542635388,1.0
279,13.950000000000001,4,0.9999999856568254,0.060289816945840055,0.999735542635388,1.0
279,13.950000000000001,5,0.999999474043489,0.06028981823593301,0.999735542635388,1.0
280,14.0,0,0.9999999353613257,0.060290336786533144,0.9997409294282432,1.0
280,14.0,1,0.9999968424316633,0.060290344585868454,0.9997409294282432,1.0
280,14.0,2,0.9829894524765749,0.06033628663785358,0.9997409294282432,0.9290150131306586
280,14.0,3,0.9999787643746965,0.06029039017654919,0.9997409294282432,1.0
280,14.0,4,0.9999999870911428,0.06029033665608947,0.9997409294282432,1.0
280,14.0,5,0.99999952663914,0.06029033781718288,0.9997409294282432,1.0
281,14.05,0,0.9999999418251931,0.060290786427220154,0.9997455900636883,1.0
281,14.05,1,0.999997158188497,0.060290793446665235,0.9997455900636883,1.0
281,14.05,2,0.9758580747539146,0.06035794009550067,0.9997455900636883,0.9116756752499722
281,14.05,3,0.9999808879372268,0.060290834478183564,0.9997455900636883,1.0
281,14.05,4,0.9999999883820285,0.06029078630981999,0.9997455900636886,1.0
281,14.05,5,0.999999573975226,0.06029078735481165,0.9997455900636886,1.0
282,14.100000000000001,0,0.9999999476426739,0.060291158185482835,0.9997494434247624,1.0
282,14.100000000000001,1,0.9999974423696473,0.06029116450301504,0.9997494434247624,1.0
282,14.100000000000001,2,0.967663781195081,0.06038421764850189,0.9997494434247624,0.8939151391655781
282,14.100000000000001,3,0.9999827991435042,0.060291201431284955,0.9997494434247624,1.0
282,14.100000000000001,4,0.9999999895438256,0.060291158079822035,0.9997494434247624,1.0
282,14.100000000000001,5,0.9999996165777034,0.06029115902032016,0.9997494434247624,1.0
283,14.15,0,0.9999999528784065,0.06029144419042276,0.9997524079424124,1.0
283,14.15,1,0.9999976981326826,0.06029144987622278,0.9997524079424124,1.0
283,14.15,2,0.9584730401775974,0.06041565365700548,0.9997524079424124,0.8757563710202438
283,14.15,3,0.9999845192291538,0.06029148311156069,0.9997524079424124,1.0
283,14.15,4,0.9999999905894431,0.060291444095327586,0.9997524079424124,1.0
283,14.15,5,0.999999654919933,0.060291444941779786,0.9997524079424124,1.0
284,14.200000000000001,0,0.9999999575905658,0.060291636567108044,0.9997544020043462,1.0
284,14.200000000000001,1,0.9999979283194144,0.06029164168433958,0.9997544020043462,1.0
284,14.200000000000001,2,0.9483480590304051,0.060452920709934695,0.9997544020043462,0.8572232287056742
284,14.200000000000001,3,0.9999860673062384,0.06029167159602638,0.9997544020043462,1.0
284,14.200000000000001,4,0.9999999915304988,0.06029163648152212,0.9997544020043464,1.0
284,14.200000000000001,5,0.9999996894279397,0.06029163724333141,0.9997544020043462,1.0
285,14.25,0,0.9999999618315092,0.06029172743639823,0.9997553439524758,1.0
285,14.25,1,0.999998135487473,0.060291732041909664,0.9997553439524758,1.0
285,14.25,2,0.9373472952695936,0.0604968469790059,0.9997553439524758,0.8383404214222903
285,14.25,3,0.9999874605756146,0.06029175896229603,0.9997553439524758,1.0
285,14.25,4,0.9999999923774489,0.06029172735937078,0.9997553439524758,1.0
285,14.25,5,0.9999997204851457,0.060291728045000104,0.9997553439524758,1.0
286,14.3,0,0.9999999656483582,0.060291708869610286,0.9997551516122313,1.0
286,14.3,1,0.9999983219387256,0.060291713014566144,0.9997551516122313,1.0
286,14.3,2,0.9255259107256384,0.06054843857141188,0.9997551516122313,0.8191334498300418
286,14.3,3,0.9999887145180532,0.06029173724276682,0.9997551516122313,1.0
286,14.3,4,0.999999993139704,0.0602917088002856,0.9997551516122313,1.0
286,14.3,5,0.9999997484366312,0.06029170941735173,0.9997551516122313,1.0
287,14.350000000000001,0,0.9999999690835224,0.060291572795999386,0.999753741332739,1.0
287,14.350000000000001,1,0.9999984897448531,0.06029157652644868,0.999753741332739,1.0
287,14.350000000000001,2,0.9129361719611253,0.06060890731366378,0.999753741332739,0.7996285230805082
287,14.350000000000001,3,0.9999898430662478,0.06029159833166703,0.9997537413327392,1.0
287,14.350000000000001,4,0.9999999938257336,0.06029157273360733,0.9997537413327392,1.0
287,14.350000000000001,5,0.9999997735929681,0.060291573288965526,0.9997537413327392,1.0
288,14.4,0,0.9999999721751701,0.060291310866320655,0.9997510265716945,1.0
288,14.4,1,0.9999986407703677,0.06029131422370836,0.9997510265716945,1.0
288,14.4,2,0.8996277997003324,0.06067970459156332,0.9997510265716945,0.779852449353196
288,14.4,3,0.999990858759623,0.06029133384822802,0.9997510265716945,1.0
288,14.4,4,0.9999999944431602,0.060291310810168024,0.9997510265716945,1.0
288,14.4,5,0.9999997962336713,0.060291311309988195,0.9997510265716945,1.0
289,14.450000000000001,0,0.9999999749576531,0.060290914283504374,0.9997469161392368,1.0
289,14.450000000000001,1,0.9999987766933309,0.06029091730513176,0.9997469161392368,1.0
289,14.450000000000001,2,0.885648269439381,0.06076256206029077,0.9997469161392368,0.7598324970908188
289,14.450000000000001,3,0.9999917728836607,0.06029093496700909,0.9997469161392368,1.0
289,14.450000000000001,4,0.9999999949988442,0.06029091423296735,0.9997469161392368,1.0
289,14.450000000000001,5,0.9999998166103041,0.060290914682802475,0.9997469161392365,1.0
290,14.5,0,0.9999999774618878,0.06029037362193945,0.9997413123235557,1.0
290,14.5,1,0.9999988990239979,0.06029037634137836,0.9997413123235557,1.0
290,14.5,2,0.871043064988232,0.060859540234173344,0.9997413123235557,0.7395962249278905
290,14.5,3,0.9999925955952946,0.060290392236865324,0.9997413123235557,1.0
290,14.5,4,0.9999999954989598,0.060290373576456543,0.9997413123235557,1.0
290,14.5,5,0.9999998349492737,0.06029037398130452,0.9997413123235557,1.0
291,14.55,0,0.9999999797156991,0.060289678669294,0.9997341092498268,1.0
291,14.55,1,0.9999990091215981,0.060289681116759704,0.9997341092498268,1.0
291,14.55,2,0.85585588642135,0.060973086175560645,0.9997341092498268,0.719171279319412
291,14.55,3,0.9999933360357651,0.0602896954224844,0.9997341092498268,1.0
291,14.55,4,0.9999999959490639,0.06028967862835984,0.9997341092498268,1.0
291,14.55,5,0.9999998514543463,0.06028967899271879,0.9997341092498266,1.0
292,14.600000000000001,0,0.9999999817441292,0.06028881835584269,0.9997251921458239,1.0
292,14.600000000000001,1,0.9999991082094383,0.0602888205585295,0.9997251921458239,1.0
292,14.600000000000001,2,0.8401288137899106,0.06110610175151461,0.9997251921458239,0.6985851601069545
292,14.600000000000001,3,0.9999940024321886,0.06028883343345858,0.9997251921458239,1.0
292,14.600000000000001,4,0.9999999963541575,0.06028881831900248,0.9997251921458239,1.0
292,14.600000000000001,5,0.9999998663089117,0.06028881864692084,0.9997251921458239,1.0
293,14.65,0,0.9999999835697163,0.06028778100884211,0.9997144399763416,1.0
293,14.65,1,0.9999991973884944,0.06028778299122542,0.9997144399763416,1.0
293,14.65,2,0.8239024280239972,0.06126202434978185,0.9997144399763416,0.6778649561307755
293,14.65,3,0.9999946021889697,0.06028779457843028,0.9997144399763416,1.0
293,14.65,4,0.9999999967187417,0.060287780975686496,0.9997144399763416,1.0
293,14.65,5,0.9999998796780205,0.06028778127080793,0.9997144399763416,1.0
294,14.700000000000001,0,0.9999999852127447,0.0602865543091632,0.9997017249912518,1.0
294,14.700000000000001,1,0.9999992776496449,0.06028655609327128,0.9997017249912518,1.0
294,14.700000000000001,2,0.8072158911838735,0.0614449213544308,0.9997017249912518,0.6570370596227599
294,14.700000000000001,3,0.9999951419700728,0.06028656652151761,0.9997017249912518,1.0
294,14.700000000000001,4,0.9993957749234931,0.06028808149861509,0.9997017249912518,0.9939577787662545
294,14.700000000000001,5,0.9999998917102184,0.060286554544927595,0.9997017249912515,1.0
295,14.75,0,0.9999999866914702,0.06028512566345061,0.9996869165803187,1.0
295,14.75,1,0.9999993498846804,0.060285127269109354,0.9996869165803187,1.0
295,14.75,2,0.7901069879432016,0.061659601373642695,0.9996869165803184,0.6361268587771542
295,14.75,3,0.9999956277730655,0.06028513665428769,0.9996869165803187,1.0
295,14.75,4,0.9972950546309067,0.06029202025022244,0.9996869165803187,0.9783885719976286
295,14.75,5,0.9999999025391966,0.06028512587563355,0.9996869165803187,1.0
296,14.8,0,0.9999999880223231,0.06028348278681565,0.9996698873103488,1.0
296,14.8,1,0.9999994148962124,0.06028348423186875,0.9996698873103488,1.0
296,14.8,2,0.772612136193823,0.0619117446067749,0.9996698873103488,0.615158470449415
296,14.8,3,0.999996064995759,0.0602834926782821,0.9996698873103488,1.0
296,14.8,4,0.9937967398344028,0.06029951791682624,0.9996698873103488,0.9623119066658672
296,14.8,5,0.999999912285277,0.06028348297777505,0.9996698873103486,1.0
297,14.850000000000001,0,0.9999999892200908,0.06028161430760615,0.9996505191916251,1.0
297,14.850000000000001,1,0.9999994734065911,0.06028161560811333,0.9996505191916251,1.0
297,14.850000000000001,2,0.7547663724413831,0.06220805519210774,0.9996505191916251,0.5941544986694252
297,14.850000000000001,3,0.9999964584961831,0.06028162320963598,0.9996505191916251,1.0
297,14.850000000000001,4,0.9889918351036672,0.06031062760621398,0.9996505191916252,0.9457476925270467
297,14.850000000000001,5,0.9999999210567493,0.060281614479464306,0.9996505191916252,1.0
298,14.9,0,0.9999999902980817,0.06027951053695564,0.9996287116532195,1.0
298,14.9,1,0.999999526065932,0.060279511707371,0.9996287116532195,1.0
298,14.9,2,0.7366033100242969,0.06255643937249547,0.9996287116532195,0.5731357482705215
298,14.9,3,0.9999968126465648,0.0602795185484915,0.9996287116532195,1.0
298,14.9,4,0.9829643376450865,0.06032552483261023,0.9996287116532195,0.9287168605178602
298,14.9,5,0.9999999289510744,0.06027951069162258,0.9996287116532195,1.0
299,14.950000000000001,0,0.9999999912682735,0.06027784093449038,0.9996114043360329,1.0
299,14.950000000000001,1,0.9999995734593388,0.06027784198783482,0.9996114043360329,1.0
299,14.950000000000001,2,0.7181550756426416,0.06296692049537073,0.9996114043360329,0.5521209662077435
299,14.950000000000001,3,0.9999971313819084,0.06027784814466371,0.9996114043360329,1.0
299,14.950000000000001,4,0.975792045126489,0.06034518229535094,0.9996114043360329,0.9112414124591108
299,14.950000000000001,5,0.9999999360559669,0.06027784107368676,0.9996114043360329,1.0
300,15.0,0,0.9999999921414462,0.06027484095678773,0.999580305399684,1.0
300,15.0,1,0.9999996161134049,0.06027484190475038,0.999580305399684,1.0
300,15.0,2,0.6994516010160647,0.06344864907209076,0.999580305399684,0.5311203293768734
300,15.0,3,0.9999974182437176,0.0602748474456133,0.999580305399684,1.0
300,15.0,4,0.9675476678056787,0.06036825466312347,0.999580305399684,0.8933482719183865
300,15.0,5,0.9999999424503703,0.06027484108205822,0.9995803053996838,1.0
301,15.05,0,0.9999999929273016,0.06027286672182179,0.99955983918936,1.0
301,15.05,1,0.9999996545020644,0.06027286757496011,0.99955983918936,1.0
301,15.05,2,0.6805217963716407,0.06401701574120772,0.9995598391893602,0.5101535545718241
301,15.05,3,0.9999976764193458,0.06027287256156751,0.9995598391893602,1.0
301,15.05,4,0.9582984755816681,0.06039765191343238,0.9995598391893602,0.8750557455655721
301,15.05,5,0.9999999482053332,0.06027286683456158,0.9995598391893602,1.0
302,15.100000000000001,0,0.9999999936345714,0.06026954531374864,0.9995254063402427,1.0
302,15.100000000000001,1,0.999999689051858,0.0602695460815307,0.9995254063402427,1.0
302,15.100000000000001,2,0.6613910654322449,0.06468476528061776,0.9995254063402427,0.48921448697768255
302,15.100000000000001,3,0.9999979087774112,0.060269550569225235,0.9995254063402427,1.0
302,15.100000000000001,4,0.9481077350219845,0.06043168710326222,0.9995254063402427,0.8563910699848316
302,15.100000000000001,5,0.9999999533847999,0.060269545415208826,0.9995254063402427,1.0
303,15.15,0,0.9999999942711142,0.06026722923444733,0.9995013949792461,1.0
303,15.15,1,0.9999997201466722,0.06026722992542454,0.9995013949792461,1.0
303,15.15,2,0.6420839947997242,0.06547232342799401,0.9995013949792461,0.4683203591070384
303,15.15,3,0.9999981178996701,0.06026723396419053,0.9995013949792461,1.0
303,15.15,4,0.9370343730445474,0.06047356920048619,0.9995013949792461,0.8373741152476131
303,15.15,5,0.9999999580463199,0.06026722932575798,0.9995013949792461,1.0
304,15.200000000000001,0,0.9999999948440028,0.06026356353758993,0.9994633906123487,1.0
304,15.200000000000001,1,0.999999748132005,0.06026356415943153,0.9994633906123487,1.0
304,15.200000000000001,2,0.6226214354052565,0.06639830290773326,0.9994633906123487,0.4474584008550468
304,15.200000000000001,3,0.9999983061097031,0.06026356779409668,0.9994633906123487,1.0
304,15.200000000000001,4,0.9251343151321926,0.06052196719573039,0.9994633906123487,0.8180337939209995
304,15.200000000000001,5,0.999999962241688,0.060263563619764524,0.9994633906123487,1.0
305,15.25,0,0.9999999953596025,0.06026086318918513,0.9994353936406623,1.0
305,15.25,1,0.9999997733188045,0.06026086374881743,0.9994353936406623,1.0
305,15.25,2,0.6030236442724908,0.06749007451431238,0.9994353936406623,0.4266435240775988
305,15.25,3,0.9999984754987328,0.06026086701986695,0.9994353936406623,1.0
305,15.25,4,0.9124600401055192,0.06058044890311351,0.9994353936406623,0.7983915648654587
305,15.25,5,0.9999999660175192,0.060260863263138946,0.9994353936406623,1.0
306,15.3,0,0.9999999958236422,0.060256827338911884,0.9993935488345086,1.0
306,15.3,1,0.999999795986924,0.06025682784254718,0.9993935488345086,1.0
306,15.3,2,0.5833070495664746,0.06877442977081806,0.9993935488345086,0.4058576972123286
306,15.3,3,0.9999986279488595,0.060256830786292515,0.9993935488345086,1.0
306,15.3,4,0.8990617771319933,0.06064819042263125,0.9993935488345086,0.7784774103702605
306,15.3,5,0.9999999694157673,0.06025682740546585,0.9993935488345085,1.0
307,15.350000000000001,0,0.999999996241278,0.06025369483754684,0.9993610689921709,1.0
307,15.350000000000001,1,0.9999998163882317,0.060253695290795,0.9993610689921709,1.0
307,15.350000000000001,2,0.5634877339451809,0.07028836135688661,0.9993610689921709,0.3851138933535384
307,15.350000000000001,3,0.9999987651539736,0.060253697940026406,0.9993610689921709,1.0
307,15.350000000000001,4,0.8849870115900373,0.06072922247114781,0.9993610689921709,0.758314121712434
307,15.350000000000001,5,0.9999999724741906,0.06025369489744232,0.999361068992171,1.0
308,15.4,0,0.9991770440667196,0.060251339909473525,0.9993150765698114,0.991770474495693
308,15.4,1,0.9999998347494085,0.06024925970507147,0.9993150765698114,1.0
308,15.4,2,0.5435780071433662,0.07207006930303408,0.9993150765698114,0.3643904659270336
308,15.4,3,0.9999988886385762,0.060249262089202865,0.9993150765698114,1.0
308,15.4,4,0.870281493227926,0.060823438679114106,0.9993150765698114,0.737931827968924
308,15.4,5,0.9999999752267715,0.06024925935108014,0.9993150765698114,1.0
309,15.450000000000001,0,0.9968327290090174,0.060253014219853865,0.9992702001187079,0.9757338934896979
309,15.450000000000001,1,0.9999998512744676,0.060244931945749466,0.9992702001187079,1.0
309,15.450000000000001,2,0.5235900950042052,0.07416905734371018,0.9992702001187079,0.34369888575175545
309,15.450000000000001,3,0.9999989997747186,0.0602449340913125,0.9992702001187079,1.0
309,15.450000000000001,4,0.8549887421873459,0.06093477832693401,0.9992702001187079,0.717353982822124
309,15.450000000000001,5,0.9999999777040943,0.06024493162718018,0.9992702001187079,1.0
310,15.5,0,0.9930629506489953,0.060258818291783485,0.9992278313750967,0.9591349454087958
310,15.5,1,0.9999998661470207,0.06024084620292371,0.9992278313750967,1.0
310,15.5,2,0.5035337508839075,0.07664203027495613,0.9992278313750967,0.3230266538012283
310,15.5,3,0.9999990997972468,0.0602408481337986,0.9992278313750967,1.0
310,15.5,4,0.839150447838528,0.06106637052112483,0.9992278313750971,0.6966057986991667
310,15.5,5,0.9999999799336848,0.060240845916230815,0.9992278313750967,1.0
311,15.55,0,0.9879550660486024,0.06026784782075043,0.9991774958965896,0.9419841046450659
311,15.55,1,0.9999998795323186,0.06023599244032961,0.9991774958965896,1.0
311,15.55,2,0.4834164733407463,0.07955446343272907,0.9991774958965896,0.3023609754522947
311,15.55,3,0.9999991898175221,0.06023599417797626,0.9991774958965896,1.0
311,15.55,4,0.8228072553760145,0.061220735729600025,0.9991774958965896,0.6757185232133938
311,15.55,5,0.9999999819403164,0.0602359921823268,0.9991774958965896,1.0
312,15.600000000000001,0,0.9815894289085259,0.06028136389984006,0.9991298196016659,0.924298694647837
312,15.600000000000001,1,0.9999998915790868,0.06023139532525135,0.9991298196016659,1.0
312,15.600000000000001,2,0.4632449982138852,0.08298636441984139,0.9991298196016659,0.2817017220721357
312,15.600000000000001,3,0.9999992708357699,0.060231396889013404,0.9991298196016659,1.0
312,15.600000000000001,4,0.8059976078872353,0.061403120920903144,0.9991298196016659,0.6547107804882228
312,15.600000000000001,5,0.9999999837462847,0.06023139509306656,0.9991298196016659,1.0
313,15.65,0,0.9740395585281564,0.06029863958156091,0.9990734571717409,0.9060907251048311
313,15.65,1,0.9999999024211781,0.06022596095417561,0.9990734571717409,1.0
313,15.65,2,0.4430239598312468,0.08702929924497692,0.9990734571717407,0.2610346143875013
313,15.65,3,0.9999993437521929,0.060225962361434016,0.9990734571717409,1.0
313,15.65,4,0.7887589122720912,0.06161739038749024,0.9990734571717409,0.6336106517357939
313,15.65,5,0.9999999853716562,0.06022596074522813,0.9990734571717407,1.0
314,15.700000000000001,0,0.9653732996755042,0.06032128521198294,0.9990198575398938,0.8873769700016337
314,15.700000000000001,1,0.9999999121790603,0.06022079325325444,0.9990198575398938,1.0
314,15.700000000000001,2,0.4227577122585372,0.09179458142013422,0.9990198575398938,0.2403614841041506
314,15.700000000000001,3,0.9999994093769736,0.06022079451967794,0.9990198575398938,1.0
314,15.700000000000001,4,0.7711264238280128,0.06187057430891621,0.9990198575398938,0.6124340278313067
314,15.700000000000001,5,0.9999999868344907,0.060220793065217854,0.9990198575398935,1.0
315,15.75,0,0.9556530880199979,0.06034878140984809,0.9989568311449782,0.8681711831204405
315,15.75,1,0.9999999209611542,0.06021471705135723,0.9989568311449782,1.0
315,15.75,2,0.40244865077451597,0.09741041487610366,0.9989568311449782,0.21966709741832452
315,15.75,3,0.9999994684392762,0.06021471819102308,0.9989568311449782,1.0
315,15.75,4,0.7531341490412946,0.062168449469929325,0.9989568311449782,0.5912036759608313
315,15.75,5,0.9999999881510416,0.06021471688214142,0.9989568311449782,1.0
316,15.8,0,0.9449367162728148,0.06038313813178012,0.9988965977152392,0.8484893705481665
316,15.8,1,0.9999999288650387,0.06020891047105157,0.9988965977152392,1.0
316,15.8,2,0.38209938103861574,0.10403203071637676,0.9988965977152392,0.19895595341551342
316,15.8,3,0.9999995215953486,0.06020891149665167,0.9988965977152392,1.0
316,15.8,4,0.7348139172270075,0.06252050141241171,0.9988965977152392,0.5699318308984231
316,15.8,5,0.999528870546175,0.060210098941816795,0.9988965977152392,0.9952888121023747
317,15.850000000000001,0,0.9332777708373259,0.06042413169357725,0.9988261936713458,0.8283472619179257
317,15.850000000000001,1,0.9999999359785349,0.06020212387957629,0.9988261936713458,1.0
317,15.850000000000001,2,0.36171064121581387,0.11183916141603882,0.9988261936713458,0.1782119828105973
317,15.850000000000001,3,0.9999995694358137,0.060202124802512136,0.9988261936713458,1.0
317,15.850000000000001,4,0.7161959023240947,0.06293522305046398,0.9988261936713458,0.5486337681978788
317,15.850000000000001,5,0.9975383314142721,0.06020838349753047,0.9988261936713455,0.9796234792271449
318,15.9,0,0.9207259848922988,0.06047422398927026,0.9987579935566423,0.8077599113870549
318,15.9,1,0.9999999423806814,0.06019555019301107,0.9987579935566423,1.0
318,15.9,2,0.34128383991450845,0.12104865963932128,0.9987579935566423,0.1574426282027595
318,15.9,3,0.9999996124922323,0.060195551023562464,0.9987579935566423,1.0
318,15.9,4,0.6973080718709197,0.06342544862347012,0.9987579935566423,0.5273175977923452
318,15.9,5,0.9941263223231154,0.06021069096978221,0.9987579935566423,0.963418240502705
319,15.950000000000001,0,0.9073278312890414,0.06053374745090635,0.998679465418962,0.7867444488597239
319,15.950000000000001,1,0.9999999481426132,0.06018798156689438,0.998679465418962,1.0
319,15.950000000000001,2,0.32081866887772065,0.131912974615717,0.998679465418962,0.13663212954663068
319,15.950000000000001,3,0.9999996512430092,0.06018798231429651,0.998679465418962,1.0
319,15.950000000000001,4,0.678176315914143,0.06400363556180512,0.998679465418962,0.5059905123031512
319,15.950000000000001,5,0.98938226431066,0.060215878043123984,0.998679465418962,0.9466857421985624
320,16.0,0,0.893126618734756,0.060605181137605074,0.9985967649062734,0.7653157057461862
320,16.0,1,0.9999999533283519,0.06018001144840594,0.9985967649062734,1.0
320,16.0,2,0.300315717589267,0.14473430941657472,0.9985967649062734,0.11578915599318407
320,16.0,3,0.9999996861187083,0.06018001212097869,0.9985967649062734,1.0
320,16.0,4,0.658824228355699,0.06468666623113742,0.9985967649062734,0.484655440329703
320,16.0,5,0.9833888877773311,0.060224727149826095,0.9985967649062734,0.9294484989773706
321,16.05,0,0.8781629927063213,0.06069130354113032,0.998514902781813,0.7434903584504085
321,16.05,1,0.9999999579955167,0.06017212277933313,0.998514902781813,1.0
321,16.05,2,0.27977522399437665,0.15987060567026973,0.998514902781813,0.09491078164036323
321,16.05,3,0.9999997175068375,0.06017212338456916,0.998514902781813,1.0
321,16.05,4,0.6392731655686503,0.06549434108419415,0.998514902781813,0.4633136004852127
321,16.05,5,0.9762224955757343,0.06023803341081392,0.9985149027818131,0.9117249657613624
322,16.1,0,0.8624753677177783,0.06079382143450151,0.9984227732469965,0.7212867428208918
322,16.1,1,0.999999962195965,0.06016324546419328,0.9984227732469965,1.0
322,16.1,2,0.26001098826438973,0.17697668901225289,0.9984227732469965,0.08213286669450781
322,16.1,3,0.9999997457561537,0.06016324600882527,0.9984227732469965,1.0
322,16.1,4,0.6195418006061657,0.06644838267008588,0.9984227732469964,0.44195951594380395
322,16.1,5,0.9679531962349177,0.060255165355737196,0.9984227732469965,0.8935295021675675
323,16.150000000000002,0,0.8460998930511723,0.06091706345071787,0.9983300410639475,0.6987206210517173
323,16.150000000000002,1,0.9999999659763685,0.06015431090804592,0.9983300410639475,1.0
323,16.150000000000002,2,0.24094049519680064,0.19625221644146834,0.9983300410639475,0.06930605758849886
323,16.150000000000002,3,0.9999997711805383,0.06015431139814185,0.9983300410639474,1.0
323,16.150000000000002,4,0.5996465387292629,0.0675769746841069,0.9983300410639474,0.420589181837138
323,16.150000000000002,5,0.9586465223248576,0.06027762984997698,0.9983300410639475,0.8748864571343159
324,16.2,0,0.8290710597242376,0.06106425273509332,0.9982274908583695,0.6758115597818246
324,16.2,1,0.9999999693787317,0.0601444313737843,0.9982274908583695,1.0
324,16.2,2,0.2224838103710939,0.21792115632496356,0.9982274908583695,0.05637364693973339
324,16.2,3,0.9999997940624844,0.060144431814798165,0.9982274908583695,1.0
324,16.2,4,0.5796010516508412,0.06891144054038534,0.9982274908583695,0.39919166794504574
324,16.2,5,0.9483630410874342,0.06030526479447366,0.9982274908583695,0.8558117099506238
325,16.25,0,0.8114215445717563,0.06124116104095184,0.9981228210948272,0.6525759081994252
325,16.25,1,0.9999999724408585,0.0601343486920723,0.9981228210948272,1.0
325,16.25,2,0.20456600997731936,0.24224632589039408,0.9981228210948272,0.04330580643334834
325,16.25,3,0.999999814656236,0.060134349088918196,0.9981228210948272,1.0
325,16.25,4,0.5594167923438228,0.0704910728314897,0.9981228210948272,0.3777584585806568
325,16.25,5,0.9371597799318363,0.060339711947690625,0.9981228210948272,0.8363304295314551
326,16.3,0,0.7931828455985749,0.0614531914863084,0.9980087686401388,0.6290345548399419
326,16.3,1,0.9999999751967726,0.06012336339491575,0.9980087686401388,1.0
326,16.3,2,0.1871221687768178,0.26951673098637025,0.9980087686401388,0.030127597972304087
326,16.3,3,0.9999998331906124,0.060123363752011785,0.9980087686401388,1.0
326,16.3,4,0.5391026226324642,0.07236091920137351,0.9980087686401388,0.3562750952302374
326,16.3,5,0.9250898162724857,0.060381369551000326,0.9980087686401387,0.8164601433383297
327,16.35,0,0.7743850260748953,0.061708133228747325,0.9978887001931168,0.6052046503617791
327,16.35,1,0.9999999776770954,0.06011180000724611,0.9978887001931168,1.0
327,16.35,2,0.17009166295124062,0.30006826453410995,0.9978887001931168,0.01681711052104582
327,16.35,3,0.9999998498715511,0.06011180032857071,0.9978887001931168,1.0
327,16.35,4,0.5186653710134121,0.07457607743682126,0.9978887001931168,0.33473010644194356
327,16.35,5,0.9122035035115712,0.06043189570991969,0.9978887001931168,0.7962266886633405
328,16.400000000000002,0,0.7550571392683523,0.062015249732827016,0.9977642002806734,0.5811061580094644
328,16.400000000000002,1,0.9999999799093858,0.06009981131014645,0.9977642002806734,1.0
328,16.400000000000002,2,0.1534203105098199,0.33428188380447316,0.9977642002806734,0.0033781385370335927
328,16.400000000000002,3,0.999999864884396,0.06009981159928089,0.9977642002806734,1.0
328,16.400000000000002,4,0.4981098025395221,0.07720216834670035,0.9977642002806734,0.3131096862745113
328,16.400000000000002,5,0.8985484107549071,0.06049305404139367,0.9977642002806731,0.77565257594493
329,16.45,0,0.7352275810200731,0.062385215398243155,0.9976307838323204,0.556761556785561
329,16.45,1,0.9999999819184472,0.06008696565813432,0.9976307838323204,1.0
329,16.45,2,0.13807827945883794,0.3700481961573121,0.9976307838323204,0.0
329,16.45,3,0.9999998783959564,0.06008696591829968,0.9976307838323204,1.0
329,16.45,4,0.47743857012123464,0.08031700845709382,0.9976307838323204,0.29139747835664764
329,16.45,5,0.8841693567390458,0.060566351119891934,0.9976307838323203,0.7547578705962941
330,16.5,0,0.7149238088019876,0.06283180770017396,0.9974903017357141,0.5321898588392172
330,16.5,1,0.9999999837266025,0.06007344156617147,0.9974903017357141,1.0
330,16.5,2,0.12427045151295414,0.40619524099928744,0.9974903017357141,0.0
330,16.5,3,0.9999998905563607,0.06007344180026758,0.9974903017357141,1.0
330,16.5,4,0.457074680512352,0.08393303803436278,0.9974903017357141,0.2737996740324083
330,16.5,5,0.8691093231016326,0.06065429818850878,0.9974903017357142,0.7335690203649122
331,16.55,0,0.6941726964517115,0.06337161600622898,0.997342381645411,0.5074126852992269
331,16.55,1,0.9999999853539422,0.06005920348404301,0.997342381645411,1.0
331,16.55,2,0.11184340636165872,0.44230197101877106,0.997342381645411,0.0
331,16.55,3,0.9999999015007247,0.060059203694679555,0.997342381645411,1.0
331,16.55,4,0.4379375815177349,0.08791143482342649,0.997342381645411,0.2657036905661806
331,16.55,5,0.8534093824889422,0.06075966033748513,0.997342381645411,0.7121099169747276
332,16.6,0,0.6730006422641812,0.06402495678272262,0.9971867528385235,0.4824521545764083
332,16.6,1,0.999999986818548,0.060044225677743236,0.9971867528385235,1.0
332,16.6,2,0.10065906572549285,0.47798993360527264,0.9971867528385235,0.0
332,16.6,3,0.9999999113506522,0.06004422586726885,0.9971867528385235,1.0
332,16.6,4,0.4198971833434916,0.09226143605449647,0.9971867528385235,0.25753359977530177
332,16.6,5,0.8371089266082382,0.060885773861736214,0.9971867528385235,0.6904048236819025
333,16.650000000000002,0,0.6514540339783211,0.06481587623816569,0.9970231991743215,0.4575345594055803
333,16.650000000000002,1,0.9999999881366931,0.060028487698088794,0.9970231991743215,1.0
333,16.650000000000002,2,0.09059315915294357,0.5129300324656102,0.9970231991743215,0.0
333,16.650000000000002,3,0.999999920215587,0.06002848786861713,0.9970231991743215,1.0
333,16.650000000000002,4,0.4028341998825518,0.09699398699990382,0.9970231991743215,0.24926734873409417
333,16.650000000000002,5,0.8202458634119293,0.06103665258356426,0.9970231991743215,0.6684782946451482
334,16.7,0,0.6310257294672357,0.06570345899532479,0.9968515344615131,0.4471709888674673
334,16.7,1,0.9999999893230238,0.0600119720085595,0.9968515344615131,1.0
334,16.7,2,0.08153384323764921,0.5468456606318137,0.9968515344615131,0.0
334,16.7,3,0.9999999281940283,0.06001197216199273,0.9968515344615128,1.0
334,16.7,4,0.3866392225164362,0.102122628259445,0.9968515344615131,0.24088442622139566
334,16.7,5,0.8028567828378192,0.06121711844349286,0.9968515344615131,0.6463550576708286
335,16.75,0,0.6115911890383865,0.06669439587384178,0.9966717082670976,0.43668032517874333
335,16.75,1,0.9999999903907214,0.059994674161420694,0.9966717082670976,1.0
335,16.75,2,0.0733804589138843,0.5795129816040273,0.9966717082670976,0.0
335,16.75,3,0.9999999353746254,0.05999467429947084,0.9966717082670978,1.0
335,16.75,4,0.37121190848432645,0.10766436305355448,0.9966717082670976,0.232366082195339
335,16.75,5,0.784977091411845,0.06143297115216414,0.9966717082670976,0.6240598685780762
336,16.8,0,0.5930382733612386,0.06779613757593185,0.9964838180301818,0.4260620322669072
336,16.8,1,0.9999999913516493,0.059976603951798144,0.9964838180301818,1.0
336,16.8,2,0.06604241302249587,0.6107588851708187,0.9964838180301818,0.0
336,16.8,3,0.9999999418371629,0.05997660407600584,0.9964838180301818,1.0
336,16.8,4,0.3564602731659908,0.11364046265916374,0.9964838180301818,0.2236955553009703
336,16.8,5,0.7666411202437035,0.06169117991386827,0.9964838180301818,0.6016173797304292
337,16.85,0,0.5752661339493805,0.06901704752069648,0.9962880246724756,0.4153168792426576
337,16.85,1,0.9999999922164844,0.05995777729035077,0.9962880246724756,1.0
337,16.85,2,0.05943817172024629,0.640457240103048,0.9962880246724756,0.0
337,16.85,3,0.9999999476534466,0.059957777402102605,0.9962880246724756,1.0
337,16.85,4,0.34230006887106246,0.12007720491941647,0.9962880246724756,0.21485823021670666
337,16.85,5,0.7478822069457604,0.062000102487218184,0.9962880246724756,0.5790519872642721
338,16.900000000000002,0,0.5581842101517501,0.07036656102752549,0.9960845529160176,0.40444689597307615
338,16.900000000000002,1,0.999999992994836,0.05993821622682196,0.9960845529160176,1.0
338,16.900000000000002,2,0.05349435454822166,0.6685241886938856,0.9960845529160176,0.0
338,16.900000000000002,3,0.999999952888102,0.059938216327365804,0.9960845529160177,1.0
338,16.900000000000002,4,0.32865422751275,0.12700658720352273,0.9960845529160177,0.20584165528793763
338,16.900000000000002,5,0.7287327490625514,0.062369756136544,0.9960845529160177,0.5563876281136703
339,16.95,0,0.541711319915644,0.07185534197406838,0.9958736893092776,0.39345530779068866
339,16.95,1,0.99924442414736,0.059919847988333004,0.9958736893092776,0.9924443045200757
339,16.95,2,0.0481449190933995,0.6949128986055279,0.9958736893092776,0.0
339,16.95,3,0.9999999575992917,0.059917948843083955,0.9958736893092776,1.0
339,16.95,4,0.31545235500115343,0.1344670164069159,0.9958736893092776,0.1966355023967843
339,16.95,5,0.7092242306759111,0.06281213991981278,0.9958736893092773,0.5336475651961489
340,17.0,0,0.5257748327612094,0.07349543784119272,0.9956557779186239,0.3823464483712978
340,17.0,1,0.9969597415264129,0.059904718145740964,0.9956557779186239,0.976397597937888
340,17.0,2,0.04333042718405955,0.7196081501769748,0.9956557779186239,0.0
340,17.0,3,0.9999999618393626,0.059897008460095935,0.9956557779186239,1.0
340,17.0,4,0.30263026734775317,0.14250399553723592,0.9956557779186239,0.18723147846715094
340,17.0,5,0.6893872243035934,0.06334161763538786,0.9956557779186239,0.5108541669527343
341,17.05,0,0.510309914491761,0.07530043471773859,0.9954312137453488,0.3711256500667258
341,17.05,1,0.9932421981517527,0.059892822728408616,0.9954312137453488,0.9597843077798118
341,17.05,2,0.038997384465653595,0.7426210395580899,0.9954312137453486,0.0
341,17.05,3,0.9999999656554263,0.059875433568165076,0.9954312137453486,1.0
341,17.05,4,0.2901295604210216,0.15117082922714464,0.9954312137453486,0.17762319808043756
341,17.05,5,0.6692513706983687,0.06397537239859233,0.9954312137453488,0.4880286882513458
342,17.1,0,0.49525883420762096,0.07728561433349238,0.9952004340305584,0.35979911165036044
342,17.1,1,0.9881798761755309,0.059884300645790894,0.9952004340305584,0.9426189783895345
342,17.1,2,0.035097646019088234,0.7639839922017543,0.9952004340305584,0.0
342,17.1,3,0.9999999690898836,0.05985326659293052,0.9952004340305584,1.0
342,17.1,4,0.2778972070014697,0.16052937234086986,0.9952004340305584,0.16780602622550234
342,17.1,5,0.6488453396356545,0.06473394576499496,0.9952004340305584,0.46519106007122657
343,17.150000000000002,0,0.480570325236066,0.079468115573296,0.9949639077065934,0.3483737444920716
343,17.150000000000002,1,0.9818535334697197,0.05987942424830694,0.9949639077065934,0.9249164491174184
343,17.150000000000002,2,0.031587881417179414,0.783746209957102,0.9949639077065934,0.0
343,17.150000000000002,3,0.9999999721808953,0.05983055297576377,0.9949639077065934,1.0
343,17.150000000000002,4,0.26588517624697167,0.1706508470636982,0.9949639077065934,0.15777689945648915
343,17.150000000000002,5,0.6281967752064562,0.06564187662121304,0.9949639077065934,0.4423596953436717
344,17.2,0,0.46619899266494946,0.0818671032504878,0.9947221233546467,0.3368569995249005
344,17.2,1,0.9743373648097188,0.059878597842084616,0.9947221233546467,0.9066918468697102
344,17.2,2,0.028429093275461472,0.8019696186114993,0.9947221233546467,0.0
344,17.2,3,0.9999999749628058,0.05980734001152838,0.9947221233546467,1.0
344,17.2,4,0.2540500719096797,0.18161675483380404,0.9947221233546467,0.14753413287405195
344,17.2,5,0.6073322294693905,0.06672845780130533,0.9947221233546467,0.4195513178357991
345,17.25,0,0.45210476128538873,0.08450394722256774,0.9944755761074212,0.3252566788693424
345,17.25,1,0.9656996868109454,0.0598823630816134,0.9944755761074212,0.8879605848219847
345,17.25,2,0.025586183947915325,0.8187253401381998,0.9944755761074213,0.0
345,17.25,3,0.9999999774665252,0.059783675586776365,0.9944755761074212,1.0
345,17.25,4,0.24235278666825352,0.19351991049668493,0.9944755761074213,0.1370772194954178
345,17.25,5,0.5862770885242607,0.06802863164537908,0.9944755761074212,0.3967808200180939
346,17.3,0,0.4382523589000384,0.08740241524718793,0.9942247539940768,0.31358073743188486
346,17.3,1,0.9560035548082555,0.05989141083697027,0.9942247539940768,0.8687383667840466
346,17.3,2,0.023027565553123793,0.8340906833209266,0.994224753994077,0.0
346,17.3,3,0.9999999797198728,0.05975960686642632,0.994224753994077,1.0
346,17.3,4,0.23075817078172778,0.2064656273929238,0.9942247539940768,0.12640662780299614
346,17.3,5,0.5650554951268256,0.06958404960657576,0.9942247539940768,0.37406115454991007
347,17.35,0,0.4246108311084941,0.09058888332172664,0.9939701242537048,0.3018370809845954
347,17.35,1,0.9453073189903889,0.05990659964811118,0.9939701242537048,0.8490411966295901
347,17.35,2,0.020724808997811414,0.8481466257530381,0.9939701242537048,0.0
347,17.35,3,0.9999999817478855,0.059735178979630335,0.9939701242537048,1.0
347,17.35,4,0.2192347139611305,0.22057308393807162,0.9939701242537048,0.11552360257575493
347,17.35,5,0.5439290067340697,0.07142138806372268,0.9939701242537047,0.35379061119926625
348,17.400000000000002,0,0.41115308479478474,0.09409256810388168,0.9937121232346401,0.29003336797139995
348,17.400000000000002,1,0.9336651263003831,0.05992898160782675,0.9937121232346401,0.8288853920903302
348,17.400000000000002,2,0.018652328098030274,0.8609757516528802,0.9937121232346401,0.0
348,17.400000000000002,3,0.9999999835730969,0.059710434051829554,0.9937121232346401,1.0
348,17.400000000000002,4,0.20775423991459602,0.23597690596017115,0.9937121232346401,0.10442997349578569
348,17.400000000000002,5,0.5238913398555046,0.0734770536673844,0.9937121232346401,0.34355233794841855
349,17.45,0,0.397855458874837,0.09794579968077247,0.9934512372314871,0.27817682559530726
349,17.45,1,0.921127373919757,0.059959844980623796,0.9934512372314871,0.8082876024941203
349,17.45,2,0.016787095288227246,0.8726607209503972,0.9934512372314871,0.0
349,17.45,3,0.9999999852157873,0.05968541895708244,0.9934512372314871,1.0
349,17.45,4,0.1962916141435635,0.2528290360667495,0.9934512372314871,0.09312798220427077
349,17.45,5,0.5048361274745349,0.07576371877376838,0.9934512372314871,0.3333392160458074
350,17.5,0,0.38469732991028277,0.10218430416556144,0.9931879497415027,0.2662741692292948
350,17.5,1,0.9077411210018689,0.06000075325529757,0.9931879497415027,0.7872648447408757
350,17.5,2,0.015108385759404522,0.8832829119586614,0.9931879497415027,0.0
350,17.5,3,0.9999999866942085,0.05966018025506492,0.9931879497415027,1.0
350,17.5,4,0.18482448503186216,0.27130081739285405,0.9931879497415027,0.08162032302655006
350,17.5,5,0.48666761670167,0.07829473537782346,0.9931879497415026,0.32315101974588645
351,17.55,0,0.37166074520611203,0.10684751873122336,0.9929226858883009,0.25433148286857526
351,17.55,1,0.8935504628036857,0.060053594918505884,0.9929226858883009,0.7658345390200365
351,17.55,2,0.01359754718346407,0.8929213580494695,0.9929226858883008,0.0
351,17.55,3,0.9999999880247876,0.059634758864781534,0.9929226858883009,1.0
351,17.55,4,0.17333304544812728,0.2915853750373048,0.9929226858883009,0.06991008919451325
351,17.55,5,0.46929960468286447,0.08108432778452855,0.9929226858883009,0.3129874965136142
352,17.6,0,0.35873007845164484,0.11197895449201824,0.9926558038203211,0.24235407766143996
352,17.6,1,0.8785968704282406,0.060120650971264046,0.9926558038203211,0.7440145390492348
352,17.6,2,0.012237792465117664,0.9016520050775865,0.9926558038203211,0.0
352,17.6,3,0.9999999892223088,0.059609189247080356,0.9926558038203211,1.0
352,17.6,4,0.16179980407534628,0.3139003771293147,0.9926558038203211,0.05800063172031713
352,17.6,5,0.45265447329558434,0.08414778717615465,0.9926558038203214,0.3028482908100634
353,17.650000000000002,0,0.34589170886026105,0.11762660766155104,0.9923875881982015,0.23034638253780643
353,17.650000000000002,1,0.8629194994684454,0.060204678669548685,0.9923875881982015,0.7218231608302879
353,17.650000000000002,2,0.011014013218605899,0.9095471866717993,0.9923875881982015,0.0
353,17.650000000000002,3,0.9999999903000779,0.05958349878887874,0.9923875881982015,1.0
353,17.650000000000002,4,0.1502093672386713,0.3384912149362529,0.9923875881982015,0.045895435708596465
353,17.650000000000002,5,0.4366623125035408,0.08750166314579384,0.9923875881982015,0.2927328653751492
354,17.7,0,0.3331337248145102,0.12384342646770624,0.9921182457860879,0.21831186840275238
354,17.7,1,0.8465554702751775,0.06030901497036265,0.9921182457860879,0.6992792075357668
354,17.7,2,0.009912611896745308,0.916675279053865,0.9921182457860879,0.0
354,17.7,3,0.9999999912700701,0.05955770739010561,0.9921182457860879,1.0
354,17.7,4,0.13854823207613806,0.3656346641352275,0.9921182457860879,0.03359801561333882
354,17.7,5,0.42126012360445,0.09116395381364426,0.9921182457860879,0.2826404235126323
355,17.75,0,0.3204456528615608,0.13068784214272872,0.9918479030414392,0.20625300528501594
355,17.75,1,0.8295401220233058,0.06043770397154102,0.9918479030414392,0.6764019877564604
355,17.75,2,0.008921350707070778,0.9231005015051793,0.9918479030414392,0.0
355,17.75,3,0.998478611491977,0.05953563848864148,0.9918479030414392,0.9847861934891387
355,17.75,4,0.1268045918990913,0.3956430984958474,0.9918479030414392,0.02111183030567041
355,17.75,5,0.4063910948119762,0.095154297336135,0.9918479030414392,0.2725698356797122
356,17.8,0,0.307818212578654,0.13822437328214382,0.9915766054983733,0.1941712500324929
356,17.8,1,0.8119072422192013,0.060595653610574264,0.9915766054983733,0.6532113239822597
356,17.8,2,0.0080292156363637,0.9288828330158062,0.9915766054983733,0.0
356,17.8,3,0.9954688649008622,0.05951734684404595,0.9915766054983733,0.9683811455808273
356,17.8,4,0.11496815452921871,0.4288693378449691,0.9915766054983733,0.00844021820036538
356,17.8,5,0.392003942662161,0.09949416852353027,0.9915766054983733,0.26251957331382386
357,17.85,0,0.29524309739752636,0.14652431401687277,0.9913043186719701,0.18206706076737725
357,17.85,1,0.7936892727873429,0.060788828073175455,0.9913043186719701,0.6297275479006169
357,17.85,2,0.0072262940727273305,0.9340780198583877,0.9913043186719701,0.0
357,17.85,3,0.9910631619314767,0.0595028572746474,0.9913043186719701,0.9514118352070071
357,17.85,4,0.10347133907629684,0.46427928431300697,0.9913043186719701,0.0
357,17.85,5,0.37805231362923386,0.10420708494803578,0.9913043186719701,0.25248765233288967
358,17.900000000000002,0,0.2827127810012485,0.1556665322035106,0.9910309876589452,0.16993993343474792
358,17.900000000000002,1,0.7749174933990817,0.06102448944322547,0.9910309876589452,0.6059714789047295
358,17.900000000000002,2,0.006503664665454598,0.93873773953137,0.9910309876589452,0.0
358,17.900000000000002,3,0.985346196402344,0.05949232662644238,0.9910309876589452,0.9338935066401497
358,17.900000000000002,4,0.09312420516866715,0.49902071500057754,0.9910309876589452,0.0
358,17.900000000000002,5,0.3644942410877916,0.1093188375120992,0.9910309876589452,0.24247158821481074
359,17.95,0,0.27022035259120175,0.16573839395562162,0.9907566547083073,0.15778849690078084
359,17.95,1,0.7556221832012094,0.06131149836098601,0.9907566547083073,0.5819643914203587
359,17.95,2,0.005853298198909138,0.9429099054176013,0.9907566547083074,0.0
359,17.95,3,0.978395758146883,0.059486050779089014,0.9907566547083073,0.9158418138477332
359,17.95,4,0.08381178465180043,0.5328077198346473,0.9907566547083073,0.0
359,17.95,5,0.3512916598913815,0.11485775129813833,0.9907566547083073,0.2324684291236907
360,18.0,0,0.25775938689348254,0.17683674367487526,0.9904813320523324,0.1456106956140097
360,18.0,1,0.7358327645065394,0.06166065568160599,0.9904813320523324,0.5577279962545092
360,18.0,2,0.005267968379018224,0.9466386384451704,0.9904813320523324,0.0
360,18.0,3,0.9702834650502911,0.059484455710391085,0.9904813320523324,0.8972728271809635
360,18.0,4,0.0754306061866204,0.5654068675414672,0.9904813320523324,0.0
360,18.0,5,0.33840998708904735,0.12085491985209601,0.9904813320523322,0.2224749318680394
361,18.05,0,0.24532383504332395,0.18906904129642133,0.9902049878745971,0.13340386839189655
361,18.05,1,0.7155779250042351,0.062085134292489616,0.9902049878745971,0.5332843694834953
361,18.05,2,0.004741171541116402,0.9499644303221264,0.9902049878745971,0.0
361,18.05,3,0.961075422868126,0.059488106091897586,0.9902049878745971,0.8782030432286401
361,18.05,4,0.06788754556795835,0.5966355611172339,0.9902049878745971,0.0
361,18.05,5,0.32581774605866504,0.12734447919735717,0.9902049878745972,0.2124875767852239
362,18.1,0,0.23290793327249473,0.20255465667839867,0.9899275469721206,0.12116481733503193
362,18.1,1,0.6948857170418986,0.06260100889062627,0.9899275469721206,0.50865584538087
362,18.1,2,0.004267054387004763,0.9529243440319104,0.9899275469721206,0.0
362,18.1,3,0.9508328203953317,0.059497721797016345,0.9899275469721206,0.858649398140183
362,18.1,4,0.06109879101116252,0.6263586629362221,0.9899275469721206,0.0
362,18.1,5,0.3134862281277632,0.13436391283472218,0.9899275469721208,0.20250256674964637
363,18.150000000000002,0,0.22050612764658573,0.21742633926024849,0.9896488917447758,0.10888987701340476
363,18.150000000000002,1,0.6737836333077047,0.06322790332975511,0.9896488917447758,0.4838648796999599
363,18.150000000000002,2,0.0038403489483042866,0.9555522229037808,0.9896488917447758,0.0
363,18.150000000000002,3,0.9396124668724221,0.05951420121594101,0.9896488917447758,0.8386292851662356
363,18.150000000000002,4,0.05498891191004627,0.654483981440505,0.9896488917447757,0.0
363,18.150000000000002,5,0.3013891885098253,0.14195439061187548,0.9896488917447757,0.19251583194838418
364,18.2,0,0.20811301305705077,0.23383188746669478,0.9893688633845555,0.09657498175123606
364,18.2,1,0.6522986583120784,0.063989780971195,0.9893688633845555,0.45893388335144064
364,18.2,2,0.003456314053473858,0.9578789024519706,0.9893688633845555,0.0
364,18.2,3,0.9274672777049663,0.059538652040579045,0.9893688633845555,0.8181605751978636
364,18.2,4,0.04949002071904164,0.6809571243673616,0.9893688633845555,0.0
364,18.2,5,0.2895025737178771,0.15016114688933344,0.9893688633845555,0.18252304059034258
365,18.25,0,0.19572328469375844,0.2519360460444221,0.989087263138805,0.08421572942412751
365,18.25,1,0.6304572952944214,0.06491590882878225,0.989087263138805,0.4338850281355078
365,18.25,2,0.0031106826481264722,0.9599324205094916,0.989087263138805,0.0
365,18.25,3,0.9144467138060304,0.05957243057252279,0.9890872631388047,0.7972616387156075
365,18.25,4,0.04454101864713748,0.705756119218555,0.989087263138805,0.0
365,18.25,5,0.2778042778870266,0.15903390374278262,0.989087263138805,0.1725196154093723
366,18.3,0,0.18333170029836487,0.2719226638316802,0.9888038535318676,0.07180744073982268
366,18.3,1,0.6082855685612873,0.06604203277597591,0.9888038535318676,0.4087400279630805
366,18.3,2,0.002799614383313825,0.9617382222867256,0.9888038535318676,0.0
366,18.3,3,0.9005971791392932,0.059617191012542065,0.9888038535318676,0.7759513671386578
366,18.3,4,0.04008691678242373,0.7288861015665726,0.9888038535318676,0.0
366,18.3,5,0.2662739256518625,0.16862734532451204,0.9888038535318676,0.162500755535385
367,18.35,0,0.17093305161604078,0.2939971494658597,0.9885183594460311,0.05934521347512387
367,18.35,1,0.5858090017849069,0.06741180893086615,0.9885183594460311,0.3835199007974833
367,18.35,2,0.0025196529449824424,0.9633193578925482,0.9885183594460311,0.0
367,18.35,3,0.8859623803356873,0.05967494663646606,0.9885183594460311,0.754249191103234
367,18.35,4,0.036078225104181356,0.7503742826783916,0.9885183594460311,0.0
367,18.35,5,0.25489267939232674,0.17900164997996576,0.9885183594460311,0.15246146305650504
368,18.400000000000002,0,0.158522143611431,0.3183892683316285,0.9882304689824783,0.04682397156994291
368,18.400000000000002,1,0.5630525734270916,0.0690785458641846,0.9882304689824783,0.3582447182067543
368,18.400000000000002,2,0.002267687650484198,0.9646966705945456,0.9882304689824783,0.0
368,18.400000000000002,3,0.8705836515739397,0.059748145272742616,0.9882304689824783,0.7321750927182118
368,18.400000000000002,4,0.03247040259376322,0.7702653330811607,0.9882304689824783,0.0
368,18.400000000000002,5,0.243643068792148,0.19022308730053666,0.9882304689824783,0.1423965733905394
369,18.45,0,0.14609378018295263,0.34535633075842825,0.9879398340439539,0.0342385093266472
369,18.45,1,0.5400406511612273,0.07110732387753384,0.9879398340439539,0.33293335076844943
369,18.45,2,0.0020409188854357786,0.9658889746898375,0.9879398340439539,0.0
369,18.45,3,0.8545002472541976,0.059839762094438954,0.9879398340439539,0.7097496083765187
369,18.45,4,0.0292233623343869,0.7886172588619604,0.9879398340439539,0.0
369,18.45,5,0.23250884075610667,0.20236468801310573,0.9879398340439541,0.1323007884317345
370,18.5,0,0.13364275528732728,0.37518682922396046,0.9876460706012019,0.021583531226698937
370,18.5,1,0.5167969078911155,0.07357757176544547,0.9876460706012019,0.307603218460109
370,18.5,2,0.0018368269968922007,0.9669132223309646,0.9876460706012019,0.0
370,18.5,3,0.837749604357467,0.05995341344762621,0.987646070601202,0.6869938182868913
370,18.5,4,0.02630102610094821,0.8054978018703662,0.987646070601202,0.0
370,18.5,5,0.22147482781467964,0.21550699548473073,0.9876460706012019,0.1221687113418362
371,18.55,0,0.12116384856449057,0.40820459126274905,0.9873487586236562,0.008853688058960075
371,18.55,1,0.49334422265063194,0.07658619882380412,0.9873487586236562,0.2822700554862794
371,18.55,2,0.0016531442972029806,0.9677846590215844,0.9873487586236562,0.0
371,18.55,3,0.8203675757806186,0.060093496286720824,0.9873487586236562,0.6639293185889823
371,18.55,4,0.02367092349085339,0.8209813618885463,0.9873487586236562,0.0
371,18.55,5,0.21052683321451626,0.2297389086837921,0.9873487586236562,0.11199488181304602
372,18.6,0,0.10904746370804151,0.4435536951512854,0.9870474416705908,0.0
372,18.6,1,0.46970457025406065,0.08025140117628093,0.9870474416705908,0.25694769868491896
372,18.6,2,0.0014878298674826827,0.9685169677813685,0.9870474416705908,0.0
372,18.6,3,0.8023886353818706,0.060265358807766234,0.9870474416705908,0.6405781717931385
372,18.6,4,0.02130383114176805,0.8351464161881136,0.9870474416705908,0.0
372,18.6,5,0.19965153095733348,0.24515862771599867,0.9870474416705908,0.10177381064268864
373,18.650000000000002,0,0.09814271733723737,0.4783937074771039,0.9867416825485568,0.0
373,18.650000000000002,1,0.44589890400296106,0.08471729544275769,0.9867416825485568,0.2316479077430645
373,18.650000000000002,2,0.0013390468807344144,0.9691224903402719,0.9867416825485568,0.0
373,18.650000000000002,3,0.783846054985488,0.060475514601935766,0.9867416825485565,0.6169628314180444
373,18.650000000000002,4,0.019173448027591248,0.8480734747406939,0.9867416825485568,0.0
373,18.650000000000002,5,0.18883637911376203,0.26187473839628667,0.9867416825485568,0.09150001252161885
374,18.7,0,0.08832844560351363,0.5124142089380223,0.9864312662695519,0.0
374,18.7,1,0.4230878848546963,0.08987381223901034,0.9864312662695519,0.2177887125203129
374,18.7,2,0.001205142192660973,0.9696126688249577,0.9864312662695519,0.0
374,18.7,3,0.7647720536126247,0.06073191773847281,0.9864312662695519,0.5931060412568543
374,18.7,4,0.017256103224832123,0.8598436584441997,0.9864312662695519,0.0
374,18.7,5,0.17806954832568495,0.2800074968533239,0.9864312662695519,0.08116807123299133
375,18.75,0,0.07949560104316228,0.5453569659595249,0.9861160522272631,0.0
375,18.75,1,0.4014216159586425,0.09572385687514581,0.9861160522272631,0.20642519589415836
375,18.75,2,0.0010846279733948759,0.9699979296424669,0.9861160522272631,0.0
375,18.75,3,0.7451979220262622,0.06104426040436944,0.9861160522272631,0.5690307377489996
375,18.75,4,0.01553049290234891,0.8705371669129275,0.9861160522272631,0.0
375,18.75,5,0.16733987572171244,0.2996900992328471,0.9861160522272631,0.07077282228596005
376,18.8,0,0.07154604093884605,0.5770154468266417,0.9857959707109717,0.0
376,18.8,1,0.3807866557483661,0.10232054026325414,0.9857959707109717,0.19507201385587897
376,18.8,2,0.0009761651760553883,0.9702877827991206,0.9857959707109719,0.0
376,18.8,3,0.7251541224367792,0.061424353327454016,0.9857959707109717,0.544759926131432
376,18.8,4,0.01397744361211402,0.8802322436597576,0.9857959707109719,0.0
376,18.8,5,0.1566368278845726,0.321070151483266,0.9857959707109719,0.06030939735031389
377,18.85,0,0.06439143684496144,0.6072321908490177,0.9854709328256804,0.0
377,18.85,1,0.36108061685641357,0.10972057256346612,0.9854709328256804,0.18372626682884033
377,18.85,2,0.0008785486584498495,0.9704907766510554,0.9854709328256802,0.0
377,18.85,3,0.7046703651057267,0.061886581223657464,0.9854709328256802,0.520316549126253
377,18.85,4,0.012579699250902618,0.8890042801390929,0.9854709328256804,0.0
377,18.85,5,0.14595046919685398,0.3443112629523844,0.9854709328256804,0.04977324100738656
378,18.900000000000002,0,0.0579522931604653,0.6358948152703421,0.9851408249813609,0.0
378,18.900000000000002,1,0.34221105036287036,0.11798508611523242,0.9851408249813609,0.1723849519209814
378,18.900000000000002,2,0.0007906937926048645,0.9706145765711097,0.9851408249813609,0.0
378,18.900000000000002,3,0.6837756576270844,0.06244846807759559,0.9851408249813609,0.49572329031930296
378,18.900000000000002,4,0.011321729325812357,0.8969252553139084,0.9851408249813609,0.0
378,18.900000000000002,5,0.13527143458492155,0.3695948623658551,0.9851408249813609,0.03916012307752972
379,18.95,0,0.052157063844418775,0.6629311541964226,0.9848055058778223,0.0
379,18.95,1,0.32409444069964743,0.12718050866052474,0.9848055058778223,0.16104495373064082
379,18.95,2,0.000711624413344378,0.9706660399342464,0.9848055058778223,0.0
379,18.95,3,0.6624983267379179,0.0631313661443185,0.9848055058778223,0.47100234873541846
379,18.95,4,0.010189556393231122,0.9040633613255715,0.9848055058778223,0.0
379,18.95,5,0.1245909057753288,0.3971222274520252,0.9848055058778223,0.02846614648899397
380,19.0,0,0.0469413574599769,0.6883039783351472,0.9844648037015912,0.0
380,19.0,1,0.30665530008625635,0.13737948584705179,0.9844648037015912,0.1497030345657361
380,19.0,2,0.0006404619720099402,0.9706512844011649,0.9844648037015912,0.0
380,19.0,3,0.6408660130776721,0.06396129498418231,0.9844648037015912,0.4461751901354609
380,19.0,4,0.00917060075390801,0.9104827775652201,0.9844648037015911,0.0
380,19.0,5,0.11390059031349217,0.42711675349785805,0.9844648037015912,0.017687751156962507
381,19.05,0,0.04224722171397921,0.7120056435018104,0.9841185135143848,0.0
381,19.05,1,0.2898253526020844,0.1486618569457503,0.9841185135143848,0.1383558252445372
381,19.05,2,0.0005764157748089462,0.970575750000887,0.9841185135143848,0.0
381,19.05,3,0.6189056399193517,0.06496996278095929,0.9841185135143848,0.4212622814944681
381,19.05,4,0.00825354067851721,0.9162435631652336,0.9841185135143848,0.0
381,19.05,5,0.10319270272380135,0.4598264903819599,0.9841185135143848,0.0068217144165839015
382,19.1,0,0.038022499542581294,0.7340529212187166,0.983766394802799,0.0
382,19.1,1,0.2735427990949472,0.16111569180011406,0.983766394802799,0.12699981753071227
382,19.1,2,0.0005187741973280516,0.9704442554760219,0.983766394802799,0.0
382,19.1,3,0.5966433576087762,0.06619600920424294,0.983766394802799,0.39628281681359734
382,19.1,4,0.0074281866106654885,0.9214016423078343,0.983766394802799,0.0
382,19.1,5,0.09287343245142121,0.4940835851831975,0.983766394802799,0.0
383,19.150000000000002,0,0.03422024958832316,0.7544822634571472,0.9834082351529246,0.0
383,19.150000000000002,1,0.25775165509461806,0.17483841922046187,0.9834082351529246,0.11563135909165538
383,19.150000000000002,2,0.0004668967775952465,0.9702611528040356,0.9834082351529246,0.0
383,19.150000000000002,3,0.5741044662158761,0.06768652492679723,0.9834082351529249,0.37125444367977434
383,19.150000000000002,4,0.00668536794959894,0.9260089595443056,0.9834082351529249,0.0
383,19.150000000000002,5,0.0835860892062791,0.5273777502762458,0.9834082351529249,0.0
384,19.200000000000003,0,0.030798224629490847,0.77334559114757,0.9830439566682974,0.0
384,19.200000000000003,1,0.24240115980519472,0.18993806029939483,0.9830439566682974,0.10424670220038443
384,19.200000000000003,2,0.00042020709983572185,0.9700305436790948,0.9830439566682974,0.0
384,19.200000000000003,3,0.5513133208609972,0.06949890498681856,0.9830439566682974,0.3461930126670866
384,19.200000000000003,4,0.006016831154639046,0.9301137553008343,0.9830439566682975,0.0
384,19.200000000000003,5,0.07522748028565118,0.5594791400181959,0.9830439566682974,0.0
385,19.25,0,0.027718402166541763,0.7907062838096223,0.9826734678007565,0.0
385,19.25,1,0.22744525859472153,0.2065344812228892,0.9826734678007565,0.09284214770046298
385,19.25,2,0.00037818638985214967,0.9697560921073306,0.9826734678007565,0.0
385,19.25,3,0.528293229412655,0.07170307449491158,0.9826734678007565,0.3211124063775753
385,19.25,4,0.005415148039175141,0.9337604988668576,0.9826734678007565,0.0
385,19.25,5,0.06770473225708606,0.59020826170466,0.9826734678007565,0.0
386,19.3,0,0.024946561949887588,0.8066358319805577,0.9822966437149434,0.0
386,19.3,1,0.2128421394069138,0.22476078187556636,0.9822966437149434,0.08141406671664413
386,19.3,2,0.0003403677508669347,0.9694410342720006,0.9822966437149434,0.0
386,19.3,3,0.5050663426291131,0.0743842147220401,0.9822966437149434,0.29602436157723533
386,19.3,4,0.004873633235257627,0.936990036153219,0.9822966437149434,0.0
386,19.3,5,0.06093425903137746,0.619432573271925,0.9822966437149434,0.0
387,19.35,0,0.02245190575489883,0.8212110174765547,0.9819133224853588,0.0
387,19.35,1,0.19855381618492882,0.24476481718988838,0.9819133224853588,0.06995890718706406
387,19.35,2,0.0003063309757802412,0.9690882093961075,0.9819133224853588,0.0
387,19.35,3,0.4816535399556965,0.07764608611103244,0.9819133224853588,0.2709383158949469
387,19.35,4,0.004386269911731864,0.9398397780132152,0.9819133224853588,0.0
387,19.35,5,0.054840833128239716,0.6470619778482696,0.9819133224853589,0.0
388,19.400000000000002,0,0.020206715179408946,0.8345115717423521,0.9815233017788434,0.0
388,19.400000000000002,1,0.18454575482340474,0.2667108682261666,0.9815233017788434,0.058473202569688
388,19.400000000000002,2,0.0002756978782022171,0.968700087886048,0.9815233017788434,0.0
388,19.400000000000002,3,0.45807431548892025,0.08161507973616314,0.9815233017788434,0.2458612952879342
388,19.400000000000002,4,0.003947642920558678,0.9423438988727455,0.9815233017788434,0.0
388,19.400000000000002,5,0.04935674981541575,0.6730437019889512,0.9815233017788435,0.0
389,19.450000000000003,0,0.018186043661468053,0.8466182692146097,0.9811263359876111,0.0
389,19.450000000000003,1,0.17078653767395055,0.2907814854116071,0.9811263359876111,0.04695358332886279
389,19.450000000000003,2,0.0002481280903819954,0.9682787970187211,0.9811263359876111,0.0
389,19.450000000000003,3,0.4343466683918923,0.08644516185348709,0.9811263359876113,0.2207978445186402
389,19.450000000000003,4,0.0035528786285028103,0.9445335397348272,0.9811263359876113,0.0
389,19.450000000000003,5,0.044421074833874176,0.6973569524911393,0.9811263359876111,0.0
390,19.5,0,0.016367439295321248,0.8576114071850081,0.9807221337608586,0.0
390,19.5,1,0.15724756307707605,0.3171795280878795,0.9807221337608586,0.03539679170520564
390,19.5,2,0.0002233152813437959,0.9678261443818472,0.9807221337608586,0.0
390,19.5,3,0.4104870016069658,0.09232391571983548,0.9807221337608585,0.19575000054262723
390,19.5,4,0.0031975907656525294,0.9464370109692574,0.9807221337608585,0.0
390,19.5,5,0.03997896735048676,0.7200076476399776,0.9807221337608586,0.0
391,19.55,0,0.014730695365789123,0.8675696222040873,0.9803103558727395,0.0
391,19.55,1,0.14390277678566085,0.34613042622559725,0.9803103558727395,0.023799700162923897
391,19.55,2,0.00020098375320941632,0.9673436392369987,0.9803103558727395,0.0
391,19.55,3,0.38651003209969126,0.09947993460044202,0.9803103558727396,0.17071730653422074
391,19.55,4,0.0028778316890872764,0.9480799914070146,0.9803103558727396,0.0
391,19.55,5,0.035981070615438086,0.7410234306783138,0.9803103558727396,0.0
392,19.6,0,0.013257625829210211,0.8765689943671102,0.9798906133598124,0.0
392,19.6,1,0.1307284324875324,0.3778846918625765,0.9798906133598124,0.01215933380437626
392,19.6,2,0.00018088537788847468,0.9668325119449869,0.9798906133598124,0.0
392,19.6,3,0.36242871513550734,0.10819188263890013,0.9798906133598124,0.1456968624578522
392,19.6,4,0.002590048520178549,0.9494857211651081,0.9798906133598124,0.0
392,19.6,5,0.03238296355389428,0.7604490993946836,0.9798906133598124,0.0
393,19.650000000000002,0,0.01193186324628919,0.8846823938904216,0.9794624658606992,0.0
393,19.650000000000002,1,0.11770287893367817,0.4127207094875115,0.9794624658606992,0.0004728969489899981
393,19.650000000000002,2,0.00016279684009962722,0.9662937315718052,0.9794624658606992,0.0
393,19.650000000000002,3,0.3394319170330134,0.11822992036134392,0.9794624658606992,0.13246073411056755
393,19.650000000000002,4,0.002331043668160694,0.9506751863618392,0.9794624658606993,0.0
393,19.650000000000002,5,0.02914466719850485,0.7783425267085035,0.9794624658606992,0.0
394,19.700000000000003,0,0.010738676921660271,0.8919790719880764,0.9790254501976264,0.0
394,19.700000000000003,1,0.10593259104031036,0.44742346245561787,0.9790254501976264,0.0
394,19.700000000000003,2,0.0001465171560896645,0.9657280688828694,0.9790254501976263,0.0
394,19.700000000000003,3,0.3174511496256974,0.12970818476184284,0.9790254501976264,0.11962424295985379
394,19.700000000000003,4,0.0020979393013446247,0.9516673408904938,0.9790254501976264,0.0
394,19.700000000000003,5,0.026230200478654365,0.7947711409361584,0.9790254501976263,0.0
395,19.75,0,0.009664809229494245,0.898524515216137,0.9785791760629096,0.0
395,19.75,1,0.09533933193627933,0.48151531346829707,0.9785791760629096,0.0
395,19.75,2,0.00013186544048069806,0.9651362624582436,0.9785791760629096,0.0
395,19.75,3,0.2963843922184511,0.14276688154914424,0.9785791760629098,0.10678357555323359
395,19.75,4,0.0018881453712101621,0.9524794218295407,0.9785791760629098,0.0
395,19.75,5,0.023607180430788927,0.8098090167336018,0.9785791760629098,0.0
396,19.8,0,0.00869832830654482,0.904380153203162,0.9781232283430636,0.0
396,19.8,1,0.0858053987426514,0.5147034324258298,0.9781232283430636,0.0
396,19.8,2,0.00011867889643262826,0.9645188805418243,0.9781232283430636,0.0
396,19.8,3,0.2761392669668608,0.15755967550350838,0.9781232283430636,0.09393313970254838
396,19.8,4,0.001699330834089146,0.9531269562283703,0.9781232283430636,0.0
396,19.8,5,0.021246462387710035,0.8235342133930249,0.9781232283430636,0.0
397,19.85,0,0.007828495475890339,0.9096032938414151,0.9776571578976717,0.0
397,19.85,1,0.07722485886838626,0.5467467539805186,0.9776571578976717,0.0
397,19.85,2,0.00010681100678936543,0.96387632001431,0.9776571578976717,0.0
397,19.85,3,0.25663207304445185,0.1742559646804219,0.9776571578976717,0.08106732774277141
397,19.85,4,0.0015293977506802316,0.953623892876551,0.9776571578976717,0.0
397,19.85,5,0.01912181614893903,0.8360266718358883,0.9776571578976717,0.0
398,19.900000000000002,0,0.007045645928301305,0.9142471473808034,0.9771804782930545,0.0
398,19.900000000000002,1,0.06950237298154764,0.5774548105099716,0.9771804782930545,0.0
398,19.900000000000002,2,9.612990611042889e-05,0.9632088134084672,0.9771804782930545,0.0
398,19.900000000000002,3,0.23778691940272506,0.193043404336889,0.9771804782930545,0.06818053662718385
398,19.900000000000002,4,0.0013764579756122084,0.9539827327002889,0.9771804782930545,0.0
398,19.900000000000002,5,0.01720963453404513,0.8473665262706969,0.9771804782930545,0.0
399,19.950000000000003,0,0.006341081335471175,0.9183609118126187,0.9766926627518853,0.0
399,19.950000000000003,1,0.06255213568339288,0.6066847122282636,0.9766926627518853,0.0
399,19.950000000000003,2,8.6516915499386e-05,0.9625164351096365,0.9766926627518853,0.0
399,19.950000000000003,3,0.21953494605838944,0.21413070327743042,0.9766926627518853,0.055267185959368706
399,19.950000000000003,4,0.0012388121780509875,0.9542146492768117,0.9766926627518854,0.0
399,19.950000000000003,5,0.015488671080640616,0.8576327740240124,0.9766926627518853,0.0
400,20.0,0,0.005706973201924058,0.9219899034725468,0.976193141325406,0.0
400,20.0,1,0.05629692211505359,0.6343368856053825,0.976193141325406,0.0
400,20.0,2,7.786522394944741e-05,0.9617991068680795,0.976193141325406,0.0
400,20.0,3,0.2018136249371986,0.23775072528513946,0.976193141325406,0.04232173484648101
400,20.0,4,0.0011149309602458888,0.9543295998944977,0.976193141325406,0.0
400,20.0,5,0.013939803972576555,0.8669022543064464,0.976193141325406,0.0
401,20.05,0,0.005136275881731652,0.9251757197206905,0.9756812982767044,0.0
401,20.05,1,0.05066722990354823,0.6603500895413214,0.9756812982767044,0.0
401,20.05,2,7.007870155450267e-05,0.9610566027104498,0.9756812982767044,0.0
401,20.05,3,0.18456613228841132,0.2641639372748969,0.9756812982767044,0.029338698449325663
401,20.05,4,0.0010034378642212998,0.9543364276273241,0.9756812982767046,0.0
401,20.05,5,0.0125458235753189,0.8752488890002333,0.9756812982767044,0.0
402,20.1,0,0.0046226482935584874,0.9279564230689935,0.9751564696444966,0.0
402,20.1,1,0.04560050691319341,0.684696126465885,0.9751564696444966,0.0
402,20.1,2,6.30708313990524e-05,0.9602885532982022,0.9751564696444966,0.0
402,20.1,3,0.16774078557075303,0.29366225483440056,0.9751564696444966,0.016312665111828294
402,20.1,4,0.0009030940777991699,0.9542429549051112,0.9751564696444966,0.0
402,20.1,5,0.01129124121778701,0.8827431422076336,0.9751564696444966,0.0
403,20.150000000000002,0,0.004160383464202639,0.9303667382626405,0.9746179409426511,0.0
403,20.150000000000002,1,0.04104045622187407,0.7073745652722402,0.9746179409426511,0.0
403,20.150000000000002,2,5.676374825914717e-05,0.9594944497498469,0.9746179409426511,0.0
403,20.150000000000002,3,0.1512905385063239,0.32657334501285806,0.9746179409426511,0.0032383149264617827
403,20.150000000000002,4,0.000812784670019253,0.954056069060997,0.9746179409426511,0.0
403,20.150000000000002,5,0.010162117096008309,0.889451659664665,0.9746179409426511,0.0
404,20.200000000000003,0,0.0037443451177823755,0.9324382598358132,0.9740649477238491,0.0
404,20.200000000000003,1,0.036936410599686664,0.72840770571131,0.9740649477238491,0.0
404,20.200000000000003,2,5.108737343323245e-05,0.9586736512565214,0.9740649477238491,0.0
404,20.200000000000003,3,0.13616148465569153,0.3608562282872912,0.9740649477238491,0.0
404,20.200000000000003,4,0.0007315062030173277,0.9537818046423157,0.9740649477238491,0.0
404,20.200000000000003,5,0.009145905386407478,0.895437057807019,0.9740649477238491,0.0
405,20.25,0,0.003369910606004138,0.9341996526935248,0.9734966708381982,0.0
405,20.25,1,0.033242769539718,0.7478359243544295,0.9734966708381982,0.0
405,20.25,2,4.5978636089909206e-05,0.9578253838264161,0.9734966708381982,0.0
405,20.25,3,0.12254533619012238,0.39539722216600853,0.9734966708381982,0.0
405,20.25,4,0.000658355582715595,0.9534254103746848,0.9734966708381982,0.0
405,20.25,5,0.00823131484776673,0.9007578211254097,0.9734966708381982,0.0
406,20.3,0,0.0030329195454037246,0.9356768913046632,0.9729122589771452,0.0
406,20.3,1,0.0299184925857462,0.7657135286876733,0.9729122589771452,0.0
406,20.3,2,4.138077248091829e-05,0.9569487809711666,0.9729122589771452,0.0
406,20.3,3,0.11029080257111014,0.42979408820363363,0.9729122589771452,0.0
406,20.3,4,0.0005925200244440355,0.9529914518242691,0.9729122589771452,0.0
406,20.3,5,0.007408183362990057,0.9054683302229733,0.9729122589771452,0.0
407,20.35,0,0.0027296275908633523,0.9368934562960515,0.9723108267601835,0.0
407,20.35,1,0.02692664332717158,0.7821050981380091,0.9723108267601835,0.0
407,20.35,2,3.724269523282646e-05,0.9560428857484361,0.9723108267601835,0.0
407,20.35,3,0.09926172231399913,0.4636875178317295,0.9723108267601838,0.0
407,20.35,4,0.000533268021999632,0.9524838700591175,0.9723108267601838,0.0
407,20.35,5,0.006667365026691051,0.9096189242530226,0.9723108267601838,0.0
408,20.400000000000002,0,0.002456664831777017,0.937870525975415,0.9716914546575296,0.0
408,20.400000000000002,1,0.024233978994454425,0.7970823448616016,0.9716914546575296,0.0
408,20.400000000000002,2,3.3518425709543815e-05,0.9551066552282187,0.9716914546575296,0.0
408,20.400000000000002,3,0.08933555008259922,0.49676703216860635,0.9716914546575296,0.0
408,20.400000000000002,4,0.0004799412197996688,0.9519060375478203,0.9716914546575296,0.0
408,20.400000000000002,5,0.006000628524021946,0.9132560176777149,0.9716914546575296,0.0
409,20.450000000000003,0,0.0022109983485993153,0.9386271531685957,0.9710531853332461,0.0
409,20.450000000000003,1,0.021810581095008982,0.8107214672883546,0.9710531853332461,0.0
409,20.450000000000003,2,3.0166583138589434e-05,0.9541389590073608,0.9710531853332461,0.0
409,20.450000000000003,3,0.0804019950743393,0.5287734458543332,0.9710531853332461,0.0
409,20.450000000000003,4,0.00043194709781970195,0.9512608033762872,0.9710531853332461,0.0
409,20.450000000000003,5,0.0054005656716197515,0.9164222489533308,0.9710531853332464,0.0
410,20.5,0,0.001989898513739384,0.9391804317089587,0.9703950198343315,0.0
410,20.5,1,0.019629522985508085,0.8231009645597706,0.9703950198343315,0.0
410,20.5,2,2.714992482473049e-05,0.9531385771587432,0.9703950198343315,0.0
410,20.5,3,0.07236179556690538,0.5594985610263684,0.9703950198343315,0.0
410,20.5,4,0.00038875238803773174,0.9505505335403406,0.9703950198343319,0.0
410,20.5,5,0.0048605091044577765,0.9191566544566229,0.9703950198343319,0.0
411,20.55,0,0.0017909086623654456,0.9395456520772738,0.9697159135873291,0.0
411,20.55,1,0.017666570686957275,0.8342998670091161,0.9697159135873291,0.0
411,20.55,2,2.443493234225744e-05,0.9521041975988521,0.9697159135873291,0.0
411,20.55,3,0.06512561601021484,0.5887827729019321,0.9697159135873291,0.0
411,20.55,4,0.0003498771492339586,0.9497771466735767,0.9697159135873291,0.0
411,20.55,5,0.004374458194011999,0.9214948582835094,0.9697159135873289,0.0
412,20.6,0,0.001611817796128901,0.9397364459954648,0.9690147721643932,0.0
412,20.6,1,0.015899913618261548,0.8443963338153446,0.9690147721643932,0.0
412,20.6,2,2.1991439108031698e-05,0.9510344128551931,0.9690147721643932,0.0
412,20.6,3,0.05861305440919336,0.6165112225795859,0.9690147721643932,0.0
412,20.6,4,0.0003148894343105627,0.9489421455415149,0.9690147721643934,0.0
412,20.6,5,0.003937012374610799,0.9234692705110301,0.9690147721643934,0.0
413,20.650000000000002,0,0.001450636016516011,0.9397649200071322,0.968290446780178,0.0
413,20.650000000000002,1,0.014309922256435393,0.8534665684928381,0.968290446780178,0.0
413,20.650000000000002,2,1.9792295197228528e-05,0.9499277162117421,0.968290446780178,0.0
413,20.650000000000002,3,0.052751748968274025,0.6426090497864821,0.968290446780178,0.0
413,20.650000000000002,4,0.0002834004908795065,0.9480466446040995,0.968290446780178,0.0
413,20.650000000000002,5,0.0035433111371497195,0.9251092881478317,0.968290446780178,0.0
414,20.700000000000003,0,0.0013055724148644098,0.939641778245921,0.9675417294793354,0.0
414,20.700000000000003,1,0.012878930030791854,0.8615840048016672,0.9675417294793354,0.0
414,20.700000000000003,2,1.7813065677505677e-05,0.948782497206272,0.9675417294793354,0.0
414,20.700000000000003,3,0.04747657407144662,0.6670361987929794,0.9675417294793354,0.0
414,20.700000000000003,4,0.00025506044179155585,0.9470913939194526,0.9675417294793354,0.0
414,20.700000000000003,5,0.0031889800234347477,0.9264414943474114,0.9675417294793354,0.0
415,20.75,0,0.0011750151733779688,0.9393764347116856,0.9667673479718513,0.0
415,20.75,1,0.01159103702771267,0.8688187190831197,0.9667673479718513,0.0
415,20.75,2,1.603175910975511e-05,0.9475970364479697,0.9667673479718513,0.0
415,20.75,3,0.04272891666430196,0.6897821291465059,0.9667673479718513,0.0
415,20.75,4,0.00022955439761240028,0.9460767996325322,0.9667673479718513,0.0
415,20.75,5,0.002870082021091273,0.9274898525603905,0.9667673479718513,0.0
416,20.8,0,0.001057513656040172,0.9389771154537887,0.9659659600698132,0.0
416,20.8,1,0.010431933324941403,0.8752370292738906,0.9659659600698132,0.0
416,20.8,2,1.44285831987796e-05,0.9463694997171568,0.9659659600698132,0.0
416,20.8,3,0.03845602499787176,0.7108606885738363,0.9659659600698132,0.0
416,20.8,4,0.00020659895785116026,0.945002941263207,0.9659659600698132,0.0
416,20.8,5,0.002583073818982146,0.9282758931932708,0.9659659600698132,0.0
417,20.85,0,0.0009517622904361548,0.9384509511089746,0.9651361476745159,0.0
417,20.85,1,0.009388739992447263,0.880901245447805,0.9651361476745159,0.0
417,20.85,2,1.298572487890164e-05,0.9450979313011503,0.9651361476745159,0.0
417,20.85,3,0.03461042249808459,0.7303053235170303,0.9651361476745159,0.0
417,20.85,4,0.00018593906206604424,0.9438695859792318,0.9651361476745159,0.0
417,20.85,5,0.0023247664370839314,0.9288188910538953,0.9651361476745156,0.0
418,20.900000000000002,0,0.0008565860613925394,0.9378040602646109,0.9642764102569408,0.0
418,20.900000000000002,1,0.008449865993202537,0.8858695413431719,0.9642764102569408,0.0
418,20.900000000000002,2,1.1687152391011475e-05,0.9437802465112113,0.9642764102569408,0.0
418,20.900000000000002,3,0.03114938024827613,0.7481647353901025,0.9642764102569408,0.0
418,20.900000000000002,4,0.0001673451558594398,0.9426762000106252,0.9642764102569408,0.0
418,20.900000000000002,5,0.0020922897933755382,0.929136032427119,0.9642764102569407,0.0
419,20.950000000000003,0,0.0007709274552532855,0.9370416241220132,0.963385157767498,0.0
419,20.950000000000003,1,0.007604879393882283,0.8901959207386726,0.963385157767498,0.0
419,20.950000000000003,2,1.0518437151910328e-05,0.9424142233149967,0.963385157767498,0.0
419,20.950000000000003,3,0.028034442223448516,0.7644990377998646,0.963385157767498,0.0
419,20.950000000000003,4,0.00015061064027349584,0.9414219573329132,0.963385157767498,0.0
419,20.950000000000003,5,0.0018830608140379844,0.929242571063062,0.9633851577674982,0.0
420,21.0,0,0.000693834709727957,0.9361679529231554,0.9624607029023077,0.0
420,21.0,1,0.006844391454494054,0.8939302566088273,0.9624607029023077,0.0
420,21.0,2,9.466593436719296e-06,0.9409974930067054,0.9624607029023077,0.0
420,21.0,3,0.025230998001103667,0.779376430451224,0.9624607029023077,0.0
420,21.0,4,0.00013554957624614626,0.9401057457172861,0.9624607029023077,0.0
420,21.0,5,0.0016947547326341859,0.929151972696447,0.9624607029023077,0.0
421,21.05,0,0.0006244512387551613,0.9351865445806186,0.9615012526429777,0.0
421,21.05,1,0.006159952309044649,0.8971183846515717,0.9615012526429777,0.0
421,21.05,2,8.519934093047366e-06,0.939527529822912,0.9615012526429777,0.0
421,21.05,3,0.0227078982009933,0.7928703774053873,0.9615012526429777,0.0
421,21.05,4,0.00012199461862153163,0.9387261702156794,0.9615012526429777,0.0
421,21.05,5,0.0015252792593707673,0.9288760479670691,0.9615012526429778,0.0
422,21.1,0,0.0005620061148796452,0.9341001359174079,0.9605048989744787,0.0
422,21.1,1,0.005543957078140184,0.8998022360089879,0.9605048989744787,0.0
422,21.1,2,7.66794068374263e-06,0.9380016393954516,0.9605048989744787,0.0
422,21.1,3,0.020437108380893968,0.8050572587139612,0.9605048989744787,0.0
422,21.1,4,0.00010979515675937847,0.9372815541175294,0.960504898974479,0.0
422,21.1,5,0.0013727513334336906,0.9284250737937686,0.9605048989744787,0.0
423,21.150000000000002,0,0.0005058055033916807,0.9329107468820269,0.9594696086708957,0.0
423,21.150000000000002,1,0.0049895613703261656,0.902019996800715,0.9594696086708957,0.0
423,21.150000000000002,2,6.901146615368367e-06,0.9364169459131427,0.9594696086708957,0.0
423,21.150000000000002,3,0.01839339754280457,0.8160144531981788,0.9594696086708957,0.0
423,21.150000000000002,4,9.881564108344063e-05,0.9357699373819731,0.9594696086708957,0.0
423,21.150000000000002,5,0.0012354762000903216,0.9278079033799451,0.9594696086708957,0.0
424,21.200000000000003,0,0.0004552249530525126,0.9316197180558913,0.9583932120209915,0.0
424,21.200000000000003,1,0.004490605233293549,0.9038062844794491,0.9583932120209915,0.0
424,21.200000000000003,2,6.21103195383153e-06,0.9347703778408606,0.9583932120209915,0.0
424,21.200000000000003,3,0.016554057788524115,0.8258188044662336,0.9583932120209915,0.0
424,21.200000000000003,4,8.893407697509657e-05,0.9341890725137015,0.9583932120209915,0.0
424,21.200000000000003,5,0.0011119285800812895,0.9270320651078048,0.9583932120209915,0.0
425,21.25,0,0.0004097024577472614,0.9302277417152488,0.9572733903439287,0.0
425,21.25,1,0.004041544709964194,0.9051923330313664,0.9572733903439287,0.0
425,21.25,2,5.589928758448378e-06,0.9330586520166101,0.9572733903439287,0.0
425,21.25,3,0.014898652009671703,0.834545420618704,0.9572733903439287,0.0
425,21.25,4,8.004066927758691e-05,0.932536417811551,0.9572733903439287,0.0
425,21.25,5,0.0010007357220731606,0.9261038506193349,0.9572733903439284,0.0
426,21.3,0,0.00036873221197253526,0.9287348866480087,0.9561076621192054,0.0
426,21.3,1,0.003637390238967775,0.9062061807183924,0.9561076621192054,0.0
426,21.3,2,5.03093588260354e-06,0.9312782559135218,0.9561076621192054,0.0
426,21.3,3,0.013408786808704533,0.8422667592242828,0.9561076621192054,0.0
426,21.3,4,7.203660234982822e-05,0.9308091278749693,0.9561076621192054,0.0
426,21.3,5,0.0009006621498658446,0.9250283923905096,0.9561076621192052,0.0
427,21.35,0,0.00033185899077528173,0.927140616856537,0.9548933675226733,0.0
427,21.35,1,0.0032736512150709977,0.9068728554324755,0.9548933675226733,0.0
427,21.35,2,4.527842294343186e-06,0.9294254278126021,0.9548933675226733,0.0
427,21.35,3,0.01206790812783408,0.8490519520684028,0.9548933675226733,0.0
427,21.35,4,6.48329421148454e-05,0.9290040412030219,0.9548933675226733,0.0
427,21.35,5,0.0008105959348792602,0.9238097310859776,0.9548933675226733,0.0
428,21.400000000000002,0,0.00029867309169775356,0.925443804198978,0.9536276511207652,0.0
428,21.400000000000002,1,0.002946286093563898,0.9072145538412918,0.9536276511207652,0.0
428,21.400000000000002,2,4.075058064908868e-06,0.927496134581446,0.9536276511207652,0.0
428,21.400000000000002,3,0.010861117315050673,0.8549663281376184,0.9536276511207652,0.0
428,21.400000000000002,4,5.834964790336086e-05,0.9271176646615068,0.9536276511207652,0.0
428,21.400000000000002,5,0.0007295363413913342,0.9224508729371641,0.953627651120765,0.0
429,21.450000000000003,0,0.00026880578252797823,0.9236427349317131,0.9523074424256838,0.0
429,21.450000000000003,1,0.0026516574842075083,0.907250811384134,0.9523074424256838,0.0
429,21.450000000000003,2,3.667552258417981e-06,0.9254860466912802,0.9523074424256838,0.0
429,21.450000000000003,3,0.009775005583545606,0.8600710977550211,0.9523074424256838,0.0
429,21.450000000000003,4,5.251468311302477e-05,0.925146154523153,0.9523074424256838,0.0
429,21.450000000000003,5,0.0006565827072522008,0.9209538373185291,0.9523074424256838,0.0
430,21.5,0,0.00024192520427518041,0.9217351100108291,0.9509294339524365,0.0
430,21.5,1,0.0023864917357867576,0.9069986608558486,0.9509294339524365,0.0
430,21.5,2,3.300797032576183e-06,0.923390510025963,0.9509294339524365,0.0
430,21.5,3,0.008797505025191046,0.8644231653399795,0.9509294339524365,0.0
430,21.5,4,4.726321480172229e-05,0.9230852937001393,0.9509294339524365,0.0
430,21.5,5,0.0005909244365269807,0.9193196946041252,0.9509294339524365,0.0
431,21.55,0,0.00021773268384766238,0.9197180388860927,0.9494900563404447,0.0
431,21.55,1,0.002147842562208082,0.9064727778204208,0.9494900563404447,0.0
431,21.55,2,2.970717329318565e-06,0.92120451393694,0.9494900563404447,0.0
431,21.55,3,0.007917754522671941,0.8680750426680324,0.9494900563404448,0.0
431,21.55,4,4.253689332155006e-05,0.9209304646821749,0.9494900563404447,0.0
431,21.55,5,0.0005318319928742827,0.9175485942671052,0.9494900563404448,0.0
432,21.6,0,0.00019595941546289615,0.9175880263705305,0.9479854500029034,0.0
432,21.6,1,0.0019330583059872736,0.9056856114437183,0.9479854500029034,0.0
432,21.6,2,2.6736455963867086e-06,0.9189226548710935,0.9479854500029034,0.0
432,21.6,3,0.007125979070404747,0.8710748385869075,0.9479854500029034,0.0
432,21.6,4,3.828320398939506e-05,0.9186766175605493,0.9479854500029034,0.0
432,21.6,5,0.0004786487935868544,0.915639783033734,0.9479854500029034,0.0
433,21.650000000000002,0,0.00017636347391660655,0.9153409519830457,0.9464114326390614,0.0
433,21.650000000000002,1,0.0017397524753885462,0.9046474995403457,0.9464114326390614,0.0
433,21.650000000000002,2,2.4062810367480376e-06,0.9165390947346231,0.9464114326390615,0.0
433,21.650000000000002,3,0.006413381163364273,0.8734663048032834,0.9464114326390615,0.0
433,21.650000000000002,4,3.445488359045555e-05,0.9163182323495566,0.9464114326390614,0.0
433,21.650000000000002,5,0.000430783914228169,0.9135916127131493,0.9464114326390615,0.0
434,21.700000000000003,0,0.0001587271265249459,0.9129720409281596,0.9447634617785367,0.0
434,21.700000000000003,1,0.0015657772278496916,0.9033667666993552,0.9447634617785367,0.0
434,21.700000000000003,2,2.1656529330732337e-06,0.9140475129431603,0.9447634617785367,0.0
434,21.700000000000003,3,0.005772043047027845,0.8752889205396002,0.9447634617785368,0.0
434,21.700000000000003,4,3.100939523140999e-05,0.9138492745990235,0.9447634617785368,0.0
434,21.700000000000003,5,0.0003877055228053521,0.9114015370831501,0.9447634617785367,0.0
435,21.75,0,0.00014285441387245132,0.9104758255782237,0.9430365913091395,0.0
435,21.75,1,0.0014091995050647223,0.9018498042863622,0.9430365913091395,0.0
435,21.75,2,1.9490876397659103e-06,0.9114410508284956,0.9430365913091395,0.0
435,21.75,3,0.005194838742325061,0.8765780015476032,0.9430365913091395,0.0
435,21.75,4,2.7908455708268993e-05,0.9112631430075875,0.9430365913091395,0.0
435,21.75,5,0.0003489349705248169,0.9090660969040294,0.9430365913091397,0.0
436,21.8,0,0.0001285689724852062,0.9078460959347395,0.9412254206516399,0.0
436,21.8,1,0.0012682795545582502,0.9001011309045956,0.9412254206516399,0.0
436,21.8,2,1.7541788757893193e-06,0.9087122467010857,0.9412254206516399,0.0
436,21.8,3,0.004675354868092555,0.8773648211472016,0.9412254206516398,0.0
436,21.8,4,2.5117610137442096e-05,0.9085526073713058,0.9412254206516398,0.0
436,21.8,5,0.0003140414734723352,0.9065808917328821,0.9412254206516398,0.0
437,21.85,0,0.0001157120752366856,0.9050758370313903,0.9393240348594564,0.0
437,21.85,1,0.0011414515991024251,0.8981234315106634,0.9393240348594564,0.0
437,21.85,2,1.5787609882103875e-06,0.9058529593695976,0.9393240348594564,0.0
437,21.85,3,0.0042078193812833,0.8776767326302984,0.9393240348594564,0.0
437,21.85,4,2.2605849123697887e-05,0.9057097347007635,0.9393240348594564,0.0
437,21.85,5,0.0002826373261251017,0.9039405366852379,0.9393240348594564,0.0
438,21.900000000000002,0,0.00010414086771301704,0.9021571505515553,0.9373259333997622,0.0
438,21.900000000000002,1,0.0010273064391921826,0.8959175727813954,0.9373259333997622,0.0
438,21.900000000000002,2,1.4208848893893488e-06,0.9028542772436994,0.9373259333997622,0.0
438,21.900000000000002,3,0.00378703744315497,0.8775372835161482,0.9373259333997622,0.0
438,21.900000000000002,4,2.0345264211328098e-05,0.9027258006616857,0.9373259333997622,0.0
438,21.900000000000002,5,0.00025437359351259157,0.9011386015891154,0.9373259333997622,0.0
439,21.950000000000003,0,9.372678094171534e-05,0.899081156993564,0.9352239446584547,0.0
439,21.950000000000003,1,0.0009245757952729643,0.8934825914499527,0.9352239446584547,0.0
439,21.950000000000003,2,1.278796400450414e-06,0.899706409220362,0.9352239446584547,0.0
439,21.950000000000003,3,0.0034083336988394728,0.8769663127335372,0.9352239446584547,0.0
439,21.950000000000003,4,1.831073779019529e-05,0.8995911825652486,0.9352239446584548,0.0
439,21.950000000000003,5,0.00022893623416133242,0.8981675290252171,0.9352239446584547,0.0
440,22.0,0,8.435410284754381e-05,0.895837873419061,0.9330101222215648,0.0
440,22.0,1,0.0008321182157456679,0.8908156510702403,0.9330101222215648,0.0
440,22.0,2,1.1509167604053727e-06,0.8963985522684029,0.9330101222215648,0.0
440,22.0,3,0.0030675003289555255,0.8759800217669447,0.9330101222215648,0.0
440,22.0,4,1.6479664011175762e-05,0.8962952288462263,0.9330101222215648,0.0
440,22.0,5,0.00020604261074519918,0.8950185264374114,0.9330101222215648,0.0
441,22.05,0,7.591869256278943e-05,0.8924160600006467,0.9306756175950333,0.0
441,22.05,1,0.0007489063941711012,0.8879119608708048,0.9306756175950333,0.0
441,22.05,2,1.0358250843648356e-06,0.8929187288180732,0.9306756175950333,0.0
441,22.05,3,0.002760750296059973,0.8745910100138737,0.9306756175950333,0.0
441,22.05,4,1.4831697610058186e-05,0.8928260981568601,0.9306756175950333,0.0
441,22.05,5,0.00018543834967067928,0.8916814256672129,0.9306756175950334,0.0
442,22.1,0,6.832682330651049e-05,0.8888030259969665,0.9282105220433242,0.0
442,22.1,1,0.0006740157547539911,0.8847646477797254,0.9282105220433242,0.0
442,22.1,2,9.32242575928352e-07,0.8892535844847023,0.9282105220433242,0.0
442,22.1,3,0.002484675266453976,0.8728082628465393,0.9282105220433242,0.0
442,22.1,4,1.3348527849052369e-05,0.8891705586245038,0.9282105220433242,0.0
442,22.1,5,0.00016689451470361136,0.8881445006672782,0.9282105220433242,0.0
443,22.150000000000002,0,6.149414097585944e-05,0.8849843820441775,0.9256036673608684,0.0
443,22.150000000000002,1,0.000606614179278592,0.8813645689615615,0.9256036673608684,0.0
443,22.150000000000002,2,8.390183183355168e-07,0.8853881329254082,0.9256036673608684,0.0
443,22.150000000000002,3,0.0022362077398085786,0.8706370778025185,0.9256036673608682,0.0
443,22.150000000000002,4,1.2013675064147131e-05,0.8853137340892363,0.9256036673608684,0.0
443,22.150000000000002,5,0.00015020506323325022,0.8843942303996464,0.9256036673608684,0.0
444,22.200000000000003,0,5.534472687827349e-05,0.8809437201604156,0.9228423711750792,0.0
444,22.200000000000003,1,0.0005459527613507328,0.8777000467073696,0.9228423711750792,0.0
444,22.200000000000003,2,7.551164865019651e-07,0.8813054291438229,0.9228423711750792,0.0
444,22.200000000000003,3,0.002012586965827721,0.8680789093726736,0.9228423711750792,0.0
444,22.200000000000003,4,1.081230755773242e-05,0.8812387786519452,0.9228423711750792,0.0
444,22.200000000000003,5,0.0001351845569099252,0.8804149884228273,0.9228423711750793,0.0
445,22.25,0,4.981025419044614e-05,0.8766621946486491,0.9199121060697252,0.0
445,22.25,1,0.0004913574852156595,0.8737564992959176,0.9199121060697252,0.0
445,22.25,2,6.796048378517686e-07,0.8769861443539091,0.9199121060697252,0.0
445,22.25,3,0.0018113282692449489,0.8651311050705957,0.9199121060697252,0.0
445,22.25,4,9.731076801959178e-06,0.8769264526580502,0.9199121060697254,0.0
445,22.25,5,0.00012166610121893269,0.8761886324521653,0.9199121060697252,0.0
446,22.3,0,4.482922877140153e-05,0.872117964568796,0.9167960621862842,0.0
446,22.3,1,0.0004422217366940936,0.8695159289165397,0.9167960621862842,0.0
446,22.3,2,6.116443540665918e-07,0.8724080030057922,0.916796062186284,0.0
446,22.3,3,0.001630195442320454,0.8617864932952044,0.9167960621862842,0.0
446,22.3,4,8.757969121763261e-06,0.8723545607326381,0.9167960621862842,0.0
446,22.3,5,0.00010949949109703942,0.8716939546558802,0.9167960621862842,0.0
447,22.35,0,4.0346305894261374e-05,0.8672854389700689,0.9134745579421638,0.0
447,22.35,1,0.00039799956302468423,0.864956208252125,0.9134745579421638,0.0
447,22.35,2,5.504799186599326e-07,0.867545023101971,0.9134745579421638,0.0
447,22.35,3,0.0014671758980884086,0.8580327642974411,0.9134745579421638,0.0
447,22.35,4,7.882172209586936e-06,0.867497193007178,0.9134745579421638,0.0
447,22.35,5,9.854954198733549e-05,0.8669059339629649,0.9134745579421639,0.0
448,22.400000000000002,0,3.6311675304835236e-05,0.8621342350349073,0.9099242295215814,0.0
448,22.400000000000002,1,0.00035819960672221583,0.8600500762734468,0.9099242295215814,0.0
448,22.400000000000002,2,4.954319267939394e-07,0.8623664698967608,0.9099242295215814,0.0
448,22.400000000000002,3,0.0013204583082795677,0.8538515547625944,0.9099242295215814,0.0
448,22.400000000000002,4,7.093954988628243e-06,0.8623236796416609,0.9099242295215814,0.0
448,22.400000000000002,5,8.869458778860195e-05,0.8617947006147171,0.9099242295215815,0.0
449,22.450000000000003,0,3.268050777435171e-05,0.856627708517645,0.9061168904665471,0.0
449,22.450000000000003,1,0.00032237964604999423,0.8547637030292938,0.9061168904665471,0.0
449,22.450000000000003,2,4.458887341145454e-07,0.8568353823061077,0.9061168904665471,0.0
449,22.450000000000003,3,0.001188412477451611,0.8492170959809623,0.9061168904665471,0.0
449,22.450000000000003,4,6.3845594897654185e-06,0.8567971179797922,0.9061168904665471,0.0
449,22.450000000000003,5,7.982512900974175e-05,0.8563240724208209,0.906116890466547,0.0
450,22.5,0,2.941245699691654e-05,0.8507208303445216,0.9020178862460345,0.0
450,22.5,1,0.00029014168144499483,0.849054597718912,0.9020178862460345,0.0
450,22.5,2,4.0129986070309086e-07,0.8509064458384247,0.9020178862460345,0.0
450,22.5,3,0.0010695712297064499,0.844094200321193,0.9020178862460345,0.0
450,22.5,4,5.746103540788877e-06,0.8508722461583486,0.9020178862460345,0.0
450,22.5,5,7.184261610876758e-05,0.8504494366650286,0.9020178862460345,0.0
451,22.55,0,2.647121129722489e-05,0.8443570342930148,0.8975836525287182,0.0
451,22.55,1,0.00026112751330049537,0.8428684854349101,0.8975836525287182,0.0
451,22.55,2,3.611698746327818e-07,0.8445228369046421,0.8975836525287182,0.0
451,22.55,3,0.000962614106735805,0.838435212123802,0.8975836525287182,0.0
451,22.55,4,5.17149318670999e-06,0.8444922880400093,0.8975836525287182,0.0
451,22.55,5,6.465835449789083e-05,0.8441146026631452,0.8975836525287181,0.0
452,22.6,0,2.3824090167502402e-05,0.8374633910886234,0.8927579747841939,0.0
452,22.6,1,0.00023501476197044583,0.8361345084955415,0.8927579747841939,0.0
452,22.6,2,3.2505288716950363e-07,0.8376113937749035,0.8927579747841938,0.0
452,22.6,3,0.0008663526960622245,0.8321752801175815,0.8927579747841939,0.0
452,22.6,4,4.6543438680389906e-06,0.8375841247502199,0.8927579747841938,0.0
452,22.6,5,5.819251904810175e-05,0.8372469804126249,0.8927579747841938,0.0
453,22.650000000000002,0,2.1441681150752162e-05,0.8299429541562577,0.8874660454460536,0.0
453,22.650000000000002,1,0.00021151328577340126,0.8287575984149419,0.8874660454460536,0.0
453,22.650000000000002,2,2.9254759845255327e-07,0.8300749593238471,0.8874660454460536,0.0
453,22.650000000000002,3,0.0007797174264560021,0.8252247993818423,0.8874660454460536,0.0
453,22.650000000000002,4,4.188909481235091e-06,0.8300506379776398,0.8874660454460536,0.0
453,22.650000000000002,5,5.237326714329157e-05,0.8297499307083905,0.8874660454460536,0.0
454,22.700000000000003,0,1.9297513035676948e-05,0.8216621053322136,0.8816046100836618,0.0
454,22.700000000000003,1,0.00019036195719606113,0.8206058481121892,0.8816046100836618,0.0
454,22.700000000000003,2,2.6329283860729795e-07,0.8217797237223586,0.8816046100836618,0.0
454,22.700000000000003,3,0.0007017456838104019,0.8174568559566959,0.881604610083662,0.0
454,22.700000000000003,4,3.7700185331115823e-06,0.8217580532234043,0.8816046100836618,0.0
454,22.700000000000003,5,4.7135940428962414e-05,0.8214901152459945,0.8816046100836618,0.0
455,22.75,0,1.7367761732109255e-05,0.8124285715258641,0.8750247751550809,0.0
455,22.75,1,0.00017132576147645503,0.8114885576960034,0.8750247751550809,0.0
455,22.75,2,2.3696355474656817e-07,0.8125332378004041,0.8750247751550809,0.0
455,22.75,3,0.0006315711154293617,0.8086853541515236,0.8750247751550809,0.0
455,22.75,4,3.393016679800424e-06,0.8125139537726,0.8750247751550809,0.0
455,22.75,5,4.2422346386066173e-05,0.8122755180869254,0.8750247751550809,0.0
456,22.8,0,1.563098555889833e-05,0.8019508487263,0.867500085903958,0.0
456,22.8,1,0.00015419318532880954,0.8011156950104039,0.867500085903958,0.0
456,22.8,2,2.1326719927191135e-07,0.8020438329404265,0.867500085903958,0.0
456,22.8,3,0.0005684140038864256,0.7986245817994199,0.8675000859039582,0.0
456,22.8,4,3.053715011820382e-06,0.8020267013461726,0.8675000859039582,0.0
456,22.8,5,3.8180111747459556e-05,0.8018148756638535,0.867500085903958,0.0
457,22.85,0,1.4067887003008499e-05,0.7897573769524849,0.8586624263394671,0.0
457,22.85,1,0.0001387738667959286,0.7890171255148561,0.8586624263394671,0.0
457,22.85,2,1.9194047934472023e-07,0.7898397898762208,0.8586624263394671,0.0
457,22.85,3,0.0005115726034977831,0.7868086006084346,0.8586624263394671,0.0
457,22.85,4,2.7483435106383436e-06,0.7898246060336596,0.8586624263394671,0.0
457,22.85,5,3.43621005727136e-05,0.7896368607131189,0.8586624263394674,0.0
458,22.900000000000002,0,1.266109830270765e-05,0.7750187367234761,0.8478594596667038,0.0
458,22.900000000000002,1,0.00012489648011633573,0.7743649106533838,0.8478594596667038,0.0
458,22.900000000000002,2,1.727464314102482e-07,0.7750915237913432,0.8478594596667038,0.0
458,22.900000000000002,3,0.0004604153431480048,0.7724138459447056,0.8478594596667038,0.0
458,22.900000000000002,4,2.4735091595745094e-06,0.775078113487171,0.8478594596667038,0.0
458,22.900000000000002,5,3.092589051544224e-05,0.7749122953646136,0.8478594596667038,0.0
459,22.950000000000003,0,1.1394988472436886e-05,0.7560997379544112,0.8337899398054937,0.0
459,22.950000000000003,1,0.00011240683210470217,0.7555256328785108,0.8337899398054937,0.0
459,22.950000000000003,2,1.554717882692234e-07,0.7561636469090945,0.8337899398054937,0.0
459,22.950000000000003,3,0.0004143738088332043,0.7538121546618556,0.8337899398054934,0.0
459,22.950000000000003,4,2.2261582436170586e-06,0.7561518723582801,0.8337899398054934,0.0
459,22.950000000000003,5,2.783330146389802e-05,0.756006278499879,0.8337899398054937,0.0
460,23.0,0,1.0255489625193197e-05,0.7291841349451917,0.8133575263918297,0.0
460,23.0,1,0.00010116614889423195,0.7286858132417425,0.8133575263918297,0.0
460,23.0,2,1.3992460944230106e-07,0.7292396052601877,0.8133575263918299,0.0
460,23.0,3,0.0003729364279498839,0.7271982789362768,0.8133575263918297,0.0
460,23.0,4,2.0035424192553527e-06,0.7292293854772088,0.8133575263918297,0.0
460,23.0,5,2.504997131750822e-05,0.7291030151271147,0.8133575263918296,0.0
461,23.05,0,9.229940662673877e-06,0.68245311566909,0.7766116192323446,0.0
461,23.05,1,9.104953400480876e-05,0.6820333528900177,0.7766116192323446,0.0
461,23.05,2,1.2593214849807096e-07,0.682499839367054,0.7766116192323446,0.0
461,23.05,3,0.0003356427851548955,0.6807801421621176,0.7766116192323446,0.0
461,23.05,4,1.8031881773298174e-06,0.6824912310785114,0.7766116192323446,0.0
461,23.05,5,2.25449741857574e-05,0.6823847862275715,0.7766116192323445,0.0
462,23.1,0,8.30694659640649e-06,0.5526333647443675,0.663953959046299,0.0
462,23.1,1,8.194458060432788e-05,0.5523274325927768,0.663953959046299,0.0
462,23.1,2,1.1333893364826387e-07,0.5526674167431234,0.663953959046299,0.0
462,23.1,3,0.00030207850663940594,0.5514139463934581,0.663953959046299,0.0
462,23.1,4,1.6228693595968358e-06,0.5526611430838727,0.663953959046299,0.0
462,23.1,5,2.029047676718166e-05,0.5525835661405673,0.663953959046299,0.0
463,23.150000000000002,0,7.4762519367658415e-06,0.5953669629242652,0.7030295479014302,0.0
463,23.150000000000002,1,7.375012254389509e-05,0.5950703239402557,0.7030295479014302,0.0
463,23.150000000000002,2,1.0200504028343748e-07,0.5953999794596598,0.7030295479014302,0.0
463,23.150000000000002,3,0.00027187065597546536,0.5941844822443209,0.7030295479014302,0.0
463,23.150000000000002,4,1.4605824236371523e-06,0.5953938965879791,0.7030295479014304,0.0
463,23.150000000000002,5,1.8261429090463495e-05,0.5953186782216058,0.7030295479014302,0.0
464,23.200000000000003,0,6.728626743089257e-06,0.5482221834958139,0.6597820888338971,0.0
464,23.200000000000003,1,6.637511028950558e-05,0.547976342517525,0.6597820888338971,0.0
464,23.200000000000003,2,9.180453625509373e-08,0.5482495453015938,0.6597820888338971,0.0
464,23.200000000000003,3,0.00024468359037791885,0.5472421193379307,0.6597820888338971,0.0
464,23.200000000000003,4,1.314524181273437e-06,0.5482445042531906,0.6597820888338971,0.0
464,23.200000000000003,5,1.6435286181417147e-05,0.5481821682053821,0.6597820888338971,0.0
465,23.25,0,6.055764068780332e-06,0.41730067883759003,0.5212001569006337,0.0
465,23.25,1,5.9737599260555025e-05,0.41713225646842134,0.5212001569006337,0.0
465,23.25,2,8.262408262958436e-08,0.4173194235481491,0.5212001569006337,0.0
465,23.25,3,0.00022021523134012696,0.4166292021069211,0.5212001569006337,0.0
465,23.25,4,1.1830717631460934e-06,0.417315970092286,0.5212001569006337,0.0
465,23.25,5,1.4791757563275433e-05,0.41727326544438587,0.5212001569006336,0.0
466,23.3,0,5.450187661902298e-06,0.7125324956246598,0.800438707539702,0.0
466,23.3,1,5.3763839334499527e-05,0.7122736699724598,0.800438707539702,0.0
466,23.3,2,7.436167436662593e-08,0.7125613011580277,0.800438707539702,0.0
466,23.3,3,0.00019819370820611427,0.7115005272685963,0.800438707539702,0.0
466,23.3,4,1.064764586831484e-06,0.7125559941438759,0.800438707539702,0.0
466,23.3,5,1.331258180694789e-05,0.712490368430631,0.800438707539702,0.0
467,23.35,0,4.905168895712069e-06,0.40320978646820005,0.5040147069679862,0.0
467,23.35,1,4.8387455401049576e-05,0.40307796543188346,0.5040147069679862,0.0
467,23.35,2,6.692550692996333e-08,0.4032244569372433,0.5040147069679862,0.0
467,23.35,3,0.00017837433738550283,0.4026841701166985,0.5040147069679862,0.0
467,23.35,4,9.582881281483357e-07,0.4032217541145161,0.5040147069679862,0.0
467,23.35,5,1.1981323626253101e-05,0.40318833125122466,0.5040147069679862,0.0
468,23.400000000000002,0,4.4146520061408625e-06,0.5601862381641,0.6710112104301905,0.0
468,23.400000000000002,1,4.354870986094462e-05,0.5600214081645378,0.6710112104301905,0.0
468,23.400000000000002,2,6.0232956236967e-08,0.5602045818726467,0.6710112104301905,0.0
468,23.400000000000002,3,0.00016053690364695256,0.559528969423274,0.6710112104301905,0.0
468,23.400000000000002,4,8.624593153335022e-07,0.5602012023137559,0.6710112104301905,0.0
468,23.400000000000002,5,1.0783191263627791e-05,0.5601594107926307,0.6710112104301905,0.0
469,23.450000000000003,0,3.973186805526776e-06,0.43966361210927596,0.5473535748521935,0.0
469,23.450000000000003,1,3.919383887485016e-05,0.43954717973732454,0.5473535748521935,0.0
469,23.450000000000003,2,5.42096606132703e-08,0.43967656948566997,0.5473535748521935,0.0
469,23.450000000000003,3,0.0001444832132822573,0.4391993098643917,0.5473535748521935,0.0
469,23.450000000000003,4,7.76213383800152e-07,0.4396741822827627,0.5473535748521935,0.0
469,23.450000000000003,5,9.704872137265012e-06,0.4396446620785407,0.5473535748521935,0.0
470,23.5,0,3.575868124974099e-06,0.45111796674916116,0.5602790573704151,0.0
470,23.5,1,3.527445498736515e-05,0.45101044605588236,0.5602790573704151,0.0
470,23.5,2,4.8788694551943274e-08,0.451129932186772,0.5602790573704151,0.0
470,23.5,3,0.00013003489195403159,0.45068918392435925,0.5602790573704151,0.0
470,23.5,4,6.985920454201368e-07,0.4511277277365765,0.5602790573704151,0.0
470,23.5,5,8.734384923538512e-06,0.45110046735122034,0.5602790573704151,0.0
471,23.55,0,3.218281312476689e-06,0.39937506771543535,0.49923032421272556,0.0
471,23.55,1,3.174700948862863e-05,0.39928939728058094,0.49923032421272556,0.0
471,23.55,2,4.3909825096748945e-08,0.3993846014132659,0.49923032421272556,0.0
471,23.55,3,0.00011703140275862843,0.39903340880254634,0.49923032421272556,0.0
471,23.55,4,6.287328408781232e-07,0.39938284497622273,0.49923032421272556,0.0
471,23.55,5,7.86094643118466e-06,0.39936112467739276,0.49923032421272556,0.0
472,23.6,0,2.8964531812290204e-06,0.5269938513431891,0.6393408031774893,0.0
472,23.6,1,2.857230853976577e-05,0.5268921086797127,0.6393408031774893,0.0
472,23.6,2,3.951884258707405e-08,0.5270051734697965,0.6393408031774892,0.0
472,23.6,3,0.00010532826248276559,0.5265880815639018,0.6393408031774893,0.0
472,23.6,4,5.65859556790311e-07,0.5270030875444467,0.6393408031774893,0.0
472,23.6,5,7.074851788066194e-06,0.526977292675353,0.6393408031774892,0.0
473,23.650000000000002,0,2.6068078631061184e-06,0.3662087866731279,0.4558178989482873,0.0
473,23.650000000000002,1,2.571507768578919e-05,0.36614515499967587,0.4558178989482873,0.0
473,23.650000000000002,2,3.5566958328366645e-08,0.3662158676519051,0.4558178989482873,0.0
473,23.650000000000002,3,9.479543623448903e-05,0.36595500323731794,0.4558178989482873,0.0
473,23.650000000000002,4,5.092736011112799e-07,0.36621456309315253,0.4558178989482873,0.0
473,23.650000000000002,5,6.367366609259575e-06,0.366198430676454,0.4558178989482873,0.0
474,23.700000000000003,0,2.3461270767955065e-06,0.4330102504447443,0.5396965467438907,0.0
474,23.700000000000003,1,2.3143569917210272e-05,0.4329425347498024,0.5396965467438907,0.0
474,23.700000000000003,2,3.201026249552998e-08,0.43301778581899497,0.5396965467438907,0.0
474,23.700000000000003,3,8.531589261104013e-05,0.4327401711652403,0.5396965467438907,0.0
474,23.700000000000003,4,4.5834624100015193e-07,0.4330163975462019,0.5396965467438907,0.0
474,23.700000000000003,5,5.730629948333617e-06,0.43299922986259376,0.5396965467438907,0.0
475,23.75,0,2.111514369115956e-06,0.3757451186634538,0.46870977828736393,0.0
475,23.75,1,2.0829212925489245e-05,0.37569223388601636,0.46870977828736393,0.0
475,23.75,2,2.8809236245976984e-08,0.3757510036049959,0.46870977828736393,0.0
475,23.75,3,7.678430334993611e-05,0.37553418620884355,0.4687097782873639,0.0
475,23.75,4,4.1251161690013674e-07,0.3757499193989842,0.46870977828736393,0.0
475,23.75,5,5.157566953500255e-06,0.37573651184083384,0.46870977828736393,0.0
476,23.8,0,1.9003629322043603e-06,0.4356350509843486,0.5427260779718425,0.0
476,23.8,1,1.874629163294032e-05,0.43557986790211034,0.5427260779718425,0.0
476,23.8,2,2.5928312621379286e-08,0.4356411916268346,0.5427260779718425,0.0
476,23.8,3,6.91058730149425e-05,0.435414946749248,0.5427260779718425,0.0
476,23.8,4,3.7126045521012305e-07,0.4356400603127975,0.5427260779718425,0.0
476,23.8,5,4.64181025815023e-06,0.43562607017652,0.5427260779718425,0.0
477,23.85,0,1.7103266389839243e-06,0.33615296893543206,0.41254892504620005,0.0
477,23.85,1,1.687166246964629e-05,0.33611464540013225,0.41254892504620005,0.0
477,23.85,2,2.3335481359241358e-08,0.336157233455596,0.41254892504620005,0.0
477,23.85,3,6.219528571344826e-05,0.33600010791387114,0.41254892504620005,0.0
477,23.85,4,3.3413440968911074e-07,0.33615644778722614,0.41254892504620005,0.0
477,23.85,5,4.177629232335207e-06,0.33614673198109446,0.41254892504620005,0.0
478,23.900000000000002,0,1.539293975085532e-06,0.4061014064534202,0.5075752497191198,0.0
478,23.900000000000002,1,1.5184496222681661e-05,0.4060597379131562,0.5075752497191198,0.0
478,23.900000000000002,2,2.1001933223317223e-08,0.40610604316376653,0.5075752497191198,0.0
478,23.900000000000002,3,5.5975757142103434e-05,0.40593520020320584,0.5075752497191198,0.0
478,23.900000000000002,4,3.007209687201997e-07,0.40610518892588876,0.5075752497191197,0.0
478,23.900000000000002,5,3.7598663091016866e-06,0.40609462515150363,0.5075752497191198,0.0
479,23.950000000000003,0,1.3853645775769788e-06,0.3343549914935288,0.4098147063022782,0.0
479,23.950000000000003,1,1.3666046600413496e-05,0.33432411510367305,0.4098147063022782,0.0
479,23.950000000000003,2,1.89017399009855e-08,0.33435842727522563,0.40981470630227834,0.0
479,23.950000000000003,3,5.037818142789309e-05,0.33423183064669176,0.40981470630227834,0.0
479,23.950000000000003,4,2.706488718481797e-07,0.33435779428907997,0.40981470630227834,0.0
479,23.950000000000003,5,3.383879678191518e-06,0.3343499665715241,0.4098147063022783,0.0
480,24.0,0,1.2468281198192809e-06,0.3939759481423388,0.4924170515619064,0.0
480,24.0,1,1.2299441940372146e-05,0.3939432040402386,0.4924170515619064,0.0
480,24.0,2,1.701156591088695e-08,0.3939795917345163,0.4924170515619064,0.0
480,24.0,3,4.5340363285103785e-05,0.39384533538031563,0.4924170515619064,0.0
480,24.0,4,2.4358398466336175e-07,0.39397892046301414,0.4924170515619064,0.0
480,24.0,5,3.0454917103723664e-06,0.3939706192848125,0.4924170515619064,0.0
481,24.05,0,1.1221453078373528e-06,0.30670412784911744,0.3652169149836797,0.0
481,24.05,1,1.1069497746334931e-05,0.30668118605104133,0.3652169149836797,0.0
481,24.05,2,1.5310409319798256e-08,0.3067066806797029,0.3652169149836797,0.0
481,24.05,3,4.080632695659341e-05,0.30661261423229663,0.3652169149836797,0.0
481,24.05,4,2.192255861970256e-07,0.3067062103631442,0.3652169149836797,0.0
481,24.05,5,2.74094253933513e-06,0.3067003942570205,0.36521691498367975,0.0
482,24.1,0,1.0099307770536176e-06,0.38544732122571057,0.48146942865690373,0.0
482,24.1,1,9.962547971701439e-06,0.3854213724349261,0.48146942865690373,0.0
482,24.1,2,1.3779368387818431e-08,0.3854502086442839,0.48146942865690373,0.0
482,24.1,3,3.6725694260934066e-05,0.3853438116431853,0.48146942865690395,0.0
482,24.1,4,1.9730302757732304e-07,0.3854496766856481,0.48146942865690395,0.0
482,24.1,5,2.4668482854016172e-06,0.3854430982839376,0.4814694286569039,0.0
483,24.150000000000002,0,9.089376993482559e-07,0.29999913150234253,0.353555480205046,0.0
483,24.150000000000002,1,8.966293174531295e-06,0.2999809547547769,0.353555480205046,0.0
483,24.150000000000002,2,1.2401431549036588e-08,0.3000011540886781,0.353555480205046,0.0
483,24.150000000000002,3,3.305312483484066e-05,0.299926623780947,0.353555480205046,0.0
483,24.150000000000002,4,1.7757272481959075e-07,0.3000007814610554,0.353555480205046,0.0
483,24.150000000000002,5,2.2201634568614557e-06,0.2999961734024028,0.35355548020504596,0.0
484,24.200000000000003,0,8.180439294134303e-07,0.3657482897583198,0.4551792775036872,0.0
484,24.200000000000003,1,8.069663857078166e-06,0.36572834529242515,0.4551792775036872,0.0
484,24.200000000000003,2,1.116128839413293e-08,0.3657505090365249,0.45517927750368714,0.0
484,24.200000000000003,3,2.9747812351356598e-05,0.36566872977633386,0.45517927750368714,0.0
484,24.200000000000003,4,1.5981545233763168e-07,0.3657501001718425,0.4551792775036872,0.0
484,24.200000000000003,5,1.9981471111753103e-06,0.36574504398709773,0.45517927750368714,0.0
485,24.25,0,7.362395364720872e-07,0.2827255978098766,0.3215726261869774,0.0
485,24.25,1,7.262697471370349e-06,0.2827117222976716,0.3215726261869774,0.0
485,24.25,2,1.0045159554719637e-08,0.2827271417731357,0.3215726261869774,0.0
485,24.25,3,2.6773031116220937e-05,0.28267024686295134,0.3215726261869775,0.0
485,24.25,4,1.4383390710386852e-07,0.2827268573239486,0.3215726261869774,0.0
485,24.25,5,1.7983324000577793e-06,0.2827233397083528,0.32157262618697746,0.0
486,24.3,0,6.626155828248785e-07,0.36906819935817614,0.4597146375484231,0.0
486,24.3,1,6.536427724233314e-06,0.36905189761010443,0.4597146375484231,0.0
486,24.3,2,9.040643599247673e-09,0.36907001328956063,0.4597146375484231,0.0
486,24.3,3,2.4095728004598844e-05,0.3690031693815871,0.4597146375484231,0.0
486,24.3,4,1.2945051639348167e-07,0.3690696791033795,0.4597146375484232,0.0
486,24.3,5,1.6184991600520014e-06,0.3690655464167092,0.4597146375484231,0.0
487,24.35,0,5.963540245423907e-07,0.27086291003804697,0.2976241857351299,0.0
487,24.35,1,5.882784951809983e-06,0.27085214239537414,0.2976241857351299,0.0
487,24.35,2,8.136579239322906e-09,0.270864108174216,0.2976241857351299,0.0
487,24.35,3,2.168615520413896e-05,0.2708199560882109,0.2976241857351299,0.0
487,24.35,4,1.1650546475413351e-07,0.2708638874379363,0.2976241857351299,0.0
487,24.35,5,1.4566492440468014e-06,0.2708611577186374,0.2976241857351299,0.0
488,24.400000000000002,0,5.367186220881517e-07,0.3538152522539762,0.4384870013736423,0.0
488,24.400000000000002,1,5.294506456628985e-06,0.35380259349632043,0.4384870013736423,0.0
488,24.400000000000002,2,7.322921315390615e-09,0.3538166608148121,0.4384870013736422,0.0
488,24.400000000000002,3,1.9517539683725067e-05,0.35376475400705754,0.4384870013736423,0.0
488,24.400000000000002,4,1.0485491827872016e-07,0.3538164013114042,0.4384870013736422,0.0
488,24.400000000000002,5,1.3109843196421213e-06,0.3538131921793487,0.4384870013736422,0.0
489,24.450000000000003,0,4.830467598793365e-07,0.26447234135418674,0.2838866456322778,0.0
489,24.450000000000003,1,4.765055810966087e-06,0.2644638253053704,0.2838866456322778,0.0
489,24.450000000000003,2,6.590629183851554e-09,0.26447328894697564,0.2838866456322778,0.0
489,24.450000000000003,3,1.756578571535256e-05,0.26443836898547995,0.2838866456322778,0.0
489,24.450000000000003,4,9.436942645084815e-08,0.2644731143691304,0.2838866456322778,0.0
489,24.450000000000003,5,1.1798858876779091e-06,0.26447095546240995,0.2838866456322778,0.0
490,24.5,0,4.347420838914029e-07,0.3456761765936467,0.42672782118821945,0.0
490,24.5,1,4.288550229869478e-06,0.3456661588342816,0.42672782118821945,0.0
490,24.5,2,5.9315662654663986e-09,0.3456772912817692,0.42672782118821945,0.0
490,24.5,3,1.5809207143817304e-05,0.34563621337072054,0.42672782118821934,0.0
490,24.5,4,8.493248380576333e-08,0.34567708591948443,0.42672782118821945,0.0
490,24.5,5,1.0618972989101182e-06,0.3456745463175979,0.42672782118821945,0.0
491,24.55,0,3.912678755022626e-07,0.2544371984966448,0.26085903074506483,0.0
491,24.55,1,3.859695206882531e-06,0.2544305622130224,0.26085903074506483,0.0
491,24.55,2,5.338409638919759e-09,0.25443793692263317,0.26085903074506483,0.0
491,24.55,3,1.4228286429435574e-05,0.25441072466210213,0.26085903074506483,0.0
491,24.55,4,7.6439235425187e-08,0.25443780088025153,0.26085903074506483,0.0
491,24.55,5,9.557075690191064e-07,0.2544361185185893,0.26085903074506483,0.0
492,24.6,0,3.5214108795203634e-07,0.3429703214721105,0.42274583039528785,0.0
492,24.6,1,3.4737256861942777e-06,0.3429622705802317,0.42274583039528785,0.0
492,24.6,2,4.8045686750277834e-09,0.3429712173016086,0.42274583039528785,0.0
492,24.6,3,1.2805457786492016e-05,0.342938204269832,0.4227458303952878,0.0
492,24.6,4,6.87953118826683e-08,0.3429710522603384,0.42274583039528785,0.0
492,24.6,5,8.601368121171957e-07,0.34296901128451895,0.42274583039528785,0.0
493,24.650000000000002,0,3.169269791568327e-07,0.24604563749389644,0.23991202526362476,0.0
493,24.650000000000002,1,3.12635311757485e-06,0.24604043937532227,0.23991202526362476,0.0
493,24.650000000000002,2,4.3241118075250056e-09,0.24604621589211143,0.23991202526362476,0.0
493,24.650000000000002,3,1.1524912007842815e-05,0.24602490070455857,0.23991202526362476,0.0
493,24.650000000000002,4,6.191578069440148e-08,0.2460461093321405,0.23991202526362476,0.0
493,24.650000000000002,5,7.741231309054762e-07,0.24604479156236012,0.23991202526362473,0.0
494,24.700000000000003,0,2.8523428124114947e-07,0.3366428011620694,0.4132848945472442,0.0
494,24.700000000000003,1,2.8137178058173647e-06,0.33663640023544594,0.4132848945472442,0.0
494,24.700000000000003,2,3.891700626772505e-09,0.3366435133966707,0.41328489454724426,0.0
494,24.700000000000003,3,1.0372420807058534e-05,0.33661726593985997,0.4132848945472443,0.0
494,24.700000000000003,4,5.572420262496133e-08,0.3366433821796498,0.41328489454724426,0.0
494,24.700000000000003,5,6.967108178149286e-07,0.3366417594889101,0.41328489454724426,0.0
495,24.75,0,2.5671085311703454e-07,0.24088072679987466,0.22605638625201283,0.0
495,24.75,1,2.5323460252356283e-06,0.24087660469986474,0.22605638625201283,0.0
495,24.75,2,3.502530564095255e-09,0.24088118546767853,0.22605638625201277,0.0
495,24.75,3,9.33517872635268e-06,0.24086428245296088,0.22605638625201283,0.0
495,24.75,4,5.01517823624652e-08,0.24088110096600288,0.22605638625201283,0.0
495,24.75,5,6.270397360334357e-07,0.24088005597867065,0.22605638625201283,0.0
496,24.8,0,2.310397678053311e-07,0.3281633320261066,0.4002560152324324,0.0
496,24.8,1,2.2791114227120655e-06,0.32815827786089324,0.4002560152324324,0.0
496,24.8,2,3.1522775076857295e-09,0.32816389440462934,0.4002560152324324,0.0
496,24.8,3,8.401660853717413e-06,0.3281431693245502,0.4002560152324324,0.0
496,24.8,4,4.513660412621868e-08,0.32816379079604113,0.4002560152324324,0.0
496,24.8,5,5.643357624300922e-07,0.3281625095233528,0.4002560152324324,0.0
497,24.85,0,2.0793579102479797e-07,0.23715314193711498,0.21550380729912622,0.0
497,24.85,1,2.051200280440859e-06,0.2371498546992227,0.21550380729912622,0.0
497,24.85,2,2.8370497569171566e-09,0.23715350770875654,0.21550380729912624,0.0
497,24.85,3,7.561494768345672e-06,0.2371400280486512,0.21550380729912622,0.0
497,24.85,4,4.0622943713596814e-08,0.23715344032161595,0.21550380729912624,0.0
497,24.85,5,5.079021861870829e-07,0.2371526069802526,0.21550380729912622,0.0
498,24.900000000000002,0,1.8714221192231818e-07,0.3203825472847902,0.38791590287468947,0.0
498,24.900000000000002,1,1.8460802523967732e-06,0.32037855047081126,0.38791590287468947,0.0
498,24.900000000000002,2,2.553344781225441e-09,0.32038299201074555,0.38791590287468947,0.0
498,24.900000000000002,3,6.805345291511105e-06,0.3203666026254829,0.3879159028746895,0.0
498,24.900000000000002,4,3.6560649342237134e-08,0.32038291007763475,0.3879159028746895,0.0
498,24.900000000000002,5,4.5711196756837466e-07,0.320381896853694,0.38791590287468947,0.0
499,24.950000000000003,0,1.6842799073008636e-07,0.23367057790095794,0.2051550446103543,0.0
499,24.950000000000003,1,1.6614722271570959e-06,0.2336679543354066,0.2051550446103543,0.0
499,24.950000000000003,2,2.2980103031028973e-09,0.23367086982518612,0.2051550446103543,0.0
499,24.950000000000003,3,6.124810762359994e-06,0.23366011157901037,0.2051550446103543,0.0
499,24.950000000000003,4,3.2904584408013424e-08,0.23367081604316947,0.2051550446103543,0.0
499,24.950000000000003,5,4.114007708115372e-07,0.2336701509489711,0.20515504461035428,0.0
500,25.0,0,1.5158519165707773e-07,0.3137565402737455,0.37708901126175265,0.0
500,25.0,1,1.4953250044413863e-06,0.3137533698052142,0.37708901126175265,0.0
500,25.0,2,2.0682092727926078e-09,0.3137568930516528,0.37708901126175265,0.0
500,25.0,3,5.512329686123995e-06,0.3137438921416644,0.37708901126175265,0.0
500,25.0,4,2.9614125967212083e-08,0.3137568280583963,0.37708901126175265,0.0
500,25.0,5,3.702606937303835e-07,0.3137560243204996,0.3770890112617525,0.0
501,25.05,0,1.3642667249136996e-07,0.23034299368454564,0.19475378686985426,0.0
501,25.05,1,1.3457925039972478e-06,0.2303408988563419,0.19475378686985426,0.0
501,25.05,2,1.861388345513347e-09,0.23034322677585722,0.1947537868698543,0.0
501,25.05,3,4.961096717511596e-06,0.23033463665273202,0.19475378686985434,0.0
501,25.05,4,2.6652713370490876e-08,0.23034318383279775,0.19475378686985434,0.0
501,25.05,5,3.3323462435734517e-07,0.23034265277817365,0.19475378686985434,0.0
502,25.1,0,1.2278400524223296e-07,0.30780012770694426,0.36708379818155873,0.0
502,25.1,1,1.2112132535975231e-06,0.30779760837772563,0.36708379818155873,0.0
502,25.1,2,1.6752495109620124e-09,0.307800408032288,0.36708379818155873,0.0
502,25.1,3,4.4649870457604365e-06,0.3077900771716126,0.36708379818155884,0.0
502,25.1,4,2.3987442033441787e-08,0.307800356387174,0.36708379818155884,0.0
502,25.1,5,2.9991116192161067e-07,0.30779971771865294,0.36708379818155884,0.0
503,25.150000000000002,0,1.1050560471800966e-07,0.22740652817417115,0.18509023863226126,0.0
503,25.150000000000002,1,1.090091928237771e-06,0.2274048529931009,0.18509023863226126,0.0
503,25.150000000000002,2,1.5077245598658111e-09,0.22740671457120043,0.18509023863226123,0.0
503,25.150000000000002,3,4.018488341184393e-06,0.22739984524908052,0.18509023863226123,0.0
503,25.150000000000002,4,2.158869783009761e-08,0.22740668023076105,0.18509023863226123,0.0
503,25.150000000000002,5,2.699200457294496e-07,0.2274062555601875,0.18509023863226126,0.0
504,25.200000000000003,0,9.94550442462087e-08,0.30212235330050774,0.35728591362254764,0.0
504,25.200000000000003,1,9.810827354139939e-07,0.3021203502847325,0.35728591362254764,0.0
504,25.200000000000003,2,1.35695210387923e-09,0.3021225761755355,0.35728591362254764,0.0
504,25.200000000000003,3,3.6166395070659535e-06,0.3021143625105574,0.35728591362254764,0.0
504,25.200000000000003,4,1.942982804708785e-08,0.3021225351146552,0.3572859136225475,0.0
504,25.200000000000003,5,2.4292804115650464e-07,0.3021220273357864,0.35728591362254764,0.0
505,25.25,0,8.950953982158783e-08,0.22498492427145622,0.17672392209141374,0.0
505,25.25,1,8.829744618725946e-07,0.22498358182308123,0.17672392209141374,0.0
505,25.25,2,1.221256893491307e-09,0.22498507364526807,0.17672392209141374,0.0
505,25.25,3,3.254975556359358e-06,0.224979568729865,0.17672392209141377,0.0
505,25.25,4,1.7486845242379063e-08,0.22498504612572012,0.17672392209141374,0.0
505,25.25,5,2.1863523704085418e-07,0.2249847058055377,0.17672392209141374,0.0
506,25.3,0,8.055858583942906e-08,0.2965943955352717,0.3474812498761177,0.0
506,25.3,1,7.946770156853351e-07,0.29659280277738215,0.3474812498761177,0.0
506,25.3,2,1.0991312041421763e-09,0.2965945727608826,0.3474812498761177,0.0
506,25.3,3,2.9294780007234224e-06,0.29658804140696826,0.3474812498761177,0.0
506,25.3,4,1.5738160718141158e-08,0.2965945401101221,0.3474812498761177,0.0
506,25.3,5,1.9677171333676876e-07,0.2965941363348217,0.3474812498761177,0.0
507,25.35,0,7.250272725548615e-08,0.22306371027044997,0.16979337402189265,0.0
507,25.35,1,7.152093141168017e-07,0.22306263217209968,0.16979337402189265,0.0
507,25.35,2,9.892180837279586e-10,0.22306383023003667,0.16979337402189265,0.0
507,25.35,3,2.6365302006510803e-06,0.22305940931477036,0.16979337402189265,0.0
507,25.35,4,1.4164344646327042e-08,0.22306380812955345,0.16979337402189265,0.0
507,25.35,5,1.770945420030919e-07,0.22306353482412974,0.16979337402189265,0.0
508,25.400000000000002,0,6.525245452993753e-08,0.29123500667775526,0.3377039191110253,0.0
508,25.400000000000002,1,6.436883827051215e-07,0.29123373985557466,0.3377039191110253,0.0
508,25.400000000000002,2,8.902962753551628e-10,0.29123514763652925,0.3377039191110253,0.0
508,25.400000000000002,3,2.3728771805859723e-06,0.29122995282507247,0.3377039191110253,0.0
508,25.400000000000002,4,1.2747910181694338e-08,0.29123512166730886,0.3377039191110253,0.0
508,25.400000000000002,5,1.5938508780278272e-07,0.2912348005191593,0.3377039191110253,0.0
509,25.450000000000003,0,5.872720907694378e-08,0.2215650314533096,0.16418407848656957,0.0
509,25.450000000000003,1,5.793195444346094e-07,0.2215641640603105,0.16418407848656957,0.0
509,25.450000000000003,2,8.012666478196465e-10,0.22156512796774097,0.1641840784865696,0.0
509,25.450000000000003,3,2.135589462527375e-06,0.2215615710785743,0.16418407848656963,0.0
509,25.450000000000003,4,1.1473119163524905e-08,0.22156511018662375,0.1641840784865696,0.0
509,25.450000000000003,5,1.4344657902250446e-07,0.22156489029657042,0.1641840784865696,0.0
510,25.5,0,5.2854488169249407e-08,0.2861037380876324,0.328069832131992,0.0
510,25.5,1,5.213875899911485e-07,0.2861027300405269,0.328069832131992,0.0
510,25.5,2,7.211399830376819e-10,0.2861038502525573,0.328069832131992,0.0
510,25.5,3,1.9220305162746374e-06,0.2860997165853712,0.328069832131992,0.0
510,25.5,4,1.0325807247172414e-08,0.28610382958810743,0.32806983213199203,0.0
510,25.5,5,1.2910192112025403e-07,0.2861035740413262,0.32806983213199203,0.0
511,25.55,0,4.756903935232447e-08,0.2204004764102187,0.1596893674125985,0.0
511,25.55,1,4.6924883099203365e-07,0.2203997775144427,0.1596893674125985,0.0
511,25.55,2,6.490259847339138e-10,0.22040055417600513,0.1596893674125985,0.0
511,25.55,3,1.7298274646471737e-06,0.22039768823444508,0.15968936741259854,0.0
511,25.55,4,9.293226522455173e-09,0.22040053984900249,0.1596893674125985,0.0
511,25.55,5,1.1619172900822863e-07,0.22040036267421184,0.1596893674125985,0.0
512,25.6,0,4.2812135417092026e-08,0.2812519112976687,0.3186926455183036,0.0
512,25.6,1,4.223239478928303e-07,0.2812511086259656,0.3186926455183036,0.0
512,25.6,2,5.841233862605224e-10,0.28125200061053435,0.3186926455183036,0.0
512,25.6,3,1.5568447181824563e-06,0.2812487091164537,0.3186926455183036,0.0
512,25.6,4,8.363903870209656e-09,0.2812519841561821,0.3186926455183036,0.0
512,25.6,5,1.0457255610740577e-07,0.2812517806735262,0.3186926455183036,0.0
513,25.650000000000002,0,3.853092187538282e-08,0.21949316545510228,0.15609784212878905,0.0
513,25.650000000000002,1,3.8009155310354727e-07,0.21949260167979742,0.15609784212878905,0.0
513,25.650000000000002,2,5.257110476344701e-10,0.21949322818607855,0.15609784212878905,0.0
513,25.650000000000002,3,1.4011602463642106e-06,0.21949091632696804,0.15609784212878902,0.0
513,25.650000000000002,4,7.52751348318869e-09,0.2194932166289803,0.15609784212878902,0.0
513,25.650000000000002,5,9.41153004966652e-08,0.21949307370818247,0.15609784212878905,0.0
514,25.700000000000003,0,3.467782968784454e-08,0.27670998665279395,0.3096571870885614,0.0
514,25.700000000000003,1,3.4208239779319253e-07,0.2767093469879983,0.3096571870885614,0.0
514,25.700000000000003,2,4.731399428710231e-10,0.27671005782794245,0.3096571870885614,0.0
514,25.700000000000003,3,1.2610442217277896e-06,0.27670743476968823,0.3096571870885613,0.0
514,25.700000000000003,4,6.774762134869822e-09,0.2767100447151515,0.3096571870885613,0.0
514,25.700000000000003,5,8.470377044699869e-08,0.27670988255588247,0.30965718708856144,0.0
515,25.75,0,3.121004671906009e-08,0.21878285643256737,0.1532273954814022,0.0
515,25.75,1,3.078741580138733e-07,0.2187824012522565,0.1532273954814022,0.0
515,25.75,2,4.258259485839208e-10,0.2187829070802222,0.1532273954814022,0.0
515,25.75,3,1.1349397995550107e-06,0.21878104053245823,0.15322739548140218,0.0
515,25.75,4,6.09728592138284e-09,0.2187828977492673,0.1532273954814022,0.0
515,25.75,5,7.623339340229883e-08,0.2187827823580521,0.1532273954814022,0.0
516,25.8,0,2.808904204715408e-08,0.27248942104585683,0.30101801981711346,0.0
516,25.8,1,2.77086742212486e-07,0.27248891082009336,0.30101801981711346,0.0
516,25.8,2,3.8324335372552873e-10,0.27248947781838095,0.30101801981711346,0.0
516,25.8,3,1.0214458195995098e-06,0.2724873855462888,0.3010180198171134,0.0
516,25.8,4,5.487557329244556e-09,0.2724894673590248,0.30101801981711346,0.0
516,25.8,5,6.861005406206895e-08,0.27248933801343717,0.30101801981711346,0.0
517,25.85,0,2.5280137842438673e-08,0.21822436922809832,0.15093214830679233,0.0
517,25.85,1,2.493780679912374e-07,0.21822400147313897,0.15093214830679233,0.0
517,25.85,2,3.449190183529759e-10,0.2182244101479743,0.15093214830679233,0.0
517,25.85,3,9.193012376395588e-07,0.21822290210248949,0.1509321483067923,0.0
517,25.85,4,4.9388015963201e-09,0.21822440260919468,0.15093214830679233,0.0
517,25.85,5,6.174904865586205e-08,0.21822430938090173,0.15093214830679233,0.0
518,25.900000000000002,0,2.2752124058194807e-08,0.26858803452603913,0.29280556791233897,0.0
518,25.900000000000002,1,2.2444026119211367e-07,0.26858762716029927,0.29280556791233897,0.0
518,25.900000000000002,2,3.104271165176783e-10,0.2685880798533787,0.29280556791233897,0.0
518,25.900000000000002,3,8.273711138756029e-07,0.26858640937631906,0.29280556791233897,0.0
518,25.900000000000002,4,4.444921436688091e-09,0.2685880715026001,0.29280556791233897,0.0
518,25.900000000000002,5,5.557414379027585e-08,0.2685879682327233,0.29280556791233897,0.0
519,25.950000000000003,0,2.0476911652375326e-08,0.21778430896344145,0.14909871939113137,0.0
519,25.950000000000003,1,2.019962350729023e-07,0.21778401168256586,0.14909871939113137,0.0
519,25.950000000000003,2,2.793844048659105e-10,0.21778434204170175,0.14909871939113137,0.0
519,25.950000000000003,3,7.446340024880426e-07,0.2177831229873003,0.14909871939113137,0.0
519,25.950000000000003,4,4.000429293019282e-09,0.21778433594760424,0.14909871939113137,0.0
519,25.950000000000003,5,5.001672941124827e-08,0.21778426058496547,0.14909871939113137,0.0
520,26.0,0,1.8429220487137793e-08,0.26499495662060385,0.28503287824753193,0.0
520,26.0,1,1.817966115656121e-07,0.2649946310684784,0.28503287824753193,0.0
520,26.0,2,2.5144596437931946e-10,0.26499499284458583,0.28503287824753193,0.0
520,26.0,3,6.701706022392384e-07,0.2649936578584937,0.28503287824753193,0.0
520,26.0,4,3.600386363717354e-09,0.26499498617094364,0.28503287824753193,0.0
520,26.0,5,4.5015056470123444e-08,0.26499490364136435,0.2850328782475319,0.0
521,26.05,0,1.6586298438424015e-08,0.21743796665111645,0.14763973792618637,0.0
521,26.05,1,1.6361695040905088e-07,0.21743772623651383,0.14763973792618637,0.0
521,26.05,2,2.263013679413875e-10,0.2174379934018974,0.14763973792618637,0.0
521,26.05,3,6.031535420153145e-07,0.21743700753761905,0.1476397379261864,0.0
521,26.05,4,3.2403477273456187e-09,0.21743798847352863,0.14763973792618637,0.0
521,26.05,5,4.05135508231111e-08,0.21743792752686833,0.14763973792618637,0.0
522,26.1,0,1.4927668594581613e-08,0.2616942637634759,0.2777010378542148,0.0
522,26.1,1,1.472552553681458e-07,0.2616940033507502,0.2777010378542148,0.0
522,26.1,2,2.0367123114724875e-10,0.26169429273943345,0.2777010378542148,0.0
522,26.1,3,5.42838187813783e-07,0.26169322486899405,0.2777010378542148,0.0
522,26.1,4,2.916312954611057e-09,0.2616942874011144,0.2777010378542148,0.0
522,26.1,5,3.646219574079999e-08,0.2616942213848039,0.2777010378542148,0.0
523,26.150000000000002,0,1.3434901735123451e-08,0.21716689214732532,0.1464876875704814,0.0
523,26.150000000000002,1,1.325297298313312e-07,0.21716669765424745,0.1464876875704814,0.0
523,26.150000000000002,2,1.8330410803252388e-10,0.21716691378844452,0.14648768757048142,0.0
523,26.150000000000002,3,4.885543690324048e-07,0.21716611623356472,0.1464876875704814,0.0
523,26.150000000000002,4,2.6246816591499516e-09,0.2171669098014426,0.14648768757048142,0.0
523,26.150000000000002,5,3.281597616671999e-08,0.21716686049619166,0.14648768757048142,0.0
524,26.200000000000003,0,1.2091411561611106e-08,0.25866742114382085,0.27080307573904555,0.0
524,26.200000000000003,1,1.192767568481981e-07,0.258667212649228,0.27080307573904555,0.0
524,26.200000000000003,2,1.649736972292715e-10,0.2586674443428784,0.27080307573904555,0.0
524,26.200000000000003,3,4.396989321291643e-07,0.2586665893720761,0.2708030757390455,0.0
524,26.200000000000003,4,2.3622134932349564e-09,0.25866744006885334,0.27080307573904555,0.0
524,26.200000000000003,5,2.9534378550047995e-08,0.25866738721413024,0.27080307573904555,0.0
525,26.25,0,1.0882270405449997e-08,0.21695712860943053,0.14558994798769165,0.0
525,26.25,1,1.0734908116337829e-07,0.21695697122219185,0.14558994798769165,0.0
525,26.25,2,1.4847632750634434e-10,0.21695714612180525,0.14558994798769165,0.0
525,26.25,3,3.957290389162479e-07,0.21695650072612152,0.14558994798769165,0.0
525,26.25,4,2.125992143911461e-09,0.21695714289545315,0.14558994798769168,0.0
525,26.25,5,2.6580940695043197e-08,0.21695710299677534,0.14558994798769168,0.0
526,26.3,0,9.794043364904997e-09,0.2558948512081187,0.26432666828917356,0.0
526,26.3,1,9.661417304704046e-08,0.2558946841376598,0.26432666828917356,0.0
526,26.3,2,1.336286947557099e-10,0.2558948697979382,0.26432666828917356,0.0
526,26.3,3,3.5615613502462313e-07,0.25589418469433045,0.26432666828917356,0.0
526,26.3,4,1.913392929520315e-09,0.2558948663730855,0.2643266682891735,0.0
526,26.3,5,2.3922846625538876e-08,0.2558948240196506,0.26432666828917356,0.0
527,26.35,0,8.814639028414497e-09,0.21679796379598362,0.14490504721485917,0.0
527,26.35,1,8.695275574233642e-08,0.2167978364058358,0.14490504721485917,0.0
527,26.35,2,1.202658252801389e-10,0.21679797797060057,0.14490504721485917,0.0
527,26.35,3,3.2054052152216084e-07,0.2167974555834643,0.14490504721485914,0.0
527,26.35,4,1.7220536365682834e-09,0.21679797535917258,0.14490504721485917,0.0
527,26.35,5,2.153056196298499e-08,0.21679794306495256,0.14490504721485917,0.0
528,26.400000000000002,0,7.933175125573047e-09,0.25335691569494606,0.25825600382561503,0.0
528,26.400000000000002,1,7.825748016810277e-08,0.2533567817100236,0.25825600382561503,0.0
528,26.400000000000002,2,1.0823924275212502e-10,0.2533569306033587,0.2582560038256151,0.0
528,26.400000000000002,3,2.884864693699448e-07,0.25335638117306575,0.25825600382561503,0.0
528,26.400000000000002,4,1.549848272911455e-09,0.2533569278567416,0.2582560038256151,0.0
528,26.400000000000002,5,1.937750576668649e-08,0.2533568938907048,0.25825600382561503,0.0
529,26.450000000000003,0,7.139857613015742e-09,0.21668105181038716,0.14439989371692682,0.0
529,26.450000000000003,1,7.04317321512925e-08,0.216680948680006,0.14439989371692682,0.0
529,26.450000000000003,2,9.741531847691252e-11,0.21668106328563522,0.14439989371692682,0.0
529,26.450000000000003,3,2.596378224329503e-07,0.21668064038013912,0.14439989371692682,0.0
529,26.450000000000003,4,1.3948634456203096e-09,0.2166810611715193,0.14439989371692682,0.0
529,26.450000000000003,5,1.743975519001784e-08,0.21668103502730723,0.14439989371692682,0.0
530,26.5,0,6.4258718517141685e-09,0.2510345167305093,0.25257308066463435,0.0
530,26.5,1,6.338855893616324e-08,0.2510344091975374,0.25257308066463435,0.0
530,26.5,2,8.767378662922127e-11,0.25103452869563037,0.25257308066463435,0.0
530,26.5,3,2.3367404018965527e-07,0.25103408773645197,0.25257308066463435,0.0
530,26.5,4,1.2553771010582787e-09,0.2510345264912638,0.25257308066463435,0.0
530,26.5,5,1.5695779671016056e-08,0.2510344992309674,0.2525730806646343,0.0
531,26.55,0,5.783284666542752e-09,0.21659979173589866,0.14404774015881397,0.0
531,26.55,1,5.704970304254692e-08,0.21659970823161354,0.14404774015881397,0.0
531,26.55,2,7.890640796629915e-11,0.2165998010273638,0.14404774015881397,0.0
531,26.55,3,2.1030663617068975e-07,0.21659945860231275,0.14404774015881397,0.0
531,26.55,4,1.1298393909524508e-09,0.21659979931557208,0.14404774015881397,0.0
531,26.55,5,1.412620170391445e-08,0.21659977814670198,0.14404774015881397,0.0
532,26.6,0,5.204956199888477e-09,0.24890945271811873,0.24725862588783212,0.0
532,26.6,1,5.134473273829223e-08,0.24890936635374336,0.24725862588783212,0.0
532,26.6,2,7.101576716966923e-11,0.2489094623278239,0.24725862588783212,0.0
532,26.6,3,1.8927597255362077e-07,0.24890910817441333,0.2472586258878321,0.0
532,26.6,4,1.0168554518572057e-09,0.24890946055740196,0.24725862588783207,0.0
532,26.6,5,1.2713581533523006e-08,0.24890943866348114,0.24725862588783212,0.0
533,26.650000000000002,0,4.68446057989963e-09,0.21654888325061158,0.1438266790229229,0.0
533,26.650000000000002,1,4.621025946446301e-08,0.21654881562803535,0.1438266790229229,0.0
533,26.650000000000002,2,6.39141904527023e-11,0.2165488907749294,0.1438266790229229,0.0
533,26.650000000000002,3,1.703483752982587e-07,0.2165486134757863,0.1438266790229229,0.0
533,26.650000000000002,4,9.151699066714852e-10,0.216548889388704,0.1438266790229229,0.0
533,26.650000000000002,5,1.1442223380170705e-08,0.21654887224594926,0.1438266790229229,0.0
534,26.700000000000003,0,4.216014521909667e-09,0.24696461597764094,0.2422927563081315,0.0
534,26.700000000000003,1,4.1589233518016704e-08,0.24696454656908412,0.2422927563081315,0.0
534,26.700000000000003,2,5.752277140743208e-11,0.24696462370068345,0.2422927563081315,0.0
534,26.700000000000003,3,1.5331353776843282e-07,0.24696433907777607,0.2422927563081314,0.0
534,26.700000000000003,4,8.236529160043366e-10,0.24696462227784652,0.2422927563081314,0.0
534,26.700000000000003,5,1.0298001042153635e-08,0.24696460468233455,0.2422927563081315,0.0
535,26.75,0,3.7944130697187004e-09,0.2165240050985259,0.14371852384443615,0.0
535,26.75,1,3.7430310166215033e-08,0.21652395033053018,0.14371852384443615,0.0
535,26.75,2,5.177049426668887e-11,0.21652401119252315,0.1437185238444361,0.0
535,26.75,3,1.3798218399158955e-07,0.2165237866059942,0.14371852384443615,0.0
535,26.75,4,7.41287624403903e-10,0.21652401006980956,0.1437185238444361,0.0
535,26.75,5,9.268200937938272e-09,0.21652399618577345,0.1437185238444361,0.0
536,26.8,0,3.4149717627468305e-09,0.24518408760382837,0.23765545938474655,0.0
536,26.8,1,3.368727914959353e-08,0.24518403178822895,0.23765545938474655,0.0
536,26.8,2,4.659344484001998e-11,0.24518409381439163,0.23765545938474655,0.0
536,26.8,3,1.241839655924306e-07,0.2451838649319569,0.23765545938474653,0.0
536,26.8,4,6.671588619635127e-10,0.24518409267020286,0.23765545938474655,0.0
536,26.8,5,8.341380844144445e-09,0.24518407852059268,0.23765545938474653,0.0
537,26.85,0,3.0734745864721476e-09,0.21652158007401612,0.14370797245793931,0.0
537,26.85,1,3.031855123463418e-08,0.2165215357124353,0.14370797245793931,0.0
537,26.85,2,4.1934100356017986e-11,0.2165215850100986,0.14370797245793931,0.0
537,26.85,3,1.1176556903318754e-07,0.21652140309702947,0.14370797245793931,0.0
537,26.85,4,6.004429757671615e-10,0.21652158410071082,0.14370797245793931,0.0
537,26.85,5,7.507242759730001e-09,0.21652157285476745,0.14370797245793931,0.0
538,26.900000000000002,0,2.766127127824933e-09,0.24355316530231597,0.2333269443520524,0.0
538,26.900000000000002,1,2.7286696111170765e-08,0.24355312039241273,0.2333269443520524,0.0
538,26.900000000000002,2,3.7740690320416186e-11,0.24355317029940976,0.23332694435205237,0.0
538,26.900000000000002,3,1.0058901212986879e-07,0.2435529861378352,0.23332694435205237,0.0
538,26.900000000000002,4,5.403986781904453e-10,0.24355316937878171,0.2333269443520524,0.0
538,26.900000000000002,5,6.756518483757001e-09,0.2435531579938353,0.23332694435205245,0.0
539,26.950000000000003,0,2.4895144150424397e-09,0.21653860190865273,0.1437819788886288,0.0
539,26.950000000000003,1,2.4558026500053688e-08,0.2165385659729466,0.1437819788886288,0.0
539,26.950000000000003,2,3.396662128837457e-11,0.21653860590719384,0.1437819788886288,0.0
539,26.950000000000003,3,9.053011091688191e-08,0.21653845854601203,0.1437819788886288,0.0
539,26.950000000000003,4,4.863588103714008e-10,0.2165386051705318,0.14378197888862873,0.0
539,26.950000000000003,5,6.080866635381301e-09,0.21653859606060158,0.1437819788886288,0.0
540,27.0,0,2.2405629735381958e-09,0.24205834767949164,0.22928789697109206,0.0
540,27.0,1,2.2102223850048318e-08,0.24205831152573482,0.22928789697109206,0.0
540,27.0,2,3.0569959159537116e-11,0.24205835170229506,0.22928789697109206,0.0
540,27.0,3,8.147709982519372e-08,0.24205820344695134,0.2292878969710921,0.0
540,27.0,4,4.3772292933426073e-10,0.2420583509611631,0.229287896971092,0.0
540,27.0,5,5.472779971843171e-09,0.2420583417959557,0.22928789697109198,0.0
541,27.05,0,2.016506676184376e-09,0.21657250709143094,0.14392928113992598,0.0
541,27.05,1,1.9892001465043485e-08,0.21657247797895082,0.14392928113992598,0.0
541,27.05,2,2.7512963243583405e-11,0.21657251033075636,0.14392928113992598,0.0
541,27.05,3,7.332938984267436e-08,0.2165723909495018,0.14392928113992598,0.0
541,27.05,4,3.9395063640083466e-10,0.2165725097339667,0.14392928113992598,0.0
541,27.05,5,4.925501974658854e-09,0.21657250235376782,0.143929281139926,0.0
542,27.1,0,1.8148560085659386e-09,0.24068729071441541,0.22551966100333556,0.0
542,27.1,1,1.790280131853914e-08,0.24068726159574427,0.22551966100333556,0.0
542,27.1,2,2.4761666919225067e-11,0.2406872939544297,0.22551966100333556,0.0
542,27.1,3,6.599645085840693e-08,0.24068717454778513,0.22551966100333554,0.0
542,27.1,4,3.545555727607512e-10,0.24068729335751307,0.22551966100333554,0.0
542,27.1,5,4.432951777192969e-09,0.2406872859757448,0.22551966100333554,0.0
543,27.150000000000002,0,1.6333704077093446e-09,0.21662107966540045,0.1441400461623408,0.0
543,27.150000000000002,1,1.6112521186685224e-08,0.2166210560790025,0.1441400461623408,0.0
543,27.150000000000002,2,2.228550022730256e-11,0.21662108228984253,0.1441400461623408,0.0
543,27.150000000000002,3,5.939680577256624e-08,0.2166209855693337,0.1441400461623408,0.0
543,27.150000000000002,4,3.1910001548467607e-10,0.21662108180633446,0.1441400461623408,0.0
543,27.150000000000002,5,3.989656599473672e-09,0.21662107582703266,0.1441400461623408,0.0
544,27.200000000000003,0,1.4700333669384102e-09,0.23942874713983758,0.22200436309518454,0.0
544,27.200000000000003,1,1.4501269068016703e-08,0.23942872367704449,0.22200436309518454,0.0
544,27.200000000000003,2,2.0056950204572306e-11,0.23942874975052614,0.22200436309518448,0.0
544,27.200000000000003,3,5.3457125195309615e-08,0.23942865353688103,0.22200436309518448,0.0
544,27.200000000000003,4,2.871900139362085e-10,0.23942874926955193,0.22200436309518448,0.0
544,27.200000000000003,5,3.590690939526305e-09,0.2394287433215848,0.22200436309518454,0.0
545,27.25,0,1.3230300302445692e-09,0.2166823803954312,0.1444056030389941,0.0
545,27.25,1,1.3051142161215033e-08,0.21668236128504215,0.1444056030389941,0.0
545,27.25,2,1.8051255184115075e-11,0.2166823825218308,0.1444056030389941,0.0
545,27.25,3,4.8111412675778653e-08,0.21668230415604517,0.1444056030389941,0.0
545,27.25,4,2.5847101254258765e-10,0.21668238213007845,0.1444056030389941,0.0
545,27.25,5,3.2316218455736745e-09,0.2166823772854734,0.1444056030389941,0.0
546,27.3,0,1.1907270272201124e-09,0.23827249613875304,0.21872499363443998,0.0
546,27.3,1,1.174602794509353e-08,0.23827247722566886,0.21872499363443998,0.0
546,27.3,2,1.6246129665703567e-11,0.23827249824319868,0.21872499363443995,0.0
546,27.3,3,4.330027140820079e-08,0.23827242068649795,0.21872499363443998,0.0
546,27.3,4,2.3262391128832888e-10,0.23827249785549096,0.21872499363443998,0.0
546,27.3,5,2.908459661016307e-09,0.23827249306090398,0.21872499363443998,0.0
547,27.35,0,1.0716543244981012e-09,0.21675469400382766,0.14471824241702894,0.0
547,27.35,1,1.0571425150584176e-08,0.21675467851924646,0.14471824241702894,0.0
547,27.35,2,1.4621516699133212e-11,0.21675469572678616,0.14471824241702894,0.0
547,27.35,3,3.897024426738071e-08,0.2167546322293136,0.14471824241702894,0.0
547,27.35,4,2.09361520159496e-10,0.21675469540936085,0.14471824241702894,0.0
547,27.35,5,2.6176136949146764e-09,0.21675469148392118,0.14471824241702894,0.0
548,27.400000000000002,0,9.644888920482912e-10,0.2372092684931527,0.21566545334621043,0.0
548,27.400000000000002,1,9.514282635525759e-09,0.23720925324191397,0.21566545334621043,0.0
548,27.400000000000002,2,1.3159365029219892e-11,0.23720927019014734,0.21566545334621043,0.0
548,27.400000000000002,3,3.507321984064264e-08,0.23720920764953948,0.21566545334621046,0.0
548,27.400000000000002,4,1.884253681435464e-10,0.23720926987750546,0.21566545334621043,0.0
548,27.400000000000002,5,2.355852325423209e-09,0.23720926601121956,0.21566545334621043,0.0
549,27.450000000000003,0,8.68040002843462e-10,0.21683648979763048,0.1450710654001408,0.0
549,27.450000000000003,1,8.562854371973184e-09,0.21683647725038652,0.1450710654001408,0.0
549,27.450000000000003,2,1.1843428526297903e-11,0.21683649119375356,0.1450710654001408,0.0
549,27.450000000000003,3,3.1565897856578376e-08,0.21683643974139027,0.1450710654001408,0.0
549,27.450000000000003,4,1.6958283132919176e-10,0.216836490936542,0.14507106540014078,0.0
549,27.450000000000003,5,2.1202670928808883e-09,0.21683648775573597,0.1450710654001408,0.0
550,27.5,0,7.812360025591158e-10,0.2362306707307933,0.21281057339399168,0.0
550,27.5,1,7.706568934775866e-09,0.23623065842825378,0.21281057339399168,0.0
550,27.5,2,1.0659085673668113e-11,0.23623067209968826,0.21281057339399168,0.0
550,27.5,3,2.840930807092054e-08,0.23623062165078182,0.21281057339399168,0.0
550,27.5,4,1.526245481962726e-10,0.236230671847493,0.21281057339399168,0.0
550,27.5,5,1.9082403835927995e-09,0.23623066872872114,0.2128105733939917,0.0
551,27.55,0,7.031124023032043e-10,0.21692639219216178,0.14545786906841604,0.0
551,27.55,1,6.93591204129828e-09,0.21692638202468034,0.14545786906841604,0.0
551,27.55,2,9.593177106301302e-12,0.21692639332349034,0.14545786906841604,0.0
551,27.55,3,2.5568377263828484e-08,0.21692635162979573,0.14545786906841604,0.0
551,27.55,4,1.3736209337664534e-10,0.21692639311506262,0.14545786906841604,0.0
551,27.55,5,1.7174163452335195e-09,0.2169263905375415,0.14545786906841604,0.0
552,27.6,0,6.328011620728838e-10,0.23532911067912804,0.21014611523586502,0.0
552,27.6,1,6.242320837168452e-09,0.235329100752102,0.21014611523586502,0.0
552,27.6,2,8.633859395671172e-12,0.23532911178370125,0.21014611523586502,0.0
552,27.6,3,2.3011539537445637e-08,0.23532907107603968,0.21014611523586502,0.0
552,27.6,4,1.236258840389808e-10,0.23532911158020273,0.21014611523586504,0.0
552,27.6,5,1.5456747107101676e-09,0.23532910906363863,0.21014611523586502,0.0
553,27.650000000000002,0,5.695210458655954e-10,0.21702315851059056,0.1458730588562234,0.0
553,27.650000000000002,1,5.618088753451607e-09,0.21702315027125677,0.1458730588562234,0.0
553,27.650000000000002,2,7.770473456104055e-12,0.21702315942737543,0.1458730588562234,0.0
553,27.650000000000002,3,2.0710385583701073e-08,0.21702312564041726,0.1458730588562234,0.0
553,27.650000000000002,4,1.1126329563508272e-10,0.2170231592584737,0.1458730588562234,0.0
553,27.650000000000002,5,1.3911072396391508e-09,0.2170231571697503,0.1458730588562234,0.0
554,27.700000000000003,0,5.125689412790359e-10,0.23449772601410968,0.20765875528732677,0.0
554,27.700000000000003,1,5.056279878106446e-09,0.2344977180016259,0.20765875528732677,0.0
554,27.700000000000003,2,6.993426110493649e-12,0.2344977269056531,0.20765875528732672,0.0
554,27.700000000000003,3,1.8639347025330967e-08,0.2344976940489364,0.20765875528732672,0.0
554,27.700000000000003,4,1.0013696607157445e-10,0.23449772674140168,0.20765875528732677,0.0
554,27.700000000000003,5,1.2519965156752357e-09,0.23449772471018612,0.20765875528732672,0.0
555,27.75,0,4.6131204715113234e-10,0.21712566209759868,0.1463115804149745,0.0
555,27.75,1,4.550651890295802e-09,0.2171256554205861,0.1463115804149745,0.0
555,27.75,2,6.294083499444284e-12,0.21712566284054513,0.1463115804149745,0.0
555,27.75,3,1.6775412322797872e-08,0.21712563546018251,0.1463115804149745,0.0
555,27.75,4,9.0123269464417e-11,0.21712566270367012,0.14631158041497447,0.0
555,27.75,5,1.126796864107712e-09,0.21712566101100503,0.1463115804149745,0.0
556,27.8,0,4.151808424360191e-10,0.23373031679545417,0.20533605846635172,0.0
556,27.8,1,4.095586701266222e-09,0.23373031032658165,0.20533605846635172,0.0
556,27.8,2,5.664675149499856e-12,0.2337303175152411,0.20533605846635172,0.0
556,27.8,3,1.5097871090518086e-08,0.2337302909883961,0.2053360584663517,0.0
556,27.8,4,8.111094251797531e-11,0.2337303173826328,0.20533605846635172,0.0
556,27.8,5,1.0141171776969408e-09,0.23373031574273254,0.2053360584663517,0.0
557,27.85,0,3.7366275819241724e-10,0.21723287928468551,0.14676886546155557,0.0
557,27.85,1,3.6860280311396e-09,0.21723287387363466,0.14676886546155557,0.0
557,27.85,2,5.09820763454987e-12,0.21723287988676934,0.14676886546155557,0.0
557,27.85,3,1.3588083981466278e-08,0.21723285769772374,0.14676886546155557,0.0
557,27.85,4,7.299984826617779e-11,0.21723287977584585,0.14676886546155557,0.0
557,27.85,5,9.127054599272468e-10,0.2172328784041101,0.14676886546155557,0.0
558,27.900000000000002,0,3.3629648237317554e-10,0.23302128254878876,0.20316644388926475,0.0
558,27.900000000000002,1,3.31742522802564e-09,0.23302127732489716,0.20316644388926475,0.0
558,27.900000000000002,2,4.588386871094883e-12,0.2330212831300475,0.20316644388926475,0.0
558,27.900000000000002,3,1.222927558331965e-08,0.23302126170848408,0.20316644388926475,0.0
558,27.900000000000002,4,6.569986343956001e-11,0.23302128302296063,0.20316644388926472,0.0
558,27.900000000000002,5,8.214349139345221e-10,0.2330212816986709,0.20316644388926472,0.0
559,27.950000000000003,0,3.0266683413585797e-10,0.21734387912468559,0.1472407875699364,0.0
559,27.950000000000003,1,2.985682705223076e-09,0.2173438747394948,0.1472407875699364,0.0
559,27.950000000000003,2,4.129548183985395e-12,0.21734387961262266,0.1472407875699364,0.0
559,27.950000000000003,3,1.1006348024987685e-08,0.2173438616303118,0.1472407875699364,0.0
559,27.950000000000003,4,5.912987709560402e-11,0.2173438795227287,0.1472407875699364,0.0
559,27.950000000000003,5,7.392914225410699e-10,0.217343878411055,0.1472407875699364,0.0
560,28.0,0,2.724001507222722e-10,0.23236556414644266,0.20113914531497748,0.0
560,28.0,1,2.6871144347007685e-09,0.23236555992699742,0.20113914531497748,0.0
560,28.0,2,3.716593365586856e-12,0.23236556461593738,0.20113914531497748,0.0
560,28.0,3,9.905713222488917e-09,0.23236554731329764,0.20113914531497756,0.0
560,28.0,4,5.3216889386043614e-11,0.23236556452944113,0.20113914531497756,0.0
560,28.0,5,6.65362280286963e-10,0.23236556345978496,0.20113914531497754,0.0
561,28.05,0,2.45160135650045e-10,0.2174578151018606,0.14772362498415226,0.0
561,28.05,1,2.418402991230692e-09,0.21745781154799404,0.14772362498415226,0.0
561,28.05,2,3.3449340290281703e-12,0.21745781549729687,0.14772362498415226,0.0
561,28.05,3,8.915141900240026e-09,0.2174578009239893,0.14772362498415226,0.0
561,28.05,4,4.789520044743925e-11,0.2174578154244446,0.14772362498415229,0.0
561,28.05,5,5.988260522582667e-10,0.2174578145235168,0.14772362498415226,0.0
562,28.1,0,2.206441220850405e-10,0.23175859052158582,0.19924416837805378,0.0
562,28.1,1,2.1765626921076227e-09,0.23175858711276284,0.19924416837805378,0.0
562,28.1,2,3.010440626125353e-12,0.23175859090088313,0.19924416837805378,0.0
562,28.1,3,8.023627710216023e-09,0.23175857692235444,0.1992441683780538,0.0
562,28.1,4,4.310568040269533e-11,0.2317585908310042,0.1992441683780538,0.0
562,28.1,5,5.389434470324401e-10,0.23175858996684592,0.1992441683780538,0.0
563,28.150000000000002,0,1.9857970987653644e-10,0.21757391824235578,0.14821402838152314,0.0
563,28.150000000000002,1,1.9589064228968605e-09,0.21757391536218693,0.14821402838152314,0.0
563,28.150000000000002,2,2.709396563512818e-12,0.21757391856283015,0.14821402838152317,0.0
563,28.150000000000002,3,7.221264939194421e-09,0.21757390675214852,0.14821402838152312,0.0
563,28.150000000000002,4,3.87951123624258e-11,0.21757391850378832,0.14821402838152317,0.0
563,28.150000000000002,5,4.850491023291961e-10,0.2175739177736472,0.14821402838152314,0.0
564,28.200000000000003,0,1.787217388888828e-10,0.23119623010196455,0.19747224619136164,0.0
564,28.200000000000003,1,1.7630157806071746e-09,0.23119622734751785,0.19747224619136164,0.0
564,28.200000000000003,2,2.438456907161536e-12,0.23119623040844994,0.19747224619136164,0.0
564,28.200000000000003,3,6.499138445274979e-09,0.2311962191133158,0.19747224619136158,0.0
564,28.200000000000003,4,3.491560112618322e-11,0.23119623035198528,0.1974722461913616,0.0
564,28.200000000000003,5,4.365441920962765e-10,0.23119622965371556,0.19747224619136164,0.0
565,28.25,0,1.6084956499999451e-10,0.21769149121375578,0.14870899215024364,0.0
565,28.25,1,1.5867142025464572e-09,0.21769148887955833,0.14870899215024364,0.0
565,28.25,2,2.1946112164453825e-12,0.21769149147348033,0.14870899215024364,0.0
565,28.25,3,5.849224600747481e-09,0.21769148190165846,0.1487089921502436,0.0
565,28.25,4,3.1424041013564896e-11,0.21769149142563052,0.14870899215024364,0.0
565,28.25,5,3.9288977288664887e-10,0.21769149083389672,0.14870899215024364,0.0
566,28.3,0,1.4476460849999506e-10,0.23067474675209768,0.19581479452283815,0.0
566,28.3,1,1.4280427822918116e-09,0.2306747445260283,0.19581479452283815,0.0
566,28.3,2,1.9751500948008445e-12,0.23067474699979082,0.19581479452283815,0.0
566,28.3,3,5.264302140672733e-09,0.2306747378713687,0.1958147945228382,0.0
566,28.3,4,2.8281636912208407e-11,0.2306747469541576,0.19581479452283815,0.0
566,28.3,5,3.53600795597984e-10,0.23067474638983496,0.1958147945228382,0.0
567,28.35,0,1.3028814764999555e-10,0.21780990312438303,0.1492058282113418,0.0
567,28.35,1,1.2852385040626305e-09,0.21780990123265467,0.1492058282113418,0.0
567,28.35,2,1.77763508532076e-12,0.21780990333487435,0.1492058282113418,0.0
567,28.35,3,4.73787192660546e-09,0.21780989557748132,0.1492058282113418,0.0
567,28.35,4,2.5453473220987567e-11,0.21780990329609493,0.1492058282113418,0.0
567,28.35,5,3.182407160381856e-10,0.21780990281652982,0.1492058282113418,0.0
568,28.400000000000002,0,1.17259332884996e-10,0.23019075995313884,0.19426386744618385,0.0
568,28.400000000000002,1,1.1567146536563675e-09,0.23019075815380582,0.19426386744618385,0.0
568,28.400000000000002,2,1.599871576788684e-12,0.23019076015334938,0.19426386744618385,0.0
568,28.400000000000002,3,4.264084733944914e-09,0.23019075277484105,0.19426386744618385,0.0
568,28.400000000000002,4,2.290812589888881e-11,0.230190760116464,0.19426386744618387,0.0
568,28.400000000000002,5,2.8641664443436705e-10,0.23019075966032174,0.19426386744618387,0.0
569,28.450000000000003,0,1.055333995964964e-10,0.21792858482250796,0.14970214174928548,0.0
569,28.450000000000003,1,1.0410431882907308e-09,0.21792858328937303,0.14970214174928548,0.0
569,28.450000000000003,2,1.4398844191098155e-12,0.2179285849930988,0.14970214174928545,0.0
569,28.450000000000003,3,3.837676260550423e-09,0.21792857870618668,0.1497021417492855,0.0
569,28.450000000000003,4,2.061731330899993e-11,0.2179285849616704,0.14970214174928545,0.0
569,28.450000000000003,5,2.5777497999093036e-10,0.21792858457301098,0.14970214174928545,0.0
570,28.5,0,9.498005963684677e-11,0.2297412089173115,0.19281211412085922,0.0
570,28.5,1,9.369388694616578e-10,0.22974120746269816,0.19281211412085922,0.0
570,28.5,2,1.295895977198834e-12,0.22974120907916537,0.19281211412085922,0.0
570,28.5,3,3.4539086344953805e-09,0.22974120311424562,0.19281211412085927,0.0
570,28.5,4,1.855558197809994e-11,0.22974120904934656,0.19281211412085927,0.0
570,28.5,5,2.3199748199183734e-10,0.22974120868059286,0.19281211412085922,0.0
571,28.55,0,8.54820536731621e-11,0.21804702456056396,0.15019580844987837,0.0
571,28.55,1,8.43244982515492e-10,0.21804702331804973,0.15019580844987837,0.0
571,28.55,2,1.1663063794789506e-12,0.21804702469881762,0.15019580844987834,0.0
571,28.55,3,3.1085177710458426e-09,0.2180470196036512,0.15019580844987837,0.0
571,28.55,4,1.6700023780289946e-11,0.2180470246733468,0.15019580844987837,0.0
571,28.55,5,2.087977337926536e-10,0.2180470243583616,0.15019580844987834,0.0
572,28.6,0,7.693384830584589e-11,0.22932332032116923,0.19145273716325686,0.0
572,28.6,1,7.589204842639428e-10,0.22932331914507548,0.19145273716325686,0.0
572,28.6,2,1.0496757415310555e-12,0.2293233204520323,0.19145273716325686,0.0
572,28.6,3,2.7976659939412584e-09,0.22932331562923572,0.1914527371632568,0.0
572,28.6,4,1.503002140226095e-11,0.22932332042792303,0.19145273716325684,0.0
572,28.6,5,1.8791796041338824e-10,0.2293233201297758,0.1914527371632568,0.0
573,28.650000000000002,0,6.92404634752613e-11,0.21816476393569678,0.15068495300333,0.0
573,28.650000000000002,1,6.830284358375485e-10,0.2181647629287168,0.15068495300333,0.0
573,28.650000000000002,2,9.4470816737795e-13,0.21816476404774274,0.15068495300333,0.0
573,28.650000000000002,3,2.5178993945471327e-09,0.21816475991842935,0.15068495300333004,0.0
573,28.650000000000002,4,1.3527019262034857e-11,0.2181647640271002,0.15068495300333,0.0
573,28.650000000000002,5,1.6912616437204942e-10,0.2181647637718244,0.15068495300333,0.0
574,28.700000000000003,0,6.231641712773517e-11,0.22893457934285188,0.19017945291925967,0.0
574,28.700000000000003,1,6.147255922537937e-10,0.2289345783918309,0.19017945291925967,0.0
574,28.700000000000003,2,8.50237350640155e-13,0.22893457944867138,0.19017945291925967,0.0
574,28.700000000000003,3,2.2661094550924195e-09,0.22893457554882823,0.19017945291925967,0.0
574,28.700000000000003,4,1.2174317335831371e-11,0.22893457942917594,0.19017945291925964,0.0
574,28.700000000000003,5,1.5221354793484447e-10,0.22893457918808607,0.19017945291925964,0.0
575,28.75,0,5.6084775414961654e-11,0.2182813940503146,0.15116792873480314,0.0
575,28.75,1,5.532530330284143e-10,0.2182813932342248,0.15116792873480314,0.0
575,28.75,2,7.652136155761395e-13,0.21828139414112033,0.15116792873480314,0.0
575,28.75,3,2.0394985095831775e-09,0.21828139079458841,0.15116792873480311,0.0
575,28.75,4,1.0956885602248234e-11,0.21828139412439096,0.15116792873480311,0.0
575,28.75,5,1.3699219314136003e-10,0.21828139391750703,0.15116792873480314,0.0
576,28.8,0,5.047629787346549e-11,0.2285727036986009,0.18898645383123014,0.0
576,28.8,1,4.979277297255729e-10,0.22857270292949153,0.18898645383123014,0.0
576,28.8,2,6.886922540185256e-13,0.22857270378417918,0.18898645383123014,0.0
576,28.8,3,1.8355486586248598e-09,0.22857270063029944,0.18898645383123014,0.0
576,28.8,4,9.86119704202341e-12,0.22857270376841288,0.18898645383123014,0.0
576,28.8,5,1.2329297382722404e-10,0.22857270357343876,0.18898645383123014,0.0
577,28.85,0,4.542866808611894e-11,0.21839655185833937,0.15164329828972328,0.0
577,28.85,1,4.481349567530156e-10,0.2183965511969579,0.15164329828972328,0.0
577,28.85,2,6.198230286166731e-13,0.2183965519319308,0.15164329828972328,0.0
577,28.85,3,1.6519937927623737e-09,0.2183965492198099,0.15164329828972328,0.0
577,28.85,4,8.875077337821069e-12,0.21839655191837287,0.15164329828972326,0.0
577,28.85,5,1.1096367644450163e-10,0.21839655175070846,0.15164329828972328,0.0
578,28.900000000000002,0,4.088580127750705e-11,0.22823562038973405,0.18786837300324022,0.0
578,28.900000000000002,1,4.033214610777141e-10,0.2282356197676742,0.18786837300324022,0.0
578,28.900000000000002,2,5.578407257550058e-13,0.22823562045895024,0.18786837300324022,0.0
578,28.900000000000002,3,1.4867944134861363e-09,0.2282356179080751,0.18786837300324022,0.0
578,28.900000000000002,4,7.987569604038962e-12,0.22823562044619836,0.18786837300324022,0.0
578,28.900000000000002,5,9.986730880005148e-11,0.22823562028850225,0.18786837300324022,0.0
579,28.950000000000003,0,3.679722114975635e-11,0.21850991667742492,0.1521098153386637,0.0
579,28.950000000000003,1,3.629893149699427e-10,0.2185099161414278,0.1521098153386637,0.0
579,28.950000000000003,2,5.020566531795052e-13,0.2185099167370649,0.15210981533866366,0.0
579,28.950000000000003,3,1.3381149721375226e-09,0.21850991453910665,0.15210981533866363,0.0
579,28.950000000000003,4,7.188812643635066e-12,0.21850991672607728,0.15210981533866366,0.0
579,28.950000000000003,5,8.988057792004633e-11,0.21850991659019858,0.15210981533866366,0.0
580,29.0,0,3.311749903478072e-11,0.22792144489065244,0.18682025100151356,0.0
580,29.0,1,3.2669038347294843e-10,0.22792144438747755,0.18682025100151356,0.0
580,29.0,2,4.518509878615547e-13,0.22792144494664038,0.18682025100151356,0.0
580,29.0,3,1.2043034749237705e-09,0.2279214428832757,0.18682025100151353,0.0
580,29.0,4,6.4699313792715595e-12,0.22792144493632555,0.18682025100151356,0.0
580,29.0,5,8.089252012804169e-11,0.22792144480876753,0.18682025100151353,0.0
581,29.05,0,2.9805749131302644e-11,0.21862120685656072,0.15256640728532903,0.0
581,29.05,1,2.9402134512565357e-10,0.21862120642218194,0.15256640728532903,0.0
581,29.05,2,4.0666588907539927e-13,0.21862120690489373,0.15256640728532905,0.0
581,29.05,3,1.0838731274313935e-09,0.21862120512364075,0.15256640728532903,0.0
581,29.05,4,5.8229382413444035e-12,0.21862120689598924,0.15256640728532905,0.0
581,29.05,5,7.280326811523753e-11,0.2186212067858715,0.15256640728532905,0.0
582,29.1,0,2.682517421817238e-11,0.22762846252952568,0.18583750487806586,0.0
582,29.1,1,2.6461921061308824e-10,0.22762846212247792,0.18583750487806586,0.0
582,29.1,2,3.6599930016785936e-13,0.2276284625748176,0.18583750487806586,0.0
582,29.1,3,9.754858146882542e-10,0.2276284609056406,0.1858375048780658,0.0
582,29.1,4,5.2406444172099635e-12,0.22762846256647337,0.1858375048780658,0.0
582,29.1,5,6.552294130371378e-11,0.22762846246328416,0.18583750487806583,0.0
583,29.150000000000002,0,2.4142656796355144e-11,0.21873017659386498,0.1530121589677436,0.0
583,29.150000000000002,1,2.381572895517794e-10,0.2187301762418428,0.1530121589677436,0.0
583,29.150000000000002,2,3.2939937015107344e-13,0.21873017663303423,0.1530121589677436,0.0
583,29.150000000000002,3,8.779372332194289e-10,0.2187301751895002,0.1530121589677436,0.0
583,29.150000000000002,4,4.716579975488967e-12,0.21873017662581798,0.1530121589677436,0.0
583,29.150000000000002,5,5.89706471733424e-11,0.2187301765365781,0.1530121589677436,0.0
584,29.200000000000003,0,2.172839111671963e-11,0.22735511183488336,0.18491589937060782,0.0
584,29.200000000000003,1,2.1434156059660149e-10,0.22735511150557058,0.18491589937060782,0.0
584,29.200000000000003,2,2.964594331359661e-13,0.22735511187152577,0.18491589937060782,0.0
584,29.200000000000003,3,7.90143509897486e-10,0.227355110521116,0.18491589937060782,0.0
584,29.200000000000003,4,4.2449219779400705e-12,0.227355111864775,0.18491589937060773,0.0
584,29.200000000000003,5,5.3073582456008164e-11,0.22735511178129214,0.1849158993706078,0.0
585,29.25,0,1.955555200504767e-11,0.21883661290214232,0.15344629734178963,0.0
585,29.25,1,1.9290740453694135e-10,0.21883661261686557,0.15344629734178963,0.0
585,29.25,2,2.668134898223695e-13,0.21883661293388487,0.15344629734178963,0.0
585,29.25,3,7.111291589077375e-10,0.21883661176405325,0.15344629734178963,0.0
585,29.25,4,3.820429780146064e-12,0.21883661292803683,0.15344629734178963,0.0
585,29.25,5,4.7766224210407346e-11,0.2188366128557174,0.15344629734178963,0.0
586,29.3,0,1.7599996804542902e-11,0.22709996964265233,0.18405152020802987,0.0
586,29.3,1,1.7361666408324723e-10,0.22709996937620835,0.18405152020802987,0.0
586,29.3,2,2.4013214084013257e-13,0.22709996967229937,0.18405152020802987,0.0
586,29.3,3,6.400162430169637e-10,0.227099968579695,0.18405152020802995,0.0
586,29.3,4,3.4383868021314575e-12,0.22709996966683746,0.18405152020802995,0.0
586,29.3,5,4.2989601789366614e-11,0.22709996959929218,0.18405152020802992,0.0
587,29.35,0,1.5839997124088613e-11,0.21894033272071625,0.15386817713060288,0.0
587,29.35,1,1.562549976749225e-10,0.21894033248953257,0.15386817713060288,0.0
587,29.35,2,2.161189267561193e-13,0.21894033274643984,0.15386817713060288,0.0
587,29.35,3,5.760146187152673e-10,0.2189403317984272,0.15386817713060288,0.0
587,29.35,4,3.0945481219183117e-12,0.2189403327417007,0.15386817713060288,0.0
587,29.35,5,3.869064161042995e-11,0.21894033268309418,0.15386817713060286,0.0
588,29.400000000000002,0,1.4255997411679752e-11,0.2268617377786796,0.18324074943568205,0.0
588,29.400000000000002,1,1.4062949790743026e-10,0.22686173756308636,0.18324074943568205,0.0
588,29.400000000000002,2,1.945070340805074e-13,0.22686173780266847,0.18324074943568205,0.0
588,29.400000000000002,3,5.184131568437406e-10,0.22686173691858733,0.18324074943568205,0.0
588,29.400000000000002,4,2.7850933097264805e-12,0.226861737798249,0.18324074943568214,0.0
588,29.400000000000002,5,3.4821577449386956e-11,0.22686173774359475,0.1832407494356821,0.0
589,29.450000000000003,0,1.2830397670511778e-11,0.21904118017183688,0.1542772674155648,0.0
589,29.450000000000003,1,1.2656654811668725e-10,0.21904117998449185,0.1542772674155648,0.0
589,29.450000000000003,2,1.7505633067245667e-13,0.2190411801926826,0.15427726741556477,0.0
589,29.450000000000003,3,4.665718411593665e-10,0.21904117942443865,0.15427726741556483,0.0
589,29.450000000000003,4,2.5065839787538323e-12,0.21904118018884214,0.1542772674155648,0.0
589,29.450000000000003,5,3.1339419704448263e-11,0.21904118014134902,0.15427726741556483,0.0
590,29.5,0,1.15473579034606e-11,0.22663923115120913,0.18248024266646504,0.0
590,29.5,1,1.1390989330501853e-10,0.22663923097674982,0.18248024266646504,0.0
590,29.5,2,1.57550697605211e-13,0.22663923117062104,0.18248024266646504,0.0
590,29.5,3,4.1991465704342987e-10,0.2266392304552177,0.1824802426664651,0.0
590,29.5,4,2.255925580878449e-12,0.22663923116704474,0.1824802426664651,0.0
590,29.5,5,2.820547773400344e-11,0.22663923112281825,0.18248024266646512,0.0
591,29.55,0,1.039262211311454e-11,0.2191390239589354,0.15467313913565298,0.0
591,29.55,1,1.0251890397451667e-10,0.21913902380711814,0.15467313913565298,0.0
591,29.55,2,1.417956278446899e-13,0.21913902397582796,0.15467313913565298,0.0
591,29.55,3,3.779231913390869e-10,0.2191390233532724,0.15467313913565298,0.0
591,29.55,4,2.0303330227906042e-12,0.21913902397271579,0.15467313913565295,0.0
591,29.55,5,2.5384929960603096e-11,0.2191390239342292,0.15467313913565298,0.0
592,29.6,0,9.353359901803087e-12,0.22643136710604958,0.18176690816116714,0.0
592,29.6,1,9.226701357706501e-11,0.22643136696486718,0.18176690816116714,0.0
592,29.6,2,1.276160650602209e-13,0.22643136712175885,0.18176690816116714,0.0
592,29.6,3,3.401308722051782e-10,0.22643136654281357,0.18176690816116714,0.0
592,29.6,4,1.827299720511544e-12,0.22643136711886466,0.18176690816116717,0.0
592,29.6,5,2.284643696454279e-11,0.22643136708307404,0.18176690816116714,0.0
593,29.650000000000002,0,8.418023911622778e-12,0.21923375490240019,0.15505545345246025,0.0
593,29.650000000000002,1,8.304031221935852e-11,0.21923375477937507,0.15505545345246025,0.0
593,29.650000000000002,2,1.1485445855419882e-13,0.21923375491608907,0.15505545345246022,0.0
593,29.650000000000002,3,3.061177849846604e-10,0.2192337544116011,0.15505545345246022,0.0
593,29.650000000000002,4,1.6445697484603895e-12,0.21923375491356714,0.15505545345246022,0.0
593,29.650000000000002,5,2.0561793268088512e-11,0.21923375488237948,0.15505545345246022,0.0
594,29.700000000000003,0,7.576221520460501e-12,0.22623715591424795,0.18109788764345583,0.0
594,29.700000000000003,1,7.473628099742267e-11,0.22623715579998832,0.18109788764345583,0.0
594,29.700000000000003,2,1.0336901269877894e-13,0.22623715592696156,0.18109788764345583,0.0
594,29.700000000000003,3,2.7550600648619437e-10,0.22623715545841808,0.18109788764345577,0.0
594,29.700000000000003,4,1.4801127736143505e-12,0.2262371559246193,0.18109788764345583,0.0
594,29.700000000000003,5,1.850561394127966e-11,0.22623715589565374,0.1810978876434558,0.0
595,29.75,0,6.818599368414451e-12,0.21932528360654505,0.15542395092854547,0.0
595,29.75,1,6.72626528976804e-11,0.21932528350685307,0.15542395092854547,0.0
595,29.75,2,9.303211142890105e-14,0.21932528361763767,0.15542395092854547,0.0
595,29.75,3,2.4795540583757496e-10,0.2193252832088318,0.15542395092854547,0.0
595,29.75,4,1.3321014962529155e-12,0.21932528361559403,0.15542395092854544,0.0
595,29.75,5,1.6655052547151697e-11,0.21932528359032152,0.15542395092854547,0.0
596,29.8,0,6.1367394315730066e-12,0.22605569227817102,0.18047053876118915,0.0
596,29.8,1,6.053638760791237e-11,0.22605569218569496,0.18047053876118915,0.0
596,29.8,2,8.372890028601095e-14,0.22605569228846076,0.18047053876118915,0.0
596,29.8,3,2.2315986525381748e-10,0.226055691909245,0.18047053876118915,0.0
596,29.8,4,1.198891346627624e-12,0.22605569228656508,0.1804705387611892,0.0
596,29.8,5,1.4989547292436527e-11,0.2260556922631218,0.1804705387611892,0.0
597,29.85,0,5.523065488415706e-12,0.21941353824896176,0.1557784414564269,0.0
597,29.85,1,5.448274884712114e-11,0.21941353816817877,0.1557784414564269,0.0
597,29.85,2,7.535601025740985e-14,0.2194135382579504,0.1557784414564269,0.0
597,29.85,3,2.0084387872843572e-10,0.21941353792668436,0.15577844145642694,0.0
597,29.85,4,1.0790022119648616e-12,0.2194135382562944,0.15577844145642694,0.0
597,29.85,5,1.3490592563192874e-11,0.2194135382358154,0.15577844145642694,0.0
598,29.900000000000002,0,4.970758939574135e-12,0.22588614775719293,0.17988241911605948,0.0
598,29.900000000000002,1,4.9034473962409025e-11,0.22588614768234347,0.17988241911605948,0.0
598,29.900000000000002,2,6.782040923166886e-14,0.22588614776552135,0.17988241911605948,0.0
598,29.900000000000002,3,1.8075949085559215e-10,0.22588614745858696,0.17988241911605948,0.0
598,29.900000000000002,4,9.711019907683755e-13,0.225886147763987,0.17988241911605948,0.0
598,29.900000000000002,5,1.2141533306873588e-11,0.22588614774501214,0.17988241911605948,0.0
599,29.950000000000003,0,4.4736830456167216e-12,0.2194984624804699,0.15611879486409652,0.0
599,29.950000000000003,1,4.4131026566168124e-11,0.21949846241501034,0.15611879486409652,0.0
599,29.950000000000003,2,6.103836830850198e-14,0.21949846248775354,0.1561187948640965,0.0
599,29.950000000000003,3,1.6268354177003295e-10,0.2194984622193242,0.1561187948640965,0.0
599,29.950000000000003,4,8.739917916915379e-13,0.21949846248641164,0.1561187948640965,0.0
599,29.950000000000003,5,1.0927379976186229e-11,0.21949846246981722,0.15611879486409652,0.0
600,30.0,0,4.02631474105505e-12,0.2257277640291161,0.1793312717986976,0.0
600,30.0,1,3.971792390955131e-11,0.2257277639685306,0.1793312717986976,0.0
600,30.0,2,5.4934531477651786e-14,0.2257277640358574,0.1793312717986976,0.0
600,30.0,3,1.4641518759302966e-10,0.2257277637874149,0.1793312717986976,0.0
600,30.0,4,7.865926125223841e-13,0.22572776403461547,0.17933127179869768,0.0
600,30.0,5,9.834641978567606e-12,0.22572776401925665,0.17933127179869765,0.0
601,30.05,0,3.6236832669495447e-12,0.21958001342005415,0.15644493210886432,0.0
601,30.05,1,3.574613151859618e-11,0.21958001336701224,0.15644493210886432,0.0
601,30.05,2,4.944107832988661e-14,0.2195800134259561,0.15644493210886437,0.0
601,30.05,3,1.3177366883372669e-10,0.21958001320844758,0.15644493210886434,0.0
601,30.05,4,7.079333512701457e-13,0.21958001342486877,0.15644493210886437,0.0
601,30.05,5,8.851177780710846e-12,0.2195800134114223,0.15644493210886437,0.0
602,30.1,0,3.26131494025459e-12,0.22557984691858243,0.17881501238750488,0.0
602,30.1,1,3.217151836673657e-11,0.22557984686954036,0.17881501238750488,0.0
602,30.1,2,4.4496970496897946e-14,0.22557984692403935,0.17881501238750488,0.0
602,30.1,3,1.1859630195035402e-10,0.22557984672293277,0.17881501238750488,0.0
602,30.1,4,6.371400161431312e-13,0.225579846923034,0.17881501238750486,0.0
602,30.1,5,7.966060002639762e-12,0.22557984691060154,0.17881501238750488,0.0
603,30.150000000000002,0,2.935183446229131e-12,0.21965815972415118,0.15675681695304197,0.0
603,30.150000000000002,1,2.895436653006291e-11,0.21965815968117192,0.15675681695304197,0.0
603,30.150000000000002,2,4.004727344720815e-14,0.2196581597289334,0.15675681695304194,0.0
603,30.150000000000002,3,1.0673667175531862e-10,0.2196581595526888,0.15675681695304194,0.0
603,30.150000000000002,4,5.734260145288181e-13,0.21965815972805236,0.15675681695304197,0.0
603,30.150000000000002,5,7.1694540023757865e-12,0.21965815971715685,0.15675681695304194,0.0
604,30.200000000000003,0,2.641665101606218e-12,0.22544176113990752,0.178331717399016,0.0
604,30.200000000000003,1,2.6058929877056622e-11,0.22544176110020772,0.178331717399016,0.0
604,30.200000000000003,2,3.604254610248734e-14,0.2254417611443249,0.178331717399016,0.0
604,30.200000000000003,3,9.606300457978675e-11,0.22544176098152827,0.178331717399016,0.0
604,30.200000000000003,4,5.160834130759363e-13,0.22544176114351105,0.17833171739901596,0.0
604,30.200000000000003,5,6.452508602138208e-12,0.2254417611334469,0.17833171739901596,0.0
605,30.25,0,2.377498591445596e-12,0.21973287970264738,0.15705444798928772,0.0
605,30.25,1,2.345303688935096e-11,0.21973287966782232,0.15705444798928772,0.0
605,30.25,2,3.2438291492238606e-14,0.21973287970652228,0.1570544479892877,0.0
605,30.25,3,8.645670412180809e-11,0.21973287956371562,0.1570544479892877,0.0
605,30.25,4,4.644750717683427e-13,0.21973287970580838,0.15705444798928767,0.0
605,30.25,5,5.807257741924387e-12,0.21973287969698002,0.1570544479892877,0.0
606,30.3,0,2.1397487323010367e-12,0.22531292572038927,0.17787961421989432,0.0
606,30.3,1,2.1107733200415864e-11,0.22531292568825076,0.17787961421989432,0.0
606,30.3,2,2.9194462343014743e-14,0.22531292572396527,0.17787961421989432,0.0
606,30.3,3,7.781103370962728e-11,0.22531292559217536,0.17787961421989432,0.0
606,30.3,4,4.1802756459150845e-13,0.22531292572330644,0.17787961421989437,0.0
606,30.3,5,5.226531967731948e-12,0.22531292571515918,0.17787961421989432,0.0
607,30.35,0,1.9257738590709333e-12,0.21980415944377146,0.1573378508455398,0.0
607,30.35,1,1.899695988037428e-11,0.2198041594155541,0.1573378508455398,0.0
607,30.35,2,2.627501610871327e-14,0.21980415944691123,0.1573378508455398,0.0
607,30.35,3,7.002993033866456e-11,0.21980415933120026,0.1573378508455398,0.0
607,30.35,4,3.762248081323576e-13,0.21980415944633278,0.1573378508455398,0.0
607,30.35,5,4.703878770958754e-12,0.21980415943917947,0.1573378508455398,0.0
608,30.400000000000002,0,1.7331964731638399e-12,0.22519281009332143,0.17745707261284538,0.0
608,30.400000000000002,1,1.7097263892336852e-11,0.22519281006730316,0.17745707261284538,0.0
608,30.400000000000002,2,2.3647514497841943e-14,0.2251928100962165,0.17745707261284538,0.0
608,30.400000000000002,3,6.30269373047981e-11,0.2251928099895236,0.17745707261284546,0.0
608,30.400000000000002,4,3.3860232731912183e-13,0.22519281009568315,0.17745707261284546,0.0
608,30.400000000000002,5,4.233490893862879e-12,0.22519281008908737,0.17745707261284546,0.0
609,30.450000000000003,0,1.559876825847456e-12,0.21987199089474496,0.15760707034157814,0.0
609,30.450000000000003,1,1.5387537503103166e-11,0.2198719908718818,0.15760707034157814,0.0
609,30.450000000000003,2,2.128276304805775e-14,0.21987199089728895,0.15760707034157814,0.0
609,30.450000000000003,3,5.672424357431829e-11,0.21987199080353415,0.15760707034157814,0.0
609,30.450000000000003,4,3.0474209458720964e-13,0.21987199089682027,0.15760707034157814,0.0
609,30.450000000000003,5,3.810141804476591e-12,0.2198719908910243,0.15760707034157817,0.0
610,30.5,0,1.4038891432627105e-12,0.22508093088134903,0.177062597983472,0.0
610,30.5,1,1.384878375279285e-11,0.22508093086028472,0.177062597983472,0.0
610,30.5,2,1.9154486743251974e-14,0.22508093088369285,0.177062597983472,0.0
610,30.5,3,5.1051819216886463e-11,0.22508093079731453,0.177062597983472,0.0
610,30.5,4,2.742678851284887e-13,0.2250809308832611,0.17706259798347201,0.0
610,30.5,5,3.429127624028932e-12,0.22508093087792114,0.17706259798347201,0.0
611,30.55,0,1.2635002289364396e-12,0.2199363698211665,0.15786216227795127,0.0
611,30.55,1,1.2463905377513564e-11,0.2199363698026419,0.15786216227795127,0.0
611,30.55,2,1.7239038068926776e-14,0.21993636982322767,0.15786216227795127,0.0
611,30.55,3,4.594663729519782e-11,0.21993636974726408,0.15786216227795127,0.0
611,30.55,4,2.468410966156398e-13,0.21993636982284795,0.15786216227795127,0.0
611,30.55,5,3.086214861626039e-12,0.21993636981815184,0.15786216227795127,0.0
612,30.6,0,1.1371502060427957e-12,0.22497684943672508,0.17669482674461964,0.0
612,30.6,1,1.1217514839762208e-11,0.2249768494196708,0.17669482674461964,0.0
612,30.6,2,1.55151342620341e-14,0.22497684943862264,0.17669482674461964,0.0
612,30.6,3,4.1351973565678034e-11,0.22497684936868856,0.17669482674461964,0.0
612,30.6,4,2.2215698695407583e-13,0.22497684943827306,0.17669482674461967,0.0
612,30.6,5,2.7775933754634352e-12,0.22497684943394972,0.17669482674461964,0.0
613,30.650000000000002,0,1.023435185438516e-12,0.21999729352967015,0.15810318438982865,0.0
613,30.650000000000002,1,1.0095763355785988e-11,0.2199972935146611,0.15810318438982865,0.0
613,30.650000000000002,2,1.396362083583069e-14,0.21999729353134023,0.15810318438982865,0.0
613,30.650000000000002,3,3.721677620911023e-11,0.2199972934697926,0.15810318438982865,0.0
613,30.650000000000002,4,1.9994128825866825e-13,0.2199972935310325,0.15810318438982865,0.0
613,30.650000000000002,5,2.499834037917092e-12,0.21999729352722766,0.15810318438982865,0.0
614,30.700000000000003,0,9.210916668946644e-13,0.22488017027685872,0.17635252435964865,0.0
614,30.700000000000003,1,9.08618702020739e-12,0.22488017026305074,0.17635252435964865,0.0
614,30.700000000000003,2,1.2567258752247621e-14,0.22488017027839513,0.17635252435964863,0.0
614,30.700000000000003,3,3.349509858819921e-11,0.22488017022177287,0.17635252435964863,0.0
614,30.700000000000003,4,1.7994715943280142e-13,0.22488017027811202,0.17635252435964854,0.0
614,30.700000000000003,5,2.2498506341253827e-12,0.22488017027461163,0.17635252435964857,0.0
615,30.75,0,8.289825002051979e-13,0.22005475817457731,0.15833018575096922,0.0
615,30.75,1,8.177568318186651e-12,0.2200547581624168,0.15833018575096922,0.0
615,30.75,2,1.131053287702286e-14,0.22005475817593043,0.1583301857509692,0.0
615,30.75,3,3.014558872937929e-11,0.22005475812606387,0.15833018575096922,0.0
615,30.75,4,1.619524434895213e-13,0.22005475817568115,0.15833018575096922,0.0
615,30.75,5,2.0248655707128444e-12,0.22005475817259834,0.15833018575096922,0.0
616,30.8,0,7.460842501846782e-13,0.22479054067262239,0.17603458706275452,0.0
616,30.8,1,7.359811486367986e-12,0.2247905406614424,0.17603458706275452,0.0
616,30.8,2,1.0179479589320574e-14,0.2247905406738664,0.17603458706275452,0.0
616,30.8,3,2.7131029856441358e-11,0.2247905406280206,0.17603458706275452,0.0
616,30.8,4,1.4575719914056916e-13,0.2247905406736372,0.17603458706275454,0.0
616,30.8,5,1.82237901364156e-12,0.22479054067080298,0.17603458706275446,0.0
617,30.85,0,6.714758251662104e-13,0.22010875535959581,0.15854319348645676,0.0
617,30.85,1,6.6238303377311875e-12,0.22010875534974336,0.15854319348645676,0.0
617,30.85,2,9.161531630388516e-15,0.2201087553606921,0.15854319348645676,0.0
617,30.85,3,2.4417926870797222e-11,0.22010875532029026,0.15854319348645676,0.0
617,30.85,4,1.3118147922651225e-13,0.2201087553604901,0.15854319348645676,0.0
617,30.85,5,1.6401411122774042e-12,0.22010875535799246,0.15854319348645676,0.0
618,30.900000000000002,0,6.043282426495894e-13,0.22470765185508168,0.17574004899318937,0.0
618,30.900000000000002,1,5.961447303958069e-12,0.22470765184602923,0.17574004899318937,0.0
618,30.900000000000002,2,8.245378467349666e-15,0.22470765185608896,0.17574004899318937,0.0
618,30.900000000000002,3,2.19761341837175e-11,0.2247076518189676,0.17574004899318937,0.0
618,30.900000000000002,4,1.1806333130386103e-13,0.22470765185590336,0.1757400489931894,0.0
618,30.900000000000002,5,1.4761270010496637e-12,0.22470765185360853,0.17574004899318937,0.0
619,30.950000000000003,0,5.438954183846304e-13,0.220159267550004,0.15874219489042787,0.0
619,30.950000000000003,1,5.365302573562262e-12,0.2201592675420217,0.15874219489042787,0.0
619,30.950000000000003,2,7.4208406206147e-15,0.22015926755089216,0.15874219489042785,0.0
619,30.950000000000003,3,1.977852076534575e-11,0.22015926751815917,0.15874219489042787,0.0
619,30.950000000000003,4,1.0625699817347493e-13,0.22015926755072854,0.15874219489042787,0.0
619,30.950000000000003,5,1.3285143009446974e-12,0.220159267548705,0.15874219489042782,0.0
620,31.0,0,4.895058765461674e-13,0.22463124268986448,0.175468097850761,0.0
620,31.0,1,4.828772316206036e-12,0.22463124268253448,0.175468097850761,0.0
620,31.0,2,6.6787565585532294e-15,0.22463124269068013,0.175468097850761,0.0
620,31.0,3,1.7800668688811175e-11,0.224631242660622,0.175468097850761,0.0
620,31.0,4,9.563129835612744e-14,0.22463124269052984,0.175468097850761,0.0
620,31.0,5,1.1956628708502277e-12,0.2246312426886716,0.17546809785076092,0.0
621,31.05,0,4.405552888915507e-13,0.22020626144640348,0.15892711162327308,0.0
621,31.05,1,4.345895084585432e-12,0.22020626143993646,0.15892711162327308,0.0
621,31.05,2,6.010880902697907e-15,0.2202062614471231,0.1589271116232731,0.0
621,31.05,3,1.602060181993006e-11,0.22020626142060373,0.15892711162327308,0.0
621,31.05,4,8.60681685205147e-14,0.22020626144699054,0.15892711162327308,0.0
621,31.05,5,1.076096583765205e-12,0.22020626144535108,0.15892711162327308,0.0
622,31.1,0,3.9649976000239563e-13,0.2245611074148057,0.1752181048560454,0.0
622,31.1,1,3.911305576126889e-12,0.22456110740887025,0.1752181048560454,0.0
622,31.1,2,5.4097928124281164e-15,0.2245611074154661,0.17521810485604528,0.0
622,31.1,3,1.4418541637937054e-11,0.2245611073911267,0.17521810485604536,0.0
622,31.1,4,7.746135166846323e-14,0.22456110741534444,0.1752181048560453,0.0
622,31.1,5,9.684869253886847e-13,0.22456110741383978,0.1752181048560453,0.0
623,31.150000000000002,0,3.568497840021561e-13,0.22024967775799112,0.15909775987809424,0.0
623,31.150000000000002,1,3.5201750185142004e-12,0.2202496777527518,0.15909775987809424,0.0
623,31.150000000000002,2,4.868813531185305e-15,0.22024967775857412,0.15909775987809424,0.0
623,31.150000000000002,3,1.297668747414335e-11,0.22024967773708917,0.15909775987809424,0.0
623,31.150000000000002,4,6.971521650161692e-14,0.22024967775846668,0.15909775987809424,0.0
623,31.150000000000002,5,8.716382328498163e-13,0.22024967775713852,0.15909775987809424,0.0
624,31.200000000000003,0,3.2116480560194046e-13,0.22449711058154978,0.1749896803460563,0.0
624,31.200000000000003,1,3.1681575166627803e-12,0.2244971105767434,0.1749896803460563,0.0
624,31.200000000000003,2,4.381932178066774e-15,0.22449711058208455,0.1749896803460563,0.0
624,31.200000000000003,3,1.1679018726729014e-11,0.22449711056237526,0.1749896803460563,0.0
624,31.200000000000003,4,6.274369485145522e-14,0.22449711058198604,0.1749896803460562,0.0
624,31.200000000000003,5,7.844744095648346e-13,0.22449711058076757,0.17498968034605625,0.0
625,31.25,0,2.8904832504174643e-13,0.2202894143327357,0.1592537846222755,0.0
625,31.25,1,2.8513417649965022e-12,0.220289414328491,0.1592537846222755,0.0
625,31.25,2,3.943738960260097e-15,0.22028941433320795,0.1592537846222755,0.0
625,31.25,3,1.0511116854056114e-11,0.220289414315802,0.1592537846222755,0.0
625,31.25,4,5.64693253663097e-14,0.22028941433312094,0.15925378462227552,0.0
625,31.25,5,7.060269686083512e-13,0.2202894143320449,0.15925378462227552,0.0
626,31.3,0,2.6014349253757177e-13,0.2244392157787986,0.1747827786827039,0.0
626,31.3,1,2.566207588496852e-12,0.22443921577490644,0.1747827786827039,0.0
626,31.3,2,3.549365064234087e-15,0.22443921577923162,0.1747827786827039,0.0
626,31.3,3,9.460005168650503e-12,0.2244392157632712,0.1747827786827039,0.0
626,31.3,4,5.082239282967873e-14,0.2244392157791519,0.17478277868270395,0.0
626,31.3,5,6.354242717475161e-13,0.22443921577816522,0.17478277868270395,0.0
627,31.35,0,2.341291432838146e-13,0.22032529630306477,0.15939454312904144,0.0
627,31.35,1,2.3095868296471668e-12,0.22032529629962608,0.15939454312904144,0.0
627,31.35,2,3.1944285578106783e-15,0.2203252963034474,0.15939454312904142,0.0
627,31.35,3,8.514004651785453e-12,0.22032529628934625,0.15939454312904142,0.0
627,31.35,4,4.5740153546710856e-14,0.2203252963033769,0.15939454312904142,0.0
627,31.35,5,5.718818445727645e-13,0.22032529630250516,0.15939454312904142,0.0
628,31.400000000000002,0,2.1071622895543315e-13,0.2243875430591016,0.17459790612811343,0.0
628,31.400000000000002,1,2.07862814668245e-12,0.22438754305594974,0.17459790612811343,0.0
628,31.400000000000002,2,2.8749857020296103e-15,0.22438754305945233,0.17459790612811343,0.0
628,31.400000000000002,3,7.662604186606907e-12,0.2243875430465274,0.17459790612811343,0.0
628,31.400000000000002,4,4.116613819203977e-14,0.2243875430593878,0.17459790612811346,0.0
628,31.400000000000002,5,5.146936601154881e-13,0.2243875430585887,0.17459790612811346,0.0
629,31.450000000000003,0,1.8964460605988984e-13,0.22035701888954357,0.15951888167963785,0.0
629,31.450000000000003,1,1.870765332014205e-12,0.2203570188867578,0.15951888167963785,0.0
629,31.450000000000003,2,2.5874871318266495e-15,0.22035701888985354,0.15951888167963785,0.0
629,31.450000000000003,3,6.896343767946217e-12,0.22035701887843,0.15951888167963785,0.0
629,31.450000000000003,4,3.7049524372835797e-14,0.22035701888979645,0.15951888167963782,0.0
629,31.450000000000003,5,4.632242941039393e-13,0.22035701888909023,0.15951888167963782,0.0
630,31.5,0,1.7068014545390088e-13,0.22434249259746247,0.17443656654264902,0.0
630,31.5,1,1.6836887988127846e-12,0.22434249259490993,0.17443656654264902,0.0
630,31.5,2,2.3287384186439847e-15,0.22434249259774647,0.1744365665426489,0.0
630,31.5,3,6.206709391151595e-12,0.22434249258727929,0.17443656654264894,0.0
630,31.5,4,3.334457193555222e-14,0.22434249259769412,0.17443656654264897,0.0
630,31.5,5,4.1690186469354534e-13,0.22434249259704703,0.17443656654264897,0.0
631,31.55,0,1.5361213090851078e-13,0.22038402677287752,0.15962466434237266,0.0
631,31.55,1,1.5153199189315062e-12,0.22038402677062077,0.15962466434237266,0.0
631,31.55,2,2.0958645767795863e-15,0.22038402677312866,0.15962466434237266,0.0
631,31.55,3,5.586038452036436e-12,0.22038402676387445,0.15962466434237266,0.0
631,31.55,4,3.0010114741996996e-14,0.22038402677308236,0.15962466434237266,0.0
631,31.55,5,3.752116782241908e-13,0.22038402677251026,0.15962466434237266,0.0
632,31.6,0,1.382509178176597e-13,0.22430504279804397,0.17430233359839578,0.0
632,31.6,1,1.3637879270383556e-12,0.22430504279597674,0.17430233359839578,0.0
632,31.6,2,1.8862781191016277e-15,0.22430504279827398,0.17430233359839578,0.0
632,31.6,3,5.027434606832792e-12,0.22430504278979702,0.17430233359839578,0.0
632,31.6,4,2.7009103267797297e-14,0.2243050427982316,0.17430233359839578,0.0
632,31.6,5,3.3769051040177175e-13,0.22430504279770755,0.17430233359839575,0.0
633,31.650000000000002,0,1.2442582603589374e-13,0.22040522594813264,0.15970764676565605,0.0
633,31.650000000000002,1,1.22740913433452e-12,0.2204052259463045,0.15970764676565605,0.0
633,31.650000000000002,2,1.697650307191465e-15,0.22040522594833603,0.15970764676565602,0.0
633,31.650000000000002,3,4.524691146149513e-12,0.22040522594083942,0.15970764676565602,0.0
633,31.650000000000002,4,2.4308192941017567e-14,0.22040522594829853,0.15970764676565605,0.0
633,31.650000000000002,5,3.039214593615946e-13,0.22040522594783513,0.15970764676565602,0.0
634,31.700000000000003,0,1.1198324343230437e-13,0.224277600539064,0.17420390545009626,0.0
634,31.700000000000003,1,1.104668220901068e-12,0.2242776005373898,0.17420390545009626,0.0
634,31.700000000000003,2,1.5278852764723187e-15,0.2242776005392503,0.17420390545009626,0.0
634,31.700000000000003,3,4.072222031534561e-12,0.22427760053238477,0.17420390545009626,0.0
634,31.700000000000003,4,2.187737364691581e-14,0.22427760053921597,0.1742039054500963,0.0
634,31.700000000000003,5,2.735293134254351e-13,0.2242776005387915,0.17420390545009623,0.0
635,31.75,0,1.0078491908907394e-13,0.22041816458029323,0.15975827279228869,0.0
635,31.75,1,9.942013988109611e-13,0.2204181645788123,0.15975827279228869,0.0
635,31.75,2,1.375096748825087e-15,0.22041816458045796,0.15975827279228869,0.0
635,31.75,3,3.664999828381106e-12,0.22041816457438534,0.15975827279228866,0.0
635,31.75,4,1.968963628222423e-14,0.22041816458042762,0.15975827279228869,0.0
635,31.75,5,2.461763820828916e-13,0.22041816458005217,0.15975827279228869,0.0
636,31.8,0,9.070642718016655e-14,0.22426716718901815,0.17416646917952924,0.0
636,31.8,1,8.94781258929865e-13,0.22426716718766207,0.17416646917952924,0.0
636,31.8,2,1.2375870739425783e-15,0.22426716718916906,0.17416646917952924,0.0
636,31.8,3,3.2984998455429954e-12,0.2242671671836082,0.17416646917952916,0.0
636,31.8,4,1.7720672654001806e-14,0.22426716718914128,0.17416646917952924,0.0
636,31.8,5,2.2155874387460246e-13,0.22426716718879744,0.1741664691795292,0.0
637,31.85,0,8.163578446214989e-14,0.22041598400002585,0.15974974178445941,0.0
637,31.85,1,8.053031330368785e-13,0.2204159839988264,0.15974974178445941,0.0
637,31.85,2,1.1138283665483205e-15,0.2204159840001593,0.1597497417844594,0.0
637,31.85,3,2.968649860988696e-12,0.22041598399524054,0.15974974178445941,0.0
637,31.85,4,1.5948605388601625e-14,0.22041598400013473,0.1597497417844594,0.0
637,31.85,5,1.9940286948714223e-13,0.22041598399983062,0.15974974178445941,0.0
638,31.900000000000002,0,7.34722060159349e-14,0.2243048238592477,0.1743015485422161,0.0
638,31.900000000000002,1,7.247728197331908e-13,0.2243048238581491,0.1743015485422161,0.0
638,31.900000000000002,2,1.0024455298934884e-15,0.22430482385936992,0.1743015485422161,0.0
638,31.900000000000002,3,2.6717848748898264e-12,0.2243048238548649,0.1743015485422161,0.0
638,31.900000000000002,4,1.4353744849741465e-14,0.2243048238593474,0.17430154854221605,0.0
638,31.900000000000002,5,1.7946258253842801e-13,0.22430482385906889,0.17430154854221605,0.0
639,31.950000000000003,0,6.612498541434141e-14,0.22036862632005014,0.15956435347595552,0.0
639,31.950000000000003,1,6.522955377598717e-13,0.22036862631907875,0.15956435347595552,0.0
639,31.950000000000003,2,9.022009769041396e-16,0.22036862632015825,0.15956435347595554,0.0
639,31.950000000000003,3,2.404606387400844e-12,0.2203686263161749,0.15956435347595552,0.0
639,31.950000000000003,4,1.2918370364767318e-14,0.22036862632013832,0.15956435347595552,0.0
639,31.950000000000003,5,1.6151632428458523e-13,0.22036862631989207,0.15956435347595554,0.0
640,32.0,0,5.951248687290727e-14,0.2248060311665061,0.17608957651791438,0.0
640,32.0,1,5.870659839838846e-13,0.22480603116561423,0.17608957651791438,0.0
640,32.0,2,8.119808792137256e-16,0.22480603116660536,0.17608957651791438,0.0
640,32.0,3,2.1641457486607596e-12,0.22480603116294817,0.17608957651791438,0.0
640,32.0,4,1.1626533328290587e-14,0.22480603116658707,0.17608957651791435,0.0
640,32.0,5,1.453646918561267e-13,0.224806031166361,0.17608957651791435,0.0
641,32.050000000000004,0,5.356123818561654e-14,0.21985099671428673,0.1575237946881965,0.0
641,32.050000000000004,1,5.283593855854962e-13,0.21985099671350175,0.1575237946881965,0.0
641,32.050000000000004,2,7.307827912923531e-16,0.21985099671437405,0.1575237946881965,0.0
641,32.050000000000004,3,1.9477311737946836e-12,0.21985099671115513,0.1575237946881965,0.0
641,32.050000000000004,4,1.0463879995461528e-14,0.21985099671435795,0.1575237946881965,0.0
641,32.050000000000004,5,1.3082822267051404e-13,0.21985099671415897,0.1575237946881965,0.0
642,32.1,0,4.820511436705489e-14,0.22043091906936058,0.1598081626100514,0.0
642,32.1,1,4.755234470269465e-13,0.22043091906865225,0.1598081626100514,0.0
642,32.1,2,6.577045121631177e-16,0.22043091906943937,0.15980816261005143,0.0
642,32.1,3,1.7529580564152153e-12,0.22043091906653475,0.15980816261005146,0.0
642,32.1,4,9.417491995915376e-15,0.2204309190694249,0.15980816261005146,0.0
642,32.1,5,1.1774540040346264e-13,0.2204309190692453,0.1598081626100514,0.0
643,32.15,0,4.33846029303494e-14,0.22408216665513653,0.17350132079904176,0.0
643,32.15,1,4.279711023242519e-13,0.22408216665448838,0.17350132079904176,0.0
643,32.15,2,5.919340609468059e-16,0.22408216665520858,0.17350132079904168,0.0
643,32.15,3,1.5776622507736938e-12,0.2240821666525511,0.17350132079904176,0.0
643,32.15,4,8.475742796323839e-15,0.22408216665519531,0.17350132079904168,0.0
643,32.15,5,1.0597086036311638e-13,0.22408216665503103,0.1735013207990417,0.0
644,32.2,0,3.904614263731446e-14,0.2206193877010272,0.16054355990311484,0.0
644,32.2,1,3.851739920918267e-13,0.22061938770045297,0.16054355990311484,0.0
644,32.2,2,5.327406548521254e-16,0.22061938770109113,0.16054355990311484,0.0
644,32.2,3,1.4198960256963245e-12,0.22061938769873632,0.16054355990311484,0.0
644,32.2,4,7.628168516691456e-15,0.22061938770107933,0.16054355990311484,0.0
644,32.2,5,9.537377432680474e-14,0.22061938770093378,0.16054355990311484,0.0
645,32.25,0,3.5141528373583016e-14,0.22388275822953654,0.17278150302331155,0.0
645,32.25,1,3.4665659288264404e-13,0.22388275822901207,0.17278150302331155,0.0
645,32.25,2,4.794665893669129e-16,0.22388275822959486,0.17278150302331155,0.0
645,32.25,3,1.277906423126692e-12,0.22388275822744422,0.17278150302331155,0.0
645,32.25,4,6.8653516650223105e-15,0.22388275822958412,0.17278150302331152,0.0
645,32.25,5,8.583639689412427e-14,0.22388275822945117,0.17278150302331155,0.0
646,32.300000000000004,0,3.1627375536224716e-14,0.22081040568064145,0.1612854832304118,0.0
646,32.300000000000004,1,3.1199093359437965e-13,0.2208104056801759,0.1612854832304118,0.0
646,32.300000000000004,2,4.3151993043022164e-16,0.22081040568069327,0.16128548323041184,0.0
646,32.300000000000004,3,1.1501157808140228e-12,0.2208104056787842,0.1612854832304118,0.0
646,32.300000000000004,4,6.17881649852008e-15,0.22081040568068372,0.1612854832304118,0.0
646,32.300000000000004,5,7.725275720471184e-14,0.22081040568056565,0.1612854832304118,0.0
647,32.35,0,2.8464637982602244e-14,0.2236836392669035,0.17205972533887529,0.0
647,32.35,1,2.807918402349417e-13,0.22368363926647902,0.17205972533887529,0.0
647,32.35,2,3.8836793738719946e-16,0.22368363926695073,0.17205972533887529,0.0
647,32.35,3,1.0351042027326205e-12,0.2236836392652102,0.17205972533887529,0.0
647,32.35,4,5.560934848668072e-15,0.22368363926694199,0.17205972533887529,0.0
647,32.35,5,6.952748148424066e-14,0.22368363926683443,0.17205972533887534,0.0
648,32.4,0,2.561817418434202e-14,0.22098781286952504,0.16197149776105524,0.0
648,32.4,1,2.527126562114475e-13,0.22098781286914768,0.16197149776105524,0.0
648,32.4,2,3.4953114364847954e-16,0.22098781286956706,0.16197149776105527,0.0
648,32.4,3,9.315937824593585e-13,0.22098781286801947,0.16197149776105527,0.0
648,32.4,4,5.004841363801265e-15,0.2209878128695593,0.16197149776105527,0.0
648,32.4,5,6.25747333358166e-14,0.22098781286946367,0.16197149776105527,0.0
649,32.45,0,2.3056356765907818e-14,0.22350024073323696,0.1713922428717082,0.0
649,32.45,1,2.274413905903028e-13,0.22350024073289343,0.1713922428717082,0.0
649,32.45,2,3.145780292836316e-16,0.22350024073327515,0.1713922428717082,0.0
649,32.45,3,8.384344042134227e-13,0.2235002407318665,0.1713922428717082,0.0
649,32.45,4,4.504357227421139e-15,0.2235002407332681,0.1713922428717082,0.0
649,32.45,5,5.6317260002234945e-14,0.223500240733181,0.17139224287170826,0.0
650,32.5,0,2.0750721089317037e-14,0.22115027609579335,0.16259718669086756,0.0
650,32.5,1,2.046972515312725e-13,0.22115027609548743,0.16259718669086756,0.0
650,32.5,2,2.8312022635526847e-16,0.22115027609582738,0.16259718669086756,0.0
650,32.5,3,7.545909637920804e-13,0.22115027609457294,0.16259718669086756,0.0
650,32.5,4,4.053921504679025e-15,0.22115027609582116,0.1625971866908676,0.0
650,32.5,5,5.068553400201145e-14,0.22115027609574356,0.16259718669086756,0.0
651,32.550000000000004,0,1.8675648980385333e-14,0.22333337085139784,0.1707826500681101,0.0
651,32.550000000000004,1,1.8422752637814525e-13,0.22333337085111984,0.1707826500681101,0.0
651,32.550000000000004,2,2.5480820371974163e-16,0.2233333708514288,0.1707826500681101,0.0
651,32.550000000000004,3,6.791318674128724e-13,0.22333337085028862,0.1707826500681101,0.0
651,32.550000000000004,4,3.648529354211123e-15,0.22333337085142307,0.1707826500681101,0.0
651,32.550000000000004,5,4.56169806018103e-14,0.22333337085135263,0.1707826500681101,0.0
652,32.6,0,1.68080840823468e-14,0.22129870020167133,0.1631667099996935,0.0
652,32.6,1,1.6580477374033074e-13,0.2212987002014233,0.1631667099996935,0.0
652,32.6,2,2.2932738334776747e-16,0.22129870020169887,0.16316670999969346,0.0
652,32.6,3,6.112186806715851e-13,0.2212987002006821,0.16316670999969346,0.0
652,32.6,4,3.2836764187900104e-15,0.2212987002016938,0.1631667099996935,0.0
652,32.6,5,4.1055282541629273e-14,0.2212987002016309,0.16316670999969346,0.0
653,32.65,0,1.5127275674112118e-14,0.22318173287156262,0.17022680778739008,0.0
653,32.65,1,1.4922429636629768e-13,0.22318173287133758,0.17022680778739008,0.0
653,32.65,2,2.0639464501299073e-16,0.2231817328715877,0.17022680778739008,0.0
653,32.65,3,5.500968126044266e-13,0.22318173287066476,0.1702268077873901,0.0
653,32.65,4,2.9553087769110093e-15,0.22318173287158308,0.17022680778739008,0.0
653,32.65,5,3.6949754287466344e-14,0.223181732871526,0.1702268077873901,0.0
654,32.7,0,1.3614548106700906e-14,0.22143444859325043,0.16368585993173443,0.0
654,32.7,1,1.343018667296679e-13,0.22143444859304945,0.16368585993173443,0.0
654,32.7,2,1.8575518051169166e-16,0.2214344485932728,0.16368585993173443,0.0
654,32.7,3,4.95087131343984e-13,0.2214344485924487,0.1636858599317344,0.0
654,32.7,4,2.6597778992199085e-15,0.2214344485932687,0.16368585993173437,0.0
654,32.7,5,3.325477885871971e-14,0.22143444859321773,0.16368585993173443,0.0
655,32.75,0,1.2253093296030816e-14,0.22304366946724677,0.16971914103625482,0.0
655,32.75,1,1.2087168005670112e-13,0.22304366946706458,0.16971914103625482,0.0
655,32.75,2,1.671796624605225e-16,0.22304366946726703,0.16971914103625482,0.0
655,32.75,3,4.455784182095856e-13,0.22304366946651993,0.16971914103625482,0.0
655,32.75,4,2.3938001092979177e-15,0.22304366946726328,0.16971914103625485,0.0
655,32.75,5,2.992930097284774e-14,0.22304366946721713,0.16971914103625482,0.0
656,32.800000000000004,0,1.1027783966427734e-14,0.22155890196266145,0.16416037114160598,0.0
656,32.800000000000004,1,1.0878451205103101e-13,0.22155890196249856,0.16416037114160598,0.0
656,32.800000000000004,2,1.5046169621447025e-16,0.22155890196267963,0.164160371141606,0.0
656,32.800000000000004,3,4.0102057638862705e-13,0.2215589019620117,0.164160371141606,0.0
656,32.800000000000004,4,2.154420098368126e-15,0.22155890196267627,0.16416037114160598,0.0
656,32.800000000000004,5,2.6936370875562967e-14,0.22155890196263495,0.16416037114160598,0.0
657,32.85,0,9.925005569784961e-15,0.2229175788782248,0.16925416862754597,0.0
657,32.85,1,9.790606084592791e-14,0.22291757887807728,0.16925416862754597,0.0
657,32.85,2,1.3541552659302323e-16,0.22291757887824118,0.16925416862754597,0.0
657,32.85,3,3.6091851874976437e-13,0.22291757887763636,0.16925416862754603,0.0
657,32.85,4,1.9389780885313135e-15,0.22291757887823815,0.16925416862754603,0.0
657,32.85,5,2.424273378800667e-14,0.22291757887820082,0.16925416862754605,0.0
658,32.9,0,8.932505012806466e-15,0.2216732995533183,0.16459533541891913,0.0
658,32.9,1,8.811545476133512e-14,0.22167329955318632,0.16459533541891913,0.0
658,32.9,2,1.2187397393372092e-16,0.221673299553333,0.16459533541891913,0.0
658,32.9,3,3.2482666687478795e-13,0.22167329955279172,0.16459533541891916,0.0
658,32.9,4,1.7450802796781821e-15,0.2216732995533303,0.16459533541891913,0.0
658,32.9,5,2.1818460409206002e-14,0.22167329955329682,0.16459533541891913,0.0
659,32.95,0,8.03925451152582e-15,0.22280205415967824,0.16882703485998507,0.0
659,32.95,1,7.930390928520161e-14,0.2228020541595588,0.16882703485998507,0.0
659,32.95,2,1.0968657654034882e-16,0.2228020541596915,0.16882703485998507,0.0
659,32.95,3,2.923440001873092e-13,0.22280205415920187,0.16882703485998507,0.0
659,32.95,4,1.570572251710364e-15,0.2228020541596891,0.16882703485998507,0.0
659,32.95,5,1.9636614368285402e-14,0.2228020541596588,0.16882703485998507,0.0
660,33.0,0,7.235329060373238e-15,0.22177860751705805,0.1649947253591388,0.0
660,33.0,1,7.137351835668145e-14,0.2217786075169511,0.1649947253591388,0.0
660,33.0,2,9.871791888631394e-17,0.22177860751706993,0.1649947253591388,0.0
660,33.0,3,2.631096001685783e-13,0.2217786075166313,0.1649947253591388,0.0
660,33.0,4,1.4135150265393276e-15,0.22177860751706777,0.16499472535913884,0.0
660,33.0,5,1.7672952931456864e-14,0.22177860751704062,0.1649947253591388,0.0
661,33.050000000000004,0,6.5117961543359145e-15,0.22269599766951037,0.16843395467334255,0.0
661,33.050000000000004,1,6.42361665210133e-14,0.2226959976694137,0.16843395467334255,0.0
661,33.050000000000004,2,8.884612699768255e-17,0.22269599766952117,0.16843395467334255,0.0
661,33.050000000000004,3,2.3679864015172045e-13,0.22269599766912473,0.16843395467334255,0.0
661,33.050000000000004,4,1.2721635238853949e-15,0.22269599766951917,0.16843395467334255,0.0
661,33.050000000000004,5,1.590565763831118e-14,0.22269599766949466,0.16843395467334255,0.0
662,33.1,0,5.860616538902323e-15,0.2218751211956671,0.16535991501750388,0.0
662,33.1,1,5.781254986891197e-14,0.22187512119558045,0.16535991501750388,0.0
662,33.1,2,7.99615142979143e-17,0.22187512119567676,0.16535991501750388,0.0
662,33.1,3,2.1311877613654841e-13,0.2218751211953213,0.16535991501750388,0.0
662,33.1,4,1.1449471714968554e-15,0.22187512119567498,0.16535991501750386,0.0
662,33.1,5,1.4315091874480062e-14,0.221875121195653,0.16535991501750386,0.0
663,33.15,0,5.2745548850120905e-15,0.22259899449442083,0.1680736240997888,0.0
663,33.15,1,5.203129488202077e-14,0.2225989944943426,0.1680736240997888,0.0
663,33.15,2,7.196536286812286e-17,0.22259899449442955,0.16807362409978874,0.0
663,33.15,3,1.9180689852289357e-13,0.2225989944941086,0.16807362409978874,0.0
663,33.15,4,1.0304524543471698e-15,0.22259899449442797,0.16807362409978874,0.0
663,33.15,5,1.2883582687032056e-14,0.2225989944944081,0.16807362409978877,0.0
664,33.2,0,4.747099396510882e-15,0.22195927761652529,0.16567769017181072,0.0
664,33.2,1,4.68281653938187e-14,0.22195927761645506,0.16567769017181072,0.0
664,33.2,2,6.476882658131058e-17,0.22195927761653308,0.16567769017181072,0.0
664,33.2,3,1.726262086706042e-13,0.22195927761624507,0.16567769017181075,0.0
664,33.2,4,9.274072089124528e-16,0.22195927761653164,0.16567769017181072,0.0
664,33.2,5,1.1595224418328851e-14,0.22195927761651385,0.16567769017181072,0.0
665,33.25,0,4.272389456859794e-15,0.22251437970660934,0.16775867975538736,0.0
665,33.25,1,4.214534885443683e-14,0.22251437970654595,0.16775867975538736,0.0
665,33.25,2,5.829194392317952e-17,0.2225143797066164,0.16775867975538736,0.0
665,33.25,3,1.553635878035438e-13,0.2225143797063565,0.16775867975538736,0.0
665,33.25,4,8.346664880212076e-16,0.2225143797066151,0.16775867975538736,0.0
665,33.25,5,1.0435701976495967e-14,0.22251437970659899,0.1677586797553873,0.0
666,33.300000000000004,0,3.8451505111738145e-15,0.222350522801985,0.16714710138823605,0.0
666,33.300000000000004,1,3.793081396899315e-14,0.22235052280192796,0.16714710138823605,0.0
666,33.300000000000004,2,5.246274953086157e-17,0.2223505228019913,0.16714710138823605,0.0
666,33.300000000000004,3,1.3982722902318941e-13,0.2223505228017576,0.16714710138823596,0.0
666,33.300000000000004,4,7.511998392190869e-16,0.22235052280199014,0.16714710138823605,0.0
666,33.300000000000004,5,9.392131778846371e-15,0.2223505228019757,0.167147101388236,0.0
667,33.35,0,3.460635460056433e-15,0.22209844376612511,0.1662018492907454,0.0
667,33.35,1,3.4137732572093835e-14,0.22209844376607393,0.1662018492907454,0.0
667,33.35,2,4.7216474577775414e-17,0.22209844376613083,0.1662018492907454,0.0
667,33.35,3,1.2584450612087049e-13,0.22209844376592075,0.1662018492907454,0.0
667,33.35,4,6.760798552971782e-16,0.2220984437661298,0.16620184929074547,0.0
667,33.35,5,8.452918600961735e-15,0.22209844376611684,0.1662018492907454,0.0
668,33.4,0,3.1145719140507898e-15,0.22252302014505174,0.16779086739546112,0.0
668,33.4,1,3.072395931488445e-14,0.22252302014500555,0.16779086739546112,0.0
668,33.4,2,4.2494827119997876e-17,0.22252302014505684,0.16779086739546104,0.0
668,33.4,3,1.1326005550878344e-13,0.22252302014486744,0.16779086739546112,0.0
668,33.4,4,6.084718697674603e-16,0.22252302014505596,0.16779086739546112,0.0
668,33.4,5,7.607626740865562e-15,0.22252302014504424,0.16779086739546112,0.0
669,33.45,0,2.8031147226457107e-15,0.2219356103260269,0.1655883839752641,0.0
669,33.45,1,2.765156338339601e-14,0.2219356103259854,0.1655883839752641,0.0
669,33.45,2,3.824534440799809e-17,0.22193561032603148,0.1655883839752641,0.0
669,33.45,3,1.019340499579051e-13,0.22193561032586148,0.1655883839752641,0.0
669,33.45,4,5.476246827907143e-16,0.22193561032603068,0.16558838397526413,0.0
669,33.45,5,6.8468640667790054e-15,0.22193561032602016,0.1655883839752641,0.0
670,33.5,0,2.52280325038114e-15,0.22264376207716083,0.16824001484919193,0.0
670,33.5,1,2.4886407045056408e-14,0.22264376207712339,0.16824001484919193,0.0
670,33.5,2,3.442080996719828e-17,0.22264376207716496,0.16824001484919193,0.0
670,33.5,3,9.17406449621146e-14,0.22264376207701148,0.16824001484919193,0.0
670,33.5,4,4.928622145116429e-16,0.22264376207716424,0.16824001484919193,0.0
670,33.5,5,6.162177660101105e-15,0.22264376207715475,0.16824001484919196,0.0
671,33.550000000000004,0,2.270522925343026e-15,0.22182331906149635,0.1651640058453269,0.0
671,33.550000000000004,1,2.2397766340550766e-14,0.22182331906146277,0.1651640058453269,0.0
671,33.550000000000004,2,3.097872897047845e-17,0.2218233190615001,0.1651640058453269,0.0
671,33.550000000000004,3,8.256658046590314e-14,0.22182331906136238,0.1651640058453269,0.0
671,33.550000000000004,4,4.4357599306047866e-16,0.2218233190614994,0.1651640058453269,0.0
671,33.550000000000004,5,5.545959894090995e-15,0.2218233190614909,0.1651640058453269,0.0
672,33.6,0,2.0434706328087234e-15,0.22274524721761577,0.16861660363684225,0.0
672,33.6,1,2.015798970649569e-14,0.2227452472175854,0.16861660363684225,0.0
672,33.6,2,2.788085607343061e-17,0.22274524721761912,0.16861660363684225,0.0
672,33.6,3,7.430992241931282e-14,0.2227452472174947,0.16861660363684228,0.0
672,33.6,4,3.992183937544308e-16,0.2227452472176185,0.16861660363684236,0.0
672,33.6,5,4.991363904681895e-15,0.22274524721761083,0.16861660363684228,0.0
673,33.65,0,1.8391235695278513e-15,0.22172932328776299,0.16480793096725535,0.0
673,33.65,1,1.8142190735846122e-14,0.2217293232877358,0.16480793096725535,0.0
673,33.65,2,2.509277046608755e-17,0.22172932328776604,0.16480793096725538,0.0
673,33.65,3,6.687893017738154e-14,0.22172932328765457,0.16480793096725535,0.0
673,33.65,4,3.592965543789877e-16,0.2217293232877655,0.16480793096725535,0.0
673,33.65,5,4.492227514213706e-15,0.22172932328775857,0.16480793096725535,0.0
674,33.7,0,1.6552112125750661e-15,0.2228327758178918,0.1689407285777121,0.0
674,33.7,1,1.632797166226151e-14,0.2228327758178672,0.1689407285777121,0.0
674,33.7,2,2.2583493419478794e-17,0.2228327758178945,0.1689407285777121,0.0
674,33.7,3,6.019103715964339e-14,0.22283277581779368,0.1689407285777121,0.0
674,33.7,4,3.2336689894108897e-16,0.222832775817894,0.1689407285777121,0.0
674,33.7,5,4.043004762792335e-15,0.2228327758178878,0.16894072857771214,0.0
675,33.75,0,1.4896900913175596e-15,0.22164838901510306,0.16450071814093073,0.0
675,33.75,1,1.469517449603536e-14,0.22164838901508105,0.16450071814093073,0.0
675,33.75,2,2.0325144077530917e-17,0.2216483890151055,0.16450071814093073,0.0
675,33.75,3,5.417193344367905e-14,0.22164838901501524,0.16450071814093073,0.0
675,33.75,4,2.910302090469801e-16,0.22164838901510506,0.16450071814093073,0.0
675,33.75,5,3.638704286513102e-15,0.2216483890150995,0.16450071814093073,0.0
676,33.800000000000004,0,1.3407210821858036e-15,0.22290956189289773,0.16922456194691418,0.0
676,33.800000000000004,1,1.3225657046431825e-14,0.22290956189287783,0.16922456194691418,0.0
676,33.800000000000004,2,1.8292629669777825e-17,0.22290956189289995,0.16922456194691418,0.0
676,33.800000000000004,3,4.8754740099311144e-14,0.2229095618928183,0.16922456194691418,0.0
676,33.800000000000004,4,2.619271881422821e-16,0.22290956189289957,0.16922456194691418,0.0
676,33.800000000000004,5,3.274833857861792e-15,0.22290956189289451,0.16922456194691424,0.0
677,33.85,0,1.2066489739672233e-15,0.22157738509873479,0.16423072603328828,0.0
677,33.85,1,1.1903091341788642e-14,0.22157738509871694,0.16423072603328828,0.0
677,33.85,2,1.6463366702800044e-17,0.22157738509873676,0.16423072603328828,0.0
677,33.85,3,4.387926608938003e-14,0.2215773850986637,0.16423072603328828,0.0
677,33.85,4,2.3573446932805387e-16,0.2215773850987364,0.16423072603328823,0.0
677,33.85,5,2.9473504720756125e-15,0.2215773850987319,0.16423072603328825,0.0
678,33.9,0,1.085984076570501e-15,0.22297893900318022,0.16948059993396747,0.0
678,33.9,1,1.0712782207609778e-14,0.22297893900316407,0.16948059993396747,0.0
678,33.9,2,1.481703003252004e-17,0.22297893900318197,0.16948059993396744,0.0
678,33.9,3,3.9491339480442023e-14,0.22297893900311577,0.16948059993396744,0.0
678,33.9,4,2.1216102239524849e-16,0.22297893900318172,0.1694805999339675,0.0
678,33.9,5,2.6526154248680513e-15,0.22297893900317758,0.1694805999339675,0.0
679,33.95,0,9.773856689134509e-16,0.22151309778350695,0.16398589033629007,0.0
679,33.95,1,9.641503986848801e-15,0.22151309778349254,0.16398589033629007,0.0
679,33.95,2,1.3335327029268036e-17,0.22151309778350858,0.1639858903362901,0.0
679,33.95,3,3.554220553239782e-14,0.2215130977834494,0.1639858903362901,0.0
679,33.95,4,1.9094492015572364e-16,0.22151309778350828,0.16398589033629007,0.0
679,33.95,5,2.387353882381246e-15,0.22151309778350461,0.16398589033629007,0.0
680,34.0,0,8.796471020221058e-16,0.2230502268604465,0.16974328727687582,0.0
680,34.0,1,8.677353588163922e-15,0.22305022686043344,0.16974328727687582,0.0
680,34.0,2,1.2001794326341233e-17,0.22305022686044795,0.16974328727687582,0.0
680,34.0,3,3.198798497915804e-14,0.22305022686039433,0.16974328727687582,0.0
680,34.0,4,1.7185042814015128e-16,0.2230502268604477,0.16974328727687582,0.0
680,34.0,5,2.1486184941431216e-15,0.2230502268604444,0.16974328727687585,0.0
681,34.050000000000004,0,7.916823918198952e-16,0.22144652692493696,0.16373197200355477,0.0
681,34.050000000000004,1,7.80961822934753e-15,0.22144652692492528,0.16373197200355477,0.0
681,34.050000000000004,2,1.080161489370711e-17,0.22144652692493824,0.16373197200355477,0.0
681,34.050000000000004,3,2.878918648124223e-14,0.22144652692489036,0.16373197200355477,0.0
681,34.050000000000004,4,1.5466538532613615e-16,0.22144652692493805,0.16373197200355477,0.0
681,34.050000000000004,5,1.9337566447288096e-15,0.22144652692493505,0.16373197200355477,0.0
682,34.1,0,7.125141526379058e-16,0.2214355643384756,0.1636901201144895,0.0
682,34.1,1,7.0286564064127765e-15,0.22143556433846506,0.1636901201144895,0.0
682,34.1,2,9.7214534043364e-18,0.22143556433847675,0.1636901201144895,0.0
682,34.1,3,2.591026783311801e-14,0.22143556433843364,0.1636901201144895,0.0
682,34.1,4,1.3919884679352254e-16,0.22143556433847655,0.1636901201144895,0.0
682,34.1,5,1.7403809802559287e-15,0.2214355643384739,0.1636901201144895,0.0
683,34.15,0,6.412627373741152e-16,0.2229998973287374,0.16955787112641832,0.0
683,34.15,1,6.325790765771499e-15,0.22299989732872783,0.16955787112641832,0.0
683,34.15,2,8.74930806390276e-18,0.22299989732873843,0.16955787112641832,0.0
683,34.15,3,2.331924104980621e-14,0.22299989732869938,0.16955787112641832,0.0
683,34.15,4,1.2527896211417028e-16,0.2229998973287383,0.16955787112641837,0.0
683,34.15,5,1.5663428822303358e-15,0.22299989732873585,0.16955787112641832,0.0
684,34.2,0,5.771364636367037e-16,0.2215659249258047,0.1641871071590492,0.0
684,34.2,1,5.6932116891943495e-15,0.2215659249257962,0.1641871071590492,0.0
684,34.2,2,7.874377257512484e-18,0.22156592492580562,0.1641871071590492,0.0
684,34.2,3,2.098731694482559e-14,0.22156592492577074,0.16418710715904922,0.0
684,34.2,4,1.1275106590275325e-16,0.2215659249258055,0.16418710715904922,0.0
684,34.2,5,1.4097085940073022e-15,0.22156592492580332,0.1641871071590492,0.0
685,34.25,0,5.194228172730333e-16,0.222872408356727,0.16908728647036078,0.0
685,34.25,1,5.1238905202749145e-15,0.2228724083567193,0.16908728647036078,0.0
685,34.25,2,7.086939531761235e-18,0.22287240835672784,0.16908728647036078,0.0
685,34.25,3,1.888858525034303e-14,0.22287240835669622,0.16908728647036078,0.0
685,34.25,4,1.0147595931247793e-16,0.2228724083567277,0.16908728647036075,0.0
685,34.25,5,1.268737734606572e-15,0.22287240835672575,0.16908728647036075,0.0
686,34.300000000000004,0,4.6748053554573e-16,0.2217053777611326,0.16471709747751365,0.0
686,34.300000000000004,1,4.611501468247423e-15,0.2217053777611257,0.16471709747751365,0.0
686,34.300000000000004,2,6.378245578585112e-18,0.22170537776113333,0.16471709747751365,0.0
686,34.300000000000004,3,1.699972672530873e-14,0.22170537776110502,0.16471709747751365,0.0
686,34.300000000000004,4,9.132836338123014e-17,0.22170537776113322,0.16471709747751367,0.0
686,34.300000000000004,5,1.1418639611459148e-15,0.22170537776113147,0.16471709747751365,0.0
687,34.35,0,4.20732481991157e-16,0.22273648862133885,0.1685841356020026,0.0
687,34.35,1,4.1503513214226805e-15,0.22273648862133258,0.1685841356020026,0.0
687,34.35,2,5.740421020726601e-18,0.2227364886213395,0.1685841356020026,0.0
687,34.35,3,1.5299754052777857e-14,0.2227364886213139,0.16858413560200258,0.0
687,34.35,4,8.219552704310712e-17,0.2227364886213394,0.1685841356020026,0.0
687,34.35,5,1.0276775650313233e-15,0.22273648862133782,0.1685841356020026,0.0
688,34.4,0,3.786592337920413e-16,0.22183313816301675,0.16520115830033308,0.0
688,34.4,1,3.735316189280413e-15,0.22183313816301115,0.16520115830033308,0.0
688,34.4,2,5.1663789186539415e-18,0.22183313816301736,0.16520115830033302,0.0
688,34.4,3,1.3769778647500071e-14,0.2218331381629944,0.16520115830033302,0.0
688,34.4,4,7.397597433879642e-17,0.22183313816301722,0.16520115830033302,0.0
688,34.4,5,9.24909808528191e-16,0.22183313816301578,0.16520115830033302,0.0
689,34.45,0,3.407933104128372e-16,0.2226124026135687,0.16812347625171686,0.0
689,34.45,1,3.361784570352372e-15,0.22261240261356366,0.16812347625171686,0.0
689,34.45,2,4.649741026788548e-18,0.2226124026135693,0.16812347625171686,0.0
689,34.45,3,1.2392800782750064e-14,0.22261240261354853,0.16812347625171686,0.0
689,34.45,4,6.657837690491678e-17,0.22261240261356915,0.16812347625171686,0.0
689,34.45,5,8.324188276753719e-16,0.2226124026135679,0.1681234762517169,0.0
690,34.5,0,3.067139793715535e-16,0.22194756545560215,0.16563350150106518,0.0
690,34.5,1,3.0256061133171346e-15,0.22194756545559763,0.16563350150106518,0.0
690,34.5,2,4.184766924109693e-18,0.22194756545560268,0.16563350150106515,0.0
690,34.5,3,1.1153520704475059e-14,0.22194756545558408,0.16563350150106518,0.0
690,34.5,4,5.99205392144251e-17,0.22194756545560257,0.16563350150106515,0.0
690,34.5,5,7.491769449078348e-16,0.22194756545560143,0.16563350150106518,0.0
691,34.550000000000004,0,2.7604258143439813e-16,0.22250158405426212,0.1677110016302695,0.0
691,34.550000000000004,1,2.7230455019854213e-15,0.22250158405425807,0.1677110016302695,0.0
691,34.550000000000004,2,3.766290231698724e-18,0.22250158405426262,0.1677110016302695,0.0
691,34.550000000000004,3,1.0038168634027554e-14,0.22250158405424583,0.1677110016302695,0.0
691,34.550000000000004,4,5.392848529298259e-17,0.2225015840542625,0.1677110016302695,0.0
691,34.550000000000004,5,6.742592504170513e-16,0.2225015840542615,0.1677110016302695,0.0
692,34.6,0,2.4843832329095834e-16,0.22204325331837063,0.16599417654834708,0.0
692,34.6,1,2.450740951786879e-15,0.222043253318367,0.16599417654834708,0.0
692,34.6,2,3.3896612085288517e-18,0.22204325331837105,0.16599417654834706,0.0
692,34.6,3,9.034351770624798e-15,0.22204325331835595,0.16599417654834706,0.0
692,34.6,4,4.8535636763684336e-17,0.22204325331837094,0.16599417654834706,0.0
692,34.6,5,6.068333253753462e-16,0.22204325331837002,0.16599417654834706,0.0
693,34.65,0,2.235944909618625e-16,0.2224091363816887,0.16736612703026663,0.0
693,34.65,1,2.205666856608191e-15,0.22240913638168539,0.16736612703026663,0.0
693,34.65,2,3.0506950876759666e-18,0.22240913638168908,0.16736612703026663,0.0
693,34.65,3,8.130916593562319e-15,0.22240913638167545,0.16736612703026663,0.0
693,34.65,4,4.3682073087315903e-17,0.22240913638168897,0.16736612703026663,0.0
693,34.65,5,5.4614999283781155e-16,0.22240913638168813,0.16736612703026663,0.0
694,34.7,0,2.0123504186567628e-16,0.22224950279685796,0.1667689374436164,0.0
694,34.7,1,1.985100170947372e-15,0.222249502796855,0.1667689374436164,0.0
694,34.7,2,2.74562557890837e-18,0.2222495027968583,0.1667689374436164,0.0
694,34.7,3,7.317824934206087e-15,0.22224950279684605,0.1667689374436164,0.0
694,34.7,4,3.9313865778584314e-17,0.22224950279685818,0.1667689374436164,0.0
694,34.7,5,4.915349935540304e-16,0.22224950279685746,0.16676893744361643,0.0
695,34.75,0,1.8111153767910864e-16,0.22219038370179559,0.1665472294192997,0.0
695,34.75,1,1.786590153852635e-15,0.2221903837017929,0.1665472294192997,0.0
695,34.75,2,2.471063021017533e-18,0.2221903837017959,0.16654722941929967,0.0
695,34.75,3,6.586042440785479e-15,0.2221903837017849,0.16654722941929964,0.0
695,34.75,4,3.538247920072588e-17,0.22219038370179578,0.16654722941929967,0.0
695,34.75,5,4.4238149419862735e-16,0.22219038370179514,0.16654722941929967,0.0
696,34.800000000000004,0,1.6300038391119778e-16,0.22240386552448496,0.1673464427635274,0.0
696,34.800000000000004,1,1.6079311384673715e-15,0.22240386552448255,0.1673464427635274,0.0
696,34.800000000000004,2,2.2239567189157798e-18,0.22240386552448527,0.1673464427635274,0.0
696,34.800000000000004,3,5.927438196706931e-15,0.22240386552447533,0.16734644276352748,0.0
696,34.800000000000004,4,3.18442312806533e-17,0.2224038655244852,0.16734644276352742,0.0
696,34.800000000000004,5,3.9814334477876464e-16,0.22240386552448457,0.16734644276352748,0.0
697,34.85,0,1.46700345520078e-16,0.22204477352849225,0.16599990033314968,0.0
697,34.85,1,1.4471380246206345e-15,0.22204477352849009,0.16599990033314968,0.0
697,34.85,2,2.001561047024202e-18,0.2220447735284925,0.16599990033314968,0.0
697,34.85,3,5.3346943770362385e-15,0.22204477352848356,0.16599990033314968,0.0
697,34.85,4,2.865980815258797e-17,0.22204477352849247,0.1659999003331497,0.0
697,34.85,5,3.583290103008882e-16,0.22204477352849192,0.16599990033314968,0.0
698,34.9,0,1.320303109680702e-16,0.2225213332997214,0.16778458398986493,0.0
698,34.9,1,1.3024242221585711e-15,0.2225213332997195,0.16778458398986493,0.0
698,34.9,2,1.8014049423217818e-18,0.22252133329972165,0.16778458398986493,0.0
698,34.9,3,4.8012249393326144e-15,0.2225213332997136,0.16778458398986493,0.0
698,34.9,4,2.5793827337329172e-17,0.2225213332997216,0.16778458398986493,0.0
698,34.9,5,3.224961092707994e-16,0.2225213332997211,0.16778458398986493,0.0
699,34.95,0,1.1882727987126317e-16,0.2219350787540014,0.16558637758735462,0.0
699,34.95,1,1.172181799942714e-15,0.22193507875399962,0.16558637758735462,0.0
699,34.95,2,1.6212644480896036e-18,0.2219350787540016,0.16558637758735462,0.0
699,34.95,3,4.321102445399353e-15,0.22193507875399435,0.16558637758735462,0.0
699,34.95,4,2.3214444603596255e-17,0.22193507875400154,0.16558637758735462,0.0
699,34.95,5,2.9024649834371945e-16,0.2219350787540011,0.16558637758735462,0.0
700,35.0,0,1.0694455188413686e-16,0.22262447198279522,0.1681683382164855,0.0
700,35.0,1,1.0549636199484426e-15,0.22262447198279364,0.1681683382164855,0.0
700,35.0,2,1.4591380032806433e-18,0.22262447198279542,0.1681683382164855,0.0
700,35.0,3,3.888992200859418e-15,0.2226244719827889,0.1681683382164855,0.0
700,35.0,4,2.089300014323663e-17,0.22262447198279534,0.16816833821648544,0.0
700,35.0,5,2.612218485093475e-16,0.22262447198279497,0.16816833821648547,0.0
701,35.050000000000004,0,9.625009669572317e-17,0.22183898608360647,0.16522328106083695,0.0
701,35.050000000000004,1,9.494672579535985e-16,0.22183898608360503,0.16522328106083695,0.0
701,35.050000000000004,2,1.313224202952579e-18,0.22183898608360667,0.16522328106083695,0.0
701,35.050000000000004,3,3.500092980773476e-15,0.22183898608360084,0.16522328106083697,0.0
701,35.050000000000004,4,1.880370012891297e-17,0.22183898608360664,0.16522328106083697,0.0
701,35.050000000000004,5,2.350996636584128e-16,0.22183898608360628,0.16522328106083695,0.0
702,35.1,0,8.662508702615085e-17,0.22272674802281212,0.16854801994836757,0.0
702,35.1,1,8.545205321582387e-16,0.2227267480228108,0.16854801994836757,0.0
702,35.1,2,1.1819017826573211e-18,0.22272674802281228,0.16854801994836766,0.0
702,35.1,3,3.1500836826961284e-15,0.22272674802280698,0.16854801994836766,0.0
702,35.1,4,1.6923330116021672e-17,0.22272674802281223,0.16854801994836766,0.0
702,35.1,5,2.115896972925715e-16,0.22272674802281195,0.16854801994836766,0.0
703,35.15,0,7.796257832353577e-17,0.2217433299362623,0.1648610397283968,0.0
703,35.15,1,7.690684789424148e-16,0.2217433299362611,0.1648610397283968,0.0
703,35.15,2,1.063711604391589e-18,0.22174332993626245,0.1648610397283968,0.0
703,35.15,3,2.8350753144265154e-15,0.22174332993625773,0.1648610397283968,0.0
703,35.15,4,1.5230997104419504e-17,0.22174332993626236,0.16486103972839677,0.0
703,35.15,5,1.9043072756331436e-16,0.2217433299362621,0.1648610397283968,0.0
704,35.2,0,7.01663204911822e-17,0.22170655271737516,0.1647215556529233,0.0
704,35.2,1,6.921616310481733e-16,0.2217065527173741,0.1647215556529233,0.0
704,35.2,2,9.5734044395243e-19,0.2217065527173753,0.16472155565292332,0.0
704,35.2,3,2.5515677829838638e-15,0.22170655271737102,0.1647215556529233,0.0
704,35.2,4,1.3707897393977555e-17,0.22170655271737524,0.16472155565292332,0.0
704,35.2,5,1.7138765480698293e-16,0.221706552717375,0.1647215556529233,0.0
705,35.25,0,6.314968844206397e-17,0.22272565709017506,0.16854397456663642,0.0
705,35.25,1,6.229454679433559e-16,0.22272565709017417,0.16854397456663642,0.0
705,35.25,2,8.616063995571871e-19,0.2227256570901752,0.16854397456663642,0.0
705,35.25,3,2.2964110046854776e-15,0.22272565709017134,0.16854397456663642,0.0
705,35.25,4,1.23371076545798e-17,0.22272565709017514,0.1685439745666364,0.0
705,35.25,5,1.5424888932628465e-16,0.22272565709017494,0.1685439745666364,0.0
706,35.300000000000004,0,5.683471959785757e-17,0.22182850620172945,0.16518363342704964,0.0
706,35.300000000000004,1,5.606509211490204e-16,0.22182850620172861,0.16518363342704964,0.0
706,35.300000000000004,2,7.754457596014684e-19,0.22182850620172956,0.16518363342704964,0.0
706,35.300000000000004,3,2.06676990421693e-15,0.22182850620172612,0.16518363342704964,0.0
706,35.300000000000004,4,1.1103396889121821e-17,0.2218285062017295,0.16518363342704964,0.0
706,35.300000000000004,5,1.3882400039365619e-16,0.2218285062017293,0.16518363342704964,0.0
707,35.35,0,5.1151247638071816e-17,0.22260844241041752,0.16810875352884522,0.0
707,35.35,1,5.045858290341184e-16,0.22260844241041675,0.16810875352884522,0.0
707,35.35,2,6.979011836413216e-19,0.22260844241041763,0.16810875352884522,0.0
707,35.35,3,1.860092913795237e-15,0.2226084424104145,0.16810875352884516,0.0
707,35.35,4,9.99305720020964e-18,0.22260844241041758,0.16810875352884522,0.0
707,35.35,5,1.2494160035429057e-16,0.22260844241041744,0.16810875352884522,0.0
708,35.4,0,4.6036122874264635e-17,0.22195020879369223,0.1656434755494928,0.0
708,35.4,1,4.541272461307065e-16,0.22195020879369157,0.1656434755494928,0.0
708,35.4,2,6.281110652771895e-19,0.22195020879369234,0.1656434755494928,0.0
708,35.4,3,1.6740836224157135e-15,0.22195020879368954,0.1656434755494928,0.0
708,35.4,4,8.993751480188676e-18,0.2219502087936923,0.16564347554949282,0.0
708,35.4,5,1.1244744031886152e-16,0.22195020879369215,0.1656434755494928,0.0
709,35.45,0,4.143251058683817e-17,0.2224916088048951,0.16767382325848898,0.0
709,35.45,1,4.0871452151763587e-16,0.22249160880489452,0.16767382325848898,0.0
709,35.45,2,5.652999587494705e-19,0.2224916088048952,0.16767382325848904,0.0
709,35.45,3,1.5066752601741422e-15,0.2224916088048927,0.16767382325848904,0.0
709,35.45,4,8.094376332169808e-18,0.22249160880489516,0.167673823258489,0.0
709,35.45,5,1.0120269628697537e-16,0.22249160880489502,0.167673823258489,0.0
710,35.5,0,3.728925952815435e-17,0.22205762670264179,0.16604828628535237,0.0
710,35.5,1,3.678430693658723e-16,0.22205762670264126,0.16604828628535237,0.0
710,35.5,2,5.0876996287452345e-19,0.2220576267026419,0.16604828628535237,0.0
710,35.5,3,1.356007734156728e-15,0.22205762670263962,0.16604828628535237,0.0
710,35.5,4,7.284938698952827e-18,0.22205762670264184,0.16604828628535237,0.0
710,35.5,5,9.108242665827783e-17,0.2220576267026417,0.16604828628535237,0.0
711,35.550000000000004,0,3.3560333575338916e-17,0.22238877426994222,0.16729007094692705,0.0
711,35.550000000000004,1,3.310587624292851e-16,0.22238877426994175,0.16729007094692705,0.0
711,35.550000000000004,2,4.578929665870711e-19,0.22238877426994233,0.16729007094692705,0.0
711,35.550000000000004,3,1.2204069607410551e-15,0.22238877426994025,0.16729007094692705,0.0
711,35.550000000000004,4,6.556444829057545e-18,0.22238877426994227,0.16729007094692705,0.0
711,35.550000000000004,5,8.197418399245005e-17,0.2223887742699422,0.16729007094692705,0.0
712,35.6,0,3.0204300217805025e-17,0.22207002766369097,0.16609495651468095,0.0
712,35.6,1,2.979528861863566e-16,0.22207002766369047,0.16609495651468095,0.0
712,35.6,2,4.1210366992836397e-19,0.22207002766369102,0.16609495651468095,0.0
712,35.6,3,1.0983662646669497e-15,0.2220700276636892,0.16609495651468095,0.0
712,35.6,4,5.90080034615179e-18,0.22207002766369097,0.16609495651468095,0.0
712,35.6,5,7.377676559320505e-17,0.22207002766369088,0.16609495651468095,0.0
713,35.65,0,2.7183870196024522e-17,0.2223777043915955,0.1672487084837859,0.0
713,35.65,1,2.6815759756772094e-16,0.2223777043915951,0.1672487084837859,0.0
713,35.65,2,3.708933029355276e-19,0.22237770439159554,0.1672487084837859,0.0
713,35.65,3,9.885296382002546e-16,0.22237770439159388,0.1672487084837859,0.0
713,35.65,4,5.310720311536611e-18,0.22237770439159554,0.1672487084837859,0.0
713,35.65,5,6.639908903388455e-17,0.22237770439159538,0.16724870848378584,0.0
714,35.7,0,2.446548317642207e-17,0.22220842641070748,0.16661492434168196,0.0
714,35.7,1,2.4134183781094886e-16,0.22220842641070715,0.16661492434168196,0.0
714,35.7,2,3.3380397264197484e-19,0.22220842641070754,0.166614924341682,0.0
714,35.7,3,8.896766743802292e-16,0.22220842641070607,0.16661492434168196,0.0
714,35.7,4,4.77964828038295e-18,0.22220842641070754,0.16661492434168193,0.0
714,35.7,5,5.975918013049609e-17,0.22220842641070743,0.16661492434168193,0.0
715,35.75,0,2.2018934858779864e-17,0.22222826806721155,0.16668933704353883,0.0
715,35.75,1,2.17207654029854e-16,0.22222826806721122,0.16668933704353883,0.0
715,35.75,2,3.004235753777774e-19,0.2222282680672116,0.16668933704353883,0.0
715,35.75,3,8.007090069422062e-16,0.22222826806721022,0.16668933704353883,0.0
715,35.75,4,4.301683452344656e-18,0.2222282680672116,0.16668933704353883,0.0
715,35.75,5,5.3783262117446483e-17,0.2222282680672115,0.16668933704353883,0.0
716,35.800000000000004,0,1.981704137290188e-17,0.22233521789294788,0.16708986314610744,0.0
716,35.800000000000004,1,1.954868886268686e-16,0.2223352178929476,0.16708986314610744,0.0
716,35.800000000000004,2,2.7038121783999964e-19,0.22233521789294794,0.16708986314610744,0.0
716,35.800000000000004,3,7.206381062479856e-16,0.22233521789294672,0.16708986314610744,0.0
716,35.800000000000004,4,3.87151510711019e-18,0.22233521789294794,0.16708986314610744,0.0
716,35.800000000000004,5,4.8404935905701837e-17,0.22233521789294786,0.1670898631461075,0.0
717,35.85,0,1.7835337235611692e-17,0.22210961832276593,0.1662438657618905,0.0
717,35.85,1,1.7593819976418173e-16,0.22210961832276568,0.1662438657618905,0.0
717,35.85,2,2.433430960559997e-19,0.222109618322766,0.16624386576189049,0.0
717,35.85,3,6.48574295623187e-16,0.2221096183227649,0.16624386576189046,0.0
717,35.85,4,3.4843635963991715e-18,0.222109618322766,0.16624386576189049,0.0
717,35.85,5,4.3564442315131655e-17,0.22210961832276588,0.16624386576189049,0.0
718,35.9,0,1.6051803512050522e-17,0.22244546914571384,0.16750175053456118,0.0
718,35.9,1,1.5834437978776356e-16,0.2224454691457136,0.16750175053456118,0.0
718,35.9,2,2.1900878645039974e-19,0.2224454691457139,0.16750175053456118,0.0
718,35.9,3,5.837168660608683e-16,0.22244546914571292,0.1675017505345612,0.0
718,35.9,4,3.1359272367592545e-18,0.2224454691457139,0.16750175053456118,0.0
718,35.9,5,3.920799808361849e-17,0.22244546914571378,0.16750175053456118,0.0
719,35.95,0,1.444662316084547e-17,0.22200679867804904,0.16585686102046351,0.0
719,35.95,1,1.4250994180898722e-16,0.22200679867804884,0.16585686102046351,0.0
719,35.95,2,1.9710790780535978e-19,0.2220067986780491,0.16585686102046351,0.0
719,35.95,3,5.253451794547816e-16,0.2220067986780482,0.16585686102046351,0.0
719,35.95,4,2.822334513083329e-18,0.2220067986780491,0.16585686102046351,0.0
719,35.95,5,3.5287198275256643e-17,0.22200679867804898,0.16585686102046351,0.0
720,36.0,0,1.3001960844760923e-17,0.2225429089836025,0.16786493448455267,0.0
720,36.0,1,1.282589476280885e-16,0.22254290898360235,0.16786493448455267,0.0
720,36.0,2,1.7739711702482381e-19,0.22254290898360254,0.16786493448455267,0.0
720,36.0,3,4.728106615093035e-16,0.22254290898360177,0.16786493448455267,0.0
720,36.0,4,2.5401010617749964e-18,0.22254290898360252,0.16786493448455264,0.0
720,36.0,5,3.175847844773098e-17,0.2225429089836025,0.16786493448455267,0.0
721,36.050000000000004,0,1.1701764760284831e-17,0.22191609132758267,0.16551469469348756,0.0
721,36.050000000000004,1,1.1543305286527965e-16,0.22191609132758253,0.16551469469348756,0.0
721,36.050000000000004,2,1.5965740532234144e-19,0.22191609132758272,0.16551469469348756,0.0
721,36.050000000000004,3,4.2552959535837316e-16,0.22191609132758197,0.16551469469348756,0.0
721,36.050000000000004,4,2.2860909555974967e-18,0.22191609132758272,0.16551469469348756,0.0
721,36.050000000000004,5,2.858263060295788e-17,0.22191609132758267,0.16551469469348756,0.0
722,36.1,0,1.0531588284256348e-17,0.22263083035607853,0.16819196754036211,0.0
722,36.1,1,1.038897475787517e-16,0.2226308303560784,0.16819196754036211,0.0
722,36.1,2,1.436916647901073e-19,0.22263083035607859,0.16819196754036211,0.0
722,36.1,3,3.8297663582253583e-16,0.22263083035607797,0.16819196754036214,0.0
722,36.1,4,2.057481860037747e-18,0.22263083035607859,0.16819196754036211,0.0
722,36.1,5,2.5724367542662092e-17,0.22263083035607853,0.16819196754036211,0.0
723,36.15,0,9.478429455830714e-18,0.22183425980230048,0.1652054017061054,0.0
723,36.15,1,9.350077282087653e-17,0.22183425980230034,0.1652054017061054,0.0
723,36.15,2,1.2932249831109657e-19,0.22183425980230054,0.16520540170610537,0.0
723,36.15,3,3.4467897224028224e-16,0.22183425980229995,0.1652054017061054,0.0
723,36.15,4,1.8517336740339725e-18,0.22183425980230054,0.1652054017061054,0.0
723,36.15,5,2.3151930788395883e-17,0.22183425980230048,0.1652054017061054,0.0
724,36.2,0,8.530586510247643e-18,0.22177739933766052,0.1649901487122056,0.0
724,36.2,1,8.415069553878887e-17,0.22177739933766044,0.1649901487122056,0.0
724,36.2,2,1.163902484799869e-19,0.22177739933766058,0.1649901487122056,0.0
724,36.2,3,3.10211075016254e-16,0.22177739933766003,0.1649901487122056,0.0
724,36.2,4,1.6665603066305753e-18,0.22177739933766058,0.1649901487122056,0.0
724,36.2,5,2.0836737709556295e-17,0.22177739933766052,0.1649901487122056,0.0
725,36.25,0,7.677527859222879e-18,0.22265279382285638,0.16827356381372127,0.0
725,36.25,1,7.573562598490998e-17,0.2226527938228563,0.16827356381372127,0.0
725,36.25,2,1.0475122363198822e-19,0.22265279382285644,0.16827356381372127,0.0
725,36.25,3,2.791899675146286e-16,0.22265279382285594,0.16827356381372127,0.0
725,36.25,4,1.4999042759675178e-18,0.22265279382285644,0.1682735638137213,0.0
725,36.25,5,1.8753063938600665e-17,0.22265279382285638,0.1682735638137213,0.0
726,36.300000000000004,0,6.9097750733005916e-18,0.2218892916004749,0.16541346529407355,0.0
726,36.300000000000004,1,6.816206338641898e-17,0.22188929160047483,0.16541346529407355,0.0
726,36.300000000000004,2,9.42761012687894e-20,0.22188929160047496,0.16541346529407355,0.0
726,36.300000000000004,3,2.5127097076316574e-16,0.22188929160047452,0.16541346529407355,0.0
726,36.300000000000004,4,1.349913848370766e-18,0.22188929160047496,0.16541346529407355,0.0
726,36.300000000000004,5,1.6877757544740597e-17,0.2218892916004749,0.16541346529407355,0.0
727,36.35,0,6.2187975659705324e-18,0.22254606548342193,0.16787668645251932,0.0
727,36.35,1,6.134585704777709e-17,0.22254606548342185,0.16787668645251932,0.0
727,36.35,2,8.484849114191047e-20,0.22254606548342198,0.16787668645251932,0.0
727,36.35,3,2.2614387368684918e-16,0.2225460654834216,0.16787668645251932,0.0
727,36.35,4,1.2149224635336894e-18,0.22254606548342198,0.16787668645251932,0.0
727,36.35,5,1.5189981790266537e-17,0.22254606548342193,0.16787668645251932,0.0
728,36.4,0,5.596917809373479e-18,0.22201152948892255,0.1658746872224728,0.0
728,36.4,1,5.521127134299938e-17,0.22201152948892244,0.1658746872224728,0.0
728,36.4,2,7.636364202771942e-20,0.22201152948892255,0.16587468722247284,0.0
728,36.4,3,2.0352948631816426e-16,0.22201152948892222,0.16587468722247284,0.0
728,36.4,4,1.0934302171803204e-18,0.22201152948892258,0.16587468722247287,0.0
728,36.4,5,1.3670983611239883e-17,0.2220115294889225,0.16587468722247284,0.0
729,36.45,0,5.0372260284361315e-18,0.2224292990378127,0.16744140407099387,0.0
729,36.45,1,4.969014420869944e-17,0.22242929903781258,0.16744140407099387,0.0
729,36.45,2,6.872727782494748e-20,0.2224292990378127,0.16744140407099387,0.0
729,36.45,3,1.8317653768634784e-16,0.2224292990378124,0.16744140407099387,0.0
729,36.45,4,9.840871954622884e-19,0.2224292990378127,0.16744140407099392,0.0
729,36.45,5,1.2303885250115896e-17,0.22242929903781264,0.16744140407099387,0.0
730,36.5,0,4.533503425592518e-18,0.2221198667206933,0.166282390531489,0.0
730,36.5,1,4.47211297878295e-17,0.2221198667206932,0.166282390531489,0.0
730,36.5,2,6.185455004245274e-20,0.2221198667206933,0.166282390531489,0.0
730,36.5,3,1.6485888391771305e-16,0.222119866720693,0.16628239053148902,0.0
730,36.5,4,8.856784759160596e-19,0.2221198667206933,0.166282390531489,0.0
730,36.5,5,1.1073496725104306e-17,0.22211986672069325,0.16628239053148902,0.0
731,36.550000000000004,0,4.080153083033266e-18,0.22232608813991855,0.1670557097943622,0.0
731,36.550000000000004,1,4.024901680904655e-17,0.22232608813991844,0.1670557097943622,0.0
731,36.550000000000004,2,5.566909503820746e-20,0.22232608813991855,0.1670557097943622,0.0
731,36.550000000000004,3,1.4837299552594174e-16,0.2223260881399183,0.16705570979436224,0.0
731,36.550000000000004,4,7.971106283244536e-19,0.22232608813991855,0.16705570979436224,0.0
731,36.550000000000004,5,9.966147052593876e-18,0.2223260881399185,0.1670557097943622,0.0
732,36.6,0,3.67213777472994e-18,0.22211236902449977,0.16625420680579697,0.0
732,36.6,1,3.62241151281419e-17,0.22211236902449966,0.16625420680579697,0.0
732,36.6,2,5.010218553438672e-20,0.22211236902449977,0.16625420680579697,0.0
732,36.6,3,1.3353569597334757e-16,0.22211236902449952,0.16625420680579697,0.0
732,36.6,4,7.173995654920083e-19,0.22211236902449977,0.16625420680579697,0.0
732,36.6,5,8.969532347334489e-18,0.2221123690244997,0.16625420680579697,0.0
733,36.65,0,3.304923997256946e-18,0.22232642390402574,0.16705696597278472,0.0
733,36.65,1,3.260170361532771e-17,0.22232642390402568,0.16705696597278472,0.0
733,36.65,2,4.5091966980948047e-20,0.22232642390402574,0.16705696597278472,0.0
733,36.65,3,1.2018212637601281e-16,0.22232642390402554,0.16705696597278474,0.0
733,36.65,4,6.456596089428075e-19,0.22232642390402574,0.16705696597278472,0.0
733,36.65,5,8.07257911260104e-18,0.22232642390402568,0.16705696597278472,0.0
734,36.7,0,2.9744315975312515e-18,0.22229049121892042,0.16692247908430582,0.0
734,36.7,1,2.934153325379494e-17,0.22229049121892036,0.16692247908430582,0.0
734,36.7,2,4.058277028285324e-20,0.22229049121892042,0.16692247908430582,0.0
734,36.7,3,1.0816391373841154e-16,0.22229049121892022,0.16692247908430582,0.0
734,36.7,4,5.810936480485267e-19,0.22229049121892042,0.1669224790843058,0.0
734,36.7,5,7.265321201340936e-18,0.22229049121892036,0.1669224790843058,0.0
735,36.75,0,2.6769884377781265e-18,0.22215176216483723,0.1664022316738767,0.0
735,36.75,1,2.640737992841545e-17,0.22215176216483717,0.1664022316738767,0.0
735,36.75,2,3.652449325456792e-20,0.22215176216483723,0.1664022316738767,0.0
735,36.75,3,9.734752236457039e-17,0.22215176216483704,0.1664022316738767,0.0
735,36.75,4,5.229842832436741e-19,0.22215176216483723,0.1664022316738767,0.0
735,36.75,5,6.538789081206843e-18,0.22215176216483717,0.1664022316738767,0.0
736,36.800000000000004,0,2.409289594000314e-18,0.22240009284252185,0.16733235208157535,0.0
736,36.800000000000004,1,2.3766641935573905e-17,0.2224000928425218,0.16733235208157535,0.0
736,36.800000000000004,2,3.287204392911113e-20,0.22240009284252185,0.16733235208157535,0.0
736,36.800000000000004,3,8.761277012811335e-17,0.2224000928425217,0.16733235208157535,0.0
736,36.800000000000004,4,4.706858549193067e-19,0.22240009284252185,0.16733235208157535,0.0
736,36.800000000000004,5,5.884910173086159e-18,0.2224000928425218,0.16733235208157535,0.0
737,36.85,0,2.1683606346002825e-18,0.22204921160659247,0.1660166091336664,0.0
737,36.85,1,2.1389977742016516e-17,0.2220492116065924,0.1660166091336664,0.0
737,36.85,2,2.9584839536200016e-20,0.22204921160659247,0.1660166091336664,0.0
737,36.85,3,7.885149311530202e-17,0.22204921160659233,0.1660166091336664,0.0
737,36.85,4,4.236172694273761e-19,0.22204921160659247,0.1660166091336664,0.0
737,36.85,5,5.296419155777543e-18,0.22204921160659247,0.16601660913366642,0.0
738,36.9,0,1.9515245711402545e-18,0.22248244372355355,0.16763965716512882,0.0
738,36.9,1,1.9250979967814864e-17,0.2224824437235535,0.16763965716512882,0.0
738,36.9,2,2.6626355582580015e-20,0.22248244372355355,0.16763965716512882,0.0
738,36.9,3,7.096634380377182e-17,0.22248244372355339,0.16763965716512877,0.0
738,36.9,4,3.812555424846385e-19,0.22248244372355352,0.16763965716512877,0.0
738,36.9,5,4.766777240199789e-18,0.22248244372355352,0.16763965716512877,0.0
739,36.95,0,1.7563721140262292e-18,0.2219727318204449,0.16572843683434693,0.0
739,36.95,1,1.732588197103338e-17,0.22197273182044486,0.16572843683434693,0.0
739,36.95,2,2.3963720024322015e-20,0.2219727318204449,0.16572843683434696,0.0
739,36.95,3,6.386970942339464e-17,0.22197273182044477,0.16572843683434693,0.0
739,36.95,4,3.4312998823617465e-19,0.2219727318204449,0.16572843683434693,0.0
739,36.95,5,4.29009951617981e-18,0.2219727318204449,0.16572843683434693,0.0
740,37.0,0,1.5807349026236064e-18,0.22190399556503254,0.1654690135834823,0.0
740,37.0,1,1.5593293773930043e-17,0.22190399556503249,0.1654690135834823,0.0
740,37.0,2,2.1567348021889814e-20,0.2219039955650325,0.16546901358348226,0.0
740,37.0,3,5.748273848105518e-17,0.22190399556503243,0.1654690135834823,0.0
740,37.0,4,3.088169894125572e-19,0.2219039955650325,0.16546901358348226,0.0
740,37.0,5,3.861089564561829e-18,0.22190399556503254,0.1654690135834823,0.0
741,37.050000000000004,0,1.4226614123612457e-18,0.22253000069786036,0.16781686706742396,0.0
741,37.050000000000004,1,1.4033964396537038e-17,0.2225300006978603,0.16781686706742396,0.0
741,37.050000000000004,2,1.9410613219700834e-20,0.22253000069786036,0.16781686706742396,0.0
741,37.050000000000004,3,5.173446463294966e-17,0.22253000069786025,0.16781686706742396,0.0
741,37.050000000000004,4,2.779352904713015e-19,0.22253000069786036,0.16781686706742394,0.0
741,37.050000000000004,5,3.474980608105646e-18,0.2225300006978604,0.16781686706742402,0.0
742,37.1,0,1.280395271125121e-18,0.22198686353544084,0.16578172221116844,0.0
742,37.1,1,1.2630567956883334e-17,0.22198686353544078,0.16578172221116844,0.0
742,37.1,2,1.746955189773075e-20,0.22198686353544084,0.16578172221116844,0.0
742,37.1,3,4.656101816965469e-17,0.2219868635354407,0.1657817222111684,0.0
742,37.1,4,2.5014176142417135e-19,0.22198686353544084,0.16578172221116844,0.0
742,37.1,5,3.127482547295082e-18,0.2219868635354408,0.16578172221116838,0.0
743,37.15,0,1.152355744012609e-18,0.2224512110218462,0.16752317385158313,0.0
743,37.15,1,1.1367511161195e-17,0.22245121102184615,0.16752317385158313,0.0
743,37.15,2,1.5722596707957678e-20,0.2224512110218462,0.16752317385158313,0.0
743,37.15,3,4.1904916352689225e-17,0.2224512110218461,0.16752317385158313,0.0
743,37.15,4,2.2512758528175423e-19,0.2224512110218462,0.16752317385158313,0.0
743,37.15,5,2.8147342925655736e-18,0.2224512110218462,0.1675231738515831,0.0
744,37.2,0,1.0371201696113482e-18,0.22209938199576842,0.16620537745425243,0.0
744,37.2,1,1.02307600450755e-17,0.22209938199576837,0.16620537745425243,0.0
744,37.2,2,1.415033703716191e-20,0.22209938199576842,0.16620537745425243,0.0
744,37.2,3,3.7714424717420303e-17,0.2220993819957683,0.16620537745425243,0.0
744,37.2,4,2.0261482675357881e-19,0.22209938199576842,0.16620537745425243,0.0
744,37.2,5,2.533260863309016e-18,0.22209938199576842,0.16620537745425243,0.0
745,37.25,0,9.334081526502134e-19,0.22234373413549718,0.16712171513412452,0.0
745,37.25,1,9.207684040567951e-18,0.22234373413549713,0.16712171513412452,0.0
745,37.25,2,1.2735303333445721e-20,0.22234373413549718,0.16712171513412452,0.0
745,37.25,3,3.394298224567827e-17,0.22234373413549707,0.16712171513412452,0.0
745,37.25,4,1.8235334407822094e-19,0.22234373413549718,0.16712171513412452,0.0
745,37.25,5,2.2799347769781147e-18,0.22234373413549718,0.16712171513412447,0.0
746,37.300000000000004,0,8.400673373851921e-19,0.22221299032585495,0.16663204345898988,0.0
746,37.300000000000004,1,8.286915636511156e-18,0.2222129903258549,0.16663204345898988,0.0
746,37.300000000000004,2,1.1461773000101149e-20,0.22221299032585495,0.16663204345898988,0.0
746,37.300000000000004,3,3.054868402111045e-17,0.2222129903258549,0.16663204345898983,0.0
746,37.300000000000004,4,1.6411800967039884e-19,0.22221299032585495,0.16663204345898988,0.0
746,37.300000000000004,5,2.0519412992803034e-18,0.22221299032585495,0.16663204345898988,0.0
747,37.35,0,7.560606036466729e-19,0.2222311209361869,0.16670003350399665,0.0
747,37.35,1,7.45822407286004e-18,0.22223112093618685,0.16670003350399665,0.0
747,37.35,2,1.0315595700091035e-20,0.2222311209361869,0.16670003350399665,0.0
747,37.35,3,2.7493815618999404e-17,0.22223112093618685,0.16670003350399665,0.0
747,37.35,4,1.4770620870335897e-19,0.2222311209361869,0.16670003350399665,0.0
747,37.35,5,1.8467471693522733e-18,0.2222311209361869,0.16670003350399665,0.0
748,37.4,0,6.804545432820056e-19,0.22221548072828545,0.16664138414678634,0.0
748,37.4,1,6.712401665574037e-18,0.2222154807282854,0.16664138414678634,0.0
748,37.4,2,9.284036130081931e-21,0.22221548072828545,0.16664138414678634,0.0
748,37.4,3,2.4744434057099464e-17,0.2222154807282854,0.16664138414678634,0.0
748,37.4,4,1.3293558783302308e-19,0.22221548072828545,0.16664138414678634,0.0
748,37.4,5,1.662072452417046e-18,0.22221548072828545,0.16664138414678634,0.0
749,37.45,0,6.12409088953805e-19,0.22222434922637635,0.16667464274139135,0.0
749,37.45,1,6.0411614990166334e-18,0.2222243492263763,0.16667464274139135,0.0
749,37.45,2,8.355632517073739e-21,0.22222434922637638,0.1666746427413914,0.0
749,37.45,3,2.2269990651389518e-17,0.22222434922637632,0.1666746427413914,0.0
749,37.45,4,1.1964202904972077e-19,0.22222434922637638,0.1666746427413914,0.0
749,37.45,5,1.4958652071753415e-18,0.22222434922637638,0.1666746427413914,0.0
750,37.5,0,5.511681800584245e-19,0.22230031254448443,0.16695924856265232,0.0
750,37.5,1,5.4370453491149704e-18,0.22230031254448443,0.16695924856265232,0.0
750,37.5,2,7.520069265366365e-21,0.22230031254448443,0.16695924856265232,0.0
750,37.5,3,2.0042991586250567e-17,0.22230031254448437,0.1669592485626523,0.0
750,37.5,4,1.076778261447487e-19,0.22230031254448443,0.1669592485626523,0.0
750,37.5,5,1.3462786864578075e-18,0.22230031254448443,0.1669592485626523,0.0
751,37.550000000000004,0,4.960513620525821e-19,0.22214548604504358,0.16637865715380828,0.0
751,37.550000000000004,1,4.893340814203474e-18,0.22214548604504358,0.16637865715380828,0.0
751,37.550000000000004,2,6.768062338829728e-21,0.22214548604504358,0.16637865715380828,0.0
751,37.550000000000004,3,1.803869242762551e-17,0.22214548604504353,0.16637865715380828,0.0
751,37.550000000000004,4,9.691004353027383e-20,0.22214548604504358,0.16637865715380828,0.0
751,37.550000000000004,5,1.2116508178120267e-18,0.22214548604504358,0.16637865715380828,0.0
752,37.6,0,4.464462258473239e-19,0.22236762515737085,0.16721103865090234,0.0
752,37.6,1,4.404006732783126e-18,0.22236762515737085,0.16721103865090234,0.0
752,37.6,2,6.0912561049467555e-21,0.22236762515737085,0.16721103865090234,0.0
752,37.6,3,1.623482318486296e-17,0.2223676251573708,0.16721103865090234,0.0
752,37.6,4,8.721903917724644e-20,0.22236762515737085,0.16721103865090228,0.0
752,37.6,5,1.090485736030824e-18,0.22236762515737085,0.16721103865090234,0.0
753,37.65,0,4.018016032625915e-19,0.2220833249140315,0.16614498530662716,0.0
753,37.65,1,3.963606059504814e-18,0.2220833249140315,0.16614498530662716,0.0
753,37.65,2,5.48213049445208e-21,0.2220833249140315,0.16614498530662716,0.0
753,37.65,3,1.4611340866376665e-17,0.22208332491403146,0.16614498530662722,0.0
753,37.65,4,7.84971352595218e-20,0.22208332491403152,0.16614498530662722,0.0
753,37.65,5,9.814371624277416e-19,0.2220833249140315,0.1661449853066272,0.0
754,37.7,0,3.6162144293633237e-19,0.2220937642445185,0.16618425107587084,0.0
754,37.7,1,3.567245453554333e-18,0.2220937642445185,0.16618425107587084,0.0
754,37.7,2,4.933917445006872e-21,0.2220937642445185,0.16618425107587084,0.0
754,37.7,3,1.3150206779738998e-17,0.22209376424451843,0.16618425107587084,0.0
754,37.7,4,7.064742173356963e-20,0.2220937642445185,0.16618425107587084,0.0
754,37.7,5,8.832934461849674e-19,0.22209376424451846,0.16618425107587081,0.0
755,37.75,0,3.2545929864269913e-19,0.22234717361743137,0.16713457757684133,0.0
755,37.75,1,3.2105209081988996e-18,0.22234717361743137,0.16713457757684133,0.0
755,37.75,2,4.440525700506184e-21,0.22234717361743137,0.16713457757684133,0.0
755,37.75,3,1.1835186101765099e-17,0.2223471736174313,0.16713457757684133,0.0
755,37.75,4,6.358267956021266e-20,0.22234717361743137,0.16713457757684133,0.0
755,37.75,5,7.949641015664707e-19,0.22234717361743137,0.16713457757684133,0.0
756,37.800000000000004,0,2.929133687784292e-19,0.22199435268618165,0.16580995403692458,0.0
756,37.800000000000004,1,2.8894688173790098e-18,0.22199435268618165,0.16580995403692458,0.0
756,37.800000000000004,2,3.996473130455566e-21,0.22199435268618165,0.16580995403692458,0.0
756,37.800000000000004,3,1.0651667491588589e-17,0.22199435268618156,0.16580995403692453,0.0
756,37.800000000000004,4,5.72244116041914e-20,0.22199435268618165,0.16580995403692458,0.0
756,37.800000000000004,5,7.154676914098237e-19,0.22199435268618165,0.16580995403692458,0.0
757,37.85,0,2.6362203190058633e-19,0.22244139306665048,0.16748654075272162,0.0
757,37.85,1,2.6005219356411087e-18,0.22244139306665048,0.16748654075272162,0.0
757,37.85,2,3.59682581741001e-21,0.22244139306665048,0.16748654075272162,0.0
757,37.85,3,9.58650074242973e-18,0.22244139306665042,0.16748654075272162,0.0
757,37.85,4,5.150197044377226e-20,0.22244139306665048,0.16748654075272165,0.0
757,37.85,5,6.439209222688414e-19,0.22244139306665048,0.16748654075272162,0.0
758,37.9,0,2.372598287105277e-19,0.22212962415272144,0.16631906141781158,0.0
758,37.9,1,2.340469742076998e-18,0.22212962415272144,0.16631906141781158,0.0
758,37.9,2,3.2371432356690087e-21,0.22212962415272144,0.16631906141781158,0.0
758,37.9,3,8.627850668186757e-18,0.2221296241527214,0.16631906141781158,0.0
758,37.9,4,4.6351773399395036e-20,0.22212962415272142,0.1663190614178115,0.0
758,37.9,5,5.795288300419572e-19,0.22212962415272142,0.16631906141781155,0.0
759,37.95,0,2.1353384583947493e-19,0.2223120639516113,0.1670032333205381,0.0
759,37.95,1,2.106422767869298e-18,0.2223120639516113,0.1670032333205381,0.0
759,37.95,2,2.9134289121021077e-21,0.2223120639516113,0.1670032333205381,0.0
759,37.95,3,7.765065601368082e-18,0.22231206395161124,0.1670032333205381,0.0
759,37.95,4,4.1716596059455535e-20,0.2223120639516113,0.1670032333205381,0.0
759,37.95,5,5.215759470377615e-19,0.2223120639516113,0.1670032333205381,0.0
760,38.0,0,1.9218046125552743e-19,0.22225636055766468,0.16679463629589783,0.0
760,38.0,1,1.8957804910823684e-18,0.22225636055766468,0.16679463629589783,0.0
760,38.0,2,2.622086020891897e-21,0.22225636055766468,0.16679463629589783,0.0
760,38.0,3,6.988559041231274e-18,0.22225636055766462,0.16679463629589783,0.0
760,38.0,4,3.7544936453509985e-20,0.22225636055766468,0.16679463629589783,0.0
760,38.0,5,4.6941835233398535e-19,0.22225636055766468,0.16679463629589786,0.0
761,38.050000000000004,0,1.729624151299747e-19,0.22219111622205498,0.16654997831752696,0.0
761,38.050000000000004,1,1.7062024419741316e-18,0.22219111622205498,0.16654997831752696,0.0
761,38.050000000000004,2,2.3598774188027075e-21,0.22219111622205498,0.16654997831752696,0.0
761,38.050000000000004,3,6.289703137108147e-18,0.22219111622205492,0.16654997831752696,0.0
761,38.050000000000004,4,3.3790442808158985e-20,0.22219111622205498,0.16654997831752696,0.0
761,38.050000000000004,5,4.224765171005868e-19,0.22219111622205498,0.16654997831752696,0.0
762,38.1,0,1.5566617361697724e-19,0.22227322474375727,0.1668578165076379,0.0
762,38.1,1,1.5355821977767185e-18,0.22227322474375727,0.1668578165076379,0.0
762,38.1,2,2.1238896769224367e-21,0.22227322474375727,0.1668578165076379,0.0
762,38.1,3,5.660732823397332e-18,0.22227322474375721,0.1668578165076379,0.0
762,38.1,4,3.0411398527343086e-20,0.22227322474375724,0.16685781650763787,0.0
762,38.1,5,3.802288653905281e-19,0.22227322474375724,0.16685781650763787,0.0
763,38.15,0,1.4009955625527953e-19,0.22217103081142742,0.1664745881937669,0.0
763,38.15,1,1.3820239779990467e-18,0.22217103081142742,0.1664745881937669,0.0
763,38.15,2,1.9115007092301932e-21,0.22217103081142742,0.1664745881937669,0.0
763,38.15,3,5.094659541057599e-18,0.22217103081142742,0.1664745881937669,0.0
763,38.15,4,2.737025867460878e-20,0.22217103081142742,0.1664745881937669,0.0
763,38.15,5,3.4220597885147533e-19,0.22217103081142742,0.1664745881937669,0.0
764,38.2,0,1.2608960062975157e-19,0.22212879177589362,0.16631593345156978,0.0
764,38.2,1,1.2438215801991422e-18,0.22212879177589362,0.16631593345156978,0.0
764,38.2,2,1.720350638307174e-21,0.22212879177589362,0.16631593345156978,0.0
764,38.2,3,4.585193586951839e-18,0.22212879177589362,0.16631593345156978,0.0
764,38.2,4,2.4633232807147903e-20,0.2221287917758936,0.16631593345156975,0.0
764,38.2,5,3.079853809663278e-19,0.2221287917758936,0.16631593345156975,0.0
765,38.25,0,1.1348064056677642e-19,0.22230994551849834,0.16699530501820373,0.0
765,38.25,1,1.119439422179228e-18,0.22230994551849834,0.16699530501820373,0.0
765,38.25,2,1.5483155744764566e-21,0.22230994551849834,0.16699530501820373,0.0
765,38.25,3,4.126674228256655e-18,0.22230994551849834,0.16699530501820373,0.0
765,38.25,4,2.2169909526433113e-20,0.22230994551849834,0.16699530501820378,0.0
765,38.25,5,2.7718684286969505e-19,0.22230994551849834,0.16699530501820373,0.0
766,38.300000000000004,0,1.0213257651009878e-19,0.22218751825953997,0.1665364759577461,0.0
766,38.300000000000004,1,1.0074954799613051e-18,0.22218751825953997,0.1665364759577461,0.0
766,38.300000000000004,2,1.393484017028811e-21,0.22218751825953997,0.1665364759577461,0.0
766,38.300000000000004,3,3.71400680543099e-18,0.22218751825953997,0.16653647595774612,0.0
766,38.300000000000004,4,1.9952918573789802e-20,0.22218751825953997,0.1665364759577461,0.0
766,38.300000000000004,5,2.4946815858272554e-19,0.22218751825953997,0.16653647595774612,0.0
767,38.35,0,9.19193188590889e-20,0.22225569708635917,0.16679215016885218,0.0
767,38.35,1,9.067459319651747e-19,0.22225569708635917,0.16679215016885218,0.0
767,38.35,2,1.2541356153259299e-21,0.22225569708635914,0.1667921501688521,0.0
767,38.35,3,3.342606124887891e-18,0.22225569708635917,0.16679215016885218,0.0
767,38.35,4,1.795762671641082e-20,0.22225569708635914,0.1667921501688521,0.0
767,38.35,5,2.24521342724453e-19,0.22225569708635914,0.1667921501688521,0.0
768,38.400000000000006,0,8.272738697318002e-20,0.22223769112565644,0.16672466496313776,0.0
768,38.400000000000006,1,8.160713387686572e-19,0.22223769112565644,0.16672466496313776,0.0
768,38.400000000000006,2,1.128722053793337e-21,0.22223769112565644,0.16672466496313773,0.0
768,38.400000000000006,3,3.008345512399102e-18,0.22223769112565644,0.16672466496313773,0.0
768,38.400000000000006,4,1.616186404476974e-20,0.22223769112565644,0.16672466496313773,0.0
768,38.400000000000006,5,2.020692084520077e-19,0.22223769112565644,0.16672466496313773,0.0
769,38.45,0,7.445464827586202e-20,0.22220933840844084,0.16661834536014042,0.0
769,38.45,1,7.344642048917915e-19,0.22220933840844084,0.16661834536014042,0.0
769,38.45,2,1.0158498484140033e-21,0.22220933840844082,0.16661834536014034,0.0
769,38.45,3,2.707510961159192e-18,0.22220933840844084,0.16661834536014042,0.0
769,38.45,4,1.4545677640292768e-20,0.22220933840844084,0.16661834536014042,0.0
769,38.45,5,1.8186228760680694e-19,0.22220933840844082,0.16661834536014036,0.0
770,38.5,0,6.700918344827582e-20,0.22208772797856324,0.16616154781779094,0.0
770,38.5,1,6.610177844026123e-19,0.22208772797856324,0.16616154781779094,0.0
770,38.5,2,9.14264863572603e-22,0.22208772797856324,0.16616154781779094,0.0
770,38.5,3,2.436759865043273e-18,0.22208772797856324,0.16616154781779097,0.0
770,38.5,4,1.3091109876263491e-20,0.22208772797856324,0.16616154781779097,0.0
770,38.5,5,1.6367605884612624e-19,0.22208772797856324,0.16616154781779094,0.0
771,38.550000000000004,0,6.030826510344824e-20,0.22235223416591107,0.16715350043414834,0.0
771,38.550000000000004,1,5.949160059623511e-19,0.22235223416591107,0.16715350043414834,0.0
771,38.550000000000004,2,8.228383772153428e-22,0.22235223416591107,0.16715350043414834,0.0
771,38.550000000000004,3,2.1930838785389455e-18,0.22235223416591107,0.16715350043414834,0.0
771,38.550000000000004,4,1.1781998888637142e-20,0.22235223416591107,0.1671535004341483,0.0
771,38.550000000000004,5,1.4730845296151363e-19,0.22235223416591107,0.1671535004341483,0.0
772,38.6,0,5.427743859310341e-20,0.22210194225105756,0.166215004779418,0.0
772,38.6,1,5.354244053661161e-19,0.22210194225105756,0.166215004779418,0.0
772,38.6,2,7.405545394938086e-22,0.22210194225105756,0.166215004779418,0.0
772,38.6,3,1.973775490685051e-18,0.22210194225105756,0.166215004779418,0.0
772,38.6,4,1.0603798999773427e-20,0.2221019422510576,0.16621500477941803,0.0
772,38.6,5,1.3257760766536227e-19,0.22210194225105756,0.166215004779418,0.0
773,38.650000000000006,0,4.8849694733793075e-20,0.22233617874999018,0.1670934571953304,0.0
773,38.650000000000006,1,4.818819648295045e-19,0.22233617874999018,0.1670934571953304,0.0
773,38.650000000000006,2,6.664990855444277e-22,0.22233617874999018,0.1670934571953304,0.0
773,38.650000000000006,3,1.776397941616546e-18,0.22233617874999018,0.16709345719533034,0.0
773,38.650000000000006,4,9.543419099796085e-21,0.22233617874999018,0.16709345719533034,0.0
773,38.650000000000006,5,1.1931984689882603e-19,0.22233617874999018,0.16709345719533034,0.0
774,38.7,0,4.396472526041377e-20,0.22222060068682642,0.1666605857980015,0.0
774,38.7,1,4.336937683465541e-19,0.22222060068682642,0.1666605857980015,0.0
774,38.7,2,5.99849176989985e-22,0.22222060068682642,0.1666605857980015,0.0
774,38.7,3,1.5987581474548915e-18,0.22222060068682642,0.1666605857980015,0.0
774,38.7,4,8.589077189816476e-21,0.22222060068682645,0.16666058579800155,0.0
774,38.7,5,1.0738786220894344e-19,0.22222060068682645,0.16666058579800155,0.0
775,38.75,0,3.956825273437239e-20,0.22222308688253645,0.16666990911130466,0.0
775,38.75,1,3.903243915118987e-19,0.22222308688253645,0.16666990911130466,0.0
775,38.75,2,5.398642592909865e-22,0.22222308688253645,0.16666990911130466,0.0
775,38.75,3,1.4388823327094025e-18,0.22222308688253645,0.16666990911130466,0.0
775,38.75,4,7.73016947083483e-21,0.22222308688253645,0.16666990911130466,0.0
775,38.75,5,9.664907598804909e-20,0.22222308688253645,0.16666990911130466,0.0
776,38.800000000000004,0,3.5611427460935155e-20,0.22231988357545177,0.16703249524962108,0.0
776,38.800000000000004,1,3.512919523607088e-19,0.22231988357545177,0.16703249524962108,0.0
776,38.800000000000004,2,4.858778333618878e-22,0.22231988357545177,0.16703249524962108,0.0
776,38.800000000000004,3,1.2949940994384623e-18,0.2223198835754518,0.16703249524962113,0.0
776,38.800000000000004,4,6.957152523751347e-21,0.2223198835754518,0.16703249524962113,0.0
776,38.800000000000004,5,8.698416838924418e-20,0.2223198835754518,0.16703249524962113,0.0
777,38.85,0,3.205028471484164e-20,0.22212877743466497,0.16631587955854124,0.0
777,38.85,1,3.1616275712463794e-19,0.22212877743466497,0.16631587955854124,0.0
777,38.85,2,4.372900500256991e-22,0.22212877743466497,0.1663158795585412,0.0
777,38.85,3,1.1654946894946162e-18,0.22212877743466497,0.16631587955854124,0.0
777,38.85,4,6.261437271376212e-21,0.22212877743466497,0.16631587955854127,0.0
777,38.85,5,7.828575155031976e-20,0.22212877743466497,0.16631587955854124,0.0
778,38.900000000000006,0,2.884525624335748e-20,0.22221972299400247,0.1666572942973186,0.0
778,38.900000000000006,1,2.8454648141217414e-19,0.22221972299400247,0.1666572942973186,0.0
778,38.900000000000006,2,3.935610450231292e-22,0.22221972299400247,0.1666572942973186,0.0
778,38.900000000000006,3,1.0489452205451546e-18,0.22221972299400247,0.16665729429731863,0.0
778,38.900000000000006,4,5.6352935442385914e-21,0.22221972299400247,0.1666572942973186,0.0
778,38.900000000000006,5,7.045717639528779e-20,0.22221972299400247,0.1666572942973186,0.0
779,38.95,0,2.596073061902173e-20,0.2222233108972154,0.16667074914789107,0.0
779,38.95,1,2.5609183327095673e-19,0.2222233108972154,0.16667074914789107,0.0
779,38.95,2,3.5420494052081626e-22,0.2222233108972154,0.16667074914789107,0.0
779,38.95,3,9.44050698490639e-19,0.2222233108972154,0.16667074914789107,0.0
779,38.95,4,5.071764189814732e-21,0.2222233108972154,0.16667074914789107,0.0
779,38.95,5,6.341145875575901e-20,0.2222233108972154,0.16667074914789107,0.0
780,39.0,0,2.3364657557119556e-20,0.22208232142011525,0.1661412103457298,0.0
780,39.0,1,2.304826499438611e-19,0.22208232142011525,0.1661412103457298,0.0
780,39.0,2,3.1878444646873463e-22,0.22208232142011525,0.1661412103457298,0.0
780,39.0,3,8.496456286415752e-19,0.22208232142011522,0.16614121034572973,0.0
780,39.0,4,4.564587770833259e-21,0.22208232142011522,0.16614121034572976,0.0
780,39.0,5,5.707031288018312e-20,0.22208232142011522,0.16614121034572976,0.0
781,39.050000000000004,0,2.10281918014076e-20,0.2223559804855512,0.1671675076291412,0.0
781,39.050000000000004,1,2.0743438494947497e-19,0.2223559804855512,0.1671675076291412,0.0
781,39.050000000000004,2,2.8690600182186116e-22,0.2223559804855512,0.1671675076291412,0.0
781,39.050000000000004,3,7.646810657774176e-19,0.2223559804855512,0.1671675076291412,0.0
781,39.050000000000004,4,4.108128993749933e-21,0.22235598048555122,0.16716750762914126,0.0
781,39.050000000000004,5,5.1363281592164806e-20,0.2223559804855512,0.1671675076291412,0.0
782,39.1,0,1.8925372621266842e-20,0.22213815925859653,0.16635113186643988,0.0
782,39.1,1,1.8669094645452748e-19,0.22213815925859653,0.16635113186643988,0.0
782,39.1,2,2.5821540163967507e-22,0.22213815925859653,0.16635113186643988,0.0
782,39.1,3,6.882129591996759e-19,0.22213815925859653,0.16635113186643988,0.0
782,39.1,4,3.69731609437494e-21,0.22213815925859656,0.1663511318664399,0.0
782,39.1,5,4.622695343294833e-20,0.22213815925859656,0.1663511318664399,0.0
783,39.150000000000006,0,1.7032835359140158e-20,0.22230378756905747,0.16697225656174688,0.0
783,39.150000000000006,1,1.6802185180907474e-19,0.22230378756905747,0.16697225656174688,0.0
783,39.150000000000006,2,2.3239386147570755e-22,0.22230378756905747,0.16697225656174688,0.0
783,39.150000000000006,3,6.193916632797083e-19,0.22230378756905747,0.16697225656174688,0.0
783,39.150000000000006,4,3.3275844849374457e-21,0.22230378756905747,0.16697225656174688,0.0
783,39.150000000000006,5,4.1604258089653495e-20,0.2223037875690575,0.16697225656174694,0.0
784,39.2,0,1.5329551823226142e-20,0.22219506837133113,0.16656480860062822,0.0
784,39.2,1,1.5121966662816728e-19,0.22219506837133113,0.16656480860062822,0.0
784,39.2,2,2.091544753281368e-22,0.22219506837133113,0.1665648086006282,0.0
784,39.2,3,5.574524969517375e-19,0.22219506837133113,0.16656480860062822,0.0
784,39.2,4,2.9948260364437013e-21,0.22219506837133113,0.1665648086006282,0.0
784,39.2,5,3.7443832280688146e-20,0.22219506837133113,0.16656480860062822,0.0
785,39.25,0,1.379659664090353e-20,0.22225014411893265,0.16677134090923953,0.0
785,39.25,1,1.3609769996535056e-19,0.22225014411893265,0.16677134090923953,0.0
785,39.25,2,1.882390277953231e-22,0.22225014411893265,0.16677134090923953,0.0
785,39.25,3,5.017072472565638e-19,0.22225014411893265,0.16677134090923953,0.0
785,39.25,4,2.695343432799331e-21,0.22225014411893265,0.16677134090923953,0.0
785,39.25,5,3.3699449052619335e-20,0.22225014411893265,0.16677134090923953,0.0
786,39.300000000000004,0,1.2416936976813176e-20,0.22214457800358717,0.1663752460688908,0.0
786,39.300000000000004,1,1.224879299688155e-19,0.22214457800358717,0.1663752460688908,0.0
786,39.300000000000004,2,1.694151250157908e-22,0.22214457800358717,0.1663752460688908,0.0
786,39.300000000000004,3,4.515365225309074e-19,0.22214457800358717,0.1663752460688908,0.0
786,39.300000000000004,4,2.425809089519398e-21,0.22214457800358717,0.1663752460688908,0.0
786,39.300000000000004,5,3.0329504147357404e-20,0.22214457800358717,0.16637524606889076,0.0
787,39.35,0,1.1175243279131859e-20,0.22229634553654154,0.16694439769179706,0.0
787,39.35,1,1.1023913697193396e-19,0.22229634553654154,0.16694439769179706,0.0
787,39.35,2,1.524736125142117e-22,0.22229634553654154,0.16694439769179711,0.0
787,39.35,3,4.063828702778167e-19,0.22229634553654154,0.16694439769179706,0.0
787,39.35,4,2.1832281805674583e-21,0.2222963455365415,0.16694439769179703,0.0
787,39.35,5,2.7296553732621665e-20,0.22229634553654154,0.16694439769179706,0.0
788,39.400000000000006,0,1.0057718951218674e-20,0.22215881357659428,0.16642871438169213,0.0
788,39.400000000000006,1,9.921522327474056e-20,0.22215881357659428,0.16642871438169213,0.0
788,39.400000000000006,2,1.3722625126279054e-22,0.22215881357659428,0.16642871438169213,0.0
788,39.400000000000006,3,3.6574458325003505e-19,0.22215881357659428,0.16642871438169213,0.0
788,39.400000000000006,4,1.9649053625107125e-21,0.22215881357659428,0.16642871438169213,0.0
788,39.400000000000006,5,2.4566898359359498e-20,0.22215881357659428,0.16642871438169213,0.0
789,39.45,0,9.051947056096807e-21,0.22228108279537107,0.1668872478478024,0.0
789,39.45,1,8.929370094726651e-20,0.22228108279537107,0.1668872478478024,0.0
789,39.45,2,1.235036261365115e-22,0.22228108279537107,0.16688724784780243,0.0
789,39.45,3,3.2917012492503153e-19,0.22228108279537107,0.16688724784780243,0.0
789,39.45,4,1.7684148262596415e-21,0.2222810827953711,0.16688724784780248,0.0
789,39.45,5,2.211020852342355e-20,0.22228108279537107,0.16688724784780243,0.0
790,39.5,0,8.146752350487127e-21,0.22223963060825955,0.16673193533430966,0.0
790,39.5,1,8.036433085253986e-20,0.22223963060825955,0.16673193533430966,0.0
790,39.5,2,1.1115326352286034e-22,0.22223963060825955,0.16673193533430966,0.0
790,39.5,3,2.962531124325284e-19,0.22223963060825955,0.16673193533430966,0.0
790,39.5,4,1.5915733436336774e-21,0.22223963060825955,0.16673193533430966,0.0
790,39.5,5,1.9899187671081195e-20,0.22223963060825955,0.16673193533430963,0.0
791,39.550000000000004,0,7.332077115438414e-21,0.22220457258708928,0.1666004673878846,0.0
791,39.550000000000004,1,7.232789776728588e-20,0.22220457258708928,0.1666004673878846,0.0
791,39.550000000000004,2,1.0003793717057431e-22,0.22220457258708928,0.1666004673878846,0.0
791,39.550000000000004,3,2.6662780118927555e-19,0.22220457258708928,0.16660046738788456,0.0
791,39.550000000000004,4,1.4324160092703097e-21,0.22220457258708928,0.1666004673878846,0.0
791,39.550000000000004,5,1.7909268903973075e-20,0.22220457258708928,0.1666004673878846,0.0
792,39.6,0,6.5988694038945724e-21,0.22229294079619974,0.16693165066951698,0.0
792,39.6,1,6.50951079905573e-20,0.22229294079619974,0.16693165066951698,0.0
792,39.6,2,9.003414345351688e-23,0.22229294079619974,0.16693165066951698,0.0
792,39.6,3,2.39965021070348e-19,0.22229294079619974,0.16693165066951698,0.0
792,39.6,4,1.2891744083432788e-21,0.22229294079619974,0.16693165066951698,0.0
792,39.6,5,1.6118342013575768e-20,0.22229294079619974,0.166931650669517,0.0
793,39.650000000000006,0,5.9389824635051155e-21,0.22215452151545992,0.1664125953596208,0.0
793,39.650000000000006,1,5.858559719150157e-20,0.22215452151545992,0.1664125953596208,0.0
793,39.650000000000006,2,8.103072910816519e-23,0.22215452151545992,0.1664125953596208,0.0
793,39.650000000000006,3,2.1596851896331323e-19,0.22215452151545992,0.1664125953596208,0.0
793,39.650000000000006,4,1.160256967508951e-21,0.22215452151545992,0.16641259535962077,0.0
793,39.650000000000006,5,1.4506507812218192e-20,0.22215452151545992,0.16641259535962077,0.0
794,39.7,0,5.345084217154604e-21,0.22216077456554884,0.1664360784413525,0.0
794,39.7,1,5.272703747235142e-20,0.22216077456554884,0.1664360784413525,0.0
794,39.7,2,7.292765619734867e-23,0.22216077456554884,0.1664360784413525,0.0
794,39.7,3,1.9437166706698192e-19,0.22216077456554884,0.1664360784413525,0.0
794,39.7,4,1.044231270758056e-21,0.22216077456554884,0.1664360784413525,0.0
794,39.7,5,1.3055857030996374e-20,0.22216077456554884,0.1664360784413525,0.0
795,39.75,0,4.8105757954391434e-21,0.22228081520791013,0.16688624571811672,0.0
795,39.75,1,4.7454333725116276e-20,0.22228081520791013,0.16688624571811672,0.0
795,39.75,2,6.563489057761381e-23,0.22228081520791013,0.16688624571811672,0.0
795,39.75,3,1.7493450036028373e-19,0.22228081520791013,0.16688624571811672,0.0
795,39.75,4,9.398081436822504e-22,0.22228081520791013,0.16688624571811672,0.0
795,39.75,5,1.1750271327896737e-20,0.22228081520791013,0.16688624571811672,0.0
796,39.800000000000004,0,4.329518215895229e-21,0.22208575734879663,0.16615413532619572,0.0
796,39.800000000000004,1,4.270890035260465e-20,0.22208575734879663,0.16615413532619572,0.0
796,39.800000000000004,2,5.907140151985242e-23,0.2220857573487966,0.1661541353261957,0.0
796,39.800000000000004,3,1.5744105032425535e-19,0.2220857573487966,0.1661541353261957,0.0
796,39.800000000000004,4,8.458273293140254e-22,0.22208575734879663,0.16615413532619572,0.0
796,39.800000000000004,5,1.0575244195107064e-20,0.22208575734879663,0.16615413532619572,0.0
797,39.85,0,3.896566394305706e-21,0.22235303312939472,0.16715648779435208,0.0
797,39.85,1,3.843801031734419e-20,0.22235303312939472,0.16715648779435208,0.0
797,39.85,2,5.316426136786719e-23,0.22235303312939472,0.16715648779435208,0.0
797,39.85,3,1.416969452918298e-19,0.22235303312939472,0.16715648779435208,0.0
797,39.85,4,7.612445963826229e-22,0.2223530331293947,0.16715648779435202,0.0
797,39.85,5,9.517719775596358e-21,0.22235303312939472,0.16715648779435208,0.0
798,39.900000000000006,0,3.5069097548751355e-21,0.22214819355163404,0.16638882756826712,0.0
798,39.900000000000006,1,3.459420928560977e-20,0.22214819355163404,0.16638882756826712,0.0
798,39.900000000000006,2,4.784783523108047e-23,0.22214819355163404,0.16638882756826712,0.0
798,39.900000000000006,3,1.2752725076264684e-19,0.22214819355163404,0.16638882756826712,0.0
798,39.900000000000006,4,6.8512013674436055e-22,0.22214819355163404,0.16638882756826712,0.0
798,39.900000000000006,5,8.565947798036723e-21,0.22214819355163404,0.16638882756826712,0.0
799,39.95,0,3.156218779387622e-21,0.2222938929343927,0.16693521548190737,0.0
799,39.95,1,3.1134788357048795e-20,0.2222938929343927,0.16693521548190737,0.0
799,39.95,2,4.3063051707972423e-23,0.2222938929343927,0.16693521548190737,0.0
799,39.95,3,1.1477452568638217e-19,0.2222938929343927,0.16693521548190737,0.0
799,39.95,4,6.166081230699245e-22,0.2222938929343927,0.1669352154819074,0.0
799,39.95,5,7.70935301823305e-21,0.2222938929343927,0.16693521548190737,0.0
800,40.0,0,2.84059690144886e-21,0.2222106809804741,0.16662338138926547,0.0
800,40.0,1,2.8021309521343915e-20,0.2222106809804741,0.16662338138926547,0.0
800,40.0,2,3.875674653717518e-23,0.2222106809804741,0.1666233813892655,0.0
800,40.0,3,1.0329707311774395e-19,0.2222106809804741,0.16662338138926547,0.0
800,40.0,4,5.549473107629321e-22,0.22221068098047408,0.16662338138926544,0.0
800,40.0,5,6.938417716409746e-21,0.22221068098047408,0.16662338138926544,0.0
