step,time,agent,x,y,ux,uy
0,0.0,0,-6.088267075925242,-1.5580019712195552,0.6873248316325226,0.5563061225291528
0,0.0,1,-6.162544420585444,-0.8786419314884486,0.6165977917922906,0.31759177451134135
0,0.0,2,-6.019886458355111,-0.289881355879052,0.7985063913709173,0.033440998846590145
0,0.0,3,-5.932556594335653,0.36863492395806147,0.8382153707086998,-0.29132716703417305
0,0.0,4,-6.061985308644113,0.8639385121534067,0.6358219531317668,-0.313385738808479
0,0.0,5,-6.0603945825459,1.4348148714128728,0.6946346209836431,-0.34384641587158976
1,0.05,0,-6.053900834343616,-1.5301866650930975,0.7072553020321842,0.5078547023967405
1,0.05,1,-6.13171453099583,-0.8627623427628816,0.6068235694062523,0.2745412224121993
1,0.05,2,-5.979961138786565,-0.2882093059367225,0.8040700069462225,0.02398308418656124
1,0.05,3,-5.890645825800218,0.3540685656063528,0.8529622164595514,-0.25179214876400197
1,0.05,4,-6.030194210987524,0.8482692252129828,0.6321550048736563,-0.27293074486983887
1,0.05,5,-6.025662851496718,1.4176225506192932,0.702059013962254,-0.3062842213968871
2,0.1,0,-6.018538069242007,-1.5047939299732604,0.7250111198549154,0.4595729808342362
2,0.1,1,-6.101373352525518,-0.8490352816422716,0.5932618226874854,0.23739496269398327
2,0.1,2,-5.939757638439254,-0.28701015172739447,0.809699185072879,0.016071555390090156
2,0.1,3,-5.84799771497724,0.3414789581681527,0.8658996334726572,-0.21643702904792286
2,0.1,4,-5.998586460743842,0.8346226879694908,0.6256106806649111,-0.2371692412650403
2,0.1,5,-5.990559900798606,1.402308339549449,0.7083793226698826,-0.2712814178838259
3,0.15000000000000002,0,-5.982287513249261,-1.4818152809315486,0.7406084896152461,0.4127091867339031
3,0.15000000000000002,1,-6.071710261391144,-0.8371655335075724,0.5761111538043322,0.20604759980928264
3,0.15000000000000002,2,-5.89927267918561,-0.28620657395788995,0.8154566486742773,0.00925541667832982
3,0.15000000000000002,3,-5.804702733303608,0.33065710671575654,0.8773070956274108,-0.18510512872158824
3,0.15000000000000002,4,-5.967305926710596,0.8227642259062388,0.6163778922662074,-0.2062183709094071
3,0.15000000000000002,5,-5.955140934665112,1.3887442686552576,0.7138082448086173,-0.2391685327630405
4,0.2,0,-5.945257088768499,-1.4611798215948535,0.754211334562529,0.3683386023773163
4,0.2,1,-6.042904703700927,-0.8268631535171083,0.555464394455424,0.1801765914485449
4,0.2,2,-5.858499846751896,-0.28574380312397346,0.8213934840309391,0.0031537490890971814
4,0.2,3,-5.760837378522237,0.32140185027967716,0.8874289869707722,-0.15750655549114334
4,0.2,4,-5.936487032097285,0.8124533073607684,0.6045967625472909,-0.1799973132211603
4,0.2,5,-5.919450522424681,1.3767858420171055,0.7185662040695794,-0.21012961712494668
5,0.25,0,-5.907546522040373,-1.4427628914759876,0.7660807224430544,0.32728998755005057
5,0.25,1,-6.015131483978156,-0.817854323944681,0.5313232797761013,0.1593561053218976
5,0.25,2,-5.817430172550349,-0.2855861156695186,0.827546222571917,-0.002553307300507647
5,0.25,3,-5.716465929173698,0.31352652250512,0.8964685312676036,-0.13327761482842118
5,0.25,4,-5.906257193969921,0.8034534416997103,0.5903504787507088,-0.1582914324750036
5,0.25,5,-5.883522212221202,1.3662793611608581,0.7228665666416327,-0.1842222642175812
6,0.30000000000000004,0,-5.86924248591822,-1.426398392098485,0.7765205275732844,0.2901252665096359
6,0.30000000000000004,1,-5.988565319989351,-0.8098865186785862,0.503631320370192,0.14313437197504936
6,0.30000000000000004,2,-5.7760528614217534,-0.285713781034544,0.8339330515512131,-0.008134052888504738
6,0.30000000000000004,3,-5.671642502610318,0.30686264176369893,0.904588319169612,-0.1120258012207627
6,0.30000000000000004,4,-5.876739670032386,0.7955388700759601,0.5736680961210051,-0.14080621202722154
6,0.30000000000000004,5,-5.84737888388912,1.3570682479499792,0.7269053051204551,-0.16140571470505305
7,0.35000000000000003,0,-5.830416459539556,-1.4118921287730033,0.7858303749534066,0.25716128710083747
7,0.35000000000000003,1,-5.963383753970842,-0.8027298000798337,0.4723217552949874,0.13107846264385514
7,0.35000000000000003,2,-5.734356208844193,-0.2861204836789692,0.8405495163377543,-0.013813157268644002
7,0.35000000000000003,3,-5.626413086651837,0.3012613517026608,0.9119143065990318,-0.09336124533342012
7,0.35000000000000003,4,-5.848056265226336,0.788498559474599,0.5545355060407433,-0.12720757703366653
7,0.35000000000000003,5,-5.811033618633098,1.3489979622147266,0.7308545337912009,-0.1415712182457509
8,0.4,0,-5.791124940791886,-1.3990340644179615,0.7942710788809232,0.2285151104367355
8,0.4,1,-5.939767666206092,-0.796175876947641,0.4373809108308635,0.1227939560281008
8,0.4,2,-5.6923287330273045,-0.2868111415424014,0.847364268605365,-0.019776282834404895
8,0.4,3,-5.580817371321886,0.2965932894359898,0.9185411978651187,-0.07691696674780879
8,0.4,4,-5.8203294899242985,0.7821381806229157,0.5329129871614049,-0.11714850903905982
8,0.4,5,-5.774490891943538,1.341919401302439,0.7348587931251737,-0.12457034263611665
9,0.45,0,-5.75141138684784,-1.3876083088961249,0.8020429863578612,0.20415506615940124
9,0.45,1,-5.917898620664548,-0.790036179146236,0.3989276029076014,0.11792650107175671
9,0.45,2,-5.649960519597037,-0.28779995568412164,0.8543156935540926,-0.026170151542279238
9,0.45,3,-5.53489031142863,0.29274744109859935,0.9245379899900473,-0.062360608809325466
9,0.45,4,-5.793683840566228,0.7762807551709627,0.5087589206150026,-0.11028349796439105
9,0.45,5,-5.737747952287279,1.3356908841706332,0.7390328667010896,-0.1102386376183321
10,0.5,0,-5.711309237529947,-1.3774005555881548,0.809275238153112,0.18394493549510915
10,0.5,1,-5.897952240519168,-0.7841398540926482,0.3573053762247072,0.11615075747761765
10,0.5,2,-5.607244734919332,-0.2891084632612356,0.8613105787367271,-0.03309746201174955
10,0.5,3,-5.488663411929128,0.2896294106581331,0.9299530744363177,-0.04940007279766351
10,0.5,4,-5.768245894535478,0.7707665802727431,0.48205993077171194,-0.10627302184498719
10,0.5,5,-5.700796308952224,1.3301789522897165,0.7434601191394948,-0.09841344484742873
11,0.55,0,-5.670845475622291,-1.3682033088133994,0.8160236977888677,0.1676746733041197
11,0.55,1,-5.880086971707933,-0.7783323162187673,0.31317589222469044,0.11715123479641748
11,0.55,2,-5.564179205982496,-0.2907633363618231,0.868226235725816,-0.04060703592423062
11,0.55,3,-5.442165758207312,0.2871594070182499,0.9348186981363482,-0.037784975499804196
11,0.55,4,-5.744142897996892,0.7654529291804938,0.4528675939770845,-0.10478045702679024
11,0.55,5,-5.66362330299525,1.3252582800473451,0.7481907140647034,-0.08894549291845717
12,0.6000000000000001,0,-5.630044290732847,-1.3598195751481934,0.8222761441908717,0.15507638236385268
12,0.6000000000000001,1,-5.864428177096698,-0.7724747544789464,0.26759007950516683,0.1205997189232698
12,0.6000000000000001,2,-5.520767894196205,-0.29279368815803464,0.8749174002206841,-0.04868101837648552
12,0.6000000000000001,3,-5.395424823300495,0.2852701582432597,0.9391548246761813,-0.027305358115011776
12,0.6000000000000001,4,-5.721499518298038,0.7602139063291543,0.4213406644638021,-0.10546401299900363
12,0.6000000000000001,5,-5.626213767292015,1.3208110054014224,0.7532395201933432,-0.08170428927438635
13,0.65,0,-5.588930483523304,-1.3520657560300007,0.8279641682398463,0.1458285097872135
13,0.65,1,-5.85104867312144,-0.766444768532783,0.22200407192785615,0.12613488811378185
13,0.65,2,-5.477022024185171,-0.2952277390768589,0.8812285034731804,-0.057222805485465475
13,0.65,3,-5.348467082066685,0.2839048903375091,0.9429725468710768,-0.017788718824452005
13,0.65,4,-5.700432485074848,0.7549407056792041,0.38778934916454116,-0.10796668121515215
13,0.65,5,-5.588551791282348,1.316725790937703,0.7585839965812751,-0.0765774458450825
14,0.7000000000000001,0,-5.547532275111311,-1.34477433054064,0.8329812167633658,0.139554437158442
14,0.7000000000000001,1,-5.839948469525047,-0.7601380241270939,0.1782088190141281,0.1333501371409608
14,0.7000000000000001,2,-5.432960599011512,-0.29808887935113215,0.8870103688755567,-0.06605101780321071
14,0.7000000000000001,3,-5.301318454723131,0.2830154543962865,0.9462772094869559,-0.00909626822027931
14,0.7000000000000001,4,-5.681043017616621,0.7495423716184465,0.3527147606121096,-0.1119077589463043
14,0.7000000000000001,5,-5.550622591453284,1.3128969186454489,0.7641628281864475,-0.07346424727962254
15,0.75,0,-5.505883214273143,-1.337796608682718,0.8372050950994431,0.13582323405405752
15,0.75,1,-5.831038028574341,-0.7534705172700458,0.13816357837774107,0.14179404461655348
15,0.75,2,-5.388610080567734,-0.30139143024129267,0.8921383627451315,-0.0749050926805004
15,0.75,3,-5.254004594248784,0.28256064098527256,0.9490713282542289,-0.001119222458692212
15,0.75,4,-5.663407279586015,0.7439469836711313,0.31683327043612447,-0.11687990678349768
15,0.75,5,-5.512414450043962,1.3092237062814678,0.7698764850229639,-0.07226425628453557
16,0.8,0,-5.464022959518171,-1.3310054469800152,0.8405214851082966,0.13415932147288054
16,0.8,1,-5.824129849655454,-0.746380815039218,0.10376089980293304,0.15098391098079747
16,0.8,2,-5.344003162430477,-0.3051366848753177,0.8965274824037489,-0.08346577436798873
16,0.8,3,-5.206551027836072,0.28250467986233796,0.9513572729713905,0.0062242559006005505
16,0.8,4,-5.647565616064209,0.7381029883319564,0.2810739343143936,-0.12245527884281954
16,0.8,5,-5.473920625792814,1.305610493467241,0.7755910493916075,-0.07286265710484736
17,0.8500000000000001,0,-5.421996885262756,-1.3242974809063712,0.8428438864338497,0.13406375584572544
17,0.8500000000000001,1,-5.818941804665307,-0.7388316194901782,0.07658452128329918,0.16042809213799172
17,0.8500000000000001,2,-5.299176788310289,-0.30930997359371715,0.9001399978143565,-0.09138900392813397
17,0.8500000000000001,3,-5.158983164187503,0.282815892657368,0.9531395704826116,0.012991355176401438
17,0.8500000000000001,4,-5.633511919348489,0.7319802243898155,0.24653965608921022,-0.1282023908385152
17,0.8500000000000001,5,-5.4351410733232335,1.3019673606119986,0.7811463788640726,-0.07511516992044896
18,0.9,0,-5.379854690941063,-1.317594293114085,0.8441260009139446,0.13504422072259462
18,0.9,1,-5.815112578601142,-0.7308102148832786,0.057727834604324714,0.1696504314036043
18,0.9,2,-5.2541697884195715,-0.31387942379012385,0.9029835341897288,-0.09834646726671742
18,0.9,3,-5.111326185663372,0.2834654604161881,0.9544266328465812,0.019216719497942143
18,0.9,4,-5.6211849365440285,0.7255701048478898,0.21443039735688765,-0.13371202819228378
18,0.9,5,-5.3960837543800295,1.2982116021159762,0.7863687884985466,-0.07883619546163258
19,0.9500000000000001,0,-5.3376483908953665,-1.3108420820779552,0.8443649954966915,0.13664653692199968
19,0.9500000000000001,1,-5.812226186870926,-0.7223276933130983,0.04771313983742255,0.17821145795443546
19,0.9500000000000001,2,-5.209020611710085,-0.31879674715345974,0.905100910563615,-0.10406330426782645
19,0.9500000000000001,3,-5.063604854021043,0.2844262963910852,0.9552317567231621,0.02491537621649917
19,0.9500000000000001,4,-5.610463416676184,0.7188845034382756,0.18593787249133775,-0.13862673195120614
19,0.9500000000000001,5,-5.356765314955102,1.2942697923428945,0.7910870544118037,-0.08379372461436065
20,1.0,0,-5.295430141120532,-1.3040097552318552,0.8435970159691712,0.13847991709306787
20,1.0,1,-5.809840529879055,-0.7134171204153765,0.046510014895293654,0.18572463777360798
20,1.0,2,-5.163765566181905,-0.32399991236685105,0.9065557459752515,-0.10834481029210308
20,1.0,3,-5.015843266184885,0.28567206520191013,0.9555733581360935,0.030087286507267705
20,1.0,4,-5.601166523051617,0.7119531668407153,0.1621311888222606,-0.14266619233102937
20,1.0,5,-5.317210962234512,1.2900801061121765,0.7951491665840589,-0.0897131422702447
21,1.05,0,-5.2532502903220735,-1.2970857593772018,0.8418881987156959,0.14023116406836506
21,1.05,1,-5.80751502913429,-0.7041308885266961,0.05362129592021636,0.19186883932934776
21,1.05,2,-5.118437778883142,-0.32941715288145623,0.9074184700093326,-0.11108830940586505
21,1.05,3,-4.9680645982780804,0.2871764295272735,0.9554745538726773,0.034723481497167474
21,1.05,4,-5.5930599636105045,0.7048198572241638,0.14385657682211342,-0.14564178777423323
21,1.05,5,-5.277453503905309,1.2855944489986642,0.7984366012103408,-0.09628970145837706
22,1.1,0,-5.211155880386289,-1.2900742011737836,0.8393245793269997,0.1416672902265283
22,1.1,1,-5.804833964338279,-0.6945374465602288,0.06819888100440404,0.19639864005417598
22,1.1,2,-5.073066855382676,-0.33497156835174946,0.9077560461434274,-0.11228110418245056
22,1.1,3,-4.920290870584447,0.2889126036021319,0.954962318215896,0.03881282642267861
22,1.1,4,-5.585867134769399,0.6975377678354522,0.1316695652363991,-0.14745732778747647
22,1.1,5,-5.237531673844792,1.2807799639257453,0.8008733866118742,-0.10320706683821708
23,1.1500000000000001,0,-5.169189651419939,-1.2829908366624572,0.8360032158618559,0.14262925755409964
23,1.1500000000000001,1,-5.801424020288059,-0.68471751455752,0.08916187994769945,0.19915271270999385
23,1.1500000000000001,2,-5.027679053075504,-0.34058562356087196,0.9076265928318014,-0.11198840953659335
23,1.1500000000000001,3,-4.872542754673652,0.2908532449232658,0.9540664867015305,0.04234805145151147
23,1.1500000000000001,4,-5.579283656507578,0.6901649014460783,0.1258074080627047,-0.14809776423465293
23,1.1500000000000001,5,-5.197488004514199,1.2756196105838344,0.802428716444687,-0.1101579194822586
24,1.2000000000000002,0,-5.127389490626846,-1.2758593737847521,0.8320254721318489,0.14302073358881157
24,1.2000000000000002,1,-5.7969659262906745,-0.6747598789220203,0.11530347281321572,0.20005890550244904
24,1.2000000000000002,2,-4.982297723433914,-0.3461850440377016,0.9070783197250079,-0.11033595955777065
24,1.2000000000000002,3,-4.824839430338575,0.2929706474958414,0.9528188345646359,0.04532997603025779
24,1.2000000000000002,4,-5.572993286104443,0.6827600132343457,0.12619880262178776,-0.14761084284017184
24,1.2000000000000002,5,-5.157366568691964,1.2701117146097216,0.8031136099682364,-0.11686264461081133
25,1.25,0,-5.085788217020253,-1.2687083371053116,0.8274924074700987,0.14279531621207367
25,1.25,1,-5.791200752650013,-0.6647569336468978,0.14538209080855252,0.19913399528064782
25,1.25,2,-4.936943807447663,-0.3517018420155901,0.906151299120978,-0.10749122242994208
25,1.25,3,-4.777198488610344,0.2952371462973543,0.9512523525026424,0.04776954292063493
25,1.25,4,-5.566683345973353,0.6753794710923371,0.13250134558359397,-0.14608724741313983
25,1.25,5,-5.1172108881935525,1.264268582379181,0.802973385350655,-0.12308332046619817
26,1.3,0,-5.0444135966467485,-1.261568571294708,0.8225017695163388,0.1419445038524364
26,1.3,1,-5.7839316481095855,-0.6548002338828655,0.17819608128804268,0.19647674331946596
26,1.3,2,-4.8916362424916136,-0.3570764031370872,0.9048804858684781,-0.10364582951186486
26,1.3,3,-4.729635870985211,0.29762562344338606,0.9494007267475211,0.049687930562145384
26,1.3,4,-5.560058278694173,0.6680751087216801,0.14415568245940882,-0.14364326690383455
26,1.3,5,-5.07706221892602,1.258114416355871,0.802078147936545,-0.12863187154670888
27,1.35,0,-5.0032885081709315,-1.2544713461020862,0.8171460452929645,0.1404875055099612
27,1.35,1,-5.775021844045184,-0.6449763967168921,0.21264139601380597,0.19225436684528202
27,1.35,2,-4.84639221819819,-0.36225869461268045,0.9032987495968038,-0.09900058844789802
27,1.35,3,-4.682165834647835,0.30011001997149334,0.947297950481506,0.051115359199835064
27,1.35,4,-5.552850494571203,0.6608929453764883,0.16044706907895065,-0.14040774551196114
27,1.35,5,-5.036958311529193,1.2516828227785357,0.8005132153793703,-0.13337266123886382
28,1.4000000000000001,0,-4.962431205906284,-1.247446970826588,0.8115111743621533,0.1384631385708808
28,1.4000000000000001,1,-5.764389774244494,-0.635363678374628,0.24775172442904853,0.18668410645508168
28,1.4000000000000001,2,-4.80122728071835,-0.3672087240350754,0.901439178317158,-0.09375357731226497
28,1.4000000000000001,3,-4.634800937123759,0.3026657879314851,0.9449779694194516,0.05208923123318891
28,1.4000000000000001,4,-5.5448281411172555,0.6538725581008903,0.18056764935921413,-0.1365132210276489
28,1.4000000000000001,5,-4.9969326507602245,1.2450141897165925,0.7983707603161724,-0.1372206376439551
29,1.4500000000000002,0,-4.921855647188176,-1.2405238138980441,0.8056757030275521,0.1359235976951703
29,1.4500000000000002,1,-5.752002188023042,-0.626029473051874,0.28272115291477307,0.18001258194066652
29,1.4500000000000002,2,-4.756155321802492,-0.3718964029006886,0.8993363612514338,-0.08809130834064317
29,1.4500000000000002,3,-4.587552038652786,0.3052702494931445,0.9424742875123122,0.052652083402412266
29,1.4500000000000002,4,-5.535799758649294,0.6470468970495078,0.20367473615148662,-0.1320902054749596
29,1.4500000000000002,5,-4.957014112744416,1.2381531578343947,0.7957432838726092,-0.1401364203526492
30,1.5,0,-4.8815718620367985,-1.2337276340132857,0.7997102828075637,0.13292970439787108
30,1.5,1,-5.737866130377303,-0.6170288439548406,0.3169108069099656,0.1724958045346258
30,1.5,2,-4.71118850373992,-0.37630096831772075,0.8970266824691798,-0.08218269655473887
30,1.5,3,-4.540428324277171,0.30790285366326514,0.9398195051955929,0.052849625772900755
30,1.5,4,-5.52561602184172,0.6404423867757598,0.22894158764400074,-0.12726342238960822
30,1.5,5,-4.917226948550785,1.2311463368167623,0.792719026260687,-0.14211961612719035
31,1.55,0,-4.8415863478964205,-1.2270811487933921,0.7936774756834011,0.12954724748433685
31,1.55,1,-5.722020590031804,-0.6084040537281094,0.34984236691413684,0.1643821519618274
31,1.55,2,-4.666337169616461,-0.3804101031454577,0.8945478450196794,-0.07617545689699744
31,1.55,3,-4.493437349017391,0.31054533495191017,0.9370448080929193,0.05272898795609751
31,1.55,4,-5.51416894245952,0.6340792156562794,0.25559807794737155,-0.12214913227648022
31,1.55,5,-4.877590997237751,1.2240403560104027,0.7893791171490991,-0.14320138633351387
32,1.6,0,-4.80190247411225,-1.2206037864191752,0.7876318400862894,0.1258441051264495
32,1.6,1,-5.704528471686098,-0.6001849461300179,0.3811822500339426,0.15589964931433642
32,1.6,2,-4.621609777365477,-0.3842188759903076,0.8919379188873349,-0.07019450891741023
32,1.6,3,-4.446585108612745,0.31318178434971505,0.9341794532047312,0.052337208343637205
32,1.6,4,-5.501389038562151,0.6279717590424554,0.282959713737309,-0.11685310461721628
32,1.6,5,-4.838122041380296,1.216880286693727,0.7857961312586152,-0.14343700026959585
33,1.6500000000000001,0,-4.7625208821079354,-1.2143115811628526,0.7816202596883538,0.121887939065402
33,1.6500000000000001,1,-5.685469359184401,-0.5923899636643011,0.4107203915881444,0.1472479032893518
33,1.6500000000000001,2,-4.57701288142111,-0.3877286014361781,0.8892341975471459,-0.06434195684471788
33,1.6500000000000001,3,-4.399876135952509,0.3157986447668969,0.9312503078884051,0.051719970168058065
33,1.6500000000000001,4,-5.4872410528752855,0.6221291038115946,0.3104447364406795,-0.11146911836150525
33,1.6500000000000001,5,-4.7988322348173655,1.209708436680247,0.7820336850431838,-0.14289886167135746
34,1.7000000000000002,0,-4.723439869123518,-1.2082171842095826,0.7756824611796597,0.1177443372609363
34,1.7000000000000002,1,-5.6649333396049935,-0.5850275684998335,0.43834706285521147,0.13859426786409737
34,1.7000000000000002,2,-4.532551171543753,-0.390945699278414,0.8864720905500486,-0.05869822565636152
34,1.7000000000000002,3,-4.3533136205580885,0.3183846432752998,0.928281488074711,0.05092058195072146
34,1.7000000000000002,4,-5.471718816053252,0.6165556478935194,0.3375803470925856,-0.10607802588664035
34,1.7000000000000002,5,-4.759730550565206,1.2025634935966791,0.7781467390615722,-0.14167030519590992
35,1.75,0,-4.684655746064535,-1.2023299673465357,0.7698516580221135,0.1134753402524139
35,1.75,1,-5.643015986462233,-0.5780978551066286,0.4640303038194198,0.13007337654075263
35,1.75,2,-4.488227567016251,-0.3938806105612321,0.8836842025641334,-0.053323968827325714
35,1.75,3,-4.306899546154353,0.3209306723728359,0.9252941237135276,0.04997919928722509
35,1.75,4,-5.454839798698623,0.6112517465991874,0.36400009025048763,-0.10074742794810176
35,1.75,5,-4.720823213612127,1.1954799783368837,0.7741823256752256,-0.13984031802370744
36,1.8,0,-4.646163163163429,-1.196656200333915,0.7641552577584988,0.10913831811434282
36,1.8,1,-5.619814471271262,-0.5715941862795909,0.4877956161571452,0.12178903439373569
36,1.8,2,-4.444043356888044,-0.39654680900259837,0.880899674264592,-0.0482624173502833
36,1.8,3,-4.260634839968677,0.3234296323371972,0.9223062589794613,0.04893228099882004
36,1.8,4,-5.436639794186098,0.6062143752017822,0.3894349405950607,-0.09553194647508248
36,1.8,5,-4.682114097328366,1.1884879624356983,0.7701804848313271,-0.1374992374104306
37,1.85,0,-4.607955400275504,-1.1911992844281978,0.7586155791723745,0.10478517540068266
37,1.85,1,-5.595424690463404,-0.5655047345599041,0.5097087452213562,0.11381753252761835
37,1.85,2,-4.399998373174815,-0.39895992987011253,0.8781438002425782,-0.04354190521959653
37,1.85,3,-4.2145195270197044,0.3258762463871382,0.9193328776541102,0.047812264717542796
37,1.85,4,-5.417168047156345,0.6014377778780281,0.41370064213777585,-0.09047400918668125
37,1.85,5,-4.6436050730868,1.1816130005651768,0.7661752520160787,-0.1347353996212141
38,1.9000000000000001,0,-4.570024621316885,-1.1859600256581637,0.753250538851109,0.10046185924675025
38,1.9000000000000001,1,-5.569939253202336,-0.5598138579335232,0.5298617695240435,0.10621162823855827
38,1.9000000000000001,2,-4.356091183162686,-0.40113702513109234,0.8754378985241792,-0.039178375029726216
38,1.9000000000000001,3,-4.168552883136999,0.32826685962301533,0.9163860328511797,0.04664743783547136
38,1.9000000000000001,4,-5.396483015049456,0.5969140774186941,0.43668348703100157,-0.08560501051318799
38,1.9000000000000001,5,-4.605296310485996,1.174876230584116,0.7621955965548924,-0.1316326640981983
39,1.9500000000000002,0,-4.53236209437433,-1.1809369326958261,0.7480742809357135,0.09620813837054193
39,1.9500000000000002,1,-5.543446164726134,-0.5545032765215954,0.548362321812872,0.09900464693899885
39,1.9500000000000002,2,-4.312319288236477,-0.40309594388257863,0.8727993844150753,-0.03517773089183443
39,1.9500000000000002,3,-4.12273358149444,0.33059923151478887,0.9134750550386265,0.045461972458406864
39,1.9500000000000002,4,-5.374648840697906,0.5926338268930347,0.45832617228339,-0.08094669754327284
39,1.9500000000000002,5,-4.567186530658251,1.168294597379206,0.7582662524829881,-0.1282687053737827
40,2.0,0,-4.494958380327544,-1.176126525777299,0.7430977365034892,0.09205761335241108
40,2.0,1,-5.516028048635491,-0.5495530441746455,0.5653255526778174,0.09221435766427463
40,2.0,2,-4.268679319015723,-0.40485483042717035,0.8702419941604074,-0.03153795946529478
40,2.0,3,-4.077059828742509,0.3328723301377092,0.9106068119338983,0.04427608922754907
40,2.0,4,-5.351732532083736,0.588586492015871,0.478614799287059,-0.07651264200343504
40,2.0,5,-4.529273218034102,1.161881162110517,0.7544084173028112,-0.124713950660739
41,2.0500000000000003,0,-4.45780349350237,-1.1715236451096784,0.7383291088230653,0.08803791406121651
41,2.0500000000000003,1,-5.4877617710016,-0.5449423262914317,0.5808683656912528,0.08584643012441733
41,2.0500000000000003,2,-4.225167219307703,-0.40643172840043507,0.8677761063917668,-0.028250981439468723
41,2.0500000000000003,3,-4.0315294881458135,0.3350861345990867,0.907785996620038,0.043106314804088934
41,2.0500000000000003,4,-5.327801792119383,0.5847608599156993,0.49756758653138866,-0.07230968788961778
41,2.0500000000000003,5,-4.4915527971689615,1.15564546457748,0.750640316636738,-0.12103103939889923
42,2.1,0,-4.420887038061217,-1.1671217494066175,0.733774287367596,0.08417103925742828
42,2.1,1,-5.458718352717038,-0.5406500047852109,0.5951054545528488,0.07989739316723568
42,2.1,2,-4.1817784139881145,-0.4078442774724085,0.8654091170986211,-0.025304225512156917
42,2.1,3,-3.9861401883148115,0.33724145033929115,0.9050154245861276,0.04196580069298871
42,2.1,4,-5.302923412792814,0.5811453755212184,0.5152254950120643,-0.06833929822060433
42,2.1,5,-4.454020781337125,1.1495939126075352,0.7469776466098323,-0.11727468839833119
43,2.15,0,-4.3841983236928375,-1.162913197443746,0.7294371973323565,0.08047379583965415
43,2.15,1,-5.428963079989396,-0.536655135126849,0.6081467197773329,0.07435708724833319
43,2.15,2,-4.138507958133183,-0.40910948874801634,0.8631458336127108,-0.02268193640778994
43,2.15,3,-3.940889417085505,0.3393397403739406,0.9022963251632574,0.0408646757960648
43,2.15,4,-5.277162138042211,0.5777284106101882,0.5316447209442805,-0.06459875587769201
43,2.15,5,-4.416671899006633,1.1437301781876186,0.7434339127617865,-0.11349185902457909
44,2.2,0,-4.34772646382622,-1.1588895076517634,0.725320093125587,0.07695829995814543
44,2.2,1,-5.39855574400053,-0.5329372807644324,0.6200957089145551,0.0692106458313793
44,2.2,2,-4.095350666452547,-0.41024358556840584,0.8609888627284152,-0.020366239934616042
44,2.2,3,-3.8957746008273424,0.34138297416374386,0.8996286172739455,0.03981041057000728
44,2.2,4,-5.250579901994997,0.5744984728163036,0.546890870827298,-0.06108219880666806
44,2.2,5,-4.3795002033685435,1.1380555852363896,0.7400206864259847,-0.10972213823305134
45,2.25,0,-4.311460459169941,-1.155041592653856,0.7214238045715536,0.07363250825172128
45,2.25,1,-5.367550958554802,-0.5294767484728634,0.6310487939342878,0.0644400615314894
45,2.25,2,-4.052301223316126,-0.41126189756513665,0.8589389764790447,-0.018337993670218287
45,2.25,3,-3.8507931699636453,0.3433734946922442,0.8970111631701783,0.038808176118308446
45,2.25,4,-5.223235358453632,0.5714443628759702,0.5610345714324169,-0.057781487979259194
45,2.25,5,-4.342499169047244,1.132569478324737,0.7367477986073977,-0.1059982610810737
46,2.3000000000000003,0,-4.275389268941363,-1.15135996724127,0.7177479439697582,0.0705007538840189
46,2.3000000000000003,1,-5.335998518858088,-0.5262547453962889,0.6410948634766968,0.06002539980190482
46,2.3000000000000003,2,-4.009354274492174,-0.4121787972486476,0.8569954458145564,-0.016577453465736768
46,2.3000000000000003,3,-3.8059426118051363,0.3453139034981596,0.894441996787402,0.037861186462493035
46,2.3000000000000003,4,-5.1951836298820115,0.5685552884770073,0.5741482551455694,-0.054686918085482095
46,2.3000000000000003,5,-4.305661779116874,1.1272695652706834,0.7336234888304134,-0.10234671727433084
47,2.35,0,-4.239501871742875,-1.1478349295470691,0.714291081133347,0.06756426822026412
47,2.35,1,-5.303943775684253,-0.5232534754061937,0.6503153623199548,0.055945721700662955
47,2.35,2,-3.9665045022014462,-0.41300766992193444,0.8551563374637137,-0.0150647850452157
47,2.35,3,-3.761220511965766,0.34720696282128427,0.8919185255232863,0.03697101636863356
47,2.35,4,-5.166476217124733,0.5658209425727332,0.5863038780284888,-0.051787787309881116
47,2.35,5,-4.268980604675353,1.122152229406967,0.7306545231966456,-0.09878839758711291
48,2.4000000000000004,0,-4.203787317686207,-1.144456716136056,0.711050892376712,0.06482167450286952
48,2.4000000000000004,1,-5.271428007568256,-0.5204561893211606,0.6587845547501019,0.05217977165939374
48,2.4000000000000004,2,-3.9237466853282608,-0.4137609091741952,0.8534187728117419,-0.013780447626015603
48,2.4000000000000004,3,-3.7166245856896016,0.34905551363971593,0.8894377057687725,0.036137890384663994
48,2.4000000000000004,4,-5.1371610232233085,0.5632315532072392,0.5975713589591015,-0.04907284520405292
48,2.4000000000000004,5,-4.232447878515521,1.1172128095276113,0.7278462926206977,-0.0953392473161393
49,2.45,0,-4.168234773067372,-1.1412156324109124,0.7080242883115687,0.06226944456032522
49,2.45,1,-5.2384887798307505,-0.5178472007381909,0.6665699232009076,0.04870647871586484
49,2.45,2,-3.8810757466876735,-0.41444993155549603,0.8517791499638847,-0.012705473442416022
49,2.45,3,-3.672152700401163,0.35086240815894915,0.8869961935065206,0.03536094122041752
49,2.45,4,-5.107282455275353,0.5607779109470366,0.6080175636841876,-0.046530637890959445
49,2.45,5,-4.196055563884486,1.1124458471618044,0.7252028992537559,-0.09201090325398407
50,2.5,0,-4.132833558651793,-1.1381021601828962,0.7052075243307414,0.059902313370940395
50,2.5,1,-5.205160283670705,-0.5154118768023976,0.6737326399171575,0.04550531186072465
50,2.5,2,-3.838486789189479,-0.4150852052276168,0.8502333315822526,-0.011821663800745424
50,2.5,3,-3.627802890725837,0.35263045521997,0.8845904718761977,0.03463843738182011
50,2.5,4,-5.076881577091144,0.5584513790524885,0.6177056920506083,-0.044149768618619294
50,2.5,5,-4.1597954189217985,1.1078453019991052,0.7227272366229373,-0.08881129813631972
51,2.5500000000000003,0,-4.097573182435256,-1.1351070445143492,0.7025962968414401,0.05771364924454285
51,2.5500000000000003,1,-5.171473651674847,-0.5131366112093614,0.6803280690178459,0.04255652280126428
51,2.5500000000000003,2,-3.7959751226103666,-0.4156762884176541,0.8487768018317828,-0.011111719124896346
51,2.5500000000000003,3,-3.5835733671320273,0.354362377089061,0.8822169578978842,0.03396798118022658
51,2.5500000000000003,4,-5.0459962924886135,0.5562438906215575,0.6266949573282637,-0.04191908972773817
51,2.5500000000000003,5,-4.123659057090651,1.1034047370922893,0.7204210670471543,-0.08574522234716489
52,2.6,0,-4.062443367593184,-1.132221362052122,0.7001858276538782,0.05569577957584357
52,2.6,1,-5.137457248223955,-0.5110087850692981,0.6864062706468389,0.039841302942556805
52,2.6,2,-3.7535362825187777,-0.4162318743738989,0.8474047960580371,-0.010559317529520362
52,2.6,3,-3.539462519237133,0.3560607761480723,0.8798720906338191,0.03334667900251593
52,2.6,4,-5.0146615446222,0.5541479361351707,0.6350404723761204,-0.039827839874091366
52,2.6,5,-4.087638003738293,1.099117475974931,0.7182850984055676,-0.08281483710729823
53,2.6500000000000004,0,-4.027434076210491,-1.1294365730733298,0.697970938418707,0.053840273678878045
53,2.6500000000000004,1,-5.103136934691613,-0.5090167199221703,0.6920124891498424,0.03734187585288527
53,2.6500000000000004,2,-3.7111660427158757,-0.41675984025037494,0.8461124068045872,-0.010149153861797934
53,2.6500000000000004,3,-3.4954689147054423,0.3577281100981981,0.8775524030237204,0.032771286158603516
53,2.6500000000000004,4,-4.9829095210033945,0.5521565441414661,0.6427932783911562,-0.03786573813479414
53,2.6500000000000004,5,-4.051723748818015,1.094976734119566,0.7163190612655653,-0.0800201366688704
54,2.7,0,-3.9925355292895555,-1.126744559389386,0.6959461166135525,0.0521381852517302
54,2.7,1,-5.068536310234121,-0.5071496261295261,0.6971876144303062,0.03504154189659791
54,2.7,2,-3.6688604223756465,-0.41726729794346484,0.8448946695783237,-0.009866948904472574
54,2.7,3,-3.451591294554256,0.3593666744061283,0.8752545795010995,0.032238328813531995
54,2.7,4,-4.950769857083837,0.5502632572347264,0.6500004685720068,-0.03602304458379341
54,2.7,5,-4.015907795754736,1.0909757272861225,0.7145217866455371,-0.07735935941865853
55,2.75,0,-3.957738223458878,-1.1241376501267994,0.6941055742800805,0.050580257655486446
55,2.75,1,-5.033676929512605,-0.5053975490346961,0.7019686106177517,0.03292468799358873
55,2.75,2,-3.6266156888967305,-0.41776064538868846,0.8437466314703426,-0.009699436523583882
55,2.75,3,-3.407828565579201,0.3609785908468049,0.8729755013239329,0.03174420553532499
55,2.75,4,-4.918269833655237,0.5484621050055367,0.6567053718749197,-0.03429059511852504
55,2.75,5,-3.980181706422459,1.0871077593151894,0.7128912842174627,-0.07482934944922177
56,2.8000000000000003,0,-3.923032944744874,-1.121608637244025,0.692443300486331,0.049157095518133916
56,2.8000000000000003,1,-4.9985784989817175,-0.5037513146350167,0.7063889095457767,0.030976772482890255
56,2.8000000000000003,2,-3.584428357323213,-0.41824561721486764,0.8426634053946416,-0.009634334947375282
56,2.8000000000000003,3,-3.3641797905130044,0.3625658011235711,0.8707026150383808,0.031280287555690005
56,2.8000000000000003,4,-4.885434565061491,0.5467475752496105,0.6629477718204984,-0.032659816777827366
56,2.8000000000000003,5,-3.944537142211586,1.0833662918427283,0.7114248204785631,-0.07242587125622497
57,2.85,0,-3.8884107797205574,-1.1191507824681184,0.6909530583875241,0.047859078011956276
57,2.85,1,-4.963259053504428,-0.5022024760108721,0.7104785972461971,0.029184149572026055
57,2.85,2,-3.542295187053481,-0.4187273339622364,0.8416402682776346,-0.009660501394696881
57,2.85,3,-3.3206446597610855,0.3641298155013556,0.8674693303010961,0.029840373163813803
57,2.85,4,-4.852287176470466,0.5451145844107191,0.6687639589187139,-0.031122693103099078
57,2.85,5,-3.908965901187658,1.079744998279917,0.71011908483723,-0.07014369362251707
58,2.9000000000000004,0,-3.853863126801181,-1.1167578285675206,0.6896202783815264,0.04664068032594108
58,2.9000000000000004,1,-4.927735123642118,-0.5007432685322708,0.7142449059007541,0.027515252946641713
58,2.9000000000000004,2,-3.500213173639599,-0.41921035903197124,0.84067566720473,-0.009795827290686409
58,2.9000000000000004,3,-3.2772711932460306,0.3656218341595463,0.8633498644241964,0.027017854842622268
58,2.9000000000000004,4,-4.818848978524531,0.5435584497555642,0.6741702488122875,-0.029668169382206615
58,2.9000000000000004,5,-3.8734599469457964,1.0762378135987911,0.7089856711841925,-0.06796086622290837
59,2.95,0,-3.8193821128821046,-1.1144257945512235,0.6884267383640703,0.04545082746237232
59,2.95,1,-4.89202287834708,-0.4993675058849387,0.7176936906165463,0.025938775271212168
59,2.95,2,-3.4581793902793625,-0.41970015039650554,0.8397649015352759,-0.010063710421269747
59,2.95,3,-3.234103700024821,0.3669727269016774,0.8584848251183779,0.022934992203803312
59,2.95,4,-4.7851404660839165,0.5420750412864539,0.6791847970598315,-0.028288655362989055
59,2.95,5,-3.8380106633865867,1.0728397702876458,0.7080394130390344,-0.06586115305701915
60,3.0,0,-3.784960775963901,-1.1121532531781049,0.6873541363261187,0.04424777671141917
60,3.0,1,-4.856138193816253,-0.4980705671213781,0.7208335262820704,0.024429053854352425
60,3.0,2,-3.416191145202599,-0.42020333591756903,0.838902277928022,-0.01048317183672844
60,3.0,3,-3.191179458768902,0.3681194765118676,0.8530091477422781,0.01769881589458816
60,3.0,4,-4.7511812262309245,0.5406606085183044,0.6838273424241755,-0.026980247972687988
60,3.0,5,-3.802608692734635,1.0695467126347948,0.7072911132644313,-0.06383242132379888
61,3.0500000000000003,0,-3.750593069147595,-1.109940864342534,0.6863843936589311,0.04299769584484766
61,3.0500000000000003,1,-4.82009651750215,-0.4968491144286605,0.7236749732012158,0.022965178169739735
61,3.0500000000000003,2,-3.374246031306198,-0.42072749450940544,0.8376753290936233,-0.010745797943948483
61,3.0500000000000003,3,-3.148529001381788,0.369004417306597,0.8470511419055639,0.011401985329636434
61,3.0500000000000003,4,-4.716989859109716,0.5393115961196701,0.6881187681805593,-0.02574172898594863
61,3.0500000000000003,5,-3.7672441370714136,1.0663550915686049,0.7067480153381481,-0.06186632716994966
62,3.1,0,-3.7162738494646486,-1.1077909795502916,0.685802358854493,0.041699412902142526
62,3.1,1,-4.7839127688420895,-0.4957008555201735,0.7262232173022793,0.02152875632018651
62,3.1,2,-3.3323622648515165,-0.42126478440660287,0.8356905741636826,-0.009982844958036129
62,3.1,3,-3.10617644428651,0.3695745165730788,0.8407349021630287,0.004125737039976697
62,3.1,4,-4.682583920700687,0.5380245096703726,0.6920726370390242,-0.024564793074016628
62,3.1,5,-3.731906736304506,1.0632617752101075,0.706412890285088,-0.05994597647699031
63,3.1500000000000004,0,-3.6819837315219237,-1.1057060089051844,0.6857922058487119,0.04136540695390332
63,3.1500000000000004,1,-4.747601607976976,-0.4946244177041642,0.7284823333206255,0.02009778432028512
63,3.1500000000000004,2,-3.2905777361433324,-0.4217639266545047,0.8330210904513475,-0.008162290255635554
63,3.1500000000000004,3,-3.0641396991783583,0.3697808034250777,0.8341803773197813,-0.004046950375115545
63,3.1500000000000004,4,-4.6479802888487365,0.5367962700166719,0.6956931778263148,-0.023431340090422508
63,3.1500000000000004,5,-3.6965860917902518,1.0602644763862579,0.7064398434609923,-0.05799506520467948
64,3.2,0,-3.647694121229488,-1.1036377385574894,0.6861396757935907,0.04169504955926851
64,3.2,1,-4.711177491310945,-0.49361952848814994,0.7304532028593491,0.01865534081735988
64,3.2,2,-3.248926681620765,-0.42217204116728646,0.8297617202943143,-0.0053337730171962965
64,3.2,3,-3.022430680312369,0.36957845590632193,0.8274974360312007,-0.013024654167768058
64,3.2,4,-4.613195629957421,0.5356247030121507,0.6989843224591807,-0.022302929191766657
64,3.2,5,-3.661264099617202,1.057364723126024,0.7069246205497237,-0.05675820897867169
65,3.25,0,-3.6133871374398088,-1.101552986079526,0.6867757937858893,0.04273430292146684
65,3.25,1,-4.674654831167977,-0.49268676144728196,0.7321359053883281,0.017177817131664795
65,3.25,2,-3.2074385956060496,-0.4224387298181463,0.8260033286406644,-0.001558653986473645
65,3.25,3,-2.981055808510809,0.36892722319793353,0.8207844757036349,-0.022735433657909764
65,3.25,4,-4.578246413834462,0.5345095565525624,0.7019466774048801,-0.021146247645388264
65,3.25,5,-3.625917868589716,1.0545268126770904,0.707656783870059,-0.05619239186291825
66,3.3000000000000003,0,-3.5790483477505144,-1.0994162709334525,0.6875989382887271,0.04443171671994235
66,3.3000000000000003,1,-4.638048035898561,-0.4918278705906987,0.7335307460213885,0.015645597020167025
66,3.3000000000000003,2,-3.1661384291740164,-0.42251666251746994,0.8218314418761984,0.0031162733962572637
66,3.3000000000000003,3,-2.9400165847256274,0.36779045151503803,0.81412340293561,-0.03310963493556685
66,3.3000000000000003,4,-4.543149079964218,0.533452244170293,0.7045814385659548,-0.019934814825634233
66,3.3000000000000003,5,-3.590535029396213,1.0517171930839444,0.7085538186406396,-0.056335759348320975
67,3.35,0,-3.544668400836078,-1.0971946850974554,0.688508264946604,0.04675795799368351
67,3.35,1,-4.601371498597492,-0.49104559073969034,0.7346387716066562,0.014042449712011962
67,3.35,2,-3.1250468570802066,-0.42236084884765707,0.8173249921723896,0.008651866196565527
67,3.35,3,-2.899310414578847,0.3661349697682597,0.8075802542437875,-0.04408214378605218
67,3.35,4,-4.50792000803592,0.5324555034290113,0.7068907451480765,-0.018647208582042496
67,3.35,5,-3.555107338464181,1.0489004051165283,0.7095172126691057,-0.05717223916569616
68,3.4000000000000004,0,-3.5102429875887475,-1.0948567871977712,0.6894087584399683,0.04970370425486162
68,3.4000000000000004,1,-4.5646395600171585,-0.49034346825408975,0.7354614078276526,0.012355776098729794
68,3.4000000000000004,2,-3.084180607471587,-0.4219282555378288,0.812555688677173,0.015015179448251481
68,3.4000000000000004,3,-2.858931401866658,0.3639308625789571,0.8012062609225841,-0.055589867071406916
68,3.4000000000000004,4,-4.472575470778516,0.5315231429999091,0.7088773883786701,-0.01726627183391525
68,3.4000000000000004,5,-3.519631477830726,1.0460417931582435,0.7104524530149314,-0.05869899647908088
69,3.45,0,-3.475772549666749,-1.0923716019850283,0.690214633246931,0.053274658861290895
69,3.45,1,-4.527866489625776,-0.48972567944915324,0.7359999419265056,0.010575661756857084
69,3.45,2,-3.0435528230377287,-0.42117749656541625,0.8075878221359214,0.022176362733602503
69,3.45,3,-2.818871088820529,0.36115136922538676,0.7950399842050777,-0.06757009438782517
69,3.45,4,-4.4371316013595825,0.5306598294082133,0.710544137413279,-0.015777903999272203
69,3.45,5,-3.4841088551799793,1.0431068433342894,0.7112734622000213,-0.06092355922821009
70,3.5,0,-3.4412618180044023,-1.0897078690419637,0.6908512329096143,0.05748655760754734
70,3.5,1,-4.491066492529451,-0.48919689636131036,0.7362552235459088,0.008694128114198209
70,3.5,2,-3.0031734319309327,-0.42006867842873613,0.8024782994605152,0.030105920808585502
70,3.5,3,-2.779119089610275,0.3577728645059955,0.7891097164551739,-0.07995936081982341
70,3.5,4,-4.401604394488919,0.5298709342082497,0.7118933216854846,-0.01417011404606219
70,3.5,5,-3.4485451820699784,1.0400606653728788,0.7119051533748402,-0.06386054701229307
71,3.5500000000000003,0,-3.4067192563589215,-1.0868335411615864,0.6912557791597707,0.062360634577139445
71,3.5500000000000003,1,-4.454253731352155,-0.48876218995560045,0.7362275388639885,0.006704562512559406
71,3.5500000000000003,2,-2.963049516957907,-0.41856338238830687,0.7972769103903349,0.038772448369091994
71,3.5500000000000003,3,-2.739663603787516,0.3537748964650043,0.7829716030392057,-0.09295270541263764
71,3.5500000000000003,4,-4.366009728404644,0.5291624285059466,0.7129266194346271,-0.012432316973027092
71,3.5500000000000003,5,-3.4129499244012362,1.0368676380222641,0.7122845279470499,-0.06752847678253367
72,3.6,0,-3.372156467400933,-1.0837155094327293,0.6913752673492269,0.06791200548795996
72,3.6,1,-4.417442354408956,-0.4884269618299725,0.7359087774522605,0.004594641630411879
72,3.6,2,-2.9231856714383904,-0.41662475996985227,0.7920290321531748,0.048134587441127176
72,3.6,3,-2.700515023635556,0.34912726119437243,0.7764080445776562,-0.1064116857862545
72,3.6,4,-4.3303633974329125,0.5285408126572952,0.7136370936950367,-0.010553723732087439
72,3.6,5,-3.3773356980038836,1.0334912141831374,0.7123628680293822,-0.07194022601469346
73,3.6500000000000004,0,-3.3375877040334716,-1.0803199091583313,0.6911682641134286,0.0741562450426027
73,3.6500000000000004,1,-4.380646915536343,-0.48819722974845187,0.7352879592606945,0.002351927124574103
73,3.6500000000000004,2,-2.8835842198307318,-0.4142180305977959,0.7867754761908946,0.05814679229962379
73,3.6500000000000004,3,-2.661694621406673,0.3438066769050597,0.769495275231091,-0.12020333191884199
73,3.6500000000000004,4,-4.294681542748161,0.5280131264706909,0.7140134974958574,-0.008523801961225473
73,3.6500000000000004,5,-3.3417175546024143,1.0298942028824027,0.7121014739468046,-0.07710633665217964
74,3.7,0,-3.3030292908278,-1.0766120969062012,0.6906045681444494,0.08110851471109509
74,3.7,1,-4.3438825175733085,-0.48807963339222316,0.7343555057654503,-3.3627903492971656e-05
74,3.7,2,-2.844245446021187,-0.4113106909828147,0.7815510562960347,0.06876051256473968
74,3.7,3,-2.6232198576451187,0.3377965103091176,0.762292987015637,-0.13419567067893834
74,3.7,4,-4.258980867873368,0.5275869363726297,0.7140459372498894,-0.006332905580411018
74,3.7,5,-3.306112480905074,1.0260388860497938,0.7114714148081804,-0.08303786619289741
75,3.75,0,-3.2684990624205774,-1.0725566711706465,0.6896641479945906,0.08878037921670652
75,3.75,1,-4.307164742285036,-0.4880813147873978,0.7331030263855285,-0.0025702308688757267
75,3.75,2,-2.8051678932063853,-0.4078726653545777,0.7763856172711209,0.07992296529713015
75,3.75,3,-2.585105208294337,0.3310867267751707,0.75484360703218,-0.14825766687247152
75,3.75,4,-4.223278571010874,0.5272702910936091,0.7137255512991085,-0.0039718734567334695
75,3.75,5,-3.270538910164665,1.0218869927401488,0.7104528778543066,-0.0897433738896259
76,3.8000000000000003,0,-3.2340158550208478,-1.068117652209811,0.6883360917674037,0.09717740411236318
76,3.8000000000000003,1,-4.2705095909657595,-0.4882098263308416,0.7315231874768364,-0.0052646869735824345
76,3.8000000000000003,2,-2.766348612342829,-0.4038765170897212,0.7713050539408859,0.091576453346529
76,3.8000000000000003,3,-2.547363027942728,0.32367384343154715,0.7471761613728087,-0.16226063742034405
76,3.8000000000000003,4,-4.187592293445919,0.5270716974207724,0.7130442714041052,-0.00143178211988214
76,3.8000000000000003,5,-3.2350162662719497,1.0173998240456674,0.7090344316718757,-0.09722651369879064
77,3.85,0,-3.1995990504324774,-1.0632587820041928,0.6866176556643714,0.10629743265700513
77,3.85,1,-4.233933431591918,-0.48847306067952073,0.7296097039864404,-0.008122717348578053
77,3.85,2,-2.7277833596457848,-0.39929769442239477,0.7661640008727593,0.1038305884566318
77,3.85,3,-2.5100042198740877,0.31556081156052995,0.7393097592879683,-0.1760798280731621
77,3.85,4,-4.151940079875714,0.5270001083147783,0.7119947340466164,0.001296173729152931
77,3.85,5,-3.199564544688356,1.012538498360728,0.7072123154503809,-0.10548423433301445
78,3.9000000000000004,0,-3.1652681676492587,-1.0579439103713426,0.6845151920461265,0.11612800297173945
78,3.9000000000000004,1,-4.1974529463925965,-0.4888791965469496,0.7273546856096758,-0.011149819565438732
78,3.9000000000000004,2,-2.689475159602147,-0.3941061649995632,0.7605482269438347,0.1167346698288189
78,3.9000000000000004,3,-2.473038731909689,0.30675682015687183,0.73125741053596,-0.18959576864482872
78,3.9000000000000004,4,-4.116340343173383,0.5270649170012359,0.7105666968276314,0.0042246013643410015
78,3.9000000000000004,5,-3.164203928915837,1.0072642866440773,0.7049894435531414,-0.11450265500483305
79,3.95,0,-3.1310424080469526,-1.0521375102227557,0.6820433059321717,0.12664345656189105
79,3.95,1,-4.161085212112113,-0.48943668752522157,0.7247442217085274,-0.014351859675997633
79,3.95,2,-2.651447748254955,-0.38826943150812226,0.7544659027234352,0.13014369115215382
79,3.95,3,-2.436475861382891,0.2972770317246304,0.7230286136903744,-0.20269689723681694
79,3.95,4,-4.080812008332002,0.527276147069453,0.7087441185377708,0.007372365607860958
79,3.95,5,-3.1289544567381795,1.0015391538938356,0.7023751315939347,-0.1242568834623058
80,4.0,0,-3.096940242750344,-1.0458053373946612,0.6792211608306382,0.1378099810292457
80,4.0,1,-4.124848001026686,-0.49015428050902143,0.7217661234258038,-0.01773392762604676
80,4.0,2,-2.6137244531187833,-0.3817622469505146,0.7479751350132343,0.1439160957915304
80,4.0,3,-2.4003244306983724,0.28714218686278953,0.7146289315312433,-0.21528041618205213
80,4.0,4,-4.045374802405113,0.5276447653498461,0.7065127627018714,0.010756584843722347
80,4.0,5,-3.0938357001584826,0.9953263097207203,0.6993850504541814,-0.13471530156160755
81,4.05,0,-3.062979184708812,-1.038914838343199,0.6760722792392427,0.14958584298557476
81,4.05,1,-4.088759694855396,-0.4910409768903238,0.7184110014767829,-0.02130045764545012
81,4.05,2,-2.5763256963681216,-0.37456644216093804,0.7411216335682712,0.15790226830090634
81,4.05,3,-2.3645929841218103,0.2763781660536869,0.706061092303545,-0.22725309153514778
81,4.05,4,-4.010049164270019,0.5281825945920322,0.7038609782309591,0.014392141223209037
81,4.05,5,-3.0588664476357734,0.98859054464264,0.6960407266034031,-0.1458388143766005
82,4.1000000000000005,0,-3.02917557074685,-1.0314355461939202,0.672624455344063,0.16192123901955344
82,4.1000000000000005,1,-4.052839144781557,-0.4921059997725963,0.714672254835873,-0.025055405267168318
82,4.1000000000000005,2,-2.539269614689708,-0.3666713287458927,0.7339404673079509,0.17194971075675708
82,4.1000000000000005,3,-2.329289929506633,0.26501551147692953,0.6973257994850228,-0.23853198045814863
82,4.1000000000000005,4,-3.974856115358471,0.5289022016531927,0.7007798137561772,0.018291874702728778
82,4.1000000000000005,5,-3.0240644113056034,0.98129860392381,0.6923691058700655,-0.15758041745375823
83,4.15,0,-2.995544347979647,-1.0233394842429426,0.6689095985642375,0.17475860172831026
83,4.15,1,-4.017105532039763,-0.4933587700359547,0.7105461493626102,-0.029002362822428705
83,4.15,2,-2.5025725913243106,-0.35807384320805485,0.7264577131591328,0.18590794049385137
83,4.15,3,-2.294423639532382,0.2530889124540221,0.6884222009299581,-0.24904481404670933
83,4.15,4,-3.9398171246706624,0.5298167953883292,0.6972632211380859,0.02246674190079229
83,4.15,5,-2.9894459560121,0.9734195830511221,0.6884021092166519,-0.16988518520177365
84,4.2,0,-2.9620988680514353,-1.0146015541565272,0.6649634789772086,0.18803328622684462
84,4.2,1,-3.9815782245716327,-0.49480888817707613,0.7060319713810883,-0.033144616812227634
84,4.2,2,-2.466249705666354,-0.3487784461833623,0.7186918362380184,0.1996328268358396
84,4.2,3,-2.260002529485884,0.24063667175168663,0.6793481548640428,-0.2587300749829637
84,4.2,4,-3.904953963613758,0.5309401324833688,0.6933083374036751,0.0269259439612538
84,4.2,5,-2.9550258505512677,0.9649253237910334,0.6841761504059748,-0.182690648910857
85,4.25,0,-2.9288506941025747,-1.005199889845185,0.6608253546787914,0.20167456626566138
85,4.25,1,-3.9462766260025783,-0.4964661190176875,0.7011322406664039,-0.03748514870007433
85,4.25,2,-2.430315113854453,-0.3387968048415703,0.71065472480299,0.21299017408139903
85,4.25,3,-2.226035121742682,0.22770016800253845,0.670100412284938,-0.2675368317652717
85,4.25,4,-3.8702885467435744,0.5322864296814315,0.6889158346572901,0.03167702136305773
85,4.25,5,-2.920817043030969,0.9557907913454905,0.6797315900333596,-0.19592752605193212
86,4.3,0,-2.895809426368635,-0.995116161531902,0.6565374721050519,0.21560687014007485
86,4.3,1,-3.9112200139692583,-0.4983403764526912,0.6958529672256639,-0.042026579474714595
86,4.3,2,-2.3947823776143036,-0.3281472961375004,0.7023523703819823,0.22585845519599898
86,4.3,3,-2.192530101128435,0.21432332641427487,0.7768580323419516,-0.08905081633614327
86,4.3,4,-3.83584275501071,0.5338702807495843,0.6840903272856056,0.03672590796021964
86,4.3,5,-2.886830463529301,0.9459944150428939,0.6751121084586935,-0.20952075284325714
87,4.3500000000000005,0,-2.8629825527633823,-0.9843358180248982,0.6525401918075958,0.23097547793434547
87,4.3500000000000005,1,-3.876427365607975,-0.500441705426427,0.6932640393748247,-0.044163163015537986
87,4.3500000000000005,2,-2.3596647590952045,-0.31685437337770045,0.6936615709601982,0.23886170039747245
87,4.3500000000000005,3,-2.1536871995113374,0.20987078559746772,0.7735833788857265,-0.09832863014051177
87,4.3500000000000005,4,-3.80163823864643,0.5357065761475953,0.6804021380447594,0.04184801992234102
87,4.3500000000000005,5,-2.8530748581063663,0.9355183774007311,0.6697208029135969,-0.22384315233943097
88,4.4,0,-2.8303555431730025,-0.972787044128181,0.6484601551978846,0.2462389764157301
88,4.4,1,-3.8417641636392337,-0.5026498635772039,0.6902834272960141,-0.04669251402014179
88,4.4,2,-2.3249816805471943,-0.3049112883578268,0.6847249281850782,0.25102542944185985
88,4.4,3,-2.115008030567051,0.20495435409044213,0.770799978582314,-0.10690610714388116
88,4.4,4,-3.7676181317441917,0.5377989771437124,0.6762919205968962,0.0473720956622069
88,4.4,5,-2.8195888179606863,0.9243262197837595,0.6643613313403595,-0.2382750089076453
89,4.45,0,-2.7979325354131084,-0.9604750953073945,0.6443495532926927,0.26135349830601284
89,4.45,1,-3.807249992274433,-0.5049844892782109,0.6869475171144218,-0.04959764859673562
89,4.45,2,-2.2907454341379405,-0.2923600168857338,0.6755300415812587,0.26230501426715025
89,4.45,3,-2.0764680316379356,0.19960904873324808,0.768555150059157,-0.11487434777052785
89,4.45,4,-3.733803535714347,0.5401675819268227,0.6717966093019211,0.053278863908737414
89,4.45,5,-2.7863707513936684,0.9124124693383773,0.659068659453373,-0.252750855015604
90,4.5,0,-2.7657150577484737,-0.9474074203920939,0.6402597685701812,0.27627033023078346
90,4.5,1,-3.772902616418712,-0.5074643717080477,0.6832943485571813,-0.05286365152349834
90,4.5,2,-2.2569689320588777,-0.2792447661723763,0.6660604378622902,0.2726664110525719
90,4.5,3,-2.038040274134978,0.1938653313447217,0.7668909652698918,-0.12234353776523278
90,4.5,4,-3.700213705249251,0.5428315251222595,0.6669588633955648,0.05954959004160036
90,4.5,5,-2.7534173184209996,0.8997749265875971,0.6538796650425684,-0.26720216905704075
91,4.55,0,-2.7337020693199645,-0.9335939038805547,0.6362405451449261,0.29093833629621285
91,4.55,1,-3.738737898990853,-0.5101075542842226,0.6793639782406613,-0.05647719522509204
91,4.55,2,-2.223665910165763,-0.2656114456197477,0.6562958107082816,0.2820860067321723
91,4.55,3,-1.9996957258714834,0.18774815445646006,0.7658420866100433,-0.12944430272251042
91,4.55,4,-3.666865762079473,0.5458090046243396,0.661827704379968,0.06616513121119322
91,4.55,5,-2.7207233351688713,0.886414818134745,0.6488320403828193,-0.2815594747468671
92,4.6000000000000005,0,-2.7018900420627183,-0.9190469870657441,0.632339189623671,0.30530603547585206
92,4.6000000000000005,1,-3.7047697000788196,-0.5129314140454773,0.6751986961010606,-0.06042611684828474
92,4.6000000000000005,2,-2.190851119630349,-0.2515071452831391,0.6993082552989345,0.0871895587039547
92,4.6000000000000005,3,-1.9614036215409811,0.18127593932033453,0.7654325933852176,-0.13632918843248945
92,4.6000000000000005,4,-3.6337743768604747,0.5491172611848992,0.6564589849307039,0.07310493414526319
92,4.6000000000000005,5,-2.68828173314973,0.8723368443974017,0.643963242157128,-0.2957541803570478
93,4.65,0,-2.670273082581535,-0.9037816852919515,0.6279538546813581,0.3194863628100525
93,4.65,1,-3.6710097652737663,-0.5159527198878915,0.671147333761965,-0.06434294218093677
93,4.65,2,-2.1558857068654023,-0.24714766734794139,0.6911136796743466,0.0980155534313326
93,4.65,3,-1.9231319918717202,0.17445947989871005,0.7626157474621338,-0.1425195657048285
93,4.65,4,-3.6009514276139396,0.5527725078921624,0.6536690269561803,0.07790976699925761
93,4.65,5,-2.656083571041874,0.8575491353795492,0.6395084449907261,-0.3105095932228334
94,4.7,0,-2.638875389847467,-0.8878073671514488,0.623847661932006,0.3332482284400542
94,4.7,1,-3.637452398585668,-0.5191698669969383,0.6668212410626763,-0.06870290669289629
94,4.7,2,-2.121330022881685,-0.24224688967637475,0.6825820552221197,0.10816889281888374
94,4.7,3,-1.8850012044986135,0.16733350161346863,0.7603665424750421,-0.14805551474251305
94,4.7,4,-3.5682679762661307,0.5566679962421253,0.6505837740009417,0.08324897997599019
94,4.7,5,-2.6241081487923377,0.8420236557184075,0.6353037106263192,-0.3247976299069592
95,4.75,0,-2.6076830067508667,-0.8711449557294461,0.6200477831847182,0.346552971377418
95,4.75,1,-3.6041113365325343,-0.5226050123315832,0.6622805555825906,-0.07347442528400162
95,4.75,2,-2.087200920120579,-0.23683844503543056,0.6736912730592584,0.11775828462169977
95,4.75,3,-1.8469828773748613,0.159930725876343,0.7586917348078495,-0.1530482292276851
95,4.75,4,-3.5357387875660837,0.5608304452409247,0.6472765009484738,0.08908274762996585
95,4.75,5,-2.5923429632610215,0.8257837742230596,0.6313797561667687,-0.338587148689431
96,4.800000000000001,0,-2.576680617591631,-0.8538173071605751,0.6165778897392377,0.3593658600027152
96,4.800000000000001,1,-3.570997308753405,-0.5262787335957833,0.6575887769975672,-0.07862623926558522
96,4.800000000000001,2,-2.053516356467616,-0.23095053080434558,0.6644145408791173,0.12690601324002398
96,4.800000000000001,3,-1.809048290634469,0.15227831441495873,0.7575912923101268,-0.15761920819791944
96,4.800000000000001,4,-3.50337496251866,0.565284582622423,0.6438232898102095,0.09536883915775117
96,4.800000000000001,5,-2.5607739754526833,0.808854416788588,0.6277634910573102,-0.35184860566718285
97,4.8500000000000005,0,-2.545851723104669,-0.8358490141604393,0.6134578462487585,0.37165656416888176
97,4.8500000000000005,1,-3.5381178699035263,-0.5302100455590625,0.6528128173019719,-0.08412639120225619
97,4.8500000000000005,2,-2.0202956294236603,-0.22460523014234438,0.6547221054886048,0.13574908836336283
97,4.8500000000000005,3,-1.7711687260189626,0.14439735400506276,0.7570568667741107,-0.1618999750772674
97,4.8500000000000005,4,-3.4711837980281492,0.5700530245803106,0.6408139160779568,0.10147444556838252
97,4.8500000000000005,5,-2.5293858008998176,0.7912619865052289,0.6244776618127829,-0.3645550642717601
98,4.9,0,-2.515178830792231,-0.8172661859519953,0.6107053135405813,0.3833966825202605
98,4.9,1,-3.5054772290384277,-0.5344163651191753,0.6480164978809397,-0.08995690334079001
98,4.9,2,-1.98755952414923,-0.21781777572417624,0.6445936224660137,0.1444318877596497
98,4.9,3,-1.733315882680257,0.13630235525119938,0.7570756787604398,-0.1660342883071433
98,4.9,4,-3.4391431022242513,0.5751267468587298,0.6389029151055865,0.10592759337077094
98,4.9,5,-2.4981619178091785,0.7730342332916409,0.6215416998085546,-0.3766808491369267
99,4.95,0,-2.484643565115202,-0.7980963518259823,0.6083369734074582,0.3945580803191861
99,4.95,1,-3.473076404144381,-0.5389142102862149,0.6432583165463468,-0.09613612158585688
99,4.95,2,-1.9553298430259294,-0.21059618133619376,0.6340287723641269,0.15310157738680627
99,4.95,3,-1.695462098742235,0.12800064083584223,0.7576293820275015,-0.17018005854214144
99,4.95,4,-3.407197956468972,0.5804231265272684,0.6379635024999498,0.10861233642884884
99,4.95,5,-2.4670848328187507,0.7542001908347946,0.6189716523290055,-0.3882008562188777
100,5.0,0,-2.454226716444829,-0.778368447810023,0.6063647594984404,0.4051190638191294
100,5.0,1,-3.4409134883170633,-0.5437210163655077,0.6396250232956981,-0.10133285760129611
100,5.0,2,-1.923628404407723,-0.20294110246685346,0.6230349729327972,0.16192397320152224
100,5.0,3,-1.65758062964086,0.11949163790873515,0.758679632161027,-0.1745033168835993
100,5.0,4,-3.3752997813439745,0.5858537433487108,0.6378822338000351,0.10958045590048712
100,5.0,5,-2.4361362502023005,0.7347901480238508,0.6167791770409202,-0.3990951605594578
101,5.050000000000001,0,-2.423908478469907,-0.7581124946190665,0.604797831135161,0.4150606425036318
101,5.050000000000001,1,-3.4089322371522783,-0.5487876592455725,0.6371723365335631,-0.10483472265052929
101,5.050000000000001,2,-1.892476655761083,-0.19484490380677735,0.6116525899529294,0.1710854934667819
101,5.050000000000001,3,-1.6196466480328087,0.11076647206455519,0.7601780937386126,-0.17916121968154938
101,5.050000000000001,4,-3.343405669653973,0.5913327661437351,0.638516550991434,0.1089232892369555
101,5.050000000000001,5,-2.4052972913502546,0.7148353899958779,0.6149755826530081,-0.40934393877162245
102,5.1000000000000005,0,-2.393668586913149,-0.7373594624938848,0.6036411549662839,0.424368931243213
102,5.1000000000000005,1,-3.3770736203256,-0.5540293953780989,0.6358092100314641,-0.10672433978249322
102,5.1000000000000005,2,-1.8618940262634365,-0.18629062913343825,0.5999473375195746,0.18078608243567293
102,5.1000000000000005,3,-1.581637743345878,0.10180841108047772,0.7620494177584971,-0.18430837481146356
102,5.1000000000000005,4,-3.311479842104401,0.5967789306055828,0.6397173185141705,0.10674044230996554
102,5.1000000000000005,5,-2.374548512217604,0.6943681930572968,0.6135688115695631,-0.41893194381710924
103,5.15,0,-2.363486529164835,-0.7161410159317242,0.6028825747756402,0.43309943049405353
103,5.15,1,-3.3452831598240267,-0.5593656123672236,0.6354151095798629,-0.10709173328656837
103,5.15,2,-1.8318966593874577,-0.1772513250116546,0.5880157752084232,0.19122979322587363
103,5.15,3,-1.543535272457953,0.09259299233990455,0.7641836686534939,-0.19009496070923274
103,5.15,4,-3.2794939761786925,0.6021159527210811,0.6413381699532374,0.10311421221650548
103,5.15,5,-2.343870071639126,0.6734215958664413,0.6121581916038489,-0.4281628574767847
104,5.2,0,-2.3333424004260532,-0.6944860444070216,0.5695928399862543,0.049013962061894935
104,5.2,1,-3.3135124043450337,-0.564720199031552,0.6358434809562863,-0.10602717211504722
104,5.2,2,-1.8024958706270366,-0.16768983535036092,0.5760018263553925,0.2026121244208882
104,5.2,3,-1.5053260890252782,0.08308824430444291,0.7664358511936945,-0.19665086676080623
104,5.2,4,-3.2474270676810306,0.6072716633319064,0.6432334354521011,0.09811687246024212
104,5.2,5,-2.3132621620589338,0.6520134529926022,0.6212642023094893,-0.061474093274784154
105,5.25,0,-2.3048627584267405,-0.6920353463039268,0.5680521646293185,0.07363882350482524
105,5.25,1,-3.2817202302972195,-0.5700215576373043,0.6418371067417701,-0.09106004280677903
105,5.25,2,-1.773695779309267,-0.1575592291293165,0.5534465441280528,0.2200407471775102
105,5.25,3,-1.4670042964655934,0.07325570096640259,0.7631040348429963,-0.20785501702294373
105,5.25,4,-3.2152653959084256,0.6121775069549185,0.6490449941707979,0.07991668720225419
105,5.25,5,-2.2821989519434593,0.6489397483288629,0.617351834119439,-0.08540362575196964
106,5.300000000000001,0,-2.2764601501952746,-0.6883534051286856,0.5666707575799376,0.09538681738736171
106,5.300000000000001,1,-3.249628374960131,-0.5745745597776433,0.6464335517811742,-0.07742676104316254
106,5.300000000000001,2,-1.7460234521028644,-0.146557191770441,0.5312591443538432,0.2380292691380621
106,5.300000000000001,3,-1.4288490947234436,0.0628629501152554,0.7601518012670714,-0.21947701908489273
106,5.300000000000001,4,-3.182813146199886,0.6161733413150312,0.6532457281001334,0.06325123127055879
106,5.300000000000001,5,-2.2513313602374874,0.6446695670412644,0.6134574267561205,-0.10643498034781791
107,5.3500000000000005,0,-2.2481266123162778,-0.6835840642593175,0.5654825381106815,0.11451611338723998
107,5.3500000000000005,1,-3.217306697371072,-0.5784458978298014,0.6499017788803776,-0.0648142623349218
107,5.3500000000000005,2,-1.7194604948851722,-0.1346557283135379,0.5097932510994851,0.256691476456185
107,5.3500000000000005,3,-1.39084150466009,0.05188909916101077,0.7571655048484116,-0.23165883347934357
107,5.3500000000000005,4,-3.1501508597948793,0.6193359028785591,0.6561389756195941,0.04770276778298788
107,5.3500000000000005,5,-2.2206584888996814,0.6393478180238735,0.6096063681865428,-0.12479072864292282
108,5.4,0,-2.2198524854107435,-0.6778582585899555,0.5645136610989826,0.13127793426503773
108,5.4,1,-3.1848116084270535,-0.5816866109465475,0.6524661221638619,-0.05293254884179143
108,5.4,2,-1.6939708323301979,-0.12182115449072864,0.48952906688392384,0.27594023272956203
108,5.4,3,-1.3529832294176694,0.04030615748704359,0.7537096613761103,-0.24439630667704407
108,5.4,4,-3.1173439110138994,0.6217210412677086,0.6579652883861782,0.03291432417850757
108,5.4,5,-2.1901781704903542,0.6331082815917274,0.6058072043109313,-0.14069089222099831
109,5.45,0,-2.1916268023557945,-0.6712943618767037,0.5637823297733771,0.1459143669806599
109,5.45,1,-3.1521883023188604,-0.584333238388637,0.6543101730094983,-0.04152293043165888
109,5.45,2,-1.6694943789860017,-0.10802414285425053,0.4710380991399685,0.2954529041971406
109,5.45,3,-1.3152977463488638,0.028086342153191383,0.7493608798662847,-0.25750716609988705
109,5.45,4,-3.0844456465945904,0.623366757476634,0.658915662479338,0.01858929421792544
109,5.45,5,-2.1598878102748076,0.6260737369806775,0.6020535656749141,-0.15435191485982286
110,5.5,0,-2.163437685867126,-0.6639986435276707,0.5632976298795087,0.15865800366637497
110,5.5,1,-3.1194727936683853,-0.58640938491022,0.6555816336287139,-0.030361122470523645
110,5.5,2,-1.6459424740290034,-0.0932514976443935,0.45491170026766486,0.31467480524629793
110,5.5,3,-1.2778297023555496,0.01521098384819703,0.7437499952109288,-0.27061729024787645
110,5.5,4,-3.0514998634706236,0.6242962221875302,0.6591429653268461,0.004488078793630534
110,5.5,5,-2.1297851319910617,0.6183561412376863,0.5983255580258018,-0.1659882734023689
111,5.550000000000001,0,-2.1352728043731504,-0.656065743344352,0.5630582497548345,0.16973115896058302
111,5.550000000000001,1,-3.0866937119869498,-0.5879274410337462,0.6563969405870471,-0.01925759287341207
111,5.550000000000001,2,-1.62319688901562,-0.0775177573820786,0.44166370264492993,0.33287525447892397
111,5.550000000000001,3,-1.2406422025950032,0.0016801193358032072,0.7366044356474153,-0.2831760165039305
111,5.550000000000001,4,-3.018542715204281,0.6245206261272117,0.6587710862076723,-0.009576178212380972
111,5.550000000000001,5,-2.0998688540897716,0.6100567275675679,0.5945910344860131,-0.17581464313736841
112,5.6000000000000005,0,-2.1071198918854086,-0.6475791853963229,0.5630521398904033,0.1793431265970717
112,5.6000000000000005,1,-3.0538738649575974,-0.5888903206774168,0.6568452891742258,-0.008056725806481327
112,5.6000000000000005,2,-1.6011137038833736,-0.060873994658132397,0.43163308201583434,0.34925365767649946
112,5.6000000000000005,3,-1.2038119808126324,-0.012478681489393318,0.714391558253704,0.3628258913292995
112,5.6000000000000005,4,-2.9856041608938977,0.6240418172165927,0.6579017809351593,-0.023741789361105166
112,5.6000000000000005,5,-2.070139302365471,0.6012659954106995,0.5908071183256781,-0.18404690565436943
113,5.65,0,-2.0789672848908882,-0.6386120290664693,0.5701599898710304,0.18681511921062927
113,5.65,1,-3.021031600498886,-0.5892931569677409,0.6585434651358152,0.006025099319089348
113,5.65,2,-1.5795320497825818,-0.04341131177430742,0.43161274858506826,0.33006875119160706
113,5.65,3,-1.1680924028999473,0.005662613077071657,0.7311436458436942,-0.32109907826570866
113,5.65,4,-2.95270907184714,0.6228547277485375,0.6549120067558349,-0.035816113629190634
113,5.65,5,-2.040598946449187,0.592063650127981,0.5797921717848865,-0.19208213992089707
114,5.7,0,-2.050459285397337,-0.6292712731059379,0.569738463761693,0.19406951901153055
114,5.7,1,-2.9881044272420954,-0.5889919020017864,0.6582790211800433,0.017383782833697566
114,5.7,2,-1.5579514123533285,-0.026907874214727064,0.42580044775839826,0.3442739805204324
114,5.7,3,-1.1315352206077627,-0.010392340836213777,0.7214320276664239,-0.3267485527589687
114,5.7,4,-2.919963471509348,0.621063922067078,0.6537404649929157,-0.050790528685365925
114,5.7,5,-2.0116093378599427,0.5824595431319362,0.5765770182345284,-0.19771473056235167
115,5.75,0,-2.0219723622092522,-0.6195677971553614,0.5696099191472443,0.2002995039662514
115,5.75,1,-2.9551904761830934,-0.5881227128601015,0.6578159655072122,0.029162610730916753
115,5.75,2,-1.5366613899654085,-0.009694175188705443,0.42219958026359117,-0.3710917399606524
115,5.75,3,-1.0954636192244416,-0.02672976847416221,0.7276529893052763,0.3263322628222682
115,5.75,4,-2.887276448259702,0.6185243956328097,0.6522099368350492,-0.06595584237683526
115,5.75,5,-1.9827804869482162,0.5725738066038186,0.5731142716498656,-0.20234050075257937
116,5.800000000000001,0,-1.9934918662518901,-0.6095528219570487,0.5662178967271684,0.204095373818465
116,5.800000000000001,1,-2.922299677907733,-0.5866645823235557,0.6560824859238437,0.042661278562469554
116,5.800000000000001,2,-1.515551410952229,-0.028248762186738066,0.4490136331819736,0.34957201806637783
116,5.800000000000001,3,-1.0590809697591776,-0.0104131553330488,0.7209135237237847,-0.3245320970529423
116,5.800000000000001,4,-2.8546659514179495,0.615226603513968,0.6515933983864369,-0.08032648234105351
116,5.800000000000001,5,-1.954124773365723,0.5624567815661896,0.5732795232588735,-0.20771005244385676
117,5.8500000000000005,0,-1.9651809714155317,-0.5993480532661255,0.5665618791804481,0.2084419464657276
117,5.8500000000000005,1,-2.8894955536115408,-0.5845315183954322,0.6555722575091955,0.055334351160986665
117,5.8500000000000005,2,-1.4931007292931304,-0.010770161283419174,0.4460736575330842,0.35747705279037034
117,5.8500000000000005,3,-1.0230352935729885,-0.026639760185695915,0.7283871252278318,0.32387654774156194
117,5.8500000000000005,4,-2.8220862814986276,0.6112102793969153,0.6497746233553839,-0.09589694764642105
117,5.8500000000000005,5,-1.9254607972027793,0.5520712789439968,0.5697572464852773,-0.2105372842898805
118,5.9,0,-1.9368528774565092,-0.5889259559428391,0.5738331869194104,0.21024507869029702
118,5.9,1,-2.856716940736081,-0.5817648008373828,0.6560624438600106,0.0702892401150692
118,5.9,2,-1.4707970464164761,0.007103691356099343,0.465809339557727,-0.39914320223323346
118,5.9,3,-0.9866159373115969,-0.01044593279861782,0.7184980227933015,-0.3435412575076029
118,5.9,4,-2.7895975503308583,0.6064154320145942,0.6467553345072362,-0.11009023443910086
118,5.9,5,-1.8969729348785154,0.5415444147295028,0.5591925720309604,-0.21496716914899386
119,5.95,0,-1.9081612181105387,-0.5784137020083243,0.5632531926014226,0.21362300721564542
119,5.95,1,-2.8239138185430805,-0.5782503388316294,0.6529797464364965,0.0828911400175767
119,5.95,2,-1.4475065794385897,-0.012853468755562331,0.4700375707788048,0.36090951175086583
119,5.95,3,-0.9506910361719318,-0.027622995673997966,0.7324852294416203,0.31946072470842074
119,5.95,4,-2.7572597836054964,0.6009109202926392,0.6468643388062328,-0.12651269481653746
119,5.95,5,-1.8690133062769674,0.5307960562720531,0.5676737242653683,-0.21485048637254492
120,6.0,0,-1.8799985584804677,-0.567732551647542,0.5709355478730495,0.21350749614815684
120,6.0,1,-2.791264831221256,-0.5741057818307506,0.6531758965218978,0.09826412378248382
120,6.0,2,-1.4240047008996495,0.005192006831980962,0.4871478301345881,-0.4004695054824711
120,6.0,3,-0.9140667746998509,-0.01164995943857693,0.7241000813311074,-0.33141049123552724
120,6.0,4,-2.724916566665185,0.5945852855518122,0.643847346161445,-0.14108562880322462
120,6.0,5,-1.840629620063699,0.5200535319534259,0.5572912525805663,-0.21837882108363002
121,6.050000000000001,0,-1.8514517810868152,-0.5570571768401341,0.5606208679798732,0.21615579514687677
121,6.050000000000001,1,-2.758606036395161,-0.5691925756416264,0.6502389626085006,0.11172363954653487
121,6.050000000000001,2,-1.39964730939292,-0.014831468442142594,0.49439176375308286,0.36320110298996844
121,6.050000000000001,3,-0.8778617706332955,-0.02822048400035329,0.7390399407364276,0.3111279635175002
121,6.050000000000001,4,-2.6927241993571127,0.587531004111651,0.6435785669199175,-0.15729717890723063
121,6.050000000000001,5,-1.8127650574346705,0.5091345908992444,0.5661573534765485,-0.21639520350935948
122,6.1000000000000005,0,-1.8234207376878215,-0.5462493870827902,0.5687197883111658,0.21433716785854012
122,6.1000000000000005,1,-2.7260940882647358,-0.5636063936642997,0.6501574223963194,0.1272947263432898
122,6.1000000000000005,2,-1.374927721205266,0.003328586707355828,0.5091151126555584,-0.4004902147678685
122,6.1000000000000005,3,-0.8409097735964741,-0.01266408582447828,0.7321684101338577,-0.3162115598999282
122,6.1000000000000005,4,-2.660545271011117,0.5796661451662896,0.6406438963995542,-0.1719942147916249
122,6.1000000000000005,5,-1.7844571897608432,0.4983148307237764,0.5560817316890857,-0.2192744914086976
123,6.15,0,-1.7949847482722632,-0.5355325286898632,0.5587846885397703,0.21649207279828886
123,6.15,1,-2.6935862171449196,-0.5572416573471352,0.6473666541768885,0.14130594582570957
123,6.15,2,-1.349471965572488,-0.016695924031037597,0.5192993214938286,0.36414392331018103
123,6.15,3,-0.8043013530897812,-0.02847466381947469,0.7477314650316972,0.2988874132349249
123,6.15,4,-2.6285130761911395,0.5710664344267083,0.6401372807713573,-0.18779207175352222
123,6.15,5,-1.756653103176389,0.48735110615334154,0.5653618447060147,-0.21563705526081597
124,6.2,0,-1.7670455138452748,-0.5247079250499488,0.5673058087995745,0.21317895906237172
124,6.2,1,-2.661217884436075,-0.5501763600558497,0.6470682968984428,0.15682636927258967
124,6.2,2,-1.3235069994977966,0.0015112721344714558,0.5318558196240724,-0.39898225343850097
124,6.2,3,-0.7669147798381963,-0.013530293157728444,0.7423727110918501,-0.2978843775765377
124,6.2,4,-2.5965062121525717,0.5616768308390322,0.6373831890916064,-0.20234127172155156
124,6.2,5,-1.7283850109410883,0.47656925339030076,0.5557349378723324,-0.21809568687567588
125,6.25,0,-1.738680223405296,-0.5140489770968302,0.557885575871429,0.21505466501610687
125,6.25,1,-2.628864469591153,-0.5423350415922202,0.6444612213443199,0.17106628151472647
125,6.25,2,-1.296914208516593,-0.018437840537453593,0.5448313155904358,0.36352245529196436
125,6.25,3,-0.7297961442836038,-0.028424512036555327,0.7582346998607546,0.28274714196862505
125,6.25,4,-2.5646370526979916,0.5515597672529546,0.6367866714950292,-0.21751630132896183
125,6.25,5,-1.7005982640474717,0.465664469046517,0.5654496128099795,-0.21301188474432886
126,6.300000000000001,0,-1.7107859446117246,-0.5032962438460248,0.5668322688785988,0.2104489061142267
126,6.300000000000001,1,-2.5966414085239373,-0.5337817275164839,0.6440716504496351,0.18633187780266153
126,6.300000000000001,2,-1.2696726427370713,-0.00026171777285537504,0.5554265120683248,-0.39572604012914153
126,6.300000000000001,3,-0.691884409290566,-0.014287154938124075,0.7589355458272937,0.2474429849086022
126,6.300000000000001,4,-2.53279771912324,0.5406839521865066,0.6344200697722508,-0.23206272728327343
126,6.300000000000001,5,-1.6723257834069727,0.45501387480930056,0.556431137884378,-0.2152500616789526
127,6.3500000000000005,0,-1.6824443311677946,-0.49277379854031345,0.5627582188716986,0.20994029838993827
127,6.3500000000000005,1,-2.5644378260014555,-0.5244651336263508,0.6422346529156435,0.20180848970225018
127,6.3500000000000005,2,-1.241901317133655,-0.02004801977931245,0.5736662715170567,0.3460561151763425
127,6.3500000000000005,3,-0.6539376319992014,-0.0019150056926939638,0.7685346463568076,-0.26889550168150045
127,6.3500000000000005,4,-2.5010767156346274,0.5290808158223429,0.6333197076467766,-0.24653837822898597
127,6.3500000000000005,5,-1.6445042265127539,0.44425137172535295,0.5618875805777144,-0.2117934033703949
128,6.4,0,-1.6543064202242097,-0.48227678362081655,0.5671944360258655,0.20686733212413205
128,6.4,1,-2.5323260933556733,-0.5143747091412383,0.6412048383254629,0.21651143417166516
128,6.4,2,-1.2132180035578022,-0.002745214020495327,0.5793638120569765,-0.38971975774707635
128,6.4,3,-0.615510899681361,-0.015359780776768988,0.7719402614584633,0.227189133275023
128,6.4,4,-2.4694107302522887,0.5167538969108936,0.6311111045632867,-0.2615541736641222
128,6.4,5,-1.6164098474838682,0.4336617015568332,0.5586685776583438,-0.2107930614594001
129,6.45,0,-1.6259466984229165,-0.47193341701460995,0.5633968133626778,0.20645524715111757
129,6.45,1,-2.5002658514394,-0.5035491374326551,0.638990397197583,0.23191972727952412
129,6.45,2,-1.1842498129549535,-0.022231201907849146,0.6004461493921947,0.3445933030891001
129,6.45,3,-0.5769138866084378,-0.004000324113017838,0.7816409007476842,-0.24212724382235443
129,6.45,4,-2.4378551750241244,0.5036761882276874,0.6294330258115978,-0.2754235964687388
129,6.45,5,-1.588476418600951,0.4231220484838632,0.5651803624956241,-0.20611812791008244
130,6.5,0,-1.5977768577547826,-0.4616106546570541,0.568963508214432,0.202300089119943
130,6.5,1,-2.468316331579521,-0.4919531510686789,0.6373675096877272,0.24626768598763624
130,6.5,2,-1.1542275054853437,-0.00500153675339414,0.6040887874014849,-0.38184624574037573
130,6.5,3,-0.5378318415710536,-0.01610668630413556,0.785852121005148,0.20314176969319264
130,6.5,4,-2.4063835237335445,0.4899050084042505,0.6266418584520959,-0.2894713886645379
130,6.5,5,-1.5602174004761697,0.4128161420883591,0.5622134548236025,-0.20533821131929608
131,6.550000000000001,0,-1.569328682344061,-0.4514956502010569,0.5655627417131377,0.20220514774174886
131,6.550000000000001,1,-2.4364479560951344,-0.47963976676929704,0.6345503421041913,0.26090156852328233
131,6.550000000000001,2,-1.1240230661152695,-0.024093849040412927,0.6273578740817568,0.3405802301330403
131,6.550000000000001,3,-0.49853923552079615,-0.0059495978194759255,0.7955353718168828,-0.21235398445682482
131,6.550000000000001,4,-2.37505143081094,0.4754314389710236,0.624241296663616,-0.30218124572777594
131,6.550000000000001,5,-1.5321067277349896,0.4025492315223943,0.5697803694300613,-0.19954813118428016
132,6.6000000000000005,0,-1.5410505452584042,-0.4413853928139695,0.5722241695082779,0.19708233573031828
132,6.6000000000000005,1,-2.404720438989925,-0.46659468834313295,0.6321531378263442,0.2742723434799703
132,6.6000000000000005,2,-1.0926551724111817,-0.007064837533760911,0.6293111075321988,-0.37189946604420016
132,6.6000000000000005,3,-0.45876246692995204,-0.016567297042317165,0.8002100540074064,0.17556809513580476
132,6.6000000000000005,4,-2.343839365977759,0.46032237668463477,0.620769712322547,-0.3147843001541248
132,6.6000000000000005,5,-1.5036177092634866,0.39257182496318027,0.5672139898228394,-0.19918392242015898
133,6.65,0,-1.5124393367829903,-0.43153127602745356,0.5693443235090406,0.19748626947743095
133,6.65,1,-2.373112782098608,-0.45288107116913445,0.6286075281341496,0.2875912408401325
133,6.65,2,-1.0611896170345718,-0.02565981083597092,0.6541026992032337,0.33393025997294484
133,6.65,3,-0.4187519642295817,-0.007788892285526927,0.8097314515460581,-0.17982147025270034
133,6.65,4,-2.312800880361632,0.4445831616769285,0.6175792909745208,-0.32594254378071236
133,6.65,5,-1.4752570097723445,0.38261262884217234,0.5757747249844815,-0.19241379835968586
134,6.7,0,-1.4839721206075382,-0.421656962553582,0.5770112316954771,0.19153550179373988
134,6.7,1,-2.3416824056919006,-0.4385015091271278,0.6253479235007929,0.29952937266727503
134,6.7,2,-1.0284844820744101,-0.008963297837323678,0.6546800356549008,-0.3597153611360137
134,6.7,3,-0.3782653916522788,-0.016779965798161947,0.8145249694527552,0.14484966697157
134,6.7,4,-2.2819219158129056,0.4282860344878929,0.6133847806082467,-0.33678333701456964
134,6.7,5,-1.4464682735231205,0.372991938924188,0.5737520237644023,-0.1926118380467075
135,6.75,0,-1.4551215590227644,-0.41208018746389496,0.5747705667018832,0.1925589160034285
135,6.75,1,-2.310415009516861,-0.42352504049376405,0.6210156741027482,0.31116096963384077
135,6.75,2,-0.9957504802916651,-0.026949065894124363,0.6803543759813243,0.3245791905249177
135,6.75,3,-0.337539143179641,-0.009537482449583447,0.8237203905980492,-0.14491725825820387
135,6.75,4,-2.251252676782493,0.41144686763716437,0.36082134759286383,0.034818846949060116
135,6.75,5,-1.4177806723349002,0.36336134702185263,0.5831900818144586,-0.18502225897813612
136,6.800000000000001,0,-1.4263830306876701,-0.40245224166372356,0.5776917454589989,0.19208045419456965
136,6.800000000000001,1,-2.2793642258117237,-0.407966992012072,0.6174067430897963,0.3221547297171647
136,6.800000000000001,2,-0.9617327614925989,-0.010720106367878478,0.675743014642021,-0.3454389558927089
136,6.800000000000001,3,-0.29635312364973854,-0.01678334536249364,0.8259005627753782,0.11401112523801094
136,6.800000000000001,4,-2.23321160940285,0.41318780998461735,0.3706454976908936,0.020052660096703194
136,6.800000000000001,5,-1.3886211682441774,0.35411023407294584,0.5774735757666375,-0.1924911180102145
137,6.8500000000000005,0,-1.3974984434147202,-0.3928482189539951,0.5704855106868415,0.19865998530640763
137,6.8500000000000005,1,-2.248493888657234,-0.39185925552621376,0.36345363317435,-0.016197760977981493
137,6.8500000000000005,2,-0.9279456107604979,-0.027992054162513925,0.6977546384507772,0.31653683264082333
137,6.8500000000000005,3,-0.25505809551096964,-0.011082789100593094,0.8332193031633882,-0.10497098069214264
137,6.8500000000000005,4,-2.214679334518305,0.4141904429894525,0.3833375851613023,0.00863728272217918
137,6.8500000000000005,5,-1.3597474894558454,0.34448567817243514,0.5835202979001197,-0.1899635457018626
138,6.9,0,-1.3689741678803782,-0.3829152196886747,0.5704440539598306,0.20142123227853972
138,6.9,1,-2.2303212069985165,-0.39266914357511284,0.3811463366302629,0.0004672875586137009
138,6.9,2,-0.893057878837959,-0.012165212530472758,0.6900973788679966,-0.33121672637726
138,6.9,3,-0.21339713035280022,-0.016331338135200227,0.833013078423508,-0.08632378445300369
138,6.9,4,-2.1955124552602396,0.4146223071255615,0.39534194942822554,-0.011620636774677845
138,6.9,5,-1.3305714745608395,0.334987500887342,0.5731257430775056,-0.2014541735638762
139,6.95,0,-1.3404519651823867,-0.3728441580747477,0.5592960987482396,0.21262256092371348
139,6.95,1,-2.2112638901670034,-0.39264577919718213,0.3921837785901751,0.01682667981310798
139,6.95,2,-0.8585530098945591,-0.02872604884933576,0.7094379536761418,0.3085518558568819
139,6.95,3,-0.17174647643162483,-0.02064752735785041,0.8374030492481297,0.0769829065911364
139,6.95,4,-2.1757453577888284,0.4140412752868276,0.4099486678883817,-0.02923521405981466
139,6.95,5,-1.301915187406964,0.3249147922091482,0.5759501730140909,-0.19954937168166229
140,7.0,0,-1.3124871602449748,-0.36221303002856203,0.5615309151964529,0.2101742000357618
140,7.0,1,-2.1916547012374945,-0.39180444520652674,0.4062991528941026,0.03198597731566014
140,7.0,2,-0.823081112210752,-0.013298456056491664,0.7039540222063176,-0.3153373377303236
140,7.0,3,-0.12987632396921833,-0.01679838202829359,0.8388743442312221,-0.04967682295776009
140,7.0,4,-2.155247924394409,0.41257951458383685,0.41801880260716845,-0.04528505370942091
140,7.0,5,-1.2731176787562595,0.3149373236250651,0.5661946783390017,-0.20904428548173082
141,7.050000000000001,0,-1.2844106144851521,-0.35170432002677393,0.5522844647233928,0.21825835603427696
141,7.050000000000001,1,-2.1713397435927893,-0.3902051463407437,0.41440987795860174,0.04597357312018158
141,7.050000000000001,2,-0.7878834111004361,-0.029065322943007843,0.7250741926426495,0.29198533234673135
141,7.050000000000001,3,-0.08793260675765723,-0.019282223176181595,0.8424178789900924,0.03809776733245893
141,7.050000000000001,4,-2.1343469842640506,0.4103152618983658,0.4293926917116222,-0.06009578769656727
141,7.050000000000001,5,-1.2448079448393095,0.30448510935097856,0.5701186702972063,-0.20388886114488017
142,7.1000000000000005,0,-1.2567963912489826,-0.3407914022250601,0.5552122485411896,0.21288424994582578
142,7.1000000000000005,1,-2.1506192496948593,-0.38790646768473463,0.4254345635369756,0.05881805279798774
142,7.1000000000000005,2,-0.7516297014683037,-0.014466056325671274,0.7246663686691007,0.2736236875255755
142,7.1000000000000005,3,-0.045811712808152605,-0.017377334809558647,0.8444584086283655,-0.012195093130745249
142,7.1000000000000005,4,-2.1128773496784694,0.40731047251353747,0.43546192419048846,-0.07382544437605557
142,7.1000000000000005,5,-1.2163020113244492,0.29429066629373457,0.5627661156432235,-0.21070048346573061
143,7.15,0,-1.229035778821923,-0.3301471897277688,0.5583468734285337,0.20689478802069386
143,7.15,1,-2.1293475215180107,-0.38496556504483526,0.43480874443813505,0.0705326007793002
143,7.15,2,-0.7153963830348486,-0.0007848719493924999,0.7384350225805721,-0.2922375978617807
143,7.15,3,-0.0035887923767343247,-0.01798708946609591,0.8468337864346985,-0.012326986349578847
143,7.15,4,-2.091104253468945,0.4036192002947347,0.4409989452235104,-0.08665538935321714
143,7.15,5,-1.188163705542288,0.283755642120448,0.5567351528444051,-0.21610083525157944
144,7.2,0,-1.2011184351504964,-0.3198024503267341,0.5523312246741713,0.2113674738914637
144,7.2,1,-2.107607084296104,-0.3814389350058702,0.44013021685896747,0.08179491701327944
144,7.2,2,-0.67847463190582,-0.015396751842481536,0.7427633128479373,0.25408901624841895
144,7.2,3,0.03875289694500061,-0.01860343878357485,0.8495247845591527,-0.023821354079493564
144,7.2,4,-2.0690543062077693,0.3992864308270738,0.4494908782090496,-0.09806057149507331
144,7.2,5,-1.1603269479000677,0.27295060035786906,0.5622310928507182,-0.20704215618046562
145,7.25,0,-1.173501873916788,-0.3092340766321609,0.556299694564523,0.20336029069774336
145,7.25,1,-2.0856005734531555,-0.37734918915520627,0.447700883775219,0.09182568054139224
145,7.25,2,-0.6413364662634231,-0.002692301030060587,0.756150942171597,-0.26680558196793636
145,7.25,3,0.08122913617295824,-0.01979450648754953,0.8519940255498656,-0.0446036476004622
145,7.25,4,-2.0465797622973168,0.39438340225232016,0.45391024636631605,-0.10902232941317651
145,7.25,5,-1.1322153932575318,0.26259849254884576,0.5587947634755986,-0.21035124985302361
146,7.300000000000001,0,-1.1456868891885619,-0.2990660620972737,0.5522639304952057,0.2059627952643736
146,7.300000000000001,1,-2.0632155292643946,-0.37275790512813667,0.45191230900214646,0.10123343319011013
146,7.300000000000001,2,-0.6035289191548433,-0.016032580128457406,0.7609551383401854,0.23208517562444003
146,7.300000000000001,3,0.12382883745045152,-0.02202468886757264,0.8552266321146292,-0.05341309060039436
146,7.300000000000001,4,-2.023884249979001,0.38893228578166134,0.4610716837050417,-0.11897777132221882
146,7.300000000000001,5,-1.1042756550837518,0.2520809300561946,0.5656456757925024,-0.19951125593217842
147,7.3500000000000005,0,-1.1180736926638015,-0.288767922334055,0.5569442087537038,0.19652936794261333
147,7.3500000000000005,1,-2.0406199138142873,-0.3676962334686312,0.45818439547493184,0.10969057888024658
147,7.3500000000000005,2,-0.5654811622378341,-0.004428321347235403,0.7741643964159128,-0.23754644510447667
147,7.3500000000000005,3,0.16659016905618299,-0.024695343397592356,0.8579277324210308,-0.07035739750289208
147,7.3500000000000005,4,-2.0008306657937487,0.3829833972155504,0.46486620721607064,-0.12845683949127487
147,7.3500000000000005,5,-1.0759933712941268,0.24210536725958567,0.5650530380216924,-0.20071755303883504
148,7.4,0,-1.0902264822261163,-0.2789414539369244,0.5550250541547982,0.19724433029271635
148,7.4,1,-2.0177106940405407,-0.3622117045246188,0.46177955171072316,0.11750615850296196
148,7.4,2,-0.5267729424170384,-0.016305643602459237,0.7786195986641233,0.20778063756836748
148,7.4,3,0.20948655567723454,-0.02821321327273696,0.8613593870379916,-0.07688510238764466
148,7.4,4,-1.977587355432945,0.3765605552409867,0.47107957487317187,-0.137136411755925
148,7.4,5,-1.0477407193930421,0.23206948960764393,0.5732045219218822,-0.18867686405132283
149,7.45,0,-1.0624752295183764,-0.26907923742228856,0.560398855390696,0.18677615731500002
149,7.45,1,-1.9946217164550046,-0.3563363965994707,0.46717152696489306,0.12459562422756999
149,7.45,2,-0.48784196248383227,-0.005916611724040862,0.7919003792795162,-0.20508790684776979
149,7.45,3,0.2525545250291341,-0.03205746839211919,0.8640358869452877,-0.09041321052008446
149,7.45,4,-1.9540333766892866,0.36970373465319045,0.4745722342591102,-0.14529536688977757
149,7.45,5,-1.019080493296948,0.22263564640507777,0.5754791177303592,-0.18783428124224458
150,7.5,0,-1.0344552867488415,-0.2597404295565386,0.5605874268540468,0.18556572604907487
150,7.5,1,-1.97126314010676,-0.3501066153880922,0.4705005180608369,0.13102167945507792
150,7.5,2,-0.44824694351985644,-0.016171007066429353,0.7954337235871691,0.18096120812968927
150,7.5,3,0.2957563193763985,-0.03657812891812341,0.8673668461518051,-0.09512610216127688
150,7.5,4,-1.930304764976331,0.3624389663087016,0.4801419810733242,-0.1528149786084783
150,7.5,5,-0.99030653741043,0.21324393234296554,0.5849012465791812,-0.17507976914074197
151,7.550000000000001,0,-1.006425915406139,-0.25046214325408483,0.5665918185824262,0.1744277804265304
151,7.550000000000001,1,-1.947738114203718,-0.3435555314153383,0.47531848169427965,0.13689552594453058
151,7.550000000000001,2,-0.408475257340498,-0.0071229466599448885,0.8089484216500574,-0.1700034922532876
151,7.550000000000001,3,0.3391246616839888,-0.04133443402618726,0.8698156823571132,-0.1057053210514583
151,7.550000000000001,4,-1.9062976659226647,0.35479821737827766,0.48358580993573075,-0.15976519155285074
151,7.550000000000001,5,-0.9610614750814709,0.20448994388592845,0.589969469655913,-0.1722283468434978
152,7.6000000000000005,0,-0.9780963244770177,-0.24174075423275831,0.5687450813642128,0.17130572377908196
152,7.6000000000000005,1,-1.923972190119004,-0.33671075511811177,0.4786247431517076,0.14208639577957724
152,7.6000000000000005,2,-0.3680278362579951,-0.015623121272609269,0.8124020367009241,-0.14521253490244976
152,7.6000000000000005,3,0.3826154458018445,-0.04661970007876017,0.8728136967389786,-0.10905493487990903
152,7.6000000000000005,4,-1.8821183754258781,0.3468099578006351,0.48876381791047474,-0.16619301626327518
152,7.6000000000000005,5,-0.9315630015986752,0.19587852654375357,0.6006399750859801,-0.1591752258571471
153,7.65,0,-0.949659070408807,-0.2331754680438042,0.5717406652733248,0.16690113214098648
153,7.65,1,-1.9000409529614188,-0.3296064353291329,0.4820362337227313,0.1466459211122676
153,7.65,2,-0.3274077344229489,-0.022883748017731756,0.8228098736876656,0.14207960116306068
153,7.65,3,0.4262561306387934,-0.05207244682275562,0.8754556385238422,-0.11228982467193378
153,7.65,4,-1.8576801845303543,0.33850030698747136,0.49362031412333707,-0.17213698534572977
153,7.65,5,-0.9015310028443763,0.1879197652508962,0.6119792474289071,-0.1465770357426195
154,7.7,0,-0.9210720371451409,-0.2248304114367549,0.5784438987599159,0.15506761520289805
154,7.7,1,-1.8759391412752824,-0.32227413927351956,0.48657432552475677,0.15083993425354117
154,7.7,2,-0.28626724073856563,-0.015779767959578722,0.8282642089415649,-0.10771892349703986
154,7.7,3,0.4700289125649855,-0.05768693805635231,0.8772822985782781,-0.1196213848490029
154,7.7,4,-1.8329991688241876,0.32989345772018486,0.4973047954091827,-0.17745022139625063
154,7.7,5,-0.8709320404729309,0.18059091346376524,0.6209722374676944,-0.1413075777150246
155,7.75,0,-0.8921498422071451,-0.21707703067661,0.5829777312181436,0.14896800487743603
155,7.75,1,-1.8516104249990446,-0.3147321425608425,0.49015416446808896,0.15433892853122178
155,7.75,2,-0.2448540302914874,-0.021165714134430715,0.8363731849072671,0.10885024353589551
155,7.75,3,0.5138930274938994,-0.06366800729880245,0.8794032767551958,-0.12194844873564309
155,7.75,4,-1.8081339290537284,0.32102094665037234,0.5021162073400094,-0.18231422559214386
155,7.75,5,-0.8398834285995462,0.173525534578014,0.6335021034141896,-0.12889724442138964
156,7.800000000000001,0,-0.8630009556462379,-0.2096286304327382,0.5900134901431251,0.1373801291934521
156,7.800000000000001,1,-1.8271027167756402,-0.3070151961342814,0.4945359662273233,0.15752105357874818
156,7.800000000000001,2,-0.20303537104612404,-0.01572320195763594,0.8427337137833831,-0.06912348994931386
156,7.800000000000001,3,0.5578631913316592,-0.06976542973558461,0.880761509358751,-0.12723196803631368
156,7.800000000000001,4,-1.7830281186867278,0.31190523537076514,0.5062097428940091,-0.18651737705393068
156,7.800000000000001,5,-0.8082083234288368,0.16708067235694452,0.6447390138474812,-0.12193731623606457
157,7.8500000000000005,0,-0.8335002811390817,-0.20275962397306557,0.5957898672055986,0.12984405185454712
157,7.8500000000000005,1,-1.802375918464274,-0.299139143455344,0.4983596772177034,0.16003330948382777
157,7.8500000000000005,2,-0.1608986853569549,-0.01917937645510163,0.8485987741602808,0.07394378452889466
157,7.8500000000000005,3,0.6019012667995968,-0.0761270281374003,0.8822655554925922,-0.1289655528384021
157,7.8500000000000005,4,-1.7577176315420273,0.3025793665180686,0.5111515514833888,-0.19027868986497007
157,7.8500000000000005,5,-0.7759713727364627,0.16098380654514127,0.6583525732965377,-0.11001304390060551
158,7.9,0,-0.8037107877788018,-0.1962674213803382,0.6030696084916709,0.11881707265329891
158,7.9,1,-1.777457934603389,-0.2911374779811526,0.5026842526261642,0.16222393800527377
158,7.9,2,-0.11846874664894086,-0.015482187228656899,0.8555987264070913,-0.030215770108991583
158,7.9,3,0.6460145445742264,-0.0825753057793204,0.8831178536417361,-0.13251083892848517
158,7.9,4,-1.7321600539678579,0.2930654320248201,0.5157705534276876,-0.19337088181604936
158,7.9,5,-0.7430537440716358,0.155483154350111,0.6714581979996141,-0.10162000851788823
159,7.95,0,-0.7735573073542182,-0.19032656774767326,0.609828139523694,0.11016871011054699
159,7.95,1,-1.7523237219720809,-0.2830262810808889,0.5067787983492292,0.16380458579794016
159,7.95,2,-0.07568881032858629,-0.016992975734106477,0.8604087766396836,-0.009083629911745437
159,7.95,3,0.6901704372563131,-0.08920084772574466,0.8839435844911281,-0.13388761541634264
159,7.95,4,-1.7063715262964736,0.2833968879340176,0.5210012076169658,-0.19598621169229585
159,7.95,5,-0.7094808341716551,0.1504021539242166,0.6859572799157558,-0.09044033683727355
160,8.0,0,-0.7430659003780336,-0.1848181322421459,0.614817515487294,0.08115482627054615
160,8.0,1,-1.7269847820546194,-0.2748360517909919,0.5110101438802844,0.1649266460491868
160,8.0,2,-0.03266837149660211,-0.017447157229693748,0.8653551616708484,0.010748770286689337
160,8.0,3,0.7343676164808695,-0.09589522849656179,0.8843925209660438,-0.13522795357279166
160,8.0,4,-1.6803214659156254,0.2735975773494028,0.5263909894353782,-0.19801837148756984
160,8.0,5,-0.6751829701758673,0.14588013708235292,0.7039407897772293,-0.06082278520693178
161,8.05,0,-0.7123250246036689,-0.1807603909286186,0.6163125148977447,0.023827576798410875
161,8.05,1,-1.701434274860605,-0.26658971948853255,0.5154702095322288,0.16578198371662822
161,8.05,2,0.010599386586940311,-0.016909718715359283,0.87028893235857,0.029129490261499916
161,8.05,3,0.7785872425291717,-0.10265662617520137,0.8844507760679334,-0.13653239179631182
161,8.05,4,-1.6540019164438564,0.26369665877502435,0.5321527519885507,-0.19952087833974863
161,8.05,5,-0.6399859306870058,0.14283899782200635,0.7265514744289003,-0.006218909079355891
162,8.1,0,-0.6815093988587816,-0.17956901208869805,0.6274090071329601,0.019220484080119133
162,8.1,1,-1.6756607643839936,-0.2583006203027011,0.5202459747172381,0.16660295083360782
162,8.1,2,0.05411383320486881,-0.015453244202284288,0.8750537886324238,0.04593976752850827
162,8.1,3,0.8228097813325683,-0.10948324576501696,0.8840942481071884,-0.13772535395303853
162,8.1,4,-1.6273942788444289,0.25372061485803693,0.5385380769916399,-0.20050356280406792
162,8.1,5,-0.6036583569655608,0.14252805236803856,0.7436666154374054,-0.0017191887016485793
163,8.15,0,-0.6501389485021336,-0.1786079878846921,0.6395682510792258,0.019144863458347906
163,8.15,1,-1.6496484656481316,-0.24997047276102075,0.5250987340895289,0.16693597340827818
163,8.15,2,0.09786652263649001,-0.013156255825858875,0.8798797991788487,0.061334205891253116
163,8.15,3,0.8670144937379277,-0.11636951346266888,0.8834104984105859,-0.1379463984726903
163,8.15,4,-1.6004673749948468,0.24369543671783353,0.5452495098018917,-0.20078158808709762
163,8.15,5,-0.5664750261936905,0.14244209293295612,0.759637208776958,-0.001800494463952249
164,8.200000000000001,0,-0.6181605359481723,-0.1776507447117747,0.6519522603972201,0.019325150278317754
164,8.200000000000001,1,-1.6233935289436552,-0.24162367409060684,0.5299892687677309,0.1667674566474763
164,8.200000000000001,2,0.14186051259543245,-0.010089545531296219,0.8847123098741233,0.07533036738484347
164,8.200000000000001,3,0.911185018658457,-0.1232668333863034,0.8823860753925175,-0.13703982391076774
164,8.200000000000001,4,-1.5732048995047523,0.23365635731347864,0.5523004385911091,-0.20034827382323028
164,8.200000000000001,5,-0.5284931657548426,0.14235206820975851,0.7747588770971412,-0.0024072600800412723
165,8.25,0,-0.5855629229283114,-0.1766844871978588,0.6645176982859928,0.019362726623637607
165,8.25,1,-1.5968940655052686,-0.23328530125823302,0.5348884173933673,0.16612273968613314
165,8.25,2,0.1860961280891386,-0.006323027162054046,0.8894790582422832,0.08796570037376047
165,8.25,3,0.9553043224280829,-0.1301188245818418,0.8809951716450795,-0.1350525846857862
165,8.25,4,-1.5455898775751968,0.22363894362231712,0.5597282619391438,-0.19921286380449085
165,8.25,5,-0.48975522189998555,0.14223170520575645,0.7890328184534389,-0.003075066724965591
166,8.3,0,-0.5523370380140117,-0.17571635086667695,0.6772899473091388,0.019205119046659128
166,8.3,1,-1.5701496446356003,-0.22497916427392636,0.5397634552768564,0.16503179972431026
166,8.3,2,0.23057008100125279,-0.0019247421433660214,0.89411466670247,0.0993038969665074
166,8.3,3,0.999354081010337,-0.1368714538161311,0.879170409074846,-0.13204082360230357
166,8.3,4,-1.5176034644782397,0.21367830043209257,0.5675722210135746,-0.19739204028044677
166,8.3,5,-0.4503035809773136,0.14207795186950817,0.8024412054638481,-0.0036811223434881726
167,8.35,0,-0.5184725406485547,-0.174756094914344,0.6902898634767997,0.018823703475467277
167,8.35,1,-1.5431614718717575,-0.21672757428771086,0.5445755541211933,0.16352748423377816
167,8.35,2,0.27527581433637627,0.0030404527049593495,0.8985637610837789,0.10942842746344841
167,8.35,3,1.0433126014640792,-0.1434734949962463,0.8767086426006518,-0.12812412195368328
167,8.35,4,-1.489224853427561,0.20380869841807023,0.5758718952939017,-0.19490942402368516
167,8.35,5,-0.41018152070412117,0.14189389575233377,0.8149733434848171,-0.004148594509608032
168,8.4,0,-0.48395804747471477,-0.17381490974057062,0.7035225369664961,0.018184848370266606
168,8.4,1,-1.5159326941656979,-0.20855120007602196,0.5492769756505154,0.1616464178083023
168,8.4,2,0.32020400239056523,0.008511874078131771,0.9027811482898573,0.11843735921695739
168,8.4,3,1.0871480335941117,-0.14987970109393045,0.8735564508412892,-0.12333106371330625
168,8.4,4,-1.4604312586628658,0.19406322721688596,0.5846665603630304,-0.19179629350558886
168,8.4,5,-0.3694328535298803,0.14168646602685336,0.8266273458109025,-0.004417018131166176
169,8.450000000000001,0,-0.44878192062638994,-0.17290566732205728,0.7169770826366718,0.01725139934122559
169,8.450000000000001,1,-1.488468845383172,-0.20046887918560685,0.5538116357315551,0.15943136293520177
169,8.450000000000001,2,0.3653430598050581,0.014433742038979642,0.90673216024706,0.12643543700907786
169,8.450000000000001,3,1.1308258561361761,-0.15604625427959576,0.8696752948396037,-0.11767531435116028
169,8.450000000000001,4,-1.4311979306447142,0.1844734125416065,0.5939978995682408,-0.1880914468829474
169,8.450000000000001,5,-0.3281014862393352,0.14146561512029507,0.8374109589247941,-0.004440624357743648
170,8.5,0,-0.41293306649455636,-0.172043097354996,0.7306256410465994,0.015987008983996513
170,8.5,1,-1.4607782635965942,-0.19249731103884676,0.558113529197165,0.1569335041427215
170,8.5,2,0.4106796678174111,0.020755513889433537,0.9103918494244768,0.13352920626812098
170,8.5,3,1.1743096208781563,-0.16193001999715378,0.8650224738693758,-0.11117009952407683
170,8.5,4,-1.4014980356663023,0.17506884019745914,0.6039107210308579,-0.18384214217736378
170,8.5,5,-0.28623093829309554,0.14124358390240788,0.847340598460919,-0.00418813073306338
171,8.55,0,-0.3764017844422264,-0.1712437469057962,0.7444230390229724,0.014360980715390343
171,8.55,1,-1.432872587136736,-0.18465063583171068,0.56210458255849,0.15421516390385542
171,8.55,2,0.45619926028863494,0.027431974202839587,0.913743742187416,0.13982357612256535
171,8.55,3,1.217560744571625,-0.16748852497335762,0.8595530611673068,-0.10383148273556288
171,8.55,4,-1.3713024996147594,0.16587673308859094,0.6144529879441719,-0.17910576622826963
171,8.55,5,-0.2438639083700496,0.14103417736575471,0.8564399271858254,-0.0036427733191902447
172,8.6,0,-0.33918063249107777,-0.17052569787002667,0.7572219771934113,0.007863020419232774
172,8.6,1,-1.4047673580088116,-0.17693987763651792,0.5656741831562623,0.15115015686778904
172,8.6,2,0.5018864473980058,0.03442315300896785,0.9167784094148891,0.14541941038793998
172,8.6,3,1.2605383976299904,-0.17268009911013577,0.8532224131794983,-0.0956817255958924
172,8.6,4,-1.3405798502175508,0.15692144477717745,0.625718778534984,-0.17375285063143645
172,8.6,5,-0.20104191201075833,0.1408520386997952,0.8653979949653224,0.001077487606136713
173,8.65,0,-0.3013195336314072,-0.17013254684906504,0.7688353239469681,-0.004312058592773055
173,8.65,1,-1.3764836488509984,-0.16938236979312846,0.5515892583506125,0.018002020246669012
173,8.65,2,0.5477253678687503,0.04169412352836485,0.9194841965371638,0.15039270774646485
173,8.65,3,1.3031995182889653,-0.1774641853899304,0.8459799120429355,-0.08675803770835151
173,8.65,4,-1.3092939112908015,0.14823380224560564,0.662156588409345,-0.043353743886458226
173,8.65,5,-0.1577720122624922,0.14090591308010203,0.874412440621655,0.010655010112384858
174,8.700000000000001,0,-0.2628777674340588,-0.1703481497787037,0.7803497596569201,-0.016135633695213418
174,8.700000000000001,1,-1.3489041859334678,-0.168482268780795,0.5570712508399882,0.013541868756554264
174,8.700000000000001,2,0.5936995776956084,0.04921375891568809,0.9218407297273951,0.154705178540451
174,8.700000000000001,3,1.345498513891112,-0.18180208727534797,0.8377808375461123,-0.07716120247930228
174,8.700000000000001,4,-1.2761860818703343,0.14606611505128272,0.6799464849337603,-0.03667981580771445
174,8.700000000000001,5,-0.11405139023140945,0.14143866358572127,0.8825665489966616,0.019607421527070398
175,8.75,0,-0.22386027945121276,-0.17115493146346436,0.7921948078386668,-0.02776314289543377
175,8.75,1,-1.3210506233914685,-0.1678051753429673,0.5632164992661807,0.016907130014002677
175,8.75,2,0.6397916141819782,0.05694901784271064,0.9239032135065051,0.15852901482968748
175,8.75,3,1.3873875557684177,-0.18566014739931308,0.8286461634691319,-0.06690097742084153
175,8.75,4,-1.2421887576236463,0.14423212426089702,0.6969209650911233,-0.03691158409011251
175,8.75,5,-0.06992306278157637,0.14241903466207478,0.8900948598657723,0.028447129061505504
176,8.8,0,-0.1842505390592794,-0.17254308860823606,0.8042400157225238,-0.03917755881148041
176,8.8,1,-1.2928897984281595,-0.16695981884226715,0.5685997871704525,0.021308520828431234
176,8.8,2,0.6859867748573034,0.06487546858419502,0.9256779544093817,0.16194424103492125
176,8.8,3,1.4288198639418743,-0.18900519627035517,0.8185766737927493,-0.056051317063863
176,8.8,4,-1.2073427093690903,0.1423865450563914,0.7138630959571096,-0.03769793602641607
176,8.8,5,-0.02541831978828775,0.14384139111515007,0.8969997782892343,0.03719601464218538
177,8.85,0,-0.14403853827315322,-0.1745019665488101,0.8163158126847226,-0.05034423716312739
177,8.85,1,-1.2644598090696368,-0.16589439280084559,0.573131792532171,0.026482390383033565
177,8.85,2,0.7322706725777726,0.07297268063594108,0.9271682459762841,0.1650194433216354
177,8.85,3,1.4697486976315117,-0.19180776212354833,0.8075876426865425,-0.044708782573143466
177,8.85,4,-1.1716495545712349,0.14050164825507058,0.7307761736620224,-0.03879640151334683
177,8.85,5,0.019431669126173966,0.14570119184725933,0.9032816849356697,0.04584142198188722
178,8.9,0,-0.10322274763891709,-0.17701917840696646,0.8282528259830116,-0.061222206205531336
178,8.9,1,-1.2358032194430284,-0.1645702732816939,0.5767966828939987,0.03250441846200074
178,8.9,2,0.7786290848765868,0.08122365280202284,0.9283777258826463,0.16781649516313243
178,8.9,3,1.5101280797658387,-0.1940432012522055,0.795716297522311,-0.03298840977996821
178,8.9,4,-1.1351107458881338,0.13856182817940324,0.7476009848660031,-0.04027178864738211
178,8.9,5,0.06459575337295745,0.14799326294635368,0.9089508264211158,0.0543623181369977
179,8.950000000000001,0,-0.0618101063397665,-0.18008028871724302,0.8398915147039032,-0.07176740346734307
179,8.950000000000001,1,-1.2069633852983284,-0.16294505235859388,0.5795887935027011,0.03948193200860567
179,8.950000000000001,2,0.825047971170719,0.08961447756017947,0.9293173312340705,0.17028631041555642
179,8.950000000000001,3,1.5499138946419544,-0.19569262174120391,0.7830239679375397,-0.021021857173829678
179,8.950000000000001,4,-1.0977306966448337,0.13654823874703415,0.7642536314134557,-0.04220940162529816
179,8.950000000000001,5,0.11004329469401325,0.15071137885320357,0.9140254992477795,0.06273272401341884
180,9.0,0,-0.019815530604571342,-0.18366865889061018,0.8510891012656068,-0.08193530319079134
180,9.0,1,-1.1779839456231933,-0.16097095575816361,0.5815138696849953,0.04753492402062199
180,9.0,2,0.8715138377324225,0.09812879308095729,0.9300467461155405,0.17171855592447477
180,9.0,3,1.5890650930388315,-0.1967437145998954,0.7695971422436265,-0.008952898589289942
180,9.0,4,-1.059518015074161,0.13443776866576923,0.7806284598936546,-0.044699646348717696
180,9.0,5,0.15574456965640224,0.15384801505387452,0.9185298485287441,0.07092603280316889
181,9.05,0,0.022738924458709002,-0.18776542405014976,0.8617237755868907,-0.0916792586590328
181,9.05,1,-1.1489082521389435,-0.15859420955713252,0.5825953180260278,0.05678848637377516
181,9.05,2,0.9180161750381995,0.10671472087718102,0.9305745195426963,0.17204433346600467
181,9.05,3,1.6275449501510129,-0.1971913595293599,0.7555508713045129,0.0030753412260796143
181,9.05,4,-1.0204865920794783,0.13220278634833335,0.796600476046125,-0.04783767976406691
181,9.05,5,0.20167106208283944,0.15739431669403298,0.9224916616798483,0.0789275505102681
182,9.1,0,0.06582511323805354,-0.1923493869831014,0.8716996709692234,-0.10096130768990745
182,9.1,1,-1.119778486237642,-0.15575478523844377,0.5828833422534452,0.06737150101003711
182,9.1,2,0.9645449010153344,0.11531693755048125,0.9308928359344006,0.1713362194007952
182,9.1,3,1.6653224937162385,-0.1970375924680559,0.741021623416133,0.014916818138595326
182,9.1,4,-0.9806565682771721,0.12981090236013001,0.8120279506725424,-0.051718457599584385
182,9.1,5,0.24779564516683186,0.1613406942195464,0.925940592831598,0.08672548243449214
183,9.15,0,0.10941009678651471,-0.19739745236759676,0.8809484813195533,-0.10975531459010557
183,9.15,1,-1.0906343191249699,-0.1523862101879419,0.582466452453761,0.07940856576791695
183,9.15,2,1.0110895428120545,0.12388374852052102,0.9309663029393764,0.16967201936617735
183,9.15,3,1.7023735748870452,-0.19629175156112613,0.7261611491845715,0.026427022733682762
183,9.15,4,-0.9400551707435449,0.1272249794801508,0.8267563308454409,-0.05643363744476244
183,9.15,5,0.2940926748084118,0.165676968341271,0.9289068565265514,0.09431069794338054
184,9.200000000000001,0,0.15345752085249237,-0.20288521809710203,0.8894287321689018,-0.11804756433926762
184,9.200000000000001,1,-1.0615109965022818,-0.14841578189954605,0.5814844705857801,0.0930100234438405
184,9.200000000000001,2,1.0576378579590233,0.1323673494888299,0.9306819973263175,0.1671903216202743
184,9.200000000000001,3,1.7386816323462737,-0.194970400424442,0.7111297827246128,0.03746967626851215
184,9.200000000000001,4,-0.8987173542012729,0.12440329760791267,0.840622761634077,-0.06206807656065535
184,9.200000000000001,5,0.34053801763473934,0.17039250323844002,0.9314201088200718,0.10167832365567227
185,9.25,0,0.19792895746093747,-0.2087875963140654,0.8971233931663244,-0.1258369841068271
185,9.25,1,-1.0324367729729929,-0.14376528072735403,0.5801447824608013,0.10825165316848777
185,9.25,2,1.1041719578253393,0.1407268655698436,0.93001061685492,0.16392386833813027
185,9.25,3,1.7742381214825043,-0.19309691661101638,0.6960883147902901,0.04792287201651435
185,9.25,4,-0.856686216119569,0.1212998937798799,0.8534608969548726,-0.0686940994992219
185,9.25,5,0.3871090230757429,0.17547641942122363,0.9335085098459353,0.1088279842379892
186,9.3,0,0.2427851271192537,-0.21507944551940675,0.9040367802142255,-0.1331320487021788
186,9.3,1,-1.0034295338499528,-0.13835269806892964,0.5787435279329813,0.12514732347831214
186,9.3,2,1.1506724886680852,0.14892305898675012,0.9289248984189079,0.159880795846954
186,9.3,3,1.8090425372220187,-0.19070077301019067,0.6811924117766073,0.05768396709891651
186,9.3,4,-0.8140131712718254,0.11786518880491881,0.8651065795673223,-0.07636429764255259
186,9.3,5,0.43378444856803966,0.1809178186331231,0.9351982269788588,0.11576566076947857
187,9.35,0,0.287986966129965,-0.22173604795451568,0.9101906249037612,-0.1399486611130588
187,9.35,1,-0.9744923574533038,-0.13209533189501402,0.5776862798000404,0.14361069918710886
187,9.35,2,1.1971187335890305,0.15691709877909782,0.9273886260367729,0.15505757024010627
187,9.35,3,1.843102157810849,-0.18781657465524484,0.6665869868537723,0.06667276439835773
187,9.35,4,-0.7707578422934592,0.11404697392279117,0.8754026025805821,-0.08509948412485623
187,9.35,5,0.48054435991698263,0.186706101671597,0.9365129756269356,0.12250387421201664
188,9.4,0,0.3334964973751531,-0.22873348101016863,0.9156199915171751,-0.14630804348153595
188,9.4,1,-0.9456080434633017,-0.12491479693565857,0.5775046566308677,0.163404834575688
188,9.4,2,1.243488164890869,0.16466997729110314,0.9253566291695153,0.14944060581022597
188,9.4,3,1.8764315071535378,-0.18448293643532696,0.6524019464494772,0.07483289948813433
188,9.4,4,-0.7269877121644301,0.10979199971654836,0.8842034221203848,-0.09487047069369213
188,9.4,5,0.5273700086983294,0.19283129538219784,0.937473746214683,0.12906124295687488
189,9.450000000000001,0,0.3792774969510118,-0.23604888318424544,0.9203694060310617,-0.15223476157479843
189,9.450000000000001,1,-0.9167328106317584,-0.11674455520687417,0.5788604081768226,0.18408199041876316
189,9.450000000000001,2,1.2897559963493448,0.17214200758161444,0.9227749530405609,0.1430077871991603
189,9.450000000000001,3,1.9090516044760117,-0.18074129146092024,0.6387497772055843,0.08213146791279483
189,9.450000000000001,4,-0.6827775410584109,0.10504847618186376,0.8913806353954012,-0.10557210958380521
189,9.450000000000001,5,0.5742436960090636,0.1992843575300416,0.9380987275746776,0.13546163450618823
190,9.5,0,0.4252959672525649,-0.24366062126298535,0.9244893970732395,-0.15775516194823144
190,9.5,1,-0.8877897902229173,-0.10754045568593601,0.5825239093602191,0.20492292924443536
190,9.5,2,1.3358947440013729,0.17929239694157245,0.919581337750317,0.1357299348440264
190,9.5,3,1.940989093336291,-0.1766347180652805,0.6257249780340699,0.0885571173505258
190,9.5,4,-0.6382085092886409,0.0997698707026735,0.8968304743640441,-0.11698918135027678
190,9.5,5,0.6211486323877975,0.206057439255351,0.9384034141955113,0.1417329433676375
191,9.55,0,0.4715204371062269,-0.2515483793603969,0.9280335160278976,-0.16289645594461039
191,9.55,1,-0.8586635947549063,-0.09729430922371424,0.5893116197885422,0.22489530123288382
191,9.55,2,1.3818738108888886,0.18607889368377378,0.915706131056651,0.12757227943475774
191,9.55,3,1.9722753422379944,-0.17220686219775422,0.6134050260110652,0.09411700269587471
191,9.55,4,-0.5933669855704388,0.09392041163515966,0.9004847862969995,-0.12875655251306758
191,9.55,5,0.6680688030975731,0.21314408642373286,0.9384008737908376,0.14790550807681802
192,9.600000000000001,0,0.5179221129076218,-0.2596932021576274,0.9310557943648455,-0.16768661563052767
192,9.600000000000001,1,-0.8291980137654792,-0.08604954416207004,0.5999713837657316,0.24266141481330278
192,9.600000000000001,2,1.4276591174417212,0.19245750765551167,0.9110737119511106,0.1184960728701741
192,9.600000000000001,3,2.0029455935385476,-0.16750101206296047,0.601852288760153,0.0988331630881159
192,9.600000000000001,4,-0.5483427462555888,0.08748258400950627,0.9023264388562989,-0.14032090595126373
192,9.600000000000001,5,0.7149888467871149,0.22053936182757378,0.9381022768115801,0.15400748636898828
193,9.65,0,0.5644749026258641,-0.2680775329391538,0.9336085257496723,-0.17215513981870773
193,9.65,1,-0.7991994445771926,-0.07391647342140491,0.6150203655194961,0.25666888072442573
193,9.65,2,1.4732128030392768,0.19838231129902037,0.9056044128738279,0.10846060890380949
193,9.65,3,2.0330382079765554,-0.1625593539085547,0.5911161398494794,0.10273902736444691
193,9.65,4,-0.5032264243127738,0.08046653871194309,0.9024084025141695,-0.1509177444163444
193,9.65,5,0.761893960627694,0.2282397361460232,0.937551727614872,0.1594913426040809
194,9.700000000000001,0,0.6111553289133477,-0.27668528993008923,0.9357385913093866,-0.17633775787355854
194,9.700000000000001,1,-0.7684484263012178,-0.06108302938518362,0.6345669188311444,0.26534281886693917
194,9.700000000000001,2,1.5184930236829681,0.20380534174421083,0.8992164491708742,0.09743559432807813
194,9.700000000000001,3,2.0625940149690294,-0.15742240254033235,0.581238166076571,0.10587770462208931
194,9.700000000000001,4,-0.45810600418706526,0.07292065149112587,0.9008730890369047,-0.15958128478181074
194,9.700000000000001,5,0.8087715470084376,0.23621430327622725,0.936787829070788,0.16397553447378937
195,9.75,0,0.657942258478817,-0.28550217782376713,0.9374866254902097,-0.18027775713166655
195,9.75,1,-0.7367200803596605,-0.04781588844183666,0.6449693706246633,0.2632047105584918
195,9.75,2,1.563453846141512,0.20867712146061473,0.8918293911817426,0.08540287933772236
195,9.75,3,2.091655923272858,-0.15212851730922788,0.572251821788338,0.10830120263164109
195,9.75,4,-0.41306234973522005,0.06494158725203533,0.9031807936258885,-0.15813328181802314
195,9.75,5,0.855610938461977,0.2444130799999167,0.9358174517341915,0.16752049700471758
196,9.8,0,0.7048165897533275,-0.29451606568035044,0.9388711713597888,-0.18391245118728577
196,9.8,1,-0.7044716118284273,-0.034655652913912066,0.6479698483582325,0.2545066950660973
196,9.8,2,1.6080453157005992,0.21294726542750086,0.8833370715040044,0.07235452534531292
196,9.8,3,2.120268514362275,-0.14671345717764583,0.5641090650862401,0.11009108745315394
196,9.8,4,-0.3679033100539256,0.05703492316113418,0.9086497176268546,-0.14985739471294954
196,9.8,5,0.9024018110486866,0.2527891048501526,0.9346278388215272,0.17014190898382173
197,9.850000000000001,0,0.751760148321317,-0.3037116882397147,0.9399721070272157,-0.18657798040211773
197,9.850000000000001,1,-0.6720731194105157,-0.0219303181606072,0.6534899863736764,0.24314551155471892
197,9.850000000000001,2,1.6522121692757994,0.2165649916947665,0.8736406769853583,0.058310760296272544
197,9.850000000000001,3,2.148473967616587,-0.14120890280498813,0.5567698373691076,0.11134246137992153
197,9.850000000000001,4,-0.3224708241725829,0.0495420534254867,0.9136106588648795,-0.14047490227820875
197,9.850000000000001,5,0.9491332029897629,0.2612962002993437,0.9332011748239255,0.17186275428276976
198,9.9,0,0.7987587536726778,-0.3130405872598206,0.9408248859282549,-0.18827839966809456
198,9.9,1,-0.6393986200918319,-0.009773042582871252,0.6586752941431965,-0.31263128715283806
198,9.9,2,1.6958942031250672,0.21948052970958012,0.8626808603901579,0.043315330512478725
198,9.9,3,2.1763124594850423,-0.13564177973599206,0.550253249979699,0.11213900368549563
198,9.9,4,-0.2767902912293389,0.042518308311576256,0.9182022537092853,-0.1297181763525944
198,9.9,5,0.9957932617309592,0.2698893380134822,0.9315253500201314,0.17272129571366476
199,9.950000000000001,0,0.8457999979690906,-0.32245450724322533,0.941754632500957,-0.18867517014657387
199,9.950000000000001,1,-0.6064648553846721,-0.025404606940513157,0.6954518615388547,0.24250246787293145
199,9.950000000000001,2,1.7390282461445752,0.22164629623520407,0.8502676490979114,0.024643365626330686
199,9.950000000000001,3,2.203825121984027,-0.13003482955171727,0.544829935777996,0.10820165833146263
199,9.950000000000001,4,-0.23088017854387463,0.036032399493946536,0.9234964738425993,-0.09759930509826406
199,9.950000000000001,5,1.0423695292319657,0.27852540279916543,0.9293843293968191,0.1723993586975959
200,10.0,0,0.8928877295941384,-0.331888265750554,0.9421273416508215,-0.18897527172672088
200,10.0,1,-0.5716922623077294,-0.013279483546866583,0.7011835488273324,-0.2628776049810338
200,10.0,2,1.7815416285994707,0.2228784645165206,0.8368101991752385,0.00829838665334021
200,10.0,3,2.231066618772927,-0.12462474663514414,0.5403552659560862,0.10911098922410103
200,10.0,4,-0.18470535485174466,0.031152434239033334,0.9278835386812141,-0.08635294269009007
200,10.0,5,1.0888387457018067,0.2871453707340452,0.9272518035193308,0.17159318928420564
201,10.05,0,0.9399940966766795,-0.3413370293368901,0.942541549825887,-0.18824567832517347
201,10.05,1,-0.5366330848663627,-0.026423363795918274,0.7323381406451914,0.2284337809822385
201,10.05,2,1.8233821385582327,0.22329338384918762,0.8218332869937042,-0.011390349682600335
201,10.05,3,2.2580843820707313,-0.11916919717393909,0.5369025919544861,0.10587505620196402
201,10.05,4,-0.13831117791768396,0.02683478710452883,0.9323874169330509,-0.05736244027104407
201,10.05,5,1.1352013358777733,0.2957250301982555,0.9246076257210696,0.16955275109444404
202,10.100000000000001,0,0.987121174167974,-0.35074931325314873,0.9424639668153155,-0.1872647905528709
202,10.100000000000001,1,-0.5000161778341031,-0.015001674746806349,0.7397630496477439,-0.2187907602169951
202,10.100000000000001,2,1.864473802907918,0.22272386636505762,0.8059476863636068,-0.028642869448665217
202,10.100000000000001,3,2.2849295116684556,-0.1138754443638409,0.5343568063455522,0.10711355248819987
202,10.100000000000001,4,-0.09169180707103142,0.023966665090976627,0.9364224791019642,-0.04634509328478001
202,10.100000000000001,5,1.1814317171638267,0.3042026677529777,0.9218408810638129,0.1671939929182145
203,10.15,0,1.0342443725087398,-0.3601125527807923,0.9423828511262926,-0.18544043402690838
203,10.15,1,-0.46302802535171594,-0.025941212757656103,0.7654227812137484,0.20389841575543904
203,10.15,2,1.9047711872260984,0.22129172289262436,0.7886068409569039,-0.048754955154583446
203,10.15,3,2.3116473519857332,-0.1085197667394309,0.5328000310426078,0.10487632961032735
203,10.15,4,-0.0448706831159332,0.021649410426737625,0.9401304355732909,-0.021099279188400235
203,10.15,5,1.2275237612170173,0.31256236739888843,0.918370713329346,0.16369645574339273
204,10.200000000000001,0,1.0813635150650545,-0.36938457448213774,0.9418421070995443,-0.18321131336277927
204,10.200000000000001,1,-0.42475688629102853,-0.015746291969884148,0.7745350436818799,0.1752613732995745
204,10.200000000000001,2,1.9442015292739436,0.21885397513489518,0.7705474063047374,-0.06640100850929025
204,10.200000000000001,3,2.3382873535378637,-0.10327595025891453,0.5321183606582658,0.10669068873802691
204,10.200000000000001,4,0.002135838662731343,0.020594446467317614,0.9436976717527082,-0.01081118068159697
204,10.200000000000001,5,1.2734422968834846,0.3207471901860581,0.9145779657704943,0.16002772371193655
205,10.25,0,1.1284556204200318,-0.3785451401502767,0.9410596557993833,-0.18028401382034467
205,10.25,1,-0.38603013410693454,-0.006983223304905422,0.7944895171369298,-0.1726629101831297
205,10.25,2,1.9827288995891805,0.21553392470943067,0.7514794309828174,-0.08423985065738973
205,10.25,3,2.364893271570777,-0.09794141582201318,0.5322464277933409,0.10860635817954868
205,10.25,4,0.04932072225036676,0.020053887433237765,0.9469245865648663,-0.0001118147347330764
205,10.25,5,1.3191711951720093,0.3287485763716549,0.9101592798068424,0.15567464117461327
206,10.3,0,1.1755086032100008,-0.3875593408412939,0.9401973040437474,-0.17668446438259885
206,10.3,1,-0.3463056582500881,-0.015616368814061908,0.8046704003001628,-0.14198071729250955
206,10.3,2,2.0203028711383215,0.21132193217656117,0.7313046292401103,-0.10407331158647438
206,10.3,3,2.391505592960444,-0.09251109791303574,0.5334787617056159,0.1082112349628115
206,10.3,4,0.09666695157861008,0.02004829669650111,0.9495793838632622,0.020074156718584372
206,10.3,5,1.3646791591623515,0.33653230843038556,0.9049207149402573,0.15019223719029884
207,10.350000000000001,0,1.2225184684121881,-0.39639356406042386,0.9389952659025784,-0.1724778311083432
207,10.350000000000001,1,-0.30607213823507995,-0.022715404678687386,0.8214749743662823,0.13306656572573466
207,10.350000000000001,2,2.056868102600327,0.20611826659723745,0.710296444586843,-0.12344522963964881
207,10.350000000000001,3,2.4181795310457246,-0.08710053616489517,0.5355927619978361,0.10899961988338447
207,10.350000000000001,4,0.14414592077177318,0.021052004532430328,0.9518842013386181,0.03748664414714625
207,10.350000000000001,5,1.4099251949093643,0.3440419202899005,0.8989527986518997,0.1440673697757012
208,10.4,0,1.2694682317073172,-0.405017455615841,0.9372404551086485,-0.16767235681074907
208,10.4,1,-0.26499838951676585,-0.01606207639240065,0.8306829860607566,-0.1066062417446439
208,10.4,2,2.092382924829669,0.199946005115255,0.6888575567676932,-0.1408202005705169
208,10.4,3,2.4449591691456165,-0.08165055517072595,0.5385427571198044,0.1129606055566865
208,10.4,4,0.1917401308387041,0.02292633673978764,0.9543365658851726,0.045807184413649595
208,10.4,5,1.4548728348419593,0.35124528877868555,0.8924022406886205,0.13773345415360028
209,10.450000000000001,0,1.3163302544627495,-0.41340107345637844,0.9351424614094686,-0.16229375911039554
209,10.450000000000001,1,-0.22346424021372802,-0.021392388479632846,0.8447352093803305,0.09143140190993347
209,10.450000000000001,2,2.1268258026680535,0.19290499508672918,0.6664360019042029,-0.1595577754863717
209,10.450000000000001,3,2.471886307001607,-0.07600252489289162,0.5424032639902298,0.11590804413973897
209,10.450000000000001,4,0.23945695913296272,0.025216695960470117,0.956072401812733,0.05968142123501807
209,10.450000000000001,5,1.4994929468763902,0.35813196148636556,0.8848429589003006,0.13033741185469744
210,10.5,0,1.363087377533223,-0.4215157614118982,0.9323944619840627,-0.156241031322861
210,10.5,1,-0.18122747974471148,-0.016820818384136172,0.8526800285536082,-0.07238494997288422
210,10.5,2,2.1601476027632636,0.18492710631241058,0.6435641236106039,-0.1769138062688001
210,10.5,3,2.499006470201118,-0.07020712268590468,0.5470471965885484,0.12165522049093373
210,10.5,4,0.2872605792235994,0.028200767022221022,0.9579433949647386,0.06715080764880696
210,10.5,5,1.5437350948214053,0.3646488320791004,0.8765917238236622,0.12268334450540466
211,10.55,0,1.4097071006324262,-0.4293278129780413,0.9291490723160943,-0.1495645467980651
211,10.55,1,-0.13859347831703106,-0.020440065882780384,0.8644347397009186,0.048202130341603235
211,10.55,2,2.1923258089437936,0.17608141599897056,0.6197597770805637,-0.19541993184506737
211,10.55,3,2.5263588300305457,-0.06412436166135799,0.5524690750853566,0.1273847598267727
211,10.55,4,0.3351577489718363,0.03155830740466137,0.959200726548503,0.07794813263995323
211,10.55,5,1.5875646810125883,0.37078299930437064,0.8672964889838648,0.11411372624895766
212,10.600000000000001,0,1.4561645542482309,-0.43680604031794457,0.925149768043324,-0.14213838143980737
212,10.600000000000001,1,-0.09537174133198513,-0.018029959365700222,0.871818107564589,0.02306815525416227
212,10.600000000000001,2,2.2233137977978217,0.1663104194067172,0.5953823733753941,-0.2134345775470089
212,10.600000000000001,3,2.5539822837848134,-0.05775512367001935,0.558507489146727,0.13564209301786373
212,10.600000000000001,4,0.38311778529926144,0.03545571403665903,0.9605024862135629,0.08478529668016806
212,10.600000000000001,5,1.6309295054617816,0.37648868561681853,0.8572490101017731,0.10525249605435405
213,10.65,0,1.5024220426503971,-0.4439129593899349,0.920405909571667,-0.13398473072463735
213,10.65,1,-0.051780835953755676,-0.016876551602992108,0.8793331777864116,-0.02603867338588293
213,10.65,2,2.2530829164665915,0.15563869052936677,0.5702027033033279,-0.2322206308717406
213,10.65,3,2.58190765824215,-0.05097301901912617,0.5649870633494576,0.14541715698731386
213,10.65,4,0.4311429096099396,0.03969497887066743,0.9615093776070311,0.09155509298055596
213,10.65,5,1.6737919559668704,0.38175131041953625,0.8463175703178691,0.09585703157919372
214,10.700000000000001,0,1.5484423381289805,-0.4506121959261668,0.9148529744211973,-0.12512084053756853
214,10.700000000000001,1,-0.007814177064435095,-0.018178485272286254,0.8861803211937347,-0.019004175829472395
214,10.700000000000001,2,2.281593051631758,0.14402765898577974,0.5442306957140196,-0.25220877335159775
214,10.700000000000001,3,2.6101570114096226,-0.04370216116976047,0.5716773275444403,0.15678490243354343
214,10.700000000000001,4,0.4792183784902912,0.04427273351969523,0.9621692616740184,0.09882072209150497
214,10.700000000000001,5,1.7161078344827638,0.38654416199849595,0.8345307133385914,0.08595582844374462
215,10.75,0,1.5941849868500404,-0.4568682379530452,0.9083509031864713,-0.1155144828543383
215,10.75,1,0.03649483899525164,-0.019128694063759874,0.8923442646244587,-0.038291170786634986
215,10.75,2,2.308804586417459,0.13141722031819986,0.5176598047172067,-0.27331290819071724
215,10.75,3,2.638740877786845,-0.0358629160480833,0.5781876903884178,0.17040232414066905
215,10.75,4,0.5273268415739921,0.04921376962427048,0.9626345055584478,0.105286669183651
215,10.75,5,1.7578343701496935,0.3908419534206832,0.8220594656713223,0.0757737267917274
216,10.8,0,1.639602532009364,-0.46264396209576214,0.9008333360551817,-0.10520588390299505
216,10.8,1,0.08111205222647458,-0.021043252603091624,0.8980550936011241,-0.055657738449494905
216,10.8,2,2.334687576653319,0.11775157490866399,0.4907307966064996,-0.29589328774294404
216,10.8,3,2.6676502623062657,-0.02734279984104985,0.5840339530108385,0.18617967278370415
216,10.8,4,0.5754585668519145,0.05447810308345303,0.9628357926569644,0.11165268779467123
216,10.8,5,1.7989373434332596,0.3946306397602695,0.8090078609507004,0.06535131268373395
217,10.850000000000001,0,1.684644198812123,-0.46790425629091187,0.8922154586148828,-0.09423460283843965
217,10.850000000000001,1,0.12601480690653077,-0.023826139525566368,0.9032944017447279,-0.07121955550376612
217,10.850000000000001,2,2.359224116483644,0.10295691052151679,0.4639204957223908,-0.31993074212310524
217,10.850000000000001,3,2.6968519599568075,-0.01803381620186464,0.58860132730895,0.20410394667665954
217,10.850000000000001,4,0.6236003564847628,0.06006073747318659,0.9627774013865201,0.11793393241001894
217,10.850000000000001,5,1.8393877364807947,0.3978982053944562,0.7955591754487986,0.054791461370849684
218,10.9,0,1.7292549717428671,-0.47261598643283387,0.8824237210572938,-0.08265709513712348
218,10.9,1,0.17117952699376718,-0.027387117300754674,0.9080535280036536,-0.08511010856218504
218,10.9,2,2.382420141269763,0.08696037341536153,0.43792406547054347,-0.3451053160446937
218,10.9,3,2.726282026322255,-0.007828618868031663,0.5604594138769255,-0.4938239281028017
218,10.9,4,0.6717392265540888,0.06595743409368754,0.9624599391200781,0.12415813153808238
218,10.9,5,1.8791656952532345,0.4006377784629987,0.7819303634157717,0.04417409526023137
219,10.950000000000001,0,1.7733761577957319,-0.47674884118969,0.8691124202824305,-0.06866223651518957
219,10.950000000000001,1,0.21658220339394985,-0.03164262272886392,0.9119596170257879,-0.1009722339456285
219,10.950000000000001,2,2.4043163445432905,0.06970510761312684,0.4289847398642965,-0.3294633425110088
219,10.950000000000001,3,2.754304997016101,-0.03251981527317175,0.611866805746495,0.26260198436562804
219,10.950000000000001,4,0.7198622235100927,0.07216534067059166,0.962071511103629,0.1286536189750753
219,10.950000000000001,5,1.918262213424023,0.40284648322601024,0.7725138376522696,0.03875037603549547
220,11.0,0,1.8168317788098534,-0.4801819530154495,0.8569127931746265,-0.05594833912752589
220,11.0,1,0.26218018424523926,-0.036691234426145344,0.915978965786479,-0.11122757917367124
220,11.0,2,2.4257655815365053,0.0532319404875764,0.40471638464891907,-0.3562343068955807
220,11.0,3,2.7848983373034257,-0.019389716054890347,0.6105166400663908,0.2797946268847851
220,11.0,4,0.7679657990652741,0.07859802161934543,0.9612469725623886,0.1350938105264924
220,11.0,5,1.9568879053066366,0.40478400202778503,0.7590160580625972,0.02699618062615036
221,11.05,0,1.8596774184685847,-0.48297936997182583,0.843457934067551,-0.04295111698985402
221,11.05,1,0.3079791325345632,-0.042252613384828906,0.9195084314711778,-0.12035711473967912
221,11.05,2,2.4460014007689512,0.035420225142797364,0.3832952332660447,-0.3819027069526107
221,11.05,3,2.815424169306745,-0.00539998471065109,0.5973686055179805,-0.4479305955962926
221,11.05,4,0.8160281476933935,0.08535271214567004,0.9601500121269131,0.14152246056734236
221,11.05,5,1.9948387082097665,0.4061338110590925,0.7459094557514492,0.015352153082216838
222,11.100000000000001,0,1.9018503151719623,-0.48512692582131856,0.8254826019601874,-0.027198200804772348
222,11.100000000000001,1,0.3539545541081221,-0.04827046912181286,0.9221724258564301,-0.13184109348632314
222,11.100000000000001,2,2.4651661624322534,0.01632508979516683,0.3731865224431291,-0.3644637056742804
222,11.100000000000001,3,2.845292599582644,-0.02779651449046572,0.6244320034332504,0.33052561418801524
222,11.100000000000001,4,0.8640356482997391,0.09242883517403716,0.9590746240143899,0.14571656653580428
222,11.100000000000001,5,2.032134180997339,0.40690141871320334,0.7386882563381149,0.009477896652719338
223,11.15,0,1.9431244452699716,-0.48648683586155717,0.809789413620987,-0.014043851971003928
223,11.15,1,0.4000631754009436,-0.05486252379612902,0.9249879305643246,-0.13837683133194179
223,11.15,2,2.4838254885544098,-0.0018980954885471912,0.3563251417570844,-0.38805074471161083
223,11.15,3,2.8765141997543067,-0.01127023378106496,0.6133648321517154,-0.4116755061337885
223,11.15,4,0.9119893795004586,0.09971466350082737,0.9575500472160273,0.15095730049875128
223,11.15,5,2.0690685938142446,0.40737531354583933,0.7265102362651147,-0.003031392011057735
224,11.200000000000001,0,1.9836139159510209,-0.48718902846010737,0.7889824075806611,0.0021421481892053167
224,11.200000000000001,1,0.44631257192915985,-0.06178136536272611,0.9269367057156418,-0.14744235558068383
224,11.200000000000001,2,2.501641745642264,-0.021300632724127733,0.3593559598212446,0.29772619555087554
224,11.200000000000001,3,2.9071824413618925,-0.03185400908775439,0.633561024547168,0.3704426969406805
224,11.200000000000001,4,0.9598668818612599,0.10726252852576494,0.9560783047523622,0.15381449302845907
224,11.200000000000001,5,2.1053941056275005,0.40722374394528643,0.7209882821676882,-0.00960105513875675
225,11.25,0,2.023063036330054,-0.4870819210506471,0.7781141381552585,0.010880403681655507
225,11.25,1,0.49265940721494195,-0.0691534831417603,0.929379810085586,-0.15011181240234162
225,11.25,2,2.5196095436333263,-0.006414322946583955,0.37080887478322155,-0.39982036105762153
225,11.25,3,2.9388604925892508,-0.013331874240720364,0.6255567999510738,-0.4043304241788989
225,11.25,4,1.007670797098878,0.1149532531771879,0.9540272195634991,0.1574811793099679
225,11.25,5,2.1414435197358848,0.4067436911883486,0.7003635138334199,-0.027393218053927918
226,11.3,0,2.061968743237817,-0.48653790086656434,0.7555227279140503,0.0269379536561829
226,11.3,1,0.5391283977192213,-0.07665907376187737,0.9306784284918855,-0.15766626054643804
226,11.3,2,2.5381499873724875,-0.02640534099946503,0.3840850247985042,0.3115323085758954
226,11.3,3,2.9701383325868043,-0.033548395449665314,0.6478664105912284,0.37281862154120543
226,11.3,4,1.055372158077053,0.12282731214268629,0.9520422154763426,0.15895242403387447
226,11.3,5,2.1764616954275557,0.40537403028565216,0.6967627321232048,-0.03319883795788306
227,11.350000000000001,0,2.099744879633519,-0.4851910031837552,0.7453591728110481,0.03466661427569086
227,11.350000000000001,1,0.5856623191438155,-0.08454238678919927,0.9325494322139639,-0.15927945302355223
227,11.350000000000001,2,2.5573542386124126,-0.010828725570670258,0.38308684846097374,-0.411221929288969
227,11.350000000000001,3,3.0025316531163657,-0.014907464372605043,0.6414949254932722,-0.3932164006380679
227,11.350000000000001,4,1.1029742688508701,0.13077493334438,0.9493459909698123,0.16098832259010676
227,11.350000000000001,5,2.211299832033716,0.403714088387758,0.6762751232626953,-0.050147238949332776
228,11.4,0,2.1370128382740714,-0.4834576724699706,0.7217056881649426,0.049939668352556
228,11.4,1,0.6322897907545137,-0.09250635944037688,0.9332483306177429,-0.16562767409729504
228,11.4,2,2.576508581035461,-0.03138982203511871,0.4069086535905949,0.3243971407912808
228,11.4,3,3.0346063993910293,-0.03456828440450844,0.6650924728026061,0.369291445274573
228,11.4,4,1.1504415683993607,0.13882434947388533,0.9466038191547743,0.16126831969280175
228,11.4,5,2.2451135881968507,0.4012067264402914,0.6747560374696601,-0.05489485537630889
229,11.450000000000001,0,2.1730981226823185,-0.48096068905234285,0.7128525334420888,0.05617897628944831
229,11.450000000000001,1,0.6789522072854008,-0.10078774314524164,0.9345749878905458,-0.16648616033904926
229,11.450000000000001,2,2.596854013714991,-0.015169964995554671,0.39472531831572527,-0.42195831592712835
229,11.450000000000001,3,3.0678610230311594,-0.016103712140779786,0.6609313520074522,-0.37796942001783496
229,11.450000000000001,4,1.1977717593570993,0.14688776545852542,0.9430418537787835,0.1616821301581675
229,11.450000000000001,5,2.2788513900703338,0.39846198367147595,0.6548227100175099,-0.07065048087058512
230,11.5,0,2.208740749354423,-0.47815174023787044,0.6888616226927091,0.07021989609854205
230,11.5,1,0.7256809566799282,-0.1091120511621941,0.934719950176998,-0.17187991024351817
230,11.5,2,2.616590279630777,-0.036267880791911095,0.4292633695669856,0.3357830339384068
230,11.5,3,3.100907590631532,-0.035002183141671535,0.6848817258650969,0.3599511559425801
230,11.5,4,1.2449238520460386,0.15497187196643378,0.9393002899561969,0.16077393843192694
230,11.5,5,2.3115925255712093,0.3949294596279467,0.655416828253198,-0.07419536402364965
231,11.55,0,2.2431838304890586,-0.4746407454329433,0.6817497784488268,0.0747201562788981
231,11.55,1,0.7724169541887781,-0.11770604667437001,0.9355263228203538,-0.17223149707018315
231,11.55,2,2.6380534481091265,-0.019478729094990755,0.42442867963338066,0.314856350361529
231,11.55,3,3.135151676924787,-0.01700462534454253,0.6824276280526588,-0.3597076995451834
231,11.55,4,1.2918888665438484,0.16301056888803012,0.9345650406120259,0.15948410478304698
231,11.55,5,2.344363366983869,0.3912196914267642,0.6363709898986607,-0.08856926262944848
232,11.600000000000001,0,2.2772713194114997,-0.4709047376189984,0.6694015355738567,0.08330476223627166
232,11.600000000000001,1,0.8191932703297958,-0.12631762152787918,0.9354958108763103,-0.17537577933625068
232,11.600000000000001,2,2.6592748820907954,-0.003735911576914306,0.43446990079264625,-0.43256466465111143
232,11.600000000000001,3,3.16927305832742,-0.0349900103218017,0.7098013421754242,0.3229648220644221
232,11.600000000000001,4,1.3386171185744498,0.17098477412718247,0.9293901199847192,0.15577736224262048
232,11.600000000000001,5,2.376181916478802,0.3867912282952918,0.6251063982647294,-0.09509490728925112
233,11.65,0,2.3107413961901924,-0.46673949950718485,0.6521097769190185,0.09076440110001362
233,11.65,1,0.8659680608736113,-0.13508641049469172,0.9354731500724816,-0.17606202632255338
233,11.65,2,2.6809983771304275,-0.025364144809469878,0.4492026153070571,0.32662530129832157
233,11.65,3,3.204763125436191,-0.018841769218580592,0.7092832134719356,0.31407966731068426
233,11.65,4,1.3850866245736857,0.1787736422393135,0.9232007775755074,0.15413593711318166
233,11.65,5,2.4074372363920387,0.3820364829308292,0.6219864814249595,-0.10302381711194009
234,11.700000000000001,0,2.3433468850361434,-0.46220127945218414,0.6474418104663382,0.09337863694965828
234,11.700000000000001,1,0.9127417183772354,-0.14388951181081938,0.9355475960518238,-0.1744329934023063
234,11.700000000000001,2,2.7034585078957805,-0.009032879744553798,0.44282335481887125,-0.4615760086083785
234,11.700000000000001,3,3.240227286109788,-0.003137785853046377,0.7218447465330572,-0.3494589305355653
234,11.700000000000001,4,1.431246663452461,0.18648043909497258,0.9158481754755953,0.1498653416617213
234,11.700000000000001,5,2.4385365604632865,0.3768852920752322,0.6048473636322363,-0.11490701291349122
235,11.75,0,2.3757189755594603,-0.45753234760470124,0.6248238102844473,0.10393143218580624
235,11.75,1,0.9595190981798266,-0.1526111614809347,0.9345915667740268,-0.17568923214707266
235,11.75,2,2.7255996756367242,-0.03211168017497272,0.47626014365220704,0.33695552328945444
235,11.75,3,3.276319523436441,-0.020610732379824644,0.7314381194449007,0.29770629138123306
235,11.75,4,1.4770390722262408,0.19397370617805865,0.9080361177370371,0.14542724893457656
235,11.75,5,2.4687789286448982,0.37113994142955764,0.610855178947018,-0.1142063269575267
236,11.8,0,2.4069601660736826,-0.4523357759954109,0.6221401738943111,0.1049043712609368
236,11.8,1,1.006248676518528,-0.16139562308828834,0.9342557761073036,-0.1721056186312789
236,11.8,2,2.7494126828193344,-0.015263904010499998,0.45717325396302877,-0.4644505032560825
236,11.8,3,3.312891429408686,-0.00572541781076299,0.7434213184118915,-0.32225308103161987
236,11.8,4,1.5224408781130927,0.20124506862478747,0.898323882175393,0.13905871180663984
236,11.8,5,2.499321687592249,0.3654296250816813,0.5948605872467769,-0.12488117333823304
237,11.850000000000001,0,2.438067174768398,-0.4470905574323641,0.6005297310728536,0.11431441879722369
237,11.850000000000001,1,1.052961465323893,-0.1700009040198523,0.9327338710597699,-0.17129471785608286
237,11.850000000000001,2,2.7722713455174857,-0.038486429173304124,0.5046434243651362,0.3440829678101678
237,11.850000000000001,3,3.3500624953292806,-0.02183807186234398,0.7534951094060087,0.27691606547071534
237,11.850000000000001,4,1.5673570722218624,0.20819800421511947,0.8880950830035921,0.13311099338953536
237,11.850000000000001,5,2.5290647169545877,0.3591855664147697,0.6023550374454845,-0.12317831336321555
238,11.9,0,2.4680936613220408,-0.4413748364925029,0.5996452987527949,0.11390757332492132
238,11.9,1,1.0995981588768815,-0.17856563991265645,0.9316389975995961,-0.1662021899330361
238,11.9,2,2.7975035167357425,-0.021282280782795735,0.5038721519807795,0.32320172753924603
238,11.9,3,3.387737250799581,-0.007992268588808214,0.765039771407969,-0.2924499144202975
238,11.9,4,1.611761826372042,0.21485355388459623,0.875512868804821,0.12452083876394002
238,11.9,5,2.559182468826862,0.3530266507466089,0.5875295940253713,-0.13266858139625584
239,11.950000000000001,0,2.4980759262596806,-0.43567945782625683,0.5942667201193087,0.1174575501169986
239,11.950000000000001,1,1.1461801087568613,-0.18687574940930826,0.9296204991946282,-0.16281693765398514
239,11.950000000000001,2,2.8226971243347814,-0.005122194405833433,0.5029752957666964,-0.4681936305918673
239,11.950000000000001,3,3.4259892393699793,-0.02261476430982309,0.7785716194223092,0.23203667867751543
239,11.950000000000001,4,1.655537469812283,0.22107959582279324,0.8617044526718338,0.11356429248725323
239,11.950000000000001,5,2.5885589485281306,0.3463932216767961,0.5786444796316239,-0.13554999274591134
240,12.0,0,2.527789262265646,-0.4298065803204069,0.5792646015028923,0.12178293867787907
240,12.0,1,1.1926611337165927,-0.19501659629200752,0.9270560236859564,-0.15744740039706173
240,12.0,2,2.847845889123116,-0.0285318759354268,0.53667375737805,0.32897395577789884
240,12.0,3,3.464917820341095,-0.011012930375947317,0.7859702909651565,-0.2577990269264685
240,12.0,4,1.6986226924458745,0.2267578104471559,0.846689529259906,0.10632617328328159
240,12.0,5,2.6174911725097116,0.3396157220395005,0.5831817430175774,-0.13745859825973547
241,12.05,0,2.5567524923407907,-0.42371743338651296,0.5759520653550807,0.12401832039435064
241,12.05,1,1.2390139349008904,-0.2028889663118606,0.9239720453972904,-0.15247128605992852
241,12.05,2,2.8746795769920186,-0.012083178146531856,0.5229644790949161,-0.4650845097715669
241,12.05,3,3.5042163348893527,-0.023902881722270744,0.7995384569191295,0.20634132728553206
241,12.05,4,1.7409571689088699,0.23207411911131998,0.8295827745854052,0.09335421620994422
241,12.05,5,2.6466502596605905,0.33274279212651375,0.5744455738807106,-0.14009653191382093
242,12.100000000000001,0,2.5855500956085447,-0.41751651736679546,0.561420492632011,0.1285001462881513
242,12.100000000000001,1,1.285212537170755,-0.21051253061485703,0.9200723597803784,-0.14556534113461236
242,12.100000000000001,2,2.9008278009467645,-0.035337403635110204,0.5712056620293291,0.3305812348266741
242,12.100000000000001,3,3.544193257735309,-0.01358581535799414,0.8062652387161462,-0.22085767123104919
242,12.100000000000001,4,1.7824363076381402,0.2367418299218172,0.8116606159284593,0.0847962232828645
242,12.100000000000001,5,2.675372538354626,0.3257379655308227,0.5806335284741835,-0.1403836970807629
243,12.15,0,2.613621120240145,-0.4110915100523879,0.5599601036432607,0.1296048496120825
243,12.15,1,1.3312161551597739,-0.21779079767158765,0.9156073490515527,-0.13899628607687428
243,12.15,2,2.929388084048231,-0.018808341893776497,0.5740282646555166,0.3206937545470696
243,12.15,3,3.584506519671116,-0.024628698919546603,0.8193218612684985,0.17668022644852896
243,12.15,4,1.8230193384345632,0.24098164108596043,0.7914074955850058,0.07016113739025864
243,12.15,5,2.7044042147783354,0.31871878067678455,0.5720101028129481,-0.14291444834636766
244,12.200000000000001,0,2.641619125422308,-0.4046112675717838,0.5626547305501708,0.12762637039513106
244,12.200000000000001,1,1.3769965226123515,-0.22474061197543138,0.9105240412026913,-0.13016522318334384
244,12.200000000000001,2,2.958089497281007,-0.0027736541664230147,0.575369420076954,-0.4663376985617814
244,12.200000000000001,3,3.625472612734541,-0.015794687597120154,0.8235935624291401,-0.19801164509182784
244,12.200000000000001,4,1.8625897132138136,0.24448969795547337,0.7690424173071799,0.0557401252991666
244,12.200000000000001,5,2.733004719918983,0.3115730582594662,0.5596264336035311,-0.1501471102312208
245,12.25,0,2.6697518619498166,-0.39822994905202724,0.5460609790053816,0.1354627502454847
245,12.25,1,1.422522724672486,-0.23124887313459858,0.9036433788631523,-0.12261591213269445
245,12.25,2,2.9868579682848546,-0.02609053909451209,0.6130543863203471,0.3169679215102742
245,12.25,3,3.666652290855998,-0.025695269851711548,0.8378429996872329,0.14545664610860828
245,12.25,4,1.9010418340791726,0.24727670422043171,0.7481831125618007,0.045155640297252574
245,12.25,5,2.7609860415991596,0.3040657027479051,0.5710605120476868,-0.14298411711545178
246,12.3,0,2.6970549109000856,-0.391456811539753,0.5495986837384461,0.13314635613183348
246,12.3,1,1.4677048936156436,-0.23737966874123329,0.8965526655847045,-0.11236578413983997
246,12.3,2,3.017510687600872,-0.010242143018998378,0.6036466039307983,-0.45037534986362643
246,12.3,3,3.7085444408403596,-0.018422437546281135,0.8416457754686569,-0.15440492426981306
246,12.3,4,1.9384509897072626,0.24953448623529434,0.7238163304078113,0.02988409217174184
246,12.3,5,2.789539067201544,0.2969164968921325,0.5595544648548607,-0.14974585452523465
247,12.350000000000001,0,2.724534845087008,-0.3847994937331613,0.534189363218143,0.14164278216378412
247,12.350000000000001,1,1.5125325268948788,-0.2429979579482253,0.8873512184003007,-0.10295752428349944
247,12.350000000000001,2,3.0476930177974118,-0.032760910512179706,0.6533120083950387,0.3081173630712829
247,12.350000000000001,3,3.7506267296137925,-0.026142683759771787,0.8544028178504187,0.11100077199581974
247,12.350000000000001,4,1.9746418062276532,0.2510286908438814,0.7019244515332557,0.0192951228357767
247,12.350000000000001,5,2.817516790444287,0.28942920416587076,0.5712685077362208,-0.14190716619846339
248,12.4,0,2.7512443132479154,-0.3777173546249721,0.5382756855697195,0.13915923008743925
248,12.4,1,1.5569000878148938,-0.24814583416240027,0.8778370893411096,-0.09133077603622855
248,12.4,2,3.0803586182171636,-0.017355042358615562,0.663016542999475,0.28773962169649026
248,12.4,3,3.7933468705063134,-0.0205926451599808,0.8598914062143759,0.0773130601650086
248,12.4,4,2.009738028804316,0.2519934469856702,0.6767937429175347,0.0038710944512647064
248,12.4,5,2.846080215831098,0.28233384585594756,0.5608237309876558,-0.14858534187028707
249,12.450000000000001,0,2.7781580975264015,-0.37075939312060013,0.5424690028471103,0.13722569878226168
249,12.450000000000001,1,1.6007919422819492,-0.2527123729642117,0.866885085264022,-0.07928993699283743
249,12.450000000000001,2,3.1135094453671375,-0.002968061273791048,0.6653010954850651,-0.42520107971477417
249,12.450000000000001,3,3.836341440817032,-0.016726992151730367,0.8664321152691158,-0.10135140026724668
249,12.450000000000001,4,2.0435777159501924,0.25218700170823344,0.6516679953610393,-0.011245396631428024
249,12.450000000000001,5,2.8741214023804806,0.2749045787624332,0.5503044630189222,-0.15575778239471327
250,12.5,0,2.805281547668757,-0.36389810818148705,0.5296106275190887,0.1466350930405177
250,12.5,1,1.6441361965451504,-0.25667686981385357,0.8535034015884788,-0.0674175787600365
250,12.5,2,3.1467745001413907,-0.02422811525952976,0.7039473050992485,0.2758590481183618
250,12.5,3,3.879663046580488,-0.0217945621650927,0.8734197329417384,0.04281124767230695
250,12.5,4,2.0761611157182442,0.251624731876662,0.6303797810795402,-0.020774407591494383
250,12.5,5,2.9016366255314265,0.2671166896426975,0.5621610089206642,-0.1461352584996033
251,12.55,0,2.8317620790447116,-0.35656635352946114,0.5341375371987822,0.1447975320675359
251,12.55,1,1.6868113666245743,-0.2600477487518554,0.839713853806483,-0.05421566818720482
251,12.55,2,3.181971865396353,-0.010435162853611669,0.698037002269387,-0.3960501130564252
251,12.55,3,3.923334033227575,-0.019653999781477353,0.8785517776422324,-0.05441695282582528
251,12.55,4,2.1076801047722213,0.2505860114970873,0.6064405104650683,-0.03512729131676554
251,12.55,5,2.9297446759774597,0.25980992671771735,0.5532357680077712,-0.15334571851562454
252,12.600000000000001,0,2.8584689559046508,-0.3493264769260844,0.5228979642546304,0.15505089947114525
252,12.600000000000001,1,1.7287970593148985,-0.26275853216121564,0.8233301178525035,-0.04082407934297582
252,12.600000000000001,2,3.2168737155098226,-0.03023766850643293,0.7419418971319545,0.26064709132391106
252,12.600000000000001,3,3.9672616221096866,-0.02237484742276862,0.8842742605640442,0.006811832995683276
252,12.600000000000001,4,2.1380021302954746,0.24882964693124904,0.5867662718178603,-0.04368529664418974
252,12.600000000000001,5,2.9574064643778484,0.2521426407919361,0.5652404003175107,-0.143295615473792
253,12.65,0,2.8846138541173825,-0.3415739319525271,0.5276115346781977,0.15310650349754082
253,12.65,1,1.7699635652075236,-0.26479973612836444,0.8067267208504663,-0.0268410142539882
253,12.65,2,3.2539708103664204,-0.017205313940237374,0.7300266247914886,-0.3638617546652381
253,12.65,3,4.011475335137889,-0.022034255772984453,0.888483135471727,-0.017316582411540514
253,12.65,4,2.1673404438863675,0.24664538209903955,0.5650061925042986,-0.05692685132913948
253,12.65,5,2.985668484393724,0.2449778600182465,0.5585853951445068,-0.15024794304567232
254,12.700000000000001,0,2.9109944308512925,-0.33391860677765006,0.5181986938142127,0.1637510912661177
254,12.700000000000001,1,1.810299901250047,-0.2661417868410638,0.7875580751992006,-0.012424485171929824
254,12.700000000000001,2,3.2904721416059948,-0.03539840167349928,0.7763306747139607,0.24224801235997362
254,12.700000000000001,3,4.055899491911475,-0.02290008489356148,0.8926027879618099,-0.02901080001032716
254,12.700000000000001,4,2.1955907535115826,0.24379903953258258,0.547623735254924,-0.06445312301240541
254,12.700000000000001,5,3.013597754150949,0.2374654628659629,0.5710435938683421,-0.1397041365238871
255,12.75,0,2.936904365542003,-0.3257310522143442,0.5229931268899507,0.16147178188453626
255,12.75,1,1.849677805010007,-0.26676301109966033,0.7685383153199603,0.0018142522061317381
255,12.75,2,3.329288675341693,-0.023286001055500598,0.785194663227696,0.2248014137075407
255,12.75,3,4.100529631309565,-0.024350624894077837,0.8963254533108663,-0.04905467743049036
255,12.75,4,2.222971940274329,0.2405763833819623,0.5287412046539482,-0.0764359857566034
255,12.75,5,3.042149933844366,0.23048025603976854,0.5673791200293739,-0.14599522648709612
256,12.8,0,2.9630540218865007,-0.31765746312011733,0.5280556865646656,0.15926812793369338
256,12.8,1,1.8881047207760049,-0.26667229848935375,0.7484862003731986,0.015919585218309093
256,12.8,2,3.3685484085030777,-0.012045930370123562,0.7834069488631116,-0.3141859668841978
256,12.8,3,4.145345903975109,-0.026803358765602355,0.8997737607028127,-0.06643009687139034
256,12.8,4,2.2494090005070264,0.23675458409413214,0.5114827262402204,-0.08744002836911292
256,12.8,5,3.0705188898458347,0.22318049471541374,0.5649520034241036,-0.1521390462899854
257,12.850000000000001,0,2.9894568062147338,-0.30969405672343264,0.5217270509204646,0.16927256115068315
257,12.850000000000001,1,1.9255290307946649,-0.2658763192284383,0.7264129648423875,0.03013595532511467
257,12.850000000000001,2,3.407718755946233,-0.027755228714333453,0.8140558007540171,0.20500472110916582
257,12.850000000000001,3,4.19033459201025,-0.030124863609171874,0.9034508135865816,-0.07382120516852639
257,12.850000000000001,4,2.2749831368190376,0.2323825826756765,0.4985580117781345,-0.09361493507537912
257,12.850000000000001,5,3.0987664900170397,0.21557354240091448,0.5787825548948815,-0.13950837808492902
258,12.9,0,3.015543158760757,-0.3012304286658985,0.5269277028395332,0.16631933972809276
258,12.9,1,1.9618496790367843,-0.26436952146218257,0.7052364842258766,0.04369542511008711
258,12.9,2,3.4484215459839342,-0.01750499265887516,0.8096856629130914,-0.27385270638646475
258,12.9,3,4.235507132689579,-0.03381592386759819,0.9063167105297255,-0.08786133148631005
258,12.9,4,2.2999110374079446,0.22770183592190754,0.48473042993670684,-0.10343792500192725
258,12.9,5,3.1277056177617837,0.20859812349666804,0.5803047376140208,-0.14431276467590498
259,12.950000000000001,0,3.041889543902734,-0.29291446167949386,0.5226623695311827,0.17509568232220704
259,12.950000000000001,1,1.9971115032480782,-0.2621847502066782,0.682569099224167,0.0570986718264341
259,12.950000000000001,2,3.488905829129589,-0.031197627978198396,0.838684418281156,0.18219543610715325
259,12.950000000000001,3,4.280822968216065,-0.0382089904419137,0.909436036862998,-0.09344001445875687
259,12.950000000000001,4,2.3241475589047798,0.22252993967181117,0.4749043681904226,-0.10919352565114002
259,12.950000000000001,5,3.1567208546424848,0.20138248526287278,0.5955294969956378,-0.13128286270592868
260,13.0,0,3.0680226623792928,-0.2841596775633835,0.5279235640254912,0.1713224740039582
260,13.0,1,2.0312399582092864,-0.2593298166153565,0.66133588782489,0.0696245833094802
260,13.0,2,3.5308400500436465,-0.02208785617284073,0.8453274024848988,0.1641560906562516
260,13.0,3,4.326294770059215,-0.04288099116485154,0.911701022988619,-0.10459157255512982
260,13.0,4,2.347892777314301,0.21707026338925417,0.4646300993128965,-0.11796209200248495
260,13.0,5,3.1864973294922665,0.19481834212757634,0.6013058475827538,-0.13427445418541206
261,13.05,0,3.0944188405805675,-0.27559355386318557,0.5333425444765006,0.1675188629343693
261,13.05,1,2.064306752600531,-0.2558485874498825,0.6403086403654972,0.08153599911283856
261,13.05,2,3.5731064201678917,-0.01388005164002815,0.8486155376416469,-0.21450224363053755
261,13.05,3,4.371879821208647,-0.048110569792608034,0.9137005538054785,-0.11402011586030569
261,13.05,4,2.3711242822799456,0.21117215878912993,0.45620350825064965,-0.12591890959381266
261,13.05,5,3.2165626218714043,0.18810461941830575,0.6090256666203983,-0.13592838235652094
262,13.100000000000001,0,3.1210859678043925,-0.2672176107164671,0.5322738765610798,0.17335041993623856
262,13.100000000000001,1,2.096322184618806,-0.25177178749424056,0.6187696371907861,0.09296382901660197
262,13.100000000000001,2,3.615537197049974,-0.024605163821555028,0.8648741623660903,0.13746890701149642
262,13.100000000000001,3,4.4175648488989205,-0.05381157558562332,0.91599659279567,-0.11720886393224511
262,13.100000000000001,4,2.393934457692478,0.20487621330943928,0.4511988339960686,-0.13103658688967262
262,13.100000000000001,5,3.247013905202424,0.1813082003004797,0.6262662804245733,-0.12222170044968905
263,13.15,0,3.1476996616324464,-0.25855008971965515,0.5376343086007241,0.16888796692108046
263,13.15,1,2.127260666478345,-0.24712359604341047,0.5990314619159907,0.10347200931100951
263,13.15,2,3.6587809051682783,-0.017731718470980207,0.8670046210864204,-0.17113991652993274
263,13.15,3,4.463364678538704,-0.059672018782235575,0.9174087590796655,-0.12450951701616289
263,13.15,4,2.416494399392281,0.19832438396495566,0.4463221922723382,-0.13822228949706933
263,13.15,5,3.2783272192236526,0.17519711527799525,0.6374529241113687,-0.1216258067609154
264,13.200000000000001,0,3.1745813770624824,-0.2501056913736011,0.5383317679564821,0.17239000500067153
264,13.200000000000001,1,2.1572122395741444,-0.24194999557785998,0.5792574540024512,0.1133737487458502
264,13.200000000000001,2,3.7021311362225995,-0.026288714297476846,0.8812176698138806,0.10752244849147014
264,13.200000000000001,3,4.509235116492687,-0.06589749463304372,0.9190541384823944,-0.1268702629698185
264,13.200000000000001,4,2.438810509005898,0.1914132694901022,0.44437127466614484,-0.14332630224931256
264,13.200000000000001,5,3.310199865429221,0.16911582493994948,0.6551278905196751,-0.10854720643818103
265,13.25,0,3.2014979654603066,-0.24148619112356753,0.5436263221981327,0.16755933999335737
265,13.25,1,2.186175112274267,-0.23628130814056747,0.5612850180722868,0.1224753085586127
265,13.25,2,3.7461920197132934,-0.02091259187290334,0.8862114621826911,0.0876567277677772
265,13.25,3,4.555187823416807,-0.07224100778153464,0.9199132127713653,-0.13235726624477864
265,13.25,4,2.4610290727392052,0.18424695437763658,0.4429341671635167,-0.1498940027840831
265,13.25,5,3.342956259955205,0.16368846461804043,0.6687900515149966,-0.10581950817471918
266,13.3,0,3.2286792815702134,-0.23310822412389967,0.5489433685056063,0.16293813136159094
266,13.3,1,2.2142393631778816,-0.23015754271263683,0.544144129571161,0.13098398303277162
266,13.3,2,3.790502592822428,-0.01652975548451448,0.8915965195698048,-0.10953251942727438
266,13.3,3,4.601183484055375,-0.07885887109377357,0.9205374966467892,-0.13682049630536397
266,13.3,4,2.483175781097381,0.17675225423843244,0.4432076404012305,-0.15601583346954073
266,13.3,5,3.376395762530955,0.15839748920930447,0.6833790021752342,-0.10167668503234645
267,13.350000000000001,0,3.256126449995494,-0.22496131755582013,0.5515114871878286,0.16331631108239036
267,13.350000000000001,1,2.2414465696564396,-0.22360834356099826,0.5274462550781809,0.13891483405566413
267,13.350000000000001,2,3.8350824188009183,-0.0220063814558782,0.8986268566397779,0.05423583164684087
267,13.350000000000001,3,4.6472103588877145,-0.08569989590904177,0.9212645851409953,-0.1381901840575995
267,13.350000000000001,4,2.5053361631174424,0.1689514625649554,0.4457562396404675,-0.16110337491707818
267,13.350000000000001,5,3.4105647126397165,0.15331365495768715,0.7012056988326756,-0.08982632868030575
268,13.4,0,3.283702024354885,-0.2167955020017006,0.5559008366545757,0.1588833170787663
268,13.4,1,2.2678188824103485,-0.21666260185821506,0.51208889876818,0.1464023021876991
268,13.4,2,3.8800137616329073,-0.019294589873536157,0.9028561508723326,-0.06677297578005048
268,13.4,3,4.6932735881447645,-0.09260940511192174,0.9213707341894252,-0.14125585546100122
268,13.4,4,2.527623975099466,0.1608962938191015,0.4492339535445742,-0.16696956952356518
268,13.4,5,3.4456249975813504,0.14882233852367185,0.7172003404538647,-0.08403041993169598
269,13.450000000000001,0,3.3114970661876137,-0.2088513361477623,0.5587462159928486,0.15745381652035315
269,13.450000000000001,1,2.2934233273487576,-0.2093424867488301,0.49721604035795286,0.1535145688859993
269,13.450000000000001,2,3.925156569176524,-0.022633238662538684,0.9085116851401746,0.019221562617138064
269,13.450000000000001,3,4.739342124854236,-0.09967219788497181,0.9214416809709205,-0.14234326691425978
269,13.450000000000001,4,2.5500856727766945,0.15254781534292325,0.4545595942928833,-0.1723908904097687
269,13.450000000000001,5,3.4814850146040435,0.14462081752708705,0.7347195344489631,-0.07379964823388284
270,13.5,0,3.3394343769872563,-0.20097864532174464,0.5624441200833884,0.15354302911561765
270,13.5,1,2.3182841293666554,-0.20166675830453012,0.4832272512543816,0.16051452929598792
270,13.5,2,3.970582153433533,-0.02167216053168178,0.9121805126288116,0.0004948243155841709
270,13.5,3,4.7854142089027825,-0.1067893612306848,0.921039774633634,-0.1441718890072661
270,13.5,4,2.5728136524913388,0.1439282708224348,0.46103564867908975,-0.178329642999028
270,13.5,5,3.5182209913264915,0.14093083511539292,0.7512416688594784,-0.06678826530715871
271,13.55,0,3.367556582991426,-0.19330149386596376,0.5660011658827695,0.1500201499849903
271,13.55,1,2.3424454919293747,-0.19364103183973072,0.46967444911109363,0.1675610317884832
271,13.55,2,4.016191179064974,-0.021647419315902573,0.9156061291179727,-0.017446278036718225
271,13.55,3,4.831466197634464,-0.1139979556810481,0.9203890861562145,-0.14539136602901653
271,13.55,4,2.5958654349252934,0.13501178867248342,0.46892092448602324,-0.1844617009884444
271,13.55,5,3.555783074769465,0.13759142185003498,0.767675689558615,-0.05919663884248759
272,13.600000000000001,0,3.3958566412855644,-0.18580048636671426,0.5695783995836579,0.14682867836463911
272,13.600000000000001,1,2.3659292143849293,-0.18526298025030657,0.4564098198064216,0.17488511016765712
272,13.600000000000001,2,4.061971485520872,-0.022519733217738484,0.9187810360624367,-0.03447771202567892
272,13.600000000000001,3,4.8774856519422745,-0.12126752398249893,0.9194787772257702,-0.1460613830900657
272,13.600000000000001,4,2.6193114811495946,0.12578870362306122,0.4781222578798531,-0.19099852565259365
272,13.600000000000001,5,3.594166859247396,0.1346315899079106,0.7838119890616151,-0.05118364131291588
273,13.65,0,3.4243355612647473,-0.1784590524484823,0.5733562042509324,0.14387513814761477
273,13.65,1,2.3887497053752504,-0.1765187247419237,0.4432830852133154,0.18276601045729746
273,13.65,2,4.107910537323994,-0.024243618819022428,0.9216988075424525,-0.050502300563274954
273,13.65,3,4.923459590803563,-0.12857059313700223,0.9182961691451296,-0.14623083071481519
273,13.65,4,2.643217594043587,0.11623877734043153,0.4885185603286316,-0.19818473585199203
273,13.65,5,3.6333574587004764,0.13207240784226482,0.7994564690212212,-0.04287232513027097
274,13.700000000000001,0,3.453003371477294,-0.17126529554110156,0.5775248217692266,0.14102865323416677
274,13.700000000000001,1,2.410913859635916,-0.16738042421905883,0.4301591963092207,0.19153402158127575
274,13.700000000000001,2,4.153995477701116,-0.026768733847186175,0.9243548119708274,-0.06545338922341114
274,13.700000000000001,3,4.969374399260819,-0.135882134672743,0.916826708639303,-0.14593912298012165
274,13.700000000000001,4,2.6676435220600188,0.10632954054783193,0.49994531542523896,-0.20630021027556136
274,13.700000000000001,5,3.6733302821515377,0.12992879158575127,0.8144398061218736,-0.03434376778592511
275,13.75,0,3.4818796125657556,-0.1642138628793932,0.5822721477110685,0.13812557235464115
275,13.75,1,2.432421819451377,-0.15780372313999505,0.41694417545769386,0.2015670025017583
275,13.75,2,4.200213218299657,-0.03004140330835673,0.9267465183414294,-0.07929529282262053
275,13.75,3,5.015215734692784,-0.14317909082174907,0.9150539663983116,-0.145217386426499
275,13.75,4,2.6926407878312806,0.09601453003405386,0.5121737747139812,-0.21565731077781727
275,13.75,5,3.7140522724576313,0.12821160319645503,0.8286244792396869,-0.025636627677623165
276,13.8,0,3.510993219951309,-0.15730758426166117,0.5877699657937847,0.13497959561142328
276,13.8,1,2.4532690282242617,-0.14772537301490712,0.4036215017152825,0.21327461990151356
276,13.8,2,4.246550544216729,-0.034006167949487756,0.9288734499827004,-0.09202116492189424
276,13.8,3,5.0609684330127,-0.150439960143074,0.912959662670225,-0.1440895563537837
276,13.8,4,2.71824947656698,0.08523166449516299,0.5248855180662598,-0.22658907143020493
276,13.8,5,3.7554834964196155,0.12692977181257387,0.8419086130460552,-0.016752237205485635
277,13.850000000000001,0,3.5403817182409982,-0.15055860448109,0.5941602192094226,0.13139680191486827
277,13.850000000000001,1,2.473450103310026,-0.13706164201983145,0.39029991112794793,0.2270616620153166
277,13.850000000000001,2,4.292994216715863,-0.03860722619558247,0.9307368752329306,-0.10364909970874622
277,13.850000000000001,3,5.1066164161462115,-0.1576444379607632,0.9105237187335689,-0.14257341614448937
277,13.850000000000001,4,2.7444937524702926,0.07390221092365275,0.5376456331318822,-0.23942255907463966
277,13.850000000000001,5,3.7975789270719185,0.12609215995229958,0.8542262889497663,-0.007664184648729137
278,13.9,0,3.5700897292014693,-0.1439887643853466,0.6015430740600228,0.1271937923824019
278,13.9,1,2.4929650988664234,-0.12570855891906563,0.34858997026048105,0.223799683373922
278,13.9,2,4.33953106047751,-0.04378968118101978,0.9323393354979669,-0.11421729166047286
278,13.9,3,5.15214260208289,-0.16477310876798765,0.9077243428647127,-0.14068162260045766
278,13.9,4,2.7713760341268867,0.06193108296992077,0.5752699324035687,-0.2318460574572527
278,13.9,5,3.8402902415194067,0.12570895071986313,0.8655446700525538,0.001669296313605738
279,13.950000000000001,0,3.6001668829044706,-0.13762907476622652,0.6097425419303351,0.12185955842589852
279,13.950000000000001,1,2.5103945973794475,-0.11451857475036953,0.32237389131737726,0.2364374976378275
279,13.950000000000001,2,4.386148027252409,-0.04950054576404342,0.9336631071125667,-0.12385612299941344
279,13.950000000000001,3,5.197528819226125,-0.17180718989801053,0.9045382191429202,-0.13843229899765264
279,13.950000000000001,4,2.800139530747065,0.05033878009705813,0.5993698926645967,-0.2415737402758484
279,13.950000000000001,5,3.8835674750220344,0.1257924155355434,0.8758248346645483,0.011113720973594008
280,14.0,0,3.6306540100009874,-0.1315360968449316,0.6189705535020368,0.11553445587334889
280,14.0,1,2.5265132919453164,-0.10269669986847815,0.32726636304278495,0.2669436128438492
280,14.0,2,4.432831182608037,-0.05569335191401409,0.9347323866512187,-0.13255565636151753
280,14.0,3,5.242755730183271,-0.17872880484789316,0.9009470343771631,-0.13581770848685984
280,14.0,4,2.830108025380295,0.03826009308326571,0.5986881929431239,-0.27199849010174876
280,14.0,5,3.9273587167552617,0.1263481015842231,0.885115203052477,0.020873960727688302
281,14.05,0,3.6616025376760892,-0.12575937405126414,0.6294157340998598,0.10848693261915383
281,14.05,1,2.542876610097456,-0.08934951922628569,0.34060165278259863,0.29836869144858763
281,14.05,2,4.479567801940599,-0.062321134732089965,0.9355785207995033,-0.1403159461489826
281,14.05,3,5.287803081902129,-0.18551969027223617,0.8969356696226591,-0.13283353173409973
281,14.05,4,2.860042435027451,0.024660168578178272,0.5894743475822003,-0.30481357516716096
281,14.05,5,3.9716144769078854,0.1273917996206075,0.8934896201286147,0.031116719541988865
282,14.100000000000001,0,3.693073324381082,-0.12033502742030644,0.6409434248822667,0.10073260143180239
282,14.100000000000001,1,2.5599066927365857,-0.07443108465385631,0.36033528647240864,0.3268243789168149
282,14.100000000000001,2,4.526346727980574,-0.0693369320395391,0.9361993493907302,-0.1472268229865536
282,14.100000000000001,3,5.332649865383262,-0.19216136685894114,0.8924738590724116,-0.12949556972371307
282,14.100000000000001,4,2.889516152406561,0.009419489819820224,0.5731826910025188,-0.33654735405285907
282,14.100000000000001,5,4.016288957914316,0.12894763559770694,0.9009833786821164,0.041795696277468576
283,14.15,0,3.7251204956251955,-0.11529839734871632,0.6533521181858258,0.09226355872871769
283,14.15,1,2.5779234570602063,-0.05808986570801557,0.3579133528641777,0.3481236521169322
283,14.15,2,4.57315669545011,-0.07669827318886678,0.9365874477475898,-0.15339236979691906
283,14.15,3,5.377273558336882,-0.1986361453451268,0.8875286735118505,-0.12582594842743894
283,14.15,4,2.918175286956687,-0.00740787788282273,0.5730767683072145,-0.3564833857682808
283,14.15,5,4.061338126848422,0.13103742041158037,0.9076369451421501,0.05280669231309736
284,14.200000000000001,0,3.7577881015344867,-0.11068521941228043,0.6662940027972509,0.0828832247850366
284,14.200000000000001,1,2.5958191247034152,-0.04068368310216895,0.3602631139603312,0.3672381876486825
284,14.200000000000001,2,4.619986067837489,-0.08436789167871274,0.9367220570627922,-0.15893067269326822
284,14.200000000000001,3,5.421649992012475,-0.20492744276649874,0.8820719437909985,-0.12182240615705253
284,14.200000000000001,4,2.9468291253720476,-0.02523204717123677,0.5776625341576964,0.4030842479963511
284,14.200000000000001,5,4.10671997410553,0.13367775502723522,0.913476308752746,0.0639802362202575
285,14.25,0,3.791102801674349,-0.1065410581730286,0.6784136211123258,0.058893193411499886
285,14.25,1,2.613832280401432,-0.022321773719734827,0.37193714503198966,0.3364697524495157
285,14.25,2,4.6668221706906285,-0.09231442531337615,0.9366236318092759,-0.16339932755763945
285,14.25,3,5.465753589202025,-0.21101856307435138,0.8763280663096812,-0.11349263313170672
285,14.25,4,2.975712252079932,-0.00507783477141921,0.5967810086167065,-0.39550004676841877
285,14.25,5,4.152393789543167,0.1368767668382481,0.9193122425970345,0.07157954312567401
286,14.3,0,3.825023482729965,-0.1035963985024536,0.6937937050522458,0.0492777486987999
286,14.3,1,2.6324291376530313,-0.005498286097259039,0.40126743723112246,-0.3998458684684442
286,14.3,2,4.713653352281092,-0.10048439169125813,0.9363827014996149,-0.16776100146931797
286,14.3,3,5.509569992517509,-0.2166931947309367,0.8698804422586408,-0.10923700488014583
286,14.3,4,3.0055513025107676,-0.02485283710984015,0.6121544845460538,0.35458995488689365
286,14.3,5,4.198359401673018,0.14045574399453178,0.923687886068712,0.08364580477118867
287,14.350000000000001,0,3.8597131679825774,-0.1011325110675136,0.7091706728236736,0.030409008042226505
287,14.350000000000001,1,2.6524925095145875,-0.02549057952068125,0.42683932394105806,0.3446595333643475
287,14.350000000000001,2,4.760472487356073,-0.10887244176472402,0.9357382369997954,-0.1731937903611752
287,14.350000000000001,3,5.553064014630441,-0.222155044974944,0.8629676837239216,-0.1050725459496419
287,14.350000000000001,4,3.0361590267380705,-0.007123339365495467,0.6222518544663058,-0.3868099461077412
287,14.350000000000001,5,4.244543795976454,0.1446380342330912,0.9280134712538574,0.0924030969201633
288,14.4,0,3.8951717016237613,-0.09961206066540228,0.7259425136839252,0.019428752633716503
288,14.4,1,2.6738344757116406,-0.008257602852463873,0.44321959621768753,-0.4062017267929599
288,14.4,2,4.807259399206063,-0.11753213128278278,0.9352218246799973,-0.17654367719788147
288,14.4,3,5.596212398816637,-0.22740867227242612,0.8558379731672653,-0.10007300607930618
288,14.4,4,3.0672716194613856,-0.026463836670882528,0.6424458768586666,0.3430783614566668
288,14.4,5,4.290944469539147,0.14925818907909938,0.9313993883843805,0.10437154280942831
289,14.450000000000001,0,3.9314688273079574,-0.09864062303371646,0.7421514857913354,0.00013255204662096065
289,14.450000000000001,1,2.695995455522525,-0.02856768919211187,0.4725003968963794,0.3529872152813596
289,14.450000000000001,2,4.854020490440063,-0.12635931514267684,0.9342441144605144,-0.1811249043457456
289,14.450000000000001,3,5.639004297475,-0.23241232257639144,0.8482409309664657,-0.09541192849956913
289,14.450000000000001,4,3.099393913304319,-0.009309918598049187,0.6499510873127927,-0.3730031254834128
289,14.450000000000001,5,4.337514438958366,0.1544767662195708,0.9347632054419479,0.11304413227491528
290,14.5,0,3.9685764015975242,-0.09863399543138542,0.7592118117048358,-0.011254508411167556
290,14.5,1,2.719620475367344,-0.010918328428043887,0.4789465212277165,-0.4109802013478875
290,14.5,2,4.900732696163089,-0.13541556035996413,0.9334028851320477,-0.18365554688448318
290,14.5,3,5.681416344023323,-0.2371829190013699,0.8405031421781575,-0.08972363630236485
290,14.5,4,3.1318914676699587,-0.02796007487221983,0.6732686995955194,0.3280698751465356
290,14.5,5,4.3842525992304635,0.16012897283331656,0.9372429942135458,0.12453449066781953
291,14.55,0,4.006536992182766,-0.0991967208519438,0.7751943268116299,-0.029850871249831247
291,14.55,1,2.7435678014287297,-0.03146733849543826,0.5119737707548552,0.3604714646410507
291,14.55,2,4.947402840419691,-0.14459833770418828,0.9320445267792067,-0.18757028528142675
291,14.55,3,5.723441501132231,-0.24166910081648812,0.8323246809936561,-0.08467742955345119
291,14.55,4,3.1655549026497347,-0.01155658111489305,0.6782636316129624,-0.3551915821546034
291,14.55,5,4.431114748941141,0.16635569736670755,0.9397453873799917,0.13278691159447417
292,14.600000000000001,0,4.045296708523347,-0.10068926441443536,0.7915619560194503,-0.04076382647861952
292,14.600000000000001,1,2.7691664899664725,-0.013443765263385723,0.5109278182866422,-0.4136457925080544
292,14.600000000000001,2,4.994005066758651,-0.1539768519682596,0.9308290936510472,-0.18942117096536745
292,14.600000000000001,3,5.765057735181914,-0.2459029722941607,0.8241040978603308,-0.07836313110663144
292,14.600000000000001,4,3.1994680842303826,-0.02931616022262322,0.7035052819826301,0.31056967623614207
292,14.600000000000001,5,4.478102018310141,0.17299504294643125,0.9414297138040504,0.14351621272514306
293,14.65,0,4.084874806324319,-0.10272745573836634,0.8064525911180629,-0.057789068710668114
293,14.65,1,2.794712880880805,-0.03412605488878845,0.5473584900302491,0.36622993982659413
293,14.65,2,5.040546521441203,-0.163447910516528,0.9290394276080798,-0.1928045118588155
293,14.65,3,5.806262940074931,-0.24982112884949226,0.8154983695584236,-0.07303119758258032
293,14.65,4,3.2346433483295143,-0.013787676410816116,0.7067662615097414,-0.3333415896964303
293,14.65,5,4.525173504000343,0.18017085358268842,0.9431903400915077,0.1511057536088506
294,14.700000000000001,0,4.125197435880223,-0.10561690917389974,0.8213826072789838,-0.06759720263707122
294,14.700000000000001,1,2.8220808053823174,-0.015814557897458743,0.5408440372052007,-0.4137381169328551
294,14.700000000000001,2,5.086998492821607,-0.17308813610946877,0.9273965667868528,-0.19407343888852868
294,14.700000000000001,3,5.847037858552852,-0.2534726887286213,0.8069668368567902,-0.06615278091066805
294,14.700000000000001,4,3.2699816614050015,-0.03045475589563763,0.7330902081078571,0.2903198722436747
294,14.700000000000001,5,4.572333021004919,0.18772614126313095,0.944203826212491,0.16090096195848624
295,14.75,0,4.166266566244172,-0.1089967693057533,0.8345994363407455,-0.08251160794943375
295,14.75,1,2.8491230072425773,-0.0365014637441015,0.5801509739429522,0.36947188635390704
295,14.75,2,5.133368321160949,-0.1827918080538952,0.9251195036939598,-0.1970238225125281
295,14.75,3,5.887386200395691,-0.25678032777415466,0.7981308920817355,-0.060625059984226105
295,14.75,4,3.3066361718103945,-0.015938762283453894,0.7353779314358159,-0.30741524763843453
295,14.75,5,4.619543212315544,0.19577118936105525,0.9453469140158639,0.16769021732795208
296,14.8,0,4.207996538061209,-0.11312234970322499,0.847636253098813,-0.09088420047011317
296,14.8,1,2.878130555939725,-0.01802786942640615,0.579339293194121,0.363759633337955
296,14.8,2,5.179624296345647,-0.1926429991795216,0.9229888353557139,-0.19778219582905956
296,14.8,3,5.927292744999778,-0.25981158077336597,0.7894932980197704,-0.0532399807099093
296,14.8,4,3.3434050683821854,-0.03130952466537562,0.7618968237877508,0.2670719283075697
296,14.8,5,4.666810558016337,0.20415570022745286,0.9458134684097617,0.17647636082616527
297,14.850000000000001,0,4.25037835071615,-0.11766655972673065,0.8583555952883574,-0.10584656208973367
297,14.850000000000001,1,2.907097520599431,0.00016011224049160278,0.5952089264800998,-0.43353622275926984
297,14.850000000000001,2,5.225773738113433,-0.20253210897097457,0.920583271524663,-0.1974466708806404
297,14.850000000000001,3,5.966767409900767,-0.26247357980886143,0.7807855993531525,-0.04210553230992204
297,14.850000000000001,4,3.381499909571573,-0.017955928249997137,0.7589672738225152,-0.3039647879574374
297,14.850000000000001,5,4.714101231436825,0.21297951826876113,0.9464515572342913,0.18347846827450867
298,14.9,0,4.2932961304805675,-0.12295888783121733,0.8699613048015241,-0.10978284251737333
298,14.9,1,2.936857966923436,-0.02151669889747189,0.6128663331438766,0.3615204786826897
298,14.9,2,5.271802901689666,-0.2124044425150066,0.9173736623137955,-0.20099980813430787
298,14.9,3,6.005806689868424,-0.2645788564243575,0.7719817915104916,-0.04032869532310909
298,14.9,4,3.4194482732626987,-0.03315416764786901,0.7902728407186497,0.2429302373312039
298,14.9,5,4.761423809298539,0.22215344168248657,0.9464500651183475,0.19015683490369628
299,14.950000000000001,0,4.3367941957206435,-0.128448029957086,0.8787342993399504,-0.12215446218115263
299,14.950000000000001,1,2.9675012835806296,-0.003440674963337404,0.6230547141757297,-0.42238446930536566
299,14.950000000000001,2,5.317671584805356,-0.22245443292172198,0.9143731454188101,-0.2002533674579394
299,14.950000000000001,3,6.044405779443949,-0.26659529119051295,0.7634897296284031,-0.02902834582984488
299,14.950000000000001,4,3.458961915298631,-0.02100765578130881,0.7994990591478517,0.20395164312951955
299,14.950000000000001,5,4.808746312554456,0.2316612834276714,0.9466565071127087,0.19641958871718468
300,15.0,0,4.380730910687641,-0.13455575306614365,0.887267897388567,-0.1306571251168028
300,15.0,1,2.998654019289416,-0.02455989842860569,0.6489484147235591,0.33879087623922305
300,15.0,2,5.363390242076297,-0.23246710129461895,0.9105641039229299,-0.20258673556635334
300,15.0,3,6.082580265925369,-0.2680467084820052,0.7550215695429521,-0.02368682741084806
300,15.0,4,3.4989368682560236,-0.010810073624832831,0.8086223197955692,-0.2456950557501199
300,15.0,5,4.856079137910092,0.24148226286353064,0.9466944853195405,0.2011897463333135
301,15.05,0,4.425094305557069,-0.14108860932198378,0.8953587225859317,-0.13494626797616635
301,15.05,1,3.031101440025594,-0.007620354616644537,0.6512413839676674,-0.40665876918860544
301,15.05,2,5.408918447272443,-0.24259643807293663,0.9068438890053411,-0.20250234587132257
301,15.05,3,6.1203313444025165,-0.2692310498525476,0.7469874974323925,-0.015602735021822453
301,15.05,4,3.539367984245802,-0.02309482641233883,0.8263486830746934,0.17635152608212998
301,15.05,5,4.903413862176069,0.2515417501801963,0.9461956237642513,0.20759512731005628
302,15.100000000000001,0,4.469862241686366,-0.1478359227207921,0.9020741034951099,-0.14173021106070227
302,15.100000000000001,1,3.0636635092239772,-0.02795329307607481,0.681642119274135,0.3309226823627025
302,15.100000000000001,2,5.45426064172271,-0.25272155536650276,0.9023102653963497,-0.20463123738225053
302,15.100000000000001,3,6.157680719274136,-0.2700111866036387,0.7390558386629777,-0.010157237962199495
302,15.100000000000001,4,3.5806854183995367,-0.01427725010823233,0.8342529452646938,-0.20439613818303268
302,15.100000000000001,5,4.950723643364281,0.2619215065456991,0.9459456962381629,0.21157669440899507
303,15.15,0,4.514965946861121,-0.1549224332738272,0.9083837446748224,-0.1451554236053477
303,15.15,1,3.097745615187684,-0.011407158957939683,0.6807342839970253,-0.3868164503249352
303,15.15,2,5.499376154992528,-0.26295311723561526,0.8978524046629677,-0.20425517648851965
303,15.15,3,6.194633511207285,-0.2705190485017487,0.7316172827599509,-0.0016320957697757905
303,15.15,4,3.6223980656627712,-0.024497057017383965,0.8511099776522335,0.14564911876205172
303,15.15,5,4.998020928176189,0.27250034126614886,0.9452137464064595,0.21708490662826
304,15.200000000000001,0,4.5603851340948625,-0.1621802044540946,0.9135664132065833,-0.15043498806769978
304,15.200000000000001,1,3.1317823293875353,-0.030747981474186444,0.7134253472925222,0.31829928116472045
304,15.200000000000001,2,5.544268775225676,-0.2731658760600412,0.8925392863666166,-0.2062532256288521
304,15.200000000000001,3,6.231214375345282,-0.27060065329023747,0.7243588758766274,0.003917803275093959
304,15.200000000000001,4,3.664953564545383,-0.01721460107928138,0.8582447440979076,-0.16107434360240372
304,15.200000000000001,5,5.045281615496512,0.28335458659756185,0.9447130096996147,0.22036490621219457
305,15.25,0,4.6060634547551915,-0.16970195385747958,0.918366178609076,-0.153179625636858
305,15.25,1,3.1674535967521615,-0.01483301741595042,0.7099894240715615,-0.3639992539535287
305,15.25,2,5.588895739544007,-0.2834785373414838,0.887286733046892,-0.2056823278050853
305,15.25,3,6.267432319139114,-0.27040476312648276,0.7176096564148735,0.012860610487566653
305,15.25,4,3.7078658017502786,-0.025268318259401568,0.87345413725056,0.11243852921988302
305,15.25,5,5.092517265981493,0.2943728319081716,0.9437803483640392,0.22506110843352523
306,15.3,0,4.6519817636856455,-0.17736093513932247,0.9222908714884127,-0.1571698976191243
306,15.3,1,3.2029530679557396,-0.03303298011362686,0.7434950201952827,0.3021837690829706
306,15.3,2,5.633260076196352,-0.2937626537317381,0.8811633628458522,-0.20763916659114476
306,15.3,3,6.303312801959858,-0.26976173260210445,0.7110996863785553,0.01852700416683669
306,15.3,4,3.7515385086128066,-0.019646391798407416,0.8799716375952484,-0.11669142330271154
306,15.3,5,5.139706283399695,0.30562588732984786,0.9430446652894896,0.22771918616136444
307,15.350000000000001,0,4.698096307260066,-0.18521943002027869,0.9258326051176738,-0.15940110973475005
307,15.350000000000001,1,3.2401278189655036,-0.017923791659478328,0.750449211204294,0.27476865293722913
307,15.350000000000001,2,5.677318244338645,-0.30414461206129534,0.8750908866822659,-0.20698266717415995
307,15.350000000000001,3,6.338867786278786,-0.26883538239376265,0.7050727592866044,0.02787363259157199
307,15.350000000000001,4,3.795537090492569,-0.02548096296354299,0.8930677119645664,0.07755850094434846
307,15.350000000000001,5,5.18685851666417,0.3170118466379161,0.9419244692110504,0.2316800210969105
308,15.4,0,4.74438793751595,-0.1931894855070162,0.9284584551359689,-0.16298031796844992
308,15.4,1,3.2776502795257185,-0.004185359012616871,0.7579086716254074,-0.3443372284635783
308,15.4,2,5.721072788672759,-0.31449374542000336,0.8685177645288327,-0.20604276634279334
308,15.4,3,6.374121424243116,-0.26744170076418405,0.699260602549172,0.03841392403914341
308,15.4,4,3.8401904760907972,-0.02160303791632557,0.900770889703196,0.04722298539930513
308,15.4,5,5.233954740124722,0.3285958476927616,0.9408244052434922,0.23504339271286062
309,15.450000000000001,0,4.790810860272749,-0.20133850140543869,0.9310172394573467,-0.16516343653036328
309,15.450000000000001,1,3.3155457131069888,-0.021402220435795788,0.7807303684109287,0.2501906821915984
309,15.450000000000001,2,5.7644986768992,-0.324795883737143,0.8612151432403382,-0.20827696618415498
309,15.450000000000001,3,6.409084454370574,-0.2655210045622269,0.693903703209992,0.043996269765295304
309,15.450000000000001,4,3.885229020575957,-0.01924188864636031,0.9080301809938339,-0.06155208829353861
309,15.450000000000001,5,5.280995960386897,0.34034801732840464,0.9397306080645601,0.23687626335835427
310,15.5,0,4.837361722245616,-0.20959667323195685,0.9330997737256227,-0.16666833884402246
310,15.5,1,3.354582231527535,-0.008892686326215867,0.7847134695381737,-0.31154970093177
310,15.5,2,5.8075594340612176,-0.3352097320463508,0.8539321111504818,-0.20788439164085337
310,15.5,3,6.443779639531074,-0.2633211910739621,0.688876660121367,0.053600891723745915
310,15.5,4,3.930630529625649,-0.02231949306103724,0.9161628859579833,0.014780974379364055
310,15.5,5,5.327982490790125,0.35219183049632236,0.9383075940161871,0.23981933148664344
311,15.55,0,4.884016710931897,-0.217930090174158,0.934893383359279,-0.16805888697660865
311,15.55,1,3.3938179050044437,-0.024470171372804366,0.8084908566544152,0.22734599746027875
311,15.55,2,5.850256039618742,-0.34560395162839347,0.8460013648533542,-0.21027244118128435
311,15.55,3,6.478223472537142,-0.2606411464877748,0.6842385869745858,0.059410683767873625
311,15.55,4,3.976438673923548,-0.021580444342069037,0.9224255366114803,0.0034512476621337664
311,15.55,5,5.374897870490935,0.36418279707065454,0.9369485034766006,0.24117327591388937
312,15.600000000000001,0,4.930761380099861,-0.22633303452298842,0.9361283126904951,-0.1695330643037935
312,15.600000000000001,1,3.4342424478371645,-0.013102871499790428,0.8107720008740819,-0.27611960143950354
312,15.600000000000001,2,5.8925561078614095,-0.35611757368745767,0.838113867168135,-0.21001609577124017
312,15.600000000000001,3,6.512435401885871,-0.25767061229938115,0.6798208877136204,0.06948213849562679
312,15.600000000000001,4,4.022559950754122,-0.021407881958962347,0.9283416062913926,-0.0025771955728953588
312,15.600000000000001,5,5.421745295664765,0.376241460866349,0.9353243799340806,0.24348517859295674
313,15.65,0,4.9775677957343865,-0.2348096877381781,0.9372657460425295,-0.17032238863656265
313,15.65,1,3.4747810478808687,-0.026908851571765605,0.8345888111451084,0.19990955033419985
313,15.65,2,5.9344618012198165,-0.3666183784760197,0.8297523160449569,-0.21257428374402448
313,15.65,3,6.5464264462715525,-0.2541965053745998,0.6758067714110306,0.07559459745399395
313,15.65,4,4.068977031068692,-0.021536741737607116,0.9336332965237235,0.02234345058828125
313,15.65,5,5.468511514661469,0.38841571979599687,0.9336711761355412,0.24438368299790825
314,15.700000000000001,0,5.024431083036513,-0.24332580717000624,0.9378602395349421,-0.17140990866336395
314,15.700000000000001,1,3.516510488438124,-0.01691337405505561,0.8358458792075774,-0.23748940777057304
314,15.700000000000001,2,5.975949417022064,-0.37724709266322093,0.821503253448109,-0.21266297883102842
314,15.700000000000001,3,6.580216784842104,-0.2504167755019001,0.671937757215757,0.08569207840659236
314,15.700000000000001,4,4.115658695894878,-0.02041956920819305,0.9387041190989757,0.03488220182672289
314,15.700000000000001,5,5.515195073468246,0.4006349039458923,0.9317766357486265,0.24612927469837095
315,15.75,0,5.07132409501326,-0.2518963026031744,0.9383238663544505,-0.1720855697393985
315,15.75,1,3.5583027823985027,-0.028787844443584263,0.8588066656468492,0.16815960045510459
315,15.75,2,6.0170245796944695,-0.38788024160477236,0.8129568839834986,-0.215249900633781
315,15.75,3,6.613813672702892,-0.2461321715815705,0.668421366404485,0.09240845224904426
315,15.75,4,4.162593901849827,-0.018675459116856908,0.9429302924231311,0.05469466739823412
315,15.75,5,5.561783905255678,0.41294136768081086,0.9298225312856588,0.2465572695295051
316,15.8,0,5.118240288330982,-0.26050058109014435,0.9383250550369537,-0.17291275565129405
316,15.8,1,3.601243115680845,-0.020379864420829036,0.8673673453024889,0.13588581605965272
316,15.8,2,6.057672423893645,-0.39864273663646144,0.8046299866265607,-0.21569452167721317
316,15.8,3,6.647234741023116,-0.24151174896911828,0.6650112824615962,0.10244567670838893
316,15.8,4,4.209740416470984,-0.015940725746945203,0.9471547191331623,0.06447981902740679
316,15.8,5,5.608275031819961,0.4252692311572861,0.9276199561853457,0.24773232397069506
317,15.850000000000001,0,5.16515654108283,-0.26914621887270906,0.9380590939277136,-0.17354553029511124
317,15.850000000000001,1,3.6446114829459697,-0.0135855736178464,0.8720539252990788,-0.19046351640188852
317,15.850000000000001,2,6.0979039232249725,-0.4094274627203221,0.79635004523555,-0.21643888893978178
317,15.850000000000001,3,6.680485305146195,-0.23638946513369885,0.6617930985603081,0.11218157763418538
317,15.850000000000001,4,4.257098152427642,-0.012716734795574863,0.9508962781119821,0.0737371140194067
317,15.850000000000001,5,5.654656029629228,0.43765584735582086,0.9252385900266014,0.24858986445799083
318,15.9,0,5.212059495779215,-0.27782349538746465,0.9376602783667983,-0.17387362965944714
318,15.9,1,3.6882141792109238,-0.023108749437940827,0.8886781514476001,0.10136794658985138
318,15.9,2,6.13772142548675,-0.4202494071673112,0.7881232868991034,-0.21911225616416422
318,15.9,3,6.713574960074211,-0.23078038625198957,0.6589109023236627,0.11924573516915263
318,15.9,4,4.304642966333241,-0.009029879094604528,0.9537760261860322,0.08768596516582772
318,15.9,5,5.7009179591305585,0.4500853405787204,0.9227207405651227,0.248353787690543
319,15.950000000000001,0,5.258942509697555,-0.286517176870437,0.9368619899790218,-0.1741915482453141
319,15.950000000000001,1,3.732648086783304,-0.01804035210844826,0.8918266835562055,-0.14764139413894709
319,15.950000000000001,2,6.177127589831705,-0.4312050199755194,0.7802653991130809,-0.2201696319185194
319,15.950000000000001,3,6.746520505190394,-0.22481809949353193,0.6560946794541417,0.1285333414204715
319,15.950000000000001,4,4.352331767642543,-0.004645580836313143,0.9567399232930668,0.09487544569767707
319,15.950000000000001,5,5.747053996158814,0.46250302996324755,0.9199317468923124,0.24864916222120778
320,16.0,0,5.305785609196506,-0.2952267542827027,0.9359010412672517,-0.17424093578423694
320,16.0,1,3.777239420961114,-0.025422421815395613,0.9070953635502988,0.06501791385190278
320,16.0,2,6.216140859787359,-0.4422135015714454,0.7726455262055713,-0.2226922274323469
320,16.0,3,6.779325239163101,-0.21839143242250836,0.653581189412478,0.1356261674584103
320,16.0,4,4.400168763807196,9.819144857071103e-05,0.9589277167751433,0.1053332742372129
320,16.0,5,5.79305058350343,0.47493548807430797,0.9169401729696204,0.24802220456681326
321,16.05,0,5.352580661259869,-0.3039388010719145,0.9345733118758266,-0.17420071685294006
321,16.05,1,3.8225941891386293,-0.022171526122800475,0.9138768065126794,0.039165461907648795
321,16.05,2,6.254773136097637,-0.45334811294306276,0.7654950416766145,-0.2239714200542847
321,16.05,3,6.812004298633725,-0.21161012404958784,0.6511733407788404,0.14416074003306628
321,16.05,4,4.448115149645953,0.0053648551604313565,0.9611952048431169,0.11102580112442068
321,16.05,5,5.838897592151911,0.48733659830264864,0.9136650457378785,0.24775312987248788
322,16.1,0,5.39930932685366,-0.3126488369145615,0.9329763579865393,-0.1739546525568297
322,16.1,1,3.868288029464263,-0.020213253027418034,0.9175067548041693,-0.09013710027247626
322,16.1,2,6.293047888181468,-0.46454668394577703,0.7587656533409233,-0.22537298511720394
322,16.1,3,6.844562965672667,-0.20440208704793453,0.6489824117656753,0.15213040659872454
322,16.1,4,4.496174909888109,0.01091614521665239,0.9631190676738649,0.11639368603105131
322,16.1,5,5.884580844438805,0.499724254796273,0.9101154340035084,0.2471849535648578
323,16.150000000000002,0,5.4459581447529875,-0.321346569542403,0.9311509154938568,-0.1734779196605501
323,16.150000000000002,1,3.9141633672044716,-0.024720108041041848,0.9278299035241059,0.003645548960556565
323,16.150000000000002,2,6.330986170848514,-0.4758153332016372,0.7524794336233066,-0.2274590686319087
323,16.150000000000002,3,6.877012086260951,-0.1967955667179983,0.6470856112305198,0.15865888722759666
323,16.150000000000002,4,4.544330863271802,0.01673582951820496,0.9645309325046504,0.1230815679847545
323,16.150000000000002,5,5.93008661613898,0.512083502474516,0.906273743309364,0.24600359412424005
324,16.2,0,5.49251569052768,-0.33002046552543046,0.9289805356076639,-0.17282785265274903
324,16.2,1,3.9605548623806768,-0.02453783059301402,0.9332086261491597,-0.016135805014826435
324,16.2,2,6.36861014252968,-0.48718828663323266,0.7467236911679263,-0.22888200186722749
324,16.2,3,6.909366366822477,-0.18886262235661846,0.6453947486757279,0.16548303341224513
324,16.2,4,4.592557409897035,0.022889907917442685,0.965909131908369,0.1275297963299362
324,16.2,5,5.975400303304448,0.524383682180728,0.9021147793541197,0.24488250687948754
325,16.25,0,5.538964717308064,-0.33866185815806793,0.9265060253341465,-0.17196147909060117
325,16.25,1,4.007215293688135,-0.02534462084375534,0.9381527331228475,-0.03371491270940898
325,16.25,2,6.405946327088076,-0.49863238672659405,0.7414715546568078,-0.2302926894914486
325,16.25,3,6.941636104256263,-0.1805884706860062,0.6439878020476169,0.17163206846179327
325,16.25,4,4.6408528664924535,0.029266397733939496,0.9670383499045889,0.1317078184320074
325,16.25,5,6.020506042272154,0.5366278075247023,0.897622604948566,0.24348707221380328
326,16.3,0,5.585290018574771,-0.347259932112598,0.9237125396595255,-0.17087514670820295
326,16.3,1,4.054122930344277,-0.02703036647922579,0.942670697722572,-0.049235308963413216
326,16.3,2,6.4430199048209165,-0.5101470212011665,0.7367229344503596,-0.23165710654708316
326,16.3,3,6.973835494358644,-0.17200686726291653,0.6428903529411791,0.1770888291937441
326,16.3,4,4.689204783987683,0.03585178865553987,0.9679468312859587,0.13562042149677006
326,16.3,5,6.065387172519582,0.5488021611353925,0.8927813243036508,0.24183003767513664
327,16.35,0,5.631475645557747,-0.3558036894480081,0.9205846498177793,-0.16956477078076282
327,16.35,1,4.1012564652304055,-0.029492131927396453,0.9467748106234543,-0.06286124570896133
327,16.35,2,6.479856051543434,-0.5217298765285207,0.7324654801546886,-0.23295190531026225
327,16.35,3,7.005980012005703,-0.16315242580322933,0.6421268427564285,0.18184617183675755
327,16.35,4,4.737602125551981,0.04263280973037837,0.9686595181300592,0.13927456972588423
327,16.35,5,6.110026238734765,0.5608936630191493,0.8875784689625652,0.23992650071281074
328,16.400000000000002,0,5.6775048780486355,-0.36428192798704623,0.9171069459955477,-0.16802618854335072
328,16.400000000000002,1,4.148595205761579,-0.03263519421284452,0.9504812168236028,-0.0747661123162931
328,16.400000000000002,2,6.516479325551169,-0.5333774717940337,0.7286766574228696,-0.2341656078514342
328,16.400000000000002,3,7.038086354143525,-0.15406011721139146,0.6417382672659699,0.18590982538082917
328,16.400000000000002,4,4.786035101458484,0.04959653821667258,0.9691981760366098,0.14267835516529176
328,16.400000000000002,5,6.1544051621828935,0.5728899880547899,0.8820059601778504,0.237794195806207
329,16.45,0,5.723360225348413,-0.3726832374142138,0.9132648134685121,-0.16625540973436032
329,16.45,1,4.196119266602759,-0.03637349982865917,0.9538096065826558,-0.08512356202682861
329,16.45,2,6.552913158422312,-0.5450857521866054,0.7253261258516612,-0.23529877689915546
329,16.45,3,7.070173267506823,-0.14476462594235,0.6417161133811613,0.18948960680411608
329,16.45,4,4.834495010260315,0.056730455974937165,0.9695815802617725,0.1458401522171833
329,16.45,5,6.198505460191786,0.5847796978451002,0.8760611092182553,0.23545354190810164
330,16.5,0,5.769023466021839,-0.3809960079009318,0.9090451611903888,-0.16424943432667272
330,16.5,1,4.243809746931892,-0.0406296779300006,0.956782599170992,-0.09410029617051296
330,16.5,2,6.589179464714895,-0.5568506910315631,0.7223799172465274,-0.23636587845365603
330,16.5,3,7.1022590731758815,-0.1352901456021442,0.6420701737394472,0.1926269848391043
330,16.5,4,4.882974089273404,0.06402246358579633,0.9698255665667231,0.14876865261492217
330,16.5,5,6.242308515652699,0.5965523749405053,0.8697465263216159,0.2329290521320783
331,16.55,0,5.814475724081358,-0.38920847961726546,0.9044373826571316,-0.16200618278879633
331,16.55,1,4.2916488768904415,-0.04533469273852625,0.9594249149342726,-0.10185278191510472
331,16.55,2,6.625298460577221,-0.568668984954246,0.7198032954442385,-0.23738543961901643
331,16.55,3,7.134362581862854,-0.12565879636018898,0.645764697342421,0.19148625943424225
331,16.55,4,4.9314653676017395,0.07146089621654243,0.9699433499203755,0.15147177804111264
331,16.55,5,6.285795841968779,0.6081988275471092,0.8630714660550762,0.23024849530723304
332,16.6,0,5.859697593214215,-0.3973087887567053,0.8994447086940259,-0.15950313540601446
332,16.6,1,4.339620122637156,-0.05042733183428148,0.9617638651340557,-0.10853945546726135
332,16.6,2,6.661288625349433,-0.5805382569351968,0.7175800475695685,-0.2377364986825926
332,16.6,3,7.166650816729975,-0.11608448338847686,0.6492399570164875,0.19039644436280748
332,16.6,4,4.9799625350977585,0.07903448511859806,0.9699506236423215,0.15394008908982673
332,16.6,5,6.328949415271533,0.6197112523124708,0.8560807708323674,0.2273943709555547
333,16.650000000000002,0,5.904669828648917,-0.405283945527006,0.8940595816782899,-0.15675144834754343
333,16.650000000000002,1,4.387708315893859,-0.05585430460764455,0.9638250629894511,-0.11428350541309613
333,16.650000000000002,2,6.697167627727911,-0.5924250818693264,0.7156896583491299,-0.23707976932595862
333,16.650000000000002,3,7.1991128145808,-0.10656466117033649,0.6525927440514678,0.18933523918526257
333,16.650000000000002,4,5.028460066279875,0.0867314895730894,0.9698544958823383,0.15618447695578985
333,16.650000000000002,5,6.3717534538131515,0.6310809708602485,0.8487929540595625,0.22441800348893415
334,16.7,0,5.949372807732831,-0.4131215179443831,0.888278316558291,-0.1537697586712947
334,16.7,1,4.435899569043331,-0.06156847987829936,0.9656341670774083,-0.11919393161774189
334,16.7,2,6.732952110645368,-0.6042790703356243,0.714083167099312,-0.2354795311600904
334,16.7,3,7.231742451783373,-0.09709789921107335,0.6555395727309901,0.188176135065623
334,16.7,4,5.0769527910739916,0.0945407134208789,0.9696599655429595,0.1582149280225597
334,16.7,5,6.41419310151613,0.6423018710346952,0.8412327792379588,0.22137857042292827
335,16.75,0,5.993786723560746,-0.42081000587794787,0.882101024448507,-0.1505815161494589
335,16.75,1,4.484181277397201,-0.06752817645918645,0.9672156830241013,-0.12336785244503065
335,16.75,2,6.768656269000333,-0.6160530468936288,0.712717285032257,-0.23300723519873848
335,16.75,3,7.264519430419923,-0.0876890924577922,0.658073557826969,0.1868951998752087
335,16.75,4,5.1254357893511395,0.10245145982200689,0.9693698672047801,0.16004014747394835
335,16.75,5,6.456254740478028,0.6533707995558415,0.8334321718912,0.2183400292090804
336,16.8,0,6.037891774783171,-0.4283390816854208,0.875533663624576,-0.14721379151152117
336,16.8,1,4.532542061548406,-0.07369656908143798,0.9685927791498185,-0.12689027275347742
336,16.8,2,6.804292133251946,-0.6277034086535658,0.7115561129861762,-0.22973519606637374
336,16.8,3,7.297423108311271,-0.07834433246403177,0.6603056634013597,0.1854506302365063
336,16.8,4,5.173904282711378,0.1104534671957043,0.9689851784535712,0.16166750551069678
336,16.8,5,6.497926349072587,0.6642878010162956,0.8254980016357398,0.2148509910750228
337,16.85,0,6.0816684579644,-0.43569977126099685,0.868587212458727,-0.14370259848545086
337,16.85,1,4.580971700505897,-0.08004108271911185,0.9697867270992617,-0.12983645316701797
337,16.85,2,6.839869938901255,-0.6391901684568845,0.7105710362380401,-0.22574251447472302
337,16.85,3,7.330438391481339,-0.06907180095220646,0.6623355484300752,0.18379615186553602
337,16.85,4,5.222353541634057,0.11853684247123913,0.9685050308888519,0.16310320125074065
337,16.85,5,6.539201249154375,0.6750303505700467,0.8175084914445938,0.21053154811455776
338,16.900000000000002,0,6.125097818587337,-0.4428849011852694,0.8612782700582692,-0.1400928013089111
338,16.900000000000002,1,4.62946103686086,-0.08653290537746275,0.9708166430820286,-0.13227258144499407
338,16.900000000000002,2,6.875398490713157,-0.6504772941806206,0.7097401924672877,-0.22111367196282986
338,16.900000000000002,3,7.363555168902843,-0.05988199335892965,0.6642520857963612,0.181885224129138
338,16.900000000000002,4,5.2707787931785,0.12669200253377616,0.9679267156331536,0.1643524030582029
338,16.900000000000002,5,6.580076673726604,0.6855569279757746,0.8094789751388795,0.20545646917050878
339,16.95,0,6.16816173209025,-0.44988954125071495,0.8536310183439286,-0.13643279476620848
339,16.95,1,4.678001869014961,-0.09314653444971245,0.9716995832182769,-0.13425526441096347
339,16.95,2,6.910885500336521,-0.6615329777787621,0.7090478012091026,-0.2159302807144703
339,16.95,3,7.396767773192661,-0.05078773215247275,0.6661291529724824,0.17967739218029918
339,16.95,4,5.319175128960158,0.1349096226866863,0.9672458026397819,0.16541908306197237
339,16.95,5,6.620550622483548,0.6958297514343,0.8014299928620042,0.19970380057171983
340,17.0,0,6.2108432830074465,-0.45671118098902536,0.845677082938475,-0.1327740133859301
340,17.0,1,4.7265868481758755,-0.09985929767026062,0.9724504953500256,-0.13583253845879167
340,17.0,2,6.946337890396976,-0.6723294918144855,0.7084837791800023,-0.21027086563802597
340,17.0,3,7.430074230841285,-0.04180386254345779,0.6680267064080287,0.17714048571205124
340,17.0,4,5.367537419092146,0.1431805768397849,0.9664561385335327,0.16630625473859517
340,17.0,5,6.660622122126648,0.705814941462886,0.7933872322398228,0.19335418999462817
341,17.05,0,6.253127137154371,-0.46334988165832186,0.8374550734965084,-0.12917030136756663
341,17.05,1,4.775209372943377,-0.1066509245932002,0.9730822345710152,-0.1370448434992874
341,17.05,2,6.981762079355977,-0.6828430350963869,0.7080433411530734,-0.20421070560727106
341,17.05,3,7.463475566161686,-0.03294683825785523,0.669991741195041,0.17425204344317066
341,17.05,4,5.415860226018823,0.15149588957671467,0.9655498254545367,0.16701613149857605
341,17.05,5,6.700291483738639,0.7154826509626174,0.7853812037530039,0.18649003079071821
342,17.1,0,6.294999890829196,-0.4698083967267002,0.8290098111732429,-0.12567716864153458
342,17.1,1,4.823863484671928,-0.11350316676816458,0.9736056193047162,-0.13792593508812062
342,17.1,2,7.01716424641363,-0.6930535703767504,0.7077265845231373,-0.19782169869576247
342,17.1,3,7.496975153221438,-0.024234236085696696,0.6720592390924679,0.1709999947354826
342,17.1,4,5.46413771729155,0.15984669615164349,0.9645172032130293,0.16755027341116788
342,17.1,5,6.73956054392629,0.7248071525021533,0.7774466717457386,0.17919445266945647
343,17.150000000000002,0,6.336450381387858,-0.47609225515877696,0.8203912760062025,-0.12235097001790524
343,17.150000000000002,1,4.872543765637164,-0.12039946352257061,0.97402950906695,-0.13850372205651662
343,17.150000000000002,2,7.052550575639787,-0.7029446553115385,0.7075380528560268,-0.19117223294026617
343,17.150000000000002,3,7.530578115176062,-0.015684236348922565,0.6742531599230875,0.16738268124806935
343,17.150000000000002,4,5.512363577452201,0.16822420982220188,0.9633468420738978,0.16790972406574917
343,17.150000000000002,5,6.778432877513577,0.7337668751356261,0.7696218779465293,0.1715502006672007
344,17.2,0,6.377469945188168,-0.4822098036596722,0.8116533297286499,-0.11924805297491467
344,17.2,1,4.921245241090511,-0.12732464962539644,0.9743608893516407,-0.13880102510464246
344,17.2,2,7.087927478282588,-0.7125032669585518,0.7074862741977653,-0.18432705620310258
344,17.2,3,7.564290773172216,-0.007315102286519097,0.6765874960299587,0.16340833045527123
344,17.2,4,5.560530919555896,0.17661969602548933,0.9620255551383348,0.16809514074127932
344,17.2,5,6.816913971410903,0.7423443851689862,0.7619476069582348,0.16363845611380706
345,17.25,0,6.418052611674601,-0.48817220630841796,0.802852286749315,-0.11642392447803539
345,17.25,1,4.969963285558093,-0.13426470088062856,0.9746049529773315,-0.13883625718564074
345,17.25,2,7.123301791992477,-0.7217196197687069,0.7075832723636597,-0.17734714637882434
345,17.25,3,7.598120147973714,0.0008553142362444643,0.6790673853534743,0.15909410475216088
345,17.25,4,5.608632197312813,0.1850244530625533,0.9605384409504956,0.16810692184662632
345,17.25,5,6.855011351758815,0.7505263079746765,0.7544661517337823,0.1555376595353678
346,17.3,0,6.458195226012067,-0.4939934025323197,0.7940454155356301,-0.1139324876527065
346,17.3,1,5.018693533206959,-0.14120651373991058,0.9747651705700171,-0.13862402984954353
346,17.3,2,7.158680955610659,-0.7305869770876481,0.7078440527460993,-0.17028958731776972
346,17.3,3,7.632073517241388,0.008810019473852508,0.6816902638483977,0.15446484963746912
346,17.3,4,5.656659119360338,0.19342979915488462,0.9588689685516495,0.16794533598553668
346,17.3,5,6.892734659345504,0.7583031909514448,0.7472202406772023,0.14732239553139084
347,17.35,0,6.497897496788848,-0.49969002691495507,0.7852894534312542,-0.11182539517016678
347,17.35,1,5.06743179173546,-0.14813771523238775,0.974843345614068,-0.1381756916149805
347,17.35,2,7.1940731582479645,-0.7391014564535365,0.7082860675334294,-0.16320745730447955
347,17.35,3,7.666158030433808,0.016533261955725964,0.684447030395506,0.14955165618529254
347,17.35,4,5.70460256778792,0.20182706595416144,0.9569991185796558,0.1676106569825461
347,17.35,5,6.930095671379364,0.7656693107280144,0.7402519864483517,0.13906239392469824
348,17.400000000000002,0,6.537161969460411,-0.5052812966734634,0.7766392103544134,-0.11015155849210545
348,17.400000000000002,1,5.116173959016164,-0.15504649981313678,0.9748396517404655,-0.13749980534055065
348,17.400000000000002,2,7.229487461624636,-0.7472618293187605,0.7089286680288478,-0.1561497365523912
348,17.400000000000002,3,7.700380381953583,0.02401084476499059,0.6873231951525826,0.1443903398209444
348,17.400000000000002,4,5.752452523716903,0.21020759880328874,0.9549095949381929,0.1671033087768116
348,17.400000000000002,5,6.9671082707017815,0.7726224304242493,0.7336019102432066,0.13082169095793994
349,17.45,0,6.575993929978131,-0.5107888745980688,0.7681463223728718,-0.10895684178161892
349,17.45,1,5.164915941603187,-0.16192149008016432,0.9747526517463975,-0.13660257181335556
349,17.45,2,7.264933895026078,-0.7550693161463801,0.7097925536345393,-0.1491612386344233
349,17.45,3,7.734746541711212,0.031230361756037814,0.6902999837431693,0.13901992154396156
349,17.45,4,5.800198003463812,0.2185627642421293,0.952580121737794,0.16642402324782157
349,17.45,5,7.003788366213942,0.7791635149721463,0.7273080852857704,0.12265798059789622
350,17.5,0,6.614401246096775,-0.5162367166871498,0.7598581971510784,-0.10828395769281988
350,17.5,1,5.213653574190507,-0.1687516186708321,0.9745793042079097,-0.13548821618775464
350,17.5,2,7.300423522707805,-0.7625273780781012,0.7108992278568542,-0.14228256856938146
350,17.5,3,7.769261540898371,0.038181357833235896,0.6933553734187148,0.13348118073294693
350,17.5,4,5.847827009550702,0.22688396540452038,0.9499898392854277,0.16557401277967698
350,17.5,5,7.040153770478231,0.7852964140020411,0.721405430884539,0.11462217093767707
351,17.55,0,6.652394155954329,-0.5216509145717908,0.7518171724244347,-0.10817257075697544
351,17.55,1,5.262382539400902,-0.17552602948021984,0.9743149650352497,-0.13415935627204578
351,17.55,2,7.335968484100648,-0.7696415065065703,0.7122704714603042,-0.13555010784229568
351,17.55,3,7.803929309569306,0.044855416869883244,0.6964650423536839,0.12781533149011823
351,17.55,4,5.895326501514973,0.23516266604350422,0.9471178104653134,0.1645551578218747
351,17.55,5,7.076224042022457,0.7910275225489249,0.7159251751850038,0.10675814596539522
352,17.6,0,6.689985014575551,-0.5270595431096395,0.7440669658720083,-0.10854174633538333
352,17.6,1,5.311098287652665,-0.18223399729382211,0.9739533195484645,-0.13261721607471308
352,17.6,2,7.371582007673663,-0.776419011898685,0.7139278417137755,-0.12899602411792344
352,17.6,3,7.838752561686991,0.05124618344438916,0.6996032187157338,0.12206285796084271
352,17.6,4,5.942682392038239,0.24339042393459795,0.9439436445813548,0.16337020776838104
352,17.6,5,7.112020300781707,0.7963654298471947,0.7108944920322865,0.09910272004020315
353,17.650000000000002,0,6.727188362869151,-0.5324866304264088,0.7366377476490895,-0.10880877440664705
353,17.650000000000002,1,5.359795953630088,-0.18886485809755776,0.9734863402770968,-0.1308620841536664
353,17.650000000000002,2,7.407278399759352,-0.7828688131045812,0.717124541893772,-0.11752459105528221
353,17.650000000000002,3,7.873732722622777,0.0573493263424313,0.702744479046925,0.11626256310226454
353,17.650000000000002,4,5.989879574267307,0.251558934323017,0.9404479924435253,0.16202344752499034
353,17.650000000000002,5,7.147565025383321,0.8013205658492049,0.7063366922507517,0.09168794687158253
354,17.7,0,6.764020250251606,-0.5379270691467412,0.7295130407804221,-0.10900838957857942
354,17.7,1,5.408470270643943,-0.19540796230524107,0.972905777915427,-0.1288808748449635
354,17.7,2,7.44313462685404,-0.7887450426573454,0.7202619767747943,-0.10723326001576046
354,17.7,3,7.908869946575123,0.06316245449754453,0.7059112549748103,0.110539425707916
354,17.7,4,6.036901973889483,0.25966010669926654,0.9366055258612338,0.16054600724488072
354,17.7,5,7.182881859995859,0.8059049631927839,0.7022581812170173,0.08465267002568827
355,17.75,0,6.800495902290627,-0.5433774886256701,0.7227167513265975,-0.10913919828994945
355,17.75,1,5.457115559539714,-0.20185200604748924,0.9721993251852578,-0.1266757627374855
355,17.75,2,7.47914772569278,-0.7941067056581333,0.7234215789037333,-0.09811693487591813
355,17.75,3,7.944165509323864,0.06868942578294032,0.709070576411801,0.10491183823110609
355,17.75,4,6.083732250182544,0.26768740706151056,0.9324002042007395,0.15894818429952742
355,17.75,5,7.21799476905671,0.8101375966940684,0.698680056971855,0.07800538487673886
356,17.8,0,6.836631739856957,-0.5488344485401676,0.7162718249378307,-0.10919903146698717
356,17.8,1,5.505725525798977,-0.2081857941843635,0.9713529377204936,-0.1242486016385686
356,17.8,2,7.515318804637967,-0.7990125524019293,0.7266742685848161,-0.09017086239973415
356,17.8,3,7.979619038144454,0.07393501769449562,0.7121916591570808,0.0993946939783132
356,17.8,4,6.1303522603925815,0.27563481627648695,0.9278198565664265,0.15724234785826777
356,17.8,5,7.252928771905303,0.8140378659379053,0.6956186548442849,0.07174971227975335
357,17.85,0,6.872445331103848,-0.5542944001135169,0.7102001333085343,-0.10918501035742775
357,17.85,1,5.554293172685002,-0.21439822426629193,0.9703508401489921,-0.12160125270349091
357,17.85,2,7.551652518067208,-0.803521095521916,0.7300814429092047,-0.08339070774169871
357,17.85,3,8.015228621102308,0.07890475239341128,0.7152460723817469,0.09399956283003472
357,17.85,4,6.176743253220903,0.2834969336694003,0.9228572345424317,0.1554431195593676
357,17.85,5,7.287709704647518,0.817625351551893,0.6930859989039846,0.06588499392913306
358,17.900000000000002,0,6.907955337769275,-0.5597536506313884,0.7045223662427362,-0.10909361827090056
358,17.900000000000002,1,5.602810714692452,-0.22047828690146648,0.9691755813151226,-0.11873590332347327
358,17.900000000000002,2,7.588156590212668,-0.807690630909001,0.7336935010795357,-0.07776319958889118
358,17.900000000000002,3,8.050990924721395,0.08360473053491302,0.7182078408649603,0.08873490955646209
358,17.900000000000002,4,6.222886114948024,0.2912690896473687,0.9175110525869418,0.15356750414982828
358,17.900000000000002,5,7.322364004592717,0.8209196012483496,0.6910903026675015,0.06040688480234038
359,17.95,0,6.943181456081412,-0.5652083315449334,0.6992578275417483,-0.10892094153872706
359,17.95,1,5.651269493758208,-0.22641508206764013,0.9678081527557041,-0.11565535330914023
359,17.95,2,7.624841265266644,-0.8115787908884455,0.737414817620708,-0.07273506326457907
359,17.95,3,8.086901316764644,0.08804147601273613,0.7210535911648237,0.08360643698834935
359,17.95,4,6.268761667577372,0.2989474648548601,0.9117869231606888,0.1516350414310355
359,17.95,5,7.356918519726092,0.8239399454884666,0.6896364634235556,0.05530813465003564
360,18.0,0,6.9781443474585,-0.5706543786218697,0.6944185887462652,-0.10867157539150639
360,18.0,1,5.699659901395993,-0.23219784973309715,0.9662280550023857,-0.11236163305354038
360,18.0,2,7.661712006147679,-0.8152155440516745,0.7409332381677717,-0.06800092255871217
360,18.0,3,8.122953996322885,0.09222179786215359,0.7237680681265067,0.07862352537832187
360,18.0,4,6.314351013735406,0.3065292169264119,0.9056962590138135,0.14967281451117426
360,18.0,5,7.39140034289727,0.8267053522209684,0.688724930784637,0.050591422316713285
361,18.05,0,7.012865276895813,-0.576087957391445,0.6900102383573383,-0.10835158406749758
361,18.05,1,5.7479713041461125,-0.23781593138577417,0.9644132142005192,-0.10885661618667945
361,18.05,2,7.698758668056068,-0.8186155901796102,0.7442700207994577,-0.06347163881355228
361,18.05,3,8.159142399729209,0.09615297413106969,0.7263420123217456,0.07379281644191803
361,18.05,4,6.359635826686096,0.3140128576519706,0.8992564872446115,0.14771560184311963
361,18.05,5,7.425836589436502,0.829234923336804,0.6883526606459323,0.046264632770012595
362,18.1,0,7.047365788813679,-0.58150553659482,0.6860359794573526,-0.10796839189282703
362,18.1,1,5.796191964856138,-0.24325876219510814,0.9623405824537627,-0.10514320474169872
362,18.1,2,7.735972169096041,-0.8217891721202878,0.747441151330545,-0.05906533444146879
362,18.1,3,8.195459500345295,0.09984261495316558,0.7287679898135628,0.06912091795132178
362,18.1,4,6.404598651048327,0.3213986377441266,0.8924929366507219,0.14580177394713315
362,18.1,5,7.460254222468798,0.8315481549753047,0.6902564898744199,0.038435181579291926
363,18.150000000000002,0,7.081667587786547,-0.5869039561894613,0.682477288020464,-0.10759745507352426
363,18.150000000000002,1,5.844308993978826,-0.2485159224321931,0.9599853111139053,-0.10123772400636992
363,18.150000000000002,2,7.773344226662568,-0.8247424388423612,0.7504625140135006,-0.05480653157022515
363,18.150000000000002,3,8.231897899835973,0.10329866085073167,0.7310932337661973,0.06455785027039501
363,18.150000000000002,4,6.449223297880863,0.3286887264414832,0.8854324651097611,0.1439952028117102
363,18.150000000000002,5,7.494767046962519,0.8334699140542693,0.6922699733078269,0.03176372898688674
364,18.2,0,7.11579145218757,-0.5922838289431376,0.6793379106790617,-0.10723500418138726
364,18.2,1,5.892308259534522,-0.25357780863251156,0.9573241693632352,-0.09714462934433822
364,18.2,2,7.810867352363243,-0.8274827654208725,0.7533365533762366,-0.05062180329910366
364,18.2,3,8.268452561524283,0.10652655336425142,0.7332988175790919,0.060123845943546764
364,18.2,4,6.493494921136351,0.3358884865820687,0.8781169760034598,0.142336773532592
364,18.2,5,7.52938054562791,0.8350581005036136,0.6944362513761632,0.02619712206441227
365,18.25,0,7.149758347721523,-0.597645579152207,0.6766188106406675,-0.10687885938429578
365,18.25,1,5.940174468002684,-0.25843504009972845,0.9543347805145111,-0.09287001291436868
365,18.25,2,7.848534180032054,-0.8300138555858277,0.7560621569711584,-0.04645215023251807
365,18.25,3,8.305117502403238,0.10953274566142876,0.7353692158484844,0.055836602785357826
365,18.25,4,6.537400769936524,0.3430053252586983,0.8705956202216958,0.1408695518053648
365,18.25,5,7.564102358196718,0.8363679566068343,0.6967922221324369,0.02169607982615017
366,18.3,0,7.183589288253557,-0.6029895221214218,0.6743184750391963,-0.10652802193150852
366,18.3,1,5.987891207028409,-0.2630785407454469,0.950996526436214,-0.08842178536022836
366,18.3,2,7.886337287880612,-0.8323364630974537,0.7586357623118387,-0.0422510096152286
366,18.3,3,8.341885963195663,0.11232457580069666,0.7372918454362725,0.05171125487628064
366,18.3,4,6.580930550947609,0.35004880284896656,0.8629239448154062,0.13963819431176308
366,18.3,5,7.59894196930334,0.8374527605981418,0.6993693543988793,0.018232883540818215
367,18.35,0,7.217305212005517,-0.6083159232179972,0.6724332003931298,-0.10618228145304806
367,18.35,1,6.03544103335022,-0.26749963001345833,0.9472915934566429,-0.0838098388414135
367,18.35,2,7.924269075996204,-0.8344490135782151,0.7610522694246138,-0.03798230324674468
367,18.35,3,8.378750555467477,0.1149101385445107,0.7390566663580064,0.04776039028594342
367,18.35,4,6.624076748188379,0.3570307125645547,0.8551627736430576,0.1386883735597627
367,18.35,5,7.6339104370232835,0.8383644047751827,0.7021901972921507,0.015774127062620623
368,18.400000000000002,0,7.250926872025174,-0.6136250372906497,0.6709572765566497,-0.10584218299792354
368,18.400000000000002,1,6.082805613023052,-0.271690121955529,0.9432061061683438,-0.07904629549595489
368,18.400000000000002,2,7.9623216894674345,-0.8363481287405523,0.7633057926688684,-0.033618920751352616
368,18.400000000000002,3,8.415703388785376,0.11729815805880786,0.7406559975648654,0.04399412368412834
368,18.400000000000002,4,6.666834886870532,0.3639651312425428,0.8473768000225228,0.1380662894874357
368,18.400000000000002,5,7.669019946887891,0.8391531111283137,0.7051962108296552,0.013901112410256253
369,18.45,0,7.284474735853006,-0.6189171464405459,0.6698810769215019,-0.10551746306383918
369,18.45,1,6.12996591833147,-0.27564243673032673,0.9387306137691941,-0.07414845346608982
369,18.45,2,8.000486979100877,-0.8380290747781199,0.7653908190546613,-0.029149884895496237
369,18.45,3,8.45273618866362,0.11949786424301428,0.7420884400995087,0.04041983733232127
369,18.45,4,6.7092037268716584,0.3708684457169146,0.8396311732145693,0.13781929970713747
369,18.45,5,7.704279757429374,0.8398481667488266,0.7080328285754864,0.012269916225780877
370,18.5,0,7.317968789699082,-0.6241930195937379,0.6716036225569825,-0.10070607597831116
370,18.5,1,6.17690244901993,-0.2793498594036312,0.9338605750336308,-0.06914030858000735
370,18.5,2,8.03875652005361,-0.8394865690228948,0.7673022274815141,-0.024575767652932685
370,18.5,3,8.489840610668596,0.12151885610963034,0.7433562202350056,0.037048443387117845
370,18.5,4,6.751185285532387,0.3777594107022714,0.8319886772136261,0.13799326264528447
370,18.5,5,7.739681398858148,0.8404616625601156,0.710729088452786,0.010814344972679366
371,18.55,0,7.351548970826931,-0.6292283233926534,0.673252254196097,-0.09648574610244413
371,18.55,1,6.223595477771611,-0.28280687483263156,0.9285984732385975,-0.06407580852733163
371,18.55,2,8.077121631427685,-0.8407153574055414,0.7690253032399582,-0.02002900008242976
371,18.55,3,8.527008421680346,0.12337127827898624,0.7445251070520388,0.033943870390629044
371,18.55,4,6.792784719393068,0.3846590738345356,0.8244917032202739,0.13840582752922967
371,18.55,5,7.775217853280788,0.8410023798087495,0.7133294832009084,0.009576961706557703
372,18.6,0,7.385211583536736,-0.6340526106977756,0.6748560955256782,-0.09289648835287119
372,18.6,1,6.270025401433541,-0.28601066525899815,0.9229547962822597,-0.0589842518415073
372,18.6,2,8.115572896589683,-0.8417168074096628,0.7705604887842121,-0.015495007910176935
372,18.6,3,8.564234677032948,0.12506847179851768,0.7455860191251839,0.031098456400498145
372,18.6,4,6.8340093045540815,0.3915793652109971,0.8172032572856267,0.13840377658745548
372,18.6,5,7.810884327440833,0.8414812278940773,0.7158489511017937,0.008480279841015312
373,18.650000000000002,0,7.41895438831302,-0.6386974351154192,0.676442899046072,-0.089989927354144
373,18.650000000000002,1,6.316173141247654,-0.2889598778510735,0.9169467189288092,-0.05389973781320292
373,18.650000000000002,2,8.154100921028894,-0.8424915578051717,0.7719134259402703,-0.010972161806579374
373,18.650000000000002,3,8.601513977989207,0.12662339461854258,0.746534057701543,0.028500522138432377
373,18.650000000000002,4,6.874869467418363,0.3984995540403699,0.8101610064322177,0.1379810768334614
373,18.650000000000002,5,7.846676774995923,0.841905241886128,0.7182917733639215,0.007462394514113535
374,18.7,0,7.4527765332653235,-0.6431969314831264,0.678034252091883,-0.08782011062554328
374,18.7,1,6.362020477194094,-0.2916548647417337,0.9106002814393539,-0.04885973264051666
374,18.7,2,8.192696592325907,-0.8430401658955007,0.773090993078144,-0.0064617619744573454
374,18.7,3,8.638840680874283,0.12804842072546418,0.7473661390303558,0.02613689087555963
374,18.7,4,6.915377517739974,0.40539860788204296,0.8033998899959769,0.1371747467217653
374,18.7,5,7.882591363664119,0.8422783616118337,0.7206573168617936,0.00647200961197412
375,18.75,0,7.486678245869918,-0.6475879370144035,0.6796454961395015,-0.08644280952429531
375,18.75,1,6.407550491266062,-0.29409785137375954,0.9039508027573993,-0.04390443769256595
375,18.75,2,8.231351141979815,-0.8433632539942235,0.7741010208086098,-0.0019664570601943127
375,18.75,3,8.6762089878258,0.12935526526924215,0.7480805935242723,0.02399322863911915
375,18.75,4,6.9555475122397725,0.41225734521813123,0.7969531195559735,0.13602152608476548
375,18.75,5,7.918624229507208,0.8426019620924323,0.7229414574494923,0.005466919751195458
376,18.8,0,7.520660520676893,-0.6519100774906184,0.6813011380566085,-0.08587670814450457
376,18.8,1,6.4527480314039325,-0.29629307325838783,0.8970428228889499,-0.039076150204019215
376,18.8,2,8.270056193020245,-0.8434615768472332,0.7749522435898247,0.002510563975371346
376,18.8,3,8.713613017502015,0.13055492670119812,0.7486769461437507,0.022054207220535686
376,18.8,4,6.995395168217571,0.4190584215223695,0.7908519678779655,0.13455743786121924
376,18.8,5,7.954771302379683,0.8428753080799921,0.7251376123569836,0.004412742802128974
377,18.85,0,7.554725577579723,-0.6562039128978436,0.6829301541684711,-0.08560425349496542
377,18.85,1,6.49760017254838,-0.2982468807685888,0.8899296384786156,-0.034418827496436065
377,18.85,2,8.308803805199737,-0.8433360486484647,0.7756541562964113,0.0069651927158324
377,18.85,3,8.751046864809203,0.13165763706222489,0.7491562095816064,0.02030408616023245
377,18.85,4,7.034937766611469,0.42578629341543045,0.7851253447685913,0.13281780239142674
377,18.85,5,7.991028182997533,0.8430959452200986,0.727237826984462,0.003282653984962459
378,18.900000000000002,0,7.588872085288147,-0.660484125572592,0.6843510229249706,-0.08552020337663903
378,18.900000000000002,1,6.542096654472311,-0.2999678221434106,0.882670822010656,-0.029979388612636975
378,18.900000000000002,2,8.347586513014559,-0.842987789012673,0.7762132798918115,0.011381845804158078
378,18.900000000000002,3,8.788504675288284,0.13267284137023652,0.7495241035712668,0.018728852853468918
378,18.900000000000002,4,7.074194033849898,0.4324271835350018,0.7797963933957687,0.13084554190140188
378,18.900000000000002,5,8.027390074346755,0.8432600779193467,0.7292356525033031,0.0020678388570210936
379,18.95,0,7.623089636434395,-0.6647601357414239,0.6856039727043588,-0.08556024814891745
379,18.95,1,6.586230195572844,-0.30146679157404244,0.8753312498537545,-0.025804374209505994
379,18.95,2,8.38639717700915,-0.8424186967224652,0.776634524748123,0.01574502454787658
379,18.95,3,8.825980880466847,0.13360928401290997,0.7497860229151779,0.017312263476727832
379,18.95,4,7.113183853519687,0.4389694606300719,0.7748850313557074,0.12868626120700383
379,18.95,5,8.06385185697192,0.8433634698621977,0.731124994035607,0.0007654870689681701
380,19.0,0,7.6573698350696136,-0.6690381481488697,0.686722661006227,-0.08566680507395408
380,19.0,1,6.6299967580655315,-0.30275701028451774,0.8679805284783357,-0.02194037503523501
380,19.0,2,8.425228903246555,-0.8416314454950713,0.7769235085945073,0.020038118725305917
380,19.0,3,8.863470181612607,0.13447489718674638,0.7499489577441771,0.016039013703028977
380,19.0,4,7.151928105087473,0.4454037736904221,0.7704081127523065,0.12638534012025968
380,19.0,5,8.1004081066737,0.8434017442156461,0.7329006542990744,-0.0006217318295427813
381,19.05,0,7.6917059681199245,-0.6733214884025674,0.6877351412183421,-0.08578959659465853
381,19.05,1,6.673395784489448,-0.3038540290362795,0.8606914006213743,-0.018433359638913398
381,19.05,2,8.46407507867628,-0.840629539558806,0.777086579941761,0.024244034189224536
381,19.05,3,8.900967629499815,0.13527684787189784,0.7500212430296515,0.014894668372901572
381,19.05,4,7.190448510725088,0.4517230406964351,0.7663794222373662,0.1239876722887115
381,19.05,5,8.137053139388655,0.843370657624169,0.7345586818072731,-0.0020869632500298747
382,19.1,0,7.726092725180842,-0.6776109682323004,0.6886648098925036,-0.08588578350227505
382,19.1,1,6.716430354520517,-0.30477569701822516,0.853538076027197,-0.015328082133530837
382,19.1,2,8.502929407673369,-0.8394173378493448,0.7771308295942111,0.02834572261057504
382,19.1,3,8.938468691651298,0.13602158129054293,0.7500123330044224,0.013865594538265096
382,19.1,4,7.2287674818369565,0.45792242431087066,0.7628096924343327,0.12153741290015448
382,19.1,5,8.173781073479018,0.8432663094616675,0.7360965973864845,-0.0036203503965638005
383,19.150000000000002,0,7.760525965675467,-0.6819052574074141,0.689531299226814,-0.08591975655219079
383,19.150000000000002,1,6.759107258321877,-0.3055421011249017,0.8465945836395093,-0.012667597662582103
383,19.150000000000002,2,8.541785949153079,-0.8380000517188161,0.7770640876265861,0.03232661740413944
383,19.150000000000002,3,8.975969308301519,0.13671486101745617,0.7499325971589252,0.012938901278848053
383,19.150000000000002,4,7.266907966458673,0.4639992949558784,0.7597066363426539,0.11907774223752278
383,19.150000000000002,5,8.210585903348342,0.8430852919418392,0.7375135161711535,-0.005210086578964307
384,19.200000000000003,0,7.795002530636808,-0.6862012452350237,0.6903512869302401,-0.08586268506716117
384,19.200000000000003,1,6.801436987503853,-0.3061754810080308,0.8399332343266966,-0.010492903000998931
384,19.200000000000003,2,8.580639153534408,-0.8363837208486091,0.7768949045210112,0.03617098289178332
384,19.200000000000003,3,9.013465938159465,0.13736180608139856,0.7497931344106594,0.01210238788485691
384,19.200000000000003,4,7.304893298275806,0.46995318206775455,0.75707498686128,0.11665065050381841
384,19.200000000000003,5,8.2474615791569,0.842824787612891,0.7388101827978383,-0.0068433277592959635
385,19.25,0,7.8295200949833195,-0.6904943794883818,0.6911392046791666,-0.08569190920837556
385,19.25,1,6.843433649220188,-0.3067001261580808,0.8336232674021327,-0.00884270792514999
385,19.25,2,8.619483898760459,-0.83457517170402,0.7766325164384974,0.03986418581005685
385,19.25,3,9.050955594879998,0.1379669254756414,0.7496056022969592,0.01134450070834789
385,19.25,4,7.34274704761887,0.4757857145929455,0.755243285446082,0.11042902352015747
385,19.25,5,8.284402088296792,0.8424826212249262,0.7399889369309071,-0.00850696400156592
386,19.3,0,7.864077055217278,-0.6947789749488006,0.6919306914727494,-0.0854687880810141
386,19.3,1,6.885114812590294,-0.30714226155433827,0.8277074092892074,-0.007778397173306998
386,19.3,2,8.658315524582383,-0.8325819624135171,0.7763142746674094,0.04332957791560188
386,19.3,3,9.088435874994845,0.1385341505110588,0.749398091292822,0.010639800792818874
386,19.3,4,7.380509211891174,0.4813071657689534,0.7538227594148063,0.10499904101243822
386,19.3,5,8.321401535143337,0.8420572730248479,0.7410288137538548,-0.010145452771783435
387,19.35,0,7.898673589790915,-0.6990524143528513,0.6927324228782256,-0.08516626579380847
387,19.35,1,6.926500183054754,-0.3075311814130036,0.8222135920424319,-0.007022246812001616
387,19.35,2,8.697131238315754,-0.830415483517737,0.7759446762331483,0.046572076626468395
387,19.35,3,9.125905779559487,0.13906614055069974,0.7491779208452528,0.009980030227966763
387,19.35,4,7.418200349861914,0.4865571178195753,0.7528193818102993,0.1003887432621542
387,19.35,5,8.35845297583103,0.8415500003862587,0.7419402573238367,-0.011758504538193049
388,19.400000000000002,0,7.933310210934827,-0.7033107276425417,0.6935474753995099,-0.08476334325626997
388,19.400000000000002,1,6.967610862656876,-0.3078822937536037,0.8171391356424974,-0.006104542828138835
388,19.400000000000002,2,8.73592847212741,-0.8280868796864136,0.7755274760535663,0.04959870873457028
388,19.400000000000002,3,9.16336467560175,0.13956514206209808,0.7489532616477812,0.009360043019425553
388,19.400000000000002,4,7.455841318952429,0.491576554982683,0.7522368527582902,0.09662779528314012
388,19.400000000000002,5,8.395549988697223,0.8409620751593491,0.7427364720621176,-0.013342797771902237
389,19.450000000000003,0,7.967987584704802,-0.7075488948053551,0.694373499357736,-0.08424576926014136
389,19.450000000000003,1,7.0084678194390015,-0.30818752089501067,0.8125148297041305,-0.005046623179238628
389,19.450000000000003,2,8.774704845930088,-0.8256069442496851,0.7750646302929027,0.05241993317476591
389,19.450000000000003,3,9.20081233868414,0.14003314421306937,0.7487329320241819,0.008779054788850774
389,19.450000000000003,4,7.4934531615903435,0.49640794474684,0.7520132795882564,0.09351901228795922
389,19.450000000000003,5,8.432686812300329,0.8402949352707539,0.7434342155772353,-0.014890296454455642
390,19.5,0,8.002706259672689,-0.7117611832683621,0.6952089435970501,-0.08360557858774709
390,19.5,1,7.0490935609242085,-0.3084398520539726,0.8083670703558196,-0.0038781315503131635
390,19.5,2,8.813458077444734,-0.8229859475909468,0.7745594405589935,0.055043955258505715
390,19.5,3,9.238248985285349,0.1404720969525119,0.7485254969539795,0.008235839533409194
390,19.5,4,7.5310538255697566,0.501083895361238,0.7517967715536273,0.09080908099000776
390,19.5,5,8.469858523079191,0.8395504204480312,0.7440483587695125,-0.016392772557920918
391,19.55,0,8.037466706852541,-0.7159414621977495,0.6960540671436647,-0.08283877367273737
391,19.55,1,7.089511914441999,-0.3086337586314883,0.804717673647075,-0.0026336716337577713
391,19.55,2,8.852186049472683,-0.8202337498280216,0.7740145223556709,0.05747938741875594
391,19.55,3,9.275675260133047,0.14088388892918235,0.7483348706660663,0.007730010295144102
391,19.55,4,7.568643664147438,0.5056243494107384,0.7515487616260429,0.0884156270334345
391,19.55,5,8.507060941017667,0.8387307818201352,0.7445881397175251,-0.017845002262954202
392,19.6,0,8.072269410209724,-0.7200834008813863,0.6969094083415465,-0.08194500182807435
392,19.6,1,7.129747798124353,-0.3087654422131762,0.801584272477335,-0.0013473979777662015
392,19.6,2,8.890886775590467,-0.8173597804570838,0.7734332627631876,0.05973405827006185
392,19.6,3,9.31309200366635,0.14127038944393955,0.7481647725355453,0.007260989381912721
392,19.6,4,7.606221102228741,0.5100451307624101,0.7512744331436843,0.08626850163682406
392,19.6,5,8.544290348003543,0.8378385317069874,0.7450617791409172,-0.019242297910667585
393,19.650000000000002,0,8.107114880626801,-0.72418065097279,0.6977757485476004,-0.0809273530507521
393,19.650000000000002,1,7.16982701174822,-0.30883281211206454,0.7989803827201598,-5.228653748214863e-05
393,19.650000000000002,2,8.929558438728625,-0.8143730775435807,0.7728200359748644,0.06181476551346081
393,19.650000000000002,3,9.350500242293128,0.14163343891303518,0.7480192867298302,0.006827799478336609
393,19.650000000000002,4,7.643784823885925,0.5143585558442513,0.7509779609604573,0.08430662186325696
393,19.650000000000002,5,8.581543436960589,0.8368764168114541,0.745476995459076,-0.02058014257971091
394,19.700000000000003,0,8.142003668054182,-0.7282270186253277,0.6986541468265297,-0.0797917373905066
394,19.700000000000003,1,7.209776030884228,-0.30883542643893863,0.7969155763380072,0.0012199698049056246
394,19.700000000000003,2,8.968199440527368,-0.8112823392679076,0.7721800511250737,0.06372755501894332
394,19.700000000000003,3,9.38790120662962,0.141974828886952,0.7479027162602024,0.006429081757245911
394,19.700000000000003,4,7.681333721933948,0.5185738869374141,0.7506626155938507,0.08247836498892057
394,19.700000000000003,5,8.618817286733542,0.8358474096824685,0.7458410075399375,-0.02185439871492095
395,19.75,0,8.176936375395508,-0.732216605494853,0.699545942156859,-0.07854629933973768
395,19.75,1,7.249621809701129,-0.30877442794869336,0.7953956546760506,0.002439040406376639
395,19.75,2,9.00680844308362,-0.8080959615169604,0.7715191976718813,0.06547798009476932
395,19.75,3,9.42529634244263,0.1422962829748143,0.7478194537252907,0.006063123652519993
395,19.75,4,7.71886685271364,0.5226978051868602,0.7503308524543163,0.08074147302231469
395,19.75,5,8.65610933711054,0.8347546897467225,0.7461605480129678,-0.023061480560237626
396,19.8,0,8.211913672503352,-0.7361439204618399,0.7004527327486887,-0.07720087819607356
396,19.8,1,7.2893915924349315,-0.3086524759283745,0.7937893721667909,0.004471317449891723
396,19.8,2,9.045384402967215,-0.8048220625122219,0.7708438927886511,0.067071332675202
396,19.8,3,9.462687315128894,0.1425994391574403,0.7477738685143093,0.005727893451430639
396,19.8,4,7.756383395336356,0.5267348788379759,0.7499843938541565,0.07906256713183056
396,19.8,5,8.693417364511188,0.8336016157187106,0.7464418820638019,-0.02419849022853704
397,19.85,0,8.246936309140786,-0.7400039643716435,0.701360981343731,-0.07576516439064883
397,19.85,1,7.329081061043271,-0.3084289100558799,0.7928326310443151,0.006219543723783532
397,19.85,2,9.083926597606649,-0.8014684958784618,0.7701491161080558,0.06852203422380088
397,19.85,3,9.50007600855461,0.14288583383001183,0.7477633401916888,0.005426325372316333
397,19.85,4,7.793882615029064,0.5306880071945674,0.749634103888303,0.07741683218446556
397,19.85,5,8.730739458614378,0.8323916912072837,0.7466905311013425,-0.025259377819466
398,19.900000000000002,0,8.282004358207972,-0.7437922225911759,0.7022757168819259,-0.07425075769501314
398,19.900000000000002,1,7.368722692595487,-0.30811793286969075,0.7921391501313754,0.007765727903969509
398,19.900000000000002,2,9.122434053412052,-0.7980423941672717,0.7694442496133185,0.06983300122884119
398,19.900000000000002,3,9.537464175564194,0.14315715009862764,0.7477933264131065,0.005154220175238592
398,19.900000000000002,4,7.8313643202234795,0.5345588488037907,0.7492784560451162,0.07578675257485055
398,19.900000000000002,5,8.768073985169446,0.8311287223163104,0.7469117471492627,-0.026243724556163393
399,19.950000000000003,0,8.317118144052069,-0.7475047604759266,0.7031972173067049,-0.07266490087488287
399,19.950000000000003,1,7.408329650102056,-0.30772964647449225,0.7915150923387133,0.009147906611597438
399,19.950000000000003,2,9.160906265892718,-0.7945507441058297,0.7687330643423399,0.0710107932661742
399,19.950000000000003,3,9.574853841884849,0.14341486110738957,0.747863987539287,0.0049069342073552865
399,19.950000000000003,4,7.868828243025735,0.5383481864325332,0.7489180162485806,0.07415610578036504
399,19.950000000000003,5,8.805419572526908,0.8298165360885023,0.7471072217423688,-0.02715528344493084
400,20.0,0,8.352278004917403,-0.7511380055196708,0.7041235325580729,-0.071012890146771
400,20.0,1,7.447905404718991,-0.3072722511439124,0.7909450118219706,0.010389579492079975
400,20.0,2,9.199342919109835,-0.791000204442521,0.7680166167151881,0.07206344237888368
400,20.0,3,9.612247041261814,0.14366020781775735,0.7479730097869427,0.004679696718121671
400,20.0,4,7.906274143838164,0.5420559917215515,0.7485541375135654,0.07251181282541462
400,20.0,5,8.842774933614027,0.8284587719162557,0.7472768732773817,-0.02799964405178362
401,20.05,0,8.387484181545307,-0.7546886500270094,0.7050524730198097,-0.06930054531135614
401,20.05,1,7.48745265531009,-0.30675277216930835,0.7904140047298513,0.011511980860929423
401,20.05,2,9.237743749945594,-0.7873970323235767,0.7672957983709158,0.07299888261212895
401,20.05,3,9.64964569175116,0.14389419265366343,0.7481181227253096,0.004468107085564247
401,20.05,4,7.943701850713842,0.5456815823628223,0.7481879975263074,0.07084573583708348
401,20.05,5,8.880138777277896,0.8270587897136665,0.74742064917241,-0.028782007137544356
402,20.1,0,8.422736805196298,-0.7581536772925772,0.70598164508627,-0.06753396382924734
402,20.1,1,7.526973355546582,-0.30617717312626186,0.7899081800713366,0.012533809999433638
402,20.1,2,9.27610853986414,-0.7837470881929702,0.7665713058293006,0.0738250196014696
402,20.1,3,9.687051597887427,0.14411759800794163,0.7482970728572862,0.004268099016205677
402,20.1,4,7.981111250590158,0.5492238691546765,0.7478206309804505,0.06915375893165567
402,20.1,5,8.917509809736517,0.8256196893567893,0.7475385333989416,-0.02950728084529219
403,20.150000000000002,0,8.458035887450611,-0.7615303754840396,0.706908495317508,-0.06571932119346362
403,20.150000000000002,1,7.566468764550149,-0.3055504826262902,0.7894149930028853,0.013471122872569479
403,20.150000000000002,2,9.314437105155605,-0.7800558372128967,0.7658436253654783,0.07454976902017431
403,20.150000000000002,3,9.724466451530292,0.14433100295875192,0.7485076108719336,0.00407590515413594
403,20.150000000000002,4,8.018502282139181,0.5526815571012592,0.7474529519010511,0.0674349502660952
403,20.150000000000002,5,8.954886736406465,0.8241443253145248,0.7476305504046418,-0.030180156733814464
404,20.200000000000003,0,8.493381312216487,-0.7648163415437127,0.7078303594143969,-0.0638627140394568
404,20.200000000000003,1,7.605939514200293,-0.30487692648266174,0.7889234511235603,0.014337361336468782
404,20.200000000000003,2,9.352729286423878,-0.776328348761888,0.7651130299113444,0.07518107052367629
404,20.200000000000003,3,9.76189183207389,0.14453479821645873,0.7487474894766891,0.0038880228302577064
404,20.200000000000003,4,8.055874929734234,0.5560533046145639,0.7470857675425291,0.06569081768887487
404,20.200000000000003,5,8.992268263926697,0.822635317477834,0.7476967660383241,-0.030805167785327457
405,20.25,0,8.528772830187206,-0.7680094772456856,0.7087445124980943,-0.061970041577268035
405,20.25,1,7.645385686756471,-0.3041600584158383,0.7884242105394741,0.01514349030827413
405,20.25,2,9.390984937919447,-0.7725692952357043,0.7643795848841733,0.07572688344341076
405,20.25,3,9.799329206547723,0.14472919935797163,0.749014468929443,0.003701181495156803
405,20.25,4,8.093229218111361,0.5593378454990077,0.7467197856380281,0.06392466297332683
405,20.25,5,9.029653102228613,0.8210950590885676,0.7477372860626289,-0.03138673075000311
406,20.3,0,8.564210055812111,-0.771107979324549,0.7096482177092015,-0.06004692042857143
406,20.3,1,7.684806897283445,-0.30340288390042464,0.7879095815606731,0.01589821220165516
406,20.3,2,9.429203917163655,-0.7687829510635338,0.763643160119231,0.07619516982034226
406,20.3,3,9.836779929994195,0.14491425843272948,0.7493063277201109,0.00351231216967533
406,20.3,4,8.130565207393262,0.562534078647674,0.7463556168073753,0.062141033953720386
406,20.3,5,9.067039966531745,0.8195257225510675,0.7477522527841933,-0.03192917528307739
407,20.35,0,8.599692466697572,-0.7741103253459776,0.7105387708112806,-0.058098627770841
407,20.35,1,7.724202376361479,-0.3026079732903419,0.7873734645718437,0.01660822988967094
407,20.35,2,9.467386075169616,-0.7649731925725166,0.7629034454708017,0.07659386955530853
407,20.35,3,9.874245246380202,0.14508987404121323,0.7496208762453267,0.003318519046965741
407,20.35,4,8.16788298823363,0.56564113034536,0.7459937738177463,0.06034526983431947
407,20.35,5,9.104427579170954,0.8179292637869137,0.7477418402616492,-0.03243676230029257
408,20.400000000000002,0,8.635219405238136,-0.7770152567345197,0.7114135391827358,-0.05613006777844069
408,20.400000000000002,1,7.763571049590071,-0.30177756179585835,0.78681123556575,0.017278533333129325
408,20.400000000000002,2,9.505531247443155,-0.7611434990947512,0.7621599680814328,0.0769308715884897
408,20.400000000000002,3,9.911726290192467,0.14525579999356153,0.7499559717343119,0.0031170532076700516
408,20.400000000000002,4,8.205182676924517,0.568658393837076,0.7456346691728829,0.05854313226849235
408,20.400000000000002,5,9.141814671184036,0.8163074256718991,0.7477062484795275,-0.03291369384861316
409,20.450000000000003,0,8.670790082197273,-0.7798217601234417,0.7122699942350494,-0.05414575664368239
409,20.450000000000003,1,7.8029116113683585,-0.3009136351292019,0.7862195986805255,0.01791268980719363
409,20.450000000000003,2,9.543639245847228,-0.7572969555153267,0.7614121097550233,0.07721398417690578
409,20.450000000000003,3,9.949224088779182,0.14541165265394504,0.7503095330858531,0.0029052882752082106
409,20.450000000000003,4,8.24246441038316,0.5715855504505005,0.7452786122263884,0.056740513251553465
409,20.450000000000003,5,9.179199983608013,0.8146617409794684,0.7476456968076834,-0.033364116588418195
410,20.5,0,8.706403581909026,-0.7825290479556258,0.7131057368582857,-0.05214982189677224
410,20.5,1,7.842222591302384,-0.3000180006388422,0.78559642036397,0.01851312262589964
410,20.5,2,9.58170985133498,-0.7534362563064815,0.760659123273791,0.07745090656555782
410,20.5,3,9.986739565433474,0.14555691706770546,0.7506795546431015,0.0026806977425825216
410,20.5,4,8.27972834099448,0.5744225761130782,0.7449258067122726,0.0549432101873925
410,20.5,5,9.216582268448397,0.8129935351500475,0.747560417004534,-0.033792120736877276
411,20.55,0,8.74205886875194,-0.7851365390504644,0.7139185159451019,-0.05014601226447632
411,20.55,1,7.881502412320583,-0.29909234450754724,0.7849405568974147,0.019081367903759965
411,20.55,2,9.61974280749867,-0.7495637109782036,0.7599001468531181,0.07764920367290858
411,20.55,3,10.024273543165629,0.14569095195483459,0.7510641182512836,0.0024408336424178575
411,20.55,4,8.316974631330092,0.5771697366224479,0.7445763492935127,0.05315675844890443
411,20.55,5,9.253960289298623,0.8113039291132036,0.7474506459694616,-0.034201736053290084
412,20.6,0,8.777754794549194,-0.7876438396636882,0.7147062403784867,-0.048137714864734685
412,20.6,1,7.920749440165454,-0.2981382761123592,0.7842516842234881,0.019618302915842017
412,20.6,2,9.657737814841326,-0.7456812507945582,0.7591342162231105,0.077816284846884
412,20.6,3,10.061826749078193,0.1458129936369555,0.7514614032077109,0.0021833062018892795
412,20.6,4,8.354203448794769,0.5798275745448931,0.7442302294689551,0.05138631216217163
412,20.6,5,9.291332821597097,0.8095938423105391,0.7473166184050754,-0.034596926174822275
413,20.650000000000002,0,8.81349010656812,-0.790050725406925,0.7154669850940328,-0.04612797709004033
413,20.650000000000002,1,7.959962024376629,-0.2971573609665671,0.7835301365069944,0.02012434289434851
413,20.650000000000002,2,9.695694525652481,-0.741790436552214,0.7583602740599646,0.07795938729414735
413,20.650000000000002,3,10.09939981923858,0.14592215894704996,0.7518696939233208,0.0019057641163836812
413,20.650000000000002,4,8.391414960268216,0.5823968901530017,0.743887330963208,0.04963656464579668
413,20.650000000000002,5,9.32869865251735,0.807863996001798,0.74715855951277,-0.03498158235000016
414,20.700000000000003,0,8.849263455822822,-0.792357124261427,0.716198991959627,-0.044119531058448104
414,20.700000000000003,1,7.999138531201979,-0.29615114382184965,0.7827767577044941,0.02059960561647097
414,20.700000000000003,2,9.73361253935548,-0.7378924671875067,0.7575771766673585,0.07808556443583725
414,20.700000000000003,3,10.136993303934744,0.14601744715286916,0.7522873852738718,0.0016058750828218857
414,20.700000000000003,4,8.428609326816376,0.5848787183852915,0.743547434557885,0.047911700805272545
414,20.700000000000003,5,9.366056580492987,0.806114916884298,0.7469766778141835,-0.035359517377559865
415,20.75,0,8.885073405420803,-0.7945631008143494,0.7169006662716881,-0.04211481898914999
415,20.75,1,8.038277369087204,-0.2951211635410261,0.7819927686550391,0.021044044952735402
415,20.75,2,9.771491398188848,-0.7339881889657148,0.7567836979344685,0.07820167918569629
415,20.75,3,10.174607673198437,0.14609774090701025,0.7527129857325157,0.0012813062488039604
415,20.75,4,8.465786698544271,0.5872743034255551,0.7432102222046555,0.04621537472410296
415,20.75,5,9.403405414383696,0.80434694101542,0.7467711581655293,-0.0357344603460756
416,20.8,0,8.920918438734388,-0.7966688417638069,0.7175705696656438,-0.040116018279207216
416,20.8,1,8.077377007519956,-0.29406896129338933,0.781179650820983,0.0214575557540738
416,20.8,2,9.809330583085572,-0.73007810500643,0.7559785306803627,0.07831440196782577
416,20.8,3,10.212243322485064,0.14616180621945044,0.7531451184505293,0.0009297042515119714
416,20.8,4,8.502947209654504,0.5895850721617603,0.7428752821859644,0.04455070664086036
416,20.8,5,9.440743972291973,0.8025602179981163,0.74654215501041,-0.03611005258816764
417,20.85,0,8.95679696721767,-0.7986746426777673,0.7182074101957217,-0.03812506541501935
417,20.85,1,8.116435990061005,-0.2929960835056856,0.7803390467688215,0.02184005317136779
417,20.85,2,9.84712950961959,-0.7261623849080387,0.7551602855424968,0.07843021317712016
417,20.85,3,10.24990057840759,0.14620829143202604,0.7535825204964144,0.0005486745361330249
417,20.85,4,8.540090973763803,0.5918126074938033,0.7425421150509808,0.042920294408404905
417,20.85,5,9.478071080042493,0.8007547153687079,0.7462897858987946,-0.036489845112554986
418,20.900000000000002,0,8.992707337727456,-0.8005808959485183,0.7188100302696622,-0.03614367814689686
418,20.900000000000002,1,8.155452942399446,-0.2919040808471172,0.7794726767385067,0.022191529834595852
418,20.900000000000002,2,9.884887523896715,-0.7222408742491827,0.7543274875871652,0.0785554097224538
418,20.900000000000002,3,10.287579704432412,0.1462357251588327,0.7540240404819591,0.00013575965411901243
418,20.900000000000002,4,8.577218079516353,0.5939586222142235,0.7422101400444604,0.04132623536884747
418,20.900000000000002,5,9.515385569337433,0.7989302231130802,0.7460141252846862,-0.03687729765642566
419,20.950000000000003,0,9.02864783924094,-0.8023880798558631,0.7193773930392172,-0.034173375591266465
419,20.950000000000003,1,8.19442657623637,-0.29079450435538745,0.7785822701543809,0.022512094371258007
419,20.950000000000003,2,9.922603898276073,-0.71831310376306,0.7534785708187858,0.07869611526899042
419,20.950000000000003,3,10.32528090645651,0.14624251314153866,0.7544686348030681,-0.0003115837557055597
419,20.950000000000003,4,8.614328586518576,0.5960249339826659,0.7418787017571469,0.03977015532927611
419,20.950000000000003,5,9.552686275601667,0.7970863582302589,0.7457151986021173,-0.037275779407127584
420,21.0,0,9.0646167088929,-0.8040967486354265,0.7199085677561586,-0.03221549610826618
420,21.0,1,8.233355689744089,-0.2896688996368246,0.7776695106320072,0.02280199460181649
420,21.0,2,9.960277826817013,-0.7143782979996105,0.7526118707483628,0.07885829380139153
420,21.0,3,10.363004338196662,0.14622693395375339,0.7549153627081062,-0.0007960096069916738
420,21.0,4,8.651422521606433,0.5980134417491296,0.7415470767512217,0.03825324198197017
420,21.0,5,9.589972035531773,0.7952225692599025,0.7453929766081933,-0.037688571372833705
421,21.05,0,9.10061213728071,-0.8057075234408397,0.7204027145124418,-0.030271212939350502
421,21.05,1,8.272239165275689,-0.28852879990673375,0.7767359928874412,0.023061628483683563
421,21.05,2,9.997908420354431,-0.7104353833095409,0.7517256151540528,0.07904776615578518
421,21.05,3,10.400750106332067,0.1461871334734038,0.7553633803812713,-0.0013203089483165458
421,21.05,4,8.688499875443995,0.5999261038482281,0.7412144799474348,0.03677628067867642
421,21.05,5,9.627241684362183,0.7933381406912609,0.7450473699725647,-0.038118870333214594
422,21.1,0,9.136632273006331,-0.8072210840878072,0.7208590686965969,-0.028341547687147046
422,21.1,1,8.311075964920061,-0.28737571848254956,0.7757831899195424,0.02329154553911511
422,21.1,2,10.035494701112134,-0.7064829950017517,0.7508179131318311,0.07927022920856391
422,21.1,3,10.43851827535113,0.14612111802598798,0.755811934196032,-0.0018874388397428397
422,21.1,4,8.725560599441367,0.6017649178821619,0.7408800705973645,0.03533969094580929
422,21.1,5,9.66449405286081,0.7914321971746001,0.7446782240848902,-0.03856979426981288
423,21.150000000000002,0,9.17267522644116,-0.8086381614721646,0.7212769254190022,-0.026427381784962227
423,21.150000000000002,1,8.349865124416038,-0.2862111412055938,0.7748124288790273,0.023492441136679705
423,21.150000000000002,2,10.073035596768726,-0.7025194835413235,0.7498867424947036,0.07953127745913141
423,21.150000000000002,3,10.476308872060931,0.14602674608400085,0.7562603532562888,-0.0025005539182225045
423,21.150000000000002,4,8.762604602971235,0.6035319024294524,0.7405429577012907,0.03394356252323167
423,21.150000000000002,5,9.701727964065055,0.7895037074611094,0.7442853140452548,-0.039044389158465476
424,21.200000000000003,0,9.208739072712111,-0.8099595305614127,0.7216556240878816,-0.024529466142444948
424,21.200000000000003,1,8.388605745859989,-0.2850365191487598,0.7738248741336625,0.023665145629160972
424,21.200000000000003,2,10.110529933893462,-0.698542919668367,0.7489299355363331,0.07983642679807586
424,21.200000000000003,3,10.514121889723747,0.1459017183880897,0.7567080413018213,-0.00316304110438317
424,21.200000000000003,4,8.7996317508563,0.605229080555614,0.7402022047671609,0.03258769003196068
424,21.200000000000003,5,9.738942229767318,0.7875514880031862,0.7438683397971217,-0.039545636999938336
425,21.25,0,9.244821853916505,-0.8111860038685349,0.7219945332560816,-0.022648429172634446
425,21.25,1,8.427296989566672,-0.28385326186730175,0.772821516166565,0.023810610001844333
425,21.25,2,10.147976430670278,-0.6945510983284632,0.7479451631306999,0.080191140309157
425,21.25,3,10.551957291788838,0.14574356633287056,0.7571544680105431,-0.0038785579776202455
425,21.25,4,8.836641861094657,0.606858465057212,0.7398568338374785,0.03127160563475042
425,21.25,5,9.776135646757174,0.7855742061531893,0.743426921357981,-0.0400764649672883
426,21.3,0,9.28092158057931,-0.8123184253271666,0.7222930358056908,-0.020784783408914074
426,21.3,1,8.465938065375001,-0.28266273136720954,0.7718031650883267,0.023929889365639747
426,21.3,2,10.185373688826813,-0.6905415413130054,0.7469299170940574,0.08060085601144387
426,21.3,3,10.589815015189366,0.14554963843398955,0.7575991596828925,-0.00465107543970469
426,21.3,4,8.87363470278653,0.6084220453389495,0.7395058287377905,0.029994609256845165
426,21.3,5,9.813306992825073,0.7835703829048248,0.7429605940994835,-0.040639755557305896
427,21.35,0,9.317036232369595,-0.8133576644976123,0.7225505144926547,-0.018938930912336314
427,21.35,1,8.504528223629418,-0.2814662368989276,0.7707704476920649,0.02402412534544478
427,21.35,2,10.222720184681515,-0.6865114985124332,0.7458814906891339,0.08107101650596134
427,21.35,3,10.62769497317351,0.14531708466200433,0.758041689242715,-0.005484925402744682
427,21.35,4,8.91060999422342,0.6099217758017917,0.7391481375225667,0.028755796090603074
427,21.35,5,9.850455022530047,0.7815383951269596,0.7424688040262191,-0.041238357646937486
428,21.400000000000002,0,9.353163758094228,-0.814304611043229,0.722766337835722,-0.01711116765374385
428,21.400000000000002,1,8.543066746014022,-0.28026503063165537,0.769723807125431,0.024094528167595677
428,21.400000000000002,2,10.260014259215971,-0.6824579476871352,0.7447969571040843,0.08160710054920028
428,21.400000000000002,3,10.665597057635646,0.1450428383918671,0.758481665432701,-0.006384854379670938
428,21.400000000000002,4,8.947567401099548,0.6113595656063219,0.738782674111547,0.027554081224629354
428,21.400000000000002,5,9.887578462731359,0.7794764772446127,0.7419509030005671,-0.04187509837261822
429,21.450000000000003,0,9.389302074986015,-0.8151601694259162,0.7229398463021837,-0.015301687033746228
429,21.450000000000003,1,8.581552936370294,-0.2790603042232756,0.7686635043895883,0.024142359040595376
429,21.450000000000003,2,10.297254107071176,-0.6783775926596751,0.7436731456896397,0.0822146566339709
429,21.450000000000003,3,10.70352114090728,0.14472359567288356,0.7589187210187484,-0.007356084030527459
429,21.450000000000003,4,8.984506534805124,0.6127372696675534,0.7384083191224796,0.026388221322206393
429,21.450000000000003,5,9.924676007881386,0.7773827223259817,0.7414061438599393,-0.04255279576989541
430,21.5,0,9.425449067301123,-0.8159252537776035,0.723070338715737,-0.01351058267882358
430,21.5,1,8.619986111589773,-0.27785318627124583,0.7675896209988655,0.024168913248158605
430,21.5,2,10.334437764355657,-0.6742668598279766,0.7425066156864077,0.0828993387172037
430,21.5,3,10.741467076958218,0.1443557914713572,0.7593524997433695,-0.008404379933576515
430,21.5,4,9.021426950761247,0.6140566807336637,0.7380239199148999,0.02525683333068819
430,21.5,5,9.961746315074382,0.775255082537487,0.7408336753724318,-0.04327427213213731
431,21.55,0,9.46160258423691,-0.8166007829115447,0.7231570587880509,-0.011737850625056091
431,21.55,1,8.658365592639717,-0.2766447406088379,0.7665020622443097,0.024175504229543246
431,21.55,2,10.371563095139978,-0.6701218928921164,0.7412936271194086,0.08366694429551277
431,21.55,3,10.779434701945386,0.14393557247467836,0.7597826416793562,-0.00953613011704224
431,21.55,4,9.058328146756992,0.6153195224001982,0.7376282898647947,0.024158410237804597
431,21.55,5,9.998787998843003,0.7730913689308802,0.7402325369772236,-0.044042368070096524
432,21.6,0,9.497760437176312,-0.8171876754427975,0.7231991816541297,-0.009983390973024215
432,21.6,1,8.696690695751933,-0.27543596539736076,0.7654005605989573,0.0241634488053701
432,21.6,2,10.408627776495948,-0.6659385456773408,0.7400301084774162,0.0845234550941814
432,21.6,3,10.817423834029354,0.14345876596882626,0.7602087665256958,-0.01075843521921311
432,21.6,4,9.09520956125023,0.6165274429120884,0.7372202068920551,0.02309133390618912
432,21.6,5,10.035799625691864,0.7708892505273753,0.7396016532571663,-0.04485995727881534
433,21.650000000000002,0,9.533920396259019,-0.8176868449914487,0.723195800270863,-0.008247009068617863
433,21.650000000000002,1,8.73496072378188,-0.27422779295709226,0.7642846788822782,0.024134053613473733
433,21.650000000000002,2,10.445629281919818,-0.6617123729226317,0.7387116207290944,0.08547508070579367
433,21.650000000000002,3,10.85543427235564,0.1429208442078656,0.7606304542506301,-0.012079212559949419
433,21.650000000000002,4,9.132070571594834,0.6176820096073978,0.7367984112621135,0.022053885016518473
433,21.650000000000002,5,10.072779708354721,0.7686462526634346,0.7389398280929496,-0.045729962045129885
434,21.700000000000003,0,9.570080186272563,-0.8180991954448796,0.7231459115170575,-0.006528416234676636
434,21.700000000000003,1,8.773174957725994,-0.2730210902764186,0.763153812866382,0.024088602744978118
434,21.700000000000003,2,10.482564862956272,-0.657438618887342,0.7373333171544962,0.08652830559352553
434,21.700000000000003,3,10.89346579506817,0.14231688357986813,0.7610472223114773,-0.01350731693028009
434,21.700000000000003,4,9.16891049215794,0.6187847038582237,0.7363616026804707,0.021044250134312298
434,21.700000000000003,5,10.109726699759369,0.7663597545611781,0.7382457384511372,-0.04665536955874859
435,21.75,0,9.606237481848416,-0.8184256162566135,0.7230484018101558,-0.004827230046853346
435,21.75,1,8.811332648369312,-0.27181666013916966,0.7620071930578711,0.024028346511891483
435,21.75,2,10.519431528813996,-0.6531122036076658,0.735889898387224,0.08768993996443282
435,21.75,3,10.931518156183744,0.14164151773335412,0.7614584984534091,-0.01505268157200278
435,21.75,4,9.205728572291964,0.6198369163649393,0.7359084366942945,0.020060525886391734
435,21.75,5,10.146638986681925,0.7640269860832407,0.7375179277625469,-0.047639249123734816
436,21.8,0,9.642389901938923,-0.8186669777589561,0.7229020320282431,-0.0031429741125732404
436,21.8,1,8.849433008022206,-0.2706152428135751,0.7608438854273658,0.023954491230660305
436,21.8,2,10.556226023733357,-0.6487277066094441,0.73437556196696,0.08896717512419428
436,21.8,3,10.969591081106413,0.140888883654754,0.7618635877902441,-0.016726483671427275
436,21.8,4,9.242523994126678,0.6208399426592589,0.7354375204092756,0.0191007201901024
436,21.8,5,10.183514883070051,0.761645023627054,0.7367547988531524,-0.04868477040720067
437,21.85,0,9.678535003540336,-0.8188241264645848,0.7227054214938191,-0.001475077272307923
437,21.85,1,8.887475202293574,-0.2694175182520421,0.7596627908844419,0.023868189868187933
437,21.85,2,10.592944801831704,-0.6442793478532344,0.732783945591167,0.09036764405227733
437,21.85,3,11.007684260495926,0.14005255947118264,0.7622616324723451,-0.018541339792926485
437,21.85,4,9.279295870147141,0.621794978668764,0.7349474075225612,0.018162750420123296
437,21.85,5,10.22035262301271,0.7592107851066939,0.7359546063974864,-0.0497952229108749
438,21.900000000000002,0,9.714670274615028,-0.8188978803282002,0.7224570307357586,0.0001771279054886204
438,21.900000000000002,1,8.925458341837796,-0.2682241087586327,0.758462643309299,0.02377053336484611
438,21.900000000000002,2,10.629583999111263,-0.6397609656506205,0.7311080631248642,0.09189948809293891
438,21.900000000000002,3,11.045797342119544,0.13912549248153633,0.7626515617113697,-0.02051153811518513
438,21.900000000000002,4,9.31604324052327,0.6227031161897701,0.7344365926641081,0.017244438321170726
438,21.900000000000002,5,10.257150353332584,0.7567210239611502,0.7351154488749647,-0.05097403691298046
439,21.950000000000003,0,9.750793126151816,-0.8188890239329257,0.7221551426947928,0.0018144075253020365
439,21.950000000000003,1,8.963381474003262,-0.26703558209039036,0.7572420059541095,0.02366254242047754
439,21.950000000000003,2,10.666139402267506,-0.6351659912459735,0.7293402322738016,0.09357143085315102
439,21.950000000000003,3,11.083929920205112,0.13809991557577708,0.7630320292036221,-0.022653316227377384
439,21.950000000000003,4,9.352765070156474,0.6235653381058287,0.733903505029144,0.016343501375190042
439,21.950000000000003,5,10.293906125776331,0.7541723221155011,0.734235260023516,-0.05222480620845852
440,22.0,0,9.786900883286556,-0.8187983035566606,0.7217978419715604,0.0034376299316543563
440,22.0,1,9.001243574300966,-0.2658524549693665,0.7559992660161132,0.023545159501816203
440,22.0,2,10.702606413881195,-0.6304874197033159,0.7274719926430282,0.09539286064782523
440,22.0,3,11.122081521665292,0.13696724976440822,0.7634013339929212,-0.02498519576632887
440,22.0,4,9.389460245407932,0.6243825131745883,0.7333465012736028,0.015457540201137269
440,22.0,5,10.330617888777507,0.7515610818050782,0.7333117998035562,-0.05355131308364385
441,22.05,0,9.822990775385135,-0.8186264220600779,0.7213829916289743,0.005047770824093961
441,22.05,1,9.039043537601772,-0.26467519699427566,0.7547326271601427,0.023419240800969503
441,22.05,2,10.738980013513347,-0.6257177766709247,0.7254940126817804,0.0973739231560437
441,22.05,3,11.160251588364938,0.13571798997609177,0.7637573194219622,-0.027528388577676862
441,22.05,4,9.426127570471612,0.6251553901846452,0.7327638576322838,0.014584021392546772
441,22.05,5,10.367283478767686,0.748883516150896,0.7323426449099396,-0.05495755611003801
442,22.1,0,9.859059924966584,-0.8183740335188732,0.7209082069443646,0.006645920459963882
442,22.1,1,9.076780168959779,-0.2635042349542272,0.7534400997283834,0.02328554784256633
442,22.1,2,10.775254714147435,-0.6208490805131225,0.7233959837457854,0.0995256263789147
442,22.1,3,11.198439454336036,0.13434157054720794,0.7640972428613716,-0.030307293727192312
442,22.1,4,9.462765763353227,0.6258845912542725,0.7321537612057696,0.013720254965288963
442,22.1,5,10.403900611013183,0.7461356383453941,0.7313251789020269,-0.05644778155043447
443,22.150000000000002,0,9.895105335313803,-0.8180417374958749,0.7203708253499483,0.008233293714957804
443,22.150000000000002,1,9.114452173946198,-0.2623399575620989,0.7521194883164958,0.023144738400087357
443,22.150000000000002,2,10.811424513334725,-0.6158727991941767,0.7211664991742084,0.10185996056375611
443,22.150000000000002,3,11.236644316479104,0.1328262058608483,0.7644176061095196,-0.03335011111209416
443,22.150000000000002,4,9.499373451413515,0.626570604002537,0.7315143003465411,0.01286336526859575
443,22.150000000000002,5,10.440466869958284,0.7433132492678723,0.730256582064447,-0.05802651946956031
444,22.200000000000003,0,9.9311238765813,-0.817630072810127,0.7197678715857933,0.009811244113511364
444,22.200000000000003,1,9.152058148362023,-0.2611827206420945,0.7507683763130941,0.022997356338539887
444,22.200000000000003,2,10.847482838293436,-0.6107798011659888,0.7187929158584929,0.10439003654603678
444,22.200000000000003,3,11.27486519678458,0.1311587003052436,0.7647139323085149,-0.036689606440591556
444,22.200000000000003,4,9.535949166430841,0.6272137722659668,0.7308434540566695,0.0120102537655984
444,22.200000000000003,5,10.476979699061506,0.7404119232943943,0.7291338211661101,-0.059698626077982674
445,22.25,0,9.96711227016059,-0.8171395106044514,0.7190960167925893,0.011381283459356087
445,22.25,1,9.189596567177679,-0.2600328528251675,0.7493841068866489,0.022843819950705904
445,22.25,2,10.88342248408636,-0.605560299338687,0.7162611952415395,0.10713024706039276
445,22.25,3,11.313100893400005,0.12932421998321403,0.7649804692687177,-0.04036407521312712
445,22.25,4,9.572491339133675,0.6278142849542466,0.7301390802884583,0.011157551451103137
445,22.25,5,10.51343639011981,0.7374269919904952,0.7279536393551375,-0.06146933448787088
446,22.3,0,10.003067071000219,-0.8165704464314837,0.7183515298544354,0.012945109496991805
446,22.3,1,9.227065772522012,-0.2588906618276322,0.747963759749964,0.022684408299760307
446,22.3,2,10.919235543848437,-0.6002037869856675,0.7135557199784256,0.11009645714258907
446,22.3,3,11.351349916863441,0.12730601622255766,0.7652097901839693,-0.0444185720155014
446,22.3,4,9.608998293148098,0.6283721625268018,0.7293989030147473,0.010301557741757231
446,22.3,5,10.549834072087567,0.7343535252661016,0.7267125465146851,-0.06334431704542412
447,22.35,0,10.03898464749294,-0.8159231909566341,0.7175302187063785,0.014504645295640294
447,22.35,1,9.264463960509511,-0.2577564414126442,0.746504122822626,0.022519245028656664
447,22.35,2,10.954913329847358,-0.594698964128538,0.7106590815364351,0.1133062320385189
447,22.35,3,11.38961040637264,0.12508508762178258,0.765392249122635,-0.04890649907232596
447,22.35,4,9.645468238298834,0.6288872404138897,0.7286204979068702,0.009438161279875098
447,22.35,5,10.5861696994133,0.7311863094138304,0.7254068105091376,-0.06532976393228168
448,22.400000000000002,0,10.07486115842826,-0.8151979586918521,0.7166273584566041,0.016062096075313885
448,22.400000000000002,1,9.301789166650643,-0.25663047916121134,0.7450016576255668,0.02234827906275965
448,22.400000000000002,2,10.990446283924179,-0.589033652526612,0.7075518326875241,0.1167791144710516
448,22.400000000000002,3,11.427880018828771,0.12263976266816629,0.7655152274777873,-0.053891689783490376
448,22.400000000000002,4,9.681899263194177,0.6293591484778834,0.7278012764258618,0.008562735957192988
448,22.400000000000002,5,10.622440039938757,0.7279198212172163,0.724032449865903,-0.06743248514664822
449,22.450000000000003,0,10.11069252635109,-0.8143948538880864,0.7156376018929735,0.01762003253298498
449,22.450000000000003,1,9.339039249531922,-0.2555130652080734,0.7434524568506877,0.022171261653648196
449,22.450000000000003,2,11.025823875558554,-0.5831946968030595,0.7042121969441919,0.1205369683972672
449,22.450000000000003,3,11.46615578020266,0.11994517817899177,0.765562073694105,-0.05945118760471295
449,22.450000000000003,4,9.718289327015471,0.6297872852757431,0.7269384680989103,0.007670002107214022
449,22.450000000000003,5,10.658641662432052,0.7245481969598839,0.7225852285450741,-0.06966004689655478
450,22.5,0,10.146474406445737,-0.8135138522614371,0.7145548660087611,0.01918151536515607
450,22.5,1,9.376211872374457,-0.25440450212539095,0.7418521920157776,0.02198771936900088
450,22.5,2,11.061034485405765,-0.5771678483831961,0.7006157241585834,0.12460441475410043
450,22.5,3,11.504433883887366,0.11697261879875612,0.7655105830102534,-0.0656790233001335
450,22.5,4,9.754636250420416,0.6301707853811038,0.7260291007266986,0.006753837379934233
450,22.5,5,10.694770923859306,0.7210651946150561,0.7210606534947513,-0.07202095996863163
451,22.55,0,10.182202149746175,-0.8125547764931793,0.7133721851900431,0.020750285485989492
451,22.55,1,9.413304481975246,-0.2533051161569409,0.7401960483992286,0.021796923100013736
451,22.55,2,11.096065271613694,-0.570937627645491,0.6967348771288303,0.12900939838190353
451,22.55,3,11.542709413037878,0.11368866763374944,0.7653307699069666,-0.07269146152523233
451,22.55,4,9.790937705456752,0.6305084772501005,0.725069978270884,0.005807012730561778
451,22.55,5,10.730823956534044,0.7174641466166246,0.7194539755456233,-0.07452494884155143
452,22.6,0,10.217870759005677,-0.8115172622188799,0.7120815169589516,0.02233106205752681
452,22.6,1,9.450314284395207,-0.2522152700019402,0.738478643522348,0.02159785431552559
452,22.6,2,11.130902015470136,-0.5644871577263959,0.6925385270195965,0.1337839485658612
452,22.6,3,11.580975951533226,0.11005409455748782,0.764981521158282,-0.0806344716706506
452,22.6,4,9.827191204370296,0.6307988278866286,0.7240576562635285,0.004820813224099726
452,22.6,5,10.766796655311325,0.713737899174547,0.7177601935608551,-0.07718335020371687
453,22.650000000000002,0,10.253474834853625,-0.8104007091160035,0.7106734784124856,0.023930023342038344
453,22.650000000000002,1,9.487238216571324,-0.2511353772861639,0.7366939243578354,0.021389172500143626
453,22.650000000000002,2,11.165528941821115,-0.5577979602981028,0.6879913236047814,0.1389652368089085
453,22.650000000000002,3,11.61922502759114,0.1060223709739553,0.7644054168295206,-0.08969467671332551
453,22.650000000000002,4,9.863394087183472,0.6310398685478336,0.7229884149120913,0.003784474985522916
453,22.650000000000002,5,10.802684664989368,0.7098787316643611,0.715974059905772,-0.0800097262438424
454,22.700000000000003,0,10.28900850877425,-0.8092042079489016,0.7091369784124082,0.025555609600702436
454,22.700000000000003,1,9.524072912789215,-0.25006591866115674,0.734835037517861,0.02116919397791459
454,22.700000000000003,2,11.199928508001355,-0.5508496984576574,0.6830528856512847,0.1445971119699974
454,22.700000000000003,3,11.657445298432616,0.10153763713828902,0.7635204323090689,-0.1001159494067123
454,22.700000000000003,4,9.899543507929078,0.6312290922971097,0.7218582310350937,0.0026843159977634427
454,22.700000000000003,5,10.838483367984656,0.705878245352169,0.7140900804857055,-0.08302084897439933
455,22.75,0,10.324465357694871,-0.8079264274688664,0.7074586876653863,0.027219919397740155
455,22.75,1,9.560814664665108,-0.249007458962261,0.7328941671542246,0.0209359070582733
455,22.75,2,11.234081152283919,-0.5436198428591575,0.6776767186456846,0.15073244336008798
455,22.75,3,11.69562132004807,0.09653183966795341,0.7622060755749288,-0.11222559452988623
455,22.75,4,9.935636419480833,0.6313633080969978,0.7206627526024457,0.001502331381600115
455,22.75,5,10.87418787200894,0.701727202903449,0.7121024904005576,-0.08623835626627292
456,22.8,0,10.359838292078141,-0.8065654314989794,0.7056222469289455,0.028941260301213564
456,22.8,1,9.597459373022819,-0.24796066360934735,0.7308623414060204,0.020687084453906115
456,22.8,2,11.267964988216203,-0.5360832206911531,0.6718086927252035,0.1574369187102572
456,22.8,3,11.733731623826817,0.0909205599414591,0.76027901732289,-0.12647769140364948
456,22.8,4,9.971669557110955,0.6314384246660778,0.7193972869353622,0.00021379563270251123
456,22.8,5,10.909792996528969,0.6974152850901354,0.7100051548965289,-0.08969169392329339
457,22.85,0,10.39511940442459,-0.8051183684839187,0.7036070330211087,0.030749100836518654
457,22.85,1,9.63400249009312,-0.24692630938665205,0.7287292342910443,0.02042064728956771
457,22.85,2,11.301555422852463,-0.5282113747556403,0.6653847583958803,0.16479566513099916
457,22.85,3,11.771745574692961,0.08459667537127663,0.7574474477786247,-0.1435292171881755
457,22.85,4,10.007639421457723,0.6314491144477129,0.7180568345503352,-0.0012171119817611514
457,22.85,5,10.945293254273796,0.6929307003939708,0.7077912609528089,-0.09342369467097109
458,22.900000000000002,0,10.430299756075645,-0.8035809134420928,0.7013861381312082,0.032694459905744454
458,22.900000000000002,1,9.670438951807673,-0.24590527702217366,0.7264830873760301,0.02013569802704946
458,22.900000000000002,2,11.334824660772258,-0.5199715914990903,0.6583272239258954,0.17292587981853483
458,22.900000000000002,3,11.809617947081891,0.07742021451186785,0.753218388441888,-0.16438410530925093
458,22.900000000000002,4,10.04354226318524,0.6313882588486248,0.7166362652940507,-0.002845982578387702
458,22.900000000000002,5,10.980682817321437,0.6882595156604222,0.705452420782548,-0.09750205219454218
459,22.950000000000003,0,10.465369062982205,-0.8019461904468056,0.6989228600641619,0.03487406222303432
459,22.950000000000003,1,9.706763106176474,-0.24489849212082118,0.7241112485997308,0.019835470271453683
459,22.950000000000003,2,11.367741021968552,-0.5113252975081636,0.6505380142617994,0.18200387728691841
459,22.950000000000003,3,11.847278866503986,0.0692010092464053,0.7466882195715214,-0.19069379370725728
459,22.950000000000003,4,10.079374076449941,0.6312459597197054,0.7151309558616054,-0.004767352105010309
459,22.950000000000003,5,11.015955438360564,0.6833844130506951,0.7029760218662289,-0.1020455527973641
460,23.0,0,10.500315205985414,-0.8002024873356539,0.696164162790597,0.037495148666731176
460,23.0,1,9.74296866860646,-0.2439067186072485,0.7216034242079663,0.019536525699845226
460,23.0,2,11.400267922681643,-0.5022251036438177,0.6418846128883824,0.19233280051837154
460,23.0,3,11.884613277482563,0.059666319561042444,0.7359933023114608,-0.22547402512503173
460,23.0,4,10.11513062424302,0.6310075921144549,0.7135391026944772,-0.007163888890115311
460,23.0,5,11.051104239453876,0.6782821354108268,0.700336691829511,-0.10729347521669529
461,23.05,0,10.535123414124945,-0.7983277299023174,0.6930275083903004,0.04109131615797103
461,23.05,1,9.77904883981686,-0.24292989232225623,0.7189682060494058,0.01930308165513025
461,23.05,2,11.432362153326062,-0.4926084636178991,0.632163914753222,0.2045557936856199
461,23.05,3,11.921412942598137,0.04839261830479086,0.7165069671952629,-0.2751875425311544
461,23.05,4,10.150807579377744,0.6306493976699491,0.7118714884740682,-0.010463919534666717
461,23.05,5,11.086121074045352,0.6729174616499921,0.6974635422887894,-0.11383412335076691
462,23.1,0,10.569774789544459,-0.7962731640944188,0.689373551367559,0.04756836608456469
462,23.1,1,9.81499725011933,-0.2419647382394997,0.7163395792830685,0.019428627573319205
462,23.1,2,11.463970349063723,-0.4823806739336181,0.6209671573110186,0.22064546178292635
462,23.1,3,11.9572382909579,0.03463324117823314,0.6721018000720755,-0.35814925533093656
462,23.1,4,10.186401153801448,0.6301262016932158,0.7102092773654265,-0.016079955171522706
462,23.1,5,11.120994251159791,0.6672257554824538,0.6940623487696158,-0.12370308610714148
463,23.150000000000002,0,10.604243467112838,-0.7938947457901906,0.6849878673603339,0.07281433823387262
463,23.150000000000002,1,9.850814229083483,-0.24099330686083376,0.7155627767463091,0.022774865180679626
463,23.150000000000002,2,11.495018706929274,-0.47134840084447177,0.6063403604685574,0.25546458232226515
463,23.150000000000002,3,11.990843380961504,0.01672577841168631,0.4641491117808784,-0.5698657840154987
463,23.150000000000002,4,10.22191161766972,0.6293222039346397,0.7095103074563357,-0.03509035253491397
463,23.150000000000002,5,11.155697368598272,0.6610406011770967,0.6872036980535726,-0.15356959094252653
464,23.200000000000003,0,10.638492860480854,-0.7902540288784969,0.6773033184401713,0.16477149154072693
464,23.200000000000003,1,9.886592367920798,-0.23985456360179977,0.7225736629391728,0.03841141661522589
464,23.200000000000003,2,11.525335724952702,-0.4585751717283585,0.582549222731304,0.34926678807181105
464,23.200000000000003,3,12.014050836550547,-0.011767510789088626,-0.5042640680443983,0.5711165282277312
464,23.200000000000003,4,10.257387133042537,0.627567686307894,0.7113053050003797,-0.10027786261476752
464,23.200000000000003,5,11.190057553500951,0.6533621216299704,0.664284740411641,-0.25302242490619137
465,23.25,0,10.672358026402863,-0.7820154543014606,0.6663054164321813,0.04019743423453432
465,23.25,1,9.922721051067757,-0.23793399277103847,0.6846566169377738,0.016809697010717453
465,23.25,2,11.554463186089267,-0.4411118323247679,0.6110937310392892,0.22269096259359372
465,23.25,3,11.988837633148327,0.016788315622297934,0.5960320446392448,-0.5004813787267431
465,23.25,4,10.292952398292556,0.6225537931771555,0.6811928486419083,-0.007689515216639493
465,23.25,5,11.223271790521533,0.6407110003846609,0.6745671216143899,-0.11636086184086221
466,23.3,0,10.705673297224472,-0.7800055825897338,0.6649237122382338,0.17266311487857236
466,23.3,1,9.956953881914647,-0.2370935079205026,0.708167592746364,0.04047252350644142
466,23.3,2,11.585017872641231,-0.42997728419508824,0.5738981063999649,0.35943424058865636
466,23.3,3,12.01863923538029,-0.008235753314039224,-0.5920090749806012,0.4051663466642916
466,23.3,4,10.327012040724652,0.6221693174163235,0.6959896826450295,-0.10249003102942278
466,23.3,5,11.257000146602252,0.6348929572926177,0.6467268576248835,-0.2620740932578547
467,23.35,0,10.738919482836383,-0.7713724268458052,0.6459020822099927,0.005638562273789969
467,23.35,1,9.992362261551964,-0.23506988174518054,0.6519914512455153,0.009708989961844525
467,23.35,2,11.61371277796123,-0.4120055721656554,0.6112061801645795,0.19200748812421858
467,23.35,3,11.98903878163126,0.012022564019175355,0.728747266545308,-0.39113434507757866
467,23.35,4,10.361811524856904,0.6170448158648524,0.6515276591929958,0.020132308361334735
467,23.35,5,11.289336489483496,0.6217892526297251,0.6616920320631403,-0.07815464084653342
468,23.400000000000002,0,10.771214586946883,-0.7710904987321157,0.652909545701273,0.17615309773256488
468,23.400000000000002,1,10.02496183411424,-0.2345844322470883,0.6946900463100038,0.04130409825493067
468,23.400000000000002,2,11.644273086969458,-0.4024051977594445,0.559394981548175,0.37019427149797285
468,23.400000000000002,3,12.025476144958525,-0.007534153234703578,-0.6008426534569821,0.3204787637060673
468,23.400000000000002,4,10.394387907816554,0.6180514312829192,0.6817478796420742,-0.10267911511751891
468,23.400000000000002,5,11.322421091086653,0.6178815205873984,0.6296578599566487,-0.2682389431032357
469,23.450000000000003,0,10.803860064231946,-0.7622828438454874,0.6314997898997757,0.016284556001975023
469,23.450000000000003,1,10.05969633642974,-0.23251922733434177,0.633369954871182,0.011307867015284611
469,23.450000000000003,2,11.672242836046866,-0.38389548418454583,0.5997326963483868,0.20910868980927544
469,23.450000000000003,3,11.995434012285676,0.00848978495059979,0.6434245212532526,-0.49956955531775193
469,23.450000000000003,4,10.428475301798658,0.6129174755270432,0.6327030140682871,0.015355172295574336
469,23.450000000000003,5,11.353903984084486,0.6044695734322366,0.6431149216635696,-0.09041545309974162
470,23.5,0,10.835435053726934,-0.7614686160453886,0.6387640837097666,0.161460788372677
470,23.5,1,10.0913648341733,-0.23195383398357755,0.675517642128575,0.037936199819087926
470,23.5,2,11.702229470864285,-0.37344004969408207,0.5426399733658713,0.3681868246736745
470,23.5,3,12.027605238348338,-0.01648869281528781,-0.45768157057972075,0.5144983195303732
470,23.5,4,10.460110452502072,0.613685234141822,0.6642352918212283,-0.0907245311351051
470,23.5,5,11.386059730167664,0.5999488007772495,0.6166030782618083,-0.255242646156481
471,23.55,0,10.867373257912423,-0.7533955766267548,0.6300375819584723,0.12163738090400628
471,23.55,1,10.125140716279729,-0.23005702399262315,0.6505748800188816,0.031170295285697695
471,23.55,2,11.729361469532579,-0.35503070846039836,0.5616531324158521,0.32283755754302357
471,23.55,3,12.004721159819352,0.00923622316123085,-0.07480851737534555,-0.6332984927085529
471,23.55,4,10.493322217093134,0.6091490075850667,0.6414467457583064,-0.058356944941728224
471,23.55,5,11.416889884080755,0.5871866684694255,0.6112142123741715,-0.21046774099065968
472,23.6,0,10.898875137010346,-0.7473137075815545,0.6091534023939985,0.04232320048745033
472,23.6,1,10.157669460280673,-0.22849850922833825,0.611604682842533,0.013936571773885164
472,23.6,2,11.757444126153372,-0.3388888305832472,0.5611920277381242,0.2579078735381292
472,23.6,3,12.000980733950586,-0.022428701474196795,0.30040426113205,0.7957384899249664
472,23.6,4,10.52539455438105,0.6062311603379803,0.6129372553351758,-0.0021401267131913953
472,23.6,5,11.447450594699463,0.5766632814198924,0.6193466335119286,-0.12375702392763446
473,23.650000000000002,0,10.929332807130047,-0.7451975475571819,0.6214893356951093,0.1527906455374651
473,23.650000000000002,1,10.1882496944228,-0.22780168063964398,0.6475500449880697,0.03703254092570201
473,23.650000000000002,2,11.785503727540277,-0.32599343690634075,0.5290427939704752,0.3677190514060547
473,23.650000000000002,3,12.01600094700719,0.017358223022051526,-0.27158249068843915,-0.5230818953227903
473,23.650000000000002,4,10.556041417147808,0.6061241540023208,0.633817518524136,-0.07880163269127782
473,23.650000000000002,5,11.478417926375059,0.5704754302235107,0.5840655132834893,-0.25050087591880243
474,23.700000000000003,0,10.960407273914802,-0.7375580152803086,0.6012856774467762,0.06989510577585283
474,23.700000000000003,1,10.220627196672202,-0.22595005359335887,0.6036132998260303,0.019402231390940952
474,23.700000000000003,2,11.811955867238801,-0.307607484336038,0.5404751192449603,0.29374547923114236
474,23.700000000000003,3,12.002421822472767,-0.00879587174408799,0.15545415271178994,0.8063934099502549
474,23.700000000000003,4,10.587732293074016,0.6021840723677568,0.6006160635297495,-0.01824044031165214
474,23.700000000000003,5,11.507621202039234,0.5579503864275706,0.5928471994114829,-0.15766274409607972
475,23.75,0,10.99047155778714,-0.734063259991516,0.6056325042013482,0.11104730149857882
475,23.75,1,10.250807861663503,-0.22497994202381183,0.6138141306101573,0.028396038161477375
475,23.75,2,11.838979623201048,-0.2929202103744809,0.5242461299420439,0.3379620992341498
475,23.75,3,12.010194530108357,0.03152379875342476,0.10830333782763779,-0.6550764217185181
475,23.75,4,10.617763096250503,0.6012720503521742,0.6016564007986873,-0.04511354934852045
475,23.75,5,11.537263562009807,0.5500672492227666,0.5662996868265232,-0.20720424657827252
476,23.8,0,11.020753182997208,-0.728510894916587,0.6042212372745858,0.18850103280894967
476,23.8,1,10.281498568194012,-0.22356014011573797,0.6390992138806448,0.04188635446223578
476,23.8,2,11.86519192969815,-0.2760221054127734,0.3827664513873227,0.2560124625904251
476,23.8,3,12.01560969699974,-0.001230022332501149,-0.4408882192098057,0.3874110961694175
476,23.8,4,10.647845916290438,0.5990163728847482,0.6224889238818716,-0.10342203722691705
476,23.8,5,11.565578546351134,0.539707036893853,0.5496390822604084,-0.29896096561323554
477,23.85,0,11.050964244860937,-0.7190858432761396,0.5739415821275582,0.01404833630388578
477,23.85,1,10.313453528888044,-0.2214658223926262,0.5462574351635051,0.0069527697277649275
477,23.85,2,11.884330252267517,-0.26322148228325215,0.4544553143445078,-0.053338179607018935
477,23.85,3,11.99356528603925,0.018140532475969726,0.7475650030960795,-0.27575560943272925
477,23.85,4,10.678970362484531,0.5938452710234023,0.54656602277072,0.029344138376295723
477,23.85,5,11.593060500464153,0.5247589886131913,0.5636984381866036,-0.10031642162452235
478,23.900000000000002,0,11.079661323967315,-0.7183834264609452,0.5911115467488618,0.20695153324303292
478,23.900000000000002,1,10.340766400646219,-0.22111818390623794,0.6330581100853047,0.04470098380605697
478,23.900000000000002,2,11.907053017984742,-0.2658883912636031,0.27126406080420956,0.1687555717721705
478,23.900000000000002,3,12.030943536194053,0.004352752004333263,-0.411877568743597,0.33657014177783057
478,23.900000000000002,4,10.706298663623066,0.5953124779422171,0.6150203295583325,-0.11530078549969529
478,23.900000000000002,5,11.621245422373484,0.5197431675319651,0.5220973513294302,-0.32830514686910495
479,23.950000000000003,0,11.109216901304759,-0.7080358497987935,0.5765325752216237,0.13985141646175153
479,23.950000000000003,1,10.372419306150483,-0.2188831347159351,0.5898067546833754,0.030904644801035917
479,23.950000000000003,2,11.920616221024952,-0.2574506126749946,0.340513060025187,0.03330917957269652
479,23.950000000000003,3,12.010349657756873,0.02118125909322479,0.12054060718709736,-0.285182729524323
479,23.950000000000003,4,10.737049680100982,0.5895474386672324,0.5808385950232141,-0.063277755184693
479,23.950000000000003,5,11.647350289939956,0.5033279101885099,0.5264059299586917,-0.25485111563576207
480,24.0,0,11.13804353006584,-0.701043278975706,0.5750408802372369,0.20432454961327456
480,24.0,1,10.401909643884652,-0.2173379024758833,0.613398269757511,0.04301955854999378
480,24.0,2,11.93764187402621,-0.25578515369635973,0.22788371717867137,-0.04640841930351941
480,24.0,3,12.016376688116228,0.00692212261700864,-0.35145195025064946,0.3314411324645854
480,24.0,4,10.766091609852143,0.5863835509079978,0.5994968405440746,-0.11087103321333333
480,24.0,5,11.67367058643789,0.49058535440672174,0.5061374390891341,-0.33261999687411425
481,24.05,0,11.166795574077701,-0.6908270514950422,0.5460389586926152,0.07233081040049007
481,24.05,1,10.432579557372527,-0.21518692454838362,0.5314093649221527,0.015723385438866724
481,24.05,2,11.949036059885144,-0.2581055746615357,0.3843430705247653,-0.0964969805649568
481,24.05,3,11.998804090603695,0.02349417924023791,0.5347722784112787,-0.25726139698272427
481,24.05,4,10.796066451879348,0.5808399992473311,0.5380763616828965,-0.009475328464116124
481,24.05,5,11.698977458392347,0.47395435456301604,0.5245914483034494,-0.18692027196118566
482,24.1,0,11.194097522012331,-0.6872105109750177,0.5591507066712585,0.2214871092087713
482,24.1,1,10.459150025618635,-0.21440075527644029,0.6059799487439023,0.0456096033924726
482,24.1,2,11.968253213411382,-0.2629304236897836,0.20234414437190695,0.020717648866666504
482,24.1,3,12.025542704524259,0.010631109391101696,-0.42142074289217063,0.2913444253440853
482,24.1,4,10.822970269963493,0.5803662328241252,0.5931254796678593,-0.12138966118395057
482,24.1,5,11.72520703080752,0.46460834096495673,0.4779535682838571,-0.3614018511497497
483,24.150000000000002,0,11.222055057345894,-0.6761361555145792,0.535549969753631,0.12200446910800475
483,24.150000000000002,1,10.48944902305583,-0.21212027510681666,0.5391763399218414,0.02475152874780656
483,24.150000000000002,2,11.978370420629977,-0.2618945412464503,0.33837225652811526,-0.01415871498000221
483,24.150000000000002,3,12.00447166737965,0.02519833065830596,0.2706163434280486,-0.3065363641218111
483,24.150000000000002,4,10.852626543946887,0.5742967497649277,0.5447879709339822,-0.044281044096676374
483,24.150000000000002,5,11.749104709221712,0.44653824840746925,0.494688787400602,-0.25333803628003815
484,24.200000000000003,0,11.248832555833577,-0.6700359320591789,0.5424215499428588,0.22757160362143933
484,24.200000000000003,1,10.516407840051922,-0.21088269866942633,0.5917172010398939,0.04600345943406328
484,24.200000000000003,2,11.995289033456382,-0.2626024769954504,0.20843067962355613,-0.0387622096645982
484,24.200000000000003,3,12.018002484551053,0.009871512452215403,-0.4544556960790923,0.2572891495034711
484,24.200000000000003,4,10.879865942493586,0.5720826975600939,0.5823391675377535,-0.12334444209122968
484,24.200000000000003,5,11.773839148591742,0.4338713465934673,0.45460866814499895,-0.3764788568955789
485,24.25,0,11.275953633330719,-0.6586573518781069,0.5050830047760949,0.07395156550113992
485,24.25,1,10.545993700103917,-0.20858252569772318,0.48762130586553554,0.013732278741036616
485,24.25,2,12.00571056743756,-0.2645405874786803,0.3827404025912485,-0.0651821231637828
485,24.25,3,11.995279699747098,0.02273596992738896,0.5326966015697762,-0.2703483794774274
485,24.25,4,10.908982900870473,0.5659154754555324,0.5098890891325358,-0.004156978054228293
485,24.25,5,11.796569581998993,0.41504740374868837,0.48971009811801164,-0.2087349094419516
486,24.3,0,11.301207783569524,-0.6549597736030499,0.5268901353718237,0.2511122324483786
486,24.3,1,10.570374765397194,-0.20789591176067135,0.5889016278819729,0.0502217866147108
486,24.3,2,12.024847587567123,-0.26779969363686945,0.17801467328805007,0.008497500950482836
486,24.3,3,12.021914529825587,0.009218550953517589,-0.5467586893227642,0.28437129457176996
486,24.3,4,10.9344773553271,0.565707626552821,0.5787045277372888,-0.1387452846651056
486,24.3,5,11.821055086904893,0.4046106582765908,0.4165095213574265,-0.41148711897350704
487,24.35,0,11.327552290338115,-0.642404161980631,0.4877659108736333,0.08939020698359355
487,24.35,1,10.599819846791293,-0.2053848224299358,0.47584652091070806,0.016108062174946855
487,24.35,2,12.033748321231526,-0.2673748185893453,0.3583113602266394,0.0058210569878502545
487,24.35,3,11.99457659535945,0.02343711568210609,0.4855521287390705,-0.3398036832204182
487,24.35,4,10.963412581713964,0.5587703623195658,0.5025192522744857,-0.012281377507549053
487,24.35,5,11.841880562972765,0.38403630232791547,0.46239100918634474,-0.23552210317673558
488,24.400000000000002,0,11.351940585881797,-0.6379346516314514,0.51118583752969,0.2692078191729075
488,24.400000000000002,1,10.623612172836829,-0.20457941932118845,0.5832622996080187,0.05347096513312889
488,24.400000000000002,2,12.051663889242858,-0.2670837657399528,0.1717612552754175,4.728387478117414e-05
488,24.400000000000002,3,12.018854201796403,0.006446931521085178,-0.6165734819904578,0.31767517321143485
488,24.400000000000002,4,10.988538544327689,0.5581562934441884,0.5729483046419341,-0.15008098843722553
488,24.400000000000002,5,11.865000113432082,0.3722601971690787,0.37711450284326903,-0.4393896669979479
489,24.450000000000003,0,11.377499877758282,-0.624474260672806,0.4614677988686874,0.0657355672456784
489,24.450000000000003,1,10.65277528781723,-0.201905871064532,0.4372774683739733,0.010402550608807681
489,24.450000000000003,2,12.06025195200663,-0.26708140154621374,0.36691164814661226,0.030257103867074617
489,24.450000000000003,3,11.98802552769688,0.022330690181656922,0.6118689275221287,-0.3035059504468321
489,24.450000000000003,4,11.017185959559786,0.5506522440223272,0.47758766789552737,0.010334888941564233
489,24.450000000000003,5,11.883855838574245,0.3502907138191813,0.4471333178910856,-0.21857606703841595
490,24.5,0,11.400573267701716,-0.621187482310522,0.4950443870976201,0.2865652569617171
490,24.5,1,10.674639161235929,-0.2013857435340916,0.5780451040734536,0.056650673865443785
490,24.5,2,12.07859753441396,-0.26556854635286,0.14950898213295755,0.03654153286490078
490,24.5,3,12.018618974072988,0.007155392659315318,-0.6635356252012772,0.2382884317424805
490,24.5,4,11.041065342954562,0.5511689884694053,0.5664892088709768,-0.1612507403186614
490,24.5,5,11.9062125044688,0.3393619104672605,0.3279325076507308,-0.46548433316628907
491,24.55,0,11.425325487056597,-0.6068592194624362,0.4401638896143717,0.06571591260199566
491,24.55,1,10.7035414164396,-0.19855320984081942,0.41486941010656825,0.010018192666201348
491,24.55,2,12.086072983520609,-0.26374146970961493,0.35243541577602683,0.04340512278740902
491,24.55,3,11.985442192812924,0.019069814246439342,0.6381799650064552,-0.4961163568892316
491,24.55,4,11.069389803398112,0.5431064514534722,0.46359648970249323,0.014853054142400474
491,24.55,5,11.922609129851336,0.316087693808946,0.3617118795073586,0.10122211129200759
492,24.6,0,11.447333681537316,-0.6035734238323364,0.4765960652587698,0.29552553646164986
492,24.6,1,10.724284886944929,-0.19805230020750936,0.5670532090980775,0.05807399722770895
492,24.6,2,12.10369475430941,-0.2615712135702445,0.1826355028157977,-0.05114051566416925
492,24.6,3,12.017351191063247,-0.005736003598022239,-0.609356970808631,0.6324096242587611
492,24.6,4,11.092569627883236,0.5438491041605923,0.5558408105949347,-0.16639779069848906
492,24.6,5,11.940694723826704,0.3211487993735464,0.27251139199147145,-0.45118761987796285
493,24.650000000000002,0,11.471163484800254,-0.5887971470092539,0.4354838507847007,0.12076458072968986
493,24.650000000000002,1,10.752637547399832,-0.1951486003461239,0.43301762552926065,0.019488292894731005
493,24.650000000000002,2,12.112826529450201,-0.264128239353453,0.22058371988297268,0.21761297102736676
493,24.650000000000002,3,11.986883342522814,0.025884477614915816,0.4436616010604891,-0.7767743256987629
493,24.650000000000002,4,11.120361668412983,0.5355292146256678,0.4707160973725774,-0.02517227238312413
493,24.650000000000002,5,11.954320293426278,0.29858941837964825,0.2910908699539835,0.29914253296009546
494,24.700000000000003,0,11.492937677339489,-0.5827589179727694,0.45051502252188536,0.2542869363914317
494,24.700000000000003,1,10.774288428676295,-0.19417418570138736,0.5203309253116899,0.04845225563234333
494,24.700000000000003,2,12.12385571544435,-0.25324759080208464,0.2780469785978537,-0.11449801837611821
494,24.700000000000003,3,12.009066422575838,-0.012954238670022336,-0.3880554285372503,0.8306596958214257
494,24.700000000000003,4,11.143897473281612,0.5342706010065116,0.5224508844408374,-0.1317702803431335
494,24.700000000000003,5,11.968874836923977,0.313546545027653,0.24977170172985402,-0.3546093864336065
495,24.75,0,11.515463428465583,-0.5700445711531977,0.4291213062117383,0.1667445861291639
495,24.75,1,10.800304974941879,-0.19175157291977019,0.44648978204122136,0.02654653362739651
495,24.75,2,12.137758064374243,-0.25897249172089054,0.11383680336777063,0.2940513853427178
495,24.75,3,11.989663651148975,0.02857874612104895,0.3083433871933486,-0.8601877048385913
495,24.75,4,11.170020017503655,0.5276820869893549,0.4716739922820197,-0.060197135577432476
495,24.75,5,11.98136342201047,0.2958160757059727,0.2734736109632139,0.31434660049590596
496,24.8,0,11.536919493776171,-0.5617073418467395,0.43047467654244126,0.24062903389023696
496,24.8,1,10.82262946404394,-0.19042424623840035,0.49171947001386107,0.043762657498454045
496,24.8,2,12.143449904542631,-0.24426992245375465,0.3075322025914043,-0.10575919267768215
496,24.8,3,12.005080820508642,-0.01443063912088062,-0.295743735238279,0.8633390498773257
496,24.8,4,11.193603717117755,0.5246722302104833,0.4981361849431181,-0.11961081709157184
496,24.8,5,11.99503710255863,0.311533405730768,0.22017604342028463,-0.3132710693607932
497,24.85,0,11.558443227603293,-0.5496758901522277,0.41851663012448365,0.1939577877413607
497,24.85,1,10.847215437544634,-0.18823611336347765,0.4471770253820039,0.029563879029830566
497,24.85,2,12.158826514672201,-0.24955788208763877,0.05077279081193525,0.3054817429401751
497,24.85,3,11.990293633746727,0.02873631337298567,0.23824959872727314,-0.8812174437970183
497,24.85,4,11.218510526364911,0.5186916893559047,0.4640477465658044,-0.08104551971399666
497,24.85,5,12.006045904729644,0.29586985226272833,0.2763017018567235,0.28567809064375715
498,24.900000000000002,0,11.579369059109517,-0.5399780007651597,0.41219311186618574,0.23629436240182355
498,24.900000000000002,1,10.869574288813734,-0.1867579194119861,0.4694258557951604,0.04065960884119227
498,24.900000000000002,2,12.161365154212797,-0.23428379494063,0.3181995843959807,-0.08801738949674669
498,24.900000000000002,3,12.00220611368309,-0.015324558816865244,-0.22931029606317965,0.8742397878000812
498,24.900000000000002,4,11.2417129136932,0.5146394133702049,0.4771129783464767,-0.11500932050510129
498,24.900000000000002,5,12.019860989822481,0.3101537567949162,0.18813268455804064,-0.3014380426338194
499,24.950000000000003,0,11.599978714702827,-0.5281632826450685,0.406284699824859,0.21716957831502787
499,24.950000000000003,1,10.893045581603491,-0.1847249389699265,0.44564932049092304,0.03171795648188657
499,24.950000000000003,2,12.177275133432596,-0.23868466441546735,0.001976261250118279,0.29826260254075676
499,24.950000000000003,3,11.990740598879931,0.02838743057313882,0.1802220007794382,-0.889392150345146
499,24.950000000000003,4,11.265568562610525,0.5088889473449498,0.4548758468907018,-0.09898270890841454
499,24.950000000000003,5,12.029267624050384,0.29508185466322523,0.2760174750023648,0.2478626643754029
500,25.0,0,11.62029294969407,-0.5173048037293171,0.39448306667082667,0.23674858708725738
500,25.0,1,10.915328047628037,-0.18313904114583218,0.4504478852640988,0.0382982893742442
500,25.0,2,12.177373946495102,-0.2237715342884295,0.31808854921108165,-0.06789704721976748
500,25.0,3,11.999751698918903,-0.01608217694411848,-0.17254133820835066,0.8741524231167105
500,25.0,4,11.28831235495506,0.5039398118995291,0.4579873241889344,-0.11414934145873497
500,25.0,5,12.043068497800501,0.3074749878819954,0.15467033285423207,-0.2970018979942377
501,25.05,0,11.640017103027612,-0.5054673743749543,0.39246982858699,0.2373490084496805
501,25.05,1,10.937850441891243,-0.18122412667711998,0.44226343160480414,0.03318750375528995
501,25.05,2,12.193278373955657,-0.22716638664941788,-0.03419938744606924,0.27979553537955226
501,25.05,3,11.991124632008486,0.027625444211717046,0.1299602336436368,-0.8907063740252303
501,25.05,4,11.311211721164508,0.49823234482659234,0.444530302372149,-0.11451028538203917
501,25.05,5,12.050802014443212,0.2926248929822835,0.27108175900474657,0.2116678223155001
502,25.1,0,11.659640594456961,-0.4935999239524702,0.37699403692713884,0.24139783974703685
502,25.1,1,10.959963613471484,-0.1795647514893555,0.4345097552193059,0.03660336930789861
502,25.1,2,12.191568404583354,-0.21317660988044027,0.3096266618039408,-0.04752366847429706
502,25.1,3,11.997622643690667,-0.016909874489544473,-0.12665013603549743,0.8659834949429748
502,25.1,4,11.333438236283115,0.4925068305574904,0.4406959366308203,-0.11648966144775302
502,25.1,5,12.064356102393448,0.3032082840980585,0.1204716935221618,-0.2942163995666527
503,25.150000000000002,0,11.678490296303318,-0.48153003196511834,0.3770109490670284,0.25421180612612443
503,25.150000000000002,1,10.98168910123245,-0.17773458302396056,0.4364348960531111,0.033836561485910376
503,25.150000000000002,2,12.20704973767355,-0.2155527933041551,-0.0583470221635549,0.25468593225433983
503,25.150000000000002,3,11.991290136888892,0.02638930025760427,0.0907222332164178,-0.886876379416964
503,25.150000000000002,4,11.355473033114656,0.48668234748510275,0.43270246213351066,-0.12717621499375198
503,25.150000000000002,5,12.070379687069556,0.2884974641197259,0.2632112435165542,0.1806952698130699
504,25.200000000000003,0,11.697340843756669,-0.4688194416588121,0.3594139088599324,0.24989282869873863
504,25.200000000000003,1,11.003510846035105,-0.17604275494966504,0.4214510709870011,0.03554521789578198
504,25.200000000000003,2,12.204132386565373,-0.20281849669143812,0.2949381397663989,-0.028292013835878402
504,25.200000000000003,3,11.995826248549713,-0.017954518713243932,-0.09506327763755247,0.852923775162435
504,25.200000000000003,4,11.37710815622133,0.48032353673541517,0.42512659498638805,-0.12172124504035475
504,25.200000000000003,5,12.083540249245383,0.2975322276103794,0.08623662402962459,-0.29127505887351063
505,25.25,0,11.715311539199666,-0.45632480022387517,0.3599452021067779,0.2676424103740002
505,25.25,1,11.024583399584456,-0.17426549405487593,0.42772296094558393,0.03353790202629008
505,25.25,2,12.218879293553693,-0.20423309738323203,-0.07246524447592531,0.22707531928692273
505,25.25,3,11.991073084667836,0.024691670044877823,0.06784063898063863,-0.8789101398691819
505,25.25,4,11.39836448597065,0.4742374744833974,0.4191295597008488,-0.13669154976582723
505,25.25,5,12.087852080446863,0.2829684746667039,0.25422547834093706,0.15594930037171317
506,25.3,0,11.733308799305005,-0.44294267970517515,0.341413975014551,0.2618316379246561
506,25.3,1,11.045969547631735,-0.17258859895356143,0.4110198169147492,0.035073013172166115
506,25.3,2,12.215256031329897,-0.19287933141888589,0.2763295630592395,-0.011621475098121633
506,25.3,3,11.994465116616867,-0.019253836948581272,-0.08166755912326079,0.8383367256232578
506,25.3,4,11.419320963955691,0.46740289699510607,0.4110291598321526,-0.12951534306205892
506,25.3,5,12.10056335436391,0.2907659396852895,0.052819370097503135,-0.28675591285362295
507,25.35,0,11.750379498055732,-0.4298510978089423,0.3414182372105079,0.2779763560375208
507,25.35,1,11.066520538477473,-0.17083494829495313,0.4160666443926518,0.03224122448773896
507,25.35,2,12.22907250948286,-0.19346040517379196,-0.0798148035528762,0.2003753589675052
507,25.35,3,11.990381738660703,0.022662999332581618,0.06633287053661305,-0.8670466976986722
507,25.35,4,11.4398724219473,0.4609271298420031,0.4037471441126563,-0.14315892361655286
507,25.35,5,12.103204322868786,0.27642814404260835,0.24540872587960408,0.13723374173278602
508,25.400000000000002,0,11.767450409916258,-0.4159522800070663,0.32264160488406707,0.2765733611523449
508,25.400000000000002,1,11.087323870697105,-0.16922288707056618,0.40271038435319595,0.035049926551638196
508,25.400000000000002,2,12.225081769305216,-0.1834416372254167,0.25644491206990394,0.0009179870839114807
508,25.400000000000002,3,11.993698382187533,-0.020689335552351994,-0.08868254063721753,0.824502814970352
508,25.400000000000002,4,11.460059779152932,0.45376918366117547,0.39793843437089305,-0.1393558248358386
508,25.400000000000002,5,12.115474759162765,0.28328983112924766,0.021692432778741416,-0.2785911225060688
509,25.450000000000003,0,11.78358249016046,-0.40212361194944907,0.3216927494607988,0.28635432453637955
509,25.450000000000003,1,11.107459389914766,-0.16747039074298428,0.40212035376745636,0.03007418113911223
509,25.450000000000003,2,12.237904014908711,-0.18339573787122113,-0.08438742777452816,0.17683289949567313
509,25.450000000000003,3,11.989264255155673,0.02053580519616561,0.08704079988405647,-0.8503547153635134
509,25.450000000000003,4,11.479956700871476,0.44680139241938355,0.38687718206697425,-0.14738751618001367
509,25.450000000000003,5,12.116559380801702,0.2693602750039442,0.23709227992395693,0.12332400009807477
510,25.5,0,11.799667127633501,-0.3878058957226301,0.30276896487845756,0.2931738503444719
510,25.5,1,11.12756540760314,-0.16596668168602868,0.39567305520814344,0.03520663031419585
510,25.5,2,12.233684643519984,-0.17455409289643747,0.23771975076603713,0.00814100414969075
510,25.5,3,11.993616295149875,-0.02198193057201006,-0.1144024678931943,0.8114914135012485
510,25.5,4,11.499300559974825,0.4394320166103829,0.38516404397365994,-0.1504460330319696
510,25.5,5,12.1284139947979,0.27552647500884797,-0.004974748316989166,-0.26451159929815055
511,25.55,0,11.814805575877424,-0.3731472032054065,0.3011033013553538,0.29472433422450134
511,25.55,1,11.147349060363547,-0.1642063501703189,0.3873231778241153,0.027375747390237126
511,25.55,2,12.245570631058285,-0.17414704268895292,-0.08991618446925659,0.15728219966406212
511,25.55,3,11.987896171755215,0.018592640103052366,0.12353791224471522,-0.8278233838169994
511,25.55,4,11.518558762173509,0.4319097149587844,0.36925702056805765,-0.15092291866076138
511,25.55,5,12.128165257382049,0.26230089504394044,0.22865623932429135,0.11216855844002753
512,25.6,0,11.829860740945191,-0.35841098649418146,0.2815770722502795,0.3104397851970516
512,25.6,1,11.166715219254753,-0.16283756280080705,0.3887026110356412,0.03513034111988557
512,25.6,2,12.241074821834822,-0.16628293270574981,0.22156325936971225,0.009866439218577432
512,25.6,3,11.99407306736745,-0.022798529087797607,-0.15122110764672175,0.7979513467904812
512,25.6,4,11.537021613201912,0.4243635690257463,0.3718628815303585,-0.16168263620990433
512,25.6,5,12.139598069348263,0.26790932296594183,-0.02506104232735076,-0.2435846533487408
513,25.650000000000002,0,11.843939594557705,-0.34288899723432886,0.27993372120453985,0.30520206282332824
513,25.650000000000002,1,11.186150349806535,-0.16108104574481277,0.3733743831401927,0.024564518694473694
513,25.650000000000002,2,12.252152984803308,-0.16578961074482093,-0.0984753702446364,0.1410879788078016
513,25.650000000000002,3,11.986512011985115,0.017099038251726456,0.16301773522421104,-0.8013693082011984
513,25.650000000000002,4,11.55561475727843,0.41627943721525107,0.35173715067062544,-0.1554999511541151
513,25.650000000000002,5,12.138345017231895,0.2557300902985048,0.21922062963259115,0.10182885935041684
514,25.700000000000003,0,11.857936280617933,-0.3276288940931624,0.2392632135397871,0.27948387367819155
514,25.700000000000003,1,11.204819068963545,-0.1598528198100891,0.38048795177486283,0.034354205956988036
514,25.700000000000003,2,12.247229216291077,-0.15873521180443084,0.20818247181379496,0.006938891247843053
514,25.700000000000003,3,11.994662898746325,-0.022969427158333472,-0.16500467798930885,0.8050973411259165
514,25.700000000000003,4,11.573201614811962,0.4085044396575453,0.35726009034755457,-0.17187912091196292
514,25.700000000000003,5,12.149306048713525,0.26082153326602564,-0.03792318775265717,-0.2178387163623769
515,25.75,0,11.869899441294923,-0.31365470040925286,0.25869321125893224,0.32250175732422887
515,25.75,1,11.223843466552287,-0.1581351095122397,0.36527537957113915,0.02355785664394936
515,25.75,2,12.257638339881765,-0.1583882672420387,-0.11246831989634479,0.1261632750282907
515,25.75,3,11.98641266484686,0.017285439897962357,0.14466407510547308,-0.8012554187377277
515,25.75,4,11.59106461932934,0.39991048361194714,0.3369968686009564,-0.16605168087510533
515,25.75,5,12.147409889325893,0.2499295974479068,0.2128483400256991,0.09987572150168464
516,25.8,0,11.882834101857869,-0.29752961254304144,0.08823655833731567,-0.041657218030496684
516,25.8,1,11.242107235530844,-0.15695721668004223,0.3669669654411719,0.03209408014128804
516,25.8,2,12.252014923886948,-0.15208010349062415,0.19274896008833614,0.005357246007327627
516,25.8,3,11.993645868602133,-0.02277733103892403,-0.03525486118291294,0.8949700139197604
516,25.8,4,11.607914462759387,0.39160789956819186,0.33977377131255826,-0.1773031555783709
516,25.8,5,12.158052306327178,0.25492338352299104,-0.04799030319203691,-0.20013669044304322
517,25.85,0,11.887245929774734,-0.29961247344456626,0.23436279245591068,0.33844293376341916
517,25.85,1,11.260455583802901,-0.15535251267297784,0.3746624401116551,0.031213118444161567
517,25.85,2,12.261652371891365,-0.15181224119025777,-0.12640305836316468,0.10421725949091658
517,25.85,3,11.991883125542987,0.021971169657063992,-0.09079760497861791,-0.8542146293380009
517,25.85,4,11.624903151325015,0.3827427417892733,0.33224277760804366,-0.1940201506808144
517,25.85,5,12.155652791167576,0.24491654900083887,0.22446294093973676,0.1330810012888199
518,25.900000000000002,0,11.898964069397529,-0.2826903267563953,0.030223843933903947,-0.2334959507736691
518,25.900000000000002,1,11.279188705808485,-0.15379185675076976,0.34160120905806096,0.029419534364208577
518,25.900000000000002,2,12.255332218973207,-0.14660137821571195,0.14439582478057755,0.02296840622858775
518,25.900000000000002,3,11.987343245294056,-0.020739561809836056,0.17216848270969687,0.8974605014217727
518,25.900000000000002,4,11.641515290205417,0.37304173425523257,0.31882124823184127,-0.17234678732651076
518,25.900000000000002,5,12.166875938214563,0.25157059906527984,-0.062405707831593264,-0.20829046308627444
519,25.950000000000003,0,11.900475261594224,-0.2943651242950788,0.20026884811740867,0.30944408294724013
519,25.950000000000003,1,11.296268766261388,-0.15232088003255934,0.3750972123969671,0.038496859963140166
519,25.950000000000003,2,12.262552010212236,-0.14545295790428256,-0.10581879614838409,0.07062972392479937
519,25.950000000000003,3,11.995951669429541,0.024133463261252583,-0.24639716579347556,-0.8295061463727751
519,25.950000000000003,4,11.65745635261701,0.36442439488890704,0.32389434747223655,-0.21369768783951407
519,25.950000000000003,5,12.163755652822983,0.2411560759109661,0.22390466101869402,0.14506629537581503
520,26.0,0,11.910488704000095,-0.27889292014771677,0.029788083799323205,-0.2856063029879384
520,26.0,1,11.315023626881237,-0.15039603703440232,0.3236846310206182,0.03155144031131345
520,26.0,2,12.257261070404816,-0.1419214717080426,0.10504180382079764,0.031774261114442225
520,26.0,3,11.983631811139867,-0.017341844057386174,0.2805418552815129,0.863725520850819
520,26.0,4,11.67365106999062,0.35373951049693136,0.3033308444493156,-0.1751859497720316
520,26.0,5,12.174950885873917,0.24840939067975687,-0.07239637753032035,-0.20460775986377233
521,26.05,0,11.91197810819006,-0.2931732352971137,0.17463552036858995,0.29843935713036807
521,26.05,1,11.331207858432268,-0.14881846501883667,0.3681074850884583,0.04433606341792487
521,26.05,2,12.262513160595855,-0.14033275865232048,-0.08802681926253797,0.04644127091288904
521,26.05,3,11.997658903903943,0.025844431985154778,-0.3245859633575187,-0.802617193150223
521,26.05,4,11.688817612213086,0.34498021300832976,0.3121701356767289,-0.2267068011318427
521,26.05,5,12.171331066997402,0.23817900268656825,0.22150278670152235,0.14515917724196306
522,26.1,0,11.92070988420849,-0.2782512674405953,0.038071481115595135,-0.29746684724828043
522,26.1,1,11.349613232686691,-0.14660166184794043,0.3104192996714783,0.03607676105799797
522,26.1,2,12.258111819632727,-0.13801069510667602,0.07940872407176054,0.03493813949048131
522,26.1,3,11.981429605736068,-0.01428642767235637,0.3448326777798757,0.8267038942555079
522,26.1,4,11.704426118996922,0.3336448729517376,0.2909951036947736,-0.18293784734852167
522,26.1,5,12.182406206332479,0.2454369615486664,-0.08400849285900512,-0.20050390282487593
523,26.150000000000002,0,11.92261345826427,-0.2931246098030093,0.15139133268807364,0.29068913231095994
523,26.150000000000002,1,11.365134197670265,-0.14479782379504053,0.3585794641622476,0.04978734792882422
523,26.150000000000002,2,12.262082255836315,-0.13626378813215195,-0.07028598864947695,0.026533103424398775
523,26.150000000000002,3,11.998671239625061,0.02704876704041903,-0.37648984731053264,-0.7781766485626775
523,26.150000000000002,4,11.71897587418166,0.3244979805843115,0.29950296348663935,-0.2378771715396617
523,26.150000000000002,5,12.178205781689527,0.2354117664074226,0.2177774508237221,0.1430181227219209
524,26.200000000000003,0,11.930183024898673,-0.27859015318746133,0.045925216751754386,-0.29661496957212546
524,26.200000000000003,1,11.383063170878378,-0.14230845639859932,0.29971075215399373,0.041908747174105816
524,26.200000000000003,2,12.25856795640384,-0.13493713296093202,0.05955134363972799,0.03725856573581149
524,26.200000000000003,3,11.979846747259534,-0.01186006538771485,0.3872196322423996,0.7912789251421523
524,26.200000000000003,4,11.733951022355992,0.3126041220073284,0.28069624249220154,-0.1936302220113052
524,26.200000000000003,5,12.189094654230713,0.24256267254351863,-0.09747230780824578,-0.19755045871288937
525,26.25,0,11.93247928573626,-0.2934209016660676,0.12921481205439606,0.28070121890818345
525,26.25,1,11.398048708486078,-0.14021301903989403,0.34744265507956257,0.055069145329355675
525,26.25,2,12.261545523585827,-0.13307420467414144,-0.053389006655859744,0.010553119527296196
525,26.25,3,11.999207728871655,0.027703880869392766,-0.4112796883586677,-0.7567510669723071
525,26.25,4,11.747985834480602,0.30292261090676315,0.286547700988171,-0.24833583411261678
525,26.25,5,12.1842210388403,0.23268514960787415,0.21316919299627338,0.14108555535949585
526,26.3,0,11.93894002633898,-0.2793858407206584,0.051480630055281085,-0.29117433665997294
526,26.3,1,11.415420841240056,-0.13745956177342625,0.2903511488849284,0.04862222403669932
526,26.3,2,12.258876073253035,-0.13254654869777663,0.044023621947185704,0.03953829077037332
526,26.3,3,11.978643744453722,-0.010133672479222589,0.4122557374195021,0.7621379488847476
526,26.3,4,11.76231321953001,0.29050581920113233,0.27196274798068515,-0.20632294783449656
526,26.3,5,12.194879498490115,0.23973942737584894,-0.11151751319393949,-0.1943860137493679
527,26.35,0,11.941514057841744,-0.29394455755365706,0.10861444700732885,0.26920460759146475
527,26.35,1,11.429938398684303,-0.13502845057159127,0.3350540883411817,0.060309087905329704
527,26.35,2,12.261077254350393,-0.13056963415925796,-0.03920921320948604,-0.0010187532043593839
527,26.35,3,11.999256531324697,0.027973224965014795,-0.41513880268588554,-0.7521727763591288
527,26.35,4,11.775911356929045,0.2801896718094075,0.25598511263639767,-0.23840294064065906
527,26.35,5,12.189303622830419,0.23002012668838054,0.20842807690768567,0.1403805872858918
528,26.400000000000002,0,11.94694478019211,-0.28048432717408384,0.05156757954905011,-0.2882706013605092
528,26.400000000000002,1,11.446691103101362,-0.13201299617632478,0.2817250954812751,0.05592648357330055
528,26.400000000000002,2,12.25911679368992,-0.13062057181947592,0.04158182921665992,0.038218821119851094
528,26.400000000000002,3,11.978499591190403,-0.00963541385294165,0.4213405630842598,0.746097429125662
528,26.400000000000002,4,11.788710612560864,0.26826952477737454,0.2474708687804334,-0.19419833118540653
528,26.400000000000002,5,12.199725026675804,0.23703915605267512,-0.1251975311913324,-0.18910650516186653
529,26.450000000000003,0,11.949523159169562,-0.2948978572421093,0.08969958880767878,0.25887986028217674
529,26.450000000000003,1,11.460777357875426,-0.12921667199765977,0.3230216730450019,0.0655178744032567
529,26.450000000000003,2,12.261195885150753,-0.12870963076348338,-0.026547089256004044,-0.009884315683973653
529,26.450000000000003,3,11.999566619344616,0.027669457603341455,-0.27897097065868426,-0.8445656848304989
529,26.450000000000003,4,11.801084155999886,0.2585596082181042,0.04448959276115752,-0.015719116982145377
529,26.450000000000003,5,12.193465150116237,0.22758383079458178,0.20280789219872067,0.14280965524903555
530,26.5,0,11.954008138609947,-0.2819538642280005,0.02401814063078848,-0.31621143624820275
530,26.5,1,11.476928441527676,-0.12594077827749692,0.27736856673573973,0.062435073225651005
530,26.5,2,12.259868530687953,-0.12920384654768205,0.11381071641694876,0.009995450710614891
530,26.5,3,11.985618070811682,-0.014558826638183489,0.2456548477863249,0.862470554506576
530,26.5,4,11.803308635637944,0.2577736523689969,0.1958825741489214,-0.13747341563414628
530,26.5,5,12.203605544726173,0.23472431355703355,-0.13750683143953304,-0.17584471147765424
531,26.55,0,11.955209045641485,-0.29776443604041064,0.08109206904216881,0.2781268601331911
531,26.55,1,11.490796869864463,-0.12281902461621437,0.31404223895697847,0.06699207960132614
531,26.55,2,12.2655590665088,-0.1287040740121513,-0.07131812231495539,0.01572234077701723
531,26.55,3,11.997900813201,0.02856470108714531,-0.1529631424425579,-0.8961643480181302
531,26.55,4,11.81310276434539,0.2508999815872896,-0.05833346588068505,0.0988446641010937
531,26.55,5,12.196730203154196,0.22593207798315085,0.19624599940598933,0.13403577026217586
532,26.6,0,11.959263649093593,-0.2838580930337511,0.009723902273259108,-0.31461427845934814
532,26.6,1,11.506498981812312,-0.11946942063614806,0.27584839431352387,0.06568573053969577
532,26.6,2,12.261993160393052,-0.12791795697330044,0.14021495247777585,-0.003095299105376972
532,26.6,3,11.990252656078871,-0.016243516313761204,0.10446437834266901,0.9061289448232067
532,26.6,4,11.810186091051355,0.25584221479234426,0.18058146616275278,-0.13324449732170768
532,26.6,5,12.206542503124496,0.23263386649625964,-0.13903173694405985,-0.15963871823386433
533,26.650000000000002,0,11.959749844207256,-0.2995888069567185,0.07391586523303387,0.2859352368171744
533,26.650000000000002,1,11.520291401527988,-0.11618513410916327,0.3072560160779786,0.06647356905540634
533,26.650000000000002,2,12.269003908016941,-0.12807272192856928,-0.11109133694963316,0.037727838062339675
533,26.650000000000002,3,11.995475874996005,0.029062930927399137,-0.055889258651343934,-0.9153150440557463
533,26.650000000000002,4,11.819215164359493,0.24917998992625887,-0.10335466812882374,0.15697840907001842
533,26.650000000000002,5,12.199590916277293,0.22465193058456642,0.18384355231184005,0.11754248722440412
534,26.700000000000003,0,11.963445637468908,-0.2852920451158598,-0.0003031258277111498,-0.31202291840063395
534,26.700000000000003,1,11.535654202331887,-0.11286145565639295,0.27452919159990796,0.06724781129021909
534,26.700000000000003,2,12.26344934116946,-0.1261863300254523,0.1558824323057481,-0.008902890988254237
534,26.700000000000003,3,11.992681412063439,-0.016702821275388177,0.01632592233972515,0.9182588321717303
534,26.700000000000003,4,11.814047430953051,0.2570289103797598,0.17517690729789753,-0.1410009731874274
534,26.700000000000003,5,12.208783093892885,0.23052905494578663,-0.1372886984368057,-0.14556417788202405
535,26.75,0,11.963430481177522,-0.3008931910358915,0.06737532226827496,0.28804796226520496
535,26.75,1,11.549380661911883,-0.109499065091882,0.30277071880076667,0.06545518808070028
535,26.75,2,12.271243462784748,-0.126631474574865,-0.13518180829240148,0.04903266165740781
535,26.75,3,11.993497708180424,0.029210120333198343,0.0028975337441042837,-0.9198874181958056
535,26.75,4,11.822806276317946,0.2499788617203884,-0.12185301233002284,0.1858627565413777
535,26.75,5,12.201918658971044,0.22325084605168544,0.17278614413896123,0.10421987054425157
536,26.8,0,11.966799247290936,-0.28649079292263124,-0.007026452175056718,-0.3111925653768985
536,26.8,1,11.56451919785192,-0.10622630568784698,0.27365129276859435,0.06837256607871371
536,26.8,2,12.264484372370127,-0.12417984149199462,0.16458260289014653,-0.010489573393124993
536,26.8,3,11.99364258486763,-0.016784250576591934,-0.027712568458395953,0.9198108199157057
536,26.8,4,11.816713625701444,0.2592719995474573,0.17161368144062872,-0.14966057263896135
536,26.8,5,12.210557966177992,0.228461839578898,-0.1357590186630544,-0.135152987415925
537,26.85,0,11.966447924682184,-0.3020504211914762,0.061118431871579774,0.288947660871962
537,26.85,1,11.57820176249035,-0.10280767738391129,0.3004591225128495,0.06456863549967
537,26.85,2,12.272713502514634,-0.12470432016165088,-0.14658071243707815,0.05184270417778249
537,26.85,3,11.99225695644471,0.02920629041919335,0.03052015982619858,-0.9202754046635604
537,26.85,4,11.825294309773476,0.2517889709155092,-0.12915422815562672,0.19921076203554555
537,26.85,5,12.20377001524484,0.22170419020810175,0.1658671867028806,0.09689417006811993
538,26.900000000000002,0,11.969503846275762,-0.2876030381478781,-0.007993837474782422,-0.309843506070574
538,26.900000000000002,1,11.593224718615993,-0.0995792456089278,0.27390020846651886,0.06976624610637333
538,26.900000000000002,2,12.26538446689278,-0.12211218495276176,0.16423513992130986,-0.011864860900206897
538,26.900000000000002,3,11.993782964436019,-0.01680747981398467,-0.04414661168260884,0.9187071805114927
538,26.900000000000002,4,11.818836598365694,0.2617495090172865,0.1678073464744014,-0.157176318339013
538,26.900000000000002,5,12.212063374579985,0.22654889871150774,-0.13581690821953674,-0.12838608229247472
539,26.950000000000003,0,11.969104154402023,-0.3030952134514068,0.054503477483382114,0.28878445599604685
539,26.950000000000003,1,11.60691972903932,-0.09609093330360913,0.3002291353613657,0.06401696126371843
539,26.950000000000003,2,12.273596223888845,-0.1227054279977721,-0.14936093744381762,0.049540724637921266
539,26.950000000000003,3,11.991575633851888,0.029127879211589963,0.038926780380293464,-0.9198322029682403
539,26.950000000000003,4,11.827226965689414,0.25389069310033585,-0.13232810031087286,0.2047151091065028
539,26.950000000000003,5,12.205272529169008,0.220129594596884,0.16230245230923063,0.09410605669556049
540,27.0,0,11.971829328276192,-0.2886559906516044,-0.007808226366864199,-0.3094545669752753
540,27.0,1,11.621931185807387,-0.0928900852404232,0.2757139543786789,0.07176428786857963
540,27.0,2,12.266128177016654,-0.12022839176587605,0.16087114602619723,-0.012620975190467022
540,27.0,3,11.993521972870901,-0.016863730936822058,-0.04648088742229006,0.9171493977183862
540,27.0,4,11.82061056067387,0.264126448555661,0.1632388609506599,-0.16344215879953836
540,27.0,5,12.213387651784469,0.22483489743166202,-0.13725634839553208,-0.12415147507627
541,27.05,0,11.97143891695785,-0.3041287190003682,0.047473832004065374,0.2881035784140832
541,27.05,1,11.635716883526321,-0.08930187084699423,0.30216949194102705,0.06389846557187293
541,27.05,2,12.274171734317964,-0.1208594405253994,-0.14803642567368996,0.04516523897350699
541,27.05,3,11.991197928499787,0.028993738949097257,0.03862148195153415,-0.9193115126592283
541,27.05,4,11.828772503721403,0.25595434061568406,-0.13445967757650518,0.20650578092945254
541,27.05,5,12.206524834364693,0.2186273236778485,0.16049146818261895,0.0937950489870328
542,27.1,0,11.973812608558053,-0.28972354007966405,-0.0073683251386861106,-0.3092783338177764
542,27.1,1,11.650825358123372,-0.08610694756840058,0.2795003165379052,0.07460551269807196
542,27.1,2,12.26676991303428,-0.11860117857672406,0.15596458849658948,-0.013632779313541567
542,27.1,3,11.993129002597364,-0.016971836683864157,-0.04372800122247983,0.9155698353211481
542,27.1,4,11.822049519842578,0.2662796296621567,0.15797271296692011,-0.1690388334385925
542,27.1,5,12.214549407773823,0.22331707612720014,-0.139353346143874,-0.12112508379242917
543,27.150000000000002,0,11.973444192301118,-0.30518745677055287,0.039958040089223476,0.2869692770866511
543,27.150000000000002,1,11.664800373950268,-0.08237667193349699,0.30658915746706344,0.0642586122995718
543,27.150000000000002,2,12.274568142459108,-0.11928281754240114,-0.14515930634540603,0.04035587846318374
543,27.150000000000002,3,11.99094260253624,0.028806655082193253,0.035940839070606426,-0.9186581030974568
543,27.150000000000002,4,11.829948155490923,0.25782768799022704,-0.1368984999883327,0.20656819806008744
543,27.150000000000002,5,12.20758174046663,0.21726082193757867,0.15924722862149626,0.09454825835607458
544,27.200000000000003,0,11.97544209430558,-0.2908389929162203,-0.007294646668770275,-0.3090084993623909
544,27.200000000000003,1,11.68012983182362,-0.0791637413185184,0.08572608500827755,0.03941538164349063
544,27.200000000000003,2,12.267310177141837,-0.11726502361924195,0.15058103823835386,-0.015476677052583746
544,27.200000000000003,3,11.99273964448977,-0.017126250072679587,0.0772999827486647,0.9190840012173167
544,27.200000000000003,4,11.823103230491506,0.2681560978932314,0.1520114748512445,-0.1743246594087348
544,27.200000000000003,5,12.215544101897704,0.2219882348553824,-0.14146987558858648,-0.11837191007529978
545,27.25,0,11.975077361972142,-0.30628941788433983,0.030111750782591807,0.29385198157698533
545,27.25,1,11.684416136074034,-0.07719297223634387,0.22158132203682993,0.03368523247475891
545,27.25,2,12.274839229053756,-0.11803885747187114,-0.09997303501545972,0.009762099871427623
545,27.25,3,11.996604643627203,0.028827949988186254,-0.06676642986020125,-0.9158561269933648
545,27.25,4,11.83070380423407,0.2594398649227947,-0.13062484829483725,0.17243115673403053
545,27.25,5,12.208470608118274,0.2160696393516174,0.18384490068395198,0.12995232009627336
546,27.3,0,11.976582949511272,-0.29159681880549054,-0.008088281823696919,-0.3030422276909543
546,27.3,1,11.695495202175875,-0.07550871061260593,-0.057067879911409304,0.013695639938566206
546,27.3,2,12.269840577302983,-0.11755075247829976,0.12877389619376692,-0.013586936797015682
546,27.3,3,11.993266322134193,-0.01696485636148199,0.16217467561070195,0.9149109404478123
546,27.3,4,11.824172561819328,0.26806142275949624,0.1434074779996339,-0.17016484459618522
546,27.3,5,12.217662853152472,0.22256725535643107,-0.15237185805789932,-0.12521747405330508
547,27.35,0,11.976178535420088,-0.30674893019003824,0.023240006942519285,0.2980353732042887
547,27.35,1,11.692641808180305,-0.07482392861567762,0.18752466653020544,0.022184696723018427
547,27.35,2,12.27627927211267,-0.11823009931815054,-0.0756363244283315,-0.007801616430139696
547,27.35,3,12.001375055914728,0.028780690660908624,-0.16519984442666436,-0.903494748412584
547,27.35,4,11.83134293571931,0.25955318052968696,-0.1269984605688941,0.1484240143590079
547,27.35,5,12.210044260249576,0.2163063816537658,0.19320455300200293,0.15104524815614265
548,27.400000000000002,0,11.977340535767214,-0.2918471615298238,-0.009048029089959006,-0.2969756260703237
548,27.400000000000002,1,11.702018041506815,-0.07371469377952669,-0.11896860531391185,0.0015298148121960314
548,27.400000000000002,2,12.272497455891255,-0.11862018013965753,0.09944930514363588,-0.0051370782990429265
548,27.400000000000002,3,11.993115063693395,-0.01639404675972058,0.2356849808739363,0.9011042359037649
548,27.400000000000002,4,11.824993012690864,0.26697438124763734,0.1321880979441086,-0.15512038425263533
548,27.400000000000002,5,12.219704487899676,0.22385864406157294,-0.1664309693741841,-0.13808986358439315
549,27.450000000000003,0,11.976888134312716,-0.30669594283334,0.018587350346998027,0.29807779632089115
549,27.450000000000003,1,11.69606961124112,-0.07363820303891688,0.18575848342002185,0.021980858547745716
549,27.450000000000003,2,12.277469921148437,-0.11887703405460967,-0.06026923855301519,-0.01883919738763024
549,27.450000000000003,3,12.004899312737091,0.028661165035467666,-0.2463181576778648,-0.8852764015175346
549,27.450000000000003,4,11.83160241758807,0.2592183620350056,-0.12343520090550752,0.1310073369484533
549,27.450000000000003,5,12.211382939430967,0.21695415088235329,0.19632412849213685,0.16375752942630883
550,27.5,0,11.977817501830065,-0.29179205301729544,-0.008254412063672474,-0.29078732797301404
550,27.5,1,11.705357535412121,-0.0725391601115296,-0.15320108719287223,-0.006608254189561225
550,27.5,2,12.274456459220787,-0.11981899392399119,0.0715015303869107,0.0034352739143887986
550,27.5,3,11.992583404853198,-0.015602655040409065,0.3058661806552302,0.8807816277336349
550,27.5,4,11.825430657542794,0.26576872888242825,0.1212361726378579,-0.13738172348446284
550,27.5,5,12.221199145855573,0.22514202735366873,-0.1778336497919591,-0.14991671812187887
551,27.55,0,11.977404781226882,-0.30633141941594616,0.01483600705983848,0.29478279671111945
551,27.55,1,11.697697481052478,-0.07286957282100766,0.19531691588564495,0.025496047555836673
551,27.55,2,12.278031535740132,-0.11964723022827174,-0.04436426716319464,-0.02926899422102158
551,27.55,3,12.00787671388596,0.028436426346272685,-0.3209880000360766,-0.8613458401077042
551,27.55,4,11.831492466174687,0.2588996427082051,-0.11771240282645051,0.11411234031205372
551,27.55,5,12.212307463365976,0.21764619144757477,0.19851093239413617,0.1743710663194191
552,27.6,0,11.978146581579875,-0.2915922795803902,-0.006479113175000275,-0.2839924158585292
552,27.6,1,11.70746332684676,-0.07159477044321583,-0.17728056441920734,-0.01366441305572294
552,27.6,2,12.275813322381971,-0.12111067993932283,0.04584498918690892,0.011719652739549093
552,27.6,3,11.991827313884157,-0.014630865659112528,0.3770780820455964,0.8533394578072452
552,27.6,4,11.825606846033365,0.2646052597238078,0.11043360928240349,-0.11843612423792785
552,27.6,5,12.222233009985683,0.22636474476354573,-0.18642934637756553,-0.15997845079363426
553,27.650000000000002,0,11.977822625921124,-0.30579190037331666,0.011277729603020032,0.28863602721509796
553,27.650000000000002,1,11.6985992986258,-0.07227799109600197,0.2095281439755392,0.030519612944771284
553,27.650000000000002,2,12.278105571841317,-0.12052469730234537,-0.025867928956403625,-0.04059740030618117
553,27.650000000000002,3,12.010681217986436,0.028036107231249732,-0.3949619923741327,-0.8303461959905827
553,27.650000000000002,4,11.831128526497485,0.25868345351191135,-0.10910489812624369,0.0954403784694117
553,27.650000000000002,5,12.212911542666804,0.21836582222386403,0.2002891669562804,0.1845999208709731
554,27.700000000000003,0,11.978386512401276,-0.29136009901256177,-0.004135967379692017,-0.27574340523209834
554,27.700000000000003,1,11.709075705824576,-0.0707520104487634,-0.1973815147127918,-0.02064982431098712
554,27.700000000000003,2,12.276812175393497,-0.12255456731765443,0.020998411872173436,0.020189604605215888
554,27.700000000000003,3,11.99093311836773,-0.013481202568279407,0.45176252660651206,0.8167493835590346
554,27.700000000000003,4,11.825673281591174,0.2634554724353819,0.0990581732342754,-0.09795387449388136
554,27.700000000000003,5,12.222926001014619,0.22759581826741268,-0.19286411322532987,-0.16866806342389196
555,27.75,0,11.978179714032292,-0.3051472692741667,0.0074526092142014385,0.2793504443221087
555,27.75,1,11.699206630088936,-0.07178450166431276,0.22599386625208734,0.03637516713393667
555,27.75,2,12.277862095987105,-0.12154508708739364,-0.004201903138821637,-0.05328693354070912
555,27.75,3,12.013521244698056,0.027356266609672324,-0.4712291515264405,-0.7899913096609391
555,27.75,4,11.830626190252888,0.25855777871068786,-0.0971517698340318,0.07390560682645296
555,27.75,5,12.213282795353352,0.2191624150962181,0.20103231243163946,0.19481950966012873
556,27.8,0,11.978552344493002,-0.29117974705806127,-0.001487380242320067,-0.26517773539291617
556,27.8,1,11.71050632340154,-0.06996574330761593,-0.21577358980919953,-0.027945809438960124
556,27.8,2,12.277652000830164,-0.1242094337644291,-0.004460311019433991,0.02937048672443339
556,27.8,3,11.989959787121734,-0.012143298873374633,0.5306493688596866,0.7683089822288712
556,27.8,4,11.825768601761187,0.2622530590520105,0.0863503025222024,-0.07520417097538297
556,27.8,5,12.223334410974935,0.2289033905792245,-0.19747663973124907,-0.17624253955850555
557,27.85,0,11.978477975480885,-0.3044386338277071,0.0030141609111259283,0.26618402942711783
557,27.85,1,11.69971764391108,-0.07136303377956393,0.2434146172670392,0.042742479785278495
557,27.85,2,12.277428985279192,-0.12274090942820742,0.020828960519216223,-0.06741428373951544
557,27.85,3,12.016492255564717,0.026272150238068934,-0.5505337854640702,-0.7375616841620029
557,27.85,4,11.830086116887298,0.2584928505032414,-0.08144557950230147,0.04896996210487251
557,27.85,5,12.213460578988373,0.22009126360129924,0.19975813151269947,0.20478704833297837
558,27.900000000000002,0,11.978628683526441,-0.2911294323563512,0.0012494756656978713,-0.25142067570630644
558,27.900000000000002,1,11.711888374774432,-0.06922590979030001,-0.23304866854576267,-0.03564978550888904
558,27.900000000000002,2,12.278470433305152,-0.1261116236151832,-0.031374301624890466,0.039637928810111196
558,27.900000000000002,3,11.988965566291514,-0.010605933970031213,0.6125318707069094,0.7052672001300477
558,27.900000000000002,4,11.826013837912182,0.260941348608485,0.07170332364096124,-0.0495902433507903
558,27.900000000000002,5,12.223448485564008,0.23033061601794816,-0.20013333316168191,-0.18258560246348662
559,27.950000000000003,0,11.978691157309726,-0.3037004661416665,-0.0023070916208807186,0.24825872725528225
559,27.950000000000003,1,11.700235941347144,-0.07100839906574447,0.26056203769335695,0.049299042771658495
559,27.950000000000003,2,12.276901718223908,-0.12412972717467763,0.04905128806562744,-0.08269208714263178
559,27.950000000000003,3,12.019592159826859,0.024657426036471176,-0.6314107109298117,-0.6705362150997966
559,27.950000000000003,4,11.82959900409423,0.2584618364409455,-0.06177731274272334,0.02057778423349588
559,27.950000000000003,5,12.213441818905924,0.22120133589477384,0.195350681130263,0.21375454684524467
560,28.0,0,11.978575802728681,-0.2912875297789024,0.003860541073043745,-0.23367518787864597
560,28.0,1,11.713264043231812,-0.06854344692716154,-0.2488916491121135,-0.043656278003934464
560,28.0,2,12.279354282627189,-0.12826433153180922,-0.0598770690918614,0.051136250701947356
560,28.0,3,11.988021624280368,-0.008869384718518655,0.6941284154859817,0.6256949604224119
560,28.0,4,11.826510138457095,0.2594907256526203,0.054785427577500406,-0.02093915504650749
560,28.0,5,12.223209352962437,0.23188906323703606,-0.20028909313087107,-0.1872154432874426
561,28.05,0,11.978768829782334,-0.30297128917283467,-0.008676705518111167,0.22491807934033387
561,28.05,1,11.700819460776206,-0.07072626082735826,0.27601089866525563,0.05564705527475079
561,28.05,2,12.276360429172597,-0.12570751899671184,0.07974826193526728,-0.09838596631669469
561,28.05,3,12.022728045054667,0.022415363302601944,-0.7103258559792238,-0.5874436118956347
561,28.05,4,11.82924940983597,0.25844376790029494,-0.03841707205885985,-0.0107325249174381
561,28.05,5,12.213194898305893,0.22252829107266392,0.18678203196836052,0.22050886924745092
562,28.1,0,11.978334994506428,-0.291725385205818,0.006152403817664434,-0.21141405744338435
562,28.1,1,11.714620005709468,-0.06794390806362073,-0.2624840593796039,-0.05167953003012084
562,28.1,2,12.280347842269359,-0.13062681731254658,-0.08938147495957435,0.06371922457437917
562,28.1,3,11.987211752255705,-0.006956817292179791,0.7705203258992188,0.5294247711830121
562,28.1,4,11.827328556233027,0.257907141654423,0.03565076050505503,0.010311948685599169
562,28.1,5,12.22253399990431,0.23355373453503647,-0.19714992278300877,-0.18938819649144306
563,28.150000000000002,0,11.97864261469731,-0.3022960880779872,-0.0160953438773264,0.196095454128212
563,28.150000000000002,1,11.701495802740489,-0.07052788456512678,0.2882698828468813,0.06138211501077814
563,28.150000000000002,2,12.27587876852138,-0.12744085608382763,0.11162973890372292,-0.11335874297783717
563,28.150000000000002,3,12.025737768550666,0.019514421266970818,-0.7823947846757149,-0.4886382359566043
563,28.150000000000002,4,11.82911109425828,0.258422739088703,-0.012309812905631701,-0.043811695802152745
563,28.150000000000002,5,12.21267650376516,0.22408432471046433,0.17342910741978562,0.22355920170282187
564,28.200000000000003,0,11.977837847503444,-0.2924913153715766,0.00801693459956123,-0.18457503654260463
564,28.200000000000003,1,11.715909296882833,-0.06745877881458787,-0.2728657754969477,-0.059303280426951814
564,28.200000000000003,2,12.281460255466566,-0.13310879323271949,-0.11875095980496513,0.07694327972586285
564,28.200000000000003,3,11.98661802931688,-0.004917490530859402,0.8363619564908554,0.4184313488287527
564,28.200000000000003,4,11.828495603612998,0.25623215429859536,0.014775568902951838,0.04311007119672927
564,28.200000000000003,5,12.221347959136148,0.23526228479560543,-0.18992293583047473,-0.1882778669405658
565,28.25,0,11.978238694233422,-0.3017200671987068,-0.02436739508531251,0.1624728139935442
565,28.25,1,11.702266008107985,-0.07042394283593546,0.29611189576988334,0.0662164533654463
565,28.25,2,12.275522707476318,-0.12926162924642634,0.14311039752143068,-0.12633745726637746
565,28.25,3,12.028436127141422,0.016004076910578237,-0.8427033495480836,-0.3764002573290339
565,28.25,4,11.829234382058146,0.2583876578584318,0.015055542855664149,-0.07716095717468001
565,28.25,5,12.211851812344625,0.22584839144857713,0.15532274376992025,0.22149766373449437
566,28.3,0,11.977020324479156,-0.2935964264990296,0.009495391072455067,-0.15360056817378492
566,28.3,1,11.71707160289648,-0.06711312016766315,-0.2792550710350453,-0.0660783349636601
566,28.3,2,12.28267822735239,-0.1355785021097452,-0.14667880109979653,0.09015551877174742
566,28.3,3,11.986300959664018,-0.0028159359558734623,0.8873063063986228,0.2961420131539221
566,28.3,4,11.829987159200929,0.2545296099996978,-0.0070651492926886985,0.07604941951202704
566,28.3,5,12.21961794953312,0.23692327463530186,-0.1780756498884159,-0.183174449818967
567,28.35,0,11.97749509403278,-0.30127645490771887,-0.033163417601840814,0.1252210161722723
567,28.35,1,11.703108849344728,-0.07041703691584615,0.2988139010177423,0.07004805554685668
567,28.35,2,12.2753442872974,-0.13107072617115784,0.17278008171399772,-0.13626873660692776
567,28.35,3,12.030666274983949,0.011991164701822642,-0.8875481684442035,-0.25406664891658887
567,28.35,4,11.829633901736294,0.25833208097529914,0.04211543437449639,-0.10939932529037893
567,28.35,5,12.210714167038699,0.2277645521443535,0.13310112160740217,0.21333053759594975
568,28.400000000000002,0,11.975836923152688,-0.29501540409910526,0.010784835586467392,-0.11924092462665115
568,28.400000000000002,1,11.718049544395615,-0.06691463413850332,-0.2828904031152792,-0.07708802216831732
568,28.400000000000002,2,12.2839832913831,-0.13788416300150422,-0.1720979926636625,0.10264790460109734
568,28.400000000000002,3,11.986288866561738,-0.000712167744006802,0.9206714307772434,0.16604978876958415
568,28.400000000000002,4,11.831739673455019,0.2528621147107802,-0.02697861691724849,0.11343213593709246
568,28.400000000000002,5,12.21736922311907,0.238431079024151,-0.16146794195318143,-0.17359618048764835
569,28.450000000000003,0,11.976376164932011,-0.3009774503304378,-0.04212363354354791,0.08546520308046296
569,28.450000000000003,1,11.703905024239852,-0.07076903524691919,0.297133053238306,0.07369099995460175
569,28.450000000000003,2,12.275378391749916,-0.13275176777144934,0.19974949237209116,-0.1425028148330439
569,28.450000000000003,3,12.0323224381006,0.0075903216944724055,-0.9152146100322325,-0.12413930696182711
569,28.450000000000003,4,11.830390742609156,0.2585337215076348,0.06825254472800103,-0.1408486832517433
569,28.450000000000003,5,12.20929582602141,0.22975126999976858,0.10769203589651888,0.19851787735202597
570,28.5,0,11.974269983254834,-0.2967041901764147,0.012272994393694307,-0.08173950462905956
570,28.5,1,11.718761676901767,-0.0670844852491891,-0.2813163102148664,-0.08698422151742607
570,28.5,2,12.28536586636852,-0.13987690851310153,-0.1948313369625727,0.11397969829873904
570,28.5,3,11.98656170759899,0.0013833563463810494,0.9347953306474306,0.02986320470506371
570,28.5,4,11.833803369845556,0.25149128734504766,-0.045762097340658246,0.14822219002556034
570,28.5,5,12.214680427816237,0.23967716386736987,-0.14034895969849237,-0.15940738653502928
571,28.55,0,11.97488363297452,-0.30079116540786766,-0.05107312503558149,0.043379651434921396
571,28.55,1,11.704695861391023,-0.0714336963250604,0.28974728992085685,0.07691901138807747
571,28.55,2,12.275624299520391,-0.13417792359816458,0.22359044986019017,-0.14462732031287276
571,28.55,3,12.033301474131362,0.0028765165816342347,-0.9239636180433147,0.010973637930928974
571,28.55,4,11.831515264978524,0.25890239684632566,0.09202720842265279,-0.17026236809150896
571,28.55,5,12.207662979831312,0.2317067945406184,0.07988862833808541,0.1767339783594759
572,28.6,0,11.97232997672274,-0.2986221828361216,0.014267929643039946,-0.041890862929190344
572,28.6,1,11.719183225887067,-0.06758774575565653,-0.2723693674303139,-0.08827682525983904
572,28.6,2,12.2868038220134,-0.14140928961380822,-0.21429758332150292,0.12351059487905172
572,28.6,3,11.987103293229195,0.0034251984781806834,0.9282604596768161,-0.10960228904579963
572,28.6,4,11.836116625399656,0.2503892784417502,-0.06592420985331685,0.17289301480501845
572,28.6,5,12.211657411248217,0.2405434934585922,-0.11514807645631177,-0.14047896021060097
573,28.650000000000002,0,11.973043373204892,-0.3007167259825811,-0.0597325139882142,-0.0003815884067567609
573,28.650000000000002,1,11.705564757515551,-0.07200158701864848,0.274727335504805,0.07871444120314994
573,28.650000000000002,2,12.276088942847325,-0.13523375986985564,0.24354826792071632,-0.1422321098163835
573,28.650000000000002,3,12.033516316213035,-0.0020549159741092985,-0.9121111944735144,0.14815874473079757
573,28.650000000000002,4,11.83282041490699,0.25903392918200113,0.11208074342733294,-0.19531240361136032
573,28.650000000000002,5,12.2059000074254,0.23351954544806214,0.050574746432881734,0.14819118270058823
574,28.700000000000003,0,11.970056747505481,-0.30073580540291894,0.016942258132039433,-0.0008736828867655546
574,28.700000000000003,1,11.719301124290793,-0.06806586495849098,-0.2588579605486217,-0.0870040528017302
574,28.700000000000003,2,12.28826635624336,-0.14234536536067482,-0.2295554767262647,0.13041022943107938
574,28.700000000000003,3,11.98791075648936,0.00535302126243058,0.9005213233327596,-0.24873173897582512
574,28.700000000000003,4,11.838424452078357,0.24926830900143312,-0.0853551896972518,0.19459726255908166
574,28.700000000000003,5,12.208428744747044,0.24092910458309155,-0.08638505144808999,-0.11669041704723807
575,28.75,0,11.970903860412083,-0.3007794895472572,-0.06764172955237967,-0.04455287615921212
575,28.75,1,11.706358226263362,-0.0724160675985775,0.25316595790657803,0.07934482757346815
575,28.75,2,12.276788582407047,-0.13582485388912086,0.25874630995708076,-0.13517413991941804
575,28.75,3,12.032936822655998,-0.007083565686360677,-0.8791662070982001,0.28455918311827194
575,28.75,4,11.834156692593494,0.2589981721293872,0.1289445074167819,-0.2164404784231946
575,28.75,5,12.20410949217464,0.23509458373072964,0.0206722159732088,0.11371293541908024
576,28.8,0,11.967521773934465,-0.3030071333552178,0.020457810480642984,0.04072040471438981
576,28.8,1,11.71901652415869,-0.06844882621990409,-0.24026299662235268,-0.08311012231361592
576,28.8,2,12.289725897904901,-0.14258356088509175,-0.24018489944424234,0.1341055391491852
576,28.8,3,11.988978512301088,0.0071443934695529215,0.8510960564931573,-0.38443215535961417
576,28.8,4,11.840603917964334,0.24817614820822748,-0.10343165529353257,0.21267803267398888
576,28.8,5,12.2051431029733,0.24078023050168365,-0.0548779740142428,-0.08842410034332994
577,28.85,0,11.968544664458497,-0.3009711131194983,-0.07434057669211094,-0.08822316330533904
577,28.85,1,11.707003374327572,-0.07260433233558489,0.22540880198445734,0.07888106860539885
577,28.85,2,12.277716652932689,-0.1358782839276325,0.268121460444265,-0.12351055985671491
577,28.85,3,12.031533315125746,-0.012077214298427787,-0.8248224897616152,0.41669124426657195
577,28.85,4,11.835432335199657,0.2588100498419269,0.14265355129053445,-0.23338108458086995
577,28.85,5,12.202399204272588,0.23635902548451715,-0.009063717232418726,0.0744830306163194
578,28.900000000000002,0,11.964827635623891,-0.30538227128476525,0.024834626019657403,0.08187065800587101
578,28.900000000000002,1,11.718273814426794,-0.06866027890531494,-0.2166312335114163,-0.0769413296238341
578,28.900000000000002,2,12.291122725954903,-0.14205381192046823,-0.24555508858808867,0.1340427089691482
578,28.900000000000002,3,11.990292190637664,0.008757347914900812,0.780482430164301,-0.5125016520747399
578,28.900000000000002,4,11.842565012764185,0.2471409956128834,-0.11953666234527534,0.2269585396312369
578,28.900000000000002,5,12.201946018410966,0.24008317701533313,-0.021745263665429594,-0.05650185375993109
579,28.950000000000003,0,11.966069366924874,-0.3012887383844717,-0.07926039279927083,-0.13012435442005046
579,28.950000000000003,1,11.707442252751223,-0.07250734538650665,0.19212542331359203,0.07742214507113447
579,28.950000000000003,2,12.278844971525498,-0.13535167647201082,0.27053063458086835,-0.10770754927012507
579,28.950000000000003,3,12.029316312145879,-0.016867734688836185,-0.749861402971824,0.5400827249911848
579,28.950000000000003,4,11.83658817964692,0.2584889225944453,0.15312088012856145,-0.24568580982979785
579,28.950000000000003,5,12.200858755227696,0.23725808432733658,-0.037813752969270066,0.03238618209455839
580,29.0,0,11.96210634728491,-0.3077949561054742,0.02992252557637667,0.12124414761851186
580,29.0,1,11.717048523916903,-0.06863623813294992,-0.18831254168737963,-0.06883914810374751
580,29.0,2,12.292371503254541,-0.14073705393551708,-0.24498027235014297,0.12981499663168947
580,29.0,3,11.991823241997288,0.010136401560723058,0.6906773846692065,-0.6282680573878937
580,29.0,4,11.844244223653348,0.2462046321029554,-0.13308038735541286,0.23710811825935185
580,29.0,5,12.198968067579232,0.2388773934320645,0.011611860578739286,-0.022236640846035324
581,29.05,0,11.963602473563729,-0.3017327487245486,-0.08185227105971965,-0.16882963984450142
581,29.05,1,11.707632896832534,-0.0720781955381373,0.15449539946562124,0.07509356233493308
581,29.05,2,12.280122489637034,-0.1342463041039326,0.26511185190606473,-0.08872386179294255
581,29.05,3,12.026357111230748,-0.02127700130867163,-0.6565581439936289,0.6501780827975077
581,29.05,4,11.837590204285577,0.258060038015923,0.1603290126308174,-0.2529772003657536
581,29.05,5,12.19954866060817,0.23776556138976274,-0.06481546973179714,-0.010251231015918839
582,29.1,0,11.959509860010742,-0.31017423071677364,0.03540205580815928,0.1574967860535109
582,29.1,1,11.715357666805815,-0.06832351742139064,-0.1560384144476905,-0.05934879235700489
582,29.1,2,12.293378082232337,-0.13868249719357972,-0.2379517539400323,0.12131250042644413
582,29.1,3,11.993529204031066,0.011231902831203757,0.5848064755861555,-0.7279174388620742
582,29.1,4,11.845606654917118,0.2454111779976353,-0.1435570253354708,0.24296157929088855
582,29.1,5,12.196307887121579,0.2372529998389668,0.04373930809154417,0.0127857481311984
583,29.150000000000002,0,11.96127996280115,-0.3022993914140981,-0.08174539942660417,-0.20324365960604335
583,29.150000000000002,1,11.70755574608343,-0.07129095703924089,0.11393336700293678,0.07202421874924693
583,29.150000000000002,2,12.281480494535336,-0.1326168721722575,0.25153634053157226,-0.0678095073019008
583,29.150000000000002,3,12.022769527810373,-0.025163969111899952,-0.5480820724600413,0.7436120219207065
583,29.150000000000002,4,11.838428803650345,0.25755925696217974,0.16444867914460584,-0.2551516293456064
583,29.150000000000002,5,12.198494852526157,0.23789228724552672,-0.08959423153678554,-0.05133111421635558
584,29.200000000000003,0,11.95719269282982,-0.3124615743944003,0.0408410606466964,0.18965814188400199
584,29.200000000000003,1,11.713252414433578,-0.06768974610177854,-0.12066515776048192,-0.04907155496585906
584,29.200000000000003,2,12.294057311561915,-0.13600734753735255,-0.22426242531492246,0.10877386921634608
584,29.200000000000003,3,11.995365424187371,0.012016631984135374,0.46589635782985284,-0.809263738710413
584,29.200000000000003,4,11.846651237607576,0.24480167549489942,-0.1506634555563421,0.24450298997420186
584,29.200000000000003,5,12.194015140949316,0.23532573153470893,0.07348322816957806,0.04712931256292879
585,29.25,0,11.959234745862155,-0.30297866730020023,-0.07875642636282881,-0.23284939447176572
585,29.25,1,11.707219156545554,-0.07014332385007149,0.07150862729821926,0.06829550802984637
585,29.25,2,12.282844190296169,-0.13056865407653526,0.22987590960376741,-0.04613776377005088
585,29.25,3,12.018660242078864,-0.02844655495138528,-0.4272402194197912,0.8186550207763299
585,29.25,4,11.839118064829758,0.2570268249936095,0.16573914956896585,-0.2522649378239667
585,29.25,5,12.197689302357796,0.23768219716285538,-0.11204967160991049,-0.08952208960243072
586,29.3,0,11.955296924544013,-0.3146211370237885,0.04577345461317158,0.21726176511897663
586,29.3,1,11.710794587910465,-0.06672854844857917,-0.08280941813932251,-0.038400461950449924
586,29.3,2,12.294337985776357,-0.1328755422650378,-0.20392226364212193,0.09268494709190725
586,29.3,3,11.997298231107875,0.012486196087431217,0.3358429841000208,-0.871302206105523
586,29.3,4,11.847405022308207,0.24441357810241118,-0.15432703991389665,0.24166309524659757
586,29.3,5,12.1920868187773,0.23320609268273385,0.10019357197858082,0.07982992939522775
587,29.35,0,11.957585597274672,-0.3037580487678397,-0.07275600413095942,-0.2574734914197018
587,29.35,1,11.706654117003499,-0.06864857154610167,0.027606536933109285,0.06389414526003992
587,29.35,2,12.284141872594251,-0.12824129491044245,0.20027310665201045,-0.024574587435428105
587,29.35,3,12.014090380312876,-0.03107891421784494,-0.2956403738528013,0.8744885590924986
587,29.35,4,11.839688670312512,0.25649673286474106,0.16435585202472142,-0.24421274689328126
587,29.35,5,12.19709649737623,0.23719758915249523,-0.13230249083582887,-0.12425208640088554
588,29.400000000000002,0,11.953947797068125,-0.3166317233388248,0.04974472504846428,0.2401266078360222
588,29.400000000000002,1,11.708034443850154,-0.06545386428309967,-0.04266712664179025,-0.027382341579136844
588,29.400000000000002,2,12.294155527926852,-0.12947002428221385,-0.1769826855191408,0.07361502673625983
588,29.400000000000002,3,11.999308361620235,0.012645513736779992,0.1954242871553399,-0.9130309259466038
588,29.400000000000002,4,11.847906462913748,0.244286095520077,-0.1546052862323078,0.23410264110284318
588,29.400000000000002,5,12.190481372834437,0.23098498483245095,0.1236324280102891,0.1103943895535701
589,29.450000000000003,0,11.956435033320547,-0.3046253929470237,-0.06356567060900975,-0.2767804582214385
589,29.450000000000003,1,11.705901087518065,-0.06682298136205651,-0.017874581750333234,0.058685325425093034
589,29.450000000000003,2,12.285306393650895,-0.12578927294540085,0.16281574145828526,-0.003706257787793735
589,29.450000000000003,3,12.009079575978003,-0.03300603256055021,-0.15397867654169314,0.9099793152109166
589,29.450000000000003,4,11.840176198602133,0.25599122757521914,0.160237452502739,-0.23047845357033228
589,29.450000000000003,5,12.196662994234952,0.23650470431012946,-0.15041542283289674,-0.15527676921735287
590,29.5,0,11.953256749790096,-0.3184644158580956,0.052307772967871466,0.2579605735375732
590,29.5,1,11.705007358430548,-0.06388871509080186,-0.00018647342225405408,-0.01581698798908162
590,29.5,2,12.29344718072381,-0.12597458583479054,-0.14349467893742904,0.052135332720689175
590,29.5,3,12.001380642150918,0.012492933199995622,0.0454322112765479,-0.932486925243122
590,29.5,4,11.84818807122727,0.24446730489670251,-0.15153157741036213,0.2211422365697089
590,29.5,5,12.189142223093308,0.22874086584926182,0.14369014638664518,0.1385292032210915
591,29.55,0,11.95587213843849,-0.3055663871812169,-0.051043978532983626,-0.28984710398125635
591,29.55,1,11.704998034759434,-0.06467956449025594,-0.0649096016978416,0.052414553991223065
591,29.55,2,12.286272446776938,-0.12336781919875608,0.11784395434387478,0.0159966119902409
591,29.55,3,12.003652252714746,-0.034131413062160484,-0.003334066991817968,0.9228960043845024
591,29.55,4,11.840611492356752,0.25552441672518794,0.1531450387223123,-0.2101582180187433
591,29.55,5,12.19632673041264,0.2356673260103164,-0.16614505066967664,-0.18220337554232524
592,29.6,0,11.953319939511841,-0.32005874238027976,0.053007482618479936,0.27004121141150755
592,29.6,1,11.701752554674542,-0.06205883679069479,0.04346900367117211,-0.005646791824414004
592,29.6,2,12.29216464449413,-0.12256798859924405,-0.10374421494786393,0.02888808665454669
592,29.6,3,12.003485549365156,0.01201338715706464,-0.11172443937043915,-0.9267557306227525
592,29.6,4,11.848268744292868,0.24501650582425077,-0.14399275942071574,0.20390871939542188
592,29.6,5,12.188019477879156,0.22655715723320013,0.16012305270284202,0.16381584308628594
593,29.650000000000002,0,11.955970313642766,-0.30655668180970436,-0.03536434685242025,-0.295081619489686
593,29.650000000000002,1,11.7039260048581,-0.062341176381915483,-0.1121880565441189,0.04484360645087918
593,29.650000000000002,2,12.286977433746737,-0.12112358426651672,0.06654254537952811,0.03408205406991349
593,29.650000000000002,3,11.997899327396633,-0.034324399374072986,0.15276700338018306,0.910370051083041
593,29.650000000000002,4,11.841069106321832,0.25521194179402185,0.14294740202237222,-0.18294351177247906
593,29.650000000000002,5,12.196025630514297,0.23474794938751442,-0.17885639623884622,-0.2043210105096994
594,29.700000000000003,0,11.954202096300145,-0.32131076278418863,0.05144545560104912,0.2751948926703275
594,29.700000000000003,1,11.698316602030895,-0.06009899605937152,0.08765799404048855,0.0034394198507444623
594,29.700000000000003,2,12.290304561015713,-0.11941948156302104,-0.0589198436690226,0.004855321317970521
594,29.700000000000003,3,12.005537677565641,0.011194103180079067,-0.27001820823421163,-0.8934741547179892
594,29.700000000000003,4,11.848216476422952,0.24606476620539788,-0.13613956132929256,0.18168534206938308
594,29.700000000000003,5,12.187082810702355,0.22453189886202946,0.1766862076518053,0.1850074580083339
595,29.75,0,11.956774369080197,-0.30755101815067226,-0.017449578397334166,-0.29080168640281034
595,29.75,1,11.70269950173292,-0.0599270250668343,-0.15753999621470413,0.03566265420699328
595,29.75,2,12.287358568832262,-0.11917671549712251,0.011701572359969634,0.050058781144589795
595,29.75,3,11.99203676715393,-0.03347960455582039,0.3077715982049641,0.870821105975293
595,29.75,4,11.841409498356487,0.255149033308867,0.13036426249245434,-0.14967913137789154
595,29.75,5,12.195917121084946,0.23378227176244615,-0.18842345231585583,-0.22115963122742976
596,29.8,0,11.95590189016033,-0.3220911024708128,0.04741029771239006,0.27238832430167437
596,29.8,1,11.694822501922184,-0.058143892356484636,0.13068456588153346,0.011206315377768566
596,29.8,2,12.28794364745026,-0.11667377643989302,-0.011397706057964065,-0.01866043302356177
596,29.8,3,12.007425347064178,0.010061450742944261,-0.4211081321404949,-0.8328240051258562
596,29.8,4,11.84792771148111,0.24766507673997243,-0.11987514646661827,0.153868104130361
596,29.8,5,12.186495948469153,0.22272429020107465,0.1847437729972679,0.20140421630624492
597,29.85,0,11.95827240504595,-0.30847168625572907,0.0010194274901741268,-0.27602512969783793
597,29.85,1,11.701356730216261,-0.057583576587596205,-0.19832208518389163,0.02474012632714772
597,29.85,2,12.287373762147363,-0.11760679809107111,-0.042730655682245204,0.06367191140478014
597,29.85,3,11.986369940457154,-0.03157974951334855,0.45384748541222136,0.8046171930301916
597,29.85,4,11.84193395415778,0.25535848194649047,0.11490317890189373,-0.11058569064685778
597,29.85,5,12.195733137119015,0.2327945010163869,-0.19290755962281386,-0.23108719816457754
598,29.900000000000002,0,11.958323376420458,-0.32227294274062096,0.04090986565584661,0.26053242189337633
598,29.900000000000002,1,11.691440625957068,-0.05634657027123882,0.17024636961918269,0.017425369197982817
598,29.900000000000002,2,12.28523722936325,-0.1144232025208321,0.03633081414039352,-0.040483664515884275
598,29.900000000000002,3,12.009062314727764,0.008651110138161035,-0.5580204827984145,-0.7480052565131436
598,29.900000000000002,4,11.847679113102874,0.24982919741414758,-0.09824863695394558,0.1219476842629462
598,29.900000000000002,5,12.186087759137875,0.22124014110815804,0.1866956105443285,0.21299180794976813
599,29.950000000000003,0,11.96036886970325,-0.3092463216459521,0.01817206382500923,-0.25121863499500807
599,29.950000000000003,1,11.699952944438026,-0.05547530181133968,-0.23259493153578664,0.012175997100859799
599,29.950000000000003,2,12.28705377007027,-0.11644738574662632,-0.09359353999139212,0.07514963413164123
599,29.950000000000003,3,11.981161290587844,-0.02874915268749615,0.5848024973967988,0.7149356521735952
599,29.950000000000003,4,11.842766681255176,0.25592658162729487,0.09731387869223253,-0.06798547867096194
599,29.950000000000003,5,12.195422539665092,0.23188973150564646,-0.1920392618664051,-0.2346556975582016
600,30.0,0,11.961277472894501,-0.32180725339570254,0.032318390323159106,0.2394025040508074
600,30.0,1,11.688323197861237,-0.05486650195629669,0.2047244672430417,0.022237556438334433
600,30.0,2,12.282374093070702,-0.11268990404004425,0.08194791874295897,-0.05970954465332097
600,30.0,3,12.010401415457684,0.006997629921183614,-0.6768248597362044,-0.6425516702843254
600,30.0,4,11.847632375189788,0.25252730769374676,-0.07435517591101203,0.08700708989411174
600,30.0,5,12.185820576571771,0.22015694662773638,0.18451094623057893,0.21929286154386252
601,30.05,0,11.96289339241066,-0.30983712819316217,0.032611618622087946,-0.21734918820605287
601,30.05,1,11.69855942122339,-0.05375462413437997,-0.2596540828968257,-0.0019067374271016834
601,30.05,2,12.28647148900785,-0.1156753812727103,-0.1393585277004234,0.08495417573147586
601,30.05,3,11.976560172470874,-0.025129953593032654,0.6972716921003788,0.6053713243354811
601,30.05,4,11.843914616394237,0.25687766218845237,0.07834923117354037,-0.023837758211202563
601,30.05,5,12.1950461238833,0.23112158970492952,-0.18612372490174994,-0.23280103136660418
602,30.1,0,11.964523973341764,-0.3207045876034648,0.022277337271995143,0.20947001343091598
602,30.1,1,11.685576717078549,-0.05384996100573506,0.23328182509151354,0.026030155083418858
602,30.1,2,12.279503562622828,-0.11142767248613651,0.1239348689943307,-0.07588579202017592
602,30.1,3,12.011423757075892,0.005138612623741403,-0.7755501699196391,-0.5190888431971153
602,30.1,4,11.847832077952914,0.25568577427789224,-0.04922149091944189,0.04970914558957731
602,30.1,5,12.185739937638212,0.21948153813659932,0.17830487781335924,0.2200626465536749
603,30.150000000000002,0,11.965637840205364,-0.31023108693191903,0.043495571434412905,-0.17533415493236493
603,30.150000000000002,1,11.697240808333124,-0.05254845325156412,-0.27926532787229674,-0.01740786785157205
603,30.150000000000002,2,12.285700306072545,-0.1152219620871453,-0.17951409271044258,0.09344290571789508
603,30.150000000000002,3,11.97264624857991,-0.020815829536114366,0.7895439235805918,0.47845585335999136
603,30.150000000000002,4,11.845371003406942,0.2581712315573711,0.05824421190637205,0.021020722582539016
603,30.150000000000002,5,12.19465518152888,0.23048467046428306,-0.17513690350976752,-0.22592496132590864
604,30.200000000000003,0,11.967812618777085,-0.3189977946785373,0.011511931785681785,0.17145199457864457
604,30.200000000000003,1,11.683277541939509,-0.053418846644142724,0.25545887823918334,0.029256918379885852
604,30.200000000000003,2,12.276724601437023,-0.11054981680125055,0.16156492091750088,-0.0889093232175209
604,30.200000000000003,3,12.01212344475894,0.003106963131885205,-0.8525393183444557,-0.37941698726844475
604,30.200000000000003,4,11.848283214002262,0.25922226768649803,-0.023272168951860708,0.010513077462540932
604,30.200000000000003,5,12.185898336353391,0.21918842239798764,0.1678287148720976,0.2152277170155042
605,30.25,0,11.96838821536637,-0.3104251949496051,0.05040636594524031,-0.1261390960826558
605,30.25,1,11.696050485851467,-0.05195600072514843,-0.2909441550661995,-0.034100242487049064
605,30.25,2,12.284802847482897,-0.11499528296212659,-0.2137810559614676,0.10070193982177629
605,30.25,3,11.969496478841718,-0.015863886231537033,0.8598212353176009,0.3360535048703019
605,30.25,4,11.847119605554669,0.25974792155962506,0.03695927450429352,0.06617084723148538
605,30.25,5,12.194289772096996,0.22994980824876285,-0.15868652627358076,-0.21395965240100567
606,30.3,0,11.970908533663632,-0.31673214975373787,0.0007356794369649005,0.1262925898602505
606,30.3,1,11.681503278098157,-0.05366101284950088,0.2706755206812243,0.03227570235065068
606,30.3,2,12.274113794684824,-0.10996018597103778,0.19437275937340645,-0.09876580916992683
606,30.3,3,12.012487540607598,0.0009387890119780633,-0.905308752369495,-0.22582650727608997
606,30.3,4,11.848967569279884,0.26305646392119936,0.0012649573185373013,-0.02987154918255344
606,30.3,5,12.186355445783317,0.21925182562871257,0.1545462325823279,0.20434169025383125
607,30.35,0,11.970945317635481,-0.31041752026072533,0.05331667825608028,-0.07129806809797445
607,30.35,1,11.695037054132218,-0.05204722773196835,-0.29371322661883753,-0.05135504054452931
607,30.35,2,12.283832432653496,-0.11489847642953412,-0.24164071506106094,0.1064984021235046
607,30.35,3,11.967222102989123,-0.010352536351826435,0.9053534535595955,0.18132904497769367
607,30.35,4,11.849030817145811,0.2615628864620717,0.014705530775165631,0.11040633115940766
607,30.35,5,12.194082757412433,0.22946891014140414,-0.1367415365331757,-0.19691897268283645
608,30.400000000000002,0,11.973611151548285,-0.31398242366562407,-0.00933979236877654,0.07572518981444416
608,30.400000000000002,1,11.680351392801276,-0.05461497975919481,0.27803427861690244,0.03524040361976456
608,30.400000000000002,2,12.271750396900442,-0.10957355632335888,0.2219144484938699,-0.10661985230629092
608,30.400000000000002,3,12.012489775667103,-0.0012860841029417504,-0.9308297526502071,-0.06348264439689566
608,30.400000000000002,4,11.84976609368457,0.26708320302004207,0.024679292336766787,-0.07071394496875046
608,30.400000000000002,5,12.187245680585775,0.21962296150726232,0.13727806898111394,0.18846847658070004
609,30.450000000000003,0,11.973144161929847,-0.31019616417490187,0.05269386687604794,-0.013664028989478208
609,30.450000000000003,1,11.694253106732122,-0.052852959578206585,-0.28659966309405954,-0.06787653765914023
609,30.450000000000003,2,12.282846119325136,-0.11490454893867343,-0.26245372562798347,0.11052356463703349
609,30.450000000000003,3,11.965948288034593,-0.004460216322786533,0.9234292713474426,0.01990834065975289
609,30.450000000000003,4,11.851000058301409,0.2635475057716046,-0.008186267056862389,0.15189535305545554
609,30.450000000000003,5,12.19410958403483,0.22904638533629731,-0.10964948069987744,-0.17524162296918439
610,30.5,0,11.97577885527365,-0.3108793656243758,-0.01810270612933091,0.022367106809270176
610,30.5,1,11.679923123577419,-0.05624678646116359,0.27662017450172005,0.038122268986074175
610,30.5,2,12.269723433043737,-0.10937837070682176,0.24345998825532875,-0.11350466132966748
610,30.5,3,12.012119751601965,-0.003464799289798888,-0.9275871370780949,0.10018277705398634
610,30.5,4,11.850590744948565,0.27114227342437736,0.04619075116540781,-0.1104636362123444
610,30.5,5,12.188627109999837,0.2202843041878381,0.11586130136226053,0.1689499738737373
611,30.55,0,11.974873719967183,-0.3097610102839123,0.04954055278101062,0.043129153922088145
611,30.55,1,11.693754132302505,-0.05434067301185989,-0.26945905510384893,-0.08193799350824295
611,30.55,2,12.281896432456504,-0.11505360377330513,-0.2759495752347915,0.11258868043729672
611,30.55,3,11.96574039474806,0.001544339562900429,0.9132288330388109,-0.1406200013521707
611,30.55,4,11.852900282506836,0.2656190916137601,-0.031126369654951275,0.18840447394019041
611,30.55,5,12.19442017506795,0.22873180288152495,-0.07865337716104137,-0.15010454043711954
612,30.6,0,11.977350747606234,-0.3076045525878079,-0.025130886415508768,-0.03055330539693218
612,30.6,1,11.680281179547313,-0.05843757268727204,0.2660127634139395,0.040717882132785814
612,30.6,2,12.268098953694764,-0.1094241697514403,0.256898052874884,-0.11250982010691243
612,30.6,3,12.011401836400001,-0.005486660504708107,-0.896769089786166,0.2573381152581231
612,30.6,4,11.851343964024089,0.27503931531076964,0.06494995827072471,-0.14729586554445542
612,30.6,5,12.190487506209898,0.22122657585966898,0.09275109076785668,0.13942167423968999
613,30.650000000000002,0,11.97609420328546,-0.3091322178576545,0.04513824460429484,0.09584180413980044
613,30.650000000000002,1,11.69358181771801,-0.05640167858063275,-0.24323712053134355,-0.09192689736181629
613,30.650000000000002,2,12.280943856338508,-0.11504966075678592,-0.28116350047129607,0.11149643807830338
613,30.650000000000002,3,11.966563381910692,0.007380245258198049,0.8759426261270442,-0.29368031578775533
613,30.650000000000002,4,11.854591461937625,0.26767452203354686,-0.05345760048486604,0.21824724095644116
613,30.650000000000002,5,12.19512506074829,0.22819765957165347,-0.04471415541822466,-0.12156784347324637
614,30.700000000000003,0,11.978351115515673,-0.3043401276506645,-0.030260790443109902,-0.08075024268849385
614,30.700000000000003,1,11.681419961691443,-0.060998023448723564,0.2460336640844178,0.04263455896319917
614,30.700000000000003,2,12.266885681314944,-0.10947483885287075,0.26421287158176787,-0.10941013548856791
614,30.700000000000003,3,12.010360513217044,-0.0073037705311897174,-0.8413207984300619,0.40346129792414864
614,30.700000000000003,4,11.851918581913381,0.2785868840813689,0.08061831325849295,-0.17963722439858476
614,30.700000000000003,5,12.19288935297738,0.22211926739799115,0.0676873625097466,0.10721610359051335
615,30.75,0,11.976838075993518,-0.3083776397850892,0.04050891168261261,0.1431937708596817
615,30.75,1,11.693721644895664,-0.058866295500563603,-0.20947837176743903,-0.09688548376566182
615,30.75,2,12.280096324894032,-0.11494534562729915,-0.27974944163229276,0.10747826172412113
615,30.75,3,11.968294473295542,0.012869294365017714,0.8146565565957878,-0.4351238865372065
615,30.75,4,11.855949497576306,0.26960502286143967,-0.07487033852540813,0.2409565189239299
615,30.75,5,12.196273721102868,0.22748007257751682,-0.009826388991064737,-0.09136394142168043
616,30.8,0,11.978863521577649,-0.3012179512421051,-0.033525046986363084,-0.1265538634890964
616,30.8,1,11.683247726307291,-0.0637105696888467,0.2174350665380663,0.04345286019149036
616,30.8,2,12.266108852812417,-0.10957143254109308,0.2651775751490874,-0.10426505504470204
616,30.8,3,12.00902730112533,-0.008886899961842613,-0.7635829863681418,0.5363246314664363
616,30.8,4,11.852205980650035,0.2816528488076362,0.09336510600859772,-0.206704975042146
616,30.8,5,12.195782401653315,0.2229118755064328,0.04096153906094371,0.07327821270582781
617,30.85,0,11.977187269228331,-0.3075456444165599,0.03623556261561151,0.1849389554353577
617,30.85,1,11.694119479634194,-0.06153792667927218,-0.16931198787400759,-0.09632848352145704
617,30.85,2,12.279367731569872,-0.11478468529332819,-0.2723532423801874,0.1004936789391792
617,30.85,3,11.970848151806923,0.017929331611479204,0.7316976560224745,-0.5631268921895329
617,30.85,4,11.856874235950466,0.2713176000555289,-0.09530907443239678,0.25658307411519626
617,30.85,5,12.197830478606361,0.2265757861417242,0.02529355329246196,-0.06003576247816659
618,30.900000000000002,0,11.978999047359112,-0.298298696644792,-0.035074775817634685,-0.16733681843321227
618,30.900000000000002,1,11.685653880240494,-0.06635435085534504,0.18114852606685564,0.0427270603919707
618,30.900000000000002,2,12.265750069450863,-0.10976000134636923,0.2598387828974837,-0.09705473259163037
618,30.900000000000002,3,12.007433034608047,-0.010227012997997446,-0.6648694491947824,0.6546900051607863
618,30.900000000000002,4,11.852108782228846,0.28414675376128873,0.10358821959399604,-0.2281369986981735
618,30.900000000000002,5,12.199095156270985,0.22357399801781586,0.012817225257723028,0.038242489742720126
619,30.950000000000003,0,11.97724530856823,-0.30666553756645265,0.03254414204751641,0.22110365082119587
619,30.950000000000003,1,11.694711306543837,-0.0642179978357465,-0.1235811913170673,-0.09009741958877544
619,30.950000000000003,2,12.278742008595737,-0.11461273797595076,-0.2589714130096167,0.09028040835345308
619,30.950000000000003,3,11.974189562148307,0.022507487260041873,0.6282863698452054,-0.6763832984050805
619,30.950000000000003,4,11.857288193208547,0.27273990382638,-0.11464408155705487,0.26500838560468853
619,30.950000000000003,5,12.199736017533871,0.22548612250495187,0.06043249088661971,-0.027604055049212112
620,31.0,0,11.978872515670606,-0.29561035502539285,-0.03506625081259614,-0.2028643761306864
620,31.0,1,11.688532246977983,-0.06872286881518527,0.13813150504102814,0.04004779579140675
620,31.0,2,12.265793437945256,-0.1100987175582781,0.24817154524236315,-0.08821725501074433
620,31.0,3,12.005603880640567,-0.011311677660212151,-0.5460158451769933,0.7565907761907699
620,31.0,4,11.851555989130693,0.28599032310661443,0.1115906664630569,-0.2435406213346041
620,31.0,5,12.202757642078202,0.22410591975249125,-0.01668218122022634,0.0030828078954270462
621,31.05,0,11.977119203129975,-0.30575357383192714,0.02942939232839478,0.2513971004527529
621,31.05,1,11.695438822230035,-0.06672047902561494,-0.07329562613371934,-0.0783949977837759
621,31.05,2,12.278202015207373,-0.11450958030881532,-0.23935525943810143,0.07656511488999786
621,31.05,3,11.978303088381718,0.026517861149326343,0.5055758910256078,-0.7724924138376895
621,31.05,4,11.857135522453847,0.27381329203988425,-0.13232505482659404,0.2656629870689811
621,31.05,5,12.20192353301719,0.2242600601472626,0.09508827242254377,0.005792203987337405
622,31.1,0,11.978590672746394,-0.2931837188092895,-0.033650130641777014,-0.23274014123556636
622,31.1,1,11.691774040923349,-0.07064022891480373,0.08969949272237795,0.03515706391603888
622,31.1,2,12.266234252235469,-0.11068132456431543,0.22999952276989513,-0.07826064084692447
622,31.1,3,12.003581882932998,-0.012106759542558135,-0.40915364233336915,0.8384968359313903
622,31.1,4,11.850519269712517,0.2870964413933333,0.11739154758314234,-0.25222458318448054
622,31.1,5,12.206677946638317,0.22454967034662948,-0.047281284806825336,-0.03108304469285001
623,31.150000000000002,0,11.976908166214306,-0.30482072587106784,0.026736796363907998,0.2750513928272125
623,31.150000000000002,1,11.696259015559468,-0.06888237571900178,-0.020251012697849926,-0.06205620595082313
623,31.150000000000002,2,12.277734228373964,-0.11459435660666165,-0.21352762285524857,0.05935407157788749
623,31.150000000000002,3,11.983124200816329,0.029818082254011388,0.36638128778542695,-0.847637411713467
623,31.150000000000002,4,11.856388847091674,0.27448521223410927,-0.14717171769270318,0.25780539792769835
623,31.150000000000002,5,12.204313882397976,0.22299551811198698,0.12799034313165228,0.039508401898755215
624,31.200000000000003,0,11.978245006032502,-0.2910681562297072,-0.03103420430141221,-0.256318900621429
624,31.200000000000003,1,11.695246464924576,-0.07198518601654294,0.03792254129913988,0.028084630690968993
624,31.200000000000003,2,12.267057847231202,-0.11162665302776727,0.2052620830328159,-0.06673895865016626
624,31.200000000000003,3,12.0014432652056,-0.012563788331661965,-0.2591786909991536,0.8963064582369374
624,31.200000000000003,4,11.849030261207039,0.2873754821304942,0.12072612611845357,-0.25328533306792606
624,31.200000000000003,5,12.210713399554558,0.22497093820692474,-0.07803343468242517,-0.06387324062608536
625,31.25,0,11.976693295817432,-0.3038841012607787,0.024202440314438023,0.2912396570422626
625,31.25,1,11.697142591989532,-0.07058095448199449,0.03283628814420212,-0.04272324689297234
625,31.25,2,12.277320951382842,-0.11496360096027558,-0.18214011216629167,0.03906566624168259
625,31.25,3,11.988484330655641,0.03225153458018491,0.21591055364261963,-0.898003597018706
625,31.25,4,11.855066567512962,0.27471121547709787,-0.1575722140413354,0.24124997040950033
625,31.25,5,12.206811727820437,0.22177727617562046,0.15737777153135055,0.072512100153854
626,31.3,0,11.977903417833154,-0.28932211840866556,-0.030304376614837106,-0.27459678309114205
626,31.3,1,11.698784406396742,-0.0727171168266431,-0.014517460002014957,0.019190315096429936
626,31.3,2,12.268213945774528,-0.11301031764819144,0.1774479301980431,-0.05210725276772996
626,31.3,3,11.999279858337772,-0.012648645270750394,-0.10271633697115518,0.9274483637584844
626,31.3,4,11.847187956810895,0.2867737139975729,0.12119621152000151,-0.24599281315090676
626,31.3,5,12.214680616397004,0.22540288118331317,-0.1076270573134543,-0.09395637208259403
627,31.35,0,11.976388199002413,-0.3030519575632227,0.02180100056277426,0.3003956398779056
627,31.35,1,11.69805853339664,-0.07175760107182161,0.08325463185479752,-0.02240381213266453
627,31.35,2,12.27708634228443,-0.11561568028657794,-0.14731736505257684,0.01680242448200124
627,31.35,3,11.994144041489214,0.03372377291717383,0.06101839477099169,-0.9217755468138958
627,31.35,4,11.853247767386895,0.27447407334002755,-0.16207699797509356,0.21679372822259396
627,31.35,5,12.209299263531332,0.22070506257918346,0.18157618575081588,0.10366879942676725
628,31.400000000000002,0,11.977478249030552,-0.2880321755693274,-0.025499442194287316,-0.28341347472963474
628,31.400000000000002,1,11.70222126498938,-0.07287779167845483,-0.06470458725240244,0.009135500767780894
628,31.400000000000002,2,12.269720474031802,-0.11477555906247788,0.14112751154159472,-0.03849951274148356
628,31.400000000000002,3,11.997194961227764,-0.012365004423520967,0.05348297301197969,0.9316052414011937
628,31.400000000000002,4,11.84514391748814,0.28531375975115725,0.11852323076077065,-0.2303903203057953
628,31.400000000000002,5,12.218378072818872,0.2258885025505218,-0.13476263975803718,-0.12031469308421672
629,31.450000000000003,0,11.976203276920838,-0.30220284930580915,0.01879126476733755,0.30144274971866913
629,31.450000000000003,1,11.69898603562676,-0.07242101664006578,0.1290076510620469,-0.002916237406662255
629,31.450000000000003,2,12.276776849608881,-0.11670053469955206,-0.10925697868223579,-0.006726494807309553
629,31.450000000000003,3,11.999869109878363,0.034215257646538724,-0.09291870149130271,-0.9189191856601732
629,31.450000000000003,4,11.85107007902618,0.27379424373586747,-0.1597616567717907,0.18588508166725878
629,31.450000000000003,5,12.21163994083097,0.21987276789631097,0.19961819286333543,0.132151404419721
630,31.5,0,11.977142840159205,-0.2871307118198757,-0.020559649215008413,-0.2858645111636285
630,31.5,1,11.705436418179863,-0.07256682851039889,-0.11104134291944016,-0.0016001213632589927
630,31.5,2,12.271314000674769,-0.11703685943991754,0.10213751801313664,-0.02390920374580991
630,31.5,3,11.995223174803797,-0.011730701636469935,0.20574866294848534,0.910230518301
630,31.5,4,11.843081996187589,0.2830884978192304,0.11230868389049917,-0.20667217812165226
630,31.5,5,12.221620850474137,0.226480338117297,-0.15833280302300345,-0.14252148467277415
631,31.55,0,11.976114857698455,-0.3014239373780571,0.014913673098064477,0.2956125197174496
631,31.55,1,11.69988435103389,-0.07264683457856184,0.1697231808293917,0.014827111120240455
631,31.55,2,12.276420876575425,-0.11823231962720804,-0.06952067194514071,-0.030529339185623325
631,31.55,3,12.005510607951221,0.03378082427858007,-0.24242615830825098,-0.89094021793445
631,31.55,4,11.848697430382114,0.2727548889131478,-0.15034536043243,0.149981946045688
631,31.55,5,12.213704210322987,0.2193542638836583,0.2113571296086142,0.15774667979391901
632,31.6,0,11.976860541353359,-0.28664331139218463,-0.015494905500327717,-0.28175862954410025
632,31.6,1,11.70837051007536,-0.07190547902254982,-0.1525176582579518,-0.012594515018915585
632,31.6,2,12.272944842978168,-0.11975878658648921,0.06115404452501394,-0.008319990238178188
632,31.6,3,11.993389300035808,-0.01076618661814243,0.3520586155737956,0.8642288493111441
632,31.6,4,11.841180162360493,0.2802539862154322,0.10235131023830335,-0.1756738293205516
632,31.6,5,12.224272066803419,0.22724159787335427,-0.17770180050706486,-0.16065675689008763
633,31.650000000000002,0,11.976085796078342,-0.3007312428693896,0.009909845417825552,0.28310778214805615
633,31.650000000000002,1,11.700744627162463,-0.07253520477349559,0.2054502872446522,0.03045484745064297
633,31.650000000000002,2,12.276002545204419,-0.12017478609839811,-0.028457529747563333,-0.05427315540034518
633,31.650000000000002,3,12.010992230814498,0.032445255847414776,-0.38564627842776716,-0.8387296980535737
633,31.650000000000002,4,11.846297727872408,0.2714702947494046,-0.13374824211073758,0.11001804110202962
633,31.650000000000002,5,12.215386976778065,0.2192087600288499,0.21672703649003808,0.18035845893223432
634,31.700000000000003,0,11.976581288349234,-0.2865758537619868,-0.01010532435388494,-0.27089507376976535
634,31.700000000000003,1,11.711017141524696,-0.07101246240096344,-0.18879992036691698,-0.023590748444259086
634,31.700000000000003,2,12.27457966871704,-0.12288844386841537,0.01850077317658774,0.008186619932299398
634,31.700000000000003,3,11.99170991689311,-0.009491229055263908,0.4906052275554847,0.793741507901238
634,31.700000000000003,4,11.83961031576687,0.2769711968045061,0.08847997733205785,-0.13831426018420878
634,31.700000000000003,5,12.226223328602567,0.22822668297546161,-0.19238186535953442,-0.17491090481164717
635,31.75,0,11.97607602213154,-0.3001206074504751,0.0034823192873396375,0.26351326599253744
635,31.75,1,11.70157714550635,-0.0721919998231764,0.23604908658168983,0.04381956614554549
635,31.75,2,12.27550470737587,-0.1224791128718004,0.013882776201628463,-0.07768980198853873
635,31.75,3,12.016240178270884,0.030195846339797994,-0.5205088912668111,-0.7623724864671653
635,31.75,4,11.844034314633474,0.27005548379529565,-0.11017307089667125,0.06678733799968499
635,31.75,5,12.21660423533459,0.21948113773487926,0.21539737504029693,0.19952054813858328
636,31.8,0,11.976250138095907,-0.2869449441508482,-0.005915163189598719,-0.2537566854419616
636,31.8,1,11.713379599835434,-0.07000102151589913,-0.2196154627395104,-0.03437372213346607
636,31.8,2,12.27619884618595,-0.12636360297122734,-0.023688535562042003,0.026415005578822884
636,31.8,3,11.990214733707543,-0.007922777983560274,0.6182315214967935,0.6988290047222453
636,31.8,4,11.83852566108864,0.2733948506952799,0.07064858987546502,-0.09563152783772295
636,31.8,5,12.227374104086604,0.22945716514180842,-0.20174014683655184,-0.18521321726085463
637,31.85,0,11.975954379936427,-0.2996327784229463,-0.004408056623446543,0.2367628961309834
637,31.85,1,11.70239882669846,-0.07171970762257243,0.2609125789753505,0.05482009421512727
637,31.85,2,12.275014419407848,-0.12504285269228618,0.05664638623520151,-0.09992584428640891
637,31.85,3,12.021126309782382,0.027018672252551994,-0.6430703288351854,-0.6625269240744052
637,31.85,4,11.842058090582414,0.26861327430339377,-0.08044430520984719,0.021409361434575825
637,31.85,5,12.217287096744776,0.2201965042787657,0.20685133494267302,0.2141097753019749
638,31.900000000000002,0,11.975733977105255,-0.2877946336163971,-0.0022257762042853526,-0.22966591614740542
638,31.900000000000002,1,11.715444455647226,-0.06897870291181607,-0.24436980005141293,-0.044570073786486065
638,31.900000000000002,2,12.277846738719608,-0.13003914490660662,-0.06541172920637021,0.04557779755553955
638,31.900000000000002,3,11.988972793340622,-0.006107673951168263,0.729491723434991,0.5816926349325511
638,31.900000000000002,4,11.838035875321921,0.26968374237512255,0.04927660451546937,-0.04931675851263671
638,31.900000000000002,5,12.22762966349191,0.23090199304386444,-0.20496186572663305,-0.19110700958300247
639,31.950000000000003,0,11.975622688295042,-0.2992779294237674,-0.013701302142609997,0.2031106688253978
639,31.950000000000003,1,11.703225965644656,-0.07120720660114037,0.2790029379344066,0.06333756594507815
639,31.950000000000003,2,12.27457615225929,-0.12776025502882965,0.09850038623838187,-0.11969003385900782
639,31.950000000000003,3,12.025447379512372,0.02297695779545929,-0.7478687404711504,-0.5418450027349075
639,31.950000000000003,4,11.840499705547694,0.26721790444949073,-0.04654755816228758,-0.02416119995162145
639,31.950000000000003,5,12.217381570205578,0.2213466425647143,0.19098827264840146,0.22247156973276977
640,32.0,0,11.97493762318791,-0.2891223959824975,0.003983123986177747,-0.20155338088605287
640,32.0,1,11.717176112541376,-0.06804032830388645,-0.2653135072713187,-0.05110639555392506
640,32.0,2,12.279501171571209,-0.13374475672178004,-0.10503003588383282,0.06492649692102113
640,32.0,3,11.988053942488815,-0.004115292341286086,0.8189542640567842,0.44714744937655043
640,32.0,4,11.83817232763958,0.26600984445190967,0.025317356900047445,-0.0016514734356633666
640,32.0,5,12.226930983837999,0.2324702210513528,-0.20126150547006116,-0.19193321563686205
641,32.050000000000004,0,11.97513677938722,-0.29920006502680013,-0.02412672769649414,0.16476463905411343
641,32.050000000000004,1,11.703910437177809,-0.07059564808158271,0.2905435827581263,0.06938935822675629
641,32.050000000000004,2,12.274249669777017,-0.130498431875729,0.137674401789225,-0.13551229413425184
641,32.050000000000004,3,12.029001655691655,0.018242080127541437,-0.8299574187005035,-0.40585781676996735
641,32.050000000000004,4,11.839438195484583,0.2659272707801265,-0.011251291737212819,-0.06770175980223082
641,32.050000000000004,5,12.216867908564495,0.2228735602695097,0.1686472039663926,0.22314424118088436
642,32.1,0,11.973930443002395,-0.29096183307409446,0.005930428641717589,-0.1644223682469186
642,32.1,1,11.718437616315715,-0.0671261801702449,-0.2752695766301865,-0.05919438531794912
642,32.1,2,12.28113338986648,-0.13727404658244158,-0.1409010275337112,0.0835364227378407
642,32.1,3,11.98750378475663,-0.0020508107109569323,0.8828710540628464,0.3019067567163696
642,32.1,4,11.838875630897721,0.26254218279001496,0.00031563857398129145,0.0445549464303766
642,32.1,5,12.225300268762815,0.2340307723285539,-0.19048291692386343,-0.1873161217620636
643,32.15,0,11.97422696443448,-0.29918295148644036,-0.03500282182204825,0.12201116742361813
643,32.15,1,11.704674137484206,-0.07008589943614235,0.29375654875627394,0.07325213201616321
643,32.15,2,12.274088338489793,-0.13309722544554956,0.1726727175981625,-0.14638829429924882
643,32.15,3,12.031647337459772,0.013044527124861547,-0.8863615068103506,-0.26024591042381967
643,32.15,4,11.83889141282642,0.26476993011153377,0.022632373685297327,-0.10735745998788165
643,32.15,5,12.215776122916623,0.22466496624045074,0.1414131796799366,0.21531090414929177
644,32.2,0,11.972476823343378,-0.29308239311525947,0.007667109650750626,-0.12373629292779913
644,32.2,1,11.719361964922019,-0.06642329283533419,-0.27887030443645655,-0.0656629144115085
644,32.2,2,12.282721974369702,-0.140416640160512,-0.1718509901509809,0.10034617356738092
644,32.2,3,11.987329262119253,3.2231603670562076e-05,0.9208196138797307,0.1511663574077554
644,32.2,4,11.840023031510686,0.2594020571121397,-0.02459414447307707,0.08748416907734535
644,32.2,5,12.22284678190062,0.23543051144791532,-0.1726797117121662,-0.17679163246456056
645,32.25,0,11.972860178825915,-0.29926920776164945,-0.04572781941041119,0.07719604282828695
645,32.25,1,11.705418449700195,-0.0697064385559096,0.2898741776348022,0.07564666857712528
645,32.25,2,12.274129424862153,-0.13539933148214295,0.20292904771567657,-0.15206883459129764
645,32.25,3,12.03337024281324,0.007590549474058332,-0.9169476925426405,-0.10991781210167892
645,32.25,4,11.838793324287032,0.263776265566007,0.05359129987791056,-0.1426623164232471
645,32.25,5,12.214212796315012,0.2265909298246873,0.11102632371207893,0.19904589336483572
646,32.300000000000004,0,11.970573787855395,-0.2954094056202351,0.009700712721937758,-0.0806016811564663
646,32.300000000000004,1,11.719912158581936,-0.06592410512705334,-0.27617471054050247,-0.07017544205087564
646,32.300000000000004,2,12.284275877247937,-0.14300277321170782,-0.1975282799965455,0.11461432727615511
646,32.300000000000004,3,11.987522858186107,0.0020946588689743856,0.9331793661477243,-0.002032209077942378
646,32.300000000000004,4,11.841472889280928,0.25664314974484465,-0.04847121148059514,0.12588560260130888
646,32.300000000000004,5,12.219764112500616,0.23654322449292908,-0.1486305351509078,-0.16038699915106217
647,32.35,0,11.971058823491491,-0.2994394896780584,-0.05602314181895767,0.03117440585553648
647,32.35,1,11.70610342305491,-0.06943287722959712,0.27934511889448055,0.07697242820934398
647,32.35,2,12.27439946324811,-0.13727205684790006,0.22836129370470312,-0.15257062208664307
647,32.35,3,12.034181826493494,0.0019930484150772667,-0.9222889986315401,0.04237479550733627
647,32.35,4,11.839049328706897,0.2629374298749101,0.0810405674152077,-0.1737254764528622
647,32.35,5,12.212332585743072,0.22852387453537598,0.07864550226245573,0.17457019392911055
648,32.4,0,11.968257666400543,-0.2978807693852816,0.0121874996239978,-0.03561288852321479
648,32.4,1,11.720070678999635,-0.06558425581912992,-0.26712071805216553,-0.07276961521621765
648,32.4,2,12.285817527933347,-0.1449005879522322,-0.21798084006485108,0.1257944415174182
648,32.4,3,11.988067376561917,0.0041117881904440805,0.9200387196826751,-0.15587809557213456
648,32.4,4,11.843101357077657,0.254251156052267,-0.070838986187212,0.15933231015420785
648,32.4,5,12.216264860856194,0.2372523842318315,-0.11929789938870017,-0.138240023455003
649,32.45,0,11.968867041381744,-0.2996614138114423,-0.06570185077265202,-0.015885188434132867
649,32.45,1,11.706714643097026,-0.06922273657994081,0.261951660370399,0.07743447568789708
649,32.45,2,12.274918485930105,-0.1386108658763613,0.2487021704416803,-0.14782110351921723
649,32.45,3,12.03406931254605,-0.003682116588162648,-0.9023661047542386,0.19478046046587413
649,32.45,4,11.839559407768297,0.2622177715599774,0.10479371184448781,-0.2006355008747479
649,32.45,5,12.21029996588676,0.23034038305908136,0.045041165991775024,0.14222691260522186
650,32.5,0,11.965581948843111,-0.3004556732331489,0.015770794479556875,0.010267959209782481
650,32.5,1,11.719812226115547,-0.06535101279554596,-0.25200232047933346,-0.07293914105965169
650,32.5,2,12.287353594452188,-0.14600192105232215,-0.23314429037894313,0.1333573960373453
650,32.5,3,11.988951007308339,0.006056906435131059,0.8807556326036713,-0.3080834983421439
650,32.5,4,11.844799093360521,0.25218599651623996,-0.09141914871915488,0.18767717475348591
650,32.5,5,12.21255202418635,0.23745172868934245,-0.08567244237747085,-0.11056160158911814
651,32.550000000000004,0,11.966370488567089,-0.2999422752726598,-0.07439153819029473,-0.06345556701953342
651,32.550000000000004,1,11.70721211009158,-0.06899796984852855,0.23735227273071324,0.07710425555080018
651,32.550000000000004,2,12.27569637993324,-0.1393340512504549,0.263071426213561,-0.13765615542414644
651,32.550000000000004,3,12.032988788938523,-0.009347268481976137,-0.8565910357690363,0.34440858413108844
651,32.550000000000004,4,11.840228135924564,0.26156985525391424,0.12464788916005588,-0.22308021817974552
651,32.550000000000004,5,12.208268402067477,0.23192364860988654,0.010945574056349355,0.10281009142880733
652,32.6,0,11.962650911657574,-0.3031150536236365,0.020795328993921256,0.0560127011068046
652,32.6,1,11.719079723728116,-0.06514275707098853,-0.23086249249552407,-0.07023497615300632
652,32.6,2,12.288849951243918,-0.1462168590216622,-0.24255187768922395,0.13669892347849705
652,32.6,3,11.99015923715007,0.007873160724578285,0.8150332710313667,-0.45418356420921585
652,32.6,4,11.846460530382567,0.250415844344927,-0.10981830455174503,0.21061961683016112
652,32.6,5,12.208815680770295,0.2370641531813269,-0.04900321553243392,-0.07795104251927619
653,32.65,0,11.96369067810727,-0.30031441856829627,-0.08139109632229992,-0.11015807260189936
653,32.65,1,11.70753659910334,-0.06865450587863885,0.20561336582222495,0.07599137721530684
653,32.65,2,12.276722357359457,-0.13938191284773735,0.2700056833567592,-0.12219696598545463
653,32.65,3,12.030910900701638,-0.01483601748588251,-0.785089410658367,0.48620357118233704
653,32.65,4,11.840969615154979,0.260946825186435,0.14024540488359422,-0.240283900871645
653,32.65,5,12.206365519993673,0.23316660105536308,-0.022608384314097802,0.058165830633038096
654,32.7,0,11.959621123291155,-0.3058223221983912,0.02674161836652664,0.10061607690588893
654,32.7,1,11.717817267394452,-0.06485493701787351,-0.20444251860685492,-0.06750565544062648
654,32.7,2,12.290222641527295,-0.14549176114701007,-0.24541324661138314,0.13522531780434036
654,32.7,3,11.99165643016872,0.009474161073234342,0.7246724503937163,-0.5877650939818996
654,32.7,4,11.84798188539916,0.24893263014285277,-0.12434754748856235,0.2301627451431252
654,32.7,5,12.205235100777967,0.23607489258701497,-0.011004949705439719,-0.04171043931503195
655,32.75,0,11.960958204209481,-0.30079151835309675,-0.08583611858056804,-0.1540348340637864
655,32.75,1,11.70759514146411,-0.06823021978990483,0.16814308739966394,0.07439880440275597
655,32.75,2,12.277951979196725,-0.13873049525679304,0.26811732635337826,-0.10232043126639805
655,32.75,3,12.027890052688406,-0.019914093625860635,-0.690349463746813,0.6138295685349459
655,32.75,4,11.841764508024731,0.26044076740000904,0.15146030174259095,-0.25202210850129997
655,32.75,5,12.204684853292695,0.23398937062126338,-0.054325801760941796,0.011318726261889988
656,32.800000000000004,0,11.956666398280452,-0.3084932600562861,0.03332806998951009,0.14222373202695837
656,32.800000000000004,1,11.716002295834093,-0.06451027956976703,-0.1715667073794976,-0.060615207283094046
656,32.800000000000004,2,12.291357845514394,-0.14384651682011296,-0.24112465439604722,0.12867476804942518
656,32.800000000000004,3,11.993372579501065,0.01077738480088666,0.6139736621179345,-0.7026191050749482
656,32.800000000000004,4,11.84933752311186,0.24783966197494406,-0.13605585067715434,0.24158921938169967
656,32.800000000000004,5,12.201968563204648,0.2345553069343579,0.02621318252499989,-0.003906921271624124
657,32.85,0,11.958332801779928,-0.30138207345493817,-0.08705645502625096,-0.19313512792430956
657,32.85,1,11.707423960465118,-0.06754103993392173,0.12597552383462995,0.07207350318552455
657,32.85,2,12.279301612794592,-0.1374127784176417,0.2567053703390536,-0.07959185190413152
657,32.85,3,12.024071262606961,-0.02435357045286075,-0.5766183655677731,0.7218008455082399
657,32.85,4,11.842534730578002,0.259919122944029,0.15806654926759842,-0.2571172838598153
657,32.85,5,12.203279222330899,0.23435996087077668,-0.08311803700018797,-0.03434777716931963
658,32.9,0,11.953979979028615,-0.31103882985115366,0.040004002277207094,0.17915308313182585
658,32.9,1,11.71372273665685,-0.0639373647746455,-0.13380180396856314,-0.05021086340134424
658,32.9,2,12.292136881311546,-0.1413923710128483,-0.2292281334263249,0.11712302672029255
658,32.9,3,11.995240344328572,0.011736471822551244,0.48820085002897845,-0.795245532862086
658,32.9,4,11.850438058041382,0.24706325875103827,-0.1449612702764551,0.2454208854777193
658,32.9,5,12.19912332048089,0.2326425720123107,0.06089896748037685,0.033499244156428604
659,32.95,0,11.955980179142475,-0.3020811756945624,-0.084818165835173,-0.22636553835322007
659,32.95,1,11.707032646458421,-0.06644790794471271,0.08094328860677663,0.06891988167700332
659,32.95,2,12.28067547464023,-0.13553621967683366,0.23606414355011077,-0.0557640170608793
659,32.95,3,12.01965038683002,-0.02802580482055306,-0.4486296837826923,0.8073360446688478
659,32.95,4,11.84318999452756,0.2593343030249242,0.16069942830822265,-0.25555128081052125
659,32.95,5,12.202168268854908,0.23431753422013213,-0.1086279206540518,-0.0764975751313498
660,33.0,0,11.951739270850716,-0.3133994526122234,0.0461447554857525,0.21051964214322
660,33.0,1,11.71107981088876,-0.06300191386086254,-0.0933253562540496,-0.03915018998634775
660,33.0,2,12.292478681817736,-0.13832442052987762,-0.20970838059233662,0.10108463121421847
660,33.0,3,11.997218902640887,0.01234099741288933,0.3510205097535842,-0.8646781505101677
660,33.0,4,11.85122496594297,0.24655673898439814,-0.1501576236829794,0.24397167311307116
660,33.0,5,12.196736872822205,0.23049265546356465,0.09194490911604272,0.06906398165660434
661,33.050000000000004,0,11.954046508625003,-0.3028734705050624,-0.0791352659430009,-0.25352748794073654
661,33.050000000000004,1,11.706413543076058,-0.06495942336017993,0.03457009565895654,0.06501254856811513
661,33.050000000000004,2,12.281993262788118,-0.1332701889691667,0.20676633002765057,-0.032110679619967296
661,33.050000000000004,3,12.014769928128565,-0.03089291011261906,-0.30988435385123037,0.8697714803770182
661,33.050000000000004,4,11.843717084758822,0.2587553226400517,0.16012642185905668,-0.24796791895006567
661,33.050000000000004,5,12.201334118278007,0.23394585454639485,-0.13109155567589278,-0.11424343857364759
662,33.1,0,11.950089745327853,-0.31554984490209925,0.051193337147265275,0.23607857114138658
662,33.1,1,11.708142047859006,-0.061708795931774175,-0.05072748340250856,-0.027851899401141352
662,33.1,2,12.2923315792895,-0.13487572295016506,-0.18292734815252196,0.0813840525828513
662,33.1,3,11.999275710436004,0.012595663906231857,0.20450765769034776,-0.9105260567311573
662,33.1,4,11.851723405851775,0.2463569266925484,-0.1515795534519662,0.23716669527815826
662,33.1,5,12.194779540494212,0.22823368261771249,0.11885106521815399,0.10193419835281294
663,33.15,0,11.952649412185217,-0.3037459163450299,-0.07001116471019436,-0.27450074199266183
663,33.15,1,11.705605673688881,-0.06310139090183124,-0.012763655709561747,0.06027733139924463
663,33.15,2,12.283185211881875,-0.1308065203210225,0.16929664856295587,-0.00940320554877407
663,33.15,3,12.009501093320521,-0.03293063893032601,-0.16232331933482103,0.9087502856920284
663,33.15,4,11.844144428179177,0.25821526145645635,0.156616409000228,-0.2343118003205556
663,33.15,5,12.20072209375512,0.23333039253535312,-0.15074998276334256,-0.14734248870410976
664,33.2,0,11.949148853949707,-0.317470953444663,0.054648224976288594,0.2557043709800594
664,33.2,1,11.704967490903403,-0.06008752433186901,-0.006324820158902012,-0.016444287214854445
664,33.2,2,12.291650044310023,-0.1312766805984612,-0.1492978113002822,0.05887589130920484
664,33.2,3,12.00138492735378,0.012506875354275415,0.05023008070886909,-0.9318001090125988
664,33.2,4,11.85197524862919,0.24649967144042856,-0.14926581595373087,0.22474058061579788
664,33.2,5,12.193184594616953,0.22596326810014764,0.14152011393677857,0.13173510865056054
665,33.25,0,11.951881265198521,-0.30468573489566,-0.057459071773638626,-0.28867110562242393
665,33.25,1,11.704651249895457,-0.06090973869261173,-0.06085697380989583,0.05452009086319922
665,33.25,2,12.284185153745009,-0.12833288603300097,0.12432352648134214,0.011846273251660629
665,33.25,3,12.003896431389222,-0.034083130096354525,-0.007731554871542556,0.9230812086522981
665,33.25,4,11.844511957831504,0.25773670047121844,0.15014073199720718,-0.21405053199639854
665,33.25,5,12.200260600313792,0.23255002353267568,-0.16754248374224331,-0.1755841225143385
666,33.300000000000004,0,11.94900831160984,-0.3191192901767812,0.056041938984704116,0.2689459344119837
666,33.300000000000004,1,11.701608401204963,-0.05818373414945177,0.03861114735528896,-0.006784786488296244
666,33.300000000000004,2,12.290401330069075,-0.12774057237041794,-0.10942681949098419,0.034443693898387584
666,33.300000000000004,3,12.003509853645646,0.012070930336260388,-0.1090500023729911,-0.9266871507206396
666,33.300000000000004,4,11.852018994431363,0.2470341738713985,-0.14226898406542526,0.20794396560590575
666,33.300000000000004,5,12.19188347612668,0.22377081740695876,0.15985288363194927,0.15812614814978926
667,33.35,0,11.951810408559075,-0.305671993456182,-0.04175114441509799,-0.2947870124060176
667,33.35,1,11.703538958572727,-0.058522973473866584,-0.10846335317969064,0.047537724168154265
667,33.35,2,12.284929989094525,-0.12601838767549856,0.0732603816236799,0.03121414613617804
667,33.35,3,11.998057353526997,-0.034263427199771594,0.15013651106444584,0.9110090071442325
667,33.35,4,11.844905545228093,0.2574313721516938,0.14068964654126337,-0.1871300683300646
667,33.35,5,12.199876120308277,0.23167712481444822,-0.18100130836327652,-0.19851162669777064
668,33.4,0,11.94972285133832,-0.3204113440764829,0.054988727944336756,0.2749365290104474
668,33.4,1,11.698115790913743,-0.05614608726545887,0.08361468624826722,0.0018549759004341264
668,33.4,2,12.28859300817571,-0.12445768036868965,-0.06470735600246326,0.009235883570276228
668,33.4,3,12.005564179080219,0.011287023157440033,-0.2674336663449351,-0.8939180418784591
668,33.4,4,11.851940027555155,0.24807486873519058,-0.13171020251239268,0.1858055255387303
668,33.4,5,12.190826054890113,0.2217515434795597,0.17445536021327795,0.18034795924357827
669,33.45,0,11.952472287735537,-0.30666451762596053,-0.023829761404790553,-0.29147423492481583
669,33.45,1,11.702296525226156,-0.05605333847043716,-0.15371106497387338,0.03905243192281965
669,33.45,2,12.285357640375587,-0.12399588619017583,0.018961650631244685,0.048277707683516635
669,33.45,3,11.992192495762971,-0.03340887893648293,0.30514443078526304,0.8717015768225543
669,33.45,4,11.845354517429536,0.2573651450121271,0.12851545646454876,-0.15397519678039942
669,33.45,5,12.199548822900777,0.2307689414417386,-0.19051584982585204,-0.2155346598406348
670,33.5,0,11.951280799665298,-0.3212382293722013,0.051263576918279534,0.2727424454982408
670,33.5,1,11.694610971977463,-0.05410071687429618,0.12688139514155863,0.009088485172986202
670,33.5,2,12.28630572290715,-0.121582000806,-0.017346365724071968,-0.015429440820481569
670,33.5,3,12.007449717302235,0.010176199904644793,-0.4176210925286749,-0.8344216554524168
670,33.5,4,11.851780290252764,0.24966638517310713,-0.11945922435403673,0.1588200882842928
670,33.5,5,12.190023030409485,0.21999220844970685,0.1866665228379504,0.19735894277401156
671,33.550000000000004,0,11.953843978511212,-0.3076011070972893,-0.005270210808836599,-0.27807865388195263
671,33.550000000000004,1,11.700955041734542,-0.053646292615646865,-0.1943118524216476,0.028914318400576823
671,33.550000000000004,2,12.285438404620946,-0.12235347284702408,-0.03497686538241474,0.062867721594626
671,33.550000000000004,3,11.9865686626758,-0.03154488286797605,0.45008775920110194,0.806819597408834
671,33.550000000000004,4,11.845807329035061,0.25760738958732177,0.1144107286589269,-0.11626364833529765
671,33.550000000000004,5,12.199356356551382,0.22986015558840742,-0.19591227533785574,-0.22654328067762128
672,33.6,0,11.95358046797077,-0.3215050397913869,0.04497046629982204,0.2619179385560174
672,33.6,1,11.691239449113459,-0.05220057669561803,0.1665135114807585,0.014740910375799323
672,33.6,2,12.283689561351824,-0.11921008676729278,0.02984511408693052,-0.03822067707915832
672,33.6,3,12.009073050635855,0.008796097002465655,-0.5529076353251633,-0.7516347557239428
672,33.6,4,11.851527865468007,0.2517942071705569,-0.09878650425302504,0.1271712147983343
672,33.6,5,12.18956074278449,0.21853299155452635,0.18933047837811398,0.20931787394804102
673,33.65,0,11.955828991285761,-0.308409142863586,0.012168313058884894,-0.2549662027652979
673,33.65,1,11.699565124687497,-0.05146353117682806,-0.22854514763400582,0.017192797778245814
673,33.65,2,12.285181817056172,-0.12112112062125069,-0.08532216837972935,0.07516197571078832
673,33.65,3,11.981427668869598,-0.028785640783731484,0.5794671360598825,0.719367851502908
673,33.65,4,11.846588540255356,0.2581527679104736,0.09812723325325294,-0.0748483270175497
673,33.65,5,12.199027266703396,0.2289988852519284,-0.19578584584133907,-0.23098806577812692
674,33.7,0,11.956437406938706,-0.3211574530018509,0.036448679956852754,0.24216397389990435
674,33.7,1,11.688137867305796,-0.050603891287915766,0.20101696575744954,0.019020970831984174
674,33.7,2,12.280915708637185,-0.11736302183571128,0.07493226023014629,-0.05835428353628684
674,33.7,3,12.010401025672593,0.007182751791413922,-0.6701831285819467,-0.6493613214434254
674,33.7,4,11.851494901918018,0.2544103515595961,-0.07627535458274197,0.09284565777646102
674,33.7,5,12.189237974411329,0.21744948196302205,0.18810083067327396,0.21622977674147853
675,33.75,0,11.958259840936549,-0.30904925430685565,0.02716327313217755,-0.2231832608426696
675,33.75,1,11.698188715593668,-0.04965284274631656,-0.25588789182122346,0.004001513431579228
675,33.75,2,12.284662321648693,-0.12028073601252562,-0.1307244498793879,0.08567645111568473
675,33.75,3,11.976891869243495,-0.02528531428075735,0.6905122056081555,0.6131515688184487
675,33.75,4,11.847681134188882,0.2590526344484192,0.08055482298865939,-0.03194609820763059
675,33.75,5,12.198643015944992,0.22826097080009597,-0.19077668941208015,-0.23019477468195076
676,33.800000000000004,0,11.959618004593157,-0.32020841734898914,0.026332457505165368,0.21399107941696657
676,33.800000000000004,1,11.685394321002606,-0.0494527670747376,0.22972531324960416,0.022336388706426763
676,33.800000000000004,2,12.278126099154724,-0.11599691345674139,0.11647654187720502,-0.07539247680433715
676,33.800000000000004,3,12.011417479523903,0.005372264160165084,-0.7680058651525634,-0.5301269365517798
676,33.800000000000004,4,11.851708875338314,0.2574553295380377,-0.052603708542628344,0.05634424262309804
676,33.800000000000004,5,12.189104181474388,0.21675123206599844,0.1828704682325242,0.21785098423247864
677,33.85,0,11.960934627468415,-0.3095088633781408,0.03892996504428001,-0.18354015820345598
677,33.85,1,11.696880586665086,-0.04833594763941626,-0.2762615738323206,-0.010607588480952024
677,33.85,2,12.283949926248583,-0.11976653729695824,-0.17080018553711054,0.09481758297523811
677,33.85,3,11.973017186266276,-0.021134082667423906,0.7820875077591968,0.4905645251899063
677,33.85,4,11.849078689911183,0.26027254166919256,0.061909005031009816,0.011702364358464766
677,33.85,5,12.198247704886015,0.2276437812776224,-0.180937566113158,-0.22465253089745688
678,33.9,0,11.96288112572063,-0.3186858712883136,0.015325147465671145,0.17805927760267273
678,33.9,1,11.68306750797347,-0.04886632706346386,0.2523530993445919,0.025156893486480075
678,33.9,2,12.275409916971729,-0.11502565814819633,0.15388205223414236,-0.08928144512650811
678,33.9,3,12.012121561654235,0.003394143592071408,-0.8452635804724525,-0.39537476414887557
678,33.9,4,11.852174140162733,0.2608576598871158,-0.028197920909135813,0.018041208275596774
678,33.9,5,12.189200826580358,0.21641115473274955,0.1735232991928092,0.2141711914773142
679,33.95,0,11.963647383093914,-0.30978290740818,0.04705492555336565,-0.13677007527871343
679,33.95,1,11.6956851629407,-0.04760848238913985,-0.289328547880348,-0.026522032793045394
679,33.95,2,12.283104019583435,-0.11948973040452174,-0.20541227520116162,0.10273230411804503
679,33.95,3,11.969858382630612,-0.01637459461537237,0.8529338534153247,0.353050816312692
679,33.95,4,11.850764244117276,0.2617597203008956,0.04211616464571635,0.05585828479335262
679,33.95,5,12.197876991539998,0.22711971430661526,-0.16591262921687358,-0.21433970156031354
680,34.0,0,11.966000129371583,-0.3166214111721157,0.004109363062393422,0.13512741626629884
680,34.0,1,11.681218735546683,-0.048934584028792125,0.26848465347578704,0.02786185845566399
680,34.0,2,12.272833405823377,-0.11435311519861949,0.1868177921305263,-0.10005292297179004
680,34.0,3,12.012505075301378,0.001277946200262229,-0.8998851586461373,-0.24670037056703947
680,34.0,4,11.852870052349562,0.26455263454056327,-0.004354106929130841,-0.021610474725744847
680,34.0,5,12.189581360079154,0.21640272922859957,0.16076673111541565,0.20488697772997877
681,34.050000000000004,0,11.966205597524702,-0.30986504035880075,0.05142496198069099,-0.0840299906990959
681,34.050000000000004,1,11.694642968220473,-0.04754149110600892,-0.29419036717952723,-0.04330819220277984
681,34.050000000000004,2,12.282174295429904,-0.11935576134720899,-0.2341466574606365,0.1092469876251416
681,34.050000000000004,3,11.967510817369071,-0.011057072328089746,0.900672982552113,0.20282271881815728
681,34.050000000000004,4,11.852652347003106,0.263472110804276,0.021214803611427774,0.09974974670562455
681,34.050000000000004,5,12.197619696634925,0.22664707811509852,-0.14541283447812725,-0.19912070634056284
682,34.1,0,11.968776845623736,-0.31406653989375555,-0.006640549436790094,0.08650523605945723
682,34.1,1,11.679933449861496,-0.04970690071614792,0.27732228942326276,0.030649317371572483
682,34.1,2,12.270466962556872,-0.1138934119659519,0.21472703381488722,-0.10767666121525786
682,34.1,3,12.012544466496676,-0.0009159363871818812,-0.9288854047192314,-0.0879602763866297
682,34.1,4,11.853713087183678,0.2684595981395572,0.0182415766447136,-0.06194744163075061
682,34.1,5,12.19034905491102,0.2166910427980704,0.14469779487868695,0.18967697696135594
683,34.15,0,11.968444818151896,-0.30974127809078267,0.05232108828985282,-0.027606212160095057
683,34.15,1,11.693799564332659,-0.048174434847569295,-0.2897071249041529,-0.05992240022061353
683,34.15,2,12.281203314247616,-0.1192772450267148,-0.25619945469029093,0.1139068214388007
683,34.15,3,11.966100196260715,-0.005313950206513367,0.9223811575134162,0.0444245345270029
683,34.15,4,11.854625166015914,0.2653622260580197,-0.0005341886014374967,0.14172899065272868
683,34.15,5,12.197583944654953,0.2261748916461382,-0.1195300389811808,-0.17907233243800483
684,34.2,0,11.971060872566389,-0.3111215886987874,-0.016288542457656967,0.034372083453502476
684,34.2,1,11.679314208087451,-0.05117055485859997,0.2778453510192609,0.03352044842416686
684,34.2,2,12.268393341513102,-0.11358190395477477,0.23757846726227647,-0.1158296335313646
684,34.2,3,12.012219254136387,-0.0030927234801632216,-0.9301130275105505,0.07422380688726511
684,34.2,4,11.854598456585842,0.2724486755906561,0.03932017158973694,-0.10173391330515874
684,34.2,5,12.191607442705894,0.21722127502423794,0.12407073750413987,0.17240902909426398
685,34.25,0,11.970246445443506,-0.3094029845261123,0.05050991306864977,0.029153881973129216
685,34.25,1,11.693206475638414,-0.049494532437391624,-0.27535866280532384,-0.07477329466322656
685,34.25,2,12.280272264876215,-0.119373385631343,-0.2715516594138818,0.11676791220726658
685,34.25,3,11.965713602760859,0.0006184668642000343,0.9166353140480028,-0.11515707683548689
685,34.25,4,11.856564465165329,0.2673619799253982,-0.022659708414528183,0.17961761730370127
685,34.25,5,12.197810979581101,0.22584172647895112,-0.08946043118073345,-0.15555384963089403
686,34.300000000000004,0,11.972771941096939,-0.30794529042745583,-0.024336389305292108,-0.01819053043352097
686,34.300000000000004,1,11.679438542498147,-0.05323319717055295,0.26951274292212635,0.036322745904979754
686,34.300000000000004,2,12.266694681905522,-0.11353499002097968,0.2527370375180793,-0.11686857531648659
686,34.300000000000004,3,12.01154536846326,-0.005139386977574311,-0.9037352131401725,0.23202907522976385
686,34.300000000000004,4,11.855431479744603,0.27634286079058323,0.05802737929376248,-0.1392608554813675
686,34.300000000000004,5,12.193337958022065,0.21806403399740643,0.10111445828012648,0.14579257015462435
687,34.35,0,11.971555121631674,-0.30885481694913186,0.04712850588848481,0.0828010791541366
687,34.35,1,11.692914179644253,-0.05141705987530396,-0.2516076859625125,-0.08615648067059287
687,34.35,2,12.279331533781425,-0.11937841878680401,-0.27885671256093647,0.11661660385675517
687,34.35,3,11.966358607806251,0.006462066783913882,0.8837871128444096,-0.2690509632908064
687,34.35,4,11.85833284870929,0.26937981801651484,-0.044540791264366324,0.21146066536460525
687,34.35,5,12.198393680936071,0.22535366250513764,-0.05593289709690999,-0.12847389473137236
688,34.4,0,11.973911546926098,-0.304714762991425,-0.03052947145828827,-0.06873548856126481
688,34.4,1,11.680333795346128,-0.05572488390883361,0.25192901621878483,0.038694107354583986
688,34.4,2,12.265388698153378,-0.11354758859396626,0.2615545035043482,-0.11449429419498473
688,34.4,3,12.010547963448472,-0.006990481380626438,-0.8522620851396969,0.3799541430884664
688,34.4,4,11.856105809146072,0.2799528512847451,0.07387307866273853,-0.17280609045536058
688,34.4,5,12.195597036081226,0.21892996776856902,0.07615324223662023,0.11482498027285344
689,34.45,0,11.972385073353184,-0.30815153741948825,0.043233549703237784,0.13148728242042057
689,34.45,1,11.692930246157067,-0.05379017854110441,-0.2198376706960545,-0.09289126305507465
689,34.45,2,12.278466423328595,-0.1192723033037155,-0.279218260141026,0.1133831485312074
689,34.45,3,11.967934859191487,0.012007225773796886,0.8264026517411147,-0.4124006527198929
689,34.45,4,11.85979946307921,0.2713125467619771,-0.06576160769235406,0.23637717222872454
689,34.45,5,12.199404698193057,0.2246712167822117,-0.02083561821059505,-0.0992679688643445
690,34.5,0,11.974546750838346,-0.3015771732984672,-0.034823709318887806,-0.11542222271196437
690,34.5,1,11.681938362622263,-0.05843474169385814,0.22553743618745842,0.04020497149558906
690,34.5,2,12.264505510321543,-0.11360314587715513,0.2641605087384641,-0.10993835742791011
690,34.5,3,12.009254991778542,-0.00861280686219776,-0.7780653152898015,0.5152123772849203
690,34.5,4,11.856511382694592,0.2831314053734133,0.0868968552936683,-0.20136313927578903
690,34.5,5,12.198362917282527,0.21970781833899447,0.049382307452662415,0.08179134006620939
691,34.550000000000004,0,11.972805565372402,-0.3073482844340654,0.03949580676669283,0.17471078497205164
691,34.550000000000004,1,11.693215234431637,-0.05642449311907869,-0.18122780894677107,-0.09432512356210637
691,34.550000000000004,2,12.277713535758465,-0.11910006374855063,-0.2734834731682389,0.1070905187977398
691,34.550000000000004,3,11.970351726014052,0.017147812002048256,0.7468944334739245,-0.5428168124266484
691,34.550000000000004,4,11.860856225459274,0.27306324840962387,-0.08621037020161854,0.2542605310832512
691,34.550000000000004,5,12.20083203265516,0.22379738534230495,0.01479633841403027,-0.06873483971441631
692,34.6,0,11.974780355710736,-0.2986127451854628,-0.03732474557904936,-0.15736694210452268
692,34.6,1,11.684153843984298,-0.06114074929718401,0.19115965323133532,0.04039221323074852
692,34.6,2,12.264039362100053,-0.11374553780866364,0.26051689190424404,-0.10322018314268157
692,34.6,3,12.007696447687747,-0.009993028619284163,-0.6825721672713796,0.6363217573104699
692,34.6,4,11.856545706949193,0.28577627496378644,0.09743410179996381,-0.2244439610583083
692,34.6,5,12.201571849575862,0.22036064335658415,0.021049142915472004,0.04742360430888749
693,34.65,0,11.972914118431785,-0.306481092290689,0.03621770251484989,0.21242888445066457
693,34.65,1,11.693711826645865,-0.05912113863564658,-0.13663400685598917,-0.09016394929907834
693,34.65,2,12.277065206695266,-0.11890654696579772,-0.26177615003012483,0.09751568197796287
693,34.65,3,11.97356783932418,0.021823059246239337,0.646601959773795,-0.6588602214695042
693,34.65,4,11.861417412039192,0.274554076910871,-0.10578825138203864,0.26499497101832076
693,34.65,5,12.202624306721635,0.22273182357202853,0.05064098809237251,-0.03699865066839339
694,34.7,0,11.974725003557527,-0.29585964806815573,-0.03817468824784494,-0.19423267341589193
694,34.7,1,11.686880126303066,-0.0636293361006005,0.14967632461705338,0.03880861126497917
694,34.7,2,12.26397639919376,-0.11403076286689957,0.2505210109377635,-0.09431182627314354
694,34.7,3,12.005897937312868,-0.011119951827235876,-0.5665622634284907,0.7414199832160588
694,34.7,4,11.85612799947009,0.28780382546178707,0.10580689116375744,-0.24163968087951843
694,34.7,5,12.205156356126254,0.22088189103860886,-0.008688556260317044,0.012238875457102045
695,34.75,0,11.972816269145135,-0.3055712817389503,0.033445027556777536,0.2443917072829943
695,34.75,1,11.694363942533919,-0.061688905537351534,-0.08697779260097957,-0.08045468198483702
695,34.75,2,12.276502449740649,-0.11874635418055675,-0.24378782730902912,0.08428520075357387
695,34.75,3,11.977569824141444,0.025951047333567064,0.5264555093505976,-0.7583291245061625
695,34.75,4,11.861418344028278,0.27572184141781114,-0.12405554099024159,0.26804849894630556
695,34.75,5,12.204721928313239,0.22149383481146395,0.08632947057216701,-0.004085985712604436
696,34.800000000000004,0,11.974488520522973,-0.29335169637480063,-0.03749917851089509,-0.2256478985965416
696,34.800000000000004,1,11.69001505290387,-0.06571163963659338,0.10221597454331449,0.03511771300533275
696,34.800000000000004,2,12.264313058375198,-0.11453209414287806,0.2340853053390121,-0.08447366239009216
696,34.800000000000004,3,12.003892599608974,-0.011965408891741063,-0.43161528112186404,0.8272137816535092
696,34.800000000000004,4,11.855215566978766,0.28912426636512645,0.11209871028055567,-0.2522774142307519
696,34.800000000000004,5,12.209038401841847,0.22128953552583372,-0.03976617587663325,-0.021823209929429117
697,34.85,0,11.972613561597429,-0.3046340913046277,0.031044335709619845,0.2699000803089544
697,34.85,1,11.695125851631037,-0.06395575398632675,-0.03382922376917239,-0.06580298654684855
697,34.85,2,12.276017323642149,-0.11875577726238266,-0.2195142037338464,0.06738791600631953
697,34.85,3,11.982311835552881,0.0293952801909344,0.3888497507014739,-0.8374838692327023
697,34.85,4,11.860820502492793,0.27651039565358887,-0.13996700021223218,0.2625885299830723
697,34.85,5,12.207050093048014,0.22019837502936226,0.12064522736624313,0.02939547166843262
698,34.9,0,11.97416577838291,-0.29113908728918,-0.03671543384956208,-0.25160980330509813
698,34.9,1,11.693434390442578,-0.06724590331366917,0.05071306190194638,0.02924349168206533
698,34.9,2,12.265041613455457,-0.11538638146206669,0.21213082690932353,-0.07211489507424747
698,34.9,3,12.001754323087955,-0.012478913270700723,-0.2822270911371742,0.8893357885623654
698,34.9,4,11.85382215248218,0.2896398221527425,0.11609342353450687,-0.25542380857386
698,34.9,5,12.213082354416327,0.2216681486127839,-0.07130438000137938,-0.05486653583496076
699,34.95,0,11.97233000669043,-0.3037195774544349,0.02889494814669518,0.2882921047500374
699,34.95,1,11.695970043537676,-0.06578372872956591,0.02012778011598234,-0.0476558615955472
699,34.95,2,12.275648154800923,-0.11899212621577906,-0.1896765878835251,0.04714689310656863
699,34.95,3,11.987642968531096,0.03198787615741755,0.2387374941204523,-0.8922585318036638
699,34.95,4,11.859626823658907,0.27686863172404946,-0.15192402808623384,0.24819293045818328
699,34.95,5,12.209517135416258,0.21892482182103584,0.15184030633558462,0.06251262674920698
700,35.0,0,11.973774754097766,-0.289304972216933,-0.03590726417998217,-0.2711113614914811
700,35.0,1,11.696976432543474,-0.06816652180934327,-0.002131077685788111,0.021463439480459715
700,35.0,2,12.266164325406747,-0.11663478156045064,0.1849171676386845,-0.057558049484626686
700,35.0,3,11.999579843237118,-0.012625050432765642,-0.12514751608173955,0.924638479028316
700,35.0,4,11.852030622254595,0.2892782782469586,0.11744121975418659,-0.25028860465496944
700,35.0,5,12.217109150733037,0.2220504531584962,-0.10202297165905992,-0.08552636154483648
701,35.050000000000004,0,11.971979390888768,-0.30286054029150705,0.026785270684602895,0.29912247593487573
701,35.050000000000004,1,11.696869878659184,-0.06709334983532028,0.07189169609406282,-0.028030547277904123
701,35.050000000000004,2,12.275410183788681,-0.11951268403468197,-0.15563480907677024,0.024459007202834983
701,35.050000000000004,3,11.993322467433032,0.03360687351865016,0.08298033178744547,-0.9201396046888006
701,35.050000000000004,4,11.857902683242305,0.27676384801421017,-0.15831306023206984,0.22541043006555905
701,35.050000000000004,5,12.212008002150084,0.21777413508125437,0.1780412584925187,0.09406061032564995
702,35.1,0,11.973318654422998,-0.2879044164947633,-0.031069351615553673,-0.2815039066957392
702,35.1,1,11.700464463463888,-0.06849487719921549,-0.053374070428138895,0.012335529758370073
702,35.1,2,12.267628443334843,-0.11828973367454022,0.14923243581580453,-0.04376047719062049
702,35.1,3,11.997471484022403,-0.012400106715789873,0.0324510614321232,0.9325263845422576
702,35.1,4,11.849987030230702,0.2880343695174881,0.11578206792291452,-0.2366139398688414
702,35.1,5,12.22091006507471,0.22247716559753686,-0.1304705184448638,-0.11261610478418352
703,35.15,0,11.971765186842221,-0.30197961182955024,0.023981797876515894,0.3016561992134768
703,35.15,1,11.697795759942482,-0.06787810071129699,0.11919382774541859,-0.008860050497600743
703,35.15,2,12.275090065125633,-0.12047775753407125,-0.11805327066641745,0.0002754157776458692
703,35.15,3,11.99909403709401,0.03422621251132301,-0.072407839023778,-0.9208583483697705
703,35.15,4,11.855776133626847,0.27620367252404604,-0.15805751940344415,0.1956787847386418
703,35.15,5,12.214386539152466,0.2168463603583277,0.19806322468391818,0.12307845693710398
704,35.2,0,11.972964276736047,-0.2868968018688764,-0.026042615503991402,-0.2854986901050984
704,35.2,1,11.703755451329753,-0.06832110323617703,-0.10107535416849261,0.002357350472873526
704,35.2,2,12.269187401592312,-0.12046398674518896,0.11068261624918833,-0.028867787261362597
704,35.2,3,11.99547364514282,-0.01181670490716552,0.18624374230876986,0.9143977128291008
704,35.2,4,11.847873257656675,0.28598761176097814,0.11071275566228952,-0.2145115409834438
704,35.2,5,12.224289700386661,0.2230002832051829,-0.15541349441587018,-0.13556122559107825
705,35.25,0,11.971662145960847,-0.3011717363741313,0.02024162785425061,0.2972219612498528
705,35.25,1,11.698701683621328,-0.06820323571253335,0.16141132138870332,0.008766701641399073
705,35.25,2,12.27472153240477,-0.1219073761082571,-0.07871760181107566,-0.024257644151482977
705,35.25,3,12.004785832258259,0.03390318073428952,-0.22338344000966234,-0.8959913786353167
705,35.25,4,11.85340889543979,0.27526203471180594,-0.15076246349676942,0.16055122492112853
705,35.25,5,12.216519025665868,0.21622222192562898,0.21165652410391592,0.14925905874158826
706,35.300000000000004,0,11.97267422735356,-0.28631063831163867,-0.020867115186422786,-0.28290036704643745
706,35.300000000000004,1,11.706772249690763,-0.06776490063046339,-0.14398584139227757,-0.008017657392878817
706,35.300000000000004,2,12.270785652314217,-0.12312025831583125,0.07007534725689891,-0.012893811094746141
706,35.300000000000004,3,11.993616660257775,-0.01089638819747632,0.3338771505586694,0.8714205693227347
706,35.300000000000004,4,11.845870772264952,0.28328959595786235,0.10202733429551308,-0.18481234222736043
706,35.300000000000004,5,12.227101851871064,0.2236851748627084,-0.17614368204275943,-0.1543807748521771
707,35.35,0,11.971630871594238,-0.3004556566639605,0.015324036089885962,0.2861616945550062
707,35.35,1,11.699572957621148,-0.06816578350010734,0.1985350887182642,0.024374295055936218
707,35.35,2,12.274289419677062,-0.12376494887056855,-0.03811404067590948,-0.04873557993060748
707,35.35,3,12.010310517785708,0.03267464026866042,-0.3678621745100494,-0.8467318122164313
707,35.35,4,11.850972138979728,0.2740489788464943,-0.13630151718225028,0.1210729883631507
707,35.35,5,12.218294667768927,0.21596613612009954,0.21879723077186813,0.17252950589966048
708,35.4,0,11.972397073398731,-0.2861475719362102,-0.015392078725081106,-0.2735933507962339
708,35.4,1,11.709499712057061,-0.06694706874731053,-0.18167951212535555,-0.018507853705794948
708,35.4,2,12.272383717643267,-0.12620172786709893,0.02786114659002597,0.004081704100911994
708,35.4,3,11.991917409060205,-0.009661950342161149,0.47364183112517483,0.8040071873076169
708,35.4,4,11.844157063120615,0.2801026282646519,0.0895440592631919,-0.14846344633387257
708,35.4,5,12.22923452930752,0.22459261141508258,-0.19217938965347459,-0.16930020479621846
709,35.45,0,11.971627469462478,-0.2998272394760219,0.008945052693226426,0.26817433194165435
709,35.45,1,11.700415736450793,-0.06787246143260028,0.23051184479773715,0.0377925614284741
709,35.45,2,12.273776774972768,-0.12599764266205332,0.003713725213144954,-0.07292824053347613
709,35.45,3,12.015599500616464,0.0305384090232197,-0.5039635214783448,-0.7734100109816219
709,35.45,4,11.848634266083774,0.2726794559479582,-0.11480651221481862,0.07805617982577376
709,35.45,5,12.219625559824847,0.21612760117527166,0.2192395343003722,0.19255135798399356
710,35.5,0,11.972074722097139,-0.2864185228789392,-0.010626374796133136,-0.25784710706043384
710,35.5,1,11.71194132869068,-0.06598283336117658,-0.21391606914323172,-0.028901102767270002
710,35.5,2,12.273962461233426,-0.12964405468872714,-0.014378850281783762,0.02257503899337015
710,35.5,3,11.990401324542546,-0.008132091525861397,0.6027746767416159,0.7122451166744164
710,35.5,4,11.842893940473033,0.2765822649392469,0.07316899375114551,-0.10648653763621042
710,35.5,5,12.230587536539865,0.22575516907447135,-0.20294646971712785,-0.18034947375629082
711,35.550000000000004,0,11.971543403357332,-0.2993108782319609,0.0009880653868585584,0.24304463186036276
711,35.550000000000004,1,11.701245525233517,-0.06742788849954008,0.2568495259068368,0.04892928631460379
711,35.550000000000004,2,12.273243518719337,-0.12851530273905865,0.04617458389152308,-0.09615142136104876
711,35.550000000000004,3,12.020540058379627,0.02748016430785942,-0.6282525372473468,-0.6765291749847331
711,35.550000000000004,4,11.846552390160591,0.2712579380574364,-0.08693890112880338,0.032540939048016276
711,35.550000000000004,5,12.220440213054008,0.2167376953866568,0.2124868871923947,0.20836992057042494
712,35.6,0,11.971592806626674,-0.28715864663894275,-0.006495212498149003,-0.23529497703340194
712,35.6,1,11.714088001528859,-0.0649814241838099,-0.2401890923727275,-0.03887792647509329
712,35.6,2,12.275552247913913,-0.13332287380711108,-0.05604307612008805,0.04222207100568562
712,35.6,3,11.98912743151726,-0.006346294441377236,0.7163648717414088,0.5978156974208525
712,35.6,4,11.84220544510415,0.2728849850098372,0.05317852549146931,-0.06041601823242904
712,35.6,5,12.231064557413628,0.22715619141517804,-0.20766624168483727,-0.1871779054867234
713,35.65,0,11.971268046001766,-0.29892339549061286,-0.008507024365830307,0.21092754532614905
713,35.65,1,11.702078546910222,-0.06692532050756456,0.2765875257700878,0.057685661621977906
713,35.65,2,12.272750094107908,-0.1312117702568268,0.08805549777219739,-0.1171795774090919
713,35.65,3,12.02494567510433,0.02354449042966539,-0.7355842754801263,-0.5583185785363232
713,35.65,4,11.844864371378724,0.2698641840982158,-0.05439488373525754,-0.01368617688710974
713,35.65,5,12.220681245329386,0.21779729614084187,0.19828404762553034,0.2184232063469014
714,35.7,0,11.970842694783475,-0.2883770182243054,0.00022348946118836894,-0.20859811617713533
714,35.7,1,11.715907923198726,-0.06404103742646566,-0.26270527966186286,-0.04534678588566749
714,35.7,2,12.277152868996517,-0.13707074912728137,-0.09595636191104184,0.06220580623749818
714,35.7,3,11.988166461330325,-0.004371438497150767,0.8089010532638534,0.4651006713587881
714,35.7,4,11.842144627191962,0.2691798752538603,0.030383002949131717,-0.012440754214374978
714,35.7,5,12.230595447710662,0.22871845645818695,-0.20552279240023494,-0.1891725564525327
715,35.75,0,11.970853869256533,-0.29880692403316217,-0.019320396624328582,0.1737784422926993
715,35.75,1,11.702772659215633,-0.06630837672074903,0.28983152259033435,0.06402834915588956
715,35.75,2,12.272355050900964,-0.13396045881540647,0.12767327151236524,-0.13451740698909176
715,35.75,3,12.028611513993518,0.01888359507078864,-0.8208677535925771,-0.4238836275134826
715,35.75,4,11.843663777339419,0.26855783754314155,-0.019804329868659994,-0.058359416719233594
715,35.75,5,12.22031930809065,0.21925982863556032,0.17724299440095914,0.22115660190332442
716,35.800000000000004,0,11.969887849425318,-0.2901180019185272,0.0030705256762034745,-0.1728085552649298
716,35.800000000000004,1,11.71726423534515,-0.06310695926295455,-0.27452362062514063,-0.053356152836432
716,35.800000000000004,2,12.278738714476583,-0.14068632916486107,-0.13245655088525765,0.08161814485829859
716,35.800000000000004,3,11.987568126313889,-0.0023105863048854917,0.8762327818342734,0.32065654116819803
716,35.800000000000004,4,11.842673560845986,0.2656398667071799,0.006215055920584357,0.03463343936515962
716,35.800000000000004,5,12.229181457810698,0.23031765873072654,-0.1962351431751517,-0.18591861033895715
717,35.85,0,11.970041375709128,-0.2987584296817737,-0.030790362979187687,0.13187449361498144
717,35.85,1,11.703538054313892,-0.06577476690477616,0.29474231590298827,0.06819467842615225
717,35.85,2,12.27211588693232,-0.13660542192194614,0.16344328226713678,-0.14700939137360358
717,35.85,3,12.031379765405603,0.01372224075352441,-0.8806784744457997,-0.27895962204553654
717,35.85,4,11.842984313642015,0.26737153867543784,0.013950344164078806,-0.0994262562613006
717,35.85,5,12.21936970065194,0.2210217282137787,0.15080176033808454,0.2155480894271053
718,35.9,0,11.968501857560168,-0.2921647050010246,0.0053374099934516885,-0.13279202930031947
718,35.9,1,11.718275170109042,-0.062365032983468544,-0.27955819906861334,-0.06018313067394974
718,35.9,2,12.280288051045678,-0.14395589149062632,-0.16423178454226547,0.0993573337995843
718,35.9,3,11.987345841683313,-0.00022574034875241789,0.9175028746198858,0.17012406903330962
718,35.9,4,11.843681830850219,0.2624002258623728,-0.018153544603232423,0.0787928799091997
718,35.9,5,12.226909788668845,0.23179913268513397,-0.17974036639564525,-0.1769038002026935
719,35.95,0,11.96876872805984,-0.29880430646604056,-0.0422424073641806,0.08754041062847732
719,35.95,1,11.704297260155611,-0.06537418951716603,0.2923540143319303,0.07089016447968995
719,35.95,2,12.272076461818566,-0.1389880248006471,0.19462432158612766,-0.1542613633023828
719,35.95,3,12.033220985414307,0.008280463102913064,-0.9145250931869456,-0.12878007048515472
719,35.95,4,11.842774153620057,0.2663398698578328,0.04509756131269764,-0.1361550315470846
719,35.95,5,12.217922770349062,0.2229539426749993,0.12074442990743608,0.20151649535540167
720,36.0,0,11.966656607691633,-0.2944272859346167,0.007893902390783185,-0.09013384210625136
720,36.0,1,11.718914960872208,-0.06182968129318153,-0.2782758713213199,-0.06516056100427478
720,36.0,2,12.281807677897872,-0.14670109296576622,-0.19080994444417454,0.1146200340102719
720,36.0,3,11.987494730754959,0.001841459578655327,0.9330407987405883,0.01689836751216512
720,36.0,4,11.845029031685693,0.25953211828047856,-0.04172676159164224,0.118609962907102
720,36.0,5,12.223959991844435,0.23302976744276938,-0.1567091092281015,-0.16207453790660753
721,36.050000000000004,0,11.967051302811171,-0.29893397803992927,-0.05333628423622037,0.041862376752350265
721,36.050000000000004,1,11.705001167306142,-0.06508770934339528,0.28326220536742697,0.0725557914727098
721,36.050000000000004,2,12.272267180675662,-0.14097009126525262,0.2210923546871476,-0.15626152464320422
721,36.050000000000004,3,12.034146770691988,0.002686377954263583,-0.9229764043551859,0.023560663660386623
721,36.050000000000004,4,11.84294269360611,0.2654626164258337,0.07289467148434359,-0.16857377771514545
721,36.050000000000004,5,12.21612453638303,0.224926040547439,0.08833636225244856,0.17922416285283005
722,36.1,0,11.96438448859936,-0.29684085920231174,0.01093961533438144,-0.04551624385872386
722,36.1,1,11.719164277574514,-0.061459919769759785,-0.2706422126130957,-0.06827707392706352
722,36.1,2,12.28332179841002,-0.14878316749741283,-0.21220558869902859,0.12683195021700674
722,36.1,3,11.98799795047423,0.003864411137282914,0.9230489753813089,-0.13709547988476242
722,36.1,4,11.846587427180328,0.2570339275400764,-0.06395465628114999,0.15351483740766234
722,36.1,5,12.220541354495651,0.2338872486900805,-0.12808112549899428,-0.141533203197919
723,36.15,0,11.96493146936608,-0.29911667139524795,-0.0638853726391026,-0.004928169283790129
723,36.15,1,11.70563216694386,-0.06487377346611296,0.2673570972849766,0.07342656482470748
723,36.15,2,12.272711518975068,-0.1424415699865625,0.24265529782172474,-0.152950230052892
723,36.15,3,12.034150399243295,-0.002990362856955207,-0.9061615430593613,0.17617492306727092
723,36.15,4,11.843389694366271,0.26470966941045954,0.09710161859445597,-0.19680293640044577
723,36.15,5,12.214137298220702,0.22681058853018457,0.054404340770308986,0.14894170146546276
724,36.2,0,11.961737200734126,-0.29936307985943744,0.014781477707222258,0.0004245261397337535
724,36.2,1,11.719000021808109,-0.06120244522487759,-0.2566585543920107,-0.06935413879693877
724,36.2,2,12.284844283866155,-0.15008908148920708,-0.22841019500845236,0.13546747059841735
724,36.2,3,11.988842322090326,0.00581838329640834,0.886972380774277,-0.28978180733962167
724,36.2,4,11.848244775295994,0.25486952259043727,-0.08453953270046832,0.18333103368205925
724,36.2,5,12.216857515259218,0.2342576736034577,-0.09482920625554227,-0.11543572827694412
725,36.25,0,11.962476274619487,-0.29934185355245074,-0.07357166006613398,-0.052506931211507055
725,36.25,1,11.706167094088508,-0.06467015216472453,0.2441880162825956,0.07360961928073194
725,36.25,2,12.273423774115733,-0.14331570795928622,0.2585602652106766,-0.14413863397843696
725,36.25,3,12.033190941129039,-0.008670707070572745,-0.8634911047721427,0.32653888158626665
725,36.25,4,11.844017798660971,0.26403607427454023,0.11752406222721166,-0.2206083112026574
725,36.25,5,12.21211605494644,0.2284858871896105,0.01967576330045828,0.11130502700143907
726,36.300000000000004,0,11.95879769161618,-0.3019672001130261,0.02029066253256057,0.046225371209409685
726,36.300000000000004,1,11.718376494902637,-0.060989671200687934,-0.23680406206567373,-0.06748082483271849
726,36.300000000000004,2,12.286351787376267,-0.15052263965820806,-0.2390418061598217,0.13991857155882928
726,36.300000000000004,3,11.990016385890431,0.007656237008740588,0.8242578421718902,-0.43723912261985076
726,36.300000000000004,4,11.849894001772332,0.2530056587144074,-0.1031369903383304,0.20779576253894516
726,36.300000000000004,5,12.213099843111463,0.23405113853968246,-0.05810776286755699,-0.0842243388709764
727,36.35,0,11.959812224742809,-0.2996559315525556,-0.08172084543453333,-0.09959241543945814
727,36.35,1,11.706536291799354,-0.06436371244232386,0.21376843645769011,0.07311019676134706
727,36.35,2,12.274399697068276,-0.1435267110802666,0.2674046604922195,-0.129805447931621
727,36.35,3,12.031229277999026,-0.01420571912225195,-0.7948391640468329,0.46995618859664107
727,36.35,4,11.844737152255416,0.26339544684135463,0.13383731954095543,-0.23928289852769138
727,36.35,5,12.210194454968086,0.22983992159613365,-0.0148751121771426,0.06786588475944484
728,36.4,0,11.955726182471082,-0.3046355523245285,0.026752613719888522,0.09127825236758112
728,36.4,1,11.717224713622238,-0.06070820260425651,-0.21132292346973536,-0.065161728469838
728,36.4,2,12.287769930092887,-0.15001698347684764,-0.2433437542652756,0.13955341937659269
728,36.4,3,11.991487319796684,0.009292090307580103,0.7362781353723752,-0.573136616418921
728,36.4,4,11.851429018232464,0.25143130191497004,-0.11824808993538588,0.22841847301471813
728,36.4,5,12.209450699359229,0.2332332158341059,-0.019580790510528193,-0.04904287545465214
729,36.45,0,11.957063813157076,-0.3000716397061494,-0.08743633861768084,-0.14432293113529623
729,36.45,1,11.706658567448752,-0.06396628902774841,0.17715960296014774,0.0721609135749341
729,36.45,2,12.275602742379624,-0.143039312508018,0.26767379032497357,-0.11063634063510025
729,36.45,3,12.028301226565302,-0.01936474051336595,-0.7022086414026782,0.600117260586252
729,36.45,4,11.845516613735695,0.2628522255657059,0.14581523707191846,-0.25240634714336513
729,36.45,5,12.208471659833702,0.23078107206137327,-0.047890561587756376,0.021483841815894366
730,36.5,0,11.952691996226191,-0.30728778626291425,0.03390159759468543,0.13371297705950566
730,36.5,1,11.71551654759676,-0.06035824334900171,-0.17965710108294483,-0.059993828321528976
730,36.5,2,12.288986431895871,-0.148571129539773,-0.240624967161908,0.13399425011261354
730,36.5,3,11.993190794495169,0.010641122515946653,0.6269954959297558,-0.6910005774802117
730,36.5,4,11.852807375589292,0.2502319082085377,-0.13019699582694577,0.24215882736453728
730,36.5,5,12.206077131754315,0.23185526415216798,0.018654720962418006,-0.011804886844942554
731,36.550000000000004,0,11.954387076105926,-0.30060213740993896,-0.08993295959407953,-0.18464189033102754
731,36.550000000000004,1,11.706533692542612,-0.06335793476507816,0.13563011206357098,0.07063690504746155
731,36.550000000000004,2,12.276955183537776,-0.14187141703414233,0.2584534605987448,-0.08809217646562241
731,36.550000000000004,3,12.024540569291656,-0.023908906358063937,-0.5897794394303444,0.7111186555211202
731,36.550000000000004,4,11.846297525797944,0.26233984957676454,0.1532610382764344,-0.2590554164905768
731,36.550000000000004,5,12.207009867802435,0.23126501980992084,-0.0781287020979329,-0.02440951505484117
732,36.6,0,11.949890428126222,-0.30983423192649034,0.04120557567051614,0.17172977311276288
732,36.6,1,11.713315198145791,-0.05982608951270508,-0.14222369598621695,-0.05026982615093348
732,36.6,2,12.289877856567713,-0.14627602585742344,-0.23039846149425805,0.12324598327192747
732,36.6,3,11.995051597320138,0.011647026417992073,0.5018980207059628,-0.7866252506568191
732,36.6,4,11.853960577711765,0.2493870787522357,-0.13979594520937072,0.24717087862602205
732,36.6,5,12.203103432697539,0.23004454405717878,0.054640682089264064,0.02541470293379364
733,36.65,0,11.951950706909749,-0.3012477432708522,-0.08886645920069784,-0.21920704585652517
733,36.65,1,11.70620401334648,-0.062339580820251754,0.09071317993609102,0.06828869383616218
733,36.65,2,12.278357933493,-0.14011372669382707,0.23984356997694226,-0.06397956268315043
733,36.65,3,12.020146498355437,-0.027684236114848885,-0.4623964167329668,0.7995987036472219
733,36.65,4,11.846970780451297,0.2617456226835368,0.1565900322012503,-0.2587200248645094
733,36.65,5,12.205835466802002,0.23131527920386846,-0.1049995144801288,-0.06712078800790622
734,36.7,0,11.947507383949715,-0.31220809556367846,0.04800659437783768,0.20425488346055853
734,36.7,1,11.710739672343285,-0.05892514612844364,-0.10189527113866294,-0.03981734959088289
734,36.7,2,12.290350111991847,-0.14331270482798458,-0.2125080183928332,0.10771672548924892
734,36.7,3,11.99702667751879,0.012295699067512208,0.3651072062372749,-0.8587909222604132
734,36.7,4,11.85480028206136,0.24880962144031132,-0.1457811682444309,0.24683093168867087
734,36.7,5,12.200585491077996,0.22795923980347316,0.08712298935264577,0.06108937037303373
735,36.75,0,11.949907713668606,-0.30199535139065053,-0.08423061972077853,-0.24770171679056022
735,36.75,1,11.705644908786352,-0.06091601360798779,0.044292858164146014,0.06520105356341607
735,36.75,2,12.279724711072205,-0.13792686855352213,0.21242329602134455,-0.039719201911678034
735,36.75,3,12.015282037830653,-0.030643847045508456,-0.32403629082836355,0.8646635669964061
735,36.75,4,11.847511223649139,0.26115116802474486,0.15668514512607826,-0.252218811498966
735,36.75,5,12.204941640545629,0.23101370832212484,-0.1286684921176755,-0.1055308415858303
736,36.800000000000004,0,11.945696182682568,-0.31438043723017856,0.053724659104144354,0.23095235084209312
736,36.800000000000004,1,11.70785955169456,-0.057655960929816986,-0.05933947559082486,-0.029103244497723182
736,36.800000000000004,2,12.290345875873273,-0.13991282864910604,-0.18729162994479676,0.08822270971062601
736,36.800000000000004,3,11.999080223289235,0.012589331304311852,0.21904797213846255,-0.9071195178761791
736,36.800000000000004,4,11.855345480905443,0.24854022744979656,-0.14803611191108737,0.24105575390454034
736,36.800000000000004,5,12.198508215939745,0.22573716624283333,0.11543978776591278,0.09421357263568733
737,36.85,0,11.948382415637775,-0.3028328196880739,-0.07604523919211909,-0.2700423346241119
737,36.85,1,11.704892577915018,-0.05911112315470315,-0.0030923766480208327,0.061316806171403046
737,36.85,2,12.280981294376033,-0.13550169316357474,0.1766973787841864,-0.016183551785919254
737,36.85,3,12.010032621896158,-0.0327666445894971,-0.17694315820241305,0.9060557839152794
737,36.85,4,11.847943675309889,0.2605930151450236,0.15389578927412847,-0.23962425072020954
737,36.85,5,12.20428020532804,0.2304478448746177,-0.1493973313919925,-0.13930723043520982
738,36.9,0,11.944580153678169,-0.3163349364192795,0.05784284695843925,0.251721111263264
738,36.9,1,11.704737959082617,-0.056045282846133,-0.014919772515559634,-0.018257876448724137
738,36.9,2,12.289816163315242,-0.1363108707528707,-0.15516071006359297,0.06564143904431068
738,36.9,3,12.001185463986038,0.012536144606266869,0.06534557033040886,-0.9308516353941647
738,36.9,4,11.855638464773595,0.2486118026090131,-0.1466341645128471,0.2295977087520997
738,36.9,5,12.19681033875844,0.2234824833528572,0.13944112307842035,0.12434958613601926
739,36.95,0,11.94747229602609,-0.3037488808561163,-0.06431402728906452,-0.2857415103288894
739,36.95,1,11.703991970456839,-0.056958176668569206,-0.05127240633520471,0.05645968695328589
739,36.95,2,12.282058127812062,-0.13302879880065518,0.13328537495781914,0.006066656145294294
739,36.95,3,12.00445274250256,-0.03400643716344137,-0.02287205282670319,0.9228349142827187
739,36.95,4,11.848306756547952,0.2600916880466181,0.14824700052877884,-0.22047241523838
739,36.95,5,12.203782394912361,0.22969996265965817,-0.16719888475372563,-0.16826960077419154
740,37.0,0,11.944256594661637,-0.31803595637256077,0.059879868184800365,0.266204073067885
740,37.0,1,11.701428350140079,-0.05413519232090491,0.030203077939247293,-0.00891744250708938
740,37.0,2,12.288722396559953,-0.13272546599339047,-0.11666677234731722,0.040864657686205154
740,37.0,3,12.003309139861225,0.012135308550694564,-0.09351983833539888,-0.9283716144268005
740,37.0,4,11.85571910657439,0.24906806728469907,-0.14074974144388747,0.21352703840362577
740,37.0,5,12.195422450674675,0.2212864826209486,0.15904711669217017,0.1511794919146403
741,37.050000000000004,0,11.947250588070876,-0.3047257527191665,-0.049229902726485524,-0.29366356074194405
741,37.050000000000004,1,11.702938504037041,-0.05458106444625938,-0.09921039276750698,0.05041892920401339
741,37.050000000000004,2,12.282889057942587,-0.1306822331090802,0.08343594628755394,0.026579646035161875
741,37.050000000000004,3,11.998633147944455,-0.03428327217064547,0.13480412852948517,0.9133811603376063
741,37.050000000000004,4,11.848681619502196,0.25974441920488034,0.13972074751732919,-0.19461583253025663
741,37.050000000000004,5,12.203374806509284,0.22884545721668062,-0.18168075553701213,-0.19202948754221924
742,37.1,0,11.94478909293455,-0.3194089307562637,0.05941967914268753,0.27361842788037083
742,37.1,1,11.697977984398666,-0.05206011798605871,0.07547958472936891,-0.0007238380312702081
742,37.1,2,12.287060855256964,-0.1293532508073221,-0.07304195167551644,0.015019233718567898
742,37.1,3,12.00537335437093,0.011385785846234849,-0.25217176187553425,-0.8983183942148324
742,37.1,4,11.855667656878063,0.2500136275783675,-0.13043477632701742,0.19214803752218668
742,37.1,5,12.194290768732435,0.21924398283956967,0.1740135889847193,0.17410533403880293
743,37.15,0,11.947760076891685,-0.30572800936224515,-0.03158596816783522,-0.29239941100369515
743,37.15,1,11.701751963635134,-0.05209630988762222,-0.1451510286965817,0.04289910046561756
743,37.15,2,12.283408757673188,-0.1286022891213937,0.029753191983953688,0.044891478854256504
743,37.15,3,11.992764766277153,-0.033530133864506775,0.2903388205999364,0.8766678448670093
743,37.15,4,11.849145918061712,0.2596210294544768,0.12839358621218863,-0.16225055444222258
743,37.15,5,12.20299144818167,0.2279492495415098,-0.19209029010312703,-0.2099276966224915
744,37.2,0,11.946180778483294,-0.3203479799124299,0.05617825537346273,0.2729901398053266
744,37.2,1,11.694494412200305,-0.04995135486434134,0.11929348145459087,0.0061362055425947
744,37.2,2,12.284896417272385,-0.12635771517868088,-0.02630558733164929,-0.010574574799133186
744,37.2,3,12.00728170730715,0.010303258378843695,-0.40350498239354127,-0.8413341942646947
744,37.2,4,11.85556559737232,0.25150850173236566,-0.1203479407820084,0.166007453598865
744,37.2,5,12.193386933676514,0.21745286471038522,0.18842863793034492,0.19183553246179963
745,37.25,0,11.948989691251967,-0.30669847292216357,-0.012853120322559195,-0.28115294192522383
745,37.25,1,11.700459086273034,-0.049644544587211605,-0.18683721903943287,0.0336829970913093
745,37.25,2,12.283581137905802,-0.12688644391863754,-0.02425956503502106,0.06073169681038334
745,37.25,3,11.987106458187473,-0.03176345133439104,0.4365644743702481,0.8142290624629774
745,37.25,4,11.84954820033322,0.25980887441230893,0.11533903097532117,-0.1253046930550015
745,37.25,5,12.20280836557303,0.2270446413334752,-0.19867168835926066,-0.2221190868098505
746,37.300000000000004,0,11.94834703523584,-0.32075612001842474,0.05021698955561672,0.2639093610444634
746,37.300000000000004,1,11.691117225321062,-0.04796039473264614,0.1597822956534102,0.011460102143635138
746,37.300000000000004,2,12.282368159654052,-0.12384985907811838,0.020672404855530027,-0.03447394482766501
746,37.300000000000004,3,12.008934681905986,0.008948001788757834,-0.5404463426946775,-0.7606094503381301
746,37.300000000000004,4,11.855315151881987,0.25354363975955885,-0.10076123672048937,0.1347036497302352
746,37.300000000000004,5,12.192874781155068,0.2159386869929827,0.19216288524299507,0.20463535732955407
747,37.35,0,11.95085788471362,-0.3075606519662016,0.00519758163655677,-0.2600487643826808
747,37.35,1,11.699106340103732,-0.047387389625464384,-0.22239470760825258,0.02278295646340148
747,37.35,2,12.283401779896828,-0.12557355631950162,-0.07512848692079854,0.07415067175669468
747,37.35,3,11.981912364771253,-0.029082470728148672,0.5676390169866327,0.7288043387593343
747,37.35,4,11.850277090045962,0.26027882224607063,0.09999681327041618,-0.08417881664921643
747,37.35,5,12.202482925417216,0.22617045485946038,-0.19956448239872865,-0.22761039406911873
748,37.4,0,11.951117763795448,-0.32056309018533563,0.04180506584768853,0.24591987361674625
748,37.4,1,11.687986604723319,-0.04624824180229431,0.19530471219929546,0.015427639311508687
748,37.4,2,12.279645355550787,-0.12186602273166688,0.06591996143246849,-0.055811332301601395
748,37.4,3,12.010294315620584,0.007357746209818043,-0.6595093501191096,-0.6601656191773363
748,37.4,4,11.855276930709483,0.2560698814136098,-0.07909694897795677,0.10057546567518158
748,37.4,5,12.19250470129728,0.21478993515600445,0.19181341085401726,0.21252242863284007
749,37.45,0,11.953208017087833,-0.3082670965044983,0.021135150640495454,-0.23011586683597265
749,37.45,1,11.697751840333284,-0.045476859836718876,-0.2511403972274868,0.010311567953637779
749,37.45,2,12.28294135362241,-0.12465658934674695,-0.12124406474898891,0.08562940016348436
749,37.45,3,11.977318848114628,-0.02565053474904877,0.6804422358327425,0.6243976406990687
749,37.45,4,11.851322083260586,0.26109865469736887,0.08331366192535941,-0.0413266637440787
749,37.45,5,12.202095371839981,0.22541605658764646,-0.1954671434057478,-0.22780865527535196
750,37.5,0,11.954264774619858,-0.3197728898462969,0.03155216929555244,0.21946152930750548
750,37.5,1,11.68519482047191,-0.044961281439036986,0.22510009917561175,0.018431282798815077
750,37.5,2,12.27687915038496,-0.12037511933857273,0.107848294377523,-0.07404371469980721
750,37.5,3,12.011340959906265,0.005569347285904663,-0.7591079049531109,-0.5427786828043335
750,37.5,4,11.855487766356854,0.2590323215101649,-0.056181843658585175,0.06417770163721755
750,37.5,5,12.192322014669694,0.21402562382387885,0.18738007798921774,0.2152004789217383
751,37.550000000000004,0,11.955842383084637,-0.30879981338092166,0.03408673058231146,-0.19218303709040574
751,37.550000000000004,1,11.69644982543069,-0.04403971729909623,-0.2729886638307632,-0.003676179654102584
751,37.550000000000004,2,12.282271565103837,-0.12407730507356309,-0.16210340744111792,0.09560239206061488
751,37.550000000000004,3,11.97338556465861,-0.02156958685431201,0.7737676744661683,0.5036588446056735
751,37.550000000000004,4,11.852678674173925,0.2622412065920258,0.06556734466582044,0.002348768216181929
751,37.550000000000004,5,12.201691018569155,0.22478564776996576,-0.1865185013152957,-0.2233064721650914
752,37.6,0,11.957546719613752,-0.31840896523544193,0.020165970553631188,0.18517291215266532
752,37.6,1,11.682800392239152,-0.04422352628180136,0.2488767667525313,0.020948213875696703
752,37.6,2,12.27416639473178,-0.11929718547053234,0.14576802637300706,-0.08906868678295216
752,37.6,3,12.012073948381918,0.003613355375971662,-0.8382656972924465,-0.41001693998464284
752,37.6,4,11.855957041407216,0.2623586450028349,-0.032553201553479155,0.02593469865404862
752,37.6,5,12.19236509350339,0.2136203241617112,0.17884306167810415,0.2126602408380225
753,37.65,0,11.958555018141434,-0.30915031962780865,0.043576426625193794,-0.1469503795747079
753,37.65,1,11.695244230576778,-0.043176115588016525,-0.287697557576084,-0.019104952319232083
753,37.65,2,12.281454796050431,-0.12375061980967994,-0.19758569232455372,0.10427248346241791
753,37.65,3,11.970160663517296,-0.016887491623260482,0.8465494208047303,0.36811018961379144
753,37.65,4,11.854329381329542,0.26365537993553734,0.04671347747696446,0.04658992792692048
753,37.65,5,12.201307246587296,0.22425333620361232,-0.172439677370114,-0.21417012724484202
754,37.7,0,11.960733839472693,-0.316497838606544,0.00834246514889784,0.14376234896794804
754,37.7,1,11.680859352697974,-0.04413136320397813,0.2662909275264614,0.023386778512383133
754,37.7,2,12.271575511434204,-0.11853699563655905,0.1793482873880924,-0.10091876593412893
754,37.7,3,12.012488134557533,0.0015180178574290895,-0.8951780808073613,-0.2633120294006625
754,37.7,4,11.85666505520339,0.26598487633188334,-0.009043338391173458,-0.013778820528098625
754,37.7,5,12.19268526271879,0.21354482984137022,0.16649999248232655,0.20469919680341678
755,37.75,0,11.96115096273014,-0.3093097211581466,0.049417648564063,-0.09542842890078534
755,37.75,1,11.694173899074297,-0.042962024278358976,-0.2944726812921005,-0.03564319601732448
755,37.75,2,12.280542925803609,-0.1235829339332655,-0.22735227241524836,0.11152271994163364
755,37.75,3,11.967729230517165,-0.011647583612604036,0.8966846007319177,0.21962636032017172
755,37.75,4,11.856212888283832,0.2652959353054784,0.026712755999637596,0.09084202739104942
755,37.75,5,12.201010262342907,0.22377978968154105,-0.1528401901865235,-0.20022968580787462
756,37.800000000000004,0,11.963621845158343,-0.31408114260318587,-0.0032352653498050883,0.09635106231847994
756,37.800000000000004,1,11.679450265009692,-0.0447441840792252,0.2766275951036571,0.02599487963927729
756,37.800000000000004,2,12.269175312182846,-0.11800679793618382,0.20811306638683977,-0.10957096497582616
756,37.800000000000004,3,12.01256346055376,-0.0006662655965954493,-0.9270169569030489,-0.10588764153595094
756,37.800000000000004,4,11.857548526083814,0.26983803667503087,0.013086994335940181,-0.05428353564738401
756,37.800000000000004,5,12.193368252833581,0.21376830539114733,0.15098908250482224,0.19089804580693429
757,37.85,0,11.963460081890853,-0.30926358948726185,0.05177161284623217,-0.03961053358984305
757,37.85,1,11.693281644764875,-0.04344444009726134,-0.29214903045878277,-0.05240796214255576
757,37.85,2,12.279580965502188,-0.12348534618497513,-0.25067659663763975,0.1169349957391231
757,37.85,3,11.966212612708608,-0.005960647673392997,0.9213040603332503,0.062253547600973735
757,37.85,4,11.858202875800611,0.2671238598926617,0.005778132924664942,0.13358613348999848
757,37.85,5,12.200917706958823,0.22331320768149404,-0.12775536102289317,-0.18151612808633769
758,37.9,0,11.966048662533165,-0.311244116166754,-0.013888512657355932,0.0449376206613102
758,37.9,1,11.678674193241935,-0.04606483820438913,0.27888366309465323,0.02882291600689573
758,37.9,2,12.267047135670305,-0.11763859639801898,0.23181178552547854,-0.11769164661692644
758,37.9,3,12.01227781572527,-0.0028479702933443102,-0.9313767285767605,0.05603188344548877
758,37.9,4,11.858491782446844,0.27380316656716164,0.03389889495765817,-0.09455040116240607
758,37.9,5,12.194529938907678,0.21423740127717716,0.13106572080117096,0.1740459331222951
759,37.95,0,11.965354236900298,-0.3089972351336885,0.051259697161958856,0.017287249040289145
759,37.95,1,11.692618376396668,-0.04462369240404434,-0.2799933648382303,-0.06790106880655135
759,37.95,2,12.278637724946579,-0.1235231787288653,-0.2672702724175733,0.12039128388534345
759,37.95,3,11.965708979296432,-4.637612106987146e-05,0.9186049137396005,-0.09743468512817532
759,37.95,4,11.860186727194726,0.2690756465090413,-0.015701235252052102,0.17272065081650648
759,37.95,5,12.201083224947736,0.2229396979332919,-0.09808998404202145,-0.15903162042777322
760,38.0,0,11.967917221758396,-0.30813287268167405,-0.02304498511193056,-0.0075868186727600494
760,38.0,1,11.678618708154756,-0.04801874584437191,0.27235799639544844,0.03175586719011587
760,38.0,2,12.2652742113257,-0.11750361453459812,0.24855775193443438,-0.12079235395030438
760,38.0,3,12.011639224983412,-0.0049181103774786385,-0.9080048378443084,0.21476354947799292
760,38.0,4,11.859401665432124,0.27771167904986666,0.05253183066914072,-0.13288179126547342
760,38.0,5,12.196178725745634,0.21498811691190325,0.10810822882363286,0.15003670568476726
761,38.050000000000004,0,11.9667649725028,-0.30851221361531206,0.04891139649713199,0.07176050371383737
761,38.050000000000004,1,11.692236607974529,-0.04643095248486612,-0.25823545335244324,-0.08039983607114404
761,38.050000000000004,2,12.277702098922422,-0.12354323223211335,-0.27620392663874255,0.12103857139370584
761,38.050000000000004,3,11.966238983091197,0.005820067096421008,0.8887319678738204,-0.252311851966715
761,38.050000000000004,4,11.86202825696558,0.271067589486593,-0.03715097242119133,0.2061697412057794
761,38.050000000000004,5,12.201584137186815,0.22248995219614162,-0.0648204682550486,-0.13314858839388222
762,38.1,0,11.969210542327657,-0.3049241884296202,-0.030357023655770934,-0.05852574152864554
762,38.1,1,11.679324835306907,-0.05045094428842332,0.25665627864426105,0.03447950261475137
762,38.1,2,12.263891902590485,-0.11749130366242805,0.25856986932240944,-0.11899553659438634
762,38.1,3,12.010675581484888,-0.006795525501914743,-0.8591490596026492,0.3640901374730493
762,38.1,4,11.860170708344521,0.28137607654688196,0.06842190598553394,-0.16751401519666895
762,38.1,5,12.198343113774063,0.21583252277644752,0.0831052936380768,0.11997748224378361
763,38.15,0,11.967692691144869,-0.3078504755060525,0.045797669505186905,0.12151726036035969
763,38.15,1,11.692157649239121,-0.04872696915768575,-0.22810640069225604,-0.08856994098007166
763,38.15,2,12.276820396056605,-0.12344108049214736,-0.2779173420146026,0.118443664742609
763,38.15,3,11.967718128504755,0.011408981371737723,0.833923276083806,-0.3970897952502353
763,38.15,4,11.863591803643798,0.2730003757870485,-0.05810267237338107,0.2327900782293206
763,38.15,5,12.202498378455967,0.2218313968886367,-0.029536413742256733,-0.10483040684229461
764,38.2,0,11.969982574620127,-0.3017746124880345,-0.035718441178688845,-0.10595866578279184
764,38.2,1,11.680752329204509,-0.05315546620668933,0.23201170602212576,0.03656529991980439
764,38.2,2,12.262924528955875,-0.11751889725501691,0.2624810711048541,-0.11494902907337912
764,38.2,3,12.009414292308945,-0.008445508390774042,-0.7873708245129796,0.5008784370449586
764,38.2,4,11.86068667002513,0.2846398796985145,0.08153512305153923,-0.19728612345671043
764,38.2,5,12.201021557768854,0.21658987654652198,0.05620866646057322,0.08773485032009702
765,38.25,0,11.968196652561193,-0.3070725457771741,0.042658536020353605,0.16586865240708176
765,38.25,1,11.692352914505616,-0.051327201210699114,-0.19085891177307746,-0.09165150616920123
765,38.25,2,12.276048582511118,-0.12326634870868586,-0.27347861513957195,0.11271666846074167
765,38.25,3,11.970045751083296,0.01659841346147389,0.7567991971708008,-0.5289984104132757
765,38.25,4,11.864763426177706,0.274775573525679,-0.07840577513019285,0.2523869759706735
765,38.25,5,12.203831991091883,0.22097661906252683,0.006444714942166011,-0.07509934192374307
766,38.300000000000004,0,11.970329579362211,-0.29877911315682,-0.03919544066013643,-0.14880618200249796
766,38.300000000000004,1,11.682809968916962,-0.055909776519159175,0.19920071924501237,0.03754291629903266
766,38.300000000000004,2,12.26237465175414,-0.11763051528564877,0.2601893341541095,-0.10865958270766508
766,38.300000000000004,3,12.007885710941835,-0.009851507059189895,-0.6943026708218631,0.6235236978597405
766,38.300000000000004,4,11.860843137421197,0.28739492232421265,0.09217467417344301,-0.22163836672981987
766,38.300000000000004,5,12.204154226838991,0.2172216519663397,0.02768362073037811,0.054060853189604005
767,38.35,0,11.968369807329204,-0.3062194222569449,0.03985956040644902,0.20473211969998892
767,38.35,1,11.692770004879213,-0.054032630704207545,-0.1473822015660582,-0.08927064594674505
767,38.35,2,12.275384118461846,-0.12306349442103202,-0.2631383765283669,0.10368430582477732
767,38.35,3,11.973170577400742,0.021324677833797132,0.6589074723457319,-0.6465755981429873
767,38.35,4,11.865451871129869,0.2763130039877217,-0.09798718546317194,0.2648857674886529
767,38.35,5,12.20553840787551,0.2199246946258199,0.04271383445260472,-0.04416253143949371
768,38.400000000000006,0,11.970362785349526,-0.29598281627194545,-0.040923404732020004,-0.18667048323352742
768,38.400000000000006,1,11.68540089480091,-0.058496163001544796,0.15907719009071492,0.03694301688869528
768,38.400000000000006,2,12.262227199635428,-0.11787927912979315,0.25158680841643416,-0.0998336360533785
768,38.400000000000006,3,12.006115951018028,-0.011004102073352232,-0.5807777593291125,0.7303649023747958
768,38.400000000000006,4,11.86055251185671,0.28955729236215433,0.10069138887389342,-0.24018289240476437
768,38.400000000000006,5,12.20767409959814,0.2177165680538452,-0.0022516236428916595,0.019207842413791854
769,38.45,0,11.968316615112924,-0.3053163404336218,0.03748818250371627,0.23792844635694316
769,38.45,1,11.693354754305446,-0.05664901215711003,-0.09853395405711508,-0.08137812732448631
769,38.45,2,12.274806540056248,-0.12287096093246208,-0.246597430507175,0.0909326962508175
769,38.45,3,11.977077063051572,0.02551414304538756,0.5411093360325891,-0.7479040069753521
769,38.45,4,11.865587081300404,0.2775481477419161,-0.11650834187943813,0.2698379325067205
769,38.45,5,12.207561518415996,0.2186769601745348,0.07900874346385633,-0.01197337306798737
770,38.5,0,11.97019102423811,-0.29341991811577467,-0.04101935174281711,-0.21923181395227423
770,38.5,1,11.68842805660259,-0.060717918523334344,0.11264708573873751,0.0343781990957484
770,38.5,2,12.26247666853089,-0.1183243261199212,0.2366495728662905,-0.09014377019371936
770,38.5,3,12.004132529853202,-0.011881057303380047,-0.44800482903759636,0.8184690337676658
770,38.5,4,11.859761664206433,0.2910400443672521,0.10723618447363628,-0.252309851148946
770,38.5,5,12.21151195558919,0.21807829152113545,-0.033632095747928914,-0.01445908718994187
771,38.550000000000004,0,11.968140056650968,-0.3043815088133884,0.035429890312887104,0.2648649862577465
771,38.550000000000004,1,11.694060410889525,-0.05899900856854692,-0.04568178133200246,-0.06840904375179711
771,38.550000000000004,2,12.274309147174206,-0.12283151462960717,-0.22383375347783688,0.07443211631359578
771,38.550000000000004,3,11.981732288401322,0.029042394385003247,0.4054544893557616,-0.8295145385156332
771,38.550000000000004,4,11.865123473430115,0.2784245518098048,-0.1330731164565499,0.2664053192796513
771,38.550000000000004,5,12.209830350801793,0.21735533716163835,0.11422637392413987,0.02093470617333926
772,38.6,0,11.969911551166613,-0.29113825950050104,-0.04009017084539163,-0.2460583783206161
772,38.6,1,11.691776321822925,-0.06241946075613678,0.06169391002107181,0.029686883568650083
772,38.6,2,12.263117459500315,-0.11910990881392738,0.2154124379280391,-0.07829198743217501
772,38.6,3,12.002005012869109,-0.012433332540778417,-0.30000010206685235,0.8834947775147158
772,38.6,4,11.858469817607288,0.29174481777378736,0.11165516941149756,-0.2571159337807429
772,38.6,5,12.215541669498,0.21840207247030533,-0.06567740307502143,-0.04736051349786596
773,38.650000000000006,0,11.967907042624343,-0.30344117841653184,0.03349175865955827,0.2846485229550312
773,38.650000000000006,1,11.694861017323978,-0.06093511657770428,0.008633097190459167,-0.05161344484994189
773,38.650000000000006,2,12.273888081396716,-0.12302450818553613,-0.19518093946185605,0.05434635239154243
773,38.650000000000006,3,11.987005007765767,0.03174140633495738,0.2563721247553399,-0.8872537850866236
773,38.650000000000006,4,11.864052576077864,0.2788890210847502,-0.1461547689733187,0.2539849281580662
773,38.650000000000006,5,12.212257799344249,0.21603404679541202,0.14672400153655346,0.0537552914266867
774,38.7,0,11.969581630557322,-0.2892087522687803,-0.04084424202942683,-0.2676792212496424
774,38.7,1,11.695292672183502,-0.06351578882020137,0.008730683546259521,0.023022178732397924
774,38.7,2,12.264129034423624,-0.12030719056595901,0.19071236402850814,-0.06301798240580811
774,38.7,3,11.999823614003533,-0.012621282919373797,-0.14316023562532643,0.92203323910331
774,38.7,4,11.856744837629197,0.29158826749265354,0.11360796046806174,-0.2536921859694995
774,38.7,5,12.219593999421077,0.21872181136674634,-0.09714266714558359,-0.07815528687027286
775,38.75,0,11.96753941845585,-0.3025927133312624,0.03167344740261611,0.2973152961261621
775,38.75,1,11.695729206360815,-0.06236467988358147,0.06138744991608876,-0.032877578396889574
775,38.75,2,12.27366465262505,-0.12345808968624941,-0.16243826177727688,0.03162600135756533
775,38.75,3,11.992665602222267,0.03348037903579171,0.10070052671189703,-0.9183808763261322
775,38.75,4,11.8624252356526,0.27890365819417856,-0.1541011159310992,0.23290852834568887
775,38.75,5,12.214736866063799,0.2148140470232327,0.17455010886936856,0.08532377418424086
776,38.800000000000004,0,11.969123090825981,-0.28772694852495434,-0.03623974437209676,-0.2794003594033098
776,38.800000000000004,1,11.69879857885662,-0.06400855880342594,-0.04312505231449369,0.01489666477293218
776,38.800000000000004,2,12.265542739536185,-0.12187678961837115,0.15593544629392816,-0.04891966559115498
776,38.800000000000004,3,11.997700628557862,-0.012438664780514905,0.015002001253619831,0.9329501228609968
776,38.800000000000004,4,11.854720179856045,0.290549084611463,0.11278239282020602,-0.2417607609091458
776,38.800000000000004,5,12.223464371507268,0.21908023573244476,-0.12660054602650064,-0.10561934766682873
777,38.85,0,11.967311103607376,-0.30169696649511984,0.02908947371170432,0.3013568702264045
777,38.85,1,11.696642326240895,-0.06326372556477934,0.10995526481785438,-0.014218728234328527
777,38.85,2,12.273339511850882,-0.1243227728979289,-0.12566729902683313,0.007030618117305442
777,38.85,3,11.998450728620544,0.034208841362534936,-0.05532462145579795,-0.9220938346060904
777,38.85,4,11.860359299497055,0.27846104656600573,-0.1556433070806734,0.20443080284449847
777,38.85,5,12.217134344205942,0.21379926834910332,0.19630003484486663,0.11458713572301191
778,38.900000000000006,0,11.968765577292961,-0.2866291229837996,-0.03132242794106113,-0.28479657594002883
778,38.900000000000006,1,11.702140089481787,-0.06397466197649576,-0.09183486827532812,0.005762527057988365
778,38.900000000000006,2,12.26705614689954,-0.12397124199206362,0.1181058910388249,-0.03368030211395467
778,38.900000000000006,3,11.995684497547753,-0.011895850367769585,0.16966225986652053,0.9176045600295805
778,38.900000000000006,4,11.852577134143022,0.28868258670823066,0.10871887412148631,-0.22121930836987888
778,38.900000000000006,5,12.226949345948185,0.21952862513525392,-0.15268184749306288,-0.12903966157739163
779,38.95,0,11.967199455895908,-0.30086895178080103,0.02550954830677737,0.2983013175304978
779,38.95,1,11.697548346068022,-0.06368653562359634,0.15347634711349847,0.003132967052453765
779,38.95,2,12.27296144145148,-0.12565525709776135,-0.08695405452316969,-0.018078779394284226
779,38.95,3,12.00416761054108,0.03398437763370944,-0.20714955200657018,-0.8999430005942434
779,38.95,4,11.858013077849096,0.2776216212897367,-0.15028079166301944,0.17018644682458778
779,38.95,5,12.219315253573532,0.21307664205638435,0.21158590640521333,0.14113295360131714
780,39.0,0,11.968474933311247,-0.2859538859042761,-0.026138793610937617,-0.2835836185464388
780,39.0,1,11.705222163423697,-0.06352988727097365,-0.13591739453298282,-0.0039112737290820125
780,39.0,2,12.268613738725321,-0.12655919606747557,0.07805479644317909,-0.017326734385787607
780,39.0,3,11.993810132940752,-0.011012772396002728,0.31814012067011743,0.8772893716898366
780,39.0,4,11.850499038265944,0.2861309436309661,0.10119008553280201,-0.1928365671803966
780,39.0,5,12.229894548893792,0.22013328973645022,-0.1745963396256765,-0.14835470254753527
781,39.050000000000004,0,11.967167993630701,-0.30013306683159807,0.020700370404941795,0.2886225243005557
781,39.050000000000004,1,11.698426293697048,-0.06372545095742775,0.19185593614246577,0.018599603212228467
781,39.050000000000004,2,12.27251647854748,-0.12742553278676494,-0.04693527050940279,-0.043199346931151884
781,39.050000000000004,3,12.009717138974258,0.032851696188489106,-0.3524444907695605,-0.8533035954393107
781,39.050000000000004,4,11.855558542542584,0.27648911527194625,-0.13782107676186278,0.1313028623308105
781,39.050000000000004,5,12.22116473191251,0.21271555460907346,0.22038173117465024,0.1648809202654818
782,39.1,0,11.968203012150948,-0.2857019406165703,-0.020627750749865493,-0.2757150021241612
782,39.1,1,11.708019090504171,-0.06279547079681633,-0.17483396051192865,-0.0138236658861307
782,39.1,2,12.27016971502201,-0.12958550013332254,0.036381646811732886,9.028244644206714e-05
782,39.1,3,11.99209491443578,-0.009813483583476432,0.45875242650958925,0.8126086100286076
782,39.1,4,11.848667488704491,0.2830542583884868,0.08999593367606791,-0.15755146552381213
782,39.1,5,12.232183818471242,0.22095960062234754,-0.19184775018937075,-0.16379388958894256
783,39.150000000000006,0,11.967171624613455,-0.29948769072277837,0.014388325338839566,0.27213742118309503
783,39.150000000000006,1,11.699277392478574,-0.06348665409112286,0.22509172183450804,0.031974505114416484
783,39.150000000000006,2,12.271988797362598,-0.12958098601100043,-0.0056889062731377985,-0.06810389180587993
783,39.150000000000006,3,12.015032535761259,0.030816946917953954,-0.4894300803734904,-0.7826900012964296
783,39.150000000000006,4,11.853167285388293,0.2751766851122962,-0.11832132170718088,0.08860900624559144
783,39.150000000000006,5,12.222591430961774,0.21276990614290042,0.2224996867560885,0.18558347230837233
784,39.2,0,11.967891040880398,-0.2858808196636236,-0.015378550320078503,-0.2612849306112834
784,39.2,1,11.7105319785703,-0.06188792883540204,-0.20834316116981463,-0.02376073290486425
784,39.2,2,12.27170435204894,-0.13298618060129444,-0.0057790222877219235,0.018862701225970845
784,39.2,3,11.990561031742585,-0.00831755314686753,0.5890345908414736,0.7236681402498295
784,39.2,4,11.847251219302935,0.27960713542457577,0.0749986865609357,-0.1163583619298197
784,39.2,5,12.233716415299579,0.22204907975831903,-0.2039002045205753,-0.17545658025603278
785,39.25,0,11.967122113364393,-0.29894506619418776,0.006389163878508716,0.24852747302126138
785,39.25,1,11.700114820511809,-0.06307596548064526,0.25278372885981926,0.04316279658898088
785,39.25,2,12.271415400934554,-0.1320430455399959,0.036392519176246814,-0.09224135036503595
785,39.25,3,12.020012761284658,0.027865853865623944,-0.6150761204916134,-0.6884791619655254
785,39.25,4,11.851001153630982,0.2737892173280848,-0.09229471892772446,0.04307632915123626
785,39.25,5,12.22352140507355,0.2132762507455174,0.21746223210486645,0.20242786897424633
786,39.300000000000004,0,11.967441571558318,-0.2865186925431247,-0.010854605869754617,-0.24017943916538773
786,39.300000000000004,1,11.7127540069548,-0.06091782565119622,-0.23600396502046225,-0.03344505881569173
786,39.300000000000004,2,12.273235026893367,-0.1366551130582477,-0.04729981473046998,0.03897398136402901
786,39.300000000000004,3,11.989258955260077,-0.00655810423265233,0.7045362542234139,0.6117149521519315
786,39.300000000000004,4,11.846386417684595,0.2759430337856466,0.056352672706059155,-0.07064880520933287
786,39.300000000000004,5,12.234394516678792,0.22339764419422972,-0.21000495126545313,-0.18308024168111703
787,39.35,0,11.96689884126483,-0.29852766450139406,-0.003275120538086586,0.21787551371996594
787,39.35,1,11.700953808703776,-0.0625900785919808,0.27404529464594884,0.052079789208814654
787,39.35,2,12.270870036156843,-0.13470641399004626,0.07819641591776667,-0.11444781049884278
787,39.35,3,12.024485767971248,0.024027643374944247,-0.724520188727203,-0.5725372708724245
787,39.35,4,11.849204051319898,0.27241059352518,-0.06117497210265354,-0.003662464300153287
787,39.35,5,12.223894269115519,0.21424363211017386,0.20488841204562416,0.21395147770834722
788,39.400000000000006,0,11.966735085237927,-0.28763388881539576,-0.004185523181824344,-0.2143919399037155
788,39.400000000000006,1,11.714656073436073,-0.05998608913154007,-0.2594916020133881,-0.04023717490225387
788,39.400000000000006,2,12.274779856952732,-0.1404288045149884,-0.08740450159649257,0.05956346589051574
788,39.400000000000006,3,11.988259758534888,-0.004599220168676976,0.7997022814424962,0.480720096270888
788,39.400000000000006,4,11.846145302714765,0.2722274703101723,0.034734447501478395,-0.022513874728491003
788,39.400000000000006,5,12.2341386897178,0.22494120599559123,-0.20932165394900604,-0.18609696874366433
789,39.45,0,11.966525809078835,-0.2983534858105815,-0.014417518301438342,0.18176238290226893
789,39.45,1,11.701681493335403,-0.06199794787665276,0.2887284858191017,0.05866627674656197
789,39.45,2,12.270409631872907,-0.1374506312204626,0.11812858930181587,-0.13322072370925284
789,39.45,3,12.028244872607013,0.019436784644867425,-0.81255095095926,-0.4395043856722128
789,39.45,4,11.84788202508984,0.27110177657374773,-0.02743317076379486,-0.04932660129287569
789,39.45,5,12.223672607020351,0.21563635755840802,0.1851731345640504,0.21853354429634783
790,39.5,0,11.965804933163763,-0.2892653666654681,-4.2746492679952296e-05,-0.18038179931854195
790,39.5,1,11.716117917626358,-0.059064634039324666,-0.2735523565239297,-0.04772917613053437
790,39.5,2,12.276316061337997,-0.14411166740592526,-0.12441409954520816,0.07973032521265361
790,39.5,3,11.98761732505905,-0.0025384346387432137,0.8700742636765768,0.3369996877281545
790,39.5,4,11.84651036655165,0.2686354465091039,0.011433858185779801,0.025300170484246008
790,39.5,5,12.232931263748554,0.2265630347732254,-0.20142745218272906,-0.1840377212847896
791,39.550000000000004,0,11.96580279583913,-0.2982844566313952,-0.0264218072029464,0.14082193008386967
791,39.550000000000004,1,11.70244029980016,-0.06145109284585139,0.29534115058337584,0.06311662649842772
791,39.550000000000004,2,12.270095356360738,-0.1401251511452926,0.15454792746308316,-0.14727021937493887
791,39.550000000000004,3,12.03112103824288,0.01431154974766451,-0.875388552961981,-0.29524482973703514
791,39.550000000000004,4,11.84708205946094,0.2699004550333162,0.006050603103090754,-0.09171915543257551
791,39.550000000000004,5,12.222859891139418,0.21736114870898593,0.15960031288986343,0.2149889816875936
792,39.6,0,11.964481705478983,-0.2912433601272017,0.00277103193855087,-0.14100494002244854
792,39.6,1,11.717207357329329,-0.05829526152093,-0.2798994209952423,-0.054820644158051476
792,39.6,2,12.277822752733892,-0.14748866211403952,-0.15690881222211256,0.09835931485277495
792,39.6,3,11.98735161059478,-0.00045069173918724746,0.9142619411709043,0.18667466455734652
792,39.6,4,11.847384589616095,0.26531449726168743,-0.01231200603129571,0.07053267868077108
792,39.6,5,12.230839906783912,0.22811059779336562,-0.1862097374098197,-0.17640568821380062
793,39.650000000000006,0,11.96462025707591,-0.29829360712832415,-0.03856368180600031,0.09702171890927615
793,39.650000000000006,1,11.703212386279567,-0.061036293728832576,0.2943722010589605,0.0660762374275097
793,39.650000000000006,2,12.269977312122785,-0.14257069637140077,0.1865264934050896,-0.15603903974760647
793,39.650000000000006,3,12.033064707653326,0.008883041488680079,-0.9121128719541703,-0.14524066437990957
793,39.650000000000006,4,11.84676898931453,0.268841131195726,0.03723616358008775,-0.1297861668316004
793,39.650000000000006,5,12.22152941991342,0.2192903133826756,0.12996059341515667,0.20305740049753282
794,39.7,0,11.962692072985611,-0.29344252118286035,0.0058771376661955485,-0.09884864288952003
794,39.7,1,11.717930996332516,-0.057732481857457094,-0.2799509151414881,-0.060169734889037256
794,39.7,2,12.27930363679304,-0.15037264835878109,-0.18428261984277441,0.11457132581905424
794,39.7,3,11.987459064055617,0.0016210082696845995,0.9325874341098526,0.03352405076489603
794,39.7,4,11.848630797493534,0.262351822854146,-0.03549024618679581,0.11162908875342831
794,39.7,5,12.228027449584177,0.22944318340755224,-0.16420022891667596,-0.16304826768640376
795,39.75,0,11.962985929868921,-0.29838495332733633,-0.05041578465091323,0.05175579221748912
795,39.75,1,11.703933450575441,-0.06074096860190896,0.28662911527043383,0.06803877761560162
795,39.75,2,12.270089505800902,-0.14464408206782836,0.21388051727319368,-0.15948480496690107
795,39.75,3,12.03408843576111,0.003297210807929401,-0.9232968367438421,0.007006521062656412
795,39.75,4,11.846856285184195,0.26793327729181743,0.06522649932616831,-0.1634636689160633
795,39.75,5,12.219817438138342,0.22129077002323205,0.0976403655177025,0.18286574853053816
796,39.800000000000004,0,11.960465140636375,-0.29579716371646186,0.00948692200861839,-0.054648871829988246
796,39.800000000000004,1,11.718264906338963,-0.05733902972112888,-0.2736506218860937,-0.06373284131597753
796,39.800000000000004,2,12.280783531664563,-0.15261832231617342,-0.20650121889786419,0.12775920074141406
796,39.800000000000004,3,11.987923593923917,0.0036475368610622214,0.9253916095663779,-0.12034636545874375
796,39.800000000000004,4,11.850117610150503,0.2597600938460143,-0.057474343477153654,0.14785662101527228
796,39.800000000000004,5,12.224699456414228,0.23043405744975895,-0.13632024669462253,-0.14404386858188167
797,39.85,0,11.960939486736805,-0.2985296073079613,-0.06177837353683952,0.0053533424237020115
797,39.85,1,11.704582375244659,-0.060525671786927755,0.2721343141954338,0.06927104322489135
797,39.85,2,12.270458470719669,-0.14623036227910272,0.23648094378356652,-0.15757441539132755
797,39.85,3,12.034193174402235,-0.002369781411874966,-0.90925799653523,0.15950925956713513
797,39.85,4,11.847243892976646,0.2671529248967779,0.0897224717973395,-0.1928935505804998
797,39.85,5,12.217883444079497,0.22323186402066486,0.06353357922861841,0.15464230031539572
798,39.900000000000006,0,11.957850568059964,-0.2982619401867762,0.01367915935962513,-0.008832289221421605
798,39.900000000000006,1,11.71818909095443,-0.05706211962568319,-0.2608233002525914,-0.06556770990065587
798,39.900000000000006,2,12.282282517908847,-0.1541090830486691,-0.22360606450750886,0.13740345962199832
798,39.900000000000006,3,11.988730274575474,0.0056056815664817915,0.8922871148764874,-0.2730315879485348
798,39.900000000000006,4,11.851730016566513,0.2575082473677529,-0.07794391794662085,0.17900176155876993
798,39.900000000000006,5,12.221060123040928,0.23096397903643465,-0.10353820453735241,-0.11951588191741595
799,39.95,0,11.958534526027945,-0.2987035546478473,-0.07238399625837223,-0.04200749754857362
799,39.95,1,11.705147925941802,-0.06034050512071598,0.2504050994257199,0.06991662878024653
799,39.95,2,12.271102214683472,-0.1472389100675692,0.25371302156567477,-0.15012493683557793
799,39.95,3,12.033344630319299,-0.00804589783094495,-0.8695125708242909,0.31005454593421494
799,39.95,4,11.847832820669183,0.2664583354456914,0.11054546865913467,-0.2179294393727403
799,39.95,5,12.215883212814061,0.22498818494056386,0.028364726809343422,0.11890185589822289
800,40.0,0,11.954915326215026,-0.300803929525276,0.019668780536801007,0.03684796307036593
800,40.0,1,11.717668180913087,-0.05684467368170366,-0.2422510677317824,-0.06445537495806641
800,40.0,2,12.283787865761756,-0.1547451569093481,-0.23531210227612492,0.14290904994844622
800,40.0,3,11.989869001778084,0.007456829465765797,0.8326061165226057,-0.4211417700961148
800,40.0,4,11.85336009410214,0.2555618634770544,-0.09659838933761873,0.20484686182464118
800,40.0,5,12.217301449154528,0.230933277735475,-0.06693559392782876,-0.08978728959293707
