step,time,target_x,target_y,pred_target_x,pred_target_y
0,0.0,8.5,-0.2,8.612,-0.2
1,0.05,8.507999995916668,-0.19999300000178644,8.619999824416713,-0.19979700010182808
2,0.1,8.515999967333354,-0.19997200002858326,8.627999281334054,-0.1995800008289161
3,0.15000000000000002,8.523999889750153,-0.19993700014470275,8.635998346253698,-0.19934900284582402
4,0.2,8.531999738667308,-0.1998880004573328,8.643996994678512,-0.19910400685998378
5,0.25,8.539999489585288,-0.19982500111653345,8.651995202112643,-0.1988450136216939
6,0.30000000000000004,8.547999118004862,-0.1997480023152414,8.659992944061585,-0.19857202392412227
7,0.35000000000000003,8.555998599427175,-0.19965700428926497,8.667990196032262,-0.19828503860329919
8,0.4,8.563997909353821,-0.19955200731728565,8.675986933533094,-0.197984058538117
9,0.45,8.57199702328692,-0.19943301172085648,8.683983132074081,-0.19766908465032693
10,0.5,8.579995916729192,-0.19930001786440113,8.69197876716687,-0.19734011790453593
11,0.55,8.587994565184031,-0.19915302615521335,8.699973814324833,-0.19699715930820458
12,0.6000000000000001,8.595992944155583,-0.1989920370434555,8.707968249063148,-0.19664020991164372
13,0.65,8.603991029148819,-0.19881705102215638,8.715962046898863,-0.19626927080801032
14,0.7000000000000001,8.611988795669609,-0.1986280686272104,8.723955183350975,-0.195884343133305
15,0.75,8.6199862192248,-0.19842509043737594,8.731947633940514,-0.19548542806636834
16,0.8,8.627983275322288,-0.19820811707427383,8.739939374190607,-0.19507252682887777
17,0.8500000000000001,8.635979939471095,-0.19797714920238485,8.747930379626554,-0.194645640685343
18,0.9,8.643976187181444,-0.19773218752904723,8.755920625775905,-0.19420477094310185
19,0.9500000000000001,8.651971993964832,-0.19747323280445703,8.763910088168542,-0.19374991895231863
20,1.0,8.659967335334109,-0.19720028582166216,8.77189874233674,-0.1932810861059765
21,1.05,8.667962186803544,-0.19691334741656236,8.77988656381525,-0.19279827383987552
22,1.1,8.675956523888916,-0.19661241846790714,8.787873528141379,-0.19230148363262872
23,1.1500000000000001,8.683950322107568,-0.19629749989729026,8.795859610855052,-0.19179071700565484
24,1.2000000000000002,8.691943556978504,-0.19596859266915012,8.803844787498898,-0.19126597552317676
25,1.25,8.699936204022448,-0.19562569779076477,8.811829033618322,-0.19072726079221483
26,1.3,8.707928238761921,-0.19526881631224943,8.819812324761571,-0.19017457446258237
27,1.35,8.715919636721326,-0.1948979493265528,8.827794636479826,-0.1896079182268803
28,1.4000000000000001,8.723910373427014,-0.1945130979694561,8.835775944327265,-0.18902729382049427
29,1.4500000000000002,8.731900424407357,-0.194114263419565,8.843756223861137,-0.18843270302158477
30,1.5,8.739889765192832,-0.1937014468983106,8.85173545064184,-0.18782414765108624
31,1.55,8.747878371316087,-0.1932746496699428,8.859713600233,-0.18720162957269865
32,1.6,8.755866218312025,-0.1928338730415288,8.867690648201544,-0.18656515069288418
33,1.6500000000000001,8.76385328171787,-0.19237911836294505,8.875666570117762,-0.18591471296085726
34,1.7000000000000002,8.771839537073244,-0.1919103870268786,8.883641341555403,-0.1852503183685841
35,1.75,8.77982495992025,-0.19142768046881867,8.891614938091736,-0.18457196895077255
36,1.8,8.787809525803533,-0.19093100016705347,8.899587335307626,-0.1838796667848669
37,1.85,8.79579321027037,-0.19042034764266622,8.907558508787615,-0.18317341399104214
38,1.9000000000000001,8.803775988870731,-0.18989572445952946,8.91552843411999,-0.18245321273219653
39,1.9500000000000002,8.811757837157364,-0.18935713222430164,8.923497086896859,-0.18171906521394623
40,2.0,8.819738730685865,-0.18880457258642097,8.931464442714232,-0.1809709736846173
41,2.0500000000000003,8.827718645014752,-0.18823804723810075,8.939430477172085,-0.18020894043523936
42,2.1,8.835697555705543,-0.18765755791432498,8.947395165874445,-0.17943296779953916
43,2.15,8.843675438322835,-0.1870631063928411,8.95535848442946,-0.17864305815393164
44,2.2,8.851652268434364,-0.18645469449415658,8.963320408449471,-0.17783921391751464
45,2.25,8.859628021611098,-0.1858323240815327,8.971280913551094,-0.1770214375520608
46,2.3000000000000003,8.867602673427294,-0.18519599706097847,8.979239975355288,-0.17618973156200973
47,2.35,8.875576199460593,-0.1845457153812442,8.987197569487433,-0.1753440984944597
48,2.4000000000000004,8.883548575292073,-0.1838814810338172,8.995153671577402,-0.17448454093916144
49,2.45,8.89151977650634,-0.18320329605291538,9.003108257259637,-0.17361106152851005
50,2.5,8.8994897786916,-0.182511162515479,9.011061302173228,-0.17272366293753483
51,2.5500000000000003,8.907458557439723,-0.18180508254116615,9.019012781961981,-0.17182234788389295
52,2.6,8.915426088346331,-0.18108505829234717,9.026962672274493,-0.17090711912786205
53,2.6500000000000004,8.923392347010871,-0.18035109197409555,9.034910948764237,-0.1699779794723292
54,2.7,8.931357309036677,-0.17960318583418222,9.042857587089614,-0.1690349317627836
55,2.75,8.939320950031062,-0.17884134216306913,9.050802562914058,-0.16807797888730808
56,2.8000000000000003,8.947283245605382,-0.17806556329390152,9.058745851906082,-0.16710712377656967
57,2.85,8.955244171375112,-0.17727585160250287,9.066687429739373,-0.16612236940381264
58,2.9000000000000004,8.963203702959921,-0.1764722095073637,9.074627272092853,-0.16512371878484564
59,2.95,8.971161815983752,-0.17565463946963708,9.082565354650757,-0.16411117497803512
60,3.0,8.979118486074892,-0.17482314399313098,9.090501653102724,-0.16308474108429613
61,3.0500000000000003,8.98707368886604,-0.1739777256243001,9.098436143143836,-0.1620444202470821
62,3.1,8.995027399994399,-0.17311838695223686,9.106368800474728,-0.1609902156523741
63,3.1500000000000004,9.002979595101731,-0.17224513060866514,9.114299600801644,-0.15992213052867274
64,3.2,9.010930249834447,-0.17135795926793276,9.122228519836511,-0.1588401681469888
65,3.25,9.018879339843672,-0.17045687564700043,9.130155533297023,-0.15774433182083047
66,3.3000000000000003,9.026826840785324,-0.1695418825054359,9.138080616906707,-0.15663462490619548
67,3.35,9.034772728320187,-0.16861298264540556,9.146003746395,-0.15551105080156097
68,3.4000000000000004,9.042716978113988,-0.1676701789116642,9.153924897497324,-0.15437361294787147
69,3.45,9.050659565837469,-0.1667134741915479,9.161844045955162,-0.1532223148285299
70,3.5,9.058600467166459,-0.16574287141496336,9.169761167516125,-0.15205715996938513
71,3.5500000000000003,9.066539657781954,-0.1647583735543814,9.177676237934037,-0.1508781519387235
72,3.6,9.074477113370191,-0.16375998362482613,9.185589232968999,-0.14968529434725644
73,3.6500000000000004,9.082412809622717,-0.16274770468386504,9.193500128387472,-0.14847859084810847
74,3.7,9.090346722236468,-0.16172153983160262,9.201408899962342,-0.14725804513680912
75,3.75,9.098278826913845,-0.1606814922106669,9.209315523473006,-0.14602366095127772
76,3.8000000000000003,9.106209099362781,-0.15962756500620423,9.217219974705433,-0.14477544207181609
77,3.85,9.114137515296825,-0.15855976144586464,9.225122229452248,-0.14351339232109245
78,3.9000000000000004,9.122064050435208,-0.1574780847997962,9.233022263512803,-0.1422375155641336
79,3.95,9.129988680502922,-0.1563825383806324,9.240920052693248,-0.1409478157083108
80,4.0,9.137911381230795,-0.155273125543484,9.248815572806611,-0.1396442967033295
81,4.05,9.145832128355561,-0.1541498496859267,9.256708799672866,-0.13832696254121543
82,4.1000000000000005,9.15375089761994,-0.15301271424799187,9.264599709119016,-0.13699581725630333
83,4.15,9.161667664772706,-0.15186172271215548,9.272488276979153,-0.1356508649252242
84,4.2,9.169582405568764,-0.15069687860332867,9.280374479094545,-0.13429210966689395
85,4.25,9.17749509576923,-0.14951818548884555,9.288258291313706,-0.1329195556424994
86,4.3,9.185405711141494,-0.14832564697845307,9.296139689492465,-0.1315332070554865
87,4.3500000000000005,9.193314227459302,-0.14711926672429926,9.304018649494047,-0.13013306815154635
88,4.4,9.201220620502832,-0.1458990484209221,9.311895147189144,-0.12871914321860273
89,4.45,9.20912486605876,-0.14466499580524045,9.319769158455989,-0.12729143658680084
90,4.5,9.21702693992034,-0.14341711265653825,9.327640659180425,-0.12584995262848994
91,4.55,9.224926817887475,-0.14215540279645794,9.335509625255987,-0.1243946957582148
92,4.6000000000000005,9.232824475766797,-0.14087987008898367,9.343376032583977,-0.12292567043269712
93,4.65,9.240719889371737,-0.13959051844043427,9.351239857073528,-0.12144288115082671
94,4.7,9.248613034522593,-0.13828735179944748,9.35910107464168,-0.11994633245364394
95,4.75,9.256503887046616,-0.13697037415697083,9.366959661213462,-0.11843602892432872
96,4.800000000000001,9.264392422778077,-0.13563958954624686,9.37481559272196,-0.11691197518818397
97,4.8500000000000005,9.27227861755834,-0.13429500204280254,9.38266884510839,-0.11537417591262321
98,4.9,9.280162447235941,-0.13293661576443605,9.39051939432217,-0.1138226358071555
99,4.95,9.288043887666657,-0.13156443487120456,9.398367216321,-0.1122573596233715
100,5.0,9.295922914713582,-0.13017846356541007,9.406212287070934,-0.11067835215492733
101,5.050000000000001,9.303799504247204,-0.12877870609158973,9.414054582546447,-0.10908561823753325
102,5.1000000000000005,9.311673632145471,-0.12736516673649917,9.421894078730515,-0.10747916274893514
103,5.15,9.319545274293874,-0.12593784982910167,9.429730751614688,-0.10585899060890175
104,5.2,9.327414406585516,-0.12449675974055371,9.43756457719916,-0.10422510677920857
105,5.25,9.335281004921184,-0.12304190088419348,9.445395531492846,-0.10257751626362446
106,5.300000000000001,9.343145045209427,-0.1215732777155239,9.453223590513458,-0.10091622410789292
107,5.3500000000000005,9.351006503366628,-0.12009089473220334,9.461048730287567,-0.09924123539972093
108,5.4,9.358865355317079,-0.1185947564740284,9.468870926850693,-0.09755255526875996
109,5.45,9.36672157699305,-0.1170848675229207,9.476690156247363,-0.09585018888659098
110,5.5,9.374575144334868,-0.11556123250291425,9.48450639453119,-0.09413414146670998
111,5.550000000000001,9.38242603329099,-0.11402385608014064,9.492319617764954,-0.09240441826451136
112,5.6000000000000005,9.390274219818076,-0.11247274296281286,9.500129802020666,-0.09066102457726999
113,5.65,9.39811967988106,-0.11090789790121464,9.507936923379638,-0.08890396574412869
114,5.7,9.405962389453224,-0.10932932568768268,9.515740957932572,-0.08713324714607867
115,5.75,9.41380232451628,-0.10773703115659239,9.523541881779616,-0.08534887420594353
116,5.800000000000001,9.421639461060431,-0.10613101918434478,9.531339671030448,-0.08355085238836422
117,5.8500000000000005,9.429473775084453,-0.1045112946893512,9.539134301804342,-0.08173918719978211
118,5.9,9.437305242595764,-0.10287786263201551,9.54692575023025,-0.07991388418841927
119,5.95,9.445133839610504,-0.10123072801472252,9.554713992446866,-0.07807494894426517
120,6.0,9.452959542153598,-0.09956989588182069,9.562499004602703,-0.07622238709905754
121,6.050000000000001,9.460782326258839,-0.09789537131960681,9.57028076285617,-0.07435620432626525
122,6.1000000000000005,9.468602167968957,-0.09620715945631196,9.578059243375636,-0.07247640634107251
123,6.15,9.476419043335692,-0.0945052654620826,9.585834422339513,-0.07058299890035813
124,6.2,9.484232928419871,-0.09278969454896845,9.59360627593632,-0.06867598780268161
125,6.25,9.492043799291475,-0.09106045197090418,9.601374780364761,-0.06675537888826304
126,6.300000000000001,9.499851632029719,-0.08931754302369321,9.609139911833799,-0.06482117803896509
127,6.3500000000000005,9.507656402723121,-0.08756097304499298,9.616901646562724,-0.06287339117827649
128,6.4,9.515458087469579,-0.08579074741429818,9.62465996078123,-0.06091202427129349
129,6.45,9.523256662376436,-0.08400687155292297,9.632414830729482,-0.05893708332470027
130,6.5,9.531052103560565,-0.08220935092398585,9.640166232658203,-0.056948574386751986
131,6.550000000000001,9.538844387148433,-0.08039819103239228,9.647914142828727,-0.05494650354725565
132,6.6000000000000005,9.546633489276177,-0.07857339742481803,9.655658537513085,-0.052930876937551684
133,6.65,9.554419386089679,-0.07673497568969238,9.663399392994076,-0.050901700730495256
134,6.7,9.562202053744635,-0.07488293145718036,9.671136685565335,-0.04885898114043684
135,6.75,9.56998146840663,-0.07301727039916547,9.678870391531408,-0.046802724423203046
136,6.800000000000001,9.577757606251215,-0.07113799822923408,9.686600487207832,-0.04473293687607932
137,6.8500000000000005,9.585530443463973,-0.06924512070265487,9.694326948921189,-0.04264962483778753
138,6.9,9.593299956240596,-0.06733864361636496,9.702049753009197,-0.04055279468847034
139,6.95,9.601066120786959,-0.06541857280894775,9.709768875820778,-0.03844245284966726
140,7.0,9.608828913319186,-0.06348491416061891,9.717484293716122,-0.03631860578429884
141,7.050000000000001,9.616588310063733,-0.06153767359320661,9.725195983066767,-0.034181259996645126
142,7.1000000000000005,9.624344287257454,-0.05957685707013405,9.732903920255673,-0.03203042203232641
143,7.15,9.632096821147673,-0.05760247059639945,9.740608081677285,-0.029866098478281432
144,7.2,9.639845887992264,-0.05561452021856056,9.748308443737619,-0.027688295962750097
145,7.25,9.647591464059712,-0.0536130120247135,9.756004982854318,-0.025497021155250547
146,7.300000000000001,9.6553335256292,-0.05159795214447549,9.76369767545674,-0.023292280766560113
147,7.3500000000000005,9.663072048990667,-0.04956934674896599,9.771386497986017,-0.021074081548694654
148,7.4,9.670807010444893,-0.04752720205078753,9.779071426895138,-0.018842430294887653
149,7.45,9.678538386303565,-0.04547152430400683,9.786752438649012,-0.016597333839569486
150,7.5,9.68626615288935,-0.043402319804134504,9.794429509724552,-0.014338799058345425
151,7.550000000000001,9.69399028653597,-0.041319594888108935,9.802102616610728,-0.012066832867977686
152,7.6000000000000005,9.70171076358827,-0.039223355934272286,9.80977173580866,-0.009781442226359686
153,7.65,9.709427560402295,-0.03711360936235583,9.817436843831672,-0.00748263413249961
154,7.7,9.71714065334536,-0.03499036163345612,9.82509791720538,-0.00517041562649476
155,7.75,9.724850018796129,-0.0328536192500177,9.832754932467754,-0.002844793789512537
156,7.800000000000001,9.732555633144672,-0.030703388755812827,9.84040786616919,-0.0005057757437683733
157,7.8500000000000005,9.74025747279255,-0.028539676735920172,9.84805669487258,0.0018466313474973135
158,7.9,9.747955514152888,-0.02636248981670694,9.855701395153398,0.004212420280038827
159,7.95,9.75564973365044,-0.02417183466580522,9.863341943599751,0.006591583808630553
160,8.0,9.763340107721662,-0.021967717992095542,9.870978316812469,0.0089841146470852
161,8.05,9.771026612814794,-0.01975014654568366,9.878610491405162,0.011390005468278785
162,8.1,9.778709225389916,-0.017519127117879674,9.886238444004304,0.013809248904173267
163,8.15,9.786387921919035,-0.015274666541179344,9.893862151249294,0.016241837545837016
164,8.200000000000001,9.79406267888615,-0.013016771689241091,9.901481589792535,0.018687763943469562
165,8.25,9.801733472787319,-0.01074544947686637,9.909096736299503,0.02114702060642297
166,8.3,9.809400280130747,-0.00846070685997774,9.916707567448817,0.023619600003225584
167,8.35,9.817063077436842,-0.00616255083559758,9.924314059932314,0.026105494561605026
168,8.4,9.82472184123829,-0.003850988441826797,9.931916190455114,0.0286046966685113
169,8.450000000000001,9.832376548080134,-0.0015260267578234843,9.9395139357357,0.03111719867013981
170,8.5,9.840027174519841,0.0008123270962188955,9.947107272505985,0.033642992871955026
171,8.55,9.847673697127375,0.0031640659590933817,9.954696177511376,0.03618207153871407
172,8.6,9.855316092485264,0.005529182628602303,9.962280627510863,0.038734426894491254
173,8.65,9.862954337188679,0.007907669861576483,9.96986059927707,0.04130005112269911
174,8.700000000000001,9.870588407845501,0.010299520373901805,9.97743606959634,0.04387893636611659
175,8.75,9.878218281076396,0.01270472684053739,9.985007015268803,0.04647107472690908
176,8.8,9.885843933514883,0.015123281895539936,9.992573413108442,0.04907645826665455
177,8.85,9.893465341807405,0.01755517813208715,10.000135239943168,0.05169507900636857
178,8.9,9.901082482613408,0.02000040810249845,10.007692472614897,0.054326928926526935
179,8.950000000000001,9.908695332605403,0.02245896431825886,10.015245087979606,0.05697199996709122
180,9.0,9.916303868469042,0.024930839250042414,10.022793062907416,0.05963028402753394
181,9.05,9.923908066903191,0.02741602532773335,10.030336374282662,0.062301772966861534
182,9.1,9.931507904619998,0.02991451494045122,10.037874999003957,0.06498645860364118
183,9.15,9.939103358344967,0.03242630043657435,10.045408913984271,0.06768433271602603
184,9.200000000000001,9.946694404817025,0.03495137412376112,10.052938096150992,0.07039538704177822
185,9.25,9.9542810207886,0.037489728268975314,10.06046252244601,0.07311961327829598
186,9.3,9.961863183025683,0.04004135509850901,10.06798216982577,0.07585700308263825
187,9.35,9.969440868307913,0.04260624679800762,10.075497015261362,0.07860754807155149
188,9.4,9.977014053428631,0.04518439551249215,10.083007035738575,0.08137123982149361
189,9.450000000000001,9.984582715194964,0.047775793346384376,10.090512208257978,0.08414806986866102
190,9.5,9.992146830427894,0.0503804323635299,10.098012509834987,0.0869380297090133
191,9.55,9.99970637596232,0.05299830458722432,10.105507917499933,0.08974111079830119
192,9.600000000000001,10.007261328647145,0.05562940200023575,10.11299840829814,0.0925573045520908
193,9.65,10.014811665345327,0.05827371654482988,10.12048395928998,0.09538660234579038
194,9.700000000000001,10.022357362933967,0.06093124012279644,10.127964547550958,0.09822899551467863
195,9.75,10.029898398304374,0.06360196459547118,10.135440150171785,0.10108447535392834
196,9.8,10.03743474836213,0.06628588178376282,10.142910744258428,0.10395303311863505
197,9.850000000000001,10.044966390027174,0.06898298346817633,10.150376306932204,0.10683466002384209
198,9.9,10.052493300233854,0.0716932613888398,10.157836815329828,0.10972934724456923
199,9.950000000000001,10.060015455931016,0.07441670724553034,10.1652922466035,0.11263708591584023
200,10.0,10.067532834082064,0.07715331269769649,10.172742577920971,0.11555786713270705
201,10.05,10.075045411665032,0.0799030693644861,10.180187786465602,0.11849168195027937
202,10.100000000000001,10.082553165672657,0.08266596882477145,10.18762784943645,0.12143852138375155
203,10.15,10.09005607311245,0.08544200261717527,10.195062744048329,0.12439837640843031
204,10.200000000000001,10.097554111006762,0.0882311622400968,10.20249244753188,0.12737123795976246
205,10.25,10.105047256392858,0.09103343915173545,10.20991693713364,0.13035709693336045
206,10.3,10.112535486322985,0.09384882477012191,10.217336190116116,0.13335594418503502
207,10.350000000000001,10.120018777864445,0.09667731047313899,10.224750183757854,0.1363677705308179
208,10.4,10.127497108099664,0.09951888759855193,10.2321588953535,0.1393925667469937
209,10.450000000000001,10.134970454126263,0.10237354744403276,10.239562302213884,0.1424303235701262
210,10.5,10.142438793057122,0.10524128126718757,10.246960381666076,0.1454810316970871
211,10.55,10.149902102020462,0.10812208028558473,10.254353111053465,0.14854468178508606
212,10.600000000000001,10.157360358159906,0.11101593567677859,10.261740467735825,0.15162126445169627
213,10.65,10.164813538634546,0.11392283857833946,10.269122429089377,0.15471077027488583
214,10.700000000000001,10.172261620619025,0.11684278008787963,10.276498972506872,0.15781318979304576
215,10.75,10.179704581303598,0.1197757512630806,10.283870075397653,0.16092851350501877
216,10.8,10.187142397894206,0.12272174312172046,10.291235715187725,0.16405673187012848
217,10.850000000000001,10.194575047612537,0.12568074664170154,10.298595869319815,0.1671978353082087
218,10.9,10.20200250769611,0.12865275276107702,10.305950515253462,0.1703518141996317
219,10.950000000000001,10.20942475539833,0.13163775237808167,10.313299630465067,0.1735186588853408
220,11.0,10.216841767988576,0.13463573635115544,10.320643192447973,0.17669835966687558
221,11.05,10.22425352275225,0.13764669549897568,10.327981178712525,0.1798909068064058
222,11.100000000000001,10.231659996990857,0.14067062060048208,10.335313566786144,0.18309629052675808
223,11.15,10.239061168022076,0.14370750239490576,10.342640334213401,0.18631450101144664
224,11.200000000000001,10.246457013179828,0.14675733158179965,10.349961458556074,0.18954552840470545
225,11.25,10.253847509814342,0.14982009882106312,10.357276917393227,0.19278936281151451
226,11.3,10.261232635292227,0.15289579473297443,10.36458668832127,0.19604599429763403
227,11.350000000000001,10.268612366996546,0.1559844098982176,10.37189074895404,0.19931541288963295
228,11.4,10.27598668232687,0.15908593485791073,10.37918907692285,0.20259760857491904
229,11.450000000000001,10.28335555869937,0.16220036011363576,10.386481649876586,0.2058925713017703
230,11.5,10.290718973546863,0.16532767612746851,10.39376844548174,0.20920029097936665
231,11.55,10.2980769043189,0.1684678733220054,10.401049441422511,0.21252075747781846
232,11.600000000000001,10.305429328481823,0.1716209420803957,10.408324615400854,0.21585396062820034
233,11.65,10.312776223518838,0.17478687274636812,10.415593945136553,0.21919989022257966
234,11.700000000000001,10.320117566930087,0.17796565562426309,10.422857408367292,0.2225585360140502
235,11.75,10.327453336232708,0.18115728097905986,10.430114982848721,0.2259298877167612
236,11.8,10.334783508960916,0.18436173903640884,10.437366646354524,0.22931393500595126
237,11.850000000000001,10.34210806266606,0.18757901998265908,10.444612376676485,0.2327106675179776
238,11.9,10.349426974916705,0.19080911396489114,10.451852151624566,0.23612007485035041
239,11.950000000000001,10.356740223298683,0.19405201109094378,10.459085949026955,0.2395421465617615
240,12.0,10.364047785415178,0.19730770142944798,10.466313746730156,0.24297687217211983
241,12.05,10.371349638886787,0.20057617500985386,10.473535522599047,0.24642424116258016
242,12.100000000000001,10.37864576135159,0.20385742182246425,10.48075125451694,0.24988424297557824
243,12.15,10.385936130465218,0.20715143181846252,10.487960920385666,0.2533568670148604
244,12.200000000000001,10.393220723900919,0.2104581949099466,10.495164498125625,0.25684210264551915
245,12.25,10.400499519349633,0.2137777009699564,10.502361965675869,0.26033993919402243
246,12.3,10.407772494520056,0.21710993983250731,10.50955330099416,0.2638503659482487
247,12.350000000000001,10.415039627138704,0.22045490129262113,10.516738482057034,0.2673733721575194
248,12.4,10.422300894949991,0.223812575106355,10.523917486859885,0.2709089470326298
249,12.450000000000001,10.42955627571629,0.22718295099083596,10.531090293417016,0.27445707974588507
250,12.5,10.436805747218003,0.23056601862429077,10.538256879761708,0.27801775943113183
251,12.55,10.444049287253629,0.23396176764607673,10.5454172239463,0.2815909751837906
252,12.600000000000001,10.45128687363983,0.23737018765671614,10.55257130404224,0.285176716060892
253,12.65,10.458518484211506,0.24079126821792407,10.559719098140167,0.288774971081106
254,12.700000000000001,10.465744096821858,0.24422499885264487,10.566860584349968,0.2923857292247804
255,12.75,10.472963689342446,0.24767136904508114,10.573995740800841,0.2960089794339711
256,12.8,10.48017723966328,0.25113036824072693,10.581124545641384,0.2996447106124773
257,12.850000000000001,10.487384725692865,0.25460198584639904,10.588246977039628,0.30329291162587424
258,12.9,10.49458612535828,0.2580862112302723,10.595363013183139,0.30695357130155015
259,12.950000000000001,10.501781416605246,0.261583033721909,10.602472632279058,0.3106266784287375
260,13.0,10.508970577398188,0.265092442612292,10.609575812554187,0.31431222175854756
261,13.05,10.516153585720303,0.26861442715386047,10.616672532255034,0.31801019000400793
262,13.100000000000001,10.523330419573643,0.2721489765605392,10.623762769647909,0.32172057184009345
263,13.15,10.530501056979151,0.2756960800077735,10.630846503018962,0.3254433559037627
264,13.200000000000001,10.53766547597676,0.27925572663256126,10.637923710674263,0.3291785307939919
265,13.25,10.544823654625443,0.2828279055334883,10.644994370939873,0.33292608507181165
266,13.3,10.55197557100328,0.28641260577075883,10.652058462161897,0.3366860072603392
267,13.350000000000001,10.559121203207535,0.2900098163662316,10.659115962706563,0.3404582858448162
268,13.4,10.566260529354714,0.2936195263034513,10.66616685096028,0.3442429092726418
269,13.450000000000001,10.573393527580638,0.297241724527685,10.67321110532971,0.34803986595341063
270,13.5,10.580520176040505,0.30087639994595333,10.680248704241828,0.3518491442589457
271,13.55,10.587640452908957,0.30452354142706456,10.687279626143994,0.355670732523334
272,13.600000000000001,10.594754336380154,0.30818313780165213,10.694303849504013,0.35950461904296593
273,13.65,10.601861804667834,0.31185517786220457,10.70132135281021,0.3633507920765665
274,13.700000000000001,10.608962836005379,0.3155396503631019,10.708332114571483,0.3672092398452337
275,13.75,10.616057408645887,0.31923654402064955,10.715336113317381,0.3710799505324738
276,13.8,10.623145500862236,0.3229458475131149,10.722333327598164,0.37496291228423967
277,13.850000000000001,10.630227090947146,0.3266675494807573,10.729323735984869,0.37885811320896245
278,13.9,10.637302157213256,0.3304016385258683,10.736307317069372,0.38276554137759305
279,13.950000000000001,10.64437067799318,0.33414810321280314,10.743284049464467,0.38668518482363606
280,14.0,10.65143263163958,0.3379069320680162,10.750253911803913,0.3906170315431859
281,14.05,10.658487996525226,0.3416781135800973,10.757216882742513,0.39456106949496533
282,14.100000000000001,10.665536751043069,0.3454616361998059,10.764172940956174,0.3985172866003611
283,14.15,10.672578873606305,0.34925748834010745,10.771122065141972,0.4024856707434619
284,14.200000000000001,10.679614342648438,0.35306565837620724,10.778064234018222,0.406466209771094
285,14.25,10.686643136623353,0.35688613464558744,10.784999426324536,0.4104588914928596
286,14.3,10.693665234005367,0.36071890544804236,10.791927620821891,0.41446370368117386
287,14.350000000000001,10.700680613289318,0.3645639590457152,10.798848796292699,0.41848063407130354
288,14.4,10.707689252990612,0.3684212836631315,10.805762931540865,0.42250967036140147
289,14.450000000000001,10.714691131645292,0.3722908674872379,10.812670005391855,0.42655080021254754
290,14.5,10.721686227810114,0.37617269866743724,10.819569996692762,0.43060401124878506
291,14.55,10.7286745200626,0.3800667653156246,10.826462884312368,0.43466929105715835
292,14.600000000000001,10.73565598700111,0.3839730555062228,10.833348647141207,0.43874662718775
293,14.65,10.742630607244907,0.38789155727622243,10.84022726409164,0.4428360071537226
294,14.700000000000001,10.749598359434222,0.39182225862521464,10.847098714097903,0.44693741843135304
295,14.75,10.756559222230319,0.3957651475154293,10.853962976116192,0.4510508484600721
296,14.8,10.76351317431556,0.3997202118717725,10.860820029124703,0.4551762846425037
297,14.850000000000001,10.770460194393475,0.40368743958186243,10.86766985212372,0.45931371434450263
298,14.9,10.777400261188822,0.4076668184960674,10.874512424135668,0.46346312489519353
299,14.950000000000001,10.784333353447646,0.41165833642754307,10.881347724205172,0.4676245035870104
300,15.0,10.791259449937362,0.41566198115226854,10.888175731399132,0.4717978376757339
301,15.05,10.798178529446803,0.41967774040908495,10.89499642480678,0.4759831143805316
302,15.100000000000001,10.805090570786293,0.4237056018997329,10.901809783539749,0.48018032088399704
303,15.15,10.811995552787712,0.42774555328888936,10.908615786732135,0.48438944433218833
304,15.200000000000001,10.818893454304558,0.43179758220420666,10.915414413540555,0.4886104718346683
305,15.25,10.825784254212012,0.43586167623634936,10.922205643144222,0.4928433904645436
306,15.3,10.832667931407006,0.43993782293903266,10.928989454744999,0.4970881872585043
307,15.350000000000001,10.83954446480828,0.44402600982906065,10.935765827567469,0.5013448492168635
308,15.4,10.846413833356463,0.4481262243863638,10.942534740858997,0.5056133633035972
309,15.450000000000001,10.853276016014114,0.45223845405403823,10.94929617388979,0.509893716446384
310,15.5,10.860130991765805,0.45636268623838433,10.956050105952965,0.5141858955366465
311,15.55,10.86697873961818,0.4604989083089434,10.96279651636461,0.5184898874295888
312,15.600000000000001,10.873819238600014,0.4646471075985397,10.96953538446385,0.52280567894424
313,15.65,10.880652467762282,0.46880727140331474,10.9762666896129,0.5271332568634907
314,15.700000000000001,10.887478406178232,0.4729793869827719,10.982990411197154,0.5314726079341386
315,15.75,10.894297032943427,0.4771634415598088,10.989706528625213,0.5358237188669227
316,15.8,10.90110832717583,0.4813594223207622,10.996415021328971,0.5401865763365701
317,15.850000000000001,10.90791226801586,0.48556731641544487,11.00311586876368,0.5445611669818334
318,15.9,10.914708834626449,0.4897871109571838,11.009809050407998,0.5489474774055318
319,15.950000000000001,10.921498006193119,0.4940187930228616,11.016494545764058,0.553345494174593
320,16.0,10.928279761924038,0.49826234965295496,11.023172334357541,0.5577552038200939
321,16.05,10.935054081050085,0.5025177678515755,11.029842395737722,0.5621765928373026
322,16.1,10.941820942824911,0.5067850345865086,11.036504709477542,0.5666096476857189
323,16.150000000000002,10.948580326525008,0.5110641367892521,11.043159255173672,0.5710543547891148
324,16.2,10.95533221144977,0.5153550613550595,11.04980601244657,0.5755107005355788
325,16.25,10.962076576921552,0.5196577951429782,11.05644496094055,0.5799786712775562
326,16.3,10.968813402285743,0.5239723249758885,11.063076080323833,0.5844582533318892
327,16.35,10.975542666910817,0.528298637640547,11.069699350288623,0.588949432979862
328,16.400000000000002,10.98226435018841,0.5326367198876236,11.076314750551164,0.5934521964672397
329,16.45,10.98897843153337,0.5369865584317446,11.082922260851792,0.5979665300043121
330,16.5,10.995684890383828,0.5413481399515343,11.089521860955015,0.6024924197659381
331,16.55,11.002383706201261,0.545721451089652,11.096113530649564,0.6070298518915829
332,16.6,11.00907485847055,0.5501064784528351,11.102697249748456,0.6115788124853636
333,16.650000000000002,11.015758326700045,0.5545032086119419,11.109272998089052,0.616139287616093
334,16.7,11.02243409042163,0.5589116281019886,11.115840755533132,0.6207112633173185
335,16.75,11.029102129190786,0.5633317234221951,11.122400501966942,0.6252947255873693
336,16.8,11.035762422586648,0.5677634810360219,11.128952217301267,0.6298896603893948
337,16.85,11.042414950212072,0.5722068873712154,11.135495881471478,0.6344960536514112
338,16.900000000000002,11.0490596916937,0.5766619288198462,11.142031474437614,0.6391138912663419
339,16.95,11.05569662668201,0.5811285917383544,11.14855897618442,0.6437431590920637
340,17.0,11.062325734851402,0.5856068624475887,11.155078366721437,0.6483838429514481
341,17.05,11.068946995900234,0.5900967272328475,11.161589626083028,0.6530359286324032
342,17.1,11.075560389550898,0.5945981723439235,11.168092734328471,0.6576994018879205
343,17.150000000000002,11.082165895549881,0.5991111839951448,11.174587671542,0.6623742484361169
344,17.2,11.088763493667827,0.6036357483654167,11.181074417832875,0.6670604539602785
345,17.25,11.095353163699597,0.6081718515982646,11.18755295333544,0.6717580041089047
346,17.3,11.101934885464333,0.6127194798018756,11.194023258209187,0.6764668844957518
347,17.35,11.108508638805514,0.6172786190491422,11.20048531263881,0.6811870806998773
348,17.400000000000002,11.115074403591029,0.6218492553777037,11.206939096834276,0.6859185782656839
349,17.45,11.121632159713226,0.6264313747899899,11.213384591030872,0.690661362702964
350,17.5,11.128181887088983,0.6310249632532641,11.219821775489278,0.6954154194869442
351,17.55,11.134723565659765,0.6356300066996652,11.226250630495624,0.7001807340583295
352,17.6,11.141257175391686,0.6402464910262504,11.232671136361544,0.7049572918233468
353,17.650000000000002,11.147782696275573,0.6448744020950405,11.239083273424246,0.7097450781537921
354,17.7,11.154300108327021,0.6495137257330621,11.24548702204656,0.7145440783870741
355,17.75,11.160809391586463,0.6541644477323896,11.25188236261702,0.7193542778262579
356,17.8,11.167310526119222,0.6588265538501903,11.258269275549893,0.7241756617401113
357,17.85,11.17380349201558,0.6635000298087683,11.264647741285264,0.7290082153631501
358,17.900000000000002,11.180288269390832,0.6681848612956072,11.27101774028909,0.7338519238956825
359,17.95,11.186764838385356,0.6728810339634135,11.277379253053253,0.7387067725038547
360,18.0,11.193233179164661,0.6775885334301632,11.283732260095622,0.7435727463196974
361,18.05,11.19969327191946,0.6823073452791417,11.290076741960121,0.7484498304411684
362,18.1,11.206145096865724,0.6870374550589922,11.296412679216779,0.7533380099322023
363,18.150000000000002,11.212588634244742,0.691778848283757,11.30274005246179,0.7582372698227532
364,18.2,11.21902386432319,0.696531510432923,11.309058842317585,0.7631475951088412
365,18.25,11.225450767393179,0.7012954269514662,11.315369029432867,0.7680689707525991
366,18.3,11.23186932377232,0.7060705832498957,11.321670594482699,0.7730013816823176
367,18.35,11.238279513803796,0.7108569647042997,11.327963518168541,0.7779448127924927
368,18.400000000000002,11.244681317856399,0.7156545566563874,11.334247781218318,0.7828992489438692
369,18.45,11.251074716324611,0.7204633444135384,11.34052336438648,0.7878646749634914
370,18.5,11.257459689628655,0.7252833132488439,11.34679024845406,0.7928410756447459
371,18.55,11.263836218214555,0.7301144484011528,11.353048414228727,0.7978284357474094
372,18.6,11.270204282554197,0.7349567350751176,11.359297842544857,0.8028267399976954
373,18.650000000000002,11.276563863145388,0.7398101584412391,11.365538514263577,0.8078359730883011
374,18.7,11.282914940511917,0.7446747036359112,11.371770410272838,0.8128561196784532
375,18.75,11.289257495203618,0.7495503557614698,11.377993511487462,0.8178871643939585
376,18.8,11.29559150779642,0.7544370998862329,11.384207798849207,0.8229290918272452
377,18.85,11.301916958892413,0.7593349210445499,11.390413253326821,0.827981886537414
378,18.900000000000002,11.30823382911991,0.7642438042368489,11.396609855916108,0.8330455330502867
379,18.95,11.314542099133499,0.769163734429678,11.402797587639972,0.8381200158584488
380,19.0,11.320841749614111,0.7740946965557547,11.408976429548495,0.8432053194213004
381,19.05,11.327132761269068,0.7790366755140119,11.415146362718975,0.8483014281651041
382,19.1,11.333415114832153,0.7839896561696424,11.421307368255997,0.8534083264830302
383,19.150000000000002,11.339688791063665,0.7889536233541472,11.427459427291488,0.858525998735207
384,19.200000000000003,11.345953770750473,0.7939285618653806,11.43360252098477,0.8636544292487672
385,19.25,11.352210034706083,0.7989144564675967,11.439736630522626,0.8687936023178957
386,19.3,11.35845756377069,0.8039112918914979,11.445861737119348,0.8739435022038798
387,19.35,11.364696338811243,0.8089190528342798,11.451977822016802,0.8791041131351552
388,19.400000000000002,11.370926340721496,0.8139377239596777,11.458084866484484,0.8842754193073543
389,19.450000000000003,11.377147550422077,0.8189672898980154,11.464182851819576,0.8894574048833562
390,19.5,11.38335994886053,0.8240077352462511,11.470271759346996,0.8946500539933342
391,19.55,11.389563517011394,0.8290590445680259,11.476351570419478,0.8998533507348051
392,19.6,11.395758235876247,0.8341212023937077,11.4824222664176,0.9050672791726757
393,19.650000000000002,11.401944086483766,0.8391941932204421,11.488483828749866,0.9102918233392944
394,19.700000000000003,11.408121049889788,0.8442780015121989,11.494536238852739,0.9155269672344987
395,19.75,11.414289107177366,0.8493726116998197,11.500579478190721,0.9207726948256652
396,19.8,11.420448239456832,0.8544780081810643,11.506613528256395,0.9260289900477567
397,19.85,11.426598427865848,0.8595941753206602,11.512638370570492,0.9312958368033735
398,19.900000000000002,11.432739653569465,0.8647210974503496,11.518653986681931,0.9365732189628015
399,19.950000000000003,11.438871897760187,0.8698587588689373,11.524660358167898,0.9418611203640619
400,20.0,11.444995141658016,0.8750071438423388,11.530657466633878,0.9471595248129602
401,20.05,11.451109366510527,0.88016623660363,11.536645293713738,0.9524684160831379
402,20.1,11.45721455359291,0.885336021353093,11.54262382106976,0.9577877779161192
403,20.150000000000002,11.463310684208034,0.8905164822582656,11.548593030392707,0.9631175940213624
404,20.200000000000003,11.469397739686503,0.8957076034539906,11.55455290340188,0.96845784807631
405,20.25,11.475475701386715,0.9009093690424634,11.560503421845175,0.973808523726438
406,20.3,11.481544550694917,0.9061217630932814,11.566444567499131,0.9791696045853069
407,20.35,11.487604269025264,0.9113447696434915,11.572376322168997,0.9845410742346105
408,20.400000000000002,11.49365483781987,0.9165783726976406,11.578298667688777,0.9899229162242275
409,20.450000000000003,11.499696238548877,0.9218225562278228,11.584211585921295,0.9953151140722704
410,20.5,11.505728452710496,0.9270773041737292,11.59011505875824,1.0007176512651363
411,20.55,11.511751461831079,0.9323426004427007,11.596009068120232,1.006130511257562
412,20.6,11.517765247465164,0.9376184289097709,11.601893595956874,1.0115536774726674
413,20.650000000000002,11.523769791195537,0.9429047734177185,11.607768624246804,1.016987133302009
414,20.700000000000003,11.529765074633287,0.9482016177771175,11.613634134997747,1.022430862105633
415,20.75,11.535751079417865,0.9535089457663866,11.61949011024659,1.0278848472121243
416,20.8,11.541727787217136,0.9588267411318376,11.625336532059405,1.0333490719186575
417,20.85,11.547695179727434,0.9641549875877271,11.631173382531534,1.0388235194910493
418,20.900000000000002,11.553653238673627,0.969493668816304,11.637000643787628,1.044308173163808
419,20.950000000000003,11.559601945809163,0.9748427684678616,11.6428182979817,1.0498030161401861
420,21.0,11.565541282916131,0.980202270160786,11.648626327297192,1.0553080315922312
421,21.05,11.571471231805317,0.985572157481607,11.654424713947018,1.0608232026608373
422,21.1,11.577391774316256,0.9909524139850499,11.660213440173623,1.066348512455798
423,21.150000000000002,11.58330289231729,0.9963430231940829,11.665992488249035,1.0718839440558565
424,21.200000000000003,11.589204567705627,1.0017439685999694,11.671761840474927,1.0774294805087572
425,21.25,11.59509678240739,1.0071552336623177,11.677521479182664,1.0829851048312988
426,21.3,11.600979518377676,1.012576801809134,11.683271386733352,1.0885508000093869
427,21.35,11.60685275760061,1.0180086564368696,11.689011545517907,1.0941265489980845
428,21.400000000000002,11.612716482089404,1.0234507809104745,11.694741937957097,1.0997123347216649
429,21.450000000000003,11.618570673886403,1.0289031585634454,11.700462546501598,1.1053081400736622
430,21.5,11.62441531506315,1.0343657726978805,11.706173353632051,1.1109139479169277
431,21.55,11.630250387720437,1.0398386065845293,11.711874341859117,1.11652974108368
432,21.6,11.636075873988357,1.0453216434628414,11.717565493723518,1.122155502375556
433,21.650000000000002,11.641891756026366,1.0508148665410209,11.723246791796111,1.1277912145636668
434,21.700000000000003,11.647698016023327,1.056318258996076,11.728918218677922,1.1334368603886475
435,21.75,11.653494636197575,1.0618318039738717,11.734579757000215,1.1390924225607122
436,21.8,11.659281598796962,1.0673554845891813,11.740231389424528,1.144757883759707
437,21.85,11.665058886098924,1.0728892839257376,11.745873098642743,1.1504332266351611
438,21.900000000000002,11.67082648041052,1.0784331850362832,11.75150486737713,1.1561184338063408
439,21.950000000000003,11.6765843640685,1.0839871709426259,11.757126678380406,1.161813487862304
440,22.0,11.682332519439345,1.0895512246356875,11.762738514435771,1.1675183713619515
441,22.05,11.688070928919338,1.0951253290755598,11.768340358356987,1.1732330668340836
442,22.1,11.693799574934602,1.1007094671915503,11.773932192988408,1.178957556777448
443,22.150000000000002,11.699518439941166,1.1063036218822415,11.779514001205051,1.1846918236608
444,22.200000000000003,11.705227506425006,1.1119077760155394,11.785085765912624,1.190435849922952
445,22.25,11.710926756902113,1.1175219124287243,11.79064747004761,1.1961896179728262
446,22.3,11.716616173918538,1.1231460139285108,11.79619909657729,1.201953110189515
447,22.35,11.722295740050443,1.12878006329109,11.801740628499811,1.207726308922326
448,22.400000000000002,11.727965437904164,1.1344240432621906,11.80727204884424,1.2135091964908427
449,22.450000000000003,11.733625250116253,1.1400779365571296,11.812793340670604,1.2193017551849779
450,22.5,11.739275159353541,1.145741725860862,11.81830448706995,1.2251039672650237
451,22.55,11.744915148313185,1.1514153938280374,11.823805471164398,1.2309158149617103
452,22.6,11.750545199722724,1.157098923083053,11.82929627610719,1.2367372804762597
453,22.650000000000002,11.75616529634013,1.162792296220105,11.834776885082738,1.2425683459804382
454,22.700000000000003,11.76177542095386,1.1684954958032414,11.84024728130668,1.248408993616611
455,22.75,11.767375556382913,1.174208504366418,11.845707448025935,1.2542592054977995
456,22.8,11.772965685476878,1.179931304413552,11.851157368518747,1.2601189637077355
457,22.85,11.778545791115988,1.185663878418571,11.856597026094732,1.2659882503009126
458,22.900000000000002,11.784115856211178,1.1914062088254729,11.862026404094955,1.2718670473026468
459,22.950000000000003,11.789675863704124,1.197158278048375,11.867445485891938,1.2777553367091259
460,23.0,11.795225796567307,1.202920068471569,11.872854254889754,1.283653100487468
461,23.05,11.800765637804066,1.208691562449578,11.87825269452405,1.2895603205757775
462,23.1,11.806295370448638,1.2144727423072044,11.883640788262111,1.295476978883196
463,23.150000000000002,11.811814977566222,1.2202635903395902,11.889018519602901,1.3014030572899626
464,23.200000000000003,11.817324442253025,1.2260640888122678,11.894385872077123,1.3073385376474669
465,23.25,11.822823747636317,1.2318742199612145,11.899742829247268,1.3132834017783042
466,23.3,11.828312876874477,1.2376939659929094,11.905089374707652,1.319237631476334
467,23.35,11.833791813157056,1.243523309084384,11.910425492084489,1.325201208506732
468,23.400000000000002,11.839260539704812,1.24936223138328,11.915751165035921,1.3311741146060478
469,23.450000000000003,11.844719039769775,1.2552107150079024,11.921066377252082,1.3371563314822619
470,23.5,11.850167296635291,1.261068742047274,11.926371112455133,1.3431478408148385
471,23.55,11.85560529361608,1.266936294561192,11.93166535439933,1.3491486242547859
472,23.6,11.861033014058282,1.2728133545802822,11.936949086871065,1.3551586634247101
473,23.650000000000002,11.866450441339504,1.278699904106052,11.942222293688905,1.36117793991887
474,23.700000000000003,11.87185755886888,1.2845959251109478,11.947484958703662,1.3672064353032354
475,23.75,11.877254350087117,1.2905013995384105,11.952737065798427,1.3732441311155448
476,23.8,11.882640798466548,1.2964163093029295,11.957978598888626,1.3792910088653598
477,23.85,11.888016887511178,1.3023406362900973,11.96320954192207,1.3853470500341212
478,23.900000000000002,11.893382600756736,1.3082743623566686,11.968429878878997,1.3914122360752086
479,23.950000000000003,11.898737921770731,1.3142174693306108,11.973639593772132,1.3974865484139938
480,24.0,11.9040828341525,1.3201699390111634,11.978838670646727,1.4035699684478997
481,24.05,11.909417321533248,1.3261317531688925,11.98402709358061,1.409662477546457
482,24.1,11.914741367576113,1.3321028935457486,11.989204846684242,1.4157640570513634
483,24.150000000000002,11.92005495597621,1.3380833418551172,11.99437191410076,1.4218746882765343
484,24.200000000000003,11.925358070460678,1.344073079781881,11.999528280006022,1.4279943525081675
485,24.25,11.93065069478873,1.3500720889824713,12.004673928608659,1.4341230310047952
486,24.3,11.935932812751712,1.3560803510849277,12.009808844150133,1.4402607049973446
487,24.35,11.941204408173139,1.3620978476889523,12.014933010904759,1.446407355689194
488,24.400000000000002,11.946465464908757,1.3681245603659666,12.02004641317979,1.4525629642562312
489,24.450000000000003,11.951715966846582,1.3741604706591672,12.025149035315431,1.4587275118469085
490,24.5,11.956955897906957,1.3802055600835832,12.03024086168491,1.4649009795823036
491,24.55,11.962185242042594,1.3862598101261343,12.035321876694503,1.4710833485561778
492,24.6,11.967403983238636,1.3923232022456837,12.040392064783617,1.4772745998350303
493,24.650000000000002,11.972612105512688,1.3983957178730981,12.045451410424798,1.483474714458159
494,24.700000000000003,11.977809592914882,1.4044773384113025,12.050499898123805,1.489683673437717
495,24.75,11.982996429527915,1.4105680452353386,12.055537512419649,1.4959014577587726
496,24.8,11.988172599467106,1.4166678196924227,12.060564237884641,1.5021280483793669
497,24.85,11.993338086880435,1.4227766431020001,12.065580059124436,1.5083634262305707
498,24.900000000000002,11.998492875948605,1.4288944967558026,12.070584960778088,1.5146075722165435
499,24.950000000000003,12.003636950885076,1.4350213619179093,12.075578927518087,1.5208604672145936
500,25.0,12.008770295936124,1.4411572198247995,12.080561944050416,1.5271220920752344
501,25.05,12.013892895380883,1.447302051685415,12.08553399511459,1.5333924276222466
502,25.1,12.019004733531396,1.4534558386812109,12.090495065483706,1.5396714546527301
503,25.150000000000002,12.024105794732662,1.4596185619662203,12.09544513996449,1.5459591539371706
504,25.200000000000003,12.029196063362688,1.465790202667108,12.100384203397343,1.5522555062194938
505,25.25,12.034275523832527,1.4719707418832286,12.105312240656387,1.5585604922171254
506,25.3,12.039344160586335,1.478160160686686,12.110229236649511,1.5648740926210514
507,25.35,12.044401958101421,1.4843584401223908,12.115135176318422,1.5711962880958756
508,25.400000000000002,12.049448900888278,1.490565561208116,12.120030044638678,1.5775270592798787
509,25.450000000000003,12.05448497349065,1.4967815049345585,12.124913826619753,1.5838663867850795
510,25.5,12.059510160485571,1.5030062522653946,12.129786507305068,1.5902142511972912
511,25.55,12.064524446483405,1.5092397841373424,12.134648071772041,1.5965706330761857
512,25.6,12.06952781612791,1.5154820814602135,12.139498505132133,1.6029355129553473
513,25.650000000000002,12.074520254096267,1.5217331251169783,12.144337792530902,1.609308871342337
514,25.700000000000003,12.07950174509914,1.52799289596382,12.149165919148027,1.615690688718749
515,25.75,12.084472273880714,1.5342613748301956,12.153982870197373,1.6220809455402732
516,25.8,12.089431825218753,1.5405385425188929,12.15878863092704,1.6284796222367524
517,25.85,12.094380383924632,1.546824379806092,12.163583186619382,1.6348866992122457
518,25.900000000000002,12.099317934843395,1.5531188674414198,12.16836652259108,1.641302156845083
519,25.950000000000003,12.104244462853796,1.5594219861480132,12.17313862419317,1.6477259754879312
520,26.0,12.109159952868344,1.5657337166225762,12.177899476811092,1.6541581354678507
521,26.05,12.11406438983336,1.572054039535439,12.18264906586474,1.6605986170863563
522,26.1,12.118957758729005,1.5783829355306183,12.187387376808505,1.6670474006194789
523,26.150000000000002,12.123840044569343,1.5847203852258742,12.19211439513131,1.6735044663178231
524,26.200000000000003,12.128711232402377,1.5910663692127731,12.196830106356664,1.6799697944066314
525,26.25,12.133571307310099,1.5974208680567419,12.20153449604271,1.6864433650858393
526,26.3,12.13842025440853,1.6037838622971352,12.20622754978225,1.6929251585301441
527,26.35,12.143258058847778,1.6101553324472873,12.21090925320282,1.6994151548890577
528,26.400000000000002,12.148084705812067,1.6165352589945754,12.2155795919667,1.705913334286971
529,26.450000000000003,12.152900180519795,1.622923622400479,12.220238551770983,1.712419676823214
530,26.5,12.157704468223576,1.6293204031006414,12.22488611834761,1.718934162572119
531,26.55,12.162497554210281,1.6357255815049259,12.22952227746341,1.7254567715830778
532,26.6,12.16727942380109,1.6421391379974795,12.234147014920152,1.7319874838806062
533,26.650000000000002,12.17205006235153,1.6485610529367891,12.238760316554579,1.7385262794644016
534,26.700000000000003,12.176809455251522,1.6549913066557462,12.243362168238457,1.7450731383094085
535,26.75,12.181557587925433,1.661429879461703,12.247952555878621,1.7516280403658762
536,26.8,12.186294445832107,1.6678767516365367,12.252531465417013,1.7581909655594234
537,26.85,12.191020014464923,1.6743319034367052,12.257098882830725,1.7647618937910958
538,26.900000000000002,12.195734279351829,1.6807953150933117,12.261654794132042,1.7713408049374315
539,26.950000000000003,12.200437226055392,1.6872669668121625,12.266199185368494,1.7779276788505196
540,27.0,12.205128840172843,1.693746838773829,12.270732042622885,1.7845224953580636
541,27.05,12.209809107336119,1.7002349111337094,12.275253352013342,1.7911252342634443
542,27.1,12.214478013211902,1.7067311640220875,12.279763099693362,1.797735875345779
543,27.150000000000002,12.219135543501672,1.7132355775441925,12.28426127185184,1.8043543983599835
544,27.200000000000003,12.223781683941747,1.7197481317802636,12.28874785471313,1.8109807830368365
545,27.25,12.228416420303326,1.726268806785609,12.293222834537078,1.8176150090830403
546,27.3,12.23303973839253,1.7327975825906656,12.297686197619058,1.8242570561812825
547,27.35,12.237651624050454,1.739334439201064,12.302137930290028,1.8309069039903
548,27.400000000000002,12.242252063153199,1.7458793565976845,12.306578018916555,1.8375645321449379
549,27.450000000000003,12.246841041611928,1.7524323147367238,12.311006449900878,1.844229920256216
550,27.5,12.251418545372895,1.7589932935497519,12.315423209680926,1.8509030479113877
551,27.55,12.255984560417497,1.765562272943777,12.319828284730374,1.8575838946740058
552,27.6,12.26053907276232,1.7721392328013044,12.324221661558688,1.8642724400839812
553,27.650000000000002,12.265082068459172,1.7787241529803997,12.328603326711152,1.8709686636576495
554,27.700000000000003,12.26961353359513,1.7853170133147498,12.332973266768919,1.8776725448878304
555,27.75,12.27413345429259,1.791917793613726,12.337331468349054,1.8843840632438944
556,27.8,12.278641816709296,1.798526473662443,12.341677918104565,1.8911031981718207
557,27.85,12.28313860703839,1.8051430332218235,12.346012602724455,1.897829929094264
558,27.900000000000002,12.287623811508457,1.8117674520286589,12.350335508933755,1.904564235410616
559,27.950000000000003,12.292097416383562,1.8183997097956721,12.354646623493569,1.9113060964970694
560,28.0,12.296559407963294,1.8250397862115786,12.35894593320111,1.9180554917066792
561,28.05,12.301009772582805,1.8316876609411492,12.363233424889748,1.924812400369428
562,28.1,12.305448496612858,1.8383433136252736,12.367509085429038,1.9315768017922887
563,28.150000000000002,12.309875566459866,1.8450067238810204,12.37177290172478,1.9383486752592871
564,28.200000000000003,12.31429096856593,1.8516778713017004,12.376024860719038,1.9451280000315656
565,28.25,12.318694689408881,1.8583567354569308,12.380264949390186,1.9519147553474485
566,28.3,12.323086715502331,1.8650432958926937,12.38449315475296,1.9587089204225008
567,28.35,12.327467033395706,1.8717375321314045,12.388709463858486,1.9655104744495993
568,28.400000000000002,12.331835629674279,1.8784394236719695,12.392913863794316,1.9723193965989894
569,28.450000000000003,12.336192490959233,1.885148949989851,12.39710634168448,1.9791356660183523
570,28.5,12.34053760390768,1.891866090537129,12.40128688468952,1.9859592618328672
571,28.55,12.344870955212718,1.8985908247425678,12.405455480006525,1.9927901631452793
572,28.6,12.34919253160346,1.9053231320116735,12.409612114869175,1.9996283490359583
573,28.650000000000002,12.353502319845084,1.9120629917267598,12.413756776547778,2.0064737985629644
574,28.700000000000003,12.357800306738863,1.918810383247011,12.41788945234931,2.013326490762113
575,28.75,12.362086479122219,1.9255652859085466,12.42201012961746,2.020186404647041
576,28.8,12.366360823868751,1.9323276790244834,12.426118795732652,2.027053519209268
577,28.85,12.370623327888282,1.939097541884996,12.4302154381121,2.033927813418259
578,28.900000000000002,12.374873978126896,1.9458748537573853,12.43430004420984,2.0408092662214945
579,28.950000000000003,12.379112761566981,1.9526595938861402,12.43837260151677,2.047697856544531
580,29.0,12.383339665227265,1.959451741492998,12.442433097560686,2.054593563291066
581,29.05,12.38755467616286,1.9662512757770119,12.446481519906325,2.061496365343002
582,29.1,12.391757781465298,1.9730581759146146,12.45051785615539,2.0684062415605142
583,29.150000000000002,12.39594896826257,1.9798724210596788,12.454542093946607,2.0753231707821116
584,29.200000000000003,12.400128223719173,1.9866939903435845,12.458554220955756,2.0822471318247042
585,29.25,12.404295535036141,1.9935228628752804,12.462554224895698,2.0891781034836656
586,29.3,12.408450889451082,2.0003590177413497,12.466542093516418,2.096116064532901
587,29.35,12.412594274238229,2.0072024340060755,12.47051781460508,2.1030609937249123
588,29.400000000000002,12.41672567670847,2.0140530907114984,12.474481375986038,2.110012869790856
589,29.450000000000003,12.420845084209386,2.0209109668774894,12.478432765520887,2.1169716714406195
590,29.5,12.424952484125297,2.0277760415018062,12.482371971108503,2.123937377362876
591,29.55,12.429047863877294,2.0346482935601644,12.48629898068507,2.130909966225158
592,29.6,12.433131210923277,2.041527702006298,12.490213782224123,2.137889416673918
593,29.650000000000002,12.437202512758,2.048414245772022,12.494116363736586,2.144875707334593
594,29.700000000000003,12.441261756913107,2.055307903767303,12.498006713270808,2.151868816811674
595,29.75,12.445308930957163,2.0622086548803185,12.501884818912595,2.158868723688769
596,29.8,12.449344022495701,2.0691164779775244,12.505750668785252,2.165875406528669
597,29.85,12.453367019171257,2.076031351903716,12.509604251049616,2.1728888438734115
598,29.900000000000002,12.457377908663407,2.0829532554820998,12.513445553904095,2.179909014244353
599,29.950000000000003,12.461376678688804,2.089882167514349,12.517274565584703,2.1869358961422245
600,30.0,12.46536331700122,2.0968180667806764,12.521091274365093,2.1939694680472064
601,30.05,12.469337811391576,2.1037609320398976,12.524895668556598,2.201009708418991
602,30.1,12.473300149687987,2.110710742029492,12.528687736508264,2.208056595696848
603,30.150000000000002,12.477250319755797,2.1176674754656717,12.532467466606887,2.2151101082996885
604,30.200000000000003,12.481188309497607,2.1246311110434464,12.536234847277044,2.222170224626138
605,30.25,12.485114106853334,2.131601627436687,12.539989866981136,2.2292369230545934
606,30.3,12.489027699800223,2.1385790032981937,12.543732514219418,2.236310181943299
607,30.35,12.492929076352898,2.1455632172597574,12.547462777530033,2.2433899796304035
608,30.400000000000002,12.496818224563398,2.1525542479322293,12.551180645489058,2.2504762944340326
609,30.450000000000003,12.500695132521209,2.1595520739055813,12.554886106710521,2.257569104652351
610,30.5,12.504559788353305,2.1665566737489788,12.558579149846455,2.2646683885636345
611,30.55,12.508412180224177,2.173568026010839,12.562259763586912,2.2717741244263316
612,30.6,12.51225229633588,2.180586109218903,12.565927936660017,2.2788862904791323
613,30.650000000000002,12.516080124928063,2.1876109018802943,12.569583657831997,2.286004864941032
614,30.700000000000003,12.519895654278,2.1946423824815926,12.5732269159072,2.2931298260114037
615,30.75,12.523698872700638,2.201680529488893,12.57685769972816,2.3002611518700586
616,30.8,12.527489768548627,2.208725321347875,12.580475998175604,2.307398820677316
617,30.85,12.531268330212344,2.2157767364838716,12.584081800168489,2.314542810574074
618,30.900000000000002,12.53503454611995,2.2228347533019273,12.587675094664053,2.321693099681866
619,30.950000000000003,12.538788404737414,2.229899350186872,12.591255870657836,2.3288496661029385
620,31.0,12.542529894568546,2.236970505503382,12.594824117183713,2.3360124879203115
621,31.05,12.546259004155033,2.244048197596051,12.59837982331393,2.3431815431978493
622,31.1,12.549975722076482,2.2511324047894528,12.601922978159141,2.3503568099803265
623,31.150000000000002,12.55368003695045,2.258223105388207,12.60545357086844,2.357538266293493
624,31.200000000000003,12.557371937432471,2.26532027767705,12.608971590629384,2.3647258901441455
625,31.25,12.561051412216106,2.2724238999208954,12.612477026668044,2.37191965952019
626,31.3,12.564718450032963,2.279533950364908,12.615969868249023,2.3791195523907156
627,31.35,12.568373039652744,2.286650407234562,12.619450104675497,2.386325546706054
628,31.400000000000002,12.572015169883274,2.293773248735715,12.622917725289248,2.393537620397855
629,31.450000000000003,12.575644829570527,2.300902453054669,12.626372719470687,2.400755751379147
630,31.5,12.579262007598675,2.3080379983582424,12.629815076638899,2.40797991754441
631,31.55,12.582866692890113,2.3151798627938343,12.633244786251664,2.415210096769642
632,31.6,12.586458874405494,2.322328024489488,12.636661837805502,2.4224462669124227
633,31.650000000000002,12.590038541143766,2.329482461553966,12.640066220835694,2.4296884058119885
634,31.700000000000003,12.593605682142204,2.3366431520768094,12.643457924916323,2.4369364912892935
635,31.75,12.597160286476438,2.3438100741284082,12.646836939660291,2.444190501147081
636,31.8,12.6007023432605,2.3509832057600715,12.650203254719377,2.4514504131699537
637,31.85,12.60423184164684,2.3581625250040874,12.65355685978424,2.458716205124435
638,31.900000000000002,12.607748770826369,2.3653480098737982,12.65689774458446,2.465987854759044
639,31.950000000000003,12.6112531200285,2.3725396383636594,12.66022589888859,2.4732653398043576
640,32.0,12.614744878521165,2.3797373884493154,12.663541312504156,2.480548637973084
641,32.050000000000004,12.618224035610856,2.386941238087665,12.666843975277708,2.487837726960131
642,32.1,12.621690580642655,2.3941511652169196,12.670133877094841,2.495132584442665
643,32.15,12.625144503000273,2.401367147756686,12.673411007880235,2.5024331880801927
644,32.2,12.628585792106076,2.408589163608023,12.676675357597679,2.5097395155146223
645,32.25,12.632014437421116,2.415817190653512,12.679926916250105,2.5170515443703296
646,32.300000000000004,12.63543042844517,2.4230512067573273,12.683165673879616,2.524369252254234
647,32.35,12.63883375471677,2.4302911897652977,12.686391620567521,2.5316926167558584
648,32.4,12.64222440581323,2.437537117504982,12.689604746434359,2.5390216154474063
649,32.45,12.645602371350687,2.4447889677857337,12.692805041639938,2.5463562258838257
650,32.5,12.64896764098412,2.4520467183987646,12.69599249638335,2.5536964256028756
651,32.550000000000004,12.652320204407395,2.4593103471172215,12.699167100903024,2.561042192125203
652,32.6,12.65566005135329,2.466579831696245,12.702328845476732,2.5683935029544007
653,32.65,12.658987171593527,2.4738551498730454,12.705477720421637,2.5757503355770868
654,32.7,12.6623015549388,2.4811362793669662,12.708613716094309,2.583112667462967
655,32.75,12.665603191238814,2.4884231978795537,12.711736822890765,2.5904804760649047
656,32.800000000000004,12.668892070382313,2.495715883094627,12.714847031246494,2.5978537388189937
657,32.85,12.672168182297101,2.503014312678341,12.717944331636481,2.6052324331446197
658,32.9,12.675431516950093,2.510318464279262,12.721028714575251,2.612616536444539
659,32.95,12.678682064347328,2.517628315528433,12.72410017061688,2.6200060261049423
660,33.0,12.681919814534007,2.524943844039438,12.72715869035504,2.627400879495521
661,33.050000000000004,12.685144757594522,2.5322650274084775,12.730204264423014,2.6348010739695433
662,33.1,12.688356883652489,2.5395918432144327,12.733236883493735,2.6422065868639186
663,33.15,12.691556182870773,2.546924269018937,12.73625653827981,2.649617395499271
664,33.2,12.694742645451523,2.554262282366442,12.739263219533544,2.657033477180004
665,33.25,12.697916261636198,2.5616058607842853,12.742256918046984,2.664454809194372
666,33.300000000000004,12.701077021705604,2.5689549817827673,12.745237624651926,2.6718813688145544
667,33.35,12.704224915979916,2.576309622855207,12.748205330219964,2.679313133296715
668,33.4,12.707359934818706,2.583669761478025,12.751160025662495,2.6867500798810835
669,33.45,12.710482068620987,2.5910353751108017,12.754101701930772,2.6941921857920157
670,33.5,12.713591307825222,2.598406441196349,12.757030350015912,2.701639428238067
671,33.550000000000004,12.71668764290937,2.605782937160786,12.759945960948931,2.7090917844120654
672,33.6,12.719771064390908,2.6131648404135963,12.762848525800775,2.7165492314911734
673,33.65,12.722841562826858,2.620552128347709,12.76573803568234,2.724011746636967
674,33.7,12.725899128813822,2.6279447783395615,12.768614481744503,2.7314793069955003
675,33.75,12.728943752988009,2.635342767749166,12.771477855178155,2.7389518896973724
676,33.800000000000004,12.731975426025256,2.6427460739201885,12.774328147214211,2.746429471857807
677,33.85,12.73499413864107,2.650154674180008,12.77716534912366,2.753912030576714
678,33.9,12.737999881590643,2.657568545839793,12.779989452217567,2.7613995429387637
679,33.95,12.740992645668891,2.6649876661945666,12.782800447847125,2.7688919860134544
680,34.0,12.743972421710478,2.6724120125232784,12.785598327403656,2.776389336855185
681,34.050000000000004,12.746939200589837,2.679841562088875,12.78838308231866,2.783891572503326
682,34.1,12.749892973221217,2.6872762921383644,12.791154704063826,2.7913986699822844
683,34.15,12.752833730558685,2.6947161799028927,12.793913184151064,2.7989106063015803
684,34.2,12.75576146359618,2.702161202597811,12.796658514132533,2.806427358455917
685,34.25,12.758676163367518,2.70961133742274,12.799390685600661,2.8139489034252443
686,34.300000000000004,12.761577820946433,2.7170665615616505,12.802109690188173,2.821475218174838
687,34.35,12.764466427446603,2.724526852182923,12.804815519568121,2.8290062796553648
688,34.4,12.767341974021672,2.7319921864394217,12.807508165453907,2.8365420648029525
689,34.45,12.77020445186528,2.739462541468572,12.8101876195993,2.8440825505392713
690,34.5,12.773053852211092,2.746937894392409,12.812853873798478,2.8516277137715806
691,34.550000000000004,12.775890166332822,2.754418222317678,12.815506919886039,2.859177531392832
692,34.6,12.77871338554426,2.7619035023358767,12.81814674973703,2.866731980281711
693,34.65,12.781523501199299,2.7693937115233407,12.820773355266978,2.8742910373027235
694,34.7,12.78432050469196,2.776888826941312,12.823386728431899,2.8818546793062647
695,34.75,12.787104387456425,2.784388825636004,12.825986861228344,2.8894228831286863
696,34.800000000000004,12.789875140967055,2.7918936846386773,12.828573745693408,2.89699562559237
697,34.85,12.792632756738417,2.7994033809657064,12.831147373904757,2.904572883505798
698,34.9,12.795377226325318,2.806917891618653,12.83370773798066,2.9121546336636235
699,34.95,12.798108541322819,2.8144371935843338,12.836254830080003,2.919740852846743
700,35.0,12.800826693366272,2.8219612638348925,12.838788642402317,2.927331517822366
701,35.050000000000004,12.803531674131339,2.8294900793278703,12.841309167187806,2.934926605344088
702,35.1,12.806223475334017,2.837023617006273,12.843816396717363,2.9425260921519563
703,35.15,12.808902088730665,2.8445618537986506,12.846310323312599,2.9501299549725517
704,35.2,12.811567506118038,2.8521047666191577,12.848790939335869,2.9577381705190495
705,35.25,12.814219719333291,2.8596523323676295,12.851258237190285,2.965350715491295
706,35.300000000000004,12.816858720254025,2.8672045279296525,12.853712209319749,2.972967566575876
707,35.35,12.819484500798303,2.8747613301766317,12.856152848208977,2.98058870044619
708,35.4,12.822097052924676,2.8823227159658678,12.858580146383511,2.9882140937625223
709,35.45,12.8246963686322,2.889888662140623,12.860994096409755,2.995843723172112
710,35.5,12.827282439960474,2.8974591455301923,12.863394690894983,3.003477565309224
711,35.550000000000004,12.829855258989658,2.905034142949977,12.865781922487384,3.0111155967952237
712,35.6,12.832414817840498,2.912613631201551,12.868155783876059,3.018757794238643
713,35.65,12.834961108674342,2.92019758707274,12.87051626779106,3.0264041342352614
714,35.7,12.83749412369318,2.927785987337686,12.872863367003406,3.0340545933681686
715,35.75,12.840013855139652,2.9353788087569153,12.875197074325108,3.0417091482078367
716,35.800000000000004,12.842520295297087,2.942976028077422,12.87751738260919,3.049367775312201
717,35.85,12.845013436489511,2.9505776220327253,12.87982428474971,3.0570304512267183
718,35.9,12.847493271081682,2.95818356734295,12.88211777368178,3.064697152484451
719,35.95,12.849959791479108,2.9657938407148965,12.884397842381594,3.0723678556061347
720,36.0,12.852412990128073,2.9734084188421064,12.886664483866442,3.080042537100244
721,36.050000000000004,12.854852859515656,2.981027278404942,12.888917691194735,3.0877211734630756
722,36.1,12.857279392169762,2.988650396070649,12.891157457466031,3.0954037411788082
723,36.15,12.859692580659132,2.9962777484934375,12.893383775821043,3.103090216719586
724,36.2,12.862092417593384,3.003909312314548,12.895596639441678,3.110780576545586
725,36.25,12.864478895623016,3.0115450641623194,12.89779604155104,3.1184747971050832
726,36.300000000000004,12.86685200743944,3.01918498065227,12.89998197541346,3.1261728548345364
727,36.35,12.869211745775008,3.02682903838716,12.902154434334523,3.1338747261586475
728,36.4,12.871558103403016,3.034477213957068,12.904313411661068,3.1415803874904418
729,36.45,12.873891073137749,3.0421294839394655,12.906458900781232,3.14928981523134
730,36.5,12.87621064783449,3.0497858248992777,12.908590895124458,3.1570029857712227
731,36.550000000000004,12.878516820389542,3.0574462133889693,12.910709388161512,3.164719875488513
732,36.6,12.880809583740255,3.0651106259486047,12.912814373404515,3.172440460750241
733,36.65,12.883088930865041,3.072779039105927,12.914905844406945,3.1801647179121204
734,36.7,12.885354854783401,3.0804514293764282,12.916983794763679,3.1878926233186218
735,36.75,12.887607348555946,3.088127773263417,12.919048218110992,3.1956241533030374
736,36.800000000000004,12.889846405284416,3.0958080472580978,12.921099108126592,3.2033592841875658
737,36.85,12.892072018111701,3.103492227839636,12.92313645852963,3.211097992283373
738,36.9,12.894284180221863,3.111180291475235,12.92516026308072,3.218840253890671
739,36.95,12.896482884840157,3.1188722146202084,12.927170515581961,3.226586045298792
740,37.0,12.898668125233051,3.1265679737180445,12.92916720987696,3.2343353427862542
741,37.050000000000004,12.900839894708252,3.1342675452004882,12.93115033985084,3.2420881226208405
742,37.1,12.902998186614715,3.1419709054876073,12.933119899430269,3.249844361059668
743,37.15,12.905142994342672,3.149678030987867,12.935075882583469,3.2576040343492627
744,37.2,12.90727431132365,3.157388898098204,12.937018283320244,3.2653671187256332
745,37.25,12.909392131030497,3.1651034832040894,12.938947095691997,3.2731335904143366
746,37.300000000000004,12.911496446977388,3.1728217626796162,12.940862313791737,3.2809034256305623
747,37.35,12.913587252719857,3.1805437128875576,12.942763931754111,3.288676600579194
748,37.4,12.915664541854817,3.1882693101794466,12.94465194375542,3.2964530914548895
749,37.45,12.917728308020564,3.1959985308956496,12.94652634401362,3.304232874442153
750,37.5,12.919778544896825,3.203731351365433,12.948387126788372,3.3120159257154054
751,37.550000000000004,12.921815246204744,3.21146774790704,12.950234286381022,3.3198022214390566
752,37.6,12.923838405706928,3.2192076968277625,12.952067817134647,3.327591737767582
753,37.65,12.925848017207453,3.2269511744240114,12.953887713434066,3.335384450845594
754,37.7,12.927844074551881,3.2346981569813957,12.955693969705838,3.343180336807917
755,37.75,12.929826571627295,3.242448620774785,12.957486580418314,3.350979371779654
756,37.800000000000004,12.931795502362295,3.2502025420683918,12.959265540081619,3.358781531876268
757,37.85,12.933750860727033,3.2579598971158363,12.961030843247695,3.366586793203649
758,37.9,12.935692640733226,3.265720662160226,12.962782484510301,3.3743951318581904
759,37.95,12.93762083643417,3.2734848134342243,12.964520458505032,3.3822065239268615
760,38.0,12.939535441924775,3.2812523271601224,12.966244759909353,3.3900209454872794
761,38.050000000000004,12.941436451341557,3.289023179549917,12.967955383442584,3.397838372607785
762,38.1,12.94332385886268,3.296797346805378,12.969652323865947,3.4056587813475137
763,38.15,12.945197658707954,3.3045748051181243,12.971335575982561,3.413482147756469
764,38.2,12.947057845138875,3.312355530669697,12.973005134637468,3.421308447875599
765,38.25,12.94890441245862,3.3201394996316282,12.974660994717645,3.4291376577368644
766,38.300000000000004,12.95073735501208,3.3279266881655216,12.976303151152026,3.4369697533633174
767,38.35,12.95255666718587,3.3357170724231153,12.977931598911503,3.4448047107691693
768,38.400000000000006,12.954362343408345,3.3435106285463663,12.979546333008958,3.452642505959871
769,38.45,12.956154378149625,3.3513073326675134,12.98114734849927,3.4604831149321793
770,38.5,12.957932765921605,3.359107160909157,12.98273464047933,3.4683265136742363
771,38.550000000000004,12.959697501277972,3.366910089384329,12.984308204088055,3.4761726781656392
772,38.6,12.961448578814231,3.374716094196567,12.985868034506415,3.4840215843775155
773,38.650000000000006,12.9631859931677,3.3825251514399883,12.98741412695742,3.491873208272597
774,38.7,12.964909739017555,3.3903372371993594,12.98894647670617,3.4997275258052896
775,38.75,12.966619811084824,3.398152327550175,12.990465079059845,3.507584512921753
776,38.800000000000004,12.968316204132412,3.405970398558728,12.991969929367723,3.515444145559972
777,38.85,12.969998912965117,3.413791426282179,12.993461023021204,3.5233063996498246
778,38.900000000000006,12.971667932429646,3.4216153867686407,12.994938355453815,3.531171251113167
779,38.95,12.973323257414627,3.429442256057236,12.996401922141224,3.5390386758638943
780,39.0,12.974964882850626,3.4372720101781864,12.997851718601261,3.5469086498080267
781,39.050000000000004,12.97659280371017,3.4451046251528763,12.999287740393925,3.5547811488437753
782,39.1,12.978207015007753,3.452940076993927,13.000709983121402,3.562656148861617
783,39.150000000000006,12.979807511799851,3.460778341705275,13.002118442428072,3.5705336257443716
784,39.2,12.981394289184946,3.468619395282239,13.003513114000532,3.57841355536727
785,39.25,12.982967342303532,3.4764632137115976,13.004893993567597,3.5862959135980343
786,39.300000000000004,12.984526666338137,3.4843097729716677,13.006261076900332,3.594180676296952
787,39.35,12.986072256513332,3.492159049032362,13.007614359812038,3.6020678193169386
788,39.400000000000006,12.987604108095745,3.500011017855284,13.008953838158291,3.6099573185036298
789,39.45,12.989122216394087,3.5078656553937813,13.01027950783694,3.6178491496954366
790,39.5,12.990626576759148,3.515722937593034,13.011591364788119,3.6257432887236334
791,39.550000000000004,12.99211718458383,3.5235828403901226,13.012889404994272,3.6336397114124264
792,39.6,12.993594035303142,3.5314453397140992,13.014173624480145,3.6415383935790264
793,39.650000000000006,12.995057124394235,3.5393104114860665,13.015444019312826,3.649439311033725
794,39.7,12.996506447376397,3.5471780316192483,13.016700585601725,3.65734243957997
795,39.75,12.99794199981108,3.5550481760190626,13.017943319498611,3.665247755014434
796,39.800000000000004,12.999363777301902,3.5629208205832024,13.019172217197614,3.673155233127099
797,39.85,13.000771775494673,3.570795941201695,13.020387274935231,3.6810648497013148
798,39.900000000000006,13.002165990077398,3.5786735137569936,13.021588488990352,3.6889765805138897
799,39.95,13.0035464167803,3.5865535141240352,13.02277585568426,3.6968904013351525
800,40.0,13.00491305137582,3.594435918170327,13.023949371380647,3.704806287929035
801,40.050000000000004,13.006265889678637,3.6023207017560135,13.025109032485615,3.71272421605314
802,40.1,13.007604927545692,3.610207840733948,13.02625483544771,3.7206441614588175
803,40.150000000000006,13.00893016087618,3.6180973109497763,13.02738677675791,3.7285660998912427
804,40.2,13.010241585611574,3.625989088242,13.028504852949645,3.7364900070894835
805,40.25,13.011539197735637,3.6338831484420586,13.029609060598807,3.744415858786582
806,40.300000000000004,13.012822993274433,3.6417794673743997,13.03069939632376,3.7523436307096234
807,40.35,13.014092968296339,3.64967802085655,13.031775856785353,3.7602732985798104
808,40.400000000000006,13.015349118912058,3.657578784699199,13.032838438686927,3.7682048381125446
809,40.45,13.01659144127463,3.665481734706261,13.033887138774325,3.7761382250174895
810,40.5,13.017819931579442,3.6733868466749584,13.034921953835905,3.7840734349986547
811,40.550000000000004,13.019034586064244,3.6812940963958933,13.035942880702544,3.7920104437544673
812,40.6,13.02023540100916,3.689203459653118,13.036949916247659,3.799949226977842
813,40.650000000000006,13.021422372736692,3.6971149122242144,13.0379430573872,3.8078897603562636
814,40.7,13.022595497611743,3.705028429880365,13.038922301079674,3.815832019571853
815,40.75,13.023754772041615,3.7129439883864284,13.039887644326148,3.823775980301448
816,40.800000000000004,13.024900192476036,3.7208615635010127,13.04083908417026,3.8317216182166756
817,40.85,13.02603175540715,3.7287811309765493,13.041776617698224,3.8396689089840246
818,40.900000000000006,13.027149457369553,3.736702666559372,13.04270024203885,3.847617828264926
819,40.95,13.028253294940281,3.7446261459897796,13.043609954363532,3.8555683517158164
820,41.0,13.029343264738833,3.7525515450021265,13.04450575188628,3.863520454988228
821,41.050000000000004,13.030419363427175,3.7604788393248842,13.045387631863715,3.87147411372885
822,41.1,13.03148158770976,3.7684080046807176,13.046255591595083,3.879429303579607
823,41.150000000000006,13.032529934333523,3.776339016786567,13.047109628422252,3.887386000177738
824,41.2,13.033564400087904,3.784271851353711,13.047949739729738,3.8953441791558645
825,41.25,13.034584981804855,3.7922064840878513,13.048775922944703,3.90330381614207
826,41.300000000000004,13.035591676358841,3.800142890689182,13.049588175536956,3.9112648867599735
827,41.35,13.036584480666864,3.808081046852463,13.050386495018978,3.919227366628801
828,41.400000000000006,13.037563391688462,3.8160209282670987,13.051170878945918,3.927191231363466
829,41.45,13.038528406425716,3.823962510617207,13.051941324915594,3.935156456574637
830,41.5,13.039479521923276,3.831905769581698,13.052697830568524,3.943123017868818
831,41.550000000000004,13.040416735268344,3.839850680834348,13.053440393587904,3.951090890848423
832,41.6,13.041340043590713,3.847797220043873,13.054169011699639,3.9590600511118454
833,41.650000000000006,13.042249444062747,3.8557453628740026,13.054883682672335,3.96703047425354
834,41.7,13.04314493389941,3.8636950849835543,13.055584404317312,3.9750021358640897
835,41.75,13.04402651035826,3.871646362026511,13.056271174488609,3.9829750115302884
836,41.800000000000004,13.044894170739475,3.8795991696520966,13.056943991083,3.990949076835214
837,41.85,13.045747912385846,3.8875534835048375,13.057602852039977,3.9989243073582905
838,41.900000000000006,13.046587732682786,3.895509279224658,13.058247755341782,4.006900678675386
839,41.95,13.04741362905835,3.903466532446939,13.058878699013398,4.014878166358868
840,42.0,13.048225598983226,3.9114252188025986,13.059495681122563,4.022856745977688
841,42.050000000000004,13.049023639970763,3.9193853139181662,13.060098699779768,4.03083639309745
842,42.1,13.049807749576956,3.9273467934158566,13.060687753138268,4.038817083280492
843,42.150000000000006,13.050577925400473,3.935309632913645,13.06126283939409,4.046798792085957
844,42.2,13.05133416508265,3.943273808025342,13.06182395678603,4.054781495069867
845,42.25,13.052076466307504,3.9512392943606667,13.062371103595668,4.062765167785201
846,42.300000000000004,13.052804826801738,3.959206067525325,13.062904278147368,4.070749785781968
847,42.35,13.053519244334748,3.967174103121078,13.06342347880828,4.078735324607279
848,42.400000000000006,13.054219716718631,3.9751433767458257,13.063928703988358,4.086721759805433
849,42.45,13.05490624180819,3.9831138639936707,13.064419952140346,4.0947090669179715
850,42.5,13.055578817500944,3.9910855404550034,13.064897221759797,4.102697221483776
851,42.550000000000004,13.056237441737132,3.999058381716573,13.065360511385075,4.110686199039132
852,42.6,13.056882112499714,4.0070323633615565,13.065809819597357,4.1186759751177995
853,42.650000000000006,13.057512827814389,4.015007460969643,13.066245145020632,4.126666525251095
854,42.7,13.058129585749587,4.0229836501171015,13.066666486321719,4.134657824967967
855,42.75,13.058732384416494,4.030960906376859,13.067073842210261,4.142649849795063
856,42.800000000000004,13.05932122196904,4.0389392053185755,13.067467211438734,4.150642575256817
857,42.85,13.059896096603902,4.046918522508714,13.067846592802438,4.15863597687551
858,42.900000000000006,13.060457006560533,4.054898833510626,13.068211985139522,4.166630030171359
859,42.95,13.061003950121147,4.062880113884611,13.068563387330974,4.174624710662579
860,43.0,13.061536925610728,4.070862339188007,13.068900798300621,4.182619993865471
861,43.050000000000004,13.06205593139704,4.078845484975255,13.069224217015147,4.1906158552944826
862,43.1,13.062560965890627,4.086829526797975,13.069533642484076,4.198612270462295
863,43.150000000000006,13.063052027544824,4.094814440205049,13.0698290737598,4.206609214879897
864,43.2,13.06352911485575,4.1028002007426805,13.070110509937555,4.214606664056646
865,43.25,13.06399222636233,4.11078678395449,13.070377950155445,4.222604593500367
866,43.300000000000004,13.064441360646285,4.11877416538157,13.070631393594436,4.230602978717404
867,43.35,13.064876516332138,4.126762320562569,13.070870839478355,4.238601795212706
868,43.400000000000006,13.06529769208723,4.134751225033772,13.071096287073901,4.246601018489909
869,43.45,13.065704886621706,4.142740854329161,13.071307735690642,4.254600624051393
870,43.5,13.066098098688537,4.150731183980506,13.071505184681014,4.262600587398375
871,43.550000000000004,13.066477327083508,4.1587221895174284,13.071688633440331,4.270600884030975
872,43.6,13.066842570645235,4.166713846467479,13.071858081406782,4.278601489448287
873,43.650000000000006,13.067193828255157,4.174706130356214,13.07201352806143,4.286602379148466
874,43.7,13.06753109883755,4.1826990167072715,13.072154972928223,4.294603528628792
875,43.75,13.067854381359524,4.190692481042443,13.072282415573984,4.302604913385751
876,43.800000000000004,13.068163674831025,4.19868649888175,13.072395855608422,4.31060650891511
877,43.85,13.068458978304841,4.206681045743518,13.072495292684126,4.318608290711986
878,43.900000000000006,13.068740290876608,4.214676097144457,13.072580726496568,4.326610234270934
879,43.95,13.069007611684803,4.222671628599724,13.07265215678411,4.334612315086002
880,44.0,13.06926093991076,4.230667615623012,13.072709583327997,4.342614508650826
881,44.050000000000004,13.069500274778662,4.23866403372662,13.07275300595236,4.350616790458697
882,44.1,13.069725615555539,4.246660858421516,13.072782424524211,4.358619136002627
883,44.150000000000006,13.069936961551292,4.25465806521744,13.072797838953464,4.366621520775447
884,44.2,13.070134312118672,4.262655629622945,13.07279924919291,4.374623920269853
885,44.25,13.070317666653294,4.270653527145501,13.072786655238229,4.382626309978506
886,44.300000000000004,13.070487024593632,4.278651733291552,13.072760057127988,4.390628665394096
887,44.35,13.070642385421031,4.286650223566595,13.07271945494365,4.398630962009411
888,44.400000000000006,13.070783748659696,4.294648973475264,13.072664848809552,4.406633175317427
889,44.45,13.070911113876704,4.3026479585213915,13.07259623889293,4.414635280811371
890,44.5,13.071024480681999,4.310647154208091,13.0725136254039,4.4226372539848
891,44.550000000000004,13.071123848728393,4.318646536037835,13.072417008595465,4.43063907033168
892,44.6,13.071209217711573,4.3266460795125194,13.072306388763517,4.438640705346453
893,44.650000000000006,13.071280587370097,4.334645760133552,13.072181766246825,4.446642134524119
894,44.7,13.071337957485396,4.342645553401914,13.072043141427049,4.4546433333603055
895,44.75,13.07138132788177,4.350645434818246,13.071890514728723,4.46264427735135
896,44.800000000000004,13.071410698426403,4.35864537988292,13.07172388661927,4.470644941994367
897,44.85,13.071426069029345,4.366645364096106,13.07154325760899,4.478645302787325
898,44.900000000000006,13.071427439643521,4.374645362957862,13.071348628251053,4.486645335229128
899,44.95,13.071414810264738,4.382645351968195,13.071139999141517,4.494645014819681
900,45.0,13.07138818093167,4.390645306627147,13.070917370919306,4.502644317059973
901,45.050000000000004,13.071347551725873,4.398645202434863,13.07068074426622,4.510643217452147
902,45.1,13.071292922771772,4.406645014891667,13.070430119906925,4.5186416914995755
903,45.150000000000006,13.071224294236664,4.414644719498141,13.07016549860896,4.526639714706939
904,45.2,13.071141666330732,4.422644291755195,13.069886881182729,4.534637262580298
905,45.25,13.071045039307016,4.430643707164145,13.069594268481495,4.542634310627167
906,45.300000000000004,13.070934413461442,4.4386429412267905,13.069287661401386,4.550630834356596
907,45.35,13.070809789132799,4.446641969445478,13.068967060881384,4.5586268092792315
908,45.400000000000006,13.070671166702748,4.454640767323195,13.06863246790333,4.566622210907412
909,45.45,13.070518546595821,4.462639310363626,13.068283883491912,4.574617014755224
910,45.5,13.07035192927942,4.470637574071239,13.067921308714675,4.582611196338585
911,45.550000000000004,13.070171315263806,4.478635533951362,13.067544744681998,4.5906047311753255
912,45.6,13.06997670510211,4.486633165510243,13.06715419254711,4.598597594785245
913,45.650000000000006,13.069768099390329,4.494630444255148,13.066749653506077,4.606589762690211
914,45.7,13.069545498767313,4.50262734569441,13.0663311287978,4.61458121041421
915,45.75,13.069308903914779,4.5106238453375305,13.06589861970401,4.622571913483442
916,45.800000000000004,13.069058315557298,4.518619918695234,13.065452127549264,4.630561847426388
917,45.85,13.068793734462297,4.526615541279551,13.064991653700949,4.638550987773876
918,45.900000000000006,13.068515161440054,4.534610688603894,13.06451719956926,4.646539310059175
919,45.95,13.0682225973437,4.542605336183129,13.064028766607214,4.65452678981805
920,46.0,13.067916043069214,4.550599459533658,13.06352635631064,4.662513402588854
921,46.050000000000004,13.067595499555415,4.558593034173482,13.063009970218165,4.67049912391259
922,46.1,13.067260967783968,4.566586035622284,13.062479609911222,4.678483929332991
923,46.150000000000006,13.066912448779377,4.574578439401505,13.06193527701404,4.6864677943965996
924,46.2,13.06654994360898,4.582570221034414,13.061376973193637,4.694450694652835
925,46.25,13.066173453382952,4.590561356046186,13.06080470015982,4.702432605654069
926,46.300000000000004,13.06578297925429,4.598551819963978,13.060218459665172,4.710413502955708
927,46.35,13.065378522418825,4.606541588316997,13.05961825350506,4.718393362116258
928,46.400000000000006,13.064960084115201,4.614530636636586,13.059004083517605,4.726372158697409
929,46.45,13.064527665624887,4.62251894045629,13.058375951583708,4.7343498682641
930,46.5,13.064081268272167,4.630506475311935,13.057733859627024,4.742326466384603
931,46.550000000000004,13.063620893424128,4.638493216741704,13.057077809613956,4.750301928630595
932,46.6,13.06314654249067,4.646479140286204,13.05640780355366,4.758276230577225
933,46.650000000000006,13.062658216924493,4.654464221488551,13.055723843498024,4.766249347803201
934,46.7,13.062155918221091,4.662448435894442,13.055025931541676,4.7742212558908586
935,46.75,13.061639647918756,4.670431759052224,13.054314069821977,4.782191930426234
936,46.800000000000004,13.061109407598565,4.6784141665129795,13.053588260518996,4.790161346999144
937,46.85,13.060565198884378,4.686395633830589,13.052848505855529,4.798129481203256
938,46.900000000000006,13.060007023442834,4.694376136561817,13.052094808097069,4.8060963086361665
939,46.95,13.059434882983345,4.7023556502663775,13.051327169551818,4.814061804899469
940,47.0,13.058848779258089,4.710334150507019,13.050545592570666,4.822025945598842
941,47.050000000000004,13.05824871406201,4.71831161284959,13.049750079547195,4.829988706344109
942,47.1,13.057634689232806,4.726288012863115,13.04894063291766,4.837950062749319
943,47.150000000000006,13.057006706650931,4.734263326119881,13.048117255160994,4.845909990432829
944,47.2,13.056364768239577,4.742237528195493,13.047279948798787,4.853868465017363
945,47.25,13.055708875964681,4.750210594668963,13.046428716395292,4.861825462130097
946,47.300000000000004,13.055039031834912,4.7581825011227865,13.045563560557405,4.8697809574027415
947,47.35,13.054355237901671,4.766153223142999,13.044684483934667,4.87773492647159
948,47.400000000000006,13.053657496259072,4.774122736319277,13.04379148921925,4.885687344977624
949,47.45,13.052945809043951,4.782091016244989,13.04288457914595,4.893638188566565
950,47.5,13.052220178435846,4.790058038517284,13.041963756492173,4.901587432888962
951,47.550000000000004,13.051480606657003,4.798023778737163,13.041029024077943,4.90953505360026
952,47.6,13.05072709597236,4.805988212509555,13.040080384765876,4.9174810263608775
953,47.650000000000006,13.049959648689544,4.813951315443384,13.03911784146118,4.925425326836278
954,47.7,13.049178267158858,4.821913063151656,13.038141397111643,4.933367930697048
955,47.75,13.048382953773284,4.8298734312515235,13.037151054707623,4.941308813618969
956,47.800000000000004,13.04757371096847,4.837832395364367,13.036146817282043,4.949247951283094
957,47.85,13.04675054122272,4.8457899311158625,13.035128687910381,4.957185319375819
958,47.900000000000006,13.04591344705699,4.8537460141360675,13.034096669710655,4.9651208935889635
959,47.95,13.045062431034882,4.861700620059479,13.033050765843425,4.973054649619834
960,48.0,13.044197495762631,4.869653724525125,13.031990979511766,4.980986563171309
961,48.050000000000004,13.043318643889103,4.87760530317663,13.030917313961275,4.9889166099519135
962,48.1,13.042425878105778,4.88555533166229,13.029829772480053,4.996844765675881
963,48.150000000000006,13.041519201146752,4.893503785635148,13.028728358398691,5.004771006063243
964,48.2,13.04059861578872,4.90145064075307,13.02761307509027,5.012695306839894
965,48.25,13.039664124850978,4.909395872678819,13.026483925970346,5.020617643737668
966,48.300000000000004,13.0387157311954,4.917339457080129,13.025340914496937,5.0285379924944165
967,48.35,13.037753437726444,4.9252813696297775,13.024184044170514,5.036456328854076
968,48.400000000000006,13.03677724739113,4.933221586005665,13.023013318533991,5.044372628566748
969,48.45,13.035787163179045,4.941160081890884,13.021828741172717,5.052286867388771
970,48.5,13.034783188122315,4.949096832973797,13.020630315714458,5.060199021082794
971,48.550000000000004,13.033765325295615,4.957031814948113,13.019418045829386,5.068109065417856
972,48.6,13.032733577816153,4.964965003512951,13.018191935230085,5.076016976169447
973,48.650000000000006,13.031687948843649,4.972896374372931,13.016951987671511,5.0839227291196005
974,48.7,13.030628441580344,4.980825903238235,13.015698206951008,5.091826300056953
975,48.75,13.029555059270976,4.988753565824684,13.014430596908271,5.099727664776823
976,48.800000000000004,13.028467805202782,4.996679337853822,13.013149161425362,5.10762679908129
977,48.85,13.027366682705473,5.004603195052976,13.011853904426676,5.11552367877926
978,48.900000000000006,13.026251695151236,5.012525113155341,13.010544829878931,5.123418279686547
979,48.95,13.025122845954721,5.020445067900046,13.00922194179117,5.1313105776259365
980,49.0,13.023980138573027,5.028363035032238,13.007885244214737,5.139200548427278
981,49.050000000000004,13.022823576505694,5.036278990303151,13.006534741243266,5.14708816792754
982,49.1,13.021653163294694,5.0441929094701745,13.005170437012675,5.154973411970895
983,49.150000000000006,13.020468902524414,5.052104768296938,13.003792335701139,5.162856256408786
984,49.2,13.019270797821655,5.060014542553382,13.002400441529097,5.170736677100012
985,49.25,13.018058852855606,5.067922208015825,13.00099475875922,5.178614649910788
986,49.300000000000004,13.016833071337857,5.075827740467054,12.999575291696413,5.186490150714832
987,49.35,13.015593457022351,5.083731115696376,12.99814204468779,5.1943631553934235
988,49.400000000000006,13.014340013705416,5.091632309499715,12.996695022122672,5.202233639835498
989,49.45,13.013072745225717,5.0995312976796665,12.995234228432565,5.210101579937697
990,49.5,13.011791655464261,5.107428056045588,12.993759668091144,5.2179669516044624
991,49.550000000000004,13.01049674834439,5.115322560413665,12.992271345614256,5.225829730748102
992,49.6,13.009188027831751,5.12321478660698,12.99076926555988,5.233689893288858
993,49.650000000000006,13.0078654979343,5.131104710455601,12.98925343252814,5.241547415154991
994,49.7,13.006529162702286,5.138992307796639,12.987723851161268,5.249402272282845
995,49.75,13.005179026228232,5.146877554474333,12.986180526143611,5.257254440616925
996,49.800000000000004,13.003815092646931,5.154760426340124,12.984623462201599,5.265103896109974
997,49.85,13.002437366135432,5.162640899252721,12.98305266410374,5.2729506147230385
998,49.900000000000006,13.001045850913016,5.170518949078183,12.9814681366606,5.280794572425552
999,49.95,12.9996405512412,5.178394551689986,12.979869884724796,5.288635745195395
1000,50.0,12.998221471423712,5.186267682969107,12.97825791319097,5.2964741090189875
1001,50.050000000000004,12.996788615806484,5.194138318804086,12.976632226995784,5.304309639891345
1002,50.1,12.995341988777634,5.202006435091105,12.974992831117902,5.312142313816158
1003,50.150000000000006,12.993881594767455,5.209872007734068,12.97333973057797,5.319972106805871
1004,50.2,12.992407438248406,5.2177350126446616,12.971672930438613,5.327798994881747
1005,50.25,12.99091952373509,5.225595425742439,12.9699924358044,5.335622954073949
1006,50.300000000000004,12.989417855784243,5.233453222954895,12.968298251821848,5.3434439604216095
1007,50.35,12.98790243899472,5.241308380217528,12.96659038367939,5.351261989972898
1008,50.400000000000006,12.986373278007484,5.249160873473927,12.964868836607373,5.3590770187851104
1009,50.45,12.984830377505592,5.257010678675837,12.963133615878034,5.366889022924724
1010,50.5,12.983273742214175,5.264857771783233,12.961384726805486,5.374697978467481
1011,50.550000000000004,12.981703376900427,5.272702128764405,12.959622174745698,5.382503861498465
1012,50.6,12.980119286373586,5.280543725596011,12.957845965096483,5.390306648112164
1013,50.650000000000006,12.978521475484936,5.288382538263168,12.956056103297488,5.398106314412549
1014,50.7,12.976909949127766,5.296218542759517,12.954252594830157,5.405902836513147
1015,50.75,12.975284712237375,5.3040517150873026,12.952435445217736,5.413696190537118
1016,50.800000000000004,12.973645769791052,5.31188203125744,12.950604660025244,5.421486352617321
1017,50.85,12.971993126808055,5.319709467289591,12.94876024485946,5.429273298896388
1018,50.900000000000006,12.970326788349603,5.32753399921224,12.946902205368902,5.437057005526805
1019,50.95,12.968646759518855,5.335355603062763,12.945030547243817,5.444837448670975
1020,51.0,12.966953045460897,5.343174254887505,12.943145276216153,5.4526146045012975
1021,51.050000000000004,12.965245651362732,5.350989930741852,12.941246398059556,5.460388449200239
1022,51.1,12.963524582453248,5.358802606690301,12.939333918589336,5.468158958960406
1023,51.150000000000006,12.961789844003217,5.36661225880654,12.937407843662458,5.475926109984618
1024,51.2,12.960041441325279,5.374418863173513,12.935468179177528,5.483689878485982
1025,51.25,12.95827937977391,5.382222395883501,12.933514931074763,5.4914502406879615
1026,51.300000000000004,12.956503664745426,5.390022833038192,12.93154810533599,5.499207172824455
1027,51.35,12.954714301677953,5.397820150748753,12.929567707984608,5.506960651139863
1028,51.400000000000006,12.952911296051411,5.405614325135905,12.927573745085581,5.514710651889164
1029,51.45,12.951094653387507,5.413405332329993,12.925566222745422,5.522457151337987
1030,51.5,12.949264379249705,5.421193148471066,12.923545147112163,5.530200125762684
1031,51.550000000000004,12.947420479243217,5.428977749708943,12.921510524375348,5.5379395514504015
1032,51.6,12.94556295901499,5.436759112203288,12.91946236076601,5.545675404699155
1033,51.650000000000006,12.943691824253674,5.444537212123685,12.917400662556645,5.5534076618179
1034,51.7,12.941807080689621,5.452312025649707,12.915325436061202,5.561136299126603
1035,51.75,12.939908734094853,5.460083528970995,12.913236687635063,5.568861292956319
1036,51.800000000000004,12.937996790283059,5.467851698287329,12.91113442367502,5.576582619649264
1037,51.85,12.936071255109562,5.475616509808692,12.909018650619249,5.584300255558876
1038,51.900000000000006,12.934132134471312,5.483377939755358,12.906889374947307,5.592014177049905
1039,51.95,12.93217943430687,5.49113596435795,12.904746603180099,5.599724360498469
1040,52.0,12.93021316059637,5.498890559857527,12.902590341879861,5.607430782292138
1041,52.050000000000004,12.928233319361532,5.506641702505647,12.900420597650143,5.615133418830005
1042,52.1,12.926239916665612,5.514389368564439,12.898237377135782,5.622832246522746
1043,52.150000000000006,12.924232958613407,5.522133534306686,12.896040687022893,5.630527241792715
1044,52.2,12.922212451351225,5.52987417601588,12.893830534038836,5.638218381073985
1045,52.25,12.920178401066867,5.537611269986316,12.891606924952201,5.645905640812455
1046,52.300000000000004,12.91813081398961,5.54534479252315,12.889369866572792,5.653588997465896
1047,52.35,12.916069696390188,5.553074719942475,12.887119365751598,5.661268427504035
1048,52.400000000000006,12.913995054580772,5.560801028571392,12.884855429380773,5.668943907408621
1049,52.45,12.911906894914953,5.568523694748091,12.882578064393625,5.676615413673507
1050,52.5,12.909805223787714,5.576242694821908,12.880287277764577,5.684282922804707
1051,52.550000000000004,12.907690047635425,5.583958005153416,12.877983076509166,5.691946411320484
1052,52.6,12.90556137293581,5.591669602114479,12.875665467684007,5.699605855751406
1053,52.650000000000006,12.903419206207934,5.5993774620883405,12.87333445838677,5.707261232640435
1054,52.7,12.90126355401218,5.607081561469683,12.870990055756174,5.714912518542982
1055,52.75,12.899094422950233,5.6147818766647095,12.868632266971947,5.722559690026991
1056,52.800000000000004,12.896911819665053,5.622478384091212,12.86626109925482,5.730202723673006
1057,52.85,12.89471575084086,5.630171060178639,12.863876559866483,5.73784159607424
1058,52.900000000000006,12.892506223203117,5.637859881368179,12.861478656109597,5.7454762838366555
1059,52.95,12.890283243518498,5.6455448241128225,12.859067395327735,5.753106763579026
1060,53.0,12.888046818594876,5.653225864877436,12.856642784905379,5.760733011933011
1061,53.050000000000004,12.885796955281304,5.660902980138844,12.854204832267902,5.768355005543236
1062,53.1,12.883533660467982,5.668576146385879,12.851753544881529,5.775972721067345
1063,53.150000000000006,12.881256941086253,5.676245340119482,12.849288930253326,5.783586135176095
1064,53.2,12.878966804108565,5.68391053785275,12.846810995931172,5.79119522455341
1065,53.25,12.876663256548463,5.69157171611102,12.844319749503743,5.798799965896458
1066,53.300000000000004,12.874346305460557,5.699228851431944,12.841815198600475,5.806400335915728
1067,53.35,12.87201595794051,5.7068819203655465,12.839297350891554,5.813996311335089
1068,53.400000000000006,12.86967222112501,5.714530899474313,12.83676621408789,5.821587868891876
1069,53.45,12.867315102191746,5.7221757653332475,12.834221795941081,5.8291749853369454
1070,53.5,12.864944608359396,5.729816494529958,12.831664104243412,5.836757637434763
1071,53.550000000000004,12.862560746887596,5.7374530636647165,12.82909314682781,5.844335801963463
1072,53.6,12.860163525076917,5.745085449350532,12.82650893156783,5.8519094557149165
1073,53.650000000000006,12.857752950268848,5.752713628213236,12.823911466377623,5.859478575494823
1074,53.7,12.855329029845777,5.76033757689153,12.821300759211935,5.867043138122751
1075,53.75,12.852891771230956,5.767957272037083,12.818676818066047,5.874603120432241
1076,53.800000000000004,12.850441181888488,5.77557269031458,12.816039650975782,5.882158499270848
1077,53.85,12.8479772693233,5.7831838084018115,12.813389266017456,5.889709251500232
1078,53.900000000000006,12.845500041081124,5.790790602989732,12.810725671307875,5.897255353996219
1079,53.95,12.843009504748466,5.798393050782542,12.808048875004292,5.904796783648879
1080,54.0,12.840505667952595,5.805991128497747,12.8053588853044,5.912333517362586
1081,54.050000000000004,12.83798853836151,5.813584812866245,12.802655710446286,5.919865532056102
1082,54.1,12.835458123683916,5.821174080632379,12.799939358708423,5.927392804662635
1083,54.150000000000006,12.832914431669206,5.828758908554024,12.797209838409632,5.934915312129919
1084,54.2,12.830357470107437,5.836339273402651,12.794467157909072,5.942433031420284
1085,54.25,12.827787246829299,5.843915151963398,12.791711325606196,5.949945939510716
1086,54.300000000000004,12.8252037697061,5.851486521035144,12.788942349940738,5.957454013392944
1087,54.35,12.822607046649736,5.859053357430574,12.786160239392688,5.964957230073493
1088,54.400000000000006,12.819997085612673,5.866615637976262,12.783365002482254,5.972455566573773
1089,54.45,12.81737389458791,5.874173339512725,12.780556647769847,5.979948999930129
1090,54.5,12.814737481608969,5.881726438894512,12.777735183856054,5.987437507193932
1091,54.550000000000004,12.812087854749862,5.88927491299026,12.7749006193816,5.994921065431631
1092,54.6,12.80942502212507,5.896818738682772,12.772052963027344,6.002399651724836
1093,54.650000000000006,12.806748991889517,5.904357892869091,12.769192223514224,6.009873243170384
1094,54.7,12.804059772238542,5.911892352460559,12.766318409603258,6.017341816880403
1095,54.75,12.80135737140788,5.919422094382903,12.763431530095499,6.024805349982397
1096,54.800000000000004,12.798641797673628,5.926947095576293,12.76053159383201,6.032263819619296
1097,54.85,12.79591305935223,5.934467332995417,12.757618609693843,6.0397172029495465
1098,54.900000000000006,12.793171164800448,5.941982783609556,12.754692586602014,6.047165477147167
1099,54.95,12.790416122415326,5.949493424402649,12.751753533517462,6.054608619401825
1100,55.0,12.787647940634185,5.956999232373361,12.748801459441038,6.062046606918899
1101,55.050000000000004,12.784866627934576,5.964500184535165,12.745836373413464,6.069479416919562
1102,55.1,12.782072192834267,5.971996257916398,12.742858284515314,6.076907026640838
1103,55.150000000000006,12.779264643891214,5.979487429560343,12.739867201866986,6.084329413335677
1104,55.2,12.776443989703536,5.986973676525291,12.736863134628665,6.091746554273027
1105,55.25,12.77361023890948,5.994454975884616,12.733846092000308,6.099158426737898
1106,55.300000000000004,12.770763400187409,6.001931304726849,12.730816083221601,6.10656500803144
1107,55.35,12.767903482255761,6.0094026401557326,12.727773117571946,6.1139662754709985
1108,55.400000000000006,12.765030493873034,6.016868959290313,12.724717204370421,6.121362206390202
1109,55.45,12.762144443837755,6.02433023926499,12.721648352975762,6.128752778139015
1110,55.5,12.759245340988448,6.031786457229602,12.718566572786322,6.136137968083819
1111,55.550000000000004,12.756333194203613,6.039237590349487,12.71547187324005,6.143517753607475
1112,55.6,12.753408012401696,6.046683615805554,12.71236426381446,6.150892112109395
1113,55.650000000000006,12.750469804541066,6.054124510794359,12.709243754026604,6.158261021005615
1114,55.7,12.74751857961998,6.061560252528161,12.70611035343304,6.165624457728851
1115,55.75,12.744554346676566,6.068990818235013,12.702964071629808,6.172982399728589
1116,55.800000000000004,12.741577114788782,6.076416185158812,12.699804918252392,6.180334824471137
1117,55.85,12.738586893074398,6.083836330559375,12.696632902975693,6.187681709439698
1118,55.900000000000006,12.73558369069097,6.091251231712516,12.693448035514013,6.195023032134444
1119,55.95,12.732567516835797,6.098660865910102,12.690250325621,6.202358770072578
1120,56.0,12.729538380745911,6.106065210460135,12.687039783089638,6.20968890078841
1121,56.050000000000004,12.72649629169804,6.1134642426868195,12.683816417752213,6.217013401833421
1122,56.1,12.723441259008581,6.12085793993062,12.68058023948028,6.224332250776331
1123,56.150000000000006,12.720373292033566,6.128246279548349,12.677331258184632,6.231645425203171
1124,56.2,12.717292400168644,6.135629238913219,12.67406948381527,6.238952902717351
1125,56.25,12.71419859284904,6.143006795414921,12.670794926361374,6.246254660939723
1126,56.300000000000004,12.71109187954954,6.150378926459701,12.667507595851278,6.253550677508665
1127,56.35,12.707972269784452,6.157745609470406,12.664207502352427,6.260840930080125
1128,56.400000000000006,12.704839773107574,6.165106821886581,12.660894655971353,6.268125396327716
1129,56.45,12.70169439911218,6.1724625411645135,12.657569066853648,6.275404053942762
1130,56.5,12.69853615743097,6.179812744777322,12.654230745183925,6.28267688063438
1131,56.550000000000004,12.695365057736062,6.187157410215014,12.650879701185794,6.289943854129548
1132,56.6,12.692181109738943,6.194496514984555,12.647515945121821,6.297204952173159
1133,56.650000000000006,12.68898432319045,6.201830036609944,12.644139487293506,6.30446015252811
1134,56.7,12.685774707880743,6.209157952632276,12.640750338041252,6.311709432975355
1135,56.75,12.682552273639264,6.216480240609815,12.637348507744322,6.3189527713139775
1136,56.800000000000004,12.679317030334715,6.22379687811806,12.633934006820823,6.32619014536126
1137,56.85,12.676068987875029,6.231107842749811,12.630506845727659,6.333421532952749
1138,56.900000000000006,12.67280815620733,6.23841311211525,12.627067034960506,6.340646911942329
1139,56.95,12.669534545317916,6.24571266384199,12.623614585053787,6.347866260202279
1140,57.0,12.666248165232213,6.253006475575162,12.620149506580622,6.355079555623352
1141,57.050000000000004,12.662949026014761,6.260294524977477,12.616671810152813,6.362286776114838
1142,57.1,12.659637137769172,6.26757678972928,12.613181506420805,6.369487899604625
1143,57.150000000000006,12.656312510638099,6.274853247528651,12.609678606073647,6.376682904039285
1144,57.2,12.65297515480321,6.282123876091437,12.60616311983897,6.383871767384115
1145,57.25,12.649625080485155,6.289388653151345,12.602635058482948,6.391054467623231
1146,57.300000000000004,12.646262297943535,6.296647556460005,12.599094432810265,6.398230982759622
1147,57.35,12.642886817476867,6.303900563787025,12.595541253664086,6.405401290815208
1148,57.400000000000006,12.63949864942256,6.311147652920081,12.591975531926018,6.412565369830934
1149,57.45,12.636097804156876,6.318388801664963,12.588397278516084,6.419723197866807
1150,57.5,12.632684292094897,6.325623987845662,12.584806504392677,6.426874753001988
1151,57.550000000000004,12.629258123690501,6.332853189304429,12.581203220552544,6.434020013334846
1152,57.6,12.625819309436334,6.340076383901835,12.57758743803074,6.441158956983025
1153,57.650000000000006,12.622367859863754,6.347293549516853,12.573959167900592,6.448291562083515
1154,57.7,12.618903785542825,6.35450466404692,12.570318421273676,6.4554178067927195
1155,57.75,12.615427097082272,6.3617097054080025,12.566665209299776,6.462537669286518
1156,57.800000000000004,12.61193780512945,6.368908651534668,12.562999543166852,6.46965112776034
1157,57.85,12.608435920370315,6.376101480380152,12.559321434101001,6.476758160429225
1158,57.900000000000006,12.604921453529382,6.383288169916418,12.55563089336643,6.483858745527888
1159,57.95,12.601394415369711,6.390468698134234,12.551927932265423,6.4909528613107925
1160,58.0,12.597854816692845,6.397643043043242,12.548212562138286,6.498040486052217
1161,58.050000000000004,12.594302668338806,6.404811182672013,12.544484794363342,6.505121598046314
1162,58.1,12.590737981186045,6.411973095068126,12.540744640356875,6.512196175607184
1163,58.150000000000006,12.587160766151413,6.419128758298233,12.536992111573106,6.519264197068942
1164,58.2,12.583571034190133,6.426278150448116,12.533227219504154,6.526325640785775
1165,58.25,12.579968796295748,6.43342124962277,12.52944997567999,6.533380485132016
1166,58.300000000000004,12.576354063500116,6.440558033946458,12.525660391668428,6.540428708502211
1167,58.35,12.57272684687335,6.447688481562785,12.52185847907506,6.547470289311182
1168,58.400000000000006,12.569087157523796,6.454812570634759,12.518044249543244,6.554505205994093
1169,58.45,12.565435006598005,6.461930279344865,12.514217714754055,6.561533437006516
1170,58.5,12.561770405280683,6.469041585895123,12.510378886426253,6.5685549608245
1171,58.550000000000004,12.55809336479467,6.476146468507165,12.506527776316245,6.575569755944634
1172,58.6,12.554403896400899,6.48324490542229,12.502664396218053,6.5825778008841125
1173,58.650000000000006,12.550702011398364,6.490336874901546,12.498788757963277,6.589579074180806
1174,58.7,12.546987721124085,6.497422355225777,12.494900873421052,6.596573554393317
1175,58.75,12.543261036953073,6.504501324695706,12.491000754498028,6.6035612201010565
1176,58.800000000000004,12.539521970298296,6.511573761631996,12.487088413138311,6.610542049904304
1177,58.85,12.53577053261064,6.5186396443753125,12.483163861323444,6.617516022424273
1178,58.900000000000006,12.532006735378882,6.525698951286399,12.479227111072365,6.624483116303182
1179,58.95,12.52823059012965,6.532751660746129,12.475278174441371,6.631443310204306
1180,59.0,12.524442108427383,6.539797751155588,12.47131706352407,6.638396582812058
1181,59.050000000000004,12.520641301874306,6.546837200936126,12.467343790451372,6.645342912832047
1182,59.1,12.516828182110384,6.55386998852944,12.463358367391413,6.652282278991144
1183,59.150000000000006,12.513002760813293,6.56089609239762,12.459360806549551,6.659214660037546
1184,59.2,12.509165049698385,6.567915491023227,12.455351120168316,6.666140034740837
1185,59.25,12.505315060518644,6.574928162909356,12.451329320527364,6.673058381892063
1186,59.300000000000004,12.501452805064662,6.581934086579714,12.44729541994346,6.679969680303798
1187,59.35,12.49757829516459,6.588933240578656,12.443249430770413,6.686873908810188
1188,59.400000000000006,12.493691542684115,6.595925603471283,12.439191365399068,6.6937710462670434
1189,59.45,12.489792559526412,6.602911153843488,12.435121236257247,6.700661071551885
1190,59.5,12.485881357632113,6.609889870302028,12.431039055809714,6.707543963564015
1191,59.550000000000004,12.481957948979272,6.616861731474591,12.426944836558144,6.714419701224584
1192,59.6,12.478022345583325,6.623826716009855,12.422838591041083,6.721288263476646
1193,59.650000000000006,12.474074559497053,6.630784802577562,12.418720331833903,6.72814962928524
1194,59.7,12.470114602810549,6.637735969868576,12.41459007154877,6.735003777637434
1195,59.75,12.466142487651176,6.644680196594956,12.4104478228346,6.741850687542409
1196,59.800000000000004,12.462158226183535,6.651617461490009,12.40629359837703,6.748690338031506
1197,59.85,12.458161830609422,6.658547743308369,12.402127410898366,6.7555227081583
1198,59.900000000000006,12.454153313167797,6.665471020826052,12.39794927315756,6.762347776998663
1199,59.95,12.450132686134742,6.672387272840526,12.39375919795015,6.769165523650827
1200,60.0,12.446099961823423,6.679296478170777,12.389557198108239,6.775975927235451
1201,60.050000000000004,12.442055152584054,6.686198615657367,12.385343286500449,6.782778966895676
1202,60.1,12.43799827080386,6.693093664162506,12.381117476031879,6.7895746217972
1203,60.150000000000006,12.433929328907041,6.699981602570111,12.376879779644073,6.796362871128334
1204,60.2,12.429848339354727,6.706862409785881,12.372630210314973,6.803143694100072
1205,60.25,12.425755314644945,6.7137360647373425,12.36836878105888,6.8099170699461435
1206,60.300000000000004,12.42165026731258,6.720602546373941,12.36409550492642,6.816682977923099
1207,60.35,12.417533209929339,6.727461833667075,12.359810395004494,6.823441397310344
1208,60.400000000000006,12.4134041551037,6.734313905610184,12.355513464416251,6.830192307410225
1209,60.45,12.409263115480897,6.741158741218805,12.351204726321036,6.836935687548087
1210,60.5,12.405110103742858,6.747996319530633,12.346884193914358,6.843671517072333
1211,60.550000000000004,12.400945132608179,6.754826619605591,12.342551880427841,6.850399775354492
1212,60.6,12.396768214832079,6.761649620525887,12.338207799129195,6.857120441789273
1213,60.650000000000006,12.392579363206368,6.7684653013960885,12.333851963322163,6.863833495794644
1214,60.7,12.388378590559398,6.775273641343179,12.32948438634649,6.870538916811884
1215,60.75,12.384165909756035,6.782074619516622,12.325105081577878,6.877236684305645
1216,60.800000000000004,12.379941333697609,6.788868215088427,12.320714062427943,6.883926777764018
1217,60.85,12.375704875321881,6.79565440725321,12.316311342344179,6.890609176698596
1218,60.900000000000006,12.371456547603,6.802433175228268,12.311896934809907,6.897283860644541
1219,60.95,12.36719636355147,6.809204498253627,12.307470853344256,6.903950809160638
1220,61.0,12.362924336214098,6.815968355592113,12.30303311150209,6.910610001829358
1221,61.050000000000004,12.358640478673966,6.822724726529424,12.298583722873994,6.9172614182569365
1222,61.1,12.354344804050383,6.829473590374172,12.294122701086216,6.923905038073406
1223,61.150000000000006,12.35003732549885,6.836214926457974,12.289650059800628,6.9305408409326965
1224,61.2,12.345718056211016,6.842948714135489,12.285165812714697,6.937168806512659
1225,61.25,12.341387009414643,6.8496749327845,12.280669973561423,6.943788914515158
1226,61.300000000000004,12.337044198373555,6.856393561805963,12.276162556109309,6.950401144666115
1227,61.35,12.332689636387608,6.863104580624087,12.271643574162317,6.957005476715584
1228,61.400000000000006,12.328323336792645,6.869807968686382,12.267113041559828,6.963601890437802
1229,61.45,12.323945312960454,6.876503705463723,12.262570972176594,6.970190365631254
1230,61.5,12.319555578298733,6.883191770450424,12.258017379922697,6.9767708821187435
1231,61.550000000000004,12.315154146251038,6.889872143164293,12.253452278743513,6.9833434197474435
1232,61.6,12.310741030296752,6.89654480314669,12.248875682619659,6.989907958388961
1233,61.650000000000006,12.306316243951038,6.903209729962604,12.244287605566955,6.996464477939404
1234,61.7,12.301879800764803,6.9098669032006965,12.239688061636386,7.0030129583194345
1235,61.75,12.29743171432465,6.916516302473381,12.235077064914053,7.009553379474335
1236,61.800000000000004,12.292971998252838,6.923157907416878,12.230454629521125,7.016085721374073
1237,61.85,12.288500666207248,6.92979169769128,12.225820769613811,7.022609964013357
1238,61.900000000000006,12.284017731881328,6.936417652980606,12.221175499383303,7.029126087411699
1239,61.95,12.279523209004061,6.943035752992876,12.216518833055735,7.035634071613476
1240,62.0,12.27501711133992,6.949645977460161,12.211850784892146,7.042133896687989
1241,62.050000000000004,12.270499452688828,6.956248306138654,12.207171369188432,7.048625542729531
1242,62.1,12.26597024688611,6.962842718808732,12.202480600275296,7.055108989857441
1243,62.150000000000006,12.26142950780245,6.969429195275009,12.197778492518212,7.061584218216169
1244,62.2,12.256877249343866,6.976007715366407,12.19306506031739,7.068051207975332
1245,62.25,12.25231348545164,6.9825782589362095,12.188340318107704,7.074509939329775
1246,62.300000000000004,12.247738230102298,6.989140805862135,12.183604280358676,7.080960392499642
1247,62.35,12.243151497307554,6.99569533604639,12.178856961574418,7.087402547730425
1248,62.400000000000006,12.238553301114276,7.0022418294157305,12.17409837629359,7.09383638529303
1249,62.45,12.233943655604437,7.008780265921523,12.16932853908936,7.100261885483832
1250,62.5,12.229322574895072,7.01531062553981,12.164547464569347,7.106679028624739
1251,62.550000000000004,12.224690073138232,7.021832888271375,12.159755167375584,7.1130877950632625
1252,62.6,12.220046164520957,7.028347034141792,12.154951662184484,7.119488165172555
1253,62.650000000000006,12.21539086326521,7.034853043201492,12.150136963706773,7.12588011935149
1254,62.7,12.210724183627848,7.041350895525829,12.145311086687466,7.132263638024711
1255,62.75,12.206046139900575,7.0478405712151355,12.140474045905805,7.1386387016427
1256,62.800000000000004,12.201356746409893,7.054322050394786,12.13562585617522,7.145005290681828
1257,62.85,12.196656017517068,7.0607953132152526,12.130766532343294,7.15136338564442
1258,62.900000000000006,12.19194396761808,7.067260339852175,12.125896089291702,7.157712967058818
1259,62.95,12.187220611143577,7.073717110506411,12.12101454193617,7.164054015479429
1260,63.0,12.182485962558832,7.080165605404111,12.116121905226432,7.170386511486802
1261,63.050000000000004,12.177740036363707,7.086605804796763,12.111218194146186,7.176710435687674
1262,63.1,12.172982847092594,7.093037688961258,12.106303423713044,7.1830257687150265
1263,63.150000000000006,12.168214409314384,7.0994612381999564,12.101377608978485,7.189332491228159
1264,63.2,12.16343473763241,7.105876432840745,12.096440765027813,7.195630583912739
1265,63.25,12.158643846684418,7.112283253237098,12.09149290698011,7.201920027480866
1266,63.300000000000004,12.153841751142503,7.1186816797681285,12.086534049988183,7.2082008026711195
1267,63.35,12.14902846571308,7.125071692838662,12.081564209238532,7.214472890248633
1268,63.400000000000006,12.144204005136835,7.131453272879287,12.076583399951293,7.220736271005139
1269,63.45,12.139368384188671,7.137826400346423,12.071591637380184,7.226990925759045
1270,63.5,12.134521617677677,7.144191055722367,12.06658893681248,7.233236835355471
1271,63.550000000000004,12.129663720447066,7.150547219515374,12.06157531356894,7.239473980666327
1272,63.6,12.124794707374152,7.1568948722596915,12.05655078300379,7.245702342590358
1273,63.650000000000006,12.119914593370277,7.16323399451564,12.051515360504643,7.251921902053211
1274,63.7,12.11502339338079,7.169564566869662,12.046469061492484,7.258132640007491
1275,63.75,12.110121122384985,7.175886569934384,12.041411901421593,7.264334537432816
1276,63.800000000000004,12.105207795396066,7.18219998434868,12.036343895779522,7.270527575335883
1277,63.85,12.10028342746109,7.188504790777719,12.031265060087035,7.276711734750515
1278,63.900000000000006,12.095348033660933,7.1948009699130395,12.026175409898064,7.282886996737733
1279,63.95,12.090401629110232,7.201088502472593,12.021074960799654,7.2890533423857935
1280,64.0,12.085444228957348,7.207367369200821,12.015963728411927,7.295210752810275
1281,64.05,12.080475848384316,7.213637550868698,12.010841728388032,7.301359209154113
1282,64.10000000000001,12.075496502606793,7.2198990282737965,12.005708976414084,7.307498692587663
1283,64.15,12.070506206874029,7.22615178224035,12.00056548820914,7.3136291843087635
1284,64.2,12.065504976468796,7.232395793619296,11.995411279525124,7.319750665542782
1285,64.25,12.06049282670736,7.238631043288363,11.990246366146796,7.325863117542693
1286,64.3,12.055469772939425,7.244857512152101,11.985070763891699,7.331966521589116
1287,64.35000000000001,12.050435830548087,7.251075181141955,11.979884488610109,7.338060858990383
1288,64.4,12.045391014949795,7.257284031216315,11.974687556184994,7.344146111082585
1289,64.45,12.04033534159429,7.263484043360585,11.969479982531956,7.350222259229645
1290,64.5,12.035268825964568,7.269675198587234,11.96426178359918,7.356289284823366
1291,64.55,12.030191483576832,7.275857477935852,11.959032975367403,7.362347169283485
1292,64.60000000000001,12.025103329980432,7.282030862473214,11.953793573849838,7.368395894057735
1293,64.65,12.020004380757843,7.288195333293335,11.948543595092156,7.374435440621903
1294,64.7,12.014894651524589,7.294350871517527,11.94328305517241,7.38046579047988
1295,64.75,12.009774157929211,7.300497458294458,11.938011970200996,7.386486925163724
1296,64.8,12.004642915653218,7.306635074800214,11.932730356320613,7.392498826233718
1297,64.85000000000001,11.999500940411032,7.31276370223835,11.927438229706192,7.39850147527842
1298,64.9,11.994348247949954,7.318883321839943,11.922135606564876,7.404494853914716
1299,64.95,11.989184854050096,7.324993914863665,11.916822503135936,7.410478943787893
1300,65.0,11.984010774524352,7.331095462595834,11.911498935690753,7.416453726571681
1301,65.05,11.978826025218332,7.337187946350461,11.906164920532746,7.4224191839683105
1302,65.10000000000001,11.97363062201033,7.343271347469321,11.900820473997332,7.428375297708574
1303,65.15,11.968424580811263,7.349345647322003,11.895465612451874,7.434322049551879
1304,65.2,11.963207917564628,7.355410827305966,11.890100352295631,7.440259421286299
1305,65.25,11.957980648246451,7.3614668688466045,11.884724709959709,7.446187394728643
1306,65.3,11.952742788865242,7.36751375339729,11.879338701907008,7.452105951724489
1307,65.35000000000001,11.94749435546194,7.373551462439451,11.873942344632173,7.4580150741482685
1308,65.4,11.94223536410987,7.379579977482605,11.868535654661546,7.463914743903296
1309,65.45,11.936965830914687,7.385599280064426,11.863118648553108,7.469804942921836
1310,65.5,11.931685772014335,7.39160935175081,11.857691342896441,7.4756856531651605
1311,65.55,11.926395203578988,7.397610174135912,11.852253754312658,7.481556856623597
1312,65.60000000000001,11.921094141811004,7.403601728842227,11.846805899454369,7.487418535316596
1313,65.65,11.915782602944887,7.409583997520612,11.841347795005632,7.493270671292762
1314,65.7,11.910460603247222,7.4155569618503785,11.835879457681887,7.4991132466299355
1315,65.75,11.905128159016622,7.421520603539331,11.830400904229908,7.504946243435238
1316,65.8,11.899785286583697,7.427474904323819,11.824912151427764,7.510769643845119
1317,65.85000000000001,11.894432002310985,7.433419845968801,11.81941321608475,7.5165834300254195
1318,65.9,11.889068322592923,7.439355410267897,11.81390411504136,7.522387584171423
1319,65.95,11.883694263855771,7.445281579043447,11.808384865169208,7.528182088507913
1320,66.0,11.87830984255758,7.4511983341465635,11.80285548337099,7.533966925289224
1321,66.05,11.87291507518814,7.45710565745719,11.797315986580438,7.5397420767993
1322,66.10000000000001,11.867509978268913,7.463003530884151,11.791766391762252,7.54550752535174
1323,66.15,11.862094568353012,7.468891936365216,11.786206715912064,7.551263253289864
1324,66.2,11.856668862025122,7.4747708558671455,11.780636976056376,7.557009242986761
1325,66.25,11.851232875901468,7.480640271385755,11.775057189252518,7.562745476845341
1326,66.3,11.84578662662975,7.486500164945963,11.769467372588574,7.5684719372983915
1327,66.35000000000001,11.8403301308891,7.492350518601853,11.763867543183355,7.574188606808636
1328,66.4,11.834863405390038,7.498191314436716,11.75825771818634,7.579895467868772
1329,66.45,11.829386466874404,7.5040225345631235,11.752637914777607,7.585592503001546
1330,66.5,11.823899332115316,7.509844161122967,11.747008150167803,7.591279694759792
1331,66.55,11.818402017917121,7.51565617628752,11.741368441598077,7.596957025726489
1332,66.60000000000001,11.81289454111534,7.52145856225749,11.735718806340032,7.602624478514816
1333,66.65,11.807376918576615,7.527251301263077,11.73005926169567,7.608282035768204
1334,66.7,11.801849167198665,7.533034375564019,11.724389824997345,7.613929680160386
1335,66.75,11.796311303910219,7.538807767449657,11.718710513607702,7.619567394395458
1336,66.8,11.790763345670982,7.544571459238982,11.713021344919627,7.625195161207921
1337,66.85000000000001,11.785205309471568,7.550325433280696,11.70732233635619,7.630812963362749
1338,66.9,11.779637212333464,7.556069671953253,11.70161350537061,7.6364207836554225
1339,66.95,11.77405907130896,7.561804157664927,11.69589486944617,7.642018604911996
1340,67.0,11.76847090348111,7.567528872853864,11.690166446096189,7.647606409989152
1341,67.05,11.762872725963671,7.573243799988125,11.684428252863961,7.653184181774235
1342,67.10000000000001,11.757264555901058,7.578948921565753,11.678680307322697,7.658751903185329
1343,67.15,11.75164641046829,7.584644220114813,11.672922627075476,7.664309557171286
1344,67.2,11.746018306870932,7.590329678193461,11.667155229755192,7.669857126711799
1345,67.25,11.740380262345045,7.596005278389986,11.66137813302449,7.67539459481744
1346,67.3,11.734732294157139,7.601671003322865,11.655591354575728,7.680921944529715
1347,67.35000000000001,11.729074419604107,7.607326835640824,11.649794912130906,7.686439158921124
1348,67.4,11.723406656013191,7.612972758022873,11.643988823441632,7.691946221095196
1349,67.45,11.71772902074191,7.618608753178387,11.63817310628904,7.697443114186564
1350,67.5,11.712041531178018,7.624234803847132,11.632347778483764,7.702929821360994
1351,67.55,11.706344204739448,7.6298508927993325,11.626512857865864,7.708406325815449
1352,67.60000000000001,11.700637058874255,7.6354570028357225,11.62066836230478,7.713872610778142
1353,67.65,11.694920111060572,7.641053116787589,11.614814309699277,7.719328659508573
1354,67.7,11.689193378806547,7.646639217516843,11.608950717977384,7.724774455297603
1355,67.75,11.68345687965029,7.652215287916053,11.603077605096347,7.7302099814674845
1356,67.8,11.677710631159828,7.657781310908506,11.597194989042569,7.735635221371922
1357,67.85000000000001,11.67195465093304,7.663337269448265,11.591302887831558,7.741050158396124
1358,67.9,11.666188956597615,7.6688831465202085,11.58540131950787,7.74645477595685
1359,67.95,11.660413565810984,7.674418925140093,11.579490302145052,7.7518490575024614
1360,68.0,11.65462849626028,7.6799445883546,11.573569853845592,7.757232986512976
