step,time,agent,x,y,ux,uy
0,0.0,0,-7.088267075925242,-2.358001971219555,0.9659486887161308,0.2587337060082556
0,0.0,1,-7.162544420585444,-1.3786419314884486,0.9872372662991876,0.15925633388106922
0,0.0,2,-7.019886458355111,-0.489881355879052,0.9988973501329697,0.04694767027096151
0,0.0,3,-6.932556594335653,0.4686349239580615,0.9956955409982524,-0.09268435403716521
0,0.0,4,-7.061985308644113,1.2639385121534068,0.9842340154202461,-0.17687114727662334
0,0.0,5,-7.0603945825459,2.134814871412873,0.9674456991078961,-0.2530786817032859
1,0.05,0,-7.039969641489436,-2.345065285919142,0.9663681591980833,0.2571625570424627
1,0.05,1,-7.113182557270485,-1.370679114794395,0.9874602290924143,0.15786796955363794
1,0.05,2,-6.969941590848462,-0.48753397236550394,0.9989253079079458,0.04634899207704859
1,0.05,3,-6.88277181728574,0.46400070625620327,0.9957754654532899,-0.09182168723908614
1,0.05,4,-7.0127736078731004,1.2550949547895756,0.984478010309872,-0.1755079686639848
1,0.05,5,-7.012022297590505,2.122160937327709,0.9678218503441749,-0.25163637624690793
2,0.1,0,-6.991651233529532,-2.332207158067019,0.9667878711774095,0.25558014789899397
2,0.1,1,-7.0638095458158645,-1.3627857163167132,0.9876815838760838,0.1564771188427221
2,0.1,2,-6.919995325453065,-0.4852165227616515,0.9989527896042848,0.04575285768466971
2,0.1,3,-6.832983044013076,0.45940962189424894,0.9958546328084849,-0.09095905759759249
2,0.1,4,-6.963549707357607,1.2463195563563763,0.9847209835088022,-0.1741395546241132
2,0.1,5,-6.9636312050732965,2.1095791185153634,0.9681986816421951,-0.25018255878426654
3,0.15000000000000002,0,-6.9433118399706615,-2.3194281506720693,0.9672077277921677,0.2539866357787646
3,0.15000000000000002,1,-7.01442546662206,-1.354961860374577,0.9879012800301469,0.15508404419248537
3,0.15000000000000002,2,-6.8700476859728505,-0.482928879877418,0.9989797956324432,0.04515935962299479
3,0.15000000000000002,3,-6.7831903123726525,0.4548616690143693,0.9959330290639822,-0.0900966229310216
3,0.15000000000000002,4,-6.9143136581821665,1.2376125786251706,0.9849628746360808,-0.1727661293042888
3,0.15000000000000002,5,-6.915221270991187,2.0970699905761503,0.9685761106332236,-0.24871734511960164
4,0.2,0,-6.894951453581053,-2.306728818883131,0.9676276309124099,0.2523821858792672
4,0.2,1,-6.9650304026205525,-1.3472076581649528,0.9881192681753108,0.15368900971750432
4,0.2,2,-6.820098696191228,-0.48067091189626826,0.9990063266533608,0.04456858926193106
4,0.2,3,-6.733393660919454,0.4503568378678182,0.9960106408681786,-0.08923453995181059
4,0.2,4,-6.865065514450363,1.2289742721599561,0.9852036240291692,-0.17138791977506299
4,0.2,5,-6.866792465459525,2.0846341233201704,0.9689540536922294,-0.24724085763741635
5,0.25,0,-6.8465700720354326,-2.294109709589168,0.9680474812361024,0.25076697136191184
5,0.25,1,-6.915624439211787,-1.3395232076790775,0.9883355002188801,0.15229228100353295
5,0.25,2,-6.7701483798585596,-0.4784424824331717,0.9990323835744739,0.04398063676808844
5,0.25,3,-6.683593128876045,0.4458951108702277,0.9960874555232139,-0.08837296414177694
5,0.25,4,-6.815805333248904,1.220404876171203,0.9854431728029356,-0.17000515586277407
5,0.25,5,-6.818344762774914,2.0722720804382995,0.9693324260061321,-0.24575322529741342
6,0.30000000000000004,0,-6.798167697973628,-2.2815713610210726,0.968467178388214,0.2491411733085398
6,0.30000000000000004,1,-6.866207664200843,-1.3319085936289008,0.9885499293984984,0.15089412490627127
6,0.30000000000000004,2,-6.720196760679836,-0.4762434505947673,0.9990579675454774,0.04339559106217066
6,0.30000000000000004,3,-6.633788756099884,0.44147646266313884,0.9961634609894434,-0.08751204962890226
6,0.30000000000000004,4,-6.766533174608758,1.2119046183780642,0.9856814629076441,-0.16861806997718476
6,0.30000000000000004,5,-6.769878141474607,2.059984419173429,0.9697111416448282,-0.2442545836212357
7,0.35000000000000003,0,-6.749744339054217,-2.2691143023556455,0.9688866210227894,0.24750498066703167
7,0.35000000000000003,1,-6.816780167730918,-1.3243638873835872,0.9887625103237129,0.14949480934845547
7,0.35000000000000003,2,-6.670243862302562,-0.47407367104165876,0.9990830799538478,0.042813539777851566
7,0.35000000000000003,3,-6.583980583050412,0.4371008601816937,0.9962386458888987,-0.08665194906585433
7,0.35000000000000003,4,-6.717249101463375,1.203473714879205,0.98591843718581,-0.16722689693449916
7,0.35000000000000003,5,-6.721392584392366,2.0477716899923672,0.9700901136349,-0.24274507467086928
8,0.4,0,-6.701300008003078,-2.2567390533222937,0.9693057069278231,0.24585859018595027
8,0.4,1,-6.767342042214732,-1.3168891469161645,0.9889731990152806,0.14809460311560038
8,0.4,2,-6.6202897083048695,-0.4719329940527662,0.9991077224201379,0.04223456922218974
8,0.4,3,-6.534168650755967,0.43276826272840097,0.9963129995077274,-0.085792813510479
8,0.4,4,-6.667953179604085,1.19511237003248,0.9861540394278009,-0.16583187377602768
8,0.4,5,-6.6728880787106215,2.0356344362588237,0.9704692540358971,-0.24122484701858288
9,0.45,0,-6.652834722656687,-2.2444461238129962,0.969724333132728,0.24420220633818704
9,0.45,1,-6.717893382263968,-1.3094844167603845,0.9891819529421487,0.14669377565072603
9,0.45,2,-6.570334322183863,-0.4698212655916567,0.9991318967930501,0.04165876433763499
9,0.45,3,-6.4843530007805805,0.428478622052877,0.9963865117976249,-0.08493479230849255
9,0.45,4,-6.618645477632695,1.1868207763436787,0.9863882144260662,-0.16443323958278788
9,0.45,5,-6.624364616008827,2.0235731939078945,0.9708484740190791,-0.23969405570829636
10,0.5,0,-6.604348506000051,-2.232236013496087,0.9701423960181933,0.24253604123360475
10,0.5,1,-6.66843428461686,-1.3021497279778482,0.9893887310560456,0.14529259684840615
10,0.5,2,-6.5203777273442105,-0.46773832737477494,0.9991556051443052,0.04108620866567508
10,0.5,3,-6.434533675190699,0.42423188243745236,0.9964591733762557,-0.08407803297860031
10,0.5,4,-6.569326066911391,1.1785991143645393,0.9866209080278728,-0.1630312352863355
10,0.5,5,-6.575822192307873,2.0115884911224797,0.9712276839484891,-0.23815286220828435
11,0.55,0,-6.555841386199141,-2.2201092114344068,0.97055979142821,0.24086031452069476
11,0.55,1,-6.618964848064058,-1.2948850981354278,0.989593493823623,0.14389133684847838
11,0.55,2,-6.470419947086995,-0.4656840169414912,0.9991788497633122,0.04051698431216811
11,0.55,3,-6.384710716521886,0.4200279807885223,0.9965309755266796,-0.08322268110026015
11,0.55,4,-6.519995021509998,1.1704475526002225,0.9868520671864381,-0.16162610347613937
11,0.55,5,-6.527260808110449,1.9996808480120656,0.9716067934642318,-0.23660143435514402
12,0.6000000000000001,0,-6.507313396627731,-2.208066195708372,0.9709764147840338,0.23917525327729203
12,0.6000000000000001,1,-6.569485173372877,-1.287690531293004,0.9897962032560991,0.1424902658297612
12,0.6000000000000001,2,-6.420461004598829,-0.4636581677258828,0.9992016331516537,0.03995117191440402
12,0.6000000000000001,3,-6.334884167745552,0.4158668467335093,0.9966019101957894,-0.08236888020430655
12,0.6000000000000001,4,-6.470652418150676,1.1623662474264156,0.9870816400103471,-0.16021808820381966
12,0.6000000000000001,5,-6.478680468437237,1.9878507762943083,0.971985711567808,-0.23503994628897334
13,0.65,0,-6.458764575888529,-2.1961074330445074,0.9713921611998529,0.2374810918904225
13,0.65,1,-6.5199953632100724,-1.280566018001516,0.9899968229363579,0.14108965380412006
13,0.65,2,-6.370500922941247,-0.4616606091301626,0.9992239580173985,0.039388850609932254
13,0.65,3,-6.285054072235763,0.411748402723294,0.9966719699917781,-0.08151677166664102
13,0.65,4,-6.4212983361501585,1.1543553430162246,0.9873095758111506,-0.15880743478458528
13,0.65,5,-6.430081182858847,1.9760987789798596,0.9723643467093588,-0.2334685783797244
14,0.7000000000000001,0,-6.410194967828537,-2.1842333784499863,0.9718069255999111,0.23577807192537617
14,0.7000000000000001,1,-6.4704955220632545,-1.27351153531131,0.9901953180434684,0.139689770411231
14,0.7000000000000001,2,-6.320539725040377,-0.45969116659966597,0.9992458272692532,0.03883009800719225
14,0.7000000000000001,3,-6.235220473736174,0.40767256413996195,0.9967411481806502,-0.0806664946051881
14,0.7000000000000001,4,-6.371932857359601,1.1464149712769953,0.9875358251490441,-0.15739438959621307
14,0.7000000000000001,5,-6.3814629655233785,1.9644253500608735,0.9727426068766631,-0.23188751714472006
15,0.75,0,-6.361604621548541,-2.1724444748537177,0.9722206028368393,0.23406644198413473
15,0.75,1,-6.420985756161081,-1.2665270467907483,0.9903916553745916,0.13829088471438383
15,0.75,2,-6.270577433676914,-0.45774966169930636,0.9992672440105634,0.03827499015797632
15,0.75,3,-6.1853834163271415,0.40363923940970253,0.996809438681797,-0.0798181857803072
15,0.75,4,-6.322556066102149,1.1385452517971846,0.9877603398765298,-0.15597919987592235
15,0.75,5,-6.332825835179546,1.9528309742036374,0.9731203996857206,-0.23029695515733972
16,0.8,0,-6.312993591406699,-2.160741152754511,0.9726330878109347,0.23234645755330238
16,0.8,1,-6.371466173392352,-1.259612502555029,0.9905858033642526,0.13689326499767032
16,0.8,2,-6.220614071476386,-0.45583591219140757,0.999288211533181,0.03772360153175339
16,0.8,3,-6.135542944393052,0.3996483301206872,0.9968768360626582,-0.07897197949883959
16,0.8,4,-6.273168049108323,1.1307462918033884,0.9879830731799751,-0.15456211351550833
16,0.8,5,-6.284169815195259,1.9413161264457703,0.97349763247275,-0.22869709094690482
17,0.8500000000000001,0,-6.264361937016153,-2.149123829876846,0.973044275590131,0.23061838084172134
17,0.8500000000000001,1,-6.321936883224139,-1.2527678393051456,0.9907777321009624,0.13549717856489799
17,0.8500000000000001,2,-6.170649660899727,-0.45394973211481987,0.999308733311204,0.03717600499187557
17,0.8500000000000001,3,-6.085699102589919,0.3956997311457452,0.996943335532494,-0.07812800752196063
17,0.8500000000000001,4,-6.223768895449324,1.123018186127613,0.9882039796189807,-0.1531433788551012
17,0.8500000000000001,5,-6.235494933571622,1.929881271898425,0.9738742123874247,-0.22708812888981206
18,0.9,0,-6.215709723236646,-2.1375929108347598,0.9734540615303859,0.2288824806079751
18,0.9,1,-6.272397996619091,-1.2459929803769008,0.9909674133411778,0.13410289154056643
18,0.9,2,-6.120684224234167,-0.4520909318652261,0.9993288129946085,0.03663227177368768
18,0.9,3,-6.0358519358132945,0.3917933307696472,0.9970089329352934,-0.07728639897699623
18,0.9,4,-6.174358696468375,1.1153610171848578,0.9884230151634816,-0.15172324447593086
18,0.9,5,-6.18680122295225,1.9185268654539345,0.974250046487162,-0.2254702790919906
19,0.9500000000000001,0,-6.167037020160127,-2.126148786804361,0.9738623413962259,0.2271390319780132
19,0.9500000000000001,1,-6.2228496259520325,-1.2392878357998725,0.9911548205206,0.13271066867323994
19,0.9500000000000001,2,-6.070717783584437,-0.4502593182765417,0.9993484544027785,0.036092471464553244
19,0.9500000000000001,3,-5.986001489166529,0.38792901082079734,0.9970736247418492,-0.07644728027334852
19,0.9500000000000001,4,-6.1249375457102015,1.1077748549610613,0.9886401372285085,-0.15030195899247653
19,0.9500000000000001,5,-6.138088720627892,1.9072533514993348,0.9746250418322745,-0.22384375726277433
20,1.0,0,-6.118343903090315,-2.11479183520546,0.9742690114811654,0.22538831625315556
20,1.0,1,-6.173291884926003,-1.2326523023662104,0.9913399287628151,0.13132077314164442
20,1.0,2,-6.020750360864298,-0.44845469470331406,0.9993676615179516,0.0355566719858091
20,1.0,3,-5.936147807929437,0.3841066468071299,0.9971374080410276,-0.0756107750226666
20,1.0,4,-6.075505538848776,1.1002597570114374,0.9888553047065473,-0.1488797708443873
20,1.0,5,-6.089357468536279,1.8960611636361961,0.9749991055817918,-0.22220878458031074
21,1.05,0,-6.0696304525162565,-2.1035224193928026,0.9746739687277396,0.2236306207087611
21,1.05,1,-6.123724888487862,-1.226086263709128,0.9915227148852891,0.12993346636380798
21,1.05,2,-5.9707819777884,-0.4466768611040236,0.9993864384785897,0.035024939576653626
21,1.05,3,-5.886290937527386,0.3803261080559966,0.9972002805302687,-0.0747770039633824
21,1.05,4,-6.026062773613448,1.0928157684692181,0.9890684779974337,-0.1474569280885652
21,1.05,5,-6.040607513257189,1.8849507244071806,0.9753721450897539,-0.22056558754864405
22,1.1,0,-6.020896754079869,-2.0923408883573646,0.975077110846868,0.22186623838386887
22,1.1,1,-6.074148752743597,-1.2195895903909377,0.9917031574027363,0.12854900780956113
22,1.1,2,-5.920812655864471,-0.44492561412519094,0.9994047895726895,0.034497338779971846
22,1.1,3,-5.836430923500873,0.3765872578578275,0.9972622405053483,-0.07394608488971986
22,1.1,4,-5.976609349713577,1.0854429220647899,0.9892796190357369,-0.14603367819179872
22,1.1,5,-5.991838906002702,1.8739224450297485,0.9757440680017727,-0.21891439784663597
23,1.1500000000000001,0,-5.972142898537526,-2.0812475764381713,0.9754783364362801,0.22009546786214804
23,1.1500000000000001,1,-6.02456359487346,-1.2131621400004597,0.9918812365278861,0.1271676548166999
23,1.1500000000000001,2,-5.870842416385837,-0.44320074718619235,0.9994227192310426,0.03397393243009502
23,1.1500000000000001,3,-5.786567811475606,0.3728899536133415,0.9973232868494392,-0.07311813258527126
23,1.1500000000000001,4,-5.92714536876179,1.0781412381552,0.989488691315585,-0.14461026782434097
23,1.1500000000000001,5,-5.943051702602613,1.8629767251374167,0.9761147823516604,-0.21725545216891043
24,1.2000000000000002,0,-5.923368981715712,-2.0702428030450637,0.9758775450977323,0.21831861304451267
24,1.2000000000000002,1,-5.974969533047066,-1.2068037572596249,0.9920569341696815,0.12578966241110817
24,1.2000000000000002,2,-5.820871280424284,-0.4415020505646876,0.9994402320204616,0.03345478164248857
24,1.2000000000000002,3,-5.736701647133134,0.3692340469840779,0.9973834190215095,-0.07229325876122177
24,1.2000000000000002,4,-5.877670934196011,1.070910724763983,0.9896956599128987,-0.1431869426548209
24,1.2000000000000002,5,-5.89424596348503,1.8521139525289712,0.9764841966579133,-0.2155889920590288
25,1.25,0,-5.874575104460826,-2.059326872392838,0.9762746375527457,0.21653598291378565
25,1.25,1,-5.925366686338582,-1.2005142741390695,0.9922302339289477,0.1244152831311255
25,1.25,2,-5.770899268823261,-0.43982931148256316,0.9994573326369771,0.032939945805358285
25,1.25,3,-5.686832476182058,0.36561938404601685,0.9974426370440946,-0.07147157199928694
25,1.25,4,-5.8281861512003665,1.063751377631242,0.9899004915050015,-0.14176394714687873
25,1.25,5,-5.8454217536521345,1.8413345029260197,0.976852220019849,-0.2139152637351265
26,1.3,0,-5.825761372583188,-2.0485000732471486,0.9766695157566037,0.21474789129181102
26,1.3,1,-5.875755174642134,-1.1942935099825132,0.992401121091574,0.1230447668564337
26,1.3,2,-5.720926402191413,-0.43818231419229525,0.9994740258990269,0.03242948257316111
26,1.3,3,-5.636960344329854,0.3620458054460525,0.9975009414904839,-0.07065317769941629
26,1.3,4,-5.778691126625117,1.056663180273898,0.9901031543875886,-0.14034152435790861
26,1.3,5,-5.796579142651142,1.8306387397392634,0.9772187622131837,-0.21223451790826045
27,1.35,0,-5.776927896795358,-2.037762678682558,0.9770620830103433,0.21295465658944301
27,1.35,1,-5.826135118587556,-1.1881412716396915,0.9925695826192641,0.1216783606417255
27,1.35,2,-5.6709527008964615,-0.4365608400636372,0.9994903167406419,0.031923447862001186
27,1.35,3,-5.58708529725533,0.3585131465610817,0.997558333471362,-0.06983817803229964
27,1.35,4,-5.729185968905737,1.0496461040560026,0.9903036184890375,-0.13891991574029003
27,1.35,5,-5.747718204540483,1.8200270138438503,0.977583733784842,-0.21054700959374234
28,1.4000000000000001,0,-5.728074792644841,-2.0271149458530857,0.9774522440704924,0.21115660154985322
28,1.4000000000000001,1,-5.776506639456592,-1.1820573536076053,0.9927356071379065,0.12031630855540348
28,1.4000000000000001,2,-5.620978185059429,-0.43496466767053715,0.9995062102046399,0.03142189584689063
28,1.4000000000000001,3,-5.537207380581762,0.3550212376594667,0.9976148146209457,-0.06902667189670021
28,1.4000000000000001,4,-5.679670787981285,1.042700108268988,0.9905018553820578,-0.1374993609454811
28,1.4000000000000001,5,-5.698839017851241,1.8094996633641631,0.9779470461467934,-0.20885299791574846
29,1.4500000000000002,0,-5.679202180441316,-2.0165571157755933,0.9778399052562988,0.20935405298562146
29,1.4500000000000002,1,-5.726869859099697,-1.1760415381798353,0.9928991849236305,0.11895885152354731
29,1.4500000000000002,2,-5.5710028745491975,-0.43339357287819263,0.9995217114358455,0.0309248789608488
29,1.4500000000000002,3,-5.487326639850715,0.3515699040646317,0.9976703870826585,-0.06821875488162311
29,1.4500000000000002,4,-5.630145695212183,1.0358251402217138,0.9906978382926798,-0.13608009763134105
29,1.4500000000000002,5,-5.649941665543901,1.7990570134683757,0.9783086116687072,-0.20715274590551974
30,1.5,0,-5.630310185178502,-2.006089413126312,0.9782249745542156,0.2075473415100882
30,1.5,1,-5.677224899853515,-1.170093595603658,0.9930603078866158,0.11760622717936947
30,1.5,2,-5.521026788977405,-0.4318473289301502,0.9995368256743368,0.03043244789581052
30,1.5,3,-5.437443120496582,0.34815896632055054,0.9977250534943838,-0.06741451923331561
30,1.5,4,-5.5806108032975486,1.0290211353401468,0.9908915421065925,-0.13466236127303843
30,1.5,5,-5.601026234960465,1.7886993761730996,0.9786683437692228,-0.20544652029348526
31,1.55,0,-5.581398936450791,-1.9957120460508075,0.978607361719406,0.20573680126346616
31,1.55,1,-5.627571884459185,-1.1642132842446895,0.9932189695527245,0.11625866971836699
31,1.55,2,-5.471049947693689,-0.4303257065353597,0.9995515582487391,0.02994465160531149
31,1.55,3,-5.387556867821862,0.3447882403588848,0.9977788169733415,-0.06661405382708015
31,1.55,4,-5.531066226192219,1.022288017276495,0.9910829433728483,-0.1332463849778929
31,1.55,5,-5.552092817772004,1.7784270501584254,0.9790261570056364,-0.2037345912956575
32,1.6,0,-5.532468568364821,-1.9854252059876343,0.9789869783740466,0.20392276963422123
32,1.6,1,-5.577910935981548,-1.1584003507587712,0.9933751650430357,0.1149164097593615
32,1.6,2,-5.4210723697812515,-0.4288284739550941,0.9995659145695666,0.029461537308914446
32,1.6,3,-5.337667926973196,0.3414575376675308,0.9978316811006256,-0.0658174441438693
32,1.6,4,-5.4815120790235765,1.0156256980276004,0.9912720203049573,-0.13183239930448573
32,1.6,5,-5.503141509921722,1.7682403205936426,0.9793819671618036,-0.20201723239466784
33,1.6500000000000001,0,-5.483519219446118,-1.9752290675059232,0.9793637381022181,0.2021055869762468
33,1.6500000000000001,1,-5.528242177729396,-1.1526545302708031,0.9935288910513627,0.11357967421160253
33,1.6500000000000001,2,-5.371094074052773,-0.42735539708964837,0.9995799001226292,0.02898315049833773
33,1.6500000000000001,3,-5.287776342918164,0.3381666654603373,0.9978836499054494,-0.06502477225161786
33,1.6500000000000001,4,-5.431948478008328,1.009034078062376,0.9914587527794064,-0.1304206320863617
33,1.6500000000000001,5,-5.454172411563632,1.7581394589739092,0.9797356913340711,-0.20029472011582647
34,1.7000000000000002,0,-5.434551032541007,-1.9651237881571109,0.9797375565411767,0.20028559632236506
34,1.7000000000000002,1,-5.478565733176828,-1.146975546560223,0.993680145819838,0.11224868614809398
34,1.7000000000000002,2,-5.321115079046642,-0.4259062395647315,0.9995935204625087,0.02850953494524334
34,1.7000000000000002,3,-5.237882160422892,0.3349154268477564,0.9979347278491386,-0.06423611679125646
34,1.7000000000000002,4,-5.382375540369358,1.002513046458058,0.9916431223316367,-0.1290113082606323
34,1.7000000000000002,5,-5.4051856269969285,1.7481247229681178,0.9800872480150455,-0.1985673337986044
35,1.75,0,-5.385564154713948,-1.9551095083409926,0.9801083514688169,0.19846314309469976
35,1.75,1,-5.428881725885836,-1.1413631122528183,0.9938289291126543,0.1109236646852858
35,1.75,2,-5.271135403023517,-0.4244807628174693,0.9996067812061155,0.02804073271064144
35,1.75,3,-5.187985424030435,0.33170362100819356,0.9979849198089109,-0.06345155296733629
35,1.75,4,-5.332793384252776,0.9960624810450265,0.9918251121495311,-0.12760464970177218
35,1.75,5,-5.356181264596176,1.7381963562781877,0.9804365571750235,-0.19683535536395225
36,1.8,0,-5.336558737140507,-1.9451863511862577,0.9804760428871504,0.19663857481247446
36,1.8,1,-5.379190279430204,-1.135816929018554,0.9939752421880527,0.10960482486925763
36,1.8,2,-5.221155063963211,-0.42307872618193726,0.9996196880263324,0.027576784155862587
36,1.8,3,-5.138086178039989,0.32853104335982675,0.9980342310614867,-0.06267115254318702
36,1.8,4,-5.283202128645299,0.9896822485599379,0.9920047070644585,-0.12620087506088826
36,1.8,5,-5.307159436737425,1.72835458850999,0.9807835403409051,-0.19509906907787858
37,1.85,0,-5.28753493499615,-1.935354422445634,0.9808405531016281,0.19481224079778953
37,1.85,1,-5.329491517320801,-1.130336687775091,0.9941190877686545,0.10829237756850231
37,1.85,2,-5.171174079561895,-0.4216998869741441,0.999632246645757,0.027117727955049686
37,1.85,3,-5.088184466486915,0.3253974857326674,0.998082667266568,-0.061894983840515685
37,1.85,4,-5.233601893292076,0.9833722048068935,0.9921818935399381,-0.12480019961072099
37,1.85,5,-5.25812025972038,1.7185996350560961,0.9811281206724263,-0.1933587613117273
38,1.9000000000000001,0,-5.238492907341068,-1.9256138104057445,0.9812018067961595,0.1929844918799454
38,1.9000000000000001,1,-5.279785562932369,-1.124922068896666,0.9942604700102317,0.10698652937340006
38,1.9000000000000001,2,-5.121192467229607,-0.42034400057639165,0.9996444628305434,0.026663601109116666
38,1.9000000000000001,3,-5.038280333123587,0.3223027365406416,0.9981302344502267,-0.061123111743346295
38,1.9000000000000001,4,-5.183992798615079,0.9771321948263574,0.9923566596579853,-0.12340283509662146
38,1.9000000000000001,5,-5.209063853686759,1.7089316969905097,0.9814702230355533,-0.19161472029959825
39,1.9500000000000002,0,-5.18943281700126,-1.9159645858117473,0.9815597311036869,0.19115568009887304
39,1.9500000000000002,1,-5.230072539431857,-1.119572742427996,0.9943993944690142,0.10568748250245781
39,1.9500000000000002,2,-5.071210244088079,-0.4190108205209358,0.9996563423843599,0.026214438961121047
39,1.9500000000000002,3,-4.988373821401075,0.3192465809534743,0.9981769389882368,-0.06035559770619001
39,1.9500000000000002,4,-5.13437496563218,0.9709620530715263,0.9925289951032098,-0.12200898959372683
39,1.9500000000000002,5,-5.159990342534981,1.6993509609755297,0.9818097740728853,-0.18986723589336763
40,2.0,0,-5.140354830446075,-1.9064068018068037,0.9819142556721884,0.18932615840823735
40,2.0,1,-5.180352569708407,-1.114288368302873,0.9945358680676374,0.10439543471536912
40,2.0,2,-5.021227426968862,-0.41770009857287976,0.9996678911424579,0.025770275212995734
40,2.0,3,-4.938464974451663,0.3162288010681648,0.9982227875893916,-0.059592499766326225
40,2.0,4,-5.08474851587702,0.9648616035918399,0.9926988911447426,-0.12061886737053994
40,2.0,5,-5.110899853831337,1.6898575991808613,0.9821467022709272,-0.18811659931576868
41,2.0500000000000003,0,-5.0912591176624655,-1.8969404938863919,0.9822653127260038,0.18749628037877755
41,2.0500000000000003,1,-5.130625776305025,-1.1090685965671045,0.9946698990598286,0.1031105792329345
41,2.0500000000000003,2,-4.971244032411739,-0.41641158481222995,0.9996791149658675,0.025331141943581086
41,2.0500000000000003,3,-4.8885538350721935,0.3132491760798485,0.998267787278838,-0.05883387256006747
41,2.0500000000000003,4,-5.0351135713197825,0.958830660223313,0.9928663406160725,-0.11923266875909763
41,2.0500000000000003,5,-5.061792518717791,1.6804517692150729,0.982480938024102,-0.18636310291200062
42,2.1,0,-5.042145852026166,-1.887565679867453,0.982612837122385,0.1856663999024447
42,2.1,1,-5.080892281352034,-1.1039130676054578,0.9948014969939362,0.10183310466386179
42,2.1,2,-4.921260076663446,-0.4151450277150509,0.9996900197357204,0.024897069627901326
42,2.1,3,-4.8386404457082515,0.3103074824518451,0.9983119453814644,-0.05807976734287396
42,2.1,4,-4.985470254288979,0.9528690267853581,0.9930313378928751,-0.11785059003189037
42,2.1,5,-5.0126684718165855,1.6711336140694728,0.9828124136953803,-0.18460703990033578
43,2.15,0,-4.9930152101700465,-1.8782823598723306,0.9829567664031904,0.18383687089789108
43,2.15,1,-5.031152206502337,-1.0988214123722648,0.994930672675405,0.1005631949384543
43,2.15,2,-4.87127557567666,-0.4139001742336558,0.9997006113477058,0.02446808715762467
43,2.15,3,-4.788724848439179,0.3074034940847014,0.9983552695053749,-0.05733023201317558
43,2.15,4,-4.935818687394335,0.9469764972837637,0.9931938788689262,-0.1164728232856788
43,2.15,5,-4.963527851131817,1.661903262074456,0.9831410636734161,-0.18284870412219817
44,2.2,0,-4.943867371849887,-1.869090516327436,0.98329704084166,0.1820080470178601
44,2.2,1,-4.981405672868567,-1.0937932526253422,0.9950574381282986,0.09930102924917092
44,2.2,2,-4.8212905451092745,-0.4126767698757746,0.9997108957066648,0.02404422186264723
44,2.2,3,-4.73880708496391,0.30453698248404265,0.9983977675254784,-0.05658531113975549
44,2.2,4,-4.886158993450889,0.9411528561194797,0.9933539609301889,-0.1150995563323271
44,2.2,5,-4.914370797948146,1.6527608268683462,0.9834668244260918,-0.18108838979218725
45,2.25,0,-4.894702519807804,-1.8599901139765431,0.9836336034842214,0.18018028135901668
45,2.25,1,-4.931652800962151,-1.0888282011628836,0.9951818065559752,0.09804678199803225
45,2.25,2,-4.771305000323941,-0.4114745587826423,0.9997208787213281,0.023625499533739377
45,2.25,3,-4.688887196587636,0.3017077169270549,0.9984394475672285,-0.05584504599254178
45,2.25,4,-4.836491295404379,0.9353978783028634,0.9935115829271761,-0.11373097259675558
45,2.25,5,-4.8651974567268415,1.6437064073787369,0.9837896345503815,-0.17932639124851704
46,2.3000000000000003,0,-4.8455208396335925,-1.8509810999085923,0.983966400187289,0.17835392617474616
46,2.3000000000000003,1,-4.881893710634353,-1.083925862062982,0.9953037923010155,0.0968006227508271
46,2.3000000000000003,2,-4.721318956387875,-0.4102932838059553,0.9997305662991963,0.023211944446193875
46,2.3000000000000003,3,-4.638965224209275,0.2989154646274278,0.9984803179905363,-0.05510947457665021
46,2.3000000000000003,4,-4.78681571625802,0.9297113296730256,0.9936667451456792,-0.11236725102209158
46,2.3000000000000003,5,-4.816007974999322,1.634740087816311,0.9841094348184555,-0.17756300270434167
47,2.35,0,-4.796322519624228,-1.8420634035998549,0.9842953796490426,0.1765293325914402
47,2.35,1,-4.832128521019302,-1.0790858309254405,0.9954234108045067,0.09556271619805895
47,2.35,2,-4.671332428072915,-0.4091326865836456,0.9997399643415728,0.02280357938441285
47,2.35,3,-4.589041208309748,0.2961599908985953,0.9985203873738855,-0.054378631669519194
47,2.35,4,-4.737132379000736,0.924092967121921,0.9938194492759741,-0.11100856598207647
47,2.35,5,-4.7668025032584,1.6258619376810939,0.9844261682199649,-0.17579851800043167
48,2.4000000000000004,0,-4.747107750641776,-1.8332369369702828,0.9846204934361761,0.17470685032877178
48,2.4000000000000004,1,-4.782357350479077,-1.0743076951155375,0.9955406785647803,0.09433322212255774
48,2.4000000000000004,2,-4.621345429855837,-0.40799250761442496,0.9997490787387457,0.02240042566737208
48,2.4000000000000004,3,-4.539115188941054,0.2934410593151193,0.998559664498677,-0.05365254886097185
48,2.4000000000000004,4,-4.687441406536937,0.9185425388228172,0.9939696983805983,-0.10965508720076717
48,2.4000000000000004,5,-4.717581194847401,1.6170720117810724,0.9847397800004455,-0.17403323035965823
49,2.45,0,-4.697876725969968,-1.8245015944538443,0.9849416960056291,0.17288682742444736
49,2.45,1,-4.732580316550838,-1.0695910340094097,0.9956556130957044,0.09311229537366693
49,2.45,2,-4.571357975918899,-0.4068724863310564,0.9997579153653261,0.022002503174900684
49,2.45,3,-4.48918720571612,0.29075843187207073,0.9985981583338227,-0.052931254596039576
49,2.45,4,-4.637742921617908,0.9130597844627789,0.9941174968608105,-0.10830697967954771
49,2.45,5,-4.668344205847379,1.6083703502630895,0.9850502176958065,-0.17226743214373802
50,2.5,0,-4.648629641169686,-1.815857253082622,0.9852589447213271,0.17106960996390752
50,2.5,1,-4.682797535896054,-1.0649354192407263,0.9957682328846253,0.09190008584790273
50,2.5,2,-4.521370080150633,-0.40577236117231136,0.9997664800757381,0.021609830374714332
50,2.5,3,-4.439257297799429,0.2881118691422688,0.9986358780206114,-0.05221477422037983
50,2.5,4,-4.5880370467748675,0.9076444354788016,0.994262850421835,-0.10696440363144626
50,2.5,5,-4.619091694962589,1.5997569786559025,0.9853574311628699,-0.17050141461267934
51,2.5500000000000003,0,-4.59936669393362,-1.8073037725844268,0.9855721998659694,0.16925554181542934
51,2.5500000000000003,1,-4.6330091242518225,-1.060340414948331,0.9958785573500546,0.09069673847596853
51,2.5500000000000003,2,-4.471381756146846,-0.4046918696535756,0.9997747786998715,0.02122242435014008
51,2.5500000000000003,3,-4.389325503898399,0.2855011304312498,0.99867283285787,-0.05150313002811992
51,2.5500000000000003,4,-4.538323904253776,0.9022962152972293,0.9944057660369997,-0.10562751442273517
51,2.5500000000000003,5,-4.5698238234044455,1.5912319079252686,0.9856613726059421,-0.16873546768736078
52,2.6,0,-4.550088083940321,-1.7988409954936553,0.9858814246479167,0.16744496437106196
52,2.6,1,-4.5832151963843195,-1.0558055780245326,0.9959866067991907,0.08950239321599586
52,2.6,2,-4.421393017211852,-0.4036307484360686,0.9997828170388879,0.020840300828472325
52,2.6,3,-4.339391862255505,0.2829259739298438,0.9987090322874321,-0.05079634131195736
52,2.6,4,-4.488603615951926,0.8970148395760925,0.99454625191087,-0.10429646252176918
52,2.6,5,-4.5205407547741485,1.5827951345409006,0.9859619965994171,-0.16696987971566143
53,2.6500000000000004,0,-4.500794012707925,-1.7904687472751022,0.9861865852032463,0.16563821629381004
53,2.6500000000000004,1,-4.5334158660443595,-1.0513304583637328,0.9960924023853701,0.08831718505287095
53,2.6500000000000004,2,-4.371403876359907,-0.402588733394645,0.9997906008611885,0.020463474209899597
53,2.6500000000000004,3,-4.289456410641134,0.28038615686424595,0.9987444858799384,-0.05009442441534845
53,2.6500000000000004,4,-4.438876303356383,0.8918000164500041,0.9946843174414921,-0.10297139345499902
53,2.6500000000000004,5,-4.471242654944177,1.5744466405551176,0.986259260106407,-0.16520493724254742
54,2.7,0,-4.451484683447763,-1.7821868364604116,0.9864876505930559,0.16383563327145448
54,2.7,1,-4.483611245925091,-1.0469145991110893,0.9961959660655284,0.08714124400349472
54,2.7,2,-4.321414346316848,-0.40156555968415003,0.9997981358985396,0.020091957596942565
54,2.7,3,-4.239519186347137,0.2778814356434785,0.9987792033209755,-0.04939739278661707
54,2.7,4,-4.389142087484308,0.8866514467772542,0.994819973181843,-0.10165244777008084
54,2.7,5,-4.421929691938857,1.5661863936929903,0.9865531224934286,-0.16344092478450645
55,2.75,0,-4.40216030091811,-1.7739950547968388,0.9867845927961045,0.16203754777737786
55,2.75,1,-4.433801447621814,-1.0425575369109146,0.9962973205577584,0.08597469512781493
55,2.75,2,-4.271424439521921,-0.4005609618043029,0.999805427842358,0.019725762824344552
55,2.75,3,-4.189580226181088,0.2754115660041476,0.9988131943975757,-0.04870525703481742
55,2.75,4,-4.339401088825216,0.8815688243887502,0.9949532308005988,-0.10033976100598287
55,2.75,5,-4.372602035814185,1.5580143474537649,0.9868435455411629,-0.16167812460870343
56,2.8000000000000003,0,-4.352821071278305,-1.76589317740797,0.9870773866968973,0.16024428883873884
56,2.8000000000000003,1,-4.383986581593926,-1.0382588021545238,0.9963964892990472,0.08481765854545925
56,2.8000000000000003,2,-4.221434168129803,-0.3995746736630857,0.9998124823401537,0.019364900489357607
56,2.8000000000000003,3,-4.139639566461209,0.27297630315240673,0.9988464689850803,-0.04801802498718611
56,2.8000000000000003,4,-4.289653427285186,0.876551836338451,0.995084103042321,-0.0990334636699745
56,2.8000000000000003,5,-4.323259858537127,1.5499304412233297,0.9871304934513341,-0.1599168165172157
57,2.85,0,-4.30346720194346,-1.757880962966033,0.9873660100693273,0.15845618181231516
57,2.85,1,-4.3341667571289735,-1.034017919227251,0.9964934964032646,0.0836702494577888
57,2.85,2,-4.171443544012795,-0.3986064286386178,0.9998193049921317,0.01900937998236733
57,2.85,3,-4.089697243011956,0.2705754019030474,0.9988790370343854,-0.04733570174802125
57,2.85,4,-4.2398992221330705,0.8716001631549523,0.9952126036871632,-0.09773368122136807
57,2.85,5,-4.27390333386456,1.541934600397469,0.9874139328497539,-0.15815727763668702
58,2.9000000000000004,0,-4.254098901439994,-1.7499581538754172,0.9876504435560014,0.15667354816830917
58,2.9000000000000004,1,-4.28434208230881,-1.0298344067543614,0.9965883666194804,0.08253257817518522
58,2.9000000000000004,2,-4.121452578763188,-0.3976559596394994,0.9998259013479495,0.018659209517802238
58,2.9000000000000004,3,-4.0397532911602365,0.26820861681564634,0.9989109085595711,-0.04665828975882886
58,2.9000000000000004,4,-4.190138591948712,0.8667134790938839,0.9953387475101982,-0.096440534061867
58,2.9000000000000004,5,-4.224532637222072,1.5340267365156346,0.9876938327855926,-0.15639978221371825
59,2.95,0,-4.2047163792621935,-1.7421244764670016,0.9879306706433815,0.1548967052823835
59,2.95,1,-4.234512663977836,-1.025707777845602,0.9966811252906796,0.0814047501493776
59,2.95,2,-4.071461283695791,-0.3967229991636093,0.9998322769036304,0.018314396165273042
59,2.95,3,-3.989807745732258,0.2658757023277049,0.9989420936259278,-0.045985788859580455
59,2.95,4,-4.140371654573203,0.8618914523907905,0.9954625502404629,-0.09515413753236338
59,2.95,5,-4.1751479455827925,1.5262067474049488,0.9879701647269452,-0.15464460141629852
60,3.0,0,-4.155319845730024,-1.7343796412028825,0.9882066776328889,0.1531259662361698
60,3.0,1,-4.184678607713302,-1.0216375403381333,0.9967717983129428,0.08028686601060674
60,3.0,2,-4.021469669850609,-0.39580727935534565,0.9998384370986301,0.017974945880890384
60,3.0,3,-3.9398606410509616,0.2635764128847259,0.9989726023383807,-0.04531819635092991
60,3.0,4,-4.0905985270611795,0.8571337455141723,0.9955840285198146,-0.09387460191601092
60,3.0,5,-4.125749437346445,1.5184745173341339,0.9882429025527715,-0.15289200314155238
61,3.0500000000000003,0,-4.10590951184838,-1.726723342891074,0.9884784536081221,0.15136163962646626
61,3.0500000000000003,1,-4.1348400177976545,-1.0176231970376028,0.9968604120951493,0.0791790216094236
61,3.0500000000000003,2,-3.971477747995678,-0.3949085320613011,0.9998443873130543,0.017640863538711152
61,3.0500000000000003,3,-3.8899120109340424,0.2613105030671794,0.9990024448303215,-0.044655507057238954
61,3.0500000000000003,4,-4.040819325635189,0.8524400154183718,0.9957031998616923,-0.09260203244739218
61,3.0500000000000003,5,-4.076337292218807,1.5108299171770563,0.988512022541299,-0.15114225183006305
62,3.1,0,-4.056485589167974,-1.7191552609097507,0.9887459903983477,0.1496040293833119
62,3.1,1,-4.084996997192897,-1.0136642459571317,0.9969469935192704,0.07808130806291118
62,3.1,2,-3.921485528630025,-0.39402648888436553,0.9998501328650271,0.017312152962263155
62,3.1,3,-3.8399618886925264,0.2590777277143175,0.999031631252845,-0.04399771339026846
62,3.1,4,-3.9910341656421044,0.8478099137960021,0.995820082609869,-0.0913365293275837
62,3.1,5,-4.026911691091742,1.5032728045855532,0.9887775033549819,-0.1493956082870067
63,3.1500000000000004,0,-4.007048289648057,-1.7116750594405852,0.98900928253843,0.14785343459710135
63,3.1500000000000004,1,-4.035149647516934,-1.0097601805539862,0.9970315699012999,0.07699381180511543
63,3.1500000000000004,2,-3.871493021986774,-0.39316088123625237,0.9998556790082059,0.01698881695610176
63,3.1500000000000004,3,-3.7900103071298843,0.25687784204480407,0.9990601717643977,-0.04334480541339469
63,3.1500000000000004,4,-3.941243161511611,0.8432430873296229,0.995934695897284,-0.09007818774491701
63,3.1500000000000004,5,-3.977472815923993,1.4958030241712028,0.9890393260221231,-0.1476523295103118
64,3.2,0,-3.9575978255211353,-1.70428238771073,0.9892683272253735,0.14611014935487415
64,3.2,1,-3.985298069021869,-1.0059104899637303,0.9971141689528767,0.07591661464147008
64,3.2,2,-3.8215002380363634,-0.3923114403884473,0.9998610309294396,0.016670857337353327
64,3.2,3,-3.7400572985416645,0.25471060177413435,0.9990880765208358,-0.042696770906215056
64,3.2,4,-3.8914464267167466,0.8387391779423771,0.9960470596050331,-0.08882709790122215
64,3.2,5,-3.928020849622887,1.4884204076956873,0.9892974739152662,-0.14591266852603518
65,3.25,0,-3.9081344091598664,-1.6969768802429863,0.9895231242716502,0.14437446258588893
65,3.25,1,-3.9354423605742253,-1.0021146592316568,0.9971948187436459,0.0748497938069975
65,3.25,2,-3.7715071864898913,-0.39147789752157963,0.99986619374657,0.01635827496720124
65,3.25,3,-3.6901028947156225,0.2525757632288236,0.999115355665895,-0.04205359542941323
65,3.25,4,-3.8416440737364947,0.8342978230473159,0.9961571943215988,-0.0875833450433334
65,3.25,5,-3.8785559759271235,1.4811247742693856,0.9895519327264778,-0.1441768742311202
66,3.3000000000000003,0,-3.858658252946284,-1.689758157113692,0.9897736760555019,0.14264665791656456
66,3.3000000000000003,1,-3.885582619637043,-0.9983721695413069,0.9972735476644021,0.07379342202806377
66,3.3000000000000003,2,-3.721513876802563,-0.3906599837732196,0.9998711725063723,0.01605106978227313
66,3.3000000000000003,3,-3.6401471269323276,0.2504730834573529,0.999142019322066,-0.041415262389757714
66,3.3000000000000003,4,-3.7918362140204147,0.8299186557951492,0.9962651213023909,-0.08634700949963207
66,3.3000000000000003,5,-3.8290783792907996,1.4739159305578295,0.9898026904396411,-0.14244519124368568
67,3.35,0,-3.809169569143509,-1.6826258242178638,0.9900199874683908,0.1409270135348452
67,3.35,1,-3.835718942253823,-0.9946824984399038,0.9973503843910523,0.07274756758747146
67,3.35,2,-3.6715203181772442,-0.3898574302841059,0.9998759721826285,0.015749240825889202
67,3.35,3,-3.590190025966224,0.24840232033786502,0.9991680775818798,-0.04078175310511465
67,3.35,4,-3.742022957955295,0.8256013053201676,0.9963708624296721,-0.08511816672139308
67,3.35,5,-3.7795882447688176,1.4667936709956453,0.9900497372998913,-0.14071785976096593
68,3.4000000000000004,0,-3.7596685697700893,-1.6755794735411216,0.9902620658597967,0.1392158020640221
68,3.4000000000000004,1,-3.7858514230342704,-0.9910451200605301,0.9974253578494384,0.07171229439266735
68,3.4000000000000004,2,-3.621526519568113,-0.3890699682428114,0.9998805976743362,0.015452786279134028
68,3.4000000000000004,3,-3.54023162208713,0.2463632326826093,0.9991935404995932,-0.04015304686935921
68,3.4000000000000004,4,-3.6922044148338116,0.8213453969840979,0.9964744401729331,-0.08389688732869961
68,3.4000000000000004,5,-3.730085757903823,1.459757778007597,0.9902930657803244,-0.13899511542500081
69,3.45,0,-3.7101554664770995,-1.6686186834379204,0.9904999209795426,0.13751329044601707
69,3.45,1,-3.7359801551417986,-0.9874595053408968,0.9974984971810448,0.07068766204684787
69,3.45,2,-3.571532489684396,-0.3882973289288547,0.9998850538040439,0.015161703491715575
69,3.45,3,-3.4902719450621507,0.24435558033914134,0.9992184180832744,-0.039529121017076806
69,3.45,4,-3.642380692825165,0.8171505526176629,0.9965758775497787,-0.08268323716068665
69,3.45,5,-3.680571104614807,1.4528080222363469,0.9905326705461164,-0.13727718919615392
70,3.5,0,-3.6606304704281225,-1.6617430189156195,0.9907335649178416,0.13581973983411244
70,3.5,1,-3.686105230282746,-0.9839251222385543,0.997569831709627,0.06967372592274404
70,3.5,2,-3.5215382369941937,-0.38753924375426896,0.9998893453163142,0.014875989012576902
70,3.5,3,-3.440311024157987,0.2423791242882875,0.9992427202872819,-0.038909950987950005
70,3.5,4,-3.592551898947676,0.8130163907596286,0.996675198087386,-0.08147727732986998
70,3.5,5,-3.631044471087501,1.4459441627765393,0.9907685484161959,-0.13556430723451215
71,3.5500000000000003,0,-3.6110937921822304,-1.654952031923914,0.9909630120432579,0.13413540549508524
71,3.5500000000000003,1,-3.636226738697265,-0.9804414359424172,0.9976393909087784,0.06867053723887113
71,3.5500000000000003,2,-3.471543769728378,-0.3867954443036401,0.9998934768763063,0.01459563862022907
71,3.5500000000000003,3,-3.390348888143623,0.24043362673889002,0.9992664570051311,-0.038295510390733395
71,3.5500000000000003,4,-3.542718139043307,0.8089425268931352,0.9967724257845862,-0.08027906428031799
71,3.5500000000000003,5,-3.5815060436666912,1.4391659474148137,0.9910006983226116,-0.1338566907892006
72,3.6,0,-3.5615456415800675,-1.6482452616491596,0.9911882789387686,0.13246053672068359
72,3.6,1,-3.5863447691518258,-0.9770079090804736,0.9977072043704635,0.06767814313802988
72,3.6,2,-3.4215490958845627,-0.3860656623726286,0.9998974530684783,0.0143206473527744
72,3.6,3,-3.3403855652933663,0.23851885121935334,0.9992896380627422,-0.037685771066722835
72,3.6,4,-3.4928795177540777,0.8049285736791193,0.9968675850746238,-0.0790886498494216
72,3.6,5,-3.531956008750561,1.4324731128753536,0.9912291212677401,-0.13215455609562202
73,3.6500000000000004,0,-3.511986227633129,-1.6416222348131255,0.9914093843361191,0.13079537674836034
73,3.6500000000000004,1,-3.5364594089333026,-0.9736240019235721,0.997773301774528,0.06669658676785017
73,3.6500000000000004,2,-3.3715542232311386,-0.3853496300049899,0.9999012783954039,0.014051009537592231
73,3.6500000000000004,3,-3.290421083390229,0.2366345626660172,0.9993122732120622,-0.03708070315263237
73,3.6500000000000004,4,-3.4430361385003465,0.8009741411866482,0.9969607007886352,-0.07790608133301798
73,3.6500000000000004,5,-3.482394552687174,1.4258653850705725,0.9914538202794835,-0.13045811428061335
74,3.7,0,-3.462415758416323,-1.6350824659757075,0.9916263490486587,0.1291401626911579
74,3.7,1,-3.486570743844576,-0.9702891725851797,0.9978377128592092,0.0657259073631713
74,3.7,2,-3.3215591593113682,-0.3846470795281103,0.9999049572766978,0.013786718820659807
74,3.7,3,-3.240455469729626,0.2347805275083856,0.9993343721250546,-0.03648027514279767
74,3.7,4,-3.393188103460915,0.7970788371199973,0.9970517981198914,-0.07673140155362568
74,3.7,5,-3.4328218616732,1.419342479356542,0.9916748003646029,-0.12876757127548719
75,3.75,0,-3.41283444096389,-1.6286254578411496,0.9918391959028411,0.12749512547662037
75,3.75,1,-3.4366788582016157,-0.967002877217021,0.9979004673926484,0.06476614033005712
75,3.75,2,-3.2715639114475334,-0.3839577435870773,0.9999084940480517,0.013527768195485042
75,3.75,3,-3.1904887511233735,0.2329565137512457,0.9993559443880465,-0.03588445395062821
75,3.75,4,-3.34333551355492,0.793242267042316,0.9971409025888435,-0.07556464893154881
75,3.75,5,-3.38323812165497,1.4129041007927676,0.9918920684603383,-0.1270831277369105
76,3.8000000000000003,0,-3.363242481168748,-1.6222507015673187,0.9920479496685766,0.12586048979458792
76,3.8000000000000003,1,-3.3867838348319834,-0.9637645702005182,0.9979615951454212,0.06381731733124871
76,3.8000000000000003,2,-3.221568486745131,-0.38328135517730305,0.9999118929603699,0.013274150031626903
76,3.8000000000000003,3,-3.1405209539039713,0.2311622910537143,0.9993769994964259,-0.03529320496923907
76,3.8000000000000003,4,-3.293478468425478,0.7894640345957386,0.9972280400090023,-0.07440585755861297
76,3.8000000000000003,5,-3.3336435182319533,1.4065499444059222,0.9921056333844622,-0.12540497897555206
77,3.85,0,-3.313640083685319,-1.6159576770775892,0.9922526369886111,0.12423647405371409
77,3.85,1,-3.336885755074712,-0.9605737043339557,0.9980211258640901,0.06287946637286383
77,3.85,2,-3.1715728920971125,-0.3826176476757217,0.9999151581790044,0.013025856102784146
77,3.85,3,-3.09055210392915,0.22939763080525236,0.99939754684968,-0.03470649213119502
77,3.85,4,-3.2436170664250277,0.7857437417178079,0.9973132364536851,-0.07325505727429635
77,3.85,5,-3.28403823656273,1.4002796954571446,0.9923155057839148,-0.1237333148924112
78,3.9000000000000004,0,-3.2640274518358883,-1.6097458533749034,0.9924532863071094,0.12262329034652607
78,3.9000000000000004,1,-3.2869846987815077,-0.9574297310153125,0.9980790892457752,0.06195261189215403
78,3.9000000000000004,2,-3.121577134188162,-0.3819663548705825,0.9999182937830888,0.012782877614431545
78,3.9000000000000004,3,-3.040582226586666,0.2276623061986926,0.9994175957467656,-0.034124277967308235
78,3.9000000000000004,4,-3.1937514046023434,0.782080988854093,0.9973965182236539,-0.072112273744025
78,3.9000000000000004,5,-3.2344224612735344,1.394093029712524,0.9925216980821703,-0.12206831992272724
79,3.95,0,-3.214404787520533,-1.603614688857577,0.9926499277976157,0.12102114442283776
79,3.95,1,-3.237080744319219,-0.9543321004207048,0.9981355149137556,0.06103677484614025
79,3.95,2,-3.0715812194990075,-0.38132721098986094,0.9999213037649571,0.012545205230987917
79,3.95,3,-2.990611346799328,0.22595609230032718,0.9994371553818013,-0.03354652366443246
79,3.95,4,-3.1438815786911607,0.7784753751668918,0.9974779118156715,-0.07097752853940478
79,3.95,5,-3.184796376369426,1.3879896137163876,0.9927242244254745,-0.12041017298734834
80,4.0,0,-3.164772291130652,-1.5975636316364352,0.9928425932905567,0.11943023567130685
80,4.0,1,-3.187173968573531,-0.9512802616783979,0.9981904323940857,0.06013197280095027
80,4.0,2,-3.0215851543107597,-0.38069995072831153,0.9999241920296571,0.012312829102498826
80,4.0,3,-2.9406394890302376,0.22427876611710557,0.9994562348400716,-0.03297318912220467
80,4.0,4,-3.094007683100377,0.7749264987399216,0.9975574438919891,-0.06985083922016799
80,4.0,5,-3.135160165148152,1.3819691050670202,0.992923100628102,-0.11875904745142632
81,4.05,0,-3.115130161466124,-1.59159211985287,0.9930313162004476,0.11785075710891807
81,4.05,1,-3.137264446953827,-0.9482736630383504,0.9982438710932319,0.0592382200216897
81,4.05,2,-2.9715889447092767,-0.3800843092731866,0.9999269623945422,0.012085738890821632
81,4.05,3,-2.890666677288234,0.22263010666099534,0.9994748430943331,-0.03240423300868751
81,4.05,4,-3.0441298109057775,0.7714339567789132,0.9976351412507869,-0.06873221941761803
81,4.05,5,-3.085514010116747,1.3760311526944489,0.9931183441167702,-0.11711511109028944
82,4.1000000000000005,0,-3.065478595656102,-1.585699581997424,0.993216131452961,0.11628289537815946
82,4.1000000000000005,1,-3.0873522533991653,-0.9453117520372659,0.9982958602767178,0.0583555275626826
82,4.1000000000000005,2,-2.9215925965895497,-0.3794800223286455,0.9999296185889451,0.011863923795298575
82,4.1000000000000005,3,-2.840692935133517,0.22100989501056095,0.9994929890014148,-0.03183961281487225
82,4.1000000000000005,4,-2.994248053843238,0.7679973458080324,0.9977110307975775,-0.06762167891936008
82,4.1000000000000005,5,-3.0358580929109085,1.3701753971399344,0.9933099738743479,-0.11547852606233032
83,4.15,0,-3.015817789083454,-1.579885437228516,0.9933970754120033,0.11472683075165238
83,4.15,1,-3.0374374603853296,-0.9423939756591317,0.9983464290487689,0.0574839033579255
83,4.15,2,-2.8715961156601026,-0.3788868261388806,0.9999321642539292,0.011647372577909036
83,4.15,3,-2.7907182856834463,0.21941791436981734,0.9995106812990968,-0.031279284908005335
83,4.15,4,-2.9443625023033593,0.7646162618620643,0.9977851395175815,-0.06651922375511503
83,4.15,5,-2.986192594217191,1.364401470836818,0.993498010382996,-0.11384944888873652
84,4.2,0,-2.9661479353128537,-1.5741490956909334,0.9935741858069506,0.11318273714398197
84,4.2,1,-2.987520138932891,-0.9395197804912355,0.9983956063329485,0.056623352311605354
84,4.2,2,-2.8215995074474063,-0.37830445750998515,0.9999346029421072,0.011436073587890411
84,4.2,3,-2.7407427516184915,0.21785395012441708,0.9995279286032636,-0.030723204583706837
84,4.2,4,-2.89447324532748,0.7612903006743086,0.9978574944490824,-0.06542485628341674
84,4.2,5,-2.936517693698041,1.358708998392381,0.9936824755668642,-0.11222803043987842
85,4.25,0,-2.9164692260225062,-1.5684899588337342,0.9937475016601724,0.11165078213047094
85,4.25,1,-2.9376003586162436,-0.9366886128756553,0.9984434208537698,0.05577387638853734
85,4.25,2,-2.771602777300301,-0.3777326538305906,0.9999369381175363,0.011230014785820424
85,4.25,3,-2.690766355188328,0.21631778989523173,0.9995447394053154,-0.030171326116851995
85,4.25,4,-2.844580370605026,0.7580190578601378,0.9979281226577652,-0.06433857527900239
85,4.25,5,-2.886833569919698,1.353097596870387,0.9938633927344802,-0.11061441592815911
86,4.3,0,-2.8667818509394976,-1.5629074197272106,0.9939170632149859,0.11013112697262965
86,4.3,1,-2.887678187573555,-0.9338999190562285,0.9984899011192702,0.05493547470438672
86,4.3,2,-2.7216059303944244,-0.3771711530912996,0.9999391731556698,0.011029183767154681
86,4.3,3,-2.6407891182180623,0.21480922358938914,0.9995611220698342,-0.029623602811192633
86,4.3,4,-2.7946839644721377,0.7548021290961877,0.9979970512120365,-0.06326037602071148
86,4.3,5,-2.8371404002829737,1.3475668760739792,0.9940407865209434,-0.10900874490712296
87,4.3500000000000005,0,-2.817085997778748,-1.5574008633785792,0.9940829118641541,0.10862392665001137
87,4.3500000000000005,1,-2.8377536925175915,-0.9311531453210091,0.9985350754045329,0.05410814361554453
87,4.3500000000000005,2,-2.671608971736641,-0.37661969390294187,0.9999413113433774,0.010833567785214063
87,4.3500000000000005,3,-2.590811062114571,0.21332804344882952,0.9995770848324844,-0.029079987047698094
87,4.3500000000000005,4,-2.7447841119115357,0.7516391102951522,0.998064307159329,-0.06219025037971666
87,4.3500000000000005,5,-2.7874383609569264,1.342116438828623,0.9942146828300497,-0.10741115127661055
88,4.4,0,-2.7673818521855402,-1.5519696670460785,0.9942450900790568,0.10712932989819564
88,4.4,1,-2.7878269387473646,-0.9284477381402318,0.9985789717361374,0.05329187680853478
88,4.4,2,-2.621611906169472,-0.37607801551368114,0.9999433558790182,0.010643153773618472
88,4.4,3,-2.5408322078729464,0.2118740440964446,0.9995926357981498,-0.02854043033159859
88,4.4,4,-2.694880896553569,0.7485295977761663,0.9981299175033818,-0.061128186907917006
88,4.4,5,-2.737727626815424,1.3367458812647925,0.9943851087764545,-0.10582176329374136
89,4.45,0,-2.7176695976815872,-1.5466132005511688,0.9944036413396389,0.10564747925262065
89,4.45,1,-2.737897990160558,-0.9257831442998051,0.9986216178775218,0.052486665388836194
89,4.45,2,-2.571614738375521,-0.3755458578250002,0.9999453098725725,0.0104579283681644
89,4.45,3,-2.490852576083039,0.2104470225798647,0.9996077829392841,-0.028004883338119513
89,4.45,4,-2.6449744006784,0.7454731884307705,0.9981939091824912,-0.060074170926332354
89,4.45,5,-2.6880083713766014,1.3314547931001055,0.9945520926279879,-0.10424070358949941
90,4.5,0,-2.667949415614605,-1.5413308265885377,0.9945586100652413,0.10417851109798115
90,4.5,1,-2.687966909266682,-0.9231588110303633,0.9986630413152346,0.05169249796901022
90,4.5,2,-2.5216174728818923,-0.37502296140659197,0.9999471763458214,0.010277877928146006
90,4.5,3,-2.4408721869360748,0.2090467784129587,0.9996225340944752,-0.027473295956894277
90,4.5,4,-2.5950647052192757,0.7424694798844539,0.9982563090487285,-0.05902818461334353
90,4.5,5,-2.638280766745202,1.3262427579206306,0.9947156637482227,-0.10266808919069054
91,4.55,0,-2.6182214851113432,-1.5361219010336387,0.9947100415464158,0.10272255572290764
91,4.55,1,-2.6380337572009203,-0.9205741861319129,0.9987032692460596,0.050909360756031696
91,4.55,2,-2.471620114064601,-0.37450906751018465,0.9999489582325766,0.010102988557117871
91,4.55,3,-2.390891060231351,0.207673113615114,0.9996368969672073,-0.02694561733505203
91,4.55,4,-2.545151889766839,0.7395180706537867,0.9983171438481037,-0.05799020709263365
91,4.55,5,-2.588544983557791,1.321109353461096,0.9948758525393903,-0.10110403154703962
92,4.6000000000000005,0,-2.5684859830340225,-1.5309857732474932,0.9948579818778113,0.10127973737964335
92,4.6000000000000005,1,-2.5880985937386174,-0.9180287180941114,0.9987423285649872,0.05013723763772733
92,4.6000000000000005,2,-2.421622666152972,-0.37400391808232875,0.9999506583789526,0.009933246123102469
92,4.6000000000000005,3,-2.3409092153829905,0.20632583274836142,0.9996508791248127,-0.026421795918974054
92,4.6000000000000005,4,-2.495236032574434,0.7366185602991551,0.9983764402016754,-0.05696021452069014
92,4.6000000000000005,5,-2.5388011909308212,1.316054151883744,0.9950326903857474,-0.09954863656318877
93,4.65,0,-2.518743083940132,-1.525921786378511,0.9950024778922163,0.09985017434843138
93,4.65,1,-2.5381614773103682,-0.915521856212225,0.9987802458540156,0.04937611026823143
93,4.65,2,-2.3716251332340246,-0.3735072557761736,0.999952279543684,0.009768636278242598
93,4.65,3,-2.29092667142675,0.20500474295241272,0.9996644879976027,-0.02590177949471991
93,4.65,4,-2.44531721056435,0.7337705495731206,0.9984342245875817,-0.05593818017373797
93,4.65,5,-2.489049556411534,1.3110767200555846,0.9951862095974708,-0.09800200463535746
94,4.7,0,-2.468992960045521,-1.5209292776610894,0.9951435770958361,0.09843397900633204
94,4.7,1,-2.4882224650176674,-0.9130530506988135,0.998817047371753,0.048625958152376726
94,4.7,2,-2.3216275192568405,-0.3730188239622615,0.9999538243984772,0.009609144477903266
94,4.7,3,-2.24094344702687,0.20370965397767674,0.9996777308781711,-0.025385515227123182
94,4.7,4,-2.395395499334971,0.7309736405644337,0.9984905233239842,-0.05492407453397952
94,4.7,5,-2.43929024593166,1.3061766198238167,0.9953364433551698,-0.09646423069242425
95,4.75,0,-2.419235781190729,-1.5160075787107727,0.9952813276048719,0.097031257900186
95,4.75,1,-2.43828161264908,-0.9106217527911946,0.9988527590438019,0.04788675872894324
95,4.75,2,-2.2716298280369167,-0.3725383667383663,0.9999552955284,0.009454755999225772
95,4.75,3,-2.1909595604829613,0.20244037821632058,0.9996906149208558,-0.02487294969756242
95,4.75,4,-2.3454709731687715,0.7282274368377347,0.9985453625529059,-0.053917865375026595
95,4.75,5,-2.389523423763902,1.3013534082891955,0.9954834256550912,-0.09493540424118795
96,4.800000000000001,0,-2.3694717148104854,-1.5111560158157635,0.9954157780834714,0.09564211182344594
96,4.800000000000001,1,-2.38833897469689,-0.9082274148547475,0.9988874064538993,0.04715848745269481
96,4.800000000000001,2,-2.221632063260497,-0.37206562893840506,0.9999566954323033,0.009305455959139789
96,4.800000000000001,3,-2.1409750297369183,0.20119673073144245,0.9997031471413533,-0.024364028940412518
96,4.800000000000001,4,-2.2955437050411263,0.7255315435689834,0.9985987682249409,-0.05291951784641468
96,4.800000000000001,5,-2.3397492524811474,1.2966066380771362,0.99562719125509,-0.09341560941556762
97,4.8500000000000005,0,-2.3197009259063117,-1.5063739102245912,0.9955469776831024,0.09426663589660014
97,4.8500000000000005,1,-2.3383946043741948,-0.9058694904821127,0.9989210148357888,0.04644111787513879
97,4.8500000000000005,2,-2.1716342284888817,-0.37160035614044806,0.9999580265232721,0.009161229331838348
97,4.8500000000000005,3,-2.0909898723798506,0.19997852928442184,0.9997153344164769,-0.023858698478185676
97,4.8500000000000005,4,-2.245613766629879,0.7228855676766627,0.9986507660848246,-0.051928994557100705
97,4.8500000000000005,5,-2.289967892918393,1.2919358576063578,0.9957677756214299,-0.09190492502950015
98,4.9,0,-2.2699235770221566,-1.5016605784297612,0.9956749759834057,0.0929049196509171
98,4.9,1,-2.2884485536324055,-0.9035474345883558,0.998953609065801,0.04573462172395037
98,4.9,2,-2.121636327162718,-0.3711422946738561,0.9999592911291051,0.009022060965721935
98,4.9,3,-2.041004105659027,0.19878559436051255,0.9997271834840465,-0.0233569033553718
98,4.9,4,-2.195681228325638,0.7202891179488077,0.9987013816578375,-0.05094625565784823
98,4.9,5,-2.2401795041373216,1.2873406113548826,0.9959052148764784,-0.09040342463329781
99,4.95,0,-2.2201398282229863,-1.4970153324472153,0.9957998229345679,0.0915570471152445
99,4.95,1,-2.2385008731791154,-0.9012607035021584,0.9989852136561148,0.04503896898100825
99,4.95,2,-2.0716383626062624,-0.37069119162557,0.9999604914928151,0.008887935599819981
99,4.95,3,-1.9910177464848247,0.19761774919274397,0.9997387009429073,-0.022858588170990835
99,4.95,4,-2.145746159242746,0.7177418051659152,0.9987506402370224,-0.04997125892241584
99,4.95,5,-2.1903842433934977,1.2828204401232177,0.9960395457473518,-0.0889111765732281
100,5.0,0,-2.170349837076258,-1.492437480091453,0.9959215688012584,0.09022309690560053
100,5.0,1,-2.1885516124963096,-0.899008755053108,0.999015852748677,0.044354127958994696
100,5.0,2,-2.021640338031622,-0.37024679484557904,0.9999616297731557,0.008758837879695542
100,5.0,3,-1.9410308114376793,0.19647481978419443,0.999749893253062,-0.022363697109870535
100,5.0,4,-2.095808627230895,0.7152432422197944,0.9987985668711967,-0.049003959827466845
100,5.0,5,-2.1405822661061302,1.2783748812945563,0.9961708055155587,-0.08742824405408262
101,5.050000000000001,0,-2.120553758636195,-1.487926325246173,0.9960402641081596,0.08890314231730136
101,5.050000000000001,1,-2.1386008198588757,-0.8967910486551582,0.9990455501097563,0.04368006537651725
101,5.050000000000001,2,-1.971642256542964,-0.36980885295159427,0.9999627080451619,0.008634752372842835
101,5.050000000000001,3,-1.8910433167750262,0.1953566349287009,0.9997607667359132,-0.021872173972665426
101,5.050000000000001,4,-2.045868698887335,0.712793044228421,0.9988451863537321,-0.04804431163112868
101,5.050000000000001,5,-2.0907737258303523,1.2740034690918522,0.9962990319676932,-0.08595468520450504
102,5.1000000000000005,0,-2.070751745430787,-1.483481168130308,0.9961559595871218,0.08759725141937681
102,5.1000000000000005,1,-2.088648542353388,-0.8946070453863324,0.9990743291251004,0.04301674643171567
102,5.1000000000000005,2,-1.921644121140706,-0.36937711533295214,0.9999637283007136,0.00851566358358649
102,5.1000000000000005,3,-1.8410552784382306,0.19426302623006764,0.9997713275746095,-0.02138396220463266
102,5.1000000000000005,4,-1.9959264395696485,0.7103908286468646,0.9988905232120826,-0.047092265450135236
102,5.1000000000000005,5,-2.0409587742319677,1.269705734831627,0.9964242633472149,-0.08449055314485074
103,5.15,0,-2.0209439474514306,-1.4791013055593392,0.9962687061259621,0.08630548715102834
103,5.15,1,-2.038694825897133,-0.8924562080647466,0.9991022127956791,0.042364134874321474
103,5.15,2,-1.8716459347256704,-0.3689513321537728,0.999964692449106,0.008401555967490754
103,5.15,3,-1.7910667120595,0.19319382811983601,0.9997815818144813,-0.020899004923183563
103,5.15,4,-1.9459819134090444,0.7080362153743579,0.9989346016980359,-0.04614777033549088
103,5.15,5,-1.991137561064607,1.2654812071743844,0.996546538307354,-0.08303589605735748
104,5.2,0,-1.9711305121451326,-1.4747860312017878,0.9963785547189293,0.08502790741989623
104,5.2,1,-1.988739715257349,-0.8903380013210305,0.999129223733986,0.04172219307614298
104,5.2,2,-1.8216477001032152,-0.36853125435539824,0.9999656023176395,0.008292413945289715
104,5.2,3,-1.741077632968776,0.19214887787367685,0.9997915353635648,-0.020417244944229335
104,5.2,4,-1.8960351833241424,0.7057288268575833,0.9989774457786613,-0.04521077334660342
104,5.2,5,-1.9413102341492392,1.2613294123715164,0.9966658958651721,-0.08159075725840861
105,5.25,0,-1.9213115844091861,-1.470534635830793,0.9964855564188424,0.08376456520190471
105,5.25,1,-1.9387832540706496,-0.8882518916672233,0.999155384160869,0.04109088209995285
105,5.25,2,-1.7716494199873332,-0.36811663365813374,0.9999664596522136,0.008188221916347622
105,5.25,3,-1.6910880562005979,0.1911280156264654,0.999801193993206,-0.01993862480734066
105,5.25,4,-1.8460863110352095,0.7034682881902531,0.9990190791279349,-0.044281219623836986
105,5.25,5,-1.8914769393559805,1.257249874508596,0.9967823753568101,-0.08015517527267745
106,5.300000000000001,0,-1.871487306588244,-1.4663464075706978,0.9965897622909152,0.0825155086424654
106,5.300000000000001,1,-1.888825484862606,-0.8861973475622257,0.9991807159028705,0.040470161766759404
106,5.300000000000001,2,-1.7216510970047225,-0.36770722256231636,0.9999672661179297,0.008088964271660826
106,5.300000000000001,3,-1.6410979965009376,0.19013108438609835,0.9998105633387336,-0.01946308679974214
106,5.300000000000001,4,-1.7961353570788128,0.7012542272090613,0.9990595251190137,-0.04335905245944104
106,5.300000000000001,5,-1.84163782058814,1.2532421157449622,0.9968960163939413,-0.07872918390894597
107,5.3500000000000005,0,-1.8216578184736982,-1.4622206321385744,0.9966912233682684,0.08128078115882431
107,5.3500000000000005,1,-1.8388664490674624,-0.8841738394738877,0.9992052403900565,0.03985999072144715
107,5.3500000000000005,2,-1.671652733698826,-0.3673027743487333,0.9999680232997016,0.007994625406411474
107,5.3500000000000005,3,-1.591107468334001,0.18915793004611126,0.9998196489002007,-0.01899057297916325
107,5.3500000000000005,4,-1.746182380822862,0.6990862745860892,0.9990988068171356,-0.04244421336682023
107,5.3500000000000005,5,-1.791793019768443,1.2493056565495149,0.9970068588214519,-0.07731281233739754
108,5.4,0,-1.7718232573052848,-1.4581565930806333,0.9967899906091288,0.08006042154334723
108,5.4,1,-1.7889061870479597,-0.8821808399378154,0.999228978654299,0.03926032649677713
108,5.4,2,-1.621654332533841,-0.36690304307841276,0.999968732702864,0.00790518973208488
108,5.4,3,-1.541116485888991,0.18820840139715309,0.9998284560431835,-0.0185210251955672
108,5.4,4,-1.6962274404820052,0.6969640639177481,0.9991369469731188,-0.04153664214811101
108,5.4,5,-1.7419426768273705,1.245440015932645,0.9971149426763615,-0.07590608516818856
109,5.45,0,-1.7219837577748283,-1.454153572003466,0.9968861148557133,0.07885446406754695
109,5.45,1,-1.7389447381152447,-0.8802178236129765,0.9992519513279992,0.038671125575737764
109,5.45,2,-1.571655895898698,-0.3665077835918085,0.999969395753789,0.007820641688161316
109,5.45,3,-1.4911250630868318,0.18728235013737474,0.9998369899996331,-0.018054385111781052
109,5.45,4,-1.6462705931333492,0.6948872318103426,0.9991739680174382,-0.0406362769600381
109,5.45,5,-1.6920869296935523,1.2416447116742357,0.9972203081479991,-0.07450902253111086
110,5.5,0,-1.6721394520320425,-1.4502108488000887,0.9969796467947863,0.07766293858666036
110,5.5,1,-1.6889821405488448,-0.8782842673341896,0.9992741786432248,0.03809234345224516
110,5.5,2,-1.5216574261110085,-0.3661167515074005,0.9999700138004941,0.007740965753393885
110,5.5,3,-1.4411332135868502,0.1863796308817857,0.9998452558687739,-0.017590594223049604
110,5.5,4,-1.5963118947324773,0.6928554179623407,0.9992098920548522,-0.03974305437802816
110,5.5,5,-1.6422259142861524,1.23791926054768,0.9973229955394373,-0.07312164015616297
111,5.550000000000001,0,-1.6222904696923033,-1.4463277018707557,0.9970706369198813,0.0764858706445978
111,5.550000000000001,1,-1.6390184316166836,-0.8763796501615774,0.9992956804312336,0.037523934690191496
111,5.550000000000001,2,-1.4716589254209838,-0.3657297032197308,0.9999705881132523,0.0076661464566854165
111,5.550000000000001,3,-1.3911409507934116,0.1855001011706332,0.9998532586180428,-0.017129593875536964
111,5.550000000000001,4,-1.5463514001297347,0.6908682652434394,0.9992447408595575,-0.038856909458563
111,5.550000000000001,5,-1.5923597645091805,1.2342631785398719,0.9974230452301894,-0.07174394945485506
112,5.6000000000000005,0,-1.5724369378463092,-1.4425034083385257,0.9971591354951711,0.075323281579089
112,5.6000000000000005,1,-1.5890536475951218,-0.8745034534270678,0.9993164761223691,0.036965852980844614
112,5.6000000000000005,2,-1.4216603960153211,-0.36534639589689655,0.9999711198851958,0.007596168387574826
112,5.6000000000000005,3,-1.3411482878625094,0.18464362147685637,0.9998610030840628,-0.016671325283798596
112,5.6000000000000005,4,-1.4963891630867567,0.6889254197705112,0.9992785358708419,-0.03797777579975567
112,5.6000000000000005,5,-1.542488612247671,1.230675981067129,0.9975204976401759,-0.07037595760207921
113,5.65,0,-1.5225789810715507,-1.4387372442595714,0.9972451925209705,0.07417518862686279
113,5.65,1,-1.5390878237890033,-0.8726551607780256,0.9993365847463012,0.03641805119860488
113,5.65,2,-1.3716618400210614,-0.3649665874775178,0.9999716102329105,0.007531016206345755
113,5.65,3,-1.2911552377083062,0.18381005521266644,0.9998684939736476,-0.016215729547248533
113,5.65,4,-1.4464252362932146,0.6870265309805235,0.9993112981892203,-0.03710558560014246
113,5.65,5,-1.4926125873656624,1.2271571831870252,0.9976153931949479,-0.06901766761838225
114,5.7,0,-1.4727167214455021,-1.4350284848282282,0.9973288577008476,0.07304160502870337
114,5.7,1,-1.4891209945516883,-0.8708342582180953,0.9993560249325881,0.03588048145512804
114,5.7,2,-1.3216632595094158,-0.3645900366672005,0.9999720601970249,0.007470674653770043
114,5.7,3,-1.2411618130096238,0.182999268735304,0.9998757358648305,-0.01576274766564512
114,5.7,4,-1.3964596713837536,0.6851712517005163,0.9993430485730177,-0.036240269715681096
114,5.7,5,-1.442731817705915,1.2237062998061061,0.9977077722921719,-0.0676690784524881
115,5.75,0,-1.4228502785604598,-1.431376404576793,0.9974101804103226,0.07192254013423642
115,5.75,1,-1.439153193305059,-0.8690402341453389,0.9993748149115445,0.035353095151824374
115,5.75,2,-1.2716646564995646,-0.364216502934512,0.9999724707427852,0.0074151285604978434
115,5.75,3,-1.1911680262163822,0.18221113135202174,0.999882733207909,-0.015312320553619143
115,5.75,4,-1.3464925189551027,0.6833592382147322,0.9993738074353883,-0.03538175771495361
115,5.75,5,-1.3928464290913063,1.2203228458834816,0.9977976752693613,-0.06633018506391927
116,5.800000000000001,0,-1.3729797695399437,-1.4277802775700812,0.9974892096671298,0.0708179995063036
116,5.800000000000001,1,-1.3891844525594816,-0.8672725793877477,0.9993929725153887,0.0348358430307488
116,5.800000000000001,2,-1.2216660329624254,-0.36384574650648716,0.9999728427606199,0.00736436285610607
116,5.800000000000001,3,-1.1411738895559866,0.18144551532434078,0.9998894903265103,-0.014864389054268758
116,5.800000000000001,4,-1.2965238285833334,0.6815901503289845,0.9994035948417336,-0.03452997793257384
116,5.800000000000001,5,-1.3429565453278383,1.2170063366302857,0.9978851423728464,-0.06500097850557947
117,5.8500000000000005,0,-1.3231053090565872,-1.424239377594766,0.9975659941030132,0.06972798502479466
117,5.8500000000000005,1,-1.3392148039337122,-0.8655307872362102,0.9994105151796531,0.03432867522389633
117,5.8500000000000005,2,-1.1716673908243944,-0.36347752836368186,0.9999731770666864,0.007318362577818942
117,5.8500000000000005,3,-1.0911794150396612,0.18070229587162734,0.9998960114186598,-0.014418893951844416
117,5.8500000000000005,4,-1.2465536488412468,0.6798636514323558,0.9994324305075091,-0.03368485752080141
117,5.8500000000000005,5,-1.293062288209196,1.2137562877050068,0.99797021372797,-0.06368144600615948
118,5.9,0,-1.2732270093514366,-1.4207529783435262,0.9976405819370242,0.06865249498981399
118,5.9,1,-1.2892442781747295,-0.8638143534750155,0.9994274599448343,0.033831541300921635
118,5.9,2,-1.12166873197106,-0.3631116102347909,0.9999734744034021,0.007277112878911469
118,5.9,3,-1.0411846144687282,0.17998135117403513,0.9999023005578586,-0.013975775983547224
118,5.9,4,-1.1965820273158714,0.6781794085563158,0.9994603337963873,-0.032846322499368856
118,5.9,5,-1.2431637775227975,1.2105722154046987,0.9980529293104907,-0.06237157105224153
119,5.95,0,-1.2233449802545855,-1.4173203535940355,0.9977130209502969,0.06759152422406317
119,5.95,1,-1.2392729051774878,-0.8621227764099694,0.9994438234582647,0.03334439031530119
119,5.95,2,-1.07167005825089,-0.3627477545908453,0.9999737354399589,0.007240599036808824
119,5.95,3,-0.9911894994408353,0.17928256237485776,0.999908361694159,-0.0135349758504652
119,5.95,4,-1.146609010626052,0.6765370924313473,0.9994873237187561,-0.03201429780353026
119,5.95,5,-1.193261131057273,1.2074536368520867,0.9981333289191808,-0.06107133346998047
120,6.0,0,-1.1734593292070707,-1.4139407773828323,0.9977833584622586,0.06654506417433392
120,6.0,1,-1.1893007140045746,-0.8604555568942043,0.9994596219761852,0.03286717084895952
120,6.0,2,-1.021671371478892,-0.36238572463900487,0.9999739607728115,0.007208806460893863
120,6.0,3,-0.9411940813561274,0.17860581358233452,0.9999141986552381,-0.01309643422766933
120,6.0,4,-1.0966346444401143,0.6749363775411708,0.9995134189305341,-0.031188707330341785
120,6.0,5,-1.1433544646113138,1.2044000701785877,0.9982114521495902,-0.059780709506246546
121,6.050000000000001,0,-1.1235701612839577,-1.4106135241741156,0.9978516413082495,0.06551310301200793
121,6.050000000000001,1,-1.1393277329057654,-0.8588121983517563,0.9994748713660038,0.03239983105538302
121,6.050000000000001,2,-0.9716726734402515,-0.36202528431596015,0.999974150926147,0.007181720700034182
121,6.050000000000001,3,-0.8911983714233654,0.17795099187095104,0.9999197108977005,-0.012668318087688741
121,6.050000000000001,4,-1.0466589734935876,0.6733769421746537,0.9995386377322775,-0.030369473983186266
121,6.050000000000001,5,-1.0934438920038343,1.2014110347032754,0.9982873383689677,-0.058499671909124265
122,6.1000000000000005,0,-1.0736775792185451,-1.4073378690235152,0.9979179174537391,0.06449560043102405
122,6.1000000000000005,1,-1.0893539893374653,-0.8571922067989871,0.9994895877756431,0.03194229783204407
122,6.1000000000000005,2,-0.9216739658939442,-0.3616661982809584,0.9999743064621667,0.007159312106354893
122,6.1000000000000005,3,-0.8412023858784804,0.1773175759665666,0.9999262645089629,-0.012139687497186231
122,6.1000000000000005,4,-0.9966820416069737,0.6718584684754944,0.9995629977921326,-0.029556529064209334
122,6.1000000000000005,5,-1.043529525085386,1.1984860511078193,0.9983610255174258,-0.05722821050399091
123,6.15,0,-1.0237816833458582,-1.404113089001964,0.9979822124516926,0.06349285547650776
123,6.15,1,-1.0393795099486831,-0.8555950919073849,0.9995037780404709,0.03149477990976405
123,6.15,2,-0.871675250570836,-0.36130823267564066,0.9999743042395326,0.007158830358719278
123,6.15,3,-0.7912060726530322,0.1767105915917073,0.9999343962942415,-0.011449884479040946
123,6.15,4,-0.9467038917173671,0.6703806420222839,0.9995865200830402,-0.028749676702074557
123,6.15,5,-0.9936114738095148,1.1956246405826196,0.9984325669064928,-0.0559660344938907
124,6.2,0,-0.9738825727232735,-1.4009384462281387,0.9980445378907035,0.06250539868653768
124,6.2,1,-0.9894043210466595,-0.8540203529118967,0.9995174436651961,0.031057659797190613
124,6.2,2,-0.8216765353588593,-0.3609502911577047,0.999975025500706,0.007056426335110609
124,6.2,3,-0.7412093528383201,0.17613809736775524,0.9999438423064334,-0.010592322651880407
124,6.2,4,-0.8967245657132151,0.6689431581871801,0.9996092281734086,-0.027948601131216992
124,6.2,5,-0.9436898454641901,1.192826338857925,0.9985020257310661,-0.05471264041266808
125,6.25,0,-0.9239803458287383,-1.3978131762938117,0.9981049253383756,0.06153345913909745
125,6.25,1,-0.9394284488633997,-0.8524674699220371,0.9995305898793824,0.030631209655365168
125,6.25,2,-0.771677784083824,-0.3605974698409492,0.9999768081680928,0.006797968500279622
125,6.25,3,-0.6912121607229984,0.1756084812351612,0.9999542419479684,-0.009559553753793323
125,6.25,4,-0.8467441043045447,0.6675457281306192,0.99963113548093,-0.027153318795594662
125,6.25,5,-0.8937647441776368,1.1900907068372917,0.9985694422020875,-0.053467901652604476
126,6.300000000000001,0,-0.8740750995618196,-1.3947365033368568,0.9981634137553702,0.0605771465928209
126,6.300000000000001,1,-0.8894519193694306,-0.8509359094392689,0.999543223103026,0.030215666188406598
126,6.300000000000001,2,-0.7216789436754194,-0.36025757141593523,0.9999795987995805,0.0063728327841712906
126,6.300000000000001,3,-0.6412144486256,0.17513050354747153,0.9999651212629102,-0.00834329256731666
126,6.300000000000001,4,-0.7967625475304982,0.6661880621908395,0.9996498629608606,-0.026454401853974522
126,6.300000000000001,5,-0.8438362720675324,1.1874173117546614,0.9986348476536109,-0.05223184433851626
127,6.3500000000000005,0,-0.8241669288740511,-1.3917076460072157,0.9982200594420205,0.05963627495527315
127,6.3500000000000005,1,-0.8394747582142793,-0.8494251261298486,0.9995553583986846,0.029810977361885264
127,6.3500000000000005,2,-0.6716799637354404,-0.35993892977672665,0.9999832514477313,0.005769438206941896
127,6.3500000000000005,3,-0.5912161925624544,0.1747133389191057,0.9999758727425313,-0.006934557899630706
127,6.3500000000000005,4,-0.7467800543824552,0.6648653420981407,0.9996695588024905,-0.02569879248890597
127,6.3500000000000005,5,-0.7939045296848519,1.1848057195377355,0.9986982637530522,-0.05100468144713303
128,6.4,0,-0.77425592590195,-1.388725832259452,0.9982748883561454,0.05871114935473869
128,6.4,1,-0.7894969902943451,-0.8479345772617543,0.9995650746322414,0.02948279717617877
128,6.4,2,-0.6216808011630538,-0.35965045786637956,0.9999875014894067,0.004976071081771775
128,6.4,3,-0.5412173989253278,0.17436661102412418,0.9999857349478767,-0.00532352710101769
128,6.4,4,-0.6967965764423307,0.6635804024736954,0.9996906567618822,-0.024863879399051915
128,6.4,5,-0.7439696164971993,1.1822554854653788,0.9987597272423333,-0.049786339341260005
129,6.45,0,-0.7243421814841428,-1.385790274791715,0.9983279145316737,0.057802287315285944
129,6.45,1,-0.7395187365627329,-0.8464604374029453,0.9995749429162277,0.029145652061035282
129,6.45,2,-0.5716814260885834,-0.359401654312291,0.9999919442889343,0.0039807231906786485
129,6.45,3,-0.491218112177934,0.1741004346690733,0.9999937668600164,-0.003499616689689915
129,6.45,4,-0.6468120436042366,0.6623372085037428,0.9997135216223518,-0.02392611333818113
129,6.45,5,-0.6940316301350826,1.1797661684983158,0.9988178742059045,-0.0486055233756961
130,6.5,0,-0.6744257857575591,-1.3829001604259508,0.9983791635568287,0.05691002272767152
130,6.5,1,-0.6895399894169215,-0.8450031547998935,0.9995863155017356,0.0287522357777801
130,6.5,2,-0.5216818288741367,-0.35920261815275706,0.9999960108444229,0.00277095648796324
130,6.5,3,-0.44121842383493315,0.1739254538345888,0.9999988190522582,-0.0014519405030976524
130,6.5,4,-0.596826367523119,0.6611409028368337,0.9997384071863016,-0.022861729513418857
130,6.5,5,-0.6440907364247874,1.177335892329531,0.9988656642769308,-0.04761297144643977
131,6.550000000000001,0,-0.6245068275797176,-1.3800546592895673,0.99842868666447,0.05603423886117053
131,6.550000000000001,1,-0.6395606736418348,-0.8435655430110045,0.9996002310346705,0.02826347880449071
131,6.550000000000001,2,-0.4716820283319156,-0.3590640703283589,0.9999989400322099,0.001333663954172829
131,6.550000000000001,3,-0.39121848288232025,0.1738528568094339,0.9999995072619262,0.0008304986901583221
131,6.550000000000001,4,-0.546839447163804,0.6599978163611627,0.99976541596372,-0.02164730182090259
131,6.550000000000001,5,-0.5941474532109409,1.174955243757209,0.9989106430361586,-0.0466594190688775
132,6.6000000000000005,0,-0.5745853932464942,-1.3772529473465087,0.9984664895352965,0.05535628558326619
132,6.6000000000000005,1,-0.5895806620901013,-0.84215236907078,0.9996171967659087,0.0276559843677741
132,6.6000000000000005,2,-0.4216820813303051,-0.35899738713065027,0.9999997458511719,-0.0003440035459890691
132,6.6000000000000005,3,-0.34121850751922395,0.1738943817439418,0.999994183782528,0.0033594567652923406
132,6.6000000000000005,4,-0.49685117636561793,0.6589154512701176,0.9997944742312749,-0.020259465237424574
132,6.6000000000000005,5,-0.5442019210591329,1.1726222728037652,0.9989544658693814,-0.04571114559136889
133,6.65,0,-0.5246620687697293,-1.3744851330673453,0.9985014950650687,0.05472093490223352
133,6.65,1,-0.5395998022518058,-0.8407695698523913,0.9996376178413642,0.02690664572517081
133,6.65,2,-0.3716820940377465,-0.3590145873079497,0.9999971893512836,-0.0022745687963114727
133,6.65,3,-0.29121879833009756,0.17406235458220642,0.9999808990687682,0.006147656387601517
133,6.65,4,-0.4468614526540542,0.6579024780082464,0.9998252974832743,-0.018674762933459155
133,6.65,5,-0.4942541977656638,1.1703367155241968,0.9989987298068704,-0.0447328313918856
134,6.7,0,-0.4747369940164759,-1.3717490863222337,0.9985355459915376,0.05409568418888634
134,6.7,1,-0.4896179213597376,-0.8394242375661327,0.9996617762467893,0.025992332329155786
134,6.7,2,-0.3216822345701823,-0.35912831574776527,0.9999897469230963,-0.004471015400405814
134,6.7,3,-0.24121975337665916,0.1743697374015865,0.9999573652504935,0.009207899981790894
134,6.7,4,-0.39687018777989047,0.6569687398615734,0.9998573261368974,-0.01687084537159662
134,6.7,5,-0.4443042612753203,1.1681000739546026,0.999044875079353,-0.04368952926760105
135,6.75,0,-0.424810216716899,-1.3690443021127894,0.9985703583937219,0.05344883306689899
135,6.75,1,-0.4396348325473981,-0.8381246209496749,0.9996897814846458,0.024890441174651074
135,6.75,2,-0.27168274722402747,-0.35935186651778556,0.9999755739958894,-0.006946505967322784
135,6.75,3,-0.1912218851141345,0.17483013240067605,0.999920916513078,0.012553404274726692
135,6.75,4,-0.3468773214730456,0.6561251975929936,0.999889692899746,-0.014826137120609756
135,6.75,5,-0.3943520175213526,1.1659155974912225,0.9990941536457746,-0.04254705784935317
136,6.800000000000001,0,-0.3748816987972129,-1.3663718604594444,0.998607579643078,0.05274840203588628
136,6.800000000000001,1,-0.3896503434731658,-0.8368800988909423,0.9997215288307008,0.02357908185158274
136,6.800000000000001,2,-0.221683968524233,-0.3596991918161517,0.9999524669137784,-0.009714394279213773
136,6.800000000000001,3,-0.1412258392884806,0.17545780261441238,0.9998684653380775,0.0161978083073073
136,6.800000000000001,4,-0.2968828368280583,0.6553838907369631,0.9999211800627317,-0.012519850965304594
136,6.800000000000001,5,-0.3443973098390639,1.1637882445987549,0.9991475832885309,-0.041272533252275506
137,6.8500000000000005,0,-0.324951319815059,-1.3637344403576501,0.9986487356314916,0.051962896758419426
137,6.8500000000000005,1,-0.3396642670316308,-0.8357011447983631,0.9997566575577016,0.02203718235895528
137,6.8500000000000005,2,-0.1716863451785441,-0.36018491153011234,0.9999178219789483,-0.012788238481415706
137,6.8500000000000005,3,-0.09123241602157672,0.17626769302977774,0.999796454861149,0.02015517770537371
137,6.8500000000000005,4,-0.24688677782492174,0.6547578981886979,0.9999501755622381,-0.00993197645536589
137,6.8500000000000005,5,-0.29443993067463736,1.1617246179361411,0.9992059028472787,-0.03983472938494126
138,6.9,0,-0.27501888303348443,-1.3611362955197293,0.9986951816920688,0.05106187457572782
138,6.9,1,-0.28967643415374567,-0.8345992856804153,0.9997945089868908,0.020244541925728853
138,6.9,2,-0.12169045407959667,-0.36082432345418314,0.999868591572539,-0.0161818067589224
138,6.9,3,-0.04124259327851927,0.17727545191504643,0.9997008070963979,0.024440006952055008
138,6.9,4,-0.19688926904680984,0.6542612993659296,0.9999746278664472,-0.007043252047594018
138,6.9,5,-0.24447963553227342,1.1597328814668941,0.9992695284180488,-0.03820430086417185
139,6.95,0,-0.225084123948881,-1.358583201790943,0.9987480561005464,0.05001634772610832
139,6.95,1,-0.23968670870440112,-0.8335870585841288,0.9998340843851802,0.018181849833818705
139,6.95,2,-0.07169702450096971,-0.36163341379212927,0.9998012373849697,-0.019909072034068064
139,6.95,3,0.008742447076300626,0.17849745226264918,0.9995768668733667,0.02906721597651845
139,6.95,4,-0.14689053765348747,0.6539091367635499,0.9999919997160401,-0.003835134112059144
139,6.95,5,-0.194516159111371,1.1578226664236855,0.9993385105204485,-0.03635390530880138
140,7.0,0,-0.17514672114385368,-1.3560823844046375,0.9988082356906931,0.048799057741042824
140,7.0,1,-0.1896950044851421,-0.8326779660924379,0.9998740027883616,0.015830686386583914
140,7.0,2,-0.02170696263172122,-0.36262886739383265,0.9997116809462553,-0.02398419225161996
140,7.0,3,0.058721290419968965,0.1799508130614751,0.9994193414684687,0.034052137307297385
140,7.0,4,-0.09689093766768547,0.6537173800579469,0.9999992209271681,-0.00028977394646849934
140,7.0,5,-0.14454923358534855,1.1560049711582454,0.9994124925266251,-0.03425825731053071
141,7.050000000000001,0,-0.12520630935931903,-1.3536424315175852,0.9988762935619341,0.04738465317428062
141,7.050000000000001,1,-0.139701304345724,-0.8318864317731087,0.9999124589400319,0.01317351953191128
141,7.050000000000001,2,0.028278621415591544,-0.3638280770064137,0.9995952518602849,-0.028421472670476587
141,7.050000000000001,3,0.1086922574933924,0.18165341992683995,0.999222236103472,0.039410489845719286
141,7.050000000000001,4,-0.04689097662132707,0.6537028913606234,0.9999926407131972,0.0036099877675161464
141,7.050000000000001,5,-0.09457860895901729,1.154292058292719,0.9994906708512168,-0.031894141464961515
142,7.1000000000000005,0,-0.07526249468122233,-1.351273198858871,0.9989524591578052,0.04574979923641211
142,7.1000000000000005,1,-0.0897056813987224,-0.8312277557965132,0.9999471817030703,0.010193708375972626
142,7.1000000000000005,2,0.0782583840086058,-0.3652491506399375,0.999446634428545,-0.033235306279782724
142,7.1000000000000005,3,0.158653369298566,0.1836239444191259,0.9989787857458605,0.045158334977179714
142,7.1000000000000005,4,0.003108655414332792,0.6538833907489993,0.9999679803119257,0.007880600925510628
142,7.1000000000000005,5,-0.044604075416456446,1.152697351219471,0.9995717575849399,-0.029240407044959008
143,7.15,0,-0.025314871723332064,-1.3489857088970505,0.9990365812089297,0.04387324380825711
143,7.15,1,-0.03970832231356888,-0.8307180703777146,0.9999753935337846,0.006875522959729066
143,7.15,2,0.12823071573003306,-0.36691091595392666,0.9992598137145849,-0.038440088023867974
143,7.15,3,0.20860230858585901,0.18588186116798489,0.9986813840004449,0.05131201024166647
143,7.15,4,0.05310705442992908,0.6542774207952748,0.9999202871274553,0.012537753155136552
143,7.15,5,0.005374512462790554,1.151235330867223,0.9996539464595718,-0.026277962520147368
144,7.2,0,0.02463695733711442,-1.3467920467066377,0.9991280942136297,0.041735860174755016
144,7.2,1,0.010290447363120347,-0.8303742942297282,0.9999937719144816,0.0032041881996721674
144,7.2,2,0.17819370641576232,-0.36883292035512005,0.9990280225695477,-0.04405009797714165
144,7.2,3,0.25853637778588123,0.1884474616800682,0.9983215103549319,0.057888035120768
144,7.2,4,0.10310306878630185,0.6549043084530317,0.9998438921214232,0.017596277547549142
144,7.2,5,0.05535720978576915,1.1499214327412155,0.9997348832849936,-0.022989784301174224
145,7.25,0,0.0745933620477959,-1.3447052536978998,0.9992259893083146,0.03932068293654384
145,7.25,1,0.06029013595884443,-0.8302140848197446,0.9999984140229754,-0.0008340412382735073
145,7.25,2,0.22814510754423972,-0.37103542525397715,0.9987436917325457,-0.05007934798145863
145,7.25,3,0.3084524533036278,0.1913418634361066,0.997889657666922,0.06490298266101119
145,7.25,4,0.153095263392373,0.6557841223304092,0.999732372826747,0.023070014733341866
145,7.25,5,0.10534395395001883,1.1487719435261567,0.999811642310897,-0.019360950824912664
146,7.300000000000001,0,0.12455466151321164,-1.3427392195510726,0.9993287905791741,0.03661295004919831
146,7.300000000000001,1,0.1102900566599932,-0.8302557868816582,0.9999848063802361,-0.005251769237001155
146,7.300000000000001,2,0.278082292130867,-0.3735393926530501,0.9983984058603003,-0.05654138557506131
146,7.300000000000001,3,0.3583469361869739,0.19458701256915717,0.9973752625954494,0.07237330964244398
146,7.300000000000001,4,0.20308188203371036,0.6569376230670763,0.9995785251154585,0.02897162333167534
146,7.300000000000001,5,0.1553345360655637,1.147803895984911,0.9998807103359952,-0.015378710329620583
147,7.3500000000000005,0,0.17452110104217033,-1.3409085720486127,0.9994345380938819,0.033600160837919835
147,7.3500000000000005,1,0.160289296979005,-0.8305183753435083,0.9999478017597861,-0.01006030451442367
147,7.3500000000000005,2,0.328002212423882,-0.3763664619318032,0.9979828692509073,-0.06344904834522369
147,7.3500000000000005,3,0.40821569931674634,0.19820567805127937,0.9967666427330394,0.08031513682475738
147,7.3500000000000005,4,0.2530608082894833,0.65838620423366,0.9993743477318443,0.03531233305315459
147,7.3500000000000005,5,0.20532857158236345,1.14703496046843,0.9999379808048212,-0.011032588285161276
148,7.4,0,0.22449282794686443,-1.3392285640067167,0.9995407791832509,0.03027215710054451
148,7.4,1,0.21028668706699433,-0.8310213905692294,0.999881606259313,-0.015269460364653901
148,7.4,2,0.37790135588642737,-0.37953891434906434,0.9974868861266348,-0.07081416118360925
148,7.4,3,0.4580540314533983,0.20222143489251723,0.9960509455367846,0.08874396948213052
148,7.4,4,0.3030295256760755,0.6601518208863177,0.9991110445939206,0.04210163510701008
148,7.4,5,0.2553254706226045,1.146483331054172,0.9999787605751261,-0.006314538308496978
149,7.45,0,0.274469866906027,-1.3377149561516894,0.9996445697643326,0.02662123196874464
149,7.45,1,0.26028076737996,-0.8317848635874621,0.9997797801131191,-0.02088730402536522
149,7.45,2,0.4277757001927591,-0.3830796224082448,0.9968993616428665,-0.07864716839441253
149,7.45,3,0.5078565787302375,0.20665863336662377,0.9952141158453295,0.09767434701501178
149,7.45,4,0.35298507790577155,0.6622569026416683,0.9987790509450388,0.04934690519598504
149,7.45,5,0.30532440865136085,1.1461676041387472,0.9999977924753285,-0.0012191383681932225
150,7.5,0,0.32445209539424363,-1.3363838945532522,0.999742487745739,0.02264226895372681
150,7.5,1,0.31026975638561594,-0.8328292287887303,0.9996352565386791,-0.026919852718433477
150,7.5,2,0.47762066827490246,-0.3870119808279654,0.9962083312934252,-0.0869566923109765
150,7.5,3,0.5576172845225039,0.21154235071737434,0.9942408908578022,0.10711940897748036
150,7.5,4,0.4029240304530235,0.6647242479014676,0.9983680905543422,0.05705295544012237
150,7.5,5,0.3553242982751273,1.1461066472203376,0.999989297157142,0.004256167971850808
151,7.550000000000001,0,0.3744392197815306,-1.335251781105566,0.9998306607617617,0.018332911464003766
151,7.550000000000001,1,0.3602515192125499,-0.8341752214246521,0.9994403836209401,-0.03337071458261573
151,7.550000000000001,2,0.5274310848395737,-0.3913598154435142,0.9954010280620188,-0.09574901016507245
151,7.550000000000001,3,0.607329329065394,0.21689832116624835,0.9931148339852776,0.11709036350600556
151,7.550000000000001,4,0.4528424349807406,0.6675768956734737,0.9978672722386454,0.06522151323168936
151,7.550000000000001,5,0.4053237631329844,1.1463194556189302,0.99994703802556,0.010110787720434647
152,7.6000000000000005,0,0.42443075281961873,-1.3343351355323658,0.9999048106049129,0.01369376096385529
152,7.6000000000000005,1,0.4102235383935969,-0.8358437571537829,0.9991869948823736,-0.04024067431056502
152,7.6000000000000005,2,0.5772011362426747,-0.39614726595176786,0.9944639984646941,-0.10502744161752656
152,7.6000000000000005,3,0.656985070764658,0.22275283934154863,0.9918184219843533,0.127595843070162
152,7.6000000000000005,4,0.5027357985926729,0.6708379713350582,0.9972652348858627,0.07385062747637099
152,7.6000000000000005,5,0.4553211150342624,1.146824995004952,0.99986441312471,0.016340656934844607
153,7.65,0,0.47442599334986435,-1.333650447484173,0.9999603167200557,0.008728599775921659
153,7.65,1,0.4601828881377156,-0.8378557908693112,0.9988665146779461,-0.04752722544012834
153,7.65,2,0.6269243361659094,-0.4013986380326442,0.9933832804252422,-0.11479164084214774
153,7.65,3,0.7065759918638757,0.22913263149505672,0.990333203215913,0.13864113197040784
153,7.65,4,0.552599060336966,0.6745305027088767,0.9965503507273037,0.08293400610649604
153,7.65,5,0.5053143356904979,1.1476420278516943,0.9997345776882791,0.022937889149919538
154,7.7,0,0.5244240091858672,-1.333214017495377,0.9999923009349153,0.003444632281914542
154,7.7,1,0.5101262138716128,-0.8402321521413176,0.998470104775704,-0.05522405403924742
154,7.7,2,0.6765935001871715,-0.4071382200747516,0.992144657537479,-0.12503678964892162
154,7.7,3,0.7560926520246714,0.2360646880935771,0.9886400486260826,0.15022725048216257
154,7.7,4,0.6024265778733312,0.6786772030142015,0.9957109966018972,0.09246029332137445
154,7.7,5,0.5553010645749118,1.1487889223091903,0.9995506005319498,0.02989040447266739
155,7.75,0,0.574423624232613,-1.3330417858812813,0.9999957351765512,-0.00214726406032096
155,7.75,1,0.560049719110398,-0.84299335484328,0.997988858289041,-0.06332048204203627
155,7.75,2,0.7262007330640454,-0.41339005955719765,0.9907340054125159,-0.13575269216897673
155,7.75,3,0.8055246544559755,0.24357605061768525,0.9867195208742543,0.16234988253165067
155,7.75,4,0.6522121277034261,0.6833002176802703,0.9947359020921009,0.10241230082010111
155,7.75,5,0.6052785946015093,1.1502834425328237,0.9993056564749034,0.03718155338942977
156,7.800000000000001,0,0.6244234109914405,-1.3331491490842973,0.999965573209051,-0.008032288845387186
156,7.800000000000001,1,0.6099491620248501,-0.8461593789453817,0.9974140463428038,-0.0718008827652701
156,7.800000000000001,2,0.7757374333346713,-0.4201776941656465,0.9891377460859186,-0.1469227774506522
156,7.800000000000001,3,0.8548606304996883,0.2516935447442678,0.9845523904926541,0.17499813798887595
156,7.800000000000001,4,0.7019489228080311,0.6884208327212753,0.9936145813561912,0.11276621434095861
156,7.800000000000001,5,0.6552438774252545,1.1521425202022952,0.9989932554397514,0.04478975281027343
157,7.8500000000000005,0,0.6744216896518931,-1.3335507635265667,0.9998969063824004,-0.014191483289521715
157,7.8500000000000005,1,0.6598198643419902,-0.8497494230836452,0.9967374212930424,-0.08064408610379768
157,7.8500000000000005,2,0.8251943206389672,-0.4275238330381791,0.9873434253387058,-0.15852302425238574
157,7.8500000000000005,3,0.904088250024321,0.2604434516437116,0.9821203303405451,0.18815314793255808
157,7.8500000000000005,4,0.7516296518758406,0.6940591434383232,0.9923378518855092,0.12349080494491176
157,7.8500000000000005,5,0.705193540197242,1.1543820078428089,0.9986075067338196,0.05268815528420623
158,7.9,0,0.7244165349710131,-1.3342603376910427,0.9997851419843695,-0.020601524676192227
158,7.9,1,0.7096567354066423,-0.8537816273888351,0.9959105198574315,-0.0902767721055258
158,7.9,2,0.8745614919059026,-0.4354499842507984,0.9854248266484922,-0.17003249872329035
158,7.9,3,0.9531942665413483,0.2698511090403395,0.9794068198532377,0.20178650254565073
158,7.9,4,0.8012465444701161,0.7002336836855688,0.9908984379629259,0.13454668329127195
158,7.9,5,0.755123915533933,1.157016415607019,0.9981434142467355,0.06084437535632137
159,7.95,0,0.7744057920702316,-1.3352904139248523,0.9996262075611242,-0.027234329302033004
159,7.95,1,0.7594522613995139,-0.8582954659941114,0.994461816461951,-0.10503212404304739
159,7.95,2,0.9238327332383272,-0.4439516091869629,0.9842471815434103,-0.17671253648801136
159,7.95,3,1.0021646075340103,0.27994043416762204,0.9763982885855464,0.21585855113559865
159,7.95,4,0.8507914663682624,0.7069610178501324,0.9892916518737188,0.14588562491859414
159,7.95,5,0.8050310862462697,1.1600586343748351,0.997597191231943,0.06922035310238898
160,8.0,0,0.8243871024482878,-1.336652130389954,0.9994168412712657,-0.0340549060207196
160,8.0,1,0.8091753522226115,-0.8635470721962638,0.9928229226887973,-0.11952839804597504
160,8.0,2,0.9730450923154976,-0.4527872360113635,0.9828645806427958,-0.18423783101964358
160,8.0,3,1.0509845219632876,0.29073336172440195,0.9732520259866112,0.22961209559670878
160,8.0,4,0.9002560489619483,0.7142552990960621,0.9874125566157718,0.1580981895343364
160,8.0,5,0.8549109458078669,1.1635196520299547,0.9969665508344825,0.07777275672891601
161,8.05,0,0.8743579445118511,-1.33835487569099,0.9991546773873152,-0.041026548631784336
161,8.05,1,0.8588164983570514,-0.8695234920985626,0.9910042764405824,-0.13376563614438583
161,8.05,2,1.0221883213476375,-0.4619991275623457,0.9812794669125007,-0.19249263193425142
161,8.05,3,1.0996471232626182,0.3022139665042374,0.971041939846038,0.23877115817807387
161,8.05,4,0.9496266767927369,0.722160208572779,0.9851968921369788,0.17135756662182472
161,8.05,5,0.9047592733495909,1.1674082898664004,0.9959482326235741,0.08987388812350303
162,8.1,0,0.9243156783812169,-1.3404062031225792,0.9988384320485187,-0.04810947673504213
162,8.1,1,0.9083667121790806,-0.8762117739057819,0.9890180250788666,-0.1477309099118745
162,8.1,2,1.0712522946932626,-0.47162375915905824,0.979497263048445,-0.2013563674763774
162,8.1,3,1.14819922025492,0.31415252441314107,0.968602099465467,0.24846936637036782
162,8.1,4,0.9988865213995859,0.7307280869038701,0.983270295933577,0.1820812958779066
162,8.1,5,0.9545566849807696,1.1719019842725755,0.9945498450061473,0.10421195325416234
163,8.15,0,0.9742575999836428,-1.3428116769593312,0.9984681820992936,-0.05525868408972844
163,8.15,1,0.957817613433024,-0.8835983194013756,0.9868787398670473,-0.16139968080329659
163,8.15,2,1.1202271578456848,-0.4816915775328771,0.9775274238786035,-0.2107036904662496
163,8.15,3,1.1966293252281934,0.32657599273165944,0.9659967319514264,0.25840022522140926
163,8.15,4,1.0480500361962648,0.7398321516977655,0.9811765692385628,0.19304004697813376
163,8.15,5,1.004284177231077,1.1771125819352837,0.9929822724134925,0.11821642330064562
164,8.200000000000001,0,1.0241810090886074,-1.3455746111638176,0.9980455673342138,-0.06242432291733141
164,8.200000000000001,1,1.0071615504263762,-0.8916683034415404,0.9846043224823516,-0.17473518713303748
164,8.200000000000001,2,1.169103529039615,-0.4922267620561896,0.9753848139653927,-0.22040266447098128
164,8.200000000000001,3,1.2449291618257647,0.3394960039927299,0.9632398648529296,0.2684834468484768
164,8.200000000000001,4,1.097108864658193,0.7494841540466722,0.9789348847058454,0.20409911419160431
164,8.200000000000001,5,1.0539332908517518,1.183023403100316,0.9912645090137437,0.1318448390539433
165,8.25,0,1.0740832874553181,-1.348695827309684,0.9974440053867744,-0.07139172389714574
165,8.25,1,1.0563917665504938,-0.9004050627981922,0.9825802026752557,-0.18577622286312978
165,8.25,2,1.2178727697378846,-0.5032468952797386,0.9730908228501235,-0.23031408780455925
165,8.25,3,1.2930911550684112,0.3529201763351537,0.9603544366872465,0.2786196321948185
165,8.25,4,1.1460556088934852,0.7596891097562525,0.9765702597584833,0.21512507816603388
165,8.25,5,1.103496516302439,1.189615645053013,0.9894187922359926,0.14504624297583096
166,8.3,0,1.123955487724657,-1.3522654135045413,0.9962842942275264,-0.08607342089571457
166,8.3,1,1.1055207766842565,-0.9096938739413487,0.9816804801487176,-0.19046898200162932
166,8.3,2,1.2665273108803907,-0.5147625996699666,0.970709672574972,-0.24014829451332753
166,8.3,3,1.3411088769027735,0.36685115794489465,0.9573733860402268,0.2886907938036739
166,8.3,4,1.1948841218814095,0.7704453636645542,0.9741137053377416,0.22598547404106895
166,8.3,5,1.1529674559142387,1.1968679572018046,0.9874706341036468,0.15776370959292127
167,8.35,0,1.1737697024360332,-1.356569084549327,0.9950091318822019,-0.09973783685682223
167,8.35,1,1.1546048006916925,-0.9192173230414302,0.9805690643439661,-0.1961066190620864
167,8.35,2,1.3150627945091393,-0.526770014395633,0.9683936922352097,-0.24932137730767376
167,8.35,3,1.3889775462047849,0.38128569763507836,0.9574459865362106,0.28845344311372895
167,8.35,4,1.2435898071482965,0.7817446373666076,0.9716020620513848,0.23654910967962425
167,8.35,5,1.202340987619421,1.2047561426814506,0.9854485693613809,0.16993693377437358
168,8.4,0,1.2235201590301432,-1.361555976392168,0.9936503952802513,-0.1124702520968387
168,8.4,1,1.2036332539088908,-0.9290226539945345,0.9792977880026017,-0.20235625704682283
168,8.4,2,1.3634824791208997,-0.5392360832610167,0.9661574041581156,-0.2578514053390737
168,8.4,3,1.4368498455315954,0.3957083697907648,0.9577975725799822,0.2872899731646118
168,8.4,4,1.2921699102508657,0.7935720928505888,0.9692772191625328,0.24590107237752162
168,8.4,5,1.25161341608749,1.2132529893701693,0.9833865299360118,0.18148913139068953
169,8.450000000000001,0,1.2732026787941557,-1.36717948899701,0.9922380359118765,-0.12431525037272419
169,8.450000000000001,1,1.2525981433090208,-0.9391404668468757,0.9779180861609588,-0.20891964635978943
169,8.450000000000001,2,1.4117903493288055,-0.5521286535279704,0.9640255544883362,-0.2657126164887077
169,8.450000000000001,3,1.4847397241605946,0.4100728684489954,0.9579029873494942,0.28694570166932204
169,8.450000000000001,4,1.3406337712089924,0.8058671464694649,0.9671851736385775,0.254005222785446
169,8.450000000000001,5,1.3007827425842906,1.2223274459397038,0.981329351392381,0.1923021742747687
170,8.5,0,1.3228145805897495,-1.3733952515156462,0.9908007210222931,-0.13529429439359106
170,8.5,1,1.3014940476170687,-0.9495864491648651,0.9764808464754015,-0.2155357635289488
170,8.5,2,1.4599916270532223,-0.5654142843524057,0.964128155682647,-0.2653453425952716
170,8.5,3,1.5326348735280693,0.4244201535324615,0.9578346557385137,0.28718234884308047
170,8.5,4,1.3889930298909212,0.8185674076087371,0.9653313268998265,0.26096342195632805
170,8.5,5,1.3498492101539097,1.2319425546534422,0.9793224878038458,0.2022746934736193
171,8.55,0,1.3723546166408642,-1.3801599662353259,0.9893675184268228,-0.14540500612149337
171,8.55,1,1.3503180899408387,-0.9603632373413126,0.9751646717883621,-0.22141378575275764
171,8.55,2,1.5081980348373547,-0.5786815514821693,0.9649537419075003,-0.2623336778392037
171,8.55,3,1.580526606314995,0.4387792709746155,0.9576566284444988,0.28778519741765524
171,8.55,4,1.4372595962359125,0.8316155787065536,0.9637216670080307,0.2668485894887724
171,8.55,5,1.398815334544102,1.2420562893271232,0.9774064239358455,0.21133986028084176
172,8.6,0,1.4218229925622055,-1.3874302165414005,0.9879715450876599,-0.15460621757742488
172,8.6,1,1.3990763235302568,-0.9714339266289505,0.9740396204181928,-0.22631199232773805
172,8.6,2,1.5564457219327297,-0.5917982353741295,0.9656447741687584,-0.25978537386526923
172,8.6,3,1.62840943773722,0.45316853084549824,0.9574316362823241,0.28854350629097586
172,8.6,4,1.485445679586314,0.8449580081809922,0.9623666332962018,0.27169770773105456
172,8.6,5,1.4476856557408941,1.2526232823411654,0.9756193577146862,0.21944265308790287
173,8.65,0,1.4712215698165885,-1.3951605274202719,0.9866453421396105,-0.1628558764393791
173,8.65,1,1.4477783045511665,-0.9827495262453374,0.9731131590722605,-0.23026412689905804
173,8.65,2,1.6047279606411675,-0.6047875040673929,0.9662566583542987,-0.25750735188943896
173,8.65,3,1.6762810195513362,0.46759570616004703,0.9572221289190002,0.2892491163142251
173,8.65,4,1.5335640112511242,0.858542893567545,0.9612794331200002,0.27552301535244805
173,8.65,5,1.4964666236266284,1.2635954149955606,0.9739959327468914,0.22654041083502802
174,8.700000000000001,0,1.520553836923569,-1.4033033212422408,0.9854179686172678,-0.1701256965545513
174,8.700000000000001,1,1.4964339625047796,-0.9942627325902903,0.9723934004753026,-0.23328675342342312
174,8.700000000000001,2,1.6530407935588824,-0.6176628716618648,0.966839329393175,-0.2553182765010833
174,8.700000000000001,3,1.7241421259972862,0.4820581619757583,0.9570900029670825,0.2896977379179824
174,8.700000000000001,4,1.5816279829071243,0.8723190443351674,0.9604736972970956,0.27832266661850175
174,8.700000000000001,5,1.545166420263973,1.274922435537312,0.9725657424094633,0.23260479291424516
175,8.75,0,1.5698247353544323,-1.4118096060699683,0.9843145003566764,-0.1763989324938045
175,8.75,1,1.5450536325285447,-1.0059270702614616,0.9718882781744682,-0.23538472031877528
175,8.75,2,1.7013827600285412,-0.630428785486919,0.9674382508469779,-0.253046775929532
175,8.75,3,1.7719966261456404,0.4965430488716574,0.9571033347730202,0.28966550366691957
175,8.75,4,1.629651667771979,0.8862351776660925,0.9599621687894055,0.28008600669572314
175,8.75,5,1.593794707384446,1.2865526751830243,0.9713529590506824,0.2376195597596182
176,8.8,0,1.6190404603722661,-1.4206295526946586,0.9833557164926726,-0.1816685778326673
176,8.8,1,1.593648046437268,-1.0176963062774003,0.971604685876419,-0.23655557000637073
176,8.8,2,1.7497546725708901,-0.6430811242833957,0.9680947138703837,-0.25053085430118327
176,8.8,3,1.8198517928842914,0.5110263240550034,0.9573207806999116,0.2889576287243945
176,8.8,4,1.6776497762114493,0.9002394780008787,0.9597559329686626,0.2807961180102832
176,8.8,5,1.6423623553369802,1.2984336531710052,0.9703761641393264,0.24157867877308353
177,8.85,0,1.6682082461968997,-1.429712981586292,0.9825579599167683,-0.18593581066540155
177,8.85,1,1.6422282807310888,-1.0295240847777187,0.971547668631214,-0.23679301954889567
177,8.85,2,1.7981594082644092,-0.6556076669984549,0.9688455718747592,-0.24761832334076525
177,8.85,3,1.867717831919287,0.5254742054912231,0.9577954016784692,0.2873915558304006
177,8.85,4,1.7256375728598825,0.9142792839013928,0.9604296756851199,0.27848700251817426
177,8.85,5,1.6908811635439465,1.3105125871096595,0.9696483638095241,0.24448464982727008
178,8.9,0,1.7173361441927382,-1.439009772119562,0.9819326899948565,-0.1892109958306211
178,8.9,1,1.6908056641626494,-1.0413637357551635,0.9717191110716482,-0.23609215749366438
178,8.9,2,1.8466016868581472,-0.6679885831654931,0.9697219744877016,-0.24417032717012194
178,8.9,3,1.9156076020032105,0.5398437832827432,0.9586165004056879,0.28465100668716764
178,8.9,4,1.7736590566441386,0.9282036340273015,0.9621774840017188,0.27239065617730723
178,8.9,5,1.7393635817344226,1.322736819601023,0.969209439766541,0.2462199806195858
179,8.950000000000001,0,1.766432778692481,-1.448470321911093,0.9814868332742356,-0.19151120172438466
179,8.950000000000001,1,1.7393916197162318,-1.0531683436298467,0.9721174856573683,-0.2344502712151185
179,8.950000000000001,2,1.8950877855825323,-0.6801970995239992,0.9707486540452286,-0.24006233808497635
179,8.950000000000001,3,1.9635384270234948,0.5540763336171015,0.959870018636196,0.2804043123793317
179,8.950000000000001,4,1.8217679308442245,0.941823166836167,0.9638150836582331,0.2665418570568354
179,8.950000000000001,5,1.7878240537227497,1.3350478186320023,0.9691031247477967,0.24663910595303512
180,9.0,0,1.8155071203561928,-1.4580458819973123,0.9812240616146836,-0.19285385970590543
180,9.0,1,1.7879974939991001,-1.0648908571906026,0.9727387538069906,-0.23186302361324326
180,9.0,2,1.9436252182847937,-0.692200216428248,0.97194839843933,-0.23516357894593734
180,9.0,3,2.0115319279553048,0.5680965492360681,0.9615310113200319,0.2746628847720446
180,9.0,4,1.8699586850271361,0.9551502596890087,0.9654224140204716,0.26066339147382706
180,9.0,5,1.8362792099601395,1.347379773929654,0.9692963643290129,0.24587952557055387
181,9.05,0,1.864568323436927,-1.4676885749826076,0.9811441821007857,-0.1932606398708291
181,9.05,1,1.8366344316894496,-1.0764840083712648,0.9735751096662633,-0.2283296392281714
181,9.05,2,1.9922226382067603,-0.7039583953755449,0.9733296976046126,-0.22938461996268575
181,9.05,3,2.0596084785213065,0.5818296934746704,0.9635694418414578,0.2674310478625503
181,9.05,4,1.9182298057281597,0.9681834292627001,0.9670547618431155,0.25454380202050303
181,9.05,5,1.8847440281765901,1.3596737502081817,0.9697584941525045,0.2440513895265335
182,9.1,0,1.9136255325419662,-1.477351606976149,0.9812434624333715,-0.1927566842290755
182,9.1,1,1.8853131871727629,-1.0879004903326734,0.9746143565806585,-0.22385592263462256
182,9.1,2,2.0408891230869908,-0.7154276263736792,0.9748910067443493,-0.22266031131205744
182,9.1,3,2.1077869506133795,0.5952012458677979,0.9659458934964927,0.25872211435664394
182,9.1,4,1.9665825438203155,0.9809106193637253,0.9687479831756332,0.24802473977351805
182,9.1,5,1.9332319528842155,1.3718763196845083,0.9704607186517221,0.2412447104873066
183,9.15,0,1.9626877056636347,-1.4869894411876028,0.9815149788210996,-0.19137002353508728
183,9.15,1,1.9340439050017957,-1.0990932864644045,0.9758399080839846,-0.2184552360623934
183,9.15,2,2.089633673424208,-0.726560641939282,0.976620851872994,-0.21495016873213316
183,9.15,3,2.1560842452882043,0.6081373515856301,0.968608976776544,0.24857151025465554
183,9.15,4,2.015019942979097,0.9933118563524012,0.9705221356367867,0.24099175535752293
183,9.15,5,1.9817549888168016,1.3839385552088737,0.9713756380488181,0.2375347312351175
184,9.200000000000001,0,2.0117634546046896,-1.4965579423643571,0.9819489897198516,-0.18913107395043416
184,9.200000000000001,1,1.982835900405995,-1.110016048267524,0.9772310238227397,-0.21214905197858627
184,9.200000000000001,2,2.138464716017858,-0.7373081503758887,0.9784978999614351,-0.20624065341635578
184,9.200000000000001,3,2.2045146941270315,0.6205659270983629,0.9714948333039797,0.23704627150782034
184,9.200000000000001,4,2.0635460497609364,1.0053614441202774,0.9723841743862877,0.2333675812961546
184,9.200000000000001,5,2.0303237707192423,1.3958152917706295,0.9724768647926312,0.2329859443480488
185,9.25,0,2.0608609040906822,-1.5060144960618789,0.9825333230008364,-0.18607220462606722
185,9.25,1,2.031697451597132,-1.1206235008664533,0.9787632258659688,-0.20496728676149217
185,9.25,2,2.1873896110159294,-0.7476201830467065,0.9804917661442776,-0.19654634673404925
185,9.25,3,2.2530894357922304,0.632418240673754,0.974528869043402,0.2242502487282625
185,9.25,4,2.1121652584802506,1.0170298231850852,0.9743301449803241,0.22510710576933865
185,9.25,5,2.078947613958874,1.407464588988032,0.9737387367490389,0.22765513703660403
186,9.3,0,2.1099875702407243,-1.5153181062931822,0.9832537641428537,-0.1822273786777727
186,9.3,1,2.0806356128904304,-1.130871865204528,0.9804088876893935,-0.19694838366550735
186,9.3,2,2.2364141993231432,-0.757447500383409,0.9825645682176216,-0.18590974424931772
186,9.3,3,2.3018158792444003,0.643630753110167,0.9776294885718422,0.21032462824172363
186,9.3,4,2.160881765729267,1.028285178473552,0.9763471545016791,0.2161933755990329
186,9.3,5,2.127634550796326,1.418847345839862,0.975136122306252,0.22159372759305412
187,9.35,0,2.159150258447867,-1.5244294752270708,0.9840944359021462,-0.17763186763998762
187,9.35,1,2.1296560572749,-1.1407192843878033,0.9823694199963566,-0.1869266670600043
187,9.35,2,2.285542427734024,-0.7667429875958749,0.9846731273847285,-0.1743995264671625
187,9.35,3,2.3506973536729925,0.6541469845222532,0.9807132311567432,0.19544387735604138
187,9.35,4,2.209699123454351,1.0390948472535038,0.9784152863220588,0.20663410490724388
187,9.35,5,2.1763913569116387,1.4299270322195148,0.9766443096360063,0.21484957677282848
188,9.4,0,2.2083549802429743,-1.5333110686090703,0.9850506047427444,-0.17225089574980776
188,9.4,1,2.178774528274718,-1.1500656177408035,0.9842957458260201,-0.1765050465907407
188,9.4,2,2.3347760841032605,-0.775462963919233,0.9867834361105393,-0.1620353358702447
188,9.4,3,2.39973301523083,0.6639191783900552,0.9837002453135655,0.17980889652568205
188,9.4,4,2.258619887770454,1.049426552498866,0.9805093004343771,0.19645945208307497
188,9.4,5,2.225223572393439,1.4406695110581562,0.9782387377709592,0.20746950296855687
189,9.450000000000001,0,2.2576075104801117,-1.5419236133965606,0.9860986011925351,-0.16614664883815805
189,9.450000000000001,1,2.227989315566019,-1.1588908700703406,0.9861355837517661,-0.16592032830706063
189,9.450000000000001,2,2.3841152559087875,-0.7835647307127452,0.98884269496629,-0.148955123880395
189,9.450000000000001,3,2.448918027496508,0.6729096232163393,0.9865200314895034,0.1636341369343283
189,9.450000000000001,4,2.3076453527921728,1.0592495251030196,0.9826011101683119,0.18571604115422258
189,9.450000000000001,5,2.274135509281987,1.4510429862065841,0.9798955775507243,0.19949791630801755
190,9.5,0,2.3069124405397385,-1.5502309458384684,0.9872132307480013,-0.15939028331176752
190,9.5,1,2.2772960947536074,-1.1671868864856936,0.9878907166703331,-0.15513087269883416
190,9.5,2,2.433557390657102,-0.791012486906765,0.9908014358753746,-0.13531598568353967
190,9.5,3,2.498244029070983,0.6810913300630557,0.9891152303104651,0.14713710905564303
190,9.5,4,2.3567754083005883,1.0685353271607307,0.984661371845549,0.17446453804780093
190,9.5,5,2.3231302881595233,1.461017882021985,0.9815915495413767,0.1909787815805689
191,9.55,0,2.3562731020771386,-1.5582004600040569,0.9883711900340316,-0.1520448995421049
191,9.55,1,2.326690630587124,-1.1749434301206352,0.9895572269611728,-0.14412071318276198
191,9.55,2,2.483097462450871,-0.7977782861909419,0.9926184727625355,-0.12127151299215831
191,9.55,3,2.547699790586506,0.6884481855158379,0.9914439487390578,0.1305275218342618
191,9.55,4,2.4060084768928656,1.0772585540631208,0.9866611589045796,0.16277616583912669
191,9.55,5,2.372209865636592,1.4705668211010134,0.9833040192388616,0.18195642287841488
192,9.600000000000001,0,2.40569166157884,-1.565802704981162,0.989550887703737,-0.14416763456569234
192,9.600000000000001,1,2.3761684919351826,-1.1821494657797733,0.9911276898360146,-0.13289372786258838
192,9.600000000000001,2,2.5327283860889978,-0.8038418618405498,0.9942615893747089,-0.10696890662673812
192,9.600000000000001,3,2.597271988023459,0.694974561607551,0.9934803513821586,0.11399793023077323
192,9.600000000000001,4,2.4553415348380945,1.085397362355077,0.9885734502827117,0.15072897414857317
192,9.600000000000001,5,2.421375066598535,1.4796646422449342,0.9850111930631428,0.1724758476820823
193,9.65,0,2.455169205964027,-1.5730110867094467,0.9907323317275837,-0.13581122211954214
193,9.65,1,2.425724876426983,-1.1887941521729026,0.992592908960436,-0.12146869885329387
193,9.65,2,2.582441465557733,-0.8091903071718868,0.9957077366653563,-0.09254591831227002
193,9.65,3,2.646946005592567,0.7006744581190897,0.9952136887399794,0.09771692191357913
193,9.65,4,2.50477020735223,1.0929338110625058,0.9903742983975862,0.1384043079120815
193,9.65,5,2.470625626251692,1.4882884346290384,0.9866923417285871,0.16258287423691428
194,9.700000000000001,0,2.504705822550406,-1.5798016478154238,0.991897070307154,-0.12702514183037028
194,9.700000000000001,1,2.475354521875005,-1.1948675871155674,0.993943264296599,-0.10987511630100227
194,9.700000000000001,2,2.6322268523910006,-0.8138176030875003,0.99694272105268,-0.07812810524846729
194,9.700000000000001,3,2.696706690029566,0.7055603042147687,0.9966461967298283,0.08182510646869944
194,9.700000000000001,4,2.5542889222721095,1.0998540264581098,0.9920436365999552,0.12588364648889055
194,9.700000000000001,5,2.5199602433381214,1.4964175783408842,0.9883280347901385,0.1523240897356186
195,9.75,0,2.554300676065764,-1.5861529049069423,0.9930281734725536,-0.11785644733335372
195,9.75,1,2.5250516850898346,-1.2003613429306175,0.9951697211620667,-0.09814963685741855
195,9.75,2,2.6820739884436344,-0.8177240083499236,0.9979604459212762,-0.06382672142858942
195,9.75,3,2.7465389998660577,0.7096515595382037,0.9977903711629111,0.06643372945414895
195,9.75,4,2.6038911041021073,1.1061482087825543,0.9935657254911863,0.1132459437006214
195,9.75,5,2.5693766450776283,1.504033782827665,0.989900369772154,0.14174667071506572
196,9.8,0,2.6039520847393915,-1.59204572727361,0.9941102428831469,-0.10835034159425687
196,9.8,1,2.574810171147938,-1.2052688247734884,0.9963679156755527,-0.08513146427054905
196,9.8,2,2.7319720107396983,-0.8209153444213532,0.9987618219937504,-0.04973740902103341
196,9.8,3,2.7964285184242033,0.7129732460109112,0.9986660756190192,0.05162544127296293
196,9.8,4,2.6535693903766666,1.1118105059675853,0.994929272125971,0.10056554155449043
196,9.8,5,2.618871663566236,1.5111211163634184,0.9913931804456966,0.13089809975580724
197,9.850000000000001,0,2.6536575968835487,-1.5974632443533228,0.9951368047059406,-0.0984761352171293
197,9.850000000000001,1,2.6246285669317153,-1.2095253979870157,0.9974075737665574,-0.0719355950053843
197,9.850000000000001,2,2.7819101018393857,-0.8234022148724048,0.9993557156720572,-0.03587762241243438
197,9.850000000000001,3,2.846361822205154,0.7155545180745593,0.9992977913509796,0.0374576183850328
197,9.850000000000001,4,2.703315853982965,1.11683878304531,0.9961271887378795,0.0879117062217461
197,9.850000000000001,5,2.668441322588521,1.5176660213512088,0.9927920853932499,0.11982685670246677
198,9.9,0,2.7034144371188455,-1.6023870511141793,0.9960936873537851,-0.08827214601053762
198,9.9,1,2.674498945620043,-1.213122177737285,0.9982707389547442,-0.05875621679664199
198,9.9,2,2.8318778876229884,-0.8251960959930266,0.9997506633846929,-0.02230934528484378
198,9.9,3,2.896326711772703,0.7174273989938109,0.9997124080353545,0.023963854533414968
198,9.9,4,2.753122213419859,1.1212343683563972,0.9971564502589455,0.07534580949973622
198,9.9,5,2.718080926858183,1.523657364186332,0.9940848838814623,0.10858015582966804
199,9.950000000000001,0,2.7532191214865347,-1.6068006584147063,0.9969673268378011,-0.07778500189228259
199,9.950000000000001,1,2.72441248256778,-1.216059988577117,0.9989562378638068,-0.045643378363165794
199,9.950000000000001,2,2.881865420792223,-0.8263115632572687,0.9999583796860565,-0.009075545956857065
199,9.950000000000001,3,2.946312332174471,0.7186255917204817,0.9999373275751687,0.0111583331403594
199,9.950000000000001,4,2.8029800359328063,1.125001658831384,0.9980175162250182,0.06292157482473457
199,9.950000000000001,5,2.7677851710522563,1.5290863719778154,0.9952615220729398,0.09720425945618583
200,10.0,0,2.8030674878284247,-1.6106899085093205,0.997745946833256,-0.06706030925845687
200,10.0,1,2.7743602944609704,-1.2183421574952753,0.9994655626421011,-0.03264285077470471
200,10.0,2,2.931863339776526,-0.8267653405551116,0.9999923905718288,0.0037899432844030988
200,10.0,3,2.996309198553229,0.7191835083774997,0.9999991177224491,-0.0009603149346890578
200,10.0,4,2.852880911744057,1.1281477375726208,0.9987137704186745,0.05068512355554413
200,10.0,5,2.8175482471559032,1.5339465849506246,0.9963141071690248,0.08574422204630831
201,10.05,0,2.8529547851700876,-1.6140429239722434,0.9984196100532079,-0.05614257908906123
201,10.05,1,2.8243335725930754,-1.2199743000340106,0.9998025476833817,-0.01979594017646167
201,10.05,2,2.9818629593051176,-0.8265758433908915,0.9998674106343146,0.016257714329564264
201,10.05,3,3.0463091544393515,0.7191354926307653,0.9999225090428553,-0.012414207940298698
201,10.05,4,2.9028166002649907,1.130681993750398,0.9992766916274404,0.03800414974474868
201,10.05,5,2.8673639525143546,1.53823379605294,0.997236890749134,0.07424354073548144
202,10.100000000000001,0,2.902875765672748,-1.6168500529266965,0.9989802145801353,-0.0450757576147372
202,10.100000000000001,1,2.8743236999772446,-1.2209640970428337,0.9999730204057478,-0.007140279195184885
202,10.100000000000001,2,3.0318563298368333,-0.8257629576744133,0.9995988046031486,0.028308645058816997
202,10.100000000000001,3,3.096305279891494,0.7185147822337503,0.9997286315356922,-0.023275922670160015
202,10.100000000000001,4,2.9527804348463627,1.1325822012376354,0.9997131440669749,0.02391240439584917
202,10.100000000000001,5,2.9172257970518114,1.541945973089714,0.998029016054584,0.0626991600538386
203,10.15,0,2.952824776401755,-1.6191038408074334,0.999421513548066,-0.03390351449937898
203,10.15,1,2.924322350997532,-1.221321111002593,0.9999845087891021,0.005289934976295015
203,10.15,2,3.0818362700669906,-0.8243475254214725,0.9992019792627141,0.03993172406650522
203,10.15,3,3.1462917114682787,0.7173509861002423,0.999433003929314,-0.03365612867534031
203,10.15,4,3.0027660920497112,1.133777821457428,0.9999447280986042,0.010422992669334082
203,10.15,5,2.9671272478545405,1.545080931092406,0.9986928265686156,0.051041623770841434
204,10.200000000000001,0,3.0027958520791582,-1.6207990165324024,0.9997392061708941,-0.022666455219522347
204,10.200000000000001,1,2.9743215764369872,-1.2210566142537782,0.9998459191966497,0.017466505565423385
204,10.200000000000001,2,3.1317963690301265,-0.8223509392181473,0.9986918336995277,0.05112474104559255
204,10.200000000000001,3,3.1962633616647445,0.7156681796664752,0.9990502047599453,-0.04356262358721548
204,10.200000000000001,4,3.0527633284546414,1.1342989710908946,0.999995898338387,-0.0024891839168285656
204,10.200000000000001,5,3.0170618891829712,1.547633012280948,0.9992219331365828,0.039339047419073736
205,10.25,0,3.052782812387703,-1.6219323392933787,0.9999307746362434,-0.011403656771853767
205,10.25,1,3.02431387239682,-1.220183288975507,0.9995671641527207,0.02936539801542052
205,10.25,2,3.181730960715103,-0.8197947021658677,0.9980824439281997,0.06189123242524244
205,10.25,3,3.246215871902742,0.7134900484871145,0.998593479039902,-0.05300959448659611
205,10.25,4,3.102763123371561,1.1341745118950533,0.9998887410023672,-0.01484450896031217
205,10.25,5,3.0670229858398006,1.5495999646519019,0.9996132879843795,0.027651997984757457
206,10.3,0,3.102779351119515,-1.6225025221319713,0.9999954101283515,-0.00015254777089832827
206,10.3,1,3.0742922306044558,-1.218715019074736,0.9991588710408953,0.04096647823685056
206,10.3,2,3.231635082911513,-0.8167001405446056,0.9973868677484569,0.07223911092880185
206,10.3,3,3.296145545854737,0.7108395687627846,0.9980746414783513,-0.062015264844246853
206,10.3,4,3.152757560421679,1.1334322864470376,0.9996433925327053,-0.026660157722981827
206,10.3,5,3.1170036502390195,1.5509825645511397,0.9998667254400414,0.016034468226574942
207,10.350000000000001,0,3.1527791216259327,-1.6225101495205163,0.9999339189203476,0.011051197711941229
207,10.350000000000001,1,3.1242501741565007,-1.2166666951628935,0.9986321238734035,0.0522531966649525
207,10.350000000000001,2,3.2815044262989357,-0.8130881849981655,0.9966170477798384,0.08217949009542799
207,10.350000000000001,3,3.3460492779286546,0.7077388055205723,0.9975040968291832,-0.0706001328013794
207,10.350000000000001,4,3.2027397300483145,1.1320992785608885,0.9992783216702796,-0.037951141931995065
207,10.350000000000001,5,3.1669969865110215,1.5517842879624684,0.9999845469311472,0.004534658384476456
208,10.4,0,3.20277581757195,-1.6219575896349192,0.9997486117618597,0.02217374724015454
208,10.4,1,3.174181780350171,-1.2140540353296458,0.9979982409022446,0.06321224351513126
208,10.4,2,3.3313352786879276,-0.808979210493394,0.9957837876539061,0.09172569878787158
208,10.4,3,3.3959244827701136,0.7042087988805034,0.9968909302319082,-0.07878567630159693
208,10.4,4,3.2527036461318284,1.1302017214642888,0.9988105246893736,-0.048731020309486804
208,10.4,5,3.2169962138575787,1.5520110208816922,0.9999711448491211,-0.006804381303807488
209,10.450000000000001,0,3.252763248160043,-1.6208489022729116,0.999443180126639,0.033183174784106394
209,10.450000000000001,1,3.2240816923952833,-1.2108934231538893,0.9972685881658699,0.07383319436538538
209,10.450000000000001,2,3.381124468070623,-0.8043929255540004,0.9948967800766952,0.1008924721758243
209,10.450000000000001,3,3.445769029281709,0.7002695150654236,0.9961649492426207,-0.08748718256906647
209,10.450000000000001,4,3.302644172366297,1.1277651704488145,0.9983116113997891,-0.058058113235214835
209,10.450000000000001,5,3.266994771100035,1.5516708018165017,0.9998326614771457,-0.01794420955247024
210,10.5,0,3.302735407166375,-1.6191897435337061,0.999022568059296,0.044049386426736205
210,10.5,1,3.273945121803577,-1.20720176343562,0.9964544281050344,0.08410814980462039
210,10.5,2,3.430869307074458,-0.7993483019452092,0.9937894550695319,0.11127083358679146
210,10.5,3,3.49557727674384,0.6958951559369703,0.9952976074733699,-0.09685584045995241
210,10.5,4,3.3525597529362865,1.1248622647870539,0.9977902061919145,-0.06641587762344138
210,10.5,5,3.316986404173892,1.5507735913388783,0.9995785850341076,-0.028784431577270172
211,10.55,0,3.35268653556934,-1.6169872742123694,0.9984927885745389,0.054745062525477776
211,10.55,1,3.3237678432088287,-1.202996355945389,0.9955592047535378,0.09411178682444403
211,10.55,2,3.4805587798279345,-0.7937847602658696,0.9926504284812189,0.12101046988438038
211,10.55,3,3.545342157117508,0.6910523639139726,0.9943802979050453,-0.10585757849431214
211,10.55,4,3.4024492632458823,1.1215414709058817,0.9972186764107542,-0.07450314556372906
211,10.55,5,3.3669653334255973,1.5493343697600148,0.9992209840002315,-0.03926337833161629
212,10.600000000000001,0,3.402611174998067,-1.6142500210860955,0.9978604847587819,0.0652495372069419
212,10.600000000000001,1,3.373545803446506,-1.1982907666041667,0.994593857957172,0.10381556226933879
212,10.600000000000001,2,3.5301913012519957,-0.7877342367716507,0.991496654480256,0.13012473489112647
212,10.600000000000001,3,3.5950611720127603,0.685759484989257,0.9934607481279837,-0.11416332558207916
212,10.600000000000001,4,3.45231019706642,1.1178163136276953,0.99660485329292,-0.08230364044043656
212,10.600000000000001,5,3.416926382625609,1.547371200843434,0.998771429189184,-0.04937430115186498
213,10.65,0,3.452504199236006,-1.6109875442257484,0.9971330227089399,0.07554248497714061
213,10.65,1,3.4232754963443646,-1.1930999884906996,0.993569586841441,0.1131964170578851
213,10.65,2,3.5797661339760083,-0.7812280000270944,0.9903413908247721,0.1386418255366308
213,10.65,3,3.6447342094191595,0.680051318710153,0.992553649155826,-0.12179557882549018
213,10.65,4,3.502140439731066,1.1137011316056735,0.9959565893547406,-0.089803970973695
213,10.65,5,3.4668649540850685,1.5449024857858407,0.9982413777377249,-0.0591100043285373
214,10.700000000000001,0,3.502360850371453,-1.6072104199768913,0.9963184520523801,0.08560379770392927
214,10.700000000000001,1,3.4729539756864365,-1.1874401676378055,0.9924975891684005,0.12223619907138772
214,10.700000000000001,2,3.629283203517247,-0.7742959087502628,0.9891961781246195,0.14658783710764745
214,10.700000000000001,3,3.6943618918769507,0.6739615397688785,0.991671852917651,-0.1287752366815582
214,10.700000000000001,4,3.551938269198803,1.1092109330569888,0.9952816579787028,-0.09699312217134631
214,10.700000000000001,5,3.516777022971955,1.541946985569414,0.9976421477897729,-0.0684632804405039
215,10.75,0,3.552176772974072,-1.6029302300916948,0.9954254336158233,0.09541385005066894
215,10.75,1,3.5225788551448565,-1.1813283576842362,0.9913889035283826,0.13092068446984986
215,10.75,2,3.678743012423478,-0.7669665168948804,0.9880710379072237,0.15398699335953017
215,10.75,3,3.7439454845228335,0.6675227779348006,0.9908265488849531,-0.13512169451707917
215,10.75,4,3.601702352097738,1.1043612769484215,0.9945876778055414,-0.10386200973800283
215,10.75,5,3.5666591303614434,1.5385238215473886,0.9969848911947811,-0.07742700677696299
216,10.8,0,3.601948044654863,-1.5981595375891613,0.9944631564088757,0.10495368696704022
216,10.8,1,3.5721483003212757,-1.1747823234607437,0.9902542943956973,0.13923878861645664
216,10.8,2,3.7281465643188394,-0.7592671672269039,0.9869746413705013,0.1608618476619284
216,10.8,3,3.7934868119670813,0.6607666932089467,0.9900274141857827,-0.14085296182210144
216,10.8,4,3.651431735988015,1.0991681764615213,0.993882056119617,-0.11040310257550179
216,10.8,5,3.6165083749211826,1.5346524712085405,0.9962805616082678,-0.08599421021642972
217,10.850000000000001,0,3.651671202475307,-1.5929118532408093,0.9934412485078622,0.114205149497989
217,10.850000000000001,1,3.6216610150410604,-1.1678203840299208,0.9891041696518608,0.1471819302883937
217,10.850000000000001,2,3.7774952963873645,-0.7512240748438075,0.9859144534391706,0.1672334619194521
217,10.850000000000001,3,3.8429881826763705,0.6537240451178415,0.9892827400077321,-0.1459857944994824
217,10.850000000000001,4,3.701125838793996,1.0936480213327462,0.9931719469871904,-0.11661010412796866
217,10.850000000000001,5,3.666322403001596,1.530352760697719,0.9955398799607925,-0.09415810723405137
218,10.9,0,3.7013432649007,-1.5872015957659098,0.9923696852583591,0.12315095225038289
218,10.9,1,3.6711162235236534,-1.1604612875155011,0.9879485222877271,0.15474352003934463
218,10.9,2,3.826791019059323,-0.7428624017478349,0.9848968559265787,0.17312156767340273
218,10.9,3,3.892452319676757,0.6464247553928675,0.9885995371301023,-0.15053583735033188
218,10.9,4,3.7507844361433555,1.0878175161263477,0.9924642205773899,-0.12247768431631308
218,10.9,5,3.7160993969996357,1.5256448553360165,0.9947732986403425,-0.10191212470063689
219,10.950000000000001,0,3.750961749163618,-1.5810440481533907,0.9912586972675838,0.13177472348679037
219,10.950000000000001,1,3.7205136496380398,-1.1527241115135338,0.9867968897554167,0.16191854928895855
219,10.950000000000001,2,3.876035861855652,-0.7342063233641648,0.9839272530059736,0.17854471220467347
219,10.950000000000001,3,3.941882296533262,0.6388979635253509,0.9879836233578085,-0.15451777317888435
219,10.950000000000001,4,3.800407647172225,1.0816936319105321,0.9917654406993583,-0.128001254754185
219,10.950000000000001,5,3.7658380619316527,1.5205492491009847,0.9939909652484469,-0.10924990623204947
220,11.0,0,3.800524684026997,-1.5744553119790512,0.9901186798931213,0.14006101688196312
220,11.0,1,3.7698534941258104,-1.144628184049086,0.9856583258816688,0.1687032612610047
220,11.0,2,3.9252322245059506,-0.7252790877539311,0.9830101617349102,0.18352039139423357
220,11.0,3,3.9912814777011523,0.6311720748664067,0.987439695502408,-0.1579454759278394
220,11.0,4,3.849995919207193,1.075293569172823,0.991081848116399,-0.13317678082911938
220,11.0,5,3.8155376101940752,1.5150867537893822,0.9932026864196153,-0.1161653080520654
221,11.05,0,3.8500306180216533,-1.567452261134953,0.9889601053233733,0.14799530239139397
221,11.05,1,3.819136410419894,-1.1361930209860358,0.9845413814170125,0.17509488852116067
221,11.05,2,3.974382732592696,-0.7161030681842194,0.9821492900055554,0.18806517039702286
221,11.05,3,4.040653462476273,0.6232748010700148,0.9869713884006306,-0.16083216599254707
221,11.05,4,3.899550011613013,1.068634730131367,0.9904193476472701,-0.1380006250627048
221,11.05,5,3.865197744515056,1.509278488386779,0.9924178919168284,-0.12265238764451443
222,11.100000000000001,0,3.899478623287822,-1.5600524960153834,0.9877934378643579,0.15556394237448057
222,11.100000000000001,1,3.8683634794907444,-1.1274382765599777,0.9834540902227452,0.18109144477084596
222,11.100000000000001,2,4.023490197092974,-0.7066998096643683,0.9813476039821407,0.19219479273663495
222,11.100000000000001,3,4.090002031896304,0.6152331927703875,0.9865813232988434,-0.16319056640204754
222,11.100000000000001,4,3.949070978995376,1.0617346988782317,0.9897834974395977,-0.1424694169297636
222,11.100000000000001,5,3.9148186391108974,1.5031458690045532,0.9916455990155403,-0.12870538788648067
223,11.15,0,3.94886829518104,-1.5522742988966594,0.9866290526778353,0.16275415803511942
223,11.15,1,3.917536184001882,-1.1183837043214355,0.9824039588302393,0.1866915608873032
223,11.15,2,4.072557577292081,-0.6970900700275365,0.9806073868164678,0.195924278155207
223,11.15,3,4.1393310980612465,0.6070736644502851,0.9862711477764257,-0.16503305893798942
223,11.15,4,3.998560153867356,1.0546112280317435,0.989179499107374,-0.14657994501937657
223,11.15,5,3.9644009190616742,1.4967105996102292,0.9908943770503925,-0.13431871886603436
224,11.200000000000001,0,3.998199747814932,-1.5441365909949034,0.9854771579409228,0.1695539903494272
224,11.200000000000001,1,3.9666563819433938,-1.1090491262770703,0.981397957680045,0.1918943570822097
224,11.200000000000001,2,4.1215879466329035,-0.6872938561197762,0.9799302901924578,0.19926800940293754
224,11.200000000000001,3,4.188644655450068,0.5988220115033857,0.9860415692404507,-0.1663718395207456
224,11.200000000000001,4,4.048019128822725,1.0472822307807745,0.9886121876720567,-0.15032906806293497
224,11.200000000000001,5,4.013945637914194,1.4899946636669275,0.9901723119107797,-0.1394869391867755
225,11.25,0,4.047473605711978,-1.535658891477432,0.9843477202035517,0.17595225891210212
225,11.25,1,4.015726279827396,-1.0994544084229598,0.9804425127919653,0.1966993445763983
225,11.25,2,4.170584461142527,-0.6773304556496293,0.9793173800350825,0.20223980808884207
225,11.25,3,4.23794673391209,0.5905034195273484,0.9858923839032843,-0.16721907235003552
225,11.25,4,4.097449738206328,1.0397657773776279,0.98808602044416,-0.15371364194059148
225,11.25,5,4.063454253509733,1.4830203167075886,0.9894869702240647,-0.1442047382384214
226,11.3,0,4.096690991722155,-1.526861278531827,0.9832503925954884,0.18193852152447984
226,11.3,1,4.064748405466994,-1.08961944119414,0.9795434969572588,0.2011063514320454
226,11.3,2,4.219550330144281,-0.6672184652451872,0.9787691775244872,0.20485299971447787
226,11.3,3,4.287241353107254,0.5821424659098466,0.9858225030559236,-0.16758704236351563
226,11.3,4,4.146854039228536,1.0320800952805984,0.9876050641389742,-0.15673046031289548
226,11.3,5,4.112928602020936,1.4758100797956675,0.988845362951492,-0.14846692065896383
227,11.350000000000001,0,4.1458535113519295,-1.517764352455603,0.9821944454691911,0.18750303684797642
227,11.350000000000001,1,4.113725580314857,-1.0795641236225377,0.978716292416869,0.20506734975497423
227,11.350000000000001,2,4.268488789020505,-0.6569758152594634,0.9782755797906837,0.20716829359681482
227,11.350000000000001,3,4.33653247826005,0.5737631137916709,0.9858299783734298,-0.16748830558484362
227,11.350000000000001,4,4.196234292435485,1.0242435722649537,0.9871729796457377,-0.159376207014941
227,11.350000000000001,5,4.162370870168511,1.4683867337627192,0.9882539081365339,-0.1522683940213159
228,11.4,0,4.194963233625389,-1.5083892006132043,0.981189514980662,0.19263257392432825
228,11.4,1,4.162661394935701,-1.069310756134789,0.9779699598845496,0.2085648895015469
228,11.4,2,4.317402568010039,-0.6466174005796226,0.977831064731807,0.20922047889407455
228,11.4,3,4.385823977178722,0.5653886985124287,0.9859120271894718,-0.1669358412789069
228,11.4,4,4.245592941417772,1.0162747619142065,0.9867930042937317,-0.16164741683762948
228,11.4,5,4.211783565575337,1.4607733140616534,0.9877183942693144,-0.15560414992232555
229,11.450000000000001,0,4.244022709374422,-1.4987575719169879,0.9802450792364368,0.1973131750636493
229,11.450000000000001,1,4.2115598929299285,-1.0588825116597116,0.977272037026737,0.21177144205750953
229,11.450000000000001,2,4.3662941212466295,-0.6361563766349189,0.9774701865832436,0.21085562509559835
229,11.450000000000001,3,4.435119578538195,0.5570419064484833,0.986065061132296,-0.16594319511809105
229,11.450000000000001,4,4.294932591632459,1.008192391072325,0.9864679306200183,-0.16354044756324496
229,11.450000000000001,5,4.261169485288803,1.4529931065655373,0.9872439402292661,-0.15846926488341964
230,11.5,0,4.293034963336243,-1.4888919131638054,0.9793669257186041,0.20154705631359432
230,11.5,1,4.260423494781265,-1.048293939556836,0.9766271847345611,0.21467767817394973
230,11.5,2,4.415167630575792,-0.6256135953801389,0.9771922850565818,0.2120848586955816
230,11.5,3,4.48442283159481,0.5487447466925788,0.9862847214159548,-0.16452460240408603
230,11.5,4,4.34425598816346,1.0000153686941626,0.9862000803674258,-0.16505146830514802
230,11.5,5,4.310531682300266,1.4450696433213663,0.9868349472812231,-0.16085894698114583
231,11.55,0,4.342003309622173,-1.4788145603481258,0.9785602969494764,0.20533567989140103
231,11.55,1,4.309254854017993,-1.0375600556481386,0.9760396514327516,0.21727508139859109
231,11.55,2,4.464027244828621,-0.6150093524453598,0.9769959443212827,0.2129196746469259
231,11.55,3,4.533737067665608,0.5405185165723745,0.9865659145377963,-0.1626951366062125
231,11.55,4,4.3935659921818315,0.9917627952789052,0.9859912764725017,-0.16617644584816907
231,11.55,5,4.359873429664328,1.437026695972309,0.9864950622160977,-0.162768510040226
232,11.600000000000001,0,4.390931324469647,-1.4685477763535557,0.9778298745336801,0.20867987238863173
232,11.600000000000001,1,4.358056836589631,-1.0266963015782091,0.9755729944278462,0.2192894967439724
232,11.600000000000001,2,4.5128770420446855,-0.6043633687130135,0.9768202850978451,0.21364143664683682
232,11.600000000000001,3,4.583065363392498,0.5323837597420639,0.9869028573056258,-0.16047083877257146
232,11.600000000000001,4,4.442865556005456,0.9834539729864967,0.9858428108291059,-0.1669111424155949
232,11.600000000000001,5,4.409198182775133,1.4288882704702977,0.9862271343105478,-0.164193389195236
233,11.65,0,4.439822818196331,-1.4581137827341242,0.9771851321708822,0.2115550830846154
233,11.65,1,4.4068354863110235,-1.0157318267410105,0.9751880768293741,0.22090782184870994
233,11.65,2,4.561718056299577,-0.5936812968806717,0.9766994437155185,0.21409235229550977
233,11.65,3,4.632410506257779,0.5243602178034353,0.9872891258594035,-0.1578688684364431
233,11.65,4,4.492157696546911,0.975108415865717,0.9857554100974483,-0.16725111174430737
233,11.65,5,4.45850953949066,1.420678601010536,0.9860331832522107,-0.16512909423055183
234,11.700000000000001,0,4.488682074804875,-1.4475360285798935,0.9766309131479287,0.21395588289704928
234,11.700000000000001,1,4.455594890152492,-1.004686435648575,0.9748843593845132,0.222137986128419
234,11.700000000000001,2,4.610553028485353,-0.5829766792658962,0.9766321378395726,0.21427659416635655
234,11.700000000000001,3,4.681774962550749,0.5164667743816131,0.9877177258995921,-0.15490757704759373
234,11.700000000000001,4,4.541445467051783,0.9667458602785016,0.9857291941793269,-0.16719172753511033
234,11.700000000000001,5,4.507811198653271,1.4124221462990083,0.9859143372403817,-0.1655713499576751
235,11.75,0,4.5375136204622715,-1.436838234435041,0.9761710315754206,0.21587815343000055
235,11.75,1,4.504339108121718,-0.993579536342154,0.9746621799600029,0.2229810629034366
235,11.75,2,4.659384635377331,-0.5722628495575784,0.9766153856552044,0.21420456270213215
235,11.75,3,4.731160848845729,0.5087213955292335,0.9881811652811906,-0.15160662385312
235,11.75,4,4.59073192676075,0.9583862739017461,0.985763633788355,-0.16672820893432236
235,11.75,5,4.55710691551529,1.4041435788011245,0.9858707955478624,-0.16551610017774893
236,11.8,0,4.586322172041043,-1.426044326763541,0.9758083698623256,0.21731841961611395
236,11.8,1,4.553072217119718,-0.9824304831969822,0.9745211152967211,0.22343853649035872
236,11.8,2,4.708215404660091,-0.5615526214224719,0.9766459701818141,0.21388626884830472
236,11.8,3,4.780569907109788,0.5011410643365775,0.9886715410227154,-0.14798706539169307
236,11.8,4,4.640020108450168,0.9500498634550301,0.9858575050761303,-0.16585566057072107
236,11.8,5,4.606400455292683,1.3958677737922371,0.9859017866464949,-0.16495955897896883
237,11.850000000000001,0,4.635112590534159,-1.4151784057827352,0.9755448254713698,0.2182739265673654
237,11.850000000000001,1,4.601798272884554,-0.9712585563724643,0.9744599542171282,0.22351232384892902
237,11.850000000000001,2,4.757047703169182,-0.5508583079800566,0.9767204664870276,0.2133313244099385
237,11.850000000000001,3,4.830003484160923,0.4937417110669928,0.9891806393496773,-0.14407142826451472
237,11.850000000000001,4,4.689312983703974,0.941757080426494,0.9860088425865794,-0.16456912650076339
237,11.850000000000001,5,4.655695544625008,1.3876197958432888,0.9860055288437563,-0.16389827532859164
238,11.9,0,4.683889831807727,-1.404264709454367,0.975381262290188,0.21874272686931753
238,11.9,1,4.65052127059541,-0.9600829401800178,0.9744766704331634,0.22320480887151103
238,11.9,2,4.805883726493533,-0.5401917417595598,0.9768352694868432,0.2125489308693618
238,11.9,3,4.879462516128407,0.4865381396537671,0.9897000489310418,-0.1398837627448594
238,11.9,4,4.738613425833304,0.9335286241014558,0.9862148917960242,-0.16286365974016426
238,11.9,5,4.704995821067196,1.379424882076859,0.9861791952674722,-0.16232921044065046
239,11.950000000000001,0,4.732658894922237,-1.3933275731109012,0.9753174681964384,0.21872377889079161
239,11.950000000000001,1,4.699245104117068,-0.9489226997364423,0.9745683960126527,0.2225188894584281
239,11.950000000000001,2,4.8547254899678745,-0.5295642952160916,0.9769866224366475,0.21154786862561187
239,11.950000000000001,3,4.928947518574959,0.4795439515165241,0.9902212870123034,-0.1354496739466525
239,11.950000000000001,4,4.787924170423105,0.9253854411144475,0.9864720628616723,-0.16073440929550892
239,11.950000000000001,5,4.754304780830569,1.3713084215548266,0.9864188850891952,-0.16024982904678153
240,12.0,0,4.781424768332059,-1.3823913841663615,0.9753521206621601,0.21821705640739622
240,12.0,1,4.747973523917701,-0.9377967552635209,0.9747313969235397,0.22145803766806174
240,12.0,2,4.903574821089707,-0.518986901784811,0.9771706461730958,0.2103364886921246
240,12.0,3,4.978458582925574,0.4727714678191915,0.9907359374866358,-0.1307963270731024
240,12.0,4,4.8372477735661885,0.9173487206496721,0.9867758876237391,-0.1581767266787549
240,12.0,5,4.803625725085029,1.3632959301024874,0.9867196032021647,-0.1576582056875592
241,12.05,0,4.830192374365167,-1.3714805313459917,0.9754827624995766,0.21722366951591385
241,12.05,1,4.7967100937638785,-0.9267238533801179,0.9749610524857226,0.22002637322968518
241,12.05,2,4.952433353398362,-0.5084700773502048,0.9773833691152732,0.20892270896641885
241,12.05,3,5.027995379799906,0.46623165146553636,0.9912357991835374,-0.12595242316967747
241,12.05,4,4.886586567947376,0.9094398843157343,0.9871209823609396,-0.15518629386082036
241,12.05,5,4.852961705245137,1.3554130198181094,0.9870752508857107,-0.15455314707530118
242,12.100000000000001,0,4.878966512490146,-1.360619347870196,0.975705790080399,0.21574599642860004
242,12.100000000000001,1,4.8454581463881645,-0.9157225347186336,0.9752518410001345,0.21822875055880506
242,12.100000000000001,2,5.001302521854126,-0.4980239419018838,0.97762075797716,0.20731401726190143
242,12.100000000000001,3,5.077557169759083,0.4599340303070525,0.991713041819715,-0.12094814184366849
242,12.100000000000001,4,4.935942617065423,0.9016805696226933,0.9875010192690535,-0.15175927447311083
242,12.100000000000001,5,4.902315467789422,1.3476853624643443,0.9874786302739481,-0.15093433143783028
243,12.15,0,4.927751801994166,-1.349832048048766,0.9760164565419808,0.2137878252661269
243,12.15,1,4.894220738438171,-0.9048110971906934,0.9755973342581827,0.21607085914236498
243,12.15,2,5.050183559752984,-0.48765824103878874,0.9778787490864647,0.20551748336289824
243,12.15,3,5.127142821850069,0.45388662321486906,0.9921603661914052,-0.11581504761509662
243,12.15,4,4.985317668028875,0.8940926058990377,0.9879087100934586,-0.14789248977066108
243,12.15,5,4.9516893993031195,1.340138645892453,0.9879214656767803,-0.1468024655161952
244,12.200000000000001,0,4.976552624821265,-1.3391426567854596,0.9764088925997761,0.2113545044064008
244,12.200000000000001,1,4.94300060515108,-0.8940075542335751,0.9759902040604368,0.21355933658415233
244,12.200000000000001,2,5.099077497207308,-0.47738236687064384,0.9781532801531304,0.20353978242356663
244,12.200000000000001,3,5.176750840159639,0.44809587083411423,0.9925711643463976,-0.11058595695497007
244,12.200000000000001,4,5.034713103533548,0.8866979814105047,0.9883358057662838,-0.14358362039968586
244,12.200000000000001,5,5.001085472586959,1.3327985226166432,0.9883944449449875,-0.1421594595369241
245,12.25,0,5.025373069451254,-1.3285749315651396,0.976876147590266,0.20845309926988892
245,12.25,1,4.991800115354102,-0.8833295874043675,0.9764222442124865,0.21070189283802157
245,12.25,2,5.147985161214964,-0.4672053777494655,0.9784403222944605,0.20138723205304102
245,12.25,3,5.226379398376959,0.4425665729863657,0.9929396747242882,-0.1052947636622298
245,12.25,4,5.084129893821862,0.8795188003905204,0.988773116235159,-0.13883143433986217
245,12.25,5,5.050505194834208,1.325690549639797,0.9888872840937029,-0.13700861999133912
246,12.3,0,5.074216876830767,-1.3181522766016451,0.9774102532397168,0.20509255262727186
246,12.3,1,5.040621227564726,-0.8727944927624665,0.9768844116207874,0.20750744338132507
246,12.3,2,5.196907177329687,-0.4571360161468135,0.9787359121118065,0.19906584538666508
246,12.3,3,5.276026382113173,0.4373018348032542,0.993261126668176,-0.09997622103281097
246,12.3,4,5.13356854963362,0.8725772286735274,0.9892105548725209,-0.13363604049634528
246,12.3,5,5.099949559038893,1.31884011864023,0.9893888182625515,-0.13135485941341982
247,12.350000000000001,0,5.123087389492753,-1.3078976489702816,0.9780023123543896,0.20128384462972637
247,12.350000000000001,1,5.0894654481457655,-0.8624191205934002,0.977366890077161,0.20398624804221002
247,12.350000000000001,2,5.245843972935278,-0.4471827238774802,0.9790361836314043,0.19658140231439689
247,12.350000000000001,3,5.325689438446582,0.4323030237516136,0.99353186836362,-0.09466568027036248
247,12.350000000000001,4,5.183029077377246,0.8658954266487101,0.9896372118633906,-0.12799916628528676
247,12.350000000000001,5,5.149418999952021,1.3122723756695591,0.9898871217586782,-0.12520492154055857
248,12.4,0,5.171987505110472,-1.2978334567387952,0.9786426141290493,0.19704014779461132
248,12.4,1,5.1383337926496235,-0.8522198081912897,0.9778591800023604,0.20015005106511133
248,12.4,2,5.294795782116848,-0.4373536537617604,0.9793373999768554,0.1939395407686343
248,12.4,3,5.375366031864763,0.4275697397380955,0.9937494722172526,-0.08939878575036647
248,12.4,4,5.2325109379704156,0.8594954683344458,0.9900414607217746,-0.12192445619035128
248,12.4,5,5.198913356039954,1.306012129592531,0.9903696593660238,-0.1185676192637142
249,12.450000000000001,0,5.220919635816925,-1.2879814493490647,0.979320777047296,0.1923769711710937
249,12.450000000000001,1,5.1872267516497415,-0.8422123056380342,0.9783502167471249,0.19601221690717818
249,12.450000000000001,2,5.343762652115691,-0.4276566767233287,0.9796359847339765,0.19114586951350615
249,12.450000000000001,3,5.425053505475626,0.42309980045057716,0.9939128119984034,-0.08421112903469162
249,12.450000000000001,4,5.282013011006504,0.8533992455249282,0.9904111015173417,-0.11541778668535671
249,12.450000000000001,5,5.248431839008255,1.3000837486293453,0.990823470282576,-0.11145408163123348
250,12.5,0,5.26988567466929,-1.27836260079051,0.980025919383033,0.18731228693080337
250,12.5,1,5.236144262487097,-0.8324116947926753,0.9788285189919916,0.1915878552782502
250,12.5,2,5.39274445135239,-0.4180993832476534,0.9799285530938584,0.18820610317785383
250,12.5,3,5.474749146075546,0.4188892439988426,0.9940221067594588,-0.07913786488716201
250,12.5,4,5.3315335660823715,0.8476283561906603,0.9907335434473706,-0.10848759116157553
250,12.5,5,5.297973012522384,1.2945110445477837,0.9912353849502156,-0.10387800488469134
251,12.55,0,5.318886970638442,-1.2689969864439699,0.9807468561081802,0.1818666317674308
251,12.55,1,5.285085688436697,-0.8228323020287628,0.9792823673395579,0.1868939281884089
251,12.55,2,5.4417408790070825,-0.4086890780887607,0.9802119430029621,0.18512621929056117
251,12.55,3,5.524450251413519,0.4149323507544845,0.9940789276218512,-0.07421329390101786
251,12.55,4,5.38107024325474,0.8422039766325816,0.990996028022033,-0.10114518663613438
251,12.55,5,5.347534781769895,1.2893171443035492,0.9915922736687773,-0.0958559011145169
252,12.600000000000001,0,5.367924313443851,-1.2599036548555984,0.981472319590769,0.1760631748569688
252,12.600000000000001,1,5.334049806803675,-0.8134876056193423,0.9797000113934996,0.18194933137594743
252,12.600000000000001,2,5.4907514761572305,-0.39943276712423265,0.9804832466868696,0.18191263578211472
252,12.600000000000001,3,5.574154197794612,0.4112216860594336,0.9940011078965933,-0.07085813507187137
252,12.600000000000001,4,5.430620044655842,0.837146717300775,0.99130183257312,-0.09198001551728908
252,12.600000000000001,5,5.397114395453333,1.2845243492478233,0.9918813242577428,-0.0874073366878331
253,12.65,0,5.416997929423389,-1.2511004961127499,0.9821911429418693,0.16992799916894696
253,12.65,1,5.38303480737335,-0.8043901390505449,0.9800696813029172,0.17677603437817913
253,12.65,2,5.539775638491574,-0.39033713533512693,0.9807395760392598,0.17857373326552806
253,12.65,3,5.6238542531894415,0.40767877930584,0.9938260732088215,-0.0688113125180728
253,12.65,4,5.480185136284498,0.8325477165249104,0.991559156498146,-0.0814731585762765
253,12.65,5,5.446708461666221,1.2801539824134316,0.9921054798208377,-0.07835190253814574
254,12.700000000000001,0,5.466107486570483,-1.2426040961543026,0.9828925224724584,0.1634901205842802
254,12.700000000000001,1,5.432038291438496,-0.795551337331636,0.9803800425289784,0.17139814735730277
254,12.700000000000001,2,5.588812617293537,-0.38140844867185053,0.9809783222768895,0.17511899807006318
254,12.700000000000001,3,5.6735455568498825,0.4042382136799364,0.9936874411008482,-0.06596636703565012
254,12.700000000000001,4,5.529763094109406,0.8284740585960966,0.9915856836070228,-0.07197532566359259
254,12.700000000000001,5,5.496313735657263,1.2762363872865243,0.992255111321822,-0.068599971735373
255,12.75,0,5.515252112694106,-1.2344295901250886,0.9835664269601945,0.15678067760759287
255,12.75,1,5.481057293564945,-0.7869814299637709,0.9806208315231877,0.1658399512695827
255,12.75,2,5.637861533407381,-0.3726524987683474,0.9811976451204824,0.17155693206509426
255,12.75,3,5.723229928904925,0.4009398953281539,0.9935693677581428,-0.06254026163995693
255,12.75,4,5.579342378289756,0.8248752923129169,0.9914354854649797,-0.06309945619182643
255,12.75,5,5.545926491223354,1.2728063886997556,0.9922970966522869,-0.058426394073980814
256,12.8,0,5.564430434042116,-1.226590556244709,0.9842037831192721,0.14983306805649457
256,12.8,1,5.530088335141104,-0.7786894324002918,0.9807827574924768,0.1601275606736524
256,12.8,2,5.686921415663406,-0.36407465216509266,0.9813961287171011,0.16789710082336426
256,12.8,3,5.772908397292833,0.397812882246156,0.9934618064547112,-0.058684635040600626
256,12.8,4,5.628914152563006,0.8217203195033256,0.9911404827117631,-0.05460366720219057
256,12.8,5,5.595541346055969,1.2698850689960566,0.9922134986171447,-0.048023031314158374
257,12.850000000000001,0,5.613640623198079,-1.2190989028418844,0.9847967177416205,0.14268272241175609
257,12.850000000000001,1,5.5791274730157285,-0.7706830543666091,0.9808577650960937,0.15428872013266617
257,12.850000000000001,2,5.735991222099261,-0.35567979712392445,0.9815728211090126,0.16415031539487746
257,12.850000000000001,3,5.822581487615568,0.39487865049412596,0.9933589774244773,-0.0545082918263501
257,12.850000000000001,4,5.678471176698594,0.818990136143216,0.9907204746644199,-0.04634603433914592
257,12.850000000000001,5,5.645152020986826,1.2674839174303487,0.9919965794758733,-0.0375410286265318
258,12.9,0,5.6628804590851605,-1.2119647667212965,0.9854728995363514,0.13437287983617394
258,12.9,1,5.628170361270533,-0.7629686183599758,0.9806821162050972,0.14941107193565695
258,12.9,2,5.785069863154711,-0.34747228135418057,0.9817272902669804,0.1603286903680771
258,12.9,3,5.872249436486792,0.39215323590280843,0.9932571106336451,-0.05008098754561036
258,12.9,4,5.728007200431815,0.8166728344262587,0.9901713198469747,-0.03878629685656768
258,12.9,5,5.694751849960619,1.265606865999022,0.991628979996492,-0.027156119133872808
259,12.950000000000001,0,5.712154104061978,-1.2052461227294877,0.9861198980109818,0.1255261264594643
259,12.950000000000001,1,5.677204467080788,-0.7554980647631929,0.9802809072427017,0.1454014928189716
259,12.950000000000001,2,5.8341562276680605,-0.33945584683577673,0.981844271922546,0.15655873310575366
259,12.950000000000001,3,5.921912292018474,0.38964918652552794,0.9931357905502831,-0.045206193074094826
259,12.950000000000001,4,5.777515766424163,0.8147335195834303,0.9894968448547078,-0.03256399143773168
259,12.950000000000001,5,5.744333298960444,1.2642490600423284,0.9911032766437521,-0.016166567931061568
260,13.0,0,5.761460098962527,-1.1989698164065146,0.9866085623872766,0.11699703589243798
260,13.0,1,5.726218512442923,-0.7482279901222444,0.979788200820942,0.14136602899324485
260,13.0,2,5.883248441264188,-0.33162791018048904,0.9819136596456945,0.15293626044899858
260,13.0,3,5.971569081545988,0.3873888768718232,0.9929738038946387,-0.039968964460478665
260,13.0,4,5.8269906086668986,0.8131053200115438,0.9887374680046395,-0.026715319433236857
260,13.0,5,5.793888462792632,1.2634407316457754,0.99039516921013,-0.0055199697453279985
261,13.05,0,5.81079052708189,-1.1931199646118926,0.9869389031933202,0.10883854281391867
261,13.05,1,5.77520792248397,-0.7411596886725822,0.9791980998572323,0.13735317875600336
261,13.05,2,5.932344124246472,-0.32398109715803913,0.9819481266001496,0.14920388588569555
261,13.05,3,6.02121777174072,0.3853904286487993,0.9927416401329078,-0.03534276160718524
261,13.05,4,5.876427482067131,0.8117695540398819,0.9878649736291764,-0.020084773839717098
261,13.05,5,5.843408221253139,1.263164733158509,0.9895117855530539,0.004728849858722392
262,13.100000000000001,0,5.860137472241556,-1.1876780374711966,0.9871129975417419,0.10109413305418431
262,13.100000000000001,1,5.824167827476832,-0.734292029734782,0.9785047032471808,0.1334515918542026
262,13.100000000000001,2,5.98144153057648,-0.31652090286375434,0.9819421890468579,0.14529079572354386
262,13.100000000000001,3,6.070854853747366,0.38362329056844,0.9924376686137983,-0.03179441676147364
262,13.100000000000001,4,5.9258207307485895,0.8107653153478961,0.9868474747563575,-0.012206145629834316
262,13.100000000000001,5,5.892883810530791,1.2634011756514452,0.9884614793129509,0.014534917724096624
263,13.15,0,5.9094931221186435,-1.1826233308184875,0.9871343518402494,0.09379746286850546
263,13.15,1,5.8730930626391915,-0.7276194501420719,0.9776783874737164,0.1296927849665626
263,13.15,2,6.030538640028823,-0.30925636307757715,0.9818802327351343,0.14126126593972205
263,13.15,3,6.1204767371780555,0.38203356973036634,0.9920875021595603,-0.028154761888186965
263,13.15,4,5.975163104486407,0.8101550080664044,0.9856718346822093,-0.004460696483812739
263,13.15,5,5.942306884496439,1.26412792153765,0.9872531229896941,0.02386397035853082
264,13.200000000000001,0,5.958849839710656,-1.1779334576750622,0.987007563519496,0.08697117015025753
264,13.200000000000001,1,5.921976982012877,-0.7211348108937438,0.9767043717027865,0.12602338670183982
264,13.200000000000001,2,6.079632651665579,-0.30219329978059106,0.9817485988002781,0.1371717290537427
264,13.200000000000001,3,6.1700811122860335,0.380625831635957,0.9916862076118637,-0.024445805498245095
264,13.200000000000001,4,6.024446696220518,0.8099319732422138,0.9843343652024527,0.0031050921707840365
264,13.200000000000001,5,5.9916695406459235,1.2653211200555765,0.9858953024497054,0.03269328509796181
265,13.25,0,6.008200217886631,-1.1735848991675493,0.9867376462225361,0.08062855497225752
265,13.25,1,5.970812200598017,-0.7148336415586518,0.9755716745428877,0.12246589883627804
265,13.25,2,6.128720081605593,-0.29533471332790395,0.9815361360528455,0.13306286758359
265,13.25,3,6.219665422666627,0.3794035413610447,0.9912290043316131,-0.02068792257849754
265,13.25,4,6.073663414480641,0.8100872278507529,0.9828319367318605,0.010451080355931874
265,13.25,5,6.040964305768409,1.2669557843104746,0.9843958131754625,0.04100923471058085
266,13.3,0,6.057537100197758,-1.1695534714189364,0.9863295494574092,0.07477483507109171
266,13.3,1,6.019590784325161,-0.708710346616838,0.9742692273406285,0.11903963068049742
266,13.3,2,6.177796888408235,-0.28868156994872446,0.9812326471579138,0.12897109768627318
266,13.3,3,6.269226872883208,0.37836914523211984,0.99071124696262,-0.01689932792478674
266,13.3,4,6.122805011317234,0.8106097818685495,0.9811615873171662,0.017544081795854805
266,13.3,5,6.090184096427182,1.2690062460460036,0.9827612244946106,0.048806746188459184
267,13.350000000000001,0,6.106853577670628,-1.1658147296653818,0.9857878129662232,0.06940819220595089
267,13.350000000000001,1,6.068304245692192,-0.7027583650828131,0.9727857174783537,0.11576066804559353
267,13.350000000000001,2,6.226858520766131,-0.2822330150644108,0.9808288118122445,0.12492831134219193
267,13.350000000000001,3,6.318762435231339,0.3775241788358805,0.9901283804444881,-0.013096073482777679
267,13.350000000000001,4,6.171863090683092,0.8114869859583422,0.9793201353442428,0.024357693520601957
267,13.350000000000001,5,6.139322157651912,1.2714465833554267,0.9809965709924836,0.05608812804333915
268,13.4,0,6.156142968318939,-1.1623443200550843,0.9851163122888257,0.06452083803130658
268,13.4,1,6.11694353156611,-0.6969703316805335,0.9711094154956188,0.11264201222848416
268,13.4,2,6.2758999613567426,-0.2759865994973012,0.9803160763677888,0.12096175929980708
268,13.4,3,6.3682688542535635,0.3768693751617416,0.9894758912302,-0.009292121434601399
268,13.4,4,6.220829097450304,0.8127048706343724,0.9773038258468655,0.030871927882005157
268,13.4,5,6.1883719862015365,1.2742509897575938,0.9791051583888265,0.06286189244723484
269,13.450000000000001,0,6.20539878393338,-1.159118278153519,0.984318087106339,0.060100053531396073
269,13.450000000000001,1,6.1654990023408915,-0.6913382310691093,0.9693351873673415,0.10777287630207388
269,13.450000000000001,2,6.324915765175132,-0.26993851153231085,0.9795429102454181,0.1187838844521241
269,13.450000000000001,3,6.417742648815073,0.3764047690900116,0.9887492586074655,-0.005499469108174466
269,13.450000000000001,4,6.269694288742647,0.8142484670284726,0.9751080212187119,0.037072700807305965
269,13.450000000000001,5,6.237327244120978,1.2773940843799556,0.9770884678422782,0.06914162046779242
270,13.5,0,6.254614688288697,-1.1561132754769492,0.9833957509330508,0.056129884298686254
270,13.5,1,6.213965761709258,-0.6859495872540056,0.9673134660538835,0.10314008011197728
270,13.5,2,6.3738929106874025,-0.26399931730970466,0.9786653672975663,0.11666952272060242
270,13.5,3,6.467180111745447,0.37612979563460286,0.9879439344371227,-0.0017323968971229434
270,13.5,4,6.3184496898035825,0.8161021020688379,0.9727268472982351,0.0429469417930327
270,13.5,5,6.286181667513092,1.2808511654033452,0.9749461703209324,0.07494230178238703
271,13.55,0,6.30378447583535,-1.1533067812620148,0.9823506096720583,0.05259068346974153
271,13.55,1,6.262331435011952,-0.6807925832484067,0.9650306495541027,0.09878368431628702
271,13.55,2,6.422826179052281,-0.2581658411736745,0.9776774459003568,0.11460540192016591
271,13.55,3,6.516577308467303,0.3760431757897467,0.9870553098507964,0.0020004332328670835
271,13.55,4,6.367086032168494,0.8182494491584895,0.9701531508860254,0.04849040654793094
271,13.55,5,6.334928976029139,1.2845982804924645,0.9726761117488415,0.08028452017441881
272,13.600000000000001,0,6.352902006318953,-1.1506772470885278,0.9811830145540356,0.049460540445840064
272,13.600000000000001,1,6.310582967489657,-0.6758533990325923,0.9624737937467138,0.09471675731783509
272,13.600000000000001,2,6.471710051347299,-0.25243557107766623,0.9765713018725972,0.11259581391154737
272,13.600000000000001,3,6.5659300739598425,0.3761431974513901,0.98607865122987,0.0056919432392387274
272,13.600000000000001,4,6.415593689712796,0.8206739694858861,0.9673782365073329,0.053702974892957146
272,13.600000000000001,5,6.383562781616581,1.2886125065011855,0.9702744230986581,0.0851911722046314
273,13.65,0,6.401961157046655,-1.148204220066236,0.9798924098343303,0.04671599350189257
273,13.65,1,6.3587066571769935,-0.6711175611667006,0.9596289244098852,0.0909480243968913
273,13.65,2,6.520538616440929,-0.24680578038208886,0.9753389502760753,0.11064332017265743
273,13.65,3,6.615234006521336,0.376427794613352,0.9850090728307861,0.009336408866778912
273,13.65,4,6.463962601538162,0.823359118230534,0.9643917392026705,0.058587923294873
273,13.65,5,6.432076502771514,1.2928720651114172,0.9677356492312272,0.0896866866554341
274,13.700000000000001,0,6.450955777538371,-1.1458684203911413,0.9784774028553646,0.04433263760630142
274,13.700000000000001,1,6.406688103397488,-0.6665701599468561,0.9564807579806586,0.0874823487434992
274,13.700000000000001,2,6.569305563954733,-0.24127361437345599,0.9739722387485233,0.10874895143795535
274,13.700000000000001,3,6.664484460162876,0.376894615056691,0.983841518529507,0.012929283272709693
274,13.700000000000001,4,6.512182188498295,0.8262885143952776,0.9611815335818876,0.06315127404956486
274,13.700000000000001,5,6.480463285233075,1.2973563994441888,0.9650529012107698,0.09379638073709533
275,13.75,0,6.499879647681139,-1.1436517885108262,0.9769358536295779,0.042285639887399994
275,13.75,1,6.4545121412965205,-0.6621960425096811,0.9530124462578028,0.08432123703940139
275,13.75,2,6.618004175892159,-0.23583616680155822,0.9724628338888105,0.10691239362863081
275,13.75,3,6.713676536089351,0.3775410792203265,0.9825707531258615,0.01646703220545932
275,13.75,4,6.56024126517739,0.8294460780977558,0.9577336711008431,0.06740118653009076
275,13.75,5,6.528715930293613,1.3020462184810435,0.9622180241329029,0.09754591722988874
276,13.8,0,6.548726440362618,-1.1415375065164561,0.9752649782607037,0.04055017005954573
276,13.8,1,6.502162763609411,-0.657979980657711,0.9492053434129865,0.08146335016840191
276,13.8,2,6.666627317586599,-0.23049054712012668,0.9708022222374616,0.10513215529121003
276,13.8,3,6.762805073745644,0.37836443083059945,0.9811913637103669,0.01994698326885243
276,13.8,4,6.608127948732432,0.8328161374242604,0.9540323388029401,0.07134739919858546
276,13.8,5,6.576826831500258,1.306923514342538,0.9592217746673148,0.10096085422613377
277,13.850000000000001,0,6.597489689275653,-1.1395099980134789,0.9734614621418377,0.039101754653393134
277,13.850000000000001,1,6.54962303078006,-0.6539068131492909,0.9450387921665694,0.07890500406009655
277,13.850000000000001,2,6.715167428698472,-0.22523393935556618,0.9689817272421252,0.10340571359913645
277,13.850000000000001,3,6.811864641931162,0.3793617799940421,0.9796977715533598,0.023367190610208848
277,13.850000000000001,4,6.655829565672579,0.8363835073841897,0.9500598334456932,0.07500072651995045
277,13.850000000000001,5,6.624787920233623,1.3119715570538446,0.956054004710554,0.10406627785991107
278,13.9,0,6.646162762382745,-1.1375549102808091,0.9715215802568063,0.03791656461935457
278,13.9,1,6.596874970388388,-0.649961562946286,0.9404899250996203,0.07664064977854099
278,13.9,2,6.763616515060579,-0.22006365367560937,0.9669925435530695,0.10172963733419557
278,13.9,3,6.860849530508831,0.3805301395245525,0.9780842549737001,0.026726315523974125
278,13.9,4,6.703332557344863,0.8401335437101872,0.9457965458302662,0.07837261139097075
278,13.9,5,6.672590620469151,1.31717487094684,0.9527038493791387,0.10688650798198894
279,13.950000000000001,0,6.694738841395585,-1.1356590820498413,0.9694413230330218,0.036971646019574346
279,13.950000000000001,1,6.643899466643369,-0.646129530457359,0.9355334767167746,0.07466332560754238
279,13.950000000000001,2,6.811966142238233,-0.21497717180889958,0.9648257900219135,0.10009968621828126
279,13.950000000000001,3,6.909753743257515,0.3818664553007512,0.976344983656636,0.03002352289158588
279,13.950000000000001,4,6.750622384636377,0.8440521742797358,0.9412209511280258,0.08147473111278493
279,13.950000000000001,5,6.720225812938108,1.3225191963459395,0.9491599190389003,0.10944486689485404
280,14.0,0,6.743210907547236,-1.1338104997488627,0.9672165270417558,0.03624510328012842
280,14.0,1,6.690676140479208,-0.6423963641769819,0.9301416019528194,0.07296507698296438
280,14.0,2,6.860207431739329,-0.20997218749798552,0.9624725828420461,0.09851088658059749
280,14.0,3,6.958570992440347,0.3833676314453305,0.974474064894477,0.03325839302100576
280,14.0,4,6.797683432192779,0.848125910835375,0.9363096019531897,0.084318653153811
280,14.0,5,6.7676838088900535,1.3279914396906822,0.9454104961793732,0.11176350180013964
281,14.05,0,6.791571733899324,-1.1319982445848562,0.9648430104223856,0.035716243989127434
281,14.05,1,6.737183220576848,-0.6387481103278336,0.9242836972576742,0.07153734266100342
281,14.05,2,6.908331060881431,-0.20504664316895566,0.9599241303367907,0.09695758368810618
281,14.05,3,7.00729469568507,0.3850305510963808,0.9724656021979847,0.03643084825264669
281,14.05,4,6.8444989122904385,0.8523418434930656,0.9310371218024069,0.0869155358296466
281,14.05,5,6.814954333699022,1.3335796147806893,0.9414437387313384,0.1138632523681023
282,14.100000000000001,0,6.839813884420443,-1.1302124323854,0.9623167132330873,0.03536569360847077
282,14.100000000000001,1,6.783397405439732,-0.6351712431947835,0.9179262211615686,0.0703713075108546
282,14.100000000000001,2,6.956327267398271,-0.20019876398455033,0.9571718509359133,0.09543347119961706
282,14.100000000000001,3,7.055917975794969,0.3868520935090131,0.9703137666502343,0.039541093618824415
282,14.100000000000001,4,6.891050768380559,0.8566876202845479,0.9253761972391986,0.0892758684266616
282,14.100000000000001,5,6.862026520635589,1.3392727773990944,0.9372478919244068,0.11576355569670868
283,14.15,0,6.887929720082098,-1.1284441477049765,0.9596338430135477,0.03517548779522876
283,14.15,1,6.829293716497811,-0.6316526778192407,0.9110325123197813,0.0694582238261395
283,14.15,2,7.004185859945066,-0.1954270904245695,0.9542075158449939,0.09393159818165092
283,14.15,3,7.104433664127481,0.38882914818995434,0.9680128812277718,0.042589570846331554
283,14.15,4,6.937319578242519,0.861151413705881,0.9192975678369926,0.09140924509333236
283,14.15,5,6.90888891523181,1.3450609551839299,0.9328115110206853,0.1174823818002494
284,14.200000000000001,0,6.935911412232775,-1.1266853733152151,0.9567910256925977,0.03512914935357546
284,14.200000000000001,1,6.8748453421138,-0.6281797666279337,0.9035626045218887,0.06878970411915492
284,14.200000000000001,2,7.051896235737316,-0.19073051051548695,0.9510234177632872,0.09244435399702407
284,14.200000000000001,3,7.1528343081888694,0.39095862673227094,0.9655575180755426,0.045576925048624324
284,14.200000000000001,4,6.983284456634369,0.8657218759605476,0.9127700134224682,0.09332416691491953
284,14.200000000000001,5,6.955529490782844,1.3509350742739423,0.928123697265715,0.11903619359344966
285,14.25,0,6.983750963517405,-1.1249289158475364,0.9537854615851646,0.03521175618670991
285,14.25,1,6.920023472339895,-0.624740281421976,0.8954730401435933,0.06835798905399636
285,14.25,2,7.0994474066254805,-0.18610829281563573,0.9476125666947613,0.09096343119188652
285,14.25,3,7.201112184092646,0.3932374729847022,0.9629426083711202,0.048503983543714844
285,14.25,4,7.028922957305492,0.8703880843062936,0.9057603386120695,0.09502786689311803
285,14.25,5,7.00193567564613,1.3568868839536148,0.923174349187698,0.12043992607521066
286,14.3,0,7.031440236596663,-1.123168328038201,0.9506150855897741,0.03541000599601976
286,14.3,1,6.964797124347075,-0.6213223819692762,0.8867166862133051,0.06815619454019524
286,14.3,2,7.146828034960219,-0.1815601212560414,0.9439689133647373,0.08947976631127157
286,14.3,3,7.249259314511202,0.39566267216188794,0.9601635639283819,0.05137174633916314
286,14.3,4,7.074210974236096,0.8751394776509495,0.898233355056712,0.09652615301642933
286,14.3,5,7.048094393105514,1.3629088802573752,0.9179544309619302,0.12170698003814906
287,14.350000000000001,0,7.078970990876152,-1.1213978277384,0.9472787298021664,0.0357122828674627
287,14.350000000000001,1,7.00913295865774,-0.6179145722422665,0.8772425609424177,0.06817854208532625
287,14.350000000000001,2,7.194026480628456,-0.17708613294047781,0.9400875999287185,0.08798345842047871
287,14.350000000000001,3,7.297267492707621,0.3982312594788461,0.957216409048859,0.05418138793324917
287,14.350000000000001,4,7.119122641988931,0.8799657853017709,0.8901518622697506,0.0978232651953211
287,14.350000000000001,5,7.093992114653611,1.3689942292592827,0.9124562589439583,0.1228492261171829
288,14.4,0,7.12633492736626,-1.1196122135950268,0.9437762855758581,0.03610873025685448
288,14.4,1,7.052995086704861,-0.6145056451380002,0.8669956836143862,0.0684205763110388
288,14.4,2,7.2410308606248925,-0.17268696001945388,0.9359652364524348,0.0864636650653837
288,14.4,3,7.345128313160064,0.4009403288755085,0.9540979203086316,0.05693427018085582
288,14.4,4,7.163630235102419,0.884856948561537,0.8814766285008726,0.0989217425371657
288,14.4,5,7.139614927600809,1.3751366905651419,0.906673806660564,0.12387701533017005
289,14.450000000000001,0,7.173523741645053,-1.117806777082184,0.9401088605530512,0.03659133417607895
289,14.450000000000001,1,7.096344870885581,-0.6110846163224483,0.8559169676521399,0.06887937306484491
289,14.450000000000001,2,7.287829122447515,-0.1683637767661847,0.9316001999464034,0.08490847555543245
289,14.450000000000001,3,7.392833209175495,0.4037870423845513,0.950805770949337,0.059631966055491634
289,14.450000000000001,4,7.207704066527462,0.8898030356883952,0.8721663739528869,0.09982229825950216
289,14.450000000000001,5,7.184948617933838,1.3813305413316503,0.9006030275249224,0.12479919244866505
290,14.5,0,7.2205291846727055,-1.11597721037338,0.9362789243214238,0.03715401950059502
290,14.5,1,7.1391407192681875,-0.607640647669206,0.8439431861288254,0.06955374077105206
290,14.5,2,7.334409132444835,-0.16411835298841307,0.9269929504287895,0.08330476191589448
290,14.5,3,7.440373497722962,0.4067686406873259,0.9473386753058848,0.06227629419870952
290,14.5,4,7.2513123852251065,0.8947941506013704,0.8621777598760181,0.10052370051906455
290,14.5,5,7.229978769310084,1.3875705009540835,0.894242193298341,0.12562310856462064
291,14.55,0,7.267343130888777,-1.1141195093983502,0.9322904340882957,0.03779276113680584
291,14.55,1,7.181337878574629,-0.6041629606306534,0.8310070517268466,0.0704444164812159
291,14.55,2,7.380758779966274,-0.15995311489261835,0.9221463554246162,0.08163800879172685
291,14.55,3,7.487740431488256,0.40988245539726137,0.9436965272381423,0.06486936418030488
291,14.55,4,7.294421273218908,0.8998203356273236,0.8514653889196943,0.10102265862510519
291,14.55,5,7.274690878975001,1.3938516563823145,0.8875922448372996,0.12635462909294345
292,14.600000000000001,0,7.313957652593191,-1.11222987134151,0.9281489290795809,0.038505710130940805
292,14.600000000000001,1,7.2228882311609715,-0.6006407398065926,0.8170374700514936,0.07155425638359073
292,14.600000000000001,2,7.426866097737505,-0.155871214453032,0.9170660103361329,0.07989212521227872
292,14.600000000000001,3,7.534925257850164,0.4131259236062766,0.9398805248346032,0.06741363239448563
292,14.600000000000001,4,7.336994542664892,0.9048714685585788,0.8399818248375616,0.10131371559225937
292,14.600000000000001,5,7.319070491216866,1.4001693878369617,0.88065714991548,0.12699813318320843
293,14.65,0,7.36036509904717,-1.110304585834963,0.9238615792718606,0.03929333243870155
293,14.65,1,7.263740104663546,-0.5970630269874131,0.8019600471254459,0.07288841813362341
293,14.65,2,7.472719398254311,-0.15187660819241808,0.91176053709684,0.07804924373319998
293,14.65,3,7.581919284091894,0.41649660522600085,0.9358932717305831,0.06991196848832268
293,14.65,4,7.37899363390677,0.9099371543381918,0.8276776435583182,0.10138914988373338
293,14.65,5,7.36310334871264,1.406519294496122,0.873444260861548,0.12755650013461725
294,14.700000000000001,0,7.406558178010763,-1.1083399192130279,0.919437170612776,0.04015855471645449
294,14.700000000000001,1,7.303838107019818,-0.5934186060807319,0.7856979594595634,0.07445452903461391
294,14.700000000000001,2,7.518307425109153,-0.1479741460057581,0.9062418373536985,0.0760895164285105
294,14.700000000000001,3,7.628713947678423,0.419992203650417,0.9317388432583632,0.07236773216136957
294,14.700000000000001,4,7.420377516084686,0.9150066118323784,0.8145015331575765,0.10123889164459689
294,14.700000000000001,5,7.406775561755717,1.4128971195028528,0.8659646623583686,0.1280310779678082
295,14.75,0,7.452530036541402,-1.1063319914772052,0.9148860052357815,0.04110690679528967
295,14.75,1,7.343123004992796,-0.5896958796290013,0.7681733283114791,0.07626282953175892
295,14.75,2,7.563619516976838,-0.14416967018433258,0.9005252691177665,0.07399092295731469
295,14.75,3,7.675300889841341,0.42361059025848546,0.9274228033760346,0.0747848600931712
295,14.75,4,7.461102592742565,0.9200685564146083,0.8004004678689645,0.10085046190346315
295,14.75,5,7.450073794873636,1.4192986734012432,0.8582334969472281,0.12842162889262135
296,14.8,0,7.498274336803191,-1.1042766461374407,0.9102196916449258,0.04214664408828762
296,14.8,1,7.38153167140837,-0.5858827381524133,0.7493092772828249,0.07832627534713815
296,14.8,2,7.6086457804327265,-0.14047012403646683,0.8946297075964815,0.07172911396639478
296,14.8,3,7.721672030010143,0.427349833263144,0.9229521560008556,0.07716796265148482
296,14.8,4,7.501122616136013,0.9251110795097814,0.7853199914776382,0.10020894732864896
296,14.8,5,7.492985469720997,1.4257197548458742,0.8502702524940806,0.12872624616186126
297,14.850000000000001,0,7.543785321385437,-1.1021693139330264,0.905450796986062,0.04328882473292288
297,14.850000000000001,1,7.418997135272511,-0.5819664243850564,0.7290328905467705,0.08066057355437385
297,14.850000000000001,2,7.6533772658125505,-0.13688366833814708,0.8885774423346736,0.06927732386382644
297,14.850000000000001,3,7.767819637810185,0.43120823139571823,0.9183352121571601,0.07952242990370587
297,14.850000000000001,4,7.540388615709895,0.9301215268762139,0.7692046587583774,0.09929702836608166
297,14.850000000000001,5,7.535498982345701,1.4321560671539673,0.8420989920118777,0.12894123693085693
298,14.9,0,7.58905786123474,-1.1000048726963803,0.9005923322201026,0.04454730564170189
298,14.9,1,7.455448779799849,-0.5779333957073377,0.7072793200898354,0.08328411776885698
298,14.9,2,7.697806137929284,-0.13341980214495575,0.8823938549588485,0.06660640075296789
298,14.9,3,7.813736398418043,0.4351843528909035,0.9135813524806156,0.08185454627073044
298,14.9,4,7.578848848647813,0.9350863782945179,0.7519987004418343,0.09809508512687226
298,14.9,5,7.577603931946295,1.4386031290005101,0.8337485016961101,0.1290609665641502
299,14.950000000000001,0,7.634087477845745,-1.0977775074142953,0.8956570425927791,0.04593860910400823
299,14.950000000000001,1,7.490812745804341,-0.5737691898188949,0.6839973009143785,0.08621777553182124
299,14.950000000000001,2,7.741925830677227,-0.13008948210730736,0.8761068166408025,0.06368501778271772
299,14.950000000000001,3,7.859415466042074,0.43927708020444006,0.9087006634643178,0.0841716128516282
299,14.950000000000001,4,7.616448783669905,0.9399911325508615,0.7336469975780497,0.09658141328165594
299,14.950000000000001,5,7.6192913570311,1.4450561773287176,0.8252523277407434,0.1290776617826734
300,15.0,0,7.678870329975385,-1.0954805769590947,0.8906564820665739,0.04748159821885829
300,15.0,1,7.52501261085006,-0.5694583010423039,0.6591563020152605,0.08948446764918071
300,15.0,2,7.7857311715092665,-0.1269052312181715,0.8697457447880115,0.06048014809209815
300,15.0,3,7.904850499215289,0.44348566084702146,0.903703425915827,0.08648207584226104
300,15.0,4,7.653131133548808,0.9448202032149443,0.7140964745159464,0.09473259125459531
300,15.0,5,7.660553973418137,1.4515100604178512,0.8166486664455449,0.12898117371192167
301,15.05,0,7.723403154078714,-1.0931064970481519,0.8855998635875872,0.04919688759113204
301,15.05,1,7.557970425950823,-0.5649840776598448,0.632755438528534,0.09310846654395256
301,15.05,2,7.8292184587486675,-0.12388122381356657,0.8633402684569036,0.0569579019969344
301,15.05,3,7.95003567051108,0.4478097646391345,0.8985994361491358,0.08879565824906172
301,15.05,4,7.6888359572746054,0.9495568327776741,0.6932980442551225,0.0925240495283716
301,15.05,5,7.701386406740415,1.4579591191034473,0.8079800654414401,0.12875870800154768
302,15.100000000000001,0,7.767683147258093,-1.0906466526685952,0.8804926995733562,0.05110590955757884
302,15.100000000000001,1,7.58960819787725,-0.5603286543326472,0.604834061141753,0.09711433203118386
302,15.100000000000001,2,7.872385472171513,-0.12103332871371986,0.8569184764606024,0.0530848347619477
302,15.100000000000001,3,7.994965642318537,0.4522495475515876,0.8933971454158397,0.09112348970593599
302,15.100000000000001,4,7.723500859487362,0.9541830352540926,0.6712092619728958,0.0899309014448108
302,15.100000000000001,5,7.741785410012487,1.4643970545035248,0.7992928869758186,0.1283945385594046
303,15.15,0,7.811707782236761,-1.0880913571907163,0.8753352806189784,0.05322956204804387
303,15.15,1,7.619849900934337,-0.5554729377310881,0.5754835895736339,0.10152540378884327
303,15.15,2,7.915231395994543,-0.11837908697562247,0.8505047659443501,0.04882982790317973
303,15.15,3,8.039635499589329,0.4568057220368844,0.8881026121251531,0.09347822479211942
303,15.15,4,7.757061322586006,0.9586795803263332,0.6477978555761019,0.0869290999396902
303,15.15,5,7.781750054361278,1.470816781431495,0.7906364780380338,0.12786973485112488
304,15.200000000000001,0,7.855474546267709,-1.0854298790883141,0.8701210851108673,0.05558639021569786
304,15.200000000000001,1,7.648624080413019,-0.550396667541646,0.5448596550007603,0.10636178762288681
304,15.200000000000001,2,7.957756634291761,-0.11593759558046347,0.8441173752079725,0.044166615328389315
304,15.200000000000001,3,8.084040630195586,0.4614796332764904,0.882718275692304,0.09587413271516579
304,15.200000000000001,4,7.789451215364811,0.9630260353233177,0.6230462958430424,0.08349698207137843
304,15.200000000000001,5,7.821281878263179,1.4772102681740513,0.7820619883614246,0.12716195060680052
305,15.25,0,7.898980600523252,-1.0826505595775293,0.864835264676012,0.058190308623530286
305,15.25,1,7.675867063163057,-0.5450785781605016,0.5131929974153834,0.11163781576314986
305,15.25,2,7.99996250305216,-0.11372926481404401,0.837765770645051,0.03907695560611432
305,15.25,3,8.128176543980201,0.4662733399122487,0.87724158129109,0.09832712944381007
305,15.25,4,7.820603530156963,0.9672008844268866,0.596957528260522,0.07961724712085856
305,15.25,5,7.86038497768125,1.4835683657043914,0.7736207787913817,0.12624534380429683
306,15.3,0,7.942222363757053,-1.0797410441463529,0.8594534013993016,0.06104795917908892
306,15.3,1,7.701526713033826,-0.5394966873723441,0.4807969437969305,0.11735903643187386
306,15.3,2,8.041850791584412,-0.11177541703373829,0.831448153063773,0.033554334580987
306,15.3,3,8.172038623044756,0.4711896963844392,0.8716635114684123,0.10085470683764464
306,15.3,4,7.850451406569989,0.9711817467829295,0.5695618949970362,0.07527937714103862
306,15.3,5,7.89906601662082,1.4898806328946064,0.7653623732734918,0.12509072216104178
307,15.350000000000001,0,7.985195033827019,-1.0766886461873983,0.8539407677873047,0.06415591843890513
307,15.350000000000001,1,7.7255665602236725,-0.5336287355507504,0.4480688846572674,0.12351889504895655
307,15.350000000000001,2,8.0834231992376,-0.11009770030468895,0.8251494312648333,0.027607920596922464
307,15.350000000000001,3,8.215621798618177,0.4762324317263214,0.8659671121208805,0.10347569323984172
307,15.350000000000001,4,7.878929501319841,0.9749457156399813,0.5409251079344307,0.07048244374223692
307,15.350000000000001,5,7.937334135284495,1.4961351690026585,0.7573319332139832,0.12366603101214116
308,15.4,0,8.027892072216384,-1.0734808502654531,0.848252320761318,0.06749809775459274
308,15.4,1,7.747970004456536,-0.5274527907983025,0.41548325310100953,0.13009539734178235
308,15.4,2,8.124680670800842,-0.10871730427484283,0.818840048388989,0.021266309446465546
308,15.4,3,8.25892015422422,0.4814062163883135,0.8601261332331261,0.10620976079384699
308,15.4,4,7.905975756716563,0.9784698378270932,0.5111568763488608,0.06523814724199539
308,15.4,5,7.975200731945193,1.5023184705532655,0.7495672792615977,0.12193731441359248
309,15.450000000000001,0,8.07030468825445,-1.0701059453777235,0.8423336094527473,0.07104378471933998
309,15.450000000000001,1,7.768744167111587,-0.5209480209312134,0.3835743476090431,0.13704816705021564
309,15.450000000000001,2,8.165622673220291,-0.10765398880251956,0.81247600505619,0.014580434337511654
309,15.450000000000001,3,8.301926460885877,0.48671670442800585,0.8541039332240365,0.1090765852110232
309,15.450000000000001,4,7.931533600534006,0.9817317451891929,0.4804194457745517,0.05957380769008453
309,15.450000000000001,5,8.012679095908274,1.5084153362739452,0.7420955576016908,0.11987027560052567
310,15.5,0,8.112421368727086,-1.0665537561417566,0.8361226670647741,0.07474680604749875
310,15.5,1,7.787922884492039,-0.5140956125787026,0.3529089953952915,0.14431638913703826
310,15.5,2,8.2062464734731,-0.10692496708564397,0.8060002822363272,0.0076249438289864545
310,15.5,3,8.34463165754708,0.492170533688557,0.8478528123205032,0.11209457661271809
310,15.5,4,7.9555545728227335,0.9847104355736972,0.44893489984839424,0.053534889401813786
310,15.5,5,8.049783873788359,1.5144088500539714,0.7349297462639846,0.11743252767277827
311,15.55,0,8.154227502080325,-1.0628164158393816,0.8295528031945774,0.07854620678321048
311,15.55,1,7.805568334261803,-0.5068797931218507,0.32405125814080626,0.15181812313197754
311,15.55,2,8.246546487584917,-0.10654371989419466,0.7993456374784741,0.0004974328184317768
311,15.55,3,8.387024298163105,0.4977752625191929,0.8413139378170151,0.11527914860823454
311,15.55,4,7.978001317815153,0.9873871800437879,0.4169896945568674,0.047186527781149006
311,15.55,5,8.086530361101557,1.5202804764376103,0.7280653136188,0.11459654879890512
312,15.600000000000001,0,8.195705142240053,-1.058889105500221,0.8225560505769103,0.08236862466235968
312,15.600000000000001,1,7.821770897168843,-0.49928888696525187,0.29752351231931606,0.15945135585300854
312,15.600000000000001,2,8.28651376945884,-0.10651884825327307,0.7924384831290974,-0.006684821227623689
312,15.600000000000001,3,8.429089995053955,0.5035392199496046,0.8344179976893081,0.11864058350961831
312,15.600000000000001,4,7.9988508025429965,0.9897465064328453,0.3849346680882498,0.04061349237254451
312,15.600000000000001,5,8.122933626782498,1.5260103038775557,0.7214774551514052,0.11134323380594445
313,15.65,0,8.2368329447689,-1.054770674267103,0.8150668976295002,0.08613222711963686
313,15.65,1,7.8366470727848085,-0.49131631917260143,0.27376951718136605,0.1670969450549638
313,15.65,2,8.326135693615296,-0.10685308931465426,0.7852033370652626,-0.013790546327213955
313,15.65,3,8.47081089493842,0.5094712491250856,0.8270866686749193,0.12218167581713874
313,15.65,4,8.018097535947408,0.9917771810514726,0.3531788674619362,0.033918119509651755
313,15.65,5,8.159007499540069,1.531577465567853,0.715119410804799,0.10766577409613075
314,15.700000000000001,0,8.277586289650374,-1.0504640629111213,0.8070258964525105,0.08975175548324867
314,15.700000000000001,1,7.850335548643877,-0.4829614719198532,0.25312495700592985,0.17462332770956224
314,15.700000000000001,2,8.365395860468558,-0.10754261663101496,0.7775672445575845,-0.02068205057213088
314,15.700000000000001,3,8.512165228372167,0.5155803329159425,0.8192349155467709,0.1258954648247722
314,15.700000000000001,4,8.035756479320504,0.9934730870269552,0.3221761009445283,0.027216014990922084
314,15.700000000000001,5,8.194763470080309,1.5369607542726595,0.7089223606365807,0.10357342730951449
315,15.75,0,8.317937584473,-1.045976475136959,0.798382788211016,0.09314398855378343
315,15.75,1,7.862991796494174,-0.4742303055343751,0.23579938805243017,0.18189259361613613
315,15.75,2,8.404274222696438,-0.1085767191596215,0.7694636400535759,-0.027223766308061607
315,15.75,3,8.553126974149505,0.5218751061571811,0.8107740587421824,0.1297634554907216
315,15.75,4,8.05186528436773,0.9948338877765014,0.29240419909815824,0.020629741283492247
315,15.75,5,8.230209588112137,1.5421394256381353,0.7027972749339326,0.09909460315855677
316,15.8,0,8.35785672388355,-1.0413192757092697,0.7890989118086442,0.09623287164768655
316,15.8,1,7.874781765896795,-0.4651356758535683,0.22187108637347835,0.18876732118636327
316,15.8,2,8.442747404699118,-0.10993790747502458,0.7608353206820812,-0.033290669904585714
316,15.8,3,8.593665677086614,0.5283632789317172,0.8016154686170675,0.13375472970925664
316,15.8,4,8.066485494322638,0.995865374840676,0.26433839322553343,0.014281172529880554
316,15.8,5,8.265349451858834,1.5470941557960631,0.6966388474217108,0.09427864870097347
317,15.850000000000001,0,8.397311669473982,-1.0365076321268853,0.7791488108108499,0.09895367169875416
317,15.850000000000001,1,7.88587532021547,-0.45569730979425016,0.21129382252307244,0.19511747909879285
317,15.850000000000001,2,8.480789170733221,-0.11160244097025386,0.7516364576178244,-0.03877555011519923
317,15.850000000000001,3,8.633746450517467,0.53505101541718,0.7916746774872276,0.13782624489046721
317,15.850000000000001,4,8.079702413983915,0.99657943346717,0.2384216411860599,0.008283576374186799
317,15.850000000000001,5,8.300181394229918,1.5518080882311118,0.6903313023475447,0.08919581117766293
318,15.9,0,8.436269110014525,-1.0315599485419475,0.7685210796655687,0.10125576413602151
318,15.9,1,7.896440011341623,-0.4459414358393105,0.2039128034048933,0.20082672368744117
318,15.9,2,8.518370993614113,-0.11354121847601382,0.7418337838188112,-0.04359436730101245
318,15.9,3,8.673330184391828,0.5419423276617034,0.7808756550975289,0.14192441858872987
318,15.9,4,8.091623496043217,0.9969936122858793,0.21503568801671855,0.002734617256806335
318,15.9,5,8.334697959347295,1.556267878789995,0.6837555181460772,0.08393509983147186
319,15.950000000000001,0,8.474695163997803,-1.0264971603351465,0.757218564279986,0.10310394649464731
319,15.950000000000001,1,7.906635651511867,-0.4359000996549384,0.1994862402495467,0.20579754670935707
319,15.950000000000001,2,8.555462682805054,-0.11572093684106445,0.7314072046203841,-0.04768932037867977
319,15.950000000000001,3,8.712373967146705,0.5490385485911399,0.769154975572311,0.1459878596279409
319,15.950000000000001,4,8.102375280444054,0.9971303431487196,0.19447677487782092,-0.0022887017491060486
319,15.950000000000001,5,8.3688857352546,1.5604646337815686,0.6767966527468722,0.07860011734152904
320,16.0,0,8.512556092211803,-1.0213419630104141,0.7452580508173424,0.10447842365932634
320,16.0,1,7.916609963524344,-0.42561022231947054,0.19770912814497266,0.2099549136924966
320,16.0,2,8.592033043036073,-0.11810540285999845,0.7203500705679341,-0.05102961224172554
320,16.0,3,8.75083171592532,0.5563379415725369,0.7564656146861712,0.14995089815089185
320,16.0,4,8.112099119187945,0.9970159080612643,0.17693911499340825,-0.00673258487312012
320,16.0,5,8.402725567891943,1.564394639648645,0.6693513688266931,0.0733032972636356
321,16.05,0,8.54981899475267,-1.0161180418274478,0.7326695565834662,0.10537376896480055
321,16.05,1,7.926495419931593,-0.41511247663484574,0.19823651822703553,0.21324823799777373
321,16.05,2,8.62805054656447,-0.12065688347208472,0.7086692635120715,-0.05361019934050537
321,16.05,3,8.788654996659629,0.5638354864800815,0.742780149117836,0.15374744769371196
321,16.05,4,8.120946074937615,0.9966792788176083,0.1625077866939847,-0.010566460257025295
321,16.05,5,8.436193136333278,1.5680598045118268,0.6613338651902791,0.06815926199968342
322,16.1,0,8.586452472581843,-1.0108493533792078,0.7194953014306037,0.10579722284940098
322,16.1,1,7.936407245842944,-0.40445006473495704,0.20070446003445017,0.21565172520807477
322,16.1,2,8.663484009740074,-0.12333739343910999,0.6963851310750746,-0.055448991041881605
322,16.1,3,8.82579400411552,0.5715228588647672,0.7280931736163497,0.1573147251105768
322,16.1,4,8.129071464272315,0.9961509558047571,0.1511610200258803,-0.013780934361994396
322,16.1,5,8.469259829592792,1.571467767611811,0.6526801799817891,0.0632781307022523
323,16.150000000000002,0,8.622427237653374,-1.0055594922367377,0.7057884067655649,0.10576666578525774
323,16.150000000000002,1,7.946442468844666,-0.3936674784745533,0.2047476239990349,0.21716327329079504
323,16.150000000000002,2,8.698303266293827,-0.12610984299120406,0.6835312093467846,-0.056583030604472125
323,16.150000000000002,3,8.862198662796338,0.5793885951202961,0.7124227980839993,0.1605964425289342
323,16.150000000000002,4,8.136629515273608,0.9954619090866573,0.14278044714724866,-0.016384429346464256
323,16.150000000000002,5,8.501893838591881,1.5746316741469235,0.6433505550335731,0.05875954106714318
324,16.2,0,8.657716657991653,-1.0002711589474749,0.6916113526550641,0.10530852826426121
324,16.2,1,7.956679850044618,-0.38280931481001357,0.21001325505021334,0.21780221522608578
324,16.2,2,8.732479826761166,-0.12893899452142768,0.6701536268464853,-0.05706416663208237
324,16.2,3,8.897819802700537,0.5874184172467428,0.6958111304762037,0.16354522703400956
324,16.2,4,8.14376853763097,0.9946426876193342,0.13716703834156377,-0.018399285635272874
324,16.2,5,8.53406136634356,1.5775696512002806,0.6333299464366585,0.05468794511298491
325,16.25,0,8.692297225624406,-0.9950057325342618,0.6770342234735293,0.10445581059754674
325,16.25,1,7.967180512797129,-0.37191920404870926,0.21617153617416587,0.2176062415734148
325,16.25,2,8.76598750810349,-0.1317922028530318,0.6563100892445495,-0.056954644896507346
325,16.25,3,8.932610359224347,0.5955956785984433,0.6783236957573654,0.16612417172492736
325,16.25,4,8.150626889548048,0.9937227233375705,0.1340602020276267,-0.019857962898566103
325,16.25,5,8.565727863665392,1.5803040484559299,0.6226269726644815,0.051129471996096444
326,16.3,0,8.726148936798083,-0.9897829420043845,0.6621327848054339,0.10324630308340889
326,16.3,1,7.977989089605837,-0.3610388919700385,0.22292268998867368,0.21662784673303476
326,16.3,2,8.798803012565719,-0.13463993509785718,0.6420683920033852,-0.056322946565721184
326,16.3,3,8.966526544012215,0.6039018871846897,0.6600477918745562,0.16830754253305258
326,16.3,4,8.15732989964943,0.9927298251926422,0.13315775275700634,-0.020799735709508643
326,16.3,5,8.596859212298616,1.5828605220557348,0.6112716900648983,0.04813039512508422
327,16.35,0,8.759255576038354,-0.9846206268502141,0.6469864519882526,0.10172103535879258
327,16.35,1,7.989135224105271,-0.35020749963338677,0.23000126800280654,0.21493061422859913
327,16.35,2,8.830906432165888,-0.13745608242614324,0.6275044768391235,-0.05524009338372433
327,16.35,3,8.999528933605943,0.6123172643113424,0.6410898448565354,0.17008074466044681
327,16.35,4,8.16398778728728,0.9916898384071667,0.1341349394508224,-0.021268046838097226
327,16.35,5,8.627422796801861,1.585267041811989,0.599312593407152,0.04571704591907069
328,16.400000000000002,0,8.791604898637766,-0.9795345750822745,0.6316762268771192,0.09992294561166844
328,16.400000000000002,1,8.000635287505412,-0.3394609689219568,0.2371781170763908,0.21258560443666344
328,16.400000000000002,2,8.862281656007843,-0.14021808709532946,0.6127001172463702,-0.05377654711272798
328,16.400000000000002,3,9.031583425848769,0.6208213015443647,0.6215718949053398,0.1714396927161542
328,16.400000000000002,4,8.170694534259821,0.9906264360652619,0.13666129316046888,-0.021308507717902388
328,16.400000000000002,5,8.657388426472219,1.5875528941079424,0.5868131903969912,0.04389690041530693
329,16.45,0,8.823188709981622,-0.9745384278016911,0.6162826889466335,0.09789574277348767
329,16.45,1,8.012494193359231,-0.32883168870012364,0.24426050405575447,0.20966804385022544
329,16.45,2,8.892916661870162,-0.14290691445096584,0.5977403723825996,-0.05199975547441688
329,16.45,3,9.062662020594036,0.6293932861801723,0.6016274153830066,0.17238973990541165
329,16.45,4,8.177527598917845,0.9895610106793667,0.14041458039155458,-0.020967439035867674
329,16.45,5,8.686729085992068,1.5897477391287078,0.5738484271998192,0.0426605206796267
330,16.5,0,8.854002844428953,-0.9696436406630167,0.6008841269928066,0.09568293193525577
330,16.5,1,8.02470721856202,-0.3183482865076124,0.2510908441155197,0.20625444784695218
330,16.5,2,8.922803680489292,-0.14550690222468668,0.582710978248522,-0.04997234050304312
330,16.5,3,9.092743391363186,0.6380127731754429,0.5813967245880381,0.17294431538946228
330,16.5,4,8.184548327937422,0.9885126387275733,0.14509157919632773,-0.020290813848857593
330,16.5,5,8.71542150735206,1.5918807651626892,0.5605011705114845,0.041984041061034434
331,16.55,0,8.884047050778593,-0.9648594940662539,0.5855548882128238,0.09332697871285181
331,16.55,1,8.037261760767795,-0.3080355641152648,0.2575444288693761,0.2024202465786513
331,16.55,2,8.951939229401718,-0.14800551924983885,0.5676958480325971,-0.047750885560143064
331,16.55,3,9.121813227592588,0.646659988944916,0.5610222841306927,0.17312340376573576
331,16.55,4,8.191802906897239,0.9874980980351304,0.15041571808969842,-0.01932347810635621
331,16.55,5,8.743446565877635,1.5939799672157409,0.5468588920899105,0.04183192817184338
332,16.6,0,8.913324795189235,-0.9601931451306114,0.570364004078216,0.09086859682995747
332,16.6,1,8.050138982211264,-0.2979145517863322,0.26352649444547527,0.19823793106719775
332,16.6,2,8.980324021803348,-0.150393063527846,0.5527748329877262,-0.04538525138133122
332,16.6,3,9.149864341799123,0.6553161591332028,0.5406441798386036,0.17295198142353002
332,16.6,4,8.199323692801723,0.9865319241298126,0.1561418404179248,-0.01810855574888259
332,16.6,5,8.77078951048213,1.596071563624333,0.5330106562527248,0.0421597955603403
333,16.650000000000002,0,8.941842995393145,-0.9556497152891135,0.5553741301736855,0.08834615114048916
333,16.650000000000002,1,8.063315306933537,-0.2880026552329723,0.2689689121663316,0.19377569648118984
333,16.650000000000002,2,9.007962763452735,-0.15266232609691258,0.5380218581470539,-0.04291833673821729
333,16.650000000000002,3,9.176896550791053,0.6639637582043794,0.5203960503831881,0.172458503519615
333,16.650000000000002,4,8.207130784822619,0.9856264963423684,0.1620584939689024,-0.016686980544679597
333,16.650000000000002,5,8.797440043294767,1.59817955340235,0.5190444770727102,0.04291710784914842
334,16.7,0,8.96961170190183,-0.9512324077320891,0.5406408134521635,0.0857951737107457
334,16.7,1,8.076763752541854,-0.2783138704089128,0.2738267283933138,0.18909653234698354
334,16.7,2,9.034863856360088,-0.15480824293382345,0.5235035018812098,-0.04038619336889045
334,16.7,3,9.202916353310213,0.6725866833803601,0.5004016708262083,0.17167351345282195
334,16.7,4,8.215233709521064,0.9847921473151344,0.16798821302272238,-0.015097124990190055
334,16.7,5,8.823392267148403,1.6003254087948073,0.505045085895162,0.04404965841215103
335,16.75,0,8.996643742574438,-0.9469426490465518,0.5262120782465722,0.08324799284280077
335,16.75,1,8.09045508896152,-0.2688590437915636,0.27807472775828734,0.184257694003018
335,16.75,2,9.061039031454149,-0.15682755260226797,0.509278042631198,-0.03781840588794505
335,16.75,3,9.227936436851524,0.6811703590530012,0.4807723234387453,0.1706284247709818
335,16.75,4,8.2236331201722,0.9840372910656249,0.1737862727333365,-0.013374514680406924
335,16.75,5,8.84864452144316,1.6025278917154149,0.49109212809836167,0.04550174687370849
336,16.8,0,9.022954346486767,-0.9427802494044117,0.5121283041725352,0.08073347440506137
336,16.8,1,8.104358825349435,-0.2596461590914127,0.28170414702058905,0.17931048385315976
336,16.8,2,9.086502933585708,-0.1587184728966652,0.4953949562486119,-0.03523865374613004
336,16.8,3,9.251975053023461,0.6897017802915503,0.46160500868974924,0.16935450443578254
336,16.8,4,8.232322433808868,0.9833685653316045,0.17933836812446363,-0.011551625295086326
336,16.8,5,8.873199127848078,1.6048029790591003,0.47725878892341755,0.04721801730158039
337,16.85,0,9.048560761695393,-0.9387435756841587,0.4984223560395834,0.07827687240097256
337,16.85,1,8.118444032700465,-0.2506806348987547,0.28471962618261476,0.17430027242726426
337,16.85,2,9.111272681398138,-0.16048040558397172,0.48189481699540804,-0.032665382363152515
337,16.85,3,9.275055303457949,0.6981695055133395,0.44298147644664615,0.16788206749839207
337,16.85,4,8.241289352215091,0.9827909840668503,0.18455761573295182,-0.009657761333067796
337,16.85,5,8.897062067294248,1.6071638799241794,0.46361083125883273,0.049144945321005516
338,16.900000000000002,0,9.073481879497372,-0.93482973206411,0.48511991837707946,0.07589978234491071
338,16.900000000000002,1,8.132680014009596,-0.2419656212773915,0.2871364497461174,0.1692666954698914
338,16.900000000000002,2,9.135367422247908,-0.16211367470212934,0.4688095357952363,-0.030112522774923337
338,16.900000000000002,3,9.29720437728028,0.7065636088882591,0.4249679992883078,0.1662398775896135
338,16.900000000000002,4,8.25051723300174,0.9823080960001969,0.18938120733443742,-0.007719013869485076
338,16.900000000000002,5,8.92024260885719,1.6096211271902297,0.45020601385498576,0.05123198319888646
339,16.95,0,9.097737875416225,-0.9310347429468645,0.47223998472325096,0.07362018760537707
339,16.95,1,8.147036836496902,-0.23350228650389693,0.2889781040715231,0.16424397213266548
339,16.95,2,9.15880789903767,-0.1636193008408755,0.4561628602745406,-0.027590212138437535
339,16.95,3,9.318452777244696,0.7148756027677398,0.40761577054158793,0.16445473590989332
339,16.95,4,8.259986293368462,0.9819221453067226,0.1937669724221542,-0.005758291307547497
339,16.95,5,8.94275290954994,1.612182726350174,0.4370938472122675,0.053432386981088674
340,17.0,0,9.121349874652388,-0.9273537335665957,0.45979545347939726,0.07145258605876922
340,17.0,1,8.161485741700478,-0.22529008789726365,0.2902741562888845,0.15926129918952264
340,17.0,2,9.181616042051397,-0.16499881144779738,0.4439710607235318,-0.025105480082771938
340,17.0,3,9.338833565771775,0.7230983395632344,0.39096178960168465,0.16255123380883885
340,17.0,4,8.26967464198957,0.9816342307413453,0.19769003674469957,-0.003795413940295369
340,17.0,5,8.964607601910553,1.6148543456992284,0.42431563683785617,0.05570375974949244
341,17.05,0,9.144339647326358,-0.9237811042636572,0.4477937867372595,0.06940818253479177
341,17.05,1,8.175999449514922,-0.21732702293778752,0.291058445390381,0.15434328586458612
341,17.05,2,9.203814595087573,-0.16625408545193598,0.43224373200059535,-0.022662877345440802
341,17.05,3,9.35838165525186,0.7312259012536764,0.37503009384982144,0.16055164027375599
341,17.05,4,8.279559143826804,0.9814444600443305,0.20113970309378182,-0.0018472609530879106
341,17.05,5,8.985823383752445,1.6176395336867029,0.41190475984270086,0.05800835073901348
342,17.1,0,9.166729336663222,-0.9203106951369177,0.4362376948903359,0.06749513174288847
342,17.1,1,8.190552371784442,-0.20960985864455822,0.2913675661392743,0.14951040263704715
342,17.1,2,9.225426781687602,-0.16738722931920802,0.4209846512084102,-0.020265032871357874
342,17.1,3,9.37713315994435,0.7392534832673642,0.3598332060020745,0.15847589505008652
342,17.1,4,8.289616128981493,0.9813520969966761,0.2041166301023293,7.204246704713499e-05
342,17.1,5,9.00641862174458,1.6205399512236536,0.3998871206957757,0.060313152176560296
343,17.150000000000002,0,9.188541221407739,-0.9169359385497732,0.4251258170328509,0.06571881657798642
343,17.150000000000002,1,8.205120750091405,-0.20213433851270587,0.29123962033501616,0.14477942489580925
343,17.150000000000002,2,9.246476014248023,-0.1684004809627759,0.4101926426008834,-0.017913133351191473
343,17.150000000000002,3,9.395124820244453,0.7471772780198686,0.34537368349833386,0.15634167986417652
343,17.150000000000002,4,8.299821960486609,0.9813556991200285,0.2066303456135946,0.0019509101010333472
343,17.150000000000002,5,9.026412977779367,1.6235556088324816,0.3882817347885715,0.06258983504280376
344,17.2,0,9.209797512259382,-0.9136499977208739,0.41445337435037255,0.06408214772923689
344,17.2,1,8.219682731108156,-0.1948953672679154,0.29071320689191804,0.1401638584438685
344,17.2,2,9.266985646378068,-0.1692961376303355,0.3998624130324442,-0.01560732504450988
344,17.2,3,9.41239350441937,0.7549943620130773,0.3316456784194429,0.1541645434655245
344,17.2,4,8.310153477767289,0.9814532446250802,0.208697102483029,0.0037800629477505857
344,17.2,5,9.045827064518797,1.626685100584622,0.3771013935233303,0.06481456226378081
345,17.25,0,9.2305201809769,-0.910445890334412,0.404212780370048,0.06258587212136596
345,17.25,1,8.234218391452751,-0.18788717434572197,0.2898266213237218,0.13567433865007536
345,17.25,2,9.286978767029689,-0.170076503882561,0.38998533224454607,-0.013347041841377657
345,17.25,3,9.428975788340342,0.7627025891863536,0.3186364390890115,0.1519580602073878
345,17.25,4,8.32058833289144,0.9816422477724678,0.21033806502258298,0.005552290451324195
345,17.25,5,9.064682134194964,1.6299258286978109,0.3663533711060396,0.06696771380650451
346,17.3,0,9.250730819995402,-0.9073165967283437,0.3943941977415446,0.06122887966580979
346,17.3,1,8.248709722518937,-0.1811034574132182,0.28861723590654503,0.13131899866052524
346,17.3,2,9.306478033641916,-0.17074385597462988,0.38055014176895835,-0.011131266128022198
346,17.3,3,9.444907610294793,0.770300492196723,0.30632770566277207,0.14973400605955897
346,17.3,4,8.33110523614257,0.981919862295034,0.21157780195055664,0.007262212659972633
346,17.3,5,9.082999802750265,1.633274214388136,0.3560401403414281,0.06903355338400839
347,17.35,0,9.27045052988248,-0.9042551527450533,0.3849860360149917,0.06000849987751976
347,17.35,1,8.263140584314264,-0.17453750748019195,0.2871210334784303,0.12710380470209873
347,17.35,2,9.325505540730363,-0.17130041928103099,0.3715435839477524,-0.0089587304379196
347,17.35,3,9.460223995577932,0.777787192499701,0.29469697026818115,0.14750253989158635
347,17.35,4,8.341684126240096,0.9822829729280327,0.21244305493906745,0.008906049505349553
347,17.35,5,9.100801809767336,1.6367258920573364,0.3461600718640363,0.07099986145997016
348,17.400000000000002,0,9.28969983168323,-0.9012547277511773,0.3759753886526289,0.058920781956099066
348,17.400000000000002,1,8.277496635988186,-0.168182317245087,0.28537227011009825,0.12303285833199276
348,17.400000000000002,2,9.344082719927751,-0.17174835580292697,0.3629509485163072,-0.006828068384660415
348,17.400000000000002,3,9.474958844091342,0.7851623194942803,0.2837185870356351,0.14527238133771428
348,17.400000000000002,4,8.352306278987049,0.9827282754033002,0.21296174910936255,0.01048140174719714
348,17.400000000000002,5,9.118109813360538,1.640275885130335,0.3367080979302638,0.0728575543500786
349,17.45,0,9.308498601115861,-0.8983086886533723,0.3673484103261161,0.057960753818781574
349,17.45,1,8.291765249493691,-0.16203067432848736,0.2834032444446694,0.11910866669097869
349,17.45,2,9.362230267353567,-0.17208975922216,0.3547565385194213,-0.004737923251215489
349,17.45,3,9.489144773443124,0.7924259385611659,0.2733647286196411,0.14305097944530792
349,17.45,4,8.362954366442517,0.9832523454906601,0.21316221183113945,0.011987046686774219
349,17.45,5,9.134945218257052,1.6439187628478389,0.3276763278377732,0.07460030469902368
350,17.5,0,9.326866021632167,-0.8954106509624332,0.3590906375299824,0.057122657234274565
350,17.5,1,8.305935411715925,-0.15607524099393844,0.28124415414128495,0.11533238256129028
350,17.5,2,9.379968094279539,-0.17232665538472078,0.3469440602661828,-0.0026870220722024405
350,17.5,3,9.502813009874107,0.7995784875334313,0.263606193850238,0.1408446685992122
350,17.5,4,8.373612477034074,0.9838516978249988,0.2130725679334775,0.013422750547878035
350,17.5,5,9.15132903464894,1.64764877808279,0.31905460707152555,0.07622417461943846
351,17.55,0,9.344820553508667,-0.8925545181007195,0.3511872568232772,0.05640015760511815
351,17.55,1,8.31999761942299,-0.15030862186587393,0.2789230224268875,0.11170401644098445
351,17.55,2,9.397315297292847,-0.1724610064883309,0.33949694383946216,-0.0006742222648136954
351,17.55,3,9.515993319566618,0.8066207209633919,0.25441307646825095,0.13865880994748697
351,17.55,4,8.384266105430749,0.9845228353523927,0.21272028218638048,0.014789098458014488
351,17.55,5,9.167281765002517,1.6514599868137618,0.31083101635423416,0.0777272693817227
352,17.6,0,9.36237991634983,-0.8897345102204636,0.3436233257378301,0.055786528075151914
352,17.6,1,8.333943770544334,-0.1447234210438247,0.2764656801749751,0.10822262302644005
352,17.6,2,9.41429014448482,-0.1724947176015716,0.332398601616961,0.0013014630309635127
352,17.6,3,9.528713973390031,0.8135536614607662,0.2457553080288702,0.13649791780344014
352,17.6,4,8.394902119540069,0.9852622902752934,0.21213182313611945,0.016087342216274503
352,17.6,5,9.18282331582023,1.655346350282848,0.302992309940296,0.07910941674936665
353,17.650000000000002,0,9.379561082636721,-0.886945183816706,0.3363839516939951,0.05527480851076569
353,17.650000000000002,1,8.347767054553083,-0.13931228989250272,0.2738957911405915,0.10488646451994323
353,17.650000000000002,2,9.430910074565668,-0.1724296444500234,0.32563263256124575,0.0032408556604357234
353,17.650000000000002,3,9.541001738791476,0.8203785573509382,0.2376030895331023,0.1343657713513584
353,17.650000000000002,4,8.405508710696875,0.9860666573861072,0.211332425718465,0.017319265480815735
353,17.650000000000002,5,9.197972931317244,1.6593018211203163,0.29552429482484577,0.08037187483015383
354,17.7,0,9.396380280221422,-0.8841814433911677,0.3294544342581164,0.054857940545429765
354,17.7,1,8.361461844110112,-0.13406796666650556,0.27123490996585153,0.10169315310645181
354,17.7,2,9.447191706193731,-0.1722676016670016,0.3191829798887251,0.005144614850041335
354,17.7,3,9.55288189326813,0.8270968459185062,0.22992722663121581,0.1322655125243996
354,17.7,4,8.416075331982798,0.986932620660148,0.21034593330707194,0.018487065616016374
354,17.7,5,9.212749146058487,1.663320414861824,0.2884121541603499,0.08151706960069874
355,17.75,0,9.412853001934328,-0.8814385463638962,0.3228203758558086,0.05452888031811744
355,17.75,1,8.375023589608404,-0.12898330901118296,0.26850256432554365,0.09863977481256113
355,17.75,2,9.463150855188168,-0.17201037092449956,0.3130340492866505,0.007013247739802837
355,17.75,3,9.564378254599692,0.8337101215447261,0.2226993827209884,0.13019973123008208
355,17.75,4,8.426592628648152,0.9878569739409488,0.20919470284837327,0.019593251176717244
355,17.75,5,9.227169753766503,1.6673962683418588,0.2816407192078039,0.0825483619897785
356,17.8,0,9.428994020727119,-0.8787121023479904,0.3164677656977506,0.05428069081152582
356,17.8,1,8.38844871782468,-0.1240513202705549,0.265716354115535,0.09572299679907648
356,17.8,2,9.4788025576525,-0.17165970853750942,0.3071707942315426,0.008847125219703857
356,17.8,3,9.575513223735742,0.8402201081062303,0.21589226323863886,0.12817053923714308
356,17.8,4,8.43705236379057,0.9888366364997847,0.20789955942389413,0.020640553846631122
356,17.8,5,9.241251789726894,1.6715236864413479,0.2751946947204164,0.08346984350095944
357,17.85,0,9.444817409012007,-0.8759980678074141,0.31038304123915017,0.054106615838118585
357,17.85,1,8.401734535530457,-0.11926517043060109,0.2628920619115704,0.09293915996470384
357,17.85,2,9.494161097364078,-0.17121735227652424,0.3015787742602694,0.010646500858348654
357,17.85,3,9.586307836897674,0.8466286350680874,0.20947974313873144,0.12617963406011426
357,17.85,4,8.447447341761766,0.9898686641921163,0.20647978894336325,0.021631853566016247
357,17.85,5,9.255011524462915,1.6756971786163959,0.2690588428758456,0.0842861587466708
358,17.900000000000002,0,9.460336561073964,-0.8732927370155081,0.3045531310237635,0.05400013776089916
358,17.900000000000002,1,8.414879138626036,-0.11461821243236589,0.26004377006028495,0.09028435856387074
358,17.900000000000002,2,9.509240036077092,-0.17068502723360682,0.2962441913182602,0.012411531237281967
358,17.900000000000002,3,9.596781824054611,0.8529376167710931,0.20343694814340602,0.12422835412556503
358,17.900000000000002,4,8.457771331208933,0.990950256870417,0.20495315971196887,0.022570115560301533
358,17.900000000000002,5,9.268464466606707,1.6799114865537295,0.26321813083413,0.08500235289043298
359,17.95,0,9.475564217625152,-0.8705927301274632,0.29896548228974457,0.05395502099783366
359,17.95,1,8.42788132712905,-0.11010399450417235,0.2571839807269143,0.08775450837363515
359,17.95,2,9.524052245643004,-0.17006445067174272,0.29115390860046697,0.014142296439794843
359,17.95,3,9.606953671461781,0.8591490344773713,0.19774029892236697,0.12231772640703821
359,17.95,4,8.468018989194531,0.9920787626484321,0.20333596535325432,0.02345833800032158
359,17.95,5,9.281625373148414,1.684161604198251,0.25765784678195064,0.08562374179610265
360,18.0,0,9.49051249173964,-0.8678949790775715,0.2936080762585091,0.053965343265833514
360,18.0,1,8.440740526165396,-0.1057162690854906,0.25432373603412955,0.08534540478682257
360,18.0,2,9.538609941073027,-0.169357335849753,0.28629545563602044,0.015838819797676866
360,18.0,3,9.6168406864079,0.8652649207977232,0.19236752601394722,0.12044850759611367
360,18.0,4,8.478185787462195,0.9932516795484482,0.20164308303381084,0.024299509073612956
360,18.0,5,9.294508265487512,1.6884427912880562,0.2523636889927921,0.08615580261672956
361,18.05,0,9.505192895552565,-0.8651967119142798,0.28846943360270966,0.05402551639060982
361,18.05,1,8.453456712967101,-0.10144899884614947,0.25147273610250914,0.08305277206288565
361,18.05,2,9.552924713854829,-0.16856539485986916,0.28165702276240284,0.017501086283395657
361,18.05,3,9.626459062708596,0.8712873461775289,0.18729766205632875,0.11862121974965481
361,18.05,4,8.488267941613886,0.9944666550021288,0.19988804215912065,0.025096572314890202
361,18.05,5,9.30712644993715,1.6927505814188926,0.24732183203583585,0.08660408258324226
362,18.1,0,9.5196163672327,-0.8624954360947493,0.2835386122026797,0.054130298356726066
362,18.1,1,8.466030349772227,-0.09729636024300518,0.24863945336222087,0.08087230483490152
362,18.1,2,9.567007564992949,-0.16769034054569937,0.2772274475961022,0.01912905915858788
362,18.1,3,9.635823945811413,0.8772184071650116,0.18251101678701864,0.11683618122803983
362,18.1,4,8.498262343721843,0.9957214836178734,0.19808309972327773,0.025852399124826238
362,18.1,5,9.319492541538942,1.6970807855480547,0.24251897384020565,0.08697412384505007
363,18.150000000000002,0,9.533793297842834,-0.859788921176913,0.27880519895576555,0.0542747981091611
363,18.150000000000002,1,8.478462322440338,-0.0932527450012601,0.2458312419639012,0.07879970285051721
363,18.150000000000002,2,9.580868937372754,-0.16673388758776997,0.2729961956357834,0.020722694662289997
363,18.150000000000002,3,9.644949496650764,0.8830602162264136,0.17798913929474275,0.11509353362192593
363,18.150000000000002,4,8.508166498708006,0.9970141035741147,0.19623931932909858,0.026569767493912797
363,18.150000000000002,5,9.331618490230952,1.7014294917403072,0.23794236689168113,0.08727140234771406
364,18.2,0,9.547733557790622,-0.8570751812714549,0.27425929710000674,0.054454474451856465
364,18.2,1,8.490753884538533,-0.08931275985873424,0.2430544414884586,0.07683069981572391
364,18.2,2,9.594518747154543,-0.16569775285465546,0.26895333672825145,0.022281954652609015
364,18.2,3,9.653848953615501,0.8888148929075099,0.1737147711676231,0.11339326525910078
364,18.2,4,8.51797846467446,0.9983425919488104,0.19436665157641916,0.027251346038304786
364,18.2,5,9.343515608575535,1.7057930618576929,0.23357983642368715,0.08750127888984686
365,18.25,0,9.561446522645623,-0.854352457548862,0.26989151025118835,0.05466513022641523
365,18.25,1,8.502906606612957,-0.08547122486794805,0.2403144744539392,0.07496108711236962
365,18.25,2,9.607966413990956,-0.164583655122025,0.26508951878272424,0.023806817211546667
365,18.25,3,9.662534692173882,0.894484556170465,0.1696717934666803,0.11173523178955609
365,18.25,4,8.527696797253281,0.9997051592507256,0.19247401406979034,0.027899682543996107
365,18.25,5,9.35519460039672,1.7101681258021852,0.22941978807498173,0.08766896066948476
366,18.3,0,9.574941098158183,-0.8516192010375413,0.26569292412757156,0.05490290279933316
366,18.3,1,8.514922330335654,-0.08172317051232957,0.2376159373538427,0.07318673307230185
366,18.3,2,9.621220889930093,-0.16339331426144765,0.261395939829198,0.025297285290953847
366,18.3,3,9.671018281847216,0.9000713177599428,0.16584516985244996,0.11011917426624086
366,18.3,4,8.53732049795677,1.0011001433779254,0.19056936974327415,0.02851719630233375
366,18.3,5,9.36666558980047,1.7145515738356596,0.22545120712944489,0.08777947180029633
367,18.35,0,9.58822574436456,-0.8488740558975746,0.2616550867460168,0.05516425174179956
367,18.35,1,8.526803127203346,-0.07806383385871447,0.2349626851455474,0.07150359841207173
367,18.35,2,9.634290686921553,-0.16212844999689996,0.25786431927564385,0.026753393523984634
367,18.35,3,9.679310540339838,0.9055772764732548,0.16222088769198445,0.10854473507030829
367,18.35,4,8.546848966443934,1.002526003193042,0.18865980255787418,0.029106173602249142
367,18.35,5,9.377938150156941,1.7189405474256745,0.22166365113176165,0.08783763144390173
368,18.400000000000002,0,9.601308498701862,-0.8461158433104846,0.25776998771320664,0.05544594445376708
368,18.400000000000002,1,8.538551261460624,-0.07448865393811088,0.2323579092486255,0.06990774836139908
368,18.400000000000002,2,9.647183902885335,-0.16079078032070074,0.2544868690203885,0.028175213355629558
368,18.400000000000002,3,9.687421584724436,0.9110045132267702,0.1587858985606269,0.10701147197203964
368,18.400000000000002,4,8.556281956571826,1.0039813118731546,0.18675158991187993,0.029668765821642164
368,18.400000000000002,5,9.38902133271353,1.7233324289978695,0.21804723738744838,0.08784803836211524
369,18.45,0,9.614196998087522,-0.8433435460877963,0.25403003710246247,0.05574504036445893
369,18.45,1,8.550169156923054,-0.07099326652004093,0.229804209218424,0.06839536195530947
369,18.45,2,9.659908246336354,-0.15938201965291926,0.2512562649141741,0.029562856662080726
369,18.45,3,9.695360879652467,0.9163550868253723,0.1555280592155,0.1055188705706647
369,18.45,4,8.56561953606742,1.0054647501642369,0.18485027132913287,0.03020698963166544
369,18.45,5,9.3999236945829,1.7277248309159754,0.21459262660539086,0.08781506083959884
370,18.5,0,9.626898499942644,-0.8405562940695733,0.2504280442964423,0.05605887423477176
370,18.5,1,8.561659367383976,-0.06757349842227545,0.2273036583366476,0.06696273890318345
370,18.5,2,9.672471059582062,-0.15790387681981521,0.2481656189354492,0.030916478034765837
370,18.5,3,9.703137282613243,0.9216310303539055,0.1524360738437404,0.1040663553168209
370,18.5,4,8.574862049633877,1.0069750996458202,0.1829607131658176,0.030722728892794256
370,18.5,5,9.41065332591317,1.7321155839579554,0.211291003723832,0.08774283106200129
371,18.55,0,9.639419902157467,-0.8377533503578347,0.2469571970858546,0.05638503899302367
371,18.55,1,8.573024550300808,-0.06422536147711627,0.22485786341386424,0.06560630439745523
371,18.55,2,9.684879340528834,-0.15635805291807692,0.2452084523377517,0.03223627590389631
371,18.55,3,9.71075908630543,0.9268343481197465,0.1494994381684002,0.10265329928892378
371,18.55,4,8.584010085292167,1.00851123609046,0.181087169212216,0.031217737880643866
371,18.55,5,9.421217876099362,1.7365027255110554,0.20813405677391242,0.08763524315654136
372,18.6,0,9.65176776201176,-0.8349340984081836,0.24361104124090177,0.05672136845329354
372,18.6,1,8.584267443471502,-0.06094504625724351,0.22246801913294512,0.06432261217955594
372,18.6,2,9.69713976314572,-0.1547462391228821,0.2423786699450116,0.033522492670021435
372,18.6,3,9.71823405821385,0.9319670130841927,0.1467083858193475,0.10127903286832081
372,18.6,4,8.593064443752779,1.0100721229844922,0.17923333716931084,0.03169364553256178
372,18.6,5,9.431624578938058,1.7408844876688825,0.20511395447542202,0.08749595421140835
373,18.650000000000002,0,9.663948314073805,-0.8320980299855189,0.2403834607128805,0.05706592019466259
373,18.650000000000002,1,8.595390844428149,-0.05772891564826571,0.22013495728205154,0.06310834614054756
373,18.650000000000002,2,9.709258696642971,-0.15307011448938104,0.23967053570541033,0.03477541400231979
373,18.650000000000002,3,9.725569477504818,0.9370309647276087,0.14405383723765283,0.09994285143652608
373,18.650000000000002,4,8.602026110611243,1.0116568052611203,0.1774024110577605,0.032151960453299926
373,18.650000000000002,5,9.441880276661829,1.7452592853794529,0.20222332312432154,0.08732838768768003
374,18.7,0,9.675967487109448,-0.8292447339757857,0.23726865857605173,0.05741695881877814
374,18.7,1,8.606397592292252,-0.054573498341238334,0.21785919123355005,0.0619603206981751
374,18.7,2,9.721242223428241,-0.15133134378926505,0.2370786495641036,0.035995367450275116
374,18.7,3,9.7327721693667,0.942028107299435,0.14152735127348515,0.09864402220034263
374,18.7,4,8.610896231164132,1.0132644032837854,0.1755971296734349,0.03259407645995697
374,18.7,5,9.451991442818045,1.7496257047638368,0.1994552232179298,0.08713573872351613
375,18.75,0,9.68783092003825,-0.8263738860348467,0.23426113878220114,0.057772939751582
375,18.75,1,8.61729055185393,-0.051475482306329576,0.21564095602450453,0.06087548016037403
375,18.75,2,9.733096155906447,-0.1495315754167513,0.23459792567654683,0.037182720502114214
375,18.75,3,9.739848536930376,0.9469603084094521,0.13912107955349243,0.09738179023637357
375,18.75,4,8.619676087647804,1.0148941071067832,0.1738198212440864,0.033021278483177686
375,18.75,5,9.461964203978942,1.7539824917000126,0.1968031261685581,0.08692098090596272
376,18.8,0,9.69954397697736,-0.8234852390472677,0.23135568877083423,0.058132493711557764
376,18.8,1,8.628072599655155,-0.04843170829831087,0.21348024438679394,0.05985089725717669
376,18.8,2,9.744826052190273,-0.1476724393916456,0.23222357195528692,0.038337878209503407
376,18.8,3,9.74680459090805,0.9518293979212707,0.1368277236296461,0.09615538383479098
376,18.8,4,8.628367078710008,1.016545171030942,0.172072444468791,0.03343474867373467
376,18.8,5,9.47180436028737,1.7583285407453109,0.19426089137740776,0.08668687415177878
377,18.85,0,9.711111761415902,-0.8205786143616898,0.22854736295500735,0.05849441193076502
377,18.85,1,8.638746611874495,-0.04543916343545204,0.21137683906279225,0.05888377099816878
377,18.85,2,9.756437230788038,-0.14575554548117042,0.2299510709219062,0.039461280484303134
377,18.85,3,9.753645977089533,0.9566371671130103,0.13464049487350518,0.09496401921260282
377,18.85,4,8.636970700933448,1.0182169084646289,0.17035662613898764,0.033835572591497935
377,18.85,5,9.481517404856241,1.7626628844528998,0.19182274387521578,0.08643597339614964
378,18.900000000000002,0,9.722539129563652,-0.8176538937651515,0.2258314670852392,0.058857632185053785
378,18.900000000000002,1,8.649315453827635,-0.0424949748855436,0.20933034172694975,0.057971423990736126
378,18.900000000000002,2,9.767934784334132,-0.14378248145695527,0.2277761618206828,0.04055339915978627
378,18.900000000000002,3,9.760378001833208,0.9613853680736404,0.13255307704466496,0.09380690465873073
378,18.900000000000002,4,8.645488532240398,1.0199086870942038,0.16867369554896586,0.034224745377830844
378,18.900000000000002,5,9.491108542050002,1.7669846831227072,0.18948325268264055,0.08617063783792502
379,18.95,0,9.733830702917913,-0.8147110121558988,0.22320354348068536,0.059221225665540465
379,18.95,1,8.659781970913983,-0.039596403686006795,0.20734019881585103,0.05711129933507475
379,18.95,2,9.779323592425166,-0.14175481149896596,0.22569482394018478,0.04161473489607127
379,18.95,3,9.767005655685441,0.9660757133065769,0.13055959143704163,0.09268324416658784
379,18.95,4,8.653922217017847,1.0216199243630952,0.16702471590675674,0.034603177833028985
379,18.95,5,9.500582704684135,1.7712932150146035,0.18723730999958196,0.08589304053298487
380,19.0,0,9.744990880091947,-0.8117499508726218,0.22065935710708182,0.05958438470390661
380,19.0,1,8.670148980854774,-0.03674083871925306,0.20540572455047248,0.05630095719505521
380,19.0,2,9.790608333622176,-0.1396740747541624,0.22370326108250874,0.04264581399781557
380,19.0,3,9.773533635257293,0.9707098755149063,0.12865456448972462,0.09159224060418204
380,19.0,4,8.662273452813185,1.0233500832547466,0.16541051295498765,0.03497170233792789
380,19.0,5,9.509944570184114,1.7755878670412526,0.18508011129739488,0.08560517816420966
381,19.05,0,9.7560238479473,-0.8087707316374265,0.21819488247390176,0.05994641134849691
381,19.05,1,8.680419267082298,-0.033925790859500295,0.20352612141465204,0.05553807112917094
381,19.05,2,9.801793496676302,-0.13754178405427164,0.22179788711604967,0.04364718520136086
381,19.05,3,9.779966363481778,0.9752894875451154,0.12683289773820988,0.09053309846700554
381,19.05,4,8.670543978460934,1.025098668371643,0.16383170100637917,0.0353310785735906
381,19.05,5,9.519198575748984,1.779868125949463,0.18300713635942242,0.08530888084817304
382,19.1,0,9.766933592070997,-0.8057734110700017,0.21580629131844012,0.06030670677613787
382,19.1,1,8.69059557315303,-0.031148887303041748,0.2017004983343785,0.0548204242528982
382,19.1,2,9.812883391032104,-0.1353594247942036,0.21997531254620417,0.04461941647878503
382,19.1,3,9.786308008368689,0.9798161424684656,0.12508983997597214,0.08950502625477917
382,19.1,4,8.678735563511253,1.0268652223003225,0.1622887065914475,0.03568199900536973
382,19.1,5,9.528348932566955,1.7841335699918717,0.18101413129277602,0.08500582186561073
383,19.150000000000002,0,9.777723906636918,-0.8027580757311947,0.21348994104144312,0.0606647615153875
383,19.150000000000002,1,8.70068059806975,-0.02840786609039684,0.19992788678315712,0.05414590529249817
383,19.150000000000002,2,9.823882156659414,-0.13312845397026435,0.218232332038458,0.045563091897582585
383,19.150000000000002,3,9.792562500367488,0.9842913937812046,0.12342096149404352,0.08850723850945771
383,19.150000000000002,4,8.686849998840826,1.028649322250591,0.1607817899070659,0.036025094107960676
383,19.150000000000002,5,9.537399639131593,1.7883838610851521,0.1790970915164319,0.08469752722564976
384,19.200000000000003,0,9.78839840368899,-0.7997248376554253,0.2112423638571659,0.06102014645008526
384,19.200000000000003,1,8.710676992408908,-0.02570057082577193,0.19820725502023143,0.05351250458048656
384,19.200000000000003,2,9.834793773261337,-0.13085029937538523,0.21656591282953067,0.046478808566913686
384,19.200000000000003,3,9.79873354844219,0.9887167557066775,0.12182213026677713,0.08753895754865341
384,19.200000000000003,4,8.69488908833618,1.030450576955989,0.1593110642446458,0.03636093731654545
384,19.200000000000003,5,9.546354493707414,1.7926187374464346,0.17725224571691434,0.08438538499319169
385,19.25,0,9.798960521881849,-0.796673830332921,0.20906025662003327,0.061372504567268435
385,19.25,1,8.72058735515992,-0.0230249455967476,0.1965375206506833,0.052918310034515074
385,19.25,2,9.845622068902813,-0.12852635894703954,0.21497318396439483,0.0473671736946066
385,19.25,3,9.804824654955528,0.9930937035841102,0.12028948995460075,0.08659941492570743
385,19.25,4,8.702854641548411,1.0322686238218164,0.1578765135661954,0.03669004969606457
385,19.25,5,9.55521710599326,1.7968380066960943,0.1754760407522643,0.08407065432520174
386,19.3,0,9.809413534712851,-0.7936052051045577,0.20694047129012164,0.06172154341033529
386,19.3,1,8.730414231192453,-0.020379030095021847,0.19491756167972907,0.05236150315405695
386,19.3,2,9.856370728101032,-0.1261580002623092,0.21345142629958194,0.04822880177318273
386,19.3,3,9.810839129453258,0.9974236743303956,0.11881943959859466,0.08568785264497361
386,19.3,4,8.71074846722672,1.0341031263066196,0.15647800838570808,0.03701290432623058
386,19.3,5,9.563990908030872,1.8010415394123545,0.1737651274770927,0.08375447417538316
387,19.35,0,9.819760558277357,-0.7905191279340409,0.2048800060003364,0.06206702819640449
387,19.35,1,8.74016010927644,-0.017760954937319,0.19334622621779468,0.051840355062961495
387,19.35,2,9.86704329941601,-0.12374656017365006,0.2119980632162538,0.04906431190807796
387,19.35,3,9.816780101433189,1.0017080669626444,0.11740861488683242,0.08480352415846495
387,19.35,4,8.718572367646006,1.0359537715229312,0.15511532010254825,0.03732993040436124
387,19.35,5,9.572679164404727,1.8052292631211235,0.1721163474557687,0.08343787163821102
388,19.400000000000002,0,9.830004558577373,-0.7874157765242207,0.20287599668917924,0.06240877555603053
388,19.400000000000002,1,8.74982742058733,-0.015168937184170924,0.19182234097837428,0.051353222620514886
388,19.400000000000002,2,9.877643202576824,-0.12129334457824616,0.2106106519896946,0.049874325296935466
388,19.400000000000002,3,9.82265053217753,1.0059482431705675,0.11605387087818443,0.0839456951677828
388,19.400000000000002,4,8.726328133651133,1.0378202680431492,0.15378813392295188,0.03764151707156212
388,19.400000000000002,5,9.581284981777516,1.8094011567030341,0.17052672052680776,0.083121769912805
389,19.450000000000003,0,9.840148358411833,-0.7842953377464191,0.2009257092643862,0.06274664785343899
389,19.450000000000003,1,8.759418537636249,-0.012601276053145179,0.19034471869718142,0.05089854461899755
389,19.450000000000003,2,9.88817373517631,-0.11879962831339938,0.20928687576524704,0.05065946286518209
389,19.450000000000003,3,9.82845322572144,1.0101455279289566,0.1147522660754918,0.08311364425316613
389,19.450000000000003,4,8.734017540347281,1.0397023438967272,0.1524960604954559,0.03794801697046648
389,19.450000000000003,5,9.589811317803857,1.8135572451986743,0.1689934331789379,0.08280699587500623
390,19.5,0,9.850194643875053,-0.7811580053537471,0.19902653226421035,0.06308054804604815
390,19.5,1,8.768935773571108,-0.010056348822195301,0.18891216458858887,0.05047483808175311
390,19.5,2,9.898638078964572,-0.11626665517014027,0.2080245360939538,0.05142034306006338
390,19.5,3,9.834190839025213,1.014301210141615,0.11350104774633567,0.08230666334961634
390,19.5,4,8.741642343372055,1.0415997447452505,0.15123864637631224,0.03824974954470849
390,19.5,5,9.598260989462805,1.8176975949924246,0.16751382769784917,0.08249428725245095
391,19.55,0,9.860145970488263,-0.7780039779514447,0.19717596998481923,0.06341041504322621
391,19.55,1,8.778381381800537,-0.007532606918107645,0.18752348194399765,0.05008069467241318
391,19.55,2,9.90903930576927,-0.1136956380171371,0.20682154598443747,0.05215757980276746
391,19.55,3,9.83986589141253,1.0184165433090957,0.11229763839603021,0.0815240580882701
391,19.55,4,8.74920427569087,1.043512232222486,0.1500153834315741,0.03854700409171396
391,19.55,5,9.606636680847696,1.8218223093550472,0.1660853920420154,0.08218429940270221
392,19.6,0,9.870004768987505,-0.7748334571992834,0.19537163604399108,0.0637362195257355
392,19.6,1,8.787757555897738,-0.005028572184486986,0.18617747696630552,0.04971477722309783
392,19.6,2,9.919380383068491,-0.11108775902699873,0.20567592343068022,0.052871780596335065
392,19.6,3,9.84548077333233,1.0224927462135092,0.11113962330387918,0.0807651480195301
392,19.6,4,8.756705044862448,1.0454395824270717,0.148825717273801,0.03884004258134529
392,19.6,5,9.614940950449798,1.8259315243251824,0.1647057504061236,0.0818776116986473
393,19.650000000000002,0,9.879773350789705,-0.7716466462229966,0.193611247353019,0.06405796018899305
393,19.650000000000002,1,8.797066429746053,-0.002542833323332094,0.184872962925112,0.049375816386967274
393,19.650000000000002,2,9.929664179240024,-0.10844416999718198,0.2045857853783109,0.053563544785276286
393,19.650000000000002,3,9.851037754497524,1.0265310036144857,0.1100247390396944,0.08002926673298072
393,19.650000000000002,4,8.764146330726138,1.047381584556139,0.14766905482303108,0.039129102253498194
393,19.650000000000002,5,9.623176237970103,1.8300254049101148,0.16337265443117965,0.0815747335287964
394,19.700000000000003,0,9.889453913157356,-0.768443748213547,0.19189261847050215,0.06437566037534201
394,19.700000000000003,1,8.80631007789231,-7.404250398373047e-05,0.18360876370874324,0.04906260741855124
394,19.700000000000003,2,9.93989346850894,-0.10576599275791816,0.20354934209487827,0.05423346196173651
394,19.700000000000003,3,9.856538991449508,1.0305324669511347,0.10895086288374355,0.0793157618876416
394,19.700000000000003,4,8.77152978346729,1.049338039668814,0.1465447710741393,0.03941439800800533
394,19.700000000000003,5,9.631344870691661,1.8341041415865547,0.1620839750214735,0.08127610992260363
395,19.75,0,9.89904854408088,-0.7652249651947799,0.1902136563133453,0.06468936506238661
395,19.75,1,8.815490516077746,0.002379087866943832,0.18238371684121474,0.04877400708355036
395,19.75,2,9.950070935613684,-0.10305431965983133,0.20256489191217159,0.05488211051191419
395,19.75,3,9.861986534593695,1.0344982550455166,0.10791600307870902,0.07862399516486136
395,19.75,4,8.778857022020997,1.051308759569214,0.145452215145371,0.039696124600216515
395,19.75,5,9.639449069442735,1.8381679470826848,0.16083769472981738,0.0809821268130355
396,19.8,0,9.908559226896548,-0.7619904969416605,0.18857235520197052,0.06499913817666346
396,19.8,1,8.824609701919806,0.00481778822112135,0.18119667602528025,0.04850893069847325
396,19.8,2,9.960199180209294,-0.10031021413423563,0.2016308163112022,0.055510056295889385
396,19.8,3,9.867382334747631,1.0384294548037596,0.10691828984780313,0.0779533421548933
396,19.8,4,8.786129632778266,1.0532935657992248,0.14439071567643932,0.03997445865544937
396,19.8,5,9.647490954179226,1.8422170534233366,0.15963190067403932,0.08069311594999314
397,19.85,0,9.917987844656647,-0.7587405400328274,0.18696679221828688,0.06530506020388338
397,19.85,1,8.83366953572107,0.0072432347560450125,0.18004651326623644,0.04826634929931165
397,19.85,2,9.970280721024855,-0.09753471131944116,0.20074557532266762,0.056117851453440185
397,19.85,3,9.872728249240021,1.0423271219115042,0.10595596711805744,0.07730319218710704
397,19.85,4,8.793349168562088,1.0552922887319973,0.143359585638393,0.04024956051518246
397,19.85,5,9.655472549212927,1.8462517092208364,0.1584647779493179,0.0804093594792778
398,19.900000000000002,0,9.927336184267562,-0.7554752870226332,0.1853951228564715,0.06560722606909794
398,19.900000000000002,1,8.842671861384382,0.009656552221010596,0.17893212062541888,0.048045286937552924
398,19.900000000000002,2,9.980317999790989,-0.09472881874676915,0.19990770321792148,0.056706033328211454
398,19.900000000000002,3,9.878026047595924,1.0461922815208595,0.10502738489269227,0.07667294811274829
398,19.900000000000002,4,8.800517147844008,1.0573047667577564,0.14235812661188293,0.04052157592741723
398,19.900000000000002,5,9.663395788110392,1.8502721771948003,0.15733460350274353,0.08013109420245319
399,19.950000000000003,0,9.936605940410384,-0.7521949257191783,0.1838555769480576,0.06590574326207797
399,19.950000000000003,1,8.851618467415653,0.012058816567888242,0.17785241164711538,0.04784481810108782
399,19.950000000000003,2,9.990313384951886,-0.09189351708035857,0.199115804467402,0.057275123502427666
399,19.950000000000003,3,9.883277416840558,1.050025928926497,0.10413099222080925,0.07606202604822067
399,19.950000000000003,4,8.807635054174602,1.0593308455541273,0.14138563258537756,0.040790637593124686
399,19.950000000000003,5,9.67126251828553,1.854278731904923,0.15623974043825423,0.07985851553335113
400,20.0,0,9.945798719257787,-0.7488996385560744,0.18234645484412684,0.06620073018512161
400,20.0,1,8.86051108799801,0.014451057472942633,0.17680632249791375,0.04766406525698533
400,20.0,2,10.000269175175257,-0.08902976090523719,0.1983685499452679,0.05782562693435566
400,20.0,3,9.888483966451599,1.0538290302289082,0.10326533071680025,0.07546985508599838
400,20.0,4,8.81470433580387,1.0613703774337835,0.14044139332006553,0.041056866580128304
400,20.0,5,9.679074505307444,1.8582716576815905,0.1551786327218526,0.07959178116711765
401,20.05,0,9.954916041999994,-0.7455896020468183,0.18086612383872425,0.06649231470234257
401,20.05,1,8.869351404122906,0.0168342607357919,0.1757928128533701,0.047502196512679624
401,20.05,2,10.01018760267252,-0.0861384795585194,0.19766467336069646,0.058358031190815854
401,20.05,3,9.893647232987439,1.057602522983208,0.10242902858570198,0.07489587697949095
401,20.05,4,8.821726405469875,1.0634232207627898,0.1395246973240262,0.04132037361515575
401,20.05,5,9.686833436943536,1.8622512467399464,0.15414980025884975,0.07933101447764274
402,20.1,0,9.96395934819193,-0.7422649863117012,0.17941301481871996,0.06678063287116347
402,20.1,1,8.878141044765574,0.01920937056142588,0.17481086656301298,0.04735842339173322
402,20.1,2,10.020070836340555,-0.08322057799897861,0.19700296789772948,0.05887280576722087
402,20.1,3,9.898768684416725,1.0613473168321825,0.10162079511422306,0.07433954580746598
402,20.1,4,8.828702640336076,1.0654892394435476,0.1386348344741654,0.041581260264169556
402,20.1,5,9.694540926956478,1.8662177974638285,0.15315183431655557,0.079076307659038
403,20.150000000000002,0,9.972929998932866,-0.738925954668143,0.17798561912655966,0.06706582783843781
403,20.150000000000002,1,8.886881588093724,0.02157729173101254,0.17385949212140658,0.047231998720141104
403,20.150000000000002,2,10.02992098473544,-0.08027693771061757,0.1963822830470666,0.0593704014878981
403,20.150000000000002,3,9.903849724172435,1.0650642941225559,0.10083941559055368,0.07380032762298233
403,20.150000000000002,4,8.835634382059784,1.067568302456756,0.13777109832094914,0.041839620010463534
403,20.150000000000002,5,9.702198518672306,1.8701716128467805,0.15218339326760272,0.07882772462646212
404,20.200000000000003,0,9.981829279889194,-0.7355726632762212,0.17658248562328666,0.06734804888505388
404,20.200000000000003,1,8.895574562699794,0.023938891667019596,0.17293772296991028,0.047122214618941206
404,20.200000000000003,2,10.039740098887794,-0.07730841763622266,0.19580152161437808,0.05985124997971202
404,20.200000000000003,3,9.908891694951963,1.068754310503705,0.1000837466189482,0.07327770009120309
404,20.200000000000003,4,8.842522936975831,1.069660283457279,0.13693278810764664,0.0420955392393722
404,20.200000000000003,5,9.709807688335687,1.8741129990781036,0.15124319863063593,0.0785853036912168
405,20.25,0,9.990658404170357,-0.7322052608319685,0.17520221794025131,0.06762745060435307
405,20.25,1,8.90422144884829,0.026295002397966658,0.17204461765105314,0.047028400598791674
405,20.25,2,10.049530174968513,-0.07431585513723706,0.19525963689091758,0.06031576321238979
405,20.25,3,9.91389588228291,1.072418195508265,0.09935271179798746,0.07277115211991736
405,20.25,4,8.849369576381214,1.0717650604192477,0.13611921053281129,0.04234909813784089
405,20.25,5,9.717369848267218,1.8780422642626644,0.1503300313867247,0.07834906002452525
406,20.3,0,9.99941851506737,-0.7288238883017508,0.17384347190879842,0.06790419220095237
406,20.3,1,8.912823679730842,0.028646422427906243,0.17117925983503124,0.04694992175215136
406,20.3,2,10.059293156813059,-0.07130006697661756,0.19475562997327275,0.06076433309927998
406,20.3,3,9.91886351787281,1.0760567531142609,0.09864529773388833,0.07228018348614311
406,20.3,4,8.856175536907855,1.0738825153261398,0.13532968128204656,0.04260037151649045
406,20.3,5,9.724886349836554,1.8819597172638907,0.14944272855129467,0.0781189879238551
407,20.35,0,10.00811068866281,-0.7254286786917032,0.17250495315809145,0.06817843689779993
407,20.35,1,8.921382642722593,0.03099391851551381,0.1703407582356327,0.04688617703864859
407,20.35,2,10.069030938311723,-0.06826185032165356,0.19428854722007305,0.0611973311527023
407,20.35,3,9.923795782759504,1.079670762288568,0.09796055036265991,0.07180430446173659
407,20.35,4,8.862942020971957,1.0760125339019644,0.13456352635261312,0.04284942956125288
407,20.35,5,9.732358486264118,1.8858656666600835,0.14858017998283285,0.07789506289508964
408,20.400000000000002,0,10.016735936320716,-0.7220197568468133,0.1711854148719905,0.06845035144035334
408,20.400000000000002,1,8.929899680634374,0.03333822736744624,0.1695282464309511,0.04683659765928582
408,20.400000000000002,2,10.078745365672727,-0.06520198376401845,0.1938574778343215,0.061615108188404655
408,20.400000000000002,3,9.928693810277636,1.0832609775116548,0.09729757155697943,0.0713430354405714
408,20.400000000000002,4,8.869670197289588,1.078155005380027,0.1338200831921835,0.043096338521102125
408,20.400000000000002,5,9.73978749526326,1.8897604198048379,0.1477413254108743,0.07767724356324097
409,20.450000000000003,0,10.025295207064316,-0.7185972392747957,0.169883655696667,0.06872010568787079
409,20.450000000000003,1,8.938376092955922,0.03568005725041053,0.16874088260256728,0.04680064551517347
409,20.450000000000003,2,10.088438239564443,-0.06212122835459822,0.19346155156089578,0.06201799407414214
409,20.450000000000003,3,9.933558688855484,1.0868281292836834,0.09665551599576093,0.07089590656949218
409,20.450000000000003,4,8.876361201449198,1.080309822306082,0.13309870167113855,0.04334116133786797
409,20.450000000000003,5,9.747174561533804,1.893644281983,0.14692515166716263,0.07746547342373772
410,20.5,0,10.033789389849149,-0.7151612339904021,0.16859851779128002,0.06898787228260302
410,20.5,1,8.94681313708605,0.0380200895261692,0.16797784920518377,0.046777811746536946
410,20.5,2,10.098111317142488,-0.059020328650891116,0.19309993648941245,0.062406297517670566
410,20.5,3,9.938391464655272,1.090372924612158,0.09603358827604132,0.07046245738497833
410,20.5,4,8.883016136532754,1.0824768803729754,0.13239874490569467,0.04358395822365866
410,20.5,5,9.754520819117161,1.8975175556541868,0.14613069010489713,0.0772596824458032
411,20.55,0,10.042219315738713,-0.711711840376272,0.16732888501472012,0.06925382638862931
411,20.55,1,8.95521202954631,0.04035898011349605,0.16723835257745903,0.046767615347874734
411,20.55,2,10.107766313966959,-0.055900013775007584,0.1927718369534252,0.06278030588999375
411,20.55,3,9.943193144069074,1.093896047481407,0.09543104024863029,0.0700422364571591
411,20.55,4,8.889636073778039,1.0846560782841583,0.13171958994776278,0.0438247871909338
411,20.55,5,9.761827353622406,1.901380539776477,0.1453570141922134,0.07705978853872344
412,20.6,0,10.050585759989449,-0.7082491490568406,0.16607368124196728,0.0695181454927821
412,20.6,1,8.963573947175183,0.04269736088088979,0.16652162250346453,0.04676960185521409
412,20.6,2,10.117404905814631,-0.052760998480507894,0.19247649151744542,0.06314028508003852
412,20.6,3,9.947964696081506,1.097398159304265,0.09484716856036006,0.0696348010426158
412,20.6,4,8.896222053275427,1.086847317643705,0.13106062835570956,0.04406370453983063
412,20.6,5,9.769095204332016,1.905233529203413,0.144603237267036,0.07686569889124376
413,20.650000000000002,0,10.058889444051548,-0.7047732417822015,0.16483186880419334,0.06978100926079077
413,20.650000000000002,1,8.971900028300356,0.045035840973650494,0.16582691173305328,0.04678334210153981
413,20.650000000000002,2,10.127028730390503,-0.04960398422650597,0.19221317104392346,0.06348647937734339
413,20.650000000000002,3,9.952707054509524,1.1008798993563957,0.09428131238720988,0.06923971674719072
413,20.650000000000002,4,8.902775084693213,1.0890505028706965,0.13042126665888043,0.044300765306965445
413,20.650000000000002,5,9.776325366195367,1.9090768141479753,0.14386851044137183,0.07667731119376661
414,20.700000000000003,0,10.067131037491757,-0.701284191319162,0.16360244704723323,0.0700425994424298
414,20.700000000000003,1,8.980191373887008,0.047375008078727486,0.16515349546855262,0.0468084310366043
414,20.700000000000003,2,10.1366393889427,-0.046429660257638804,0.19198117683279145,0.06381911137978208
414,20.700000000000003,3,9.957421120128885,1.1043418851937552,0.09373285134384084,0.06885655719985159
414,20.700000000000003,4,8.909296148026156,1.0912655411360448,0.12980092672752117,0.04453602367952711
414,20.700000000000003,5,9.783518791717436,1.9129106797076636,0.14315202064407004,0.07649451475239438
415,20.75,0,10.07531115984412,-0.6977820613470405,0.16238445100353718,0.07030309981997623
415,20.75,1,8.988449048660435,0.0497154296305577,0.1645006708241984,0.04684448660741724
415,20.75,2,10.146238447784338,-0.0432387046886497,0.1917798388266851,0.06413838192369534
415,20.75,3,9.962107762696077,1.1077847130537477,0.09320120355623861,0.06848490373851043
415,20.75,4,8.915786194362532,1.0934923423200211,0.12919904605851001,0.04476953337814281
415,20.75,5,9.790676392749639,1.9167354054452834,0.1424529887919106,0.07631719150335493
416,20.8,0,10.083430382394296,-0.6942669063560416,0.16117695017311584,0.07056269619476645
416,20.8,1,8.996674082201645,0.05205765396092856,0.16386775626396657,0.04689114869586643
416,20.8,2,10.155827439725671,-0.04003178559246494,0.1916085138753526,0.06444447003418916
416,20.8,3,9.966767822873889,1.1112089582406732,0.09268582388510466,0.06812434510857669
416,20.8,4,8.922246146665458,1.0957308189889283,0.12861507798632207,0.045001348011665616
416,20.8,5,9.797799042189235,1.9205512650204513,0.14177066807957964,0.07614521693581455
417,20.85,0,10.091489229902951,-0.6907387715463033,0.15997904740945168,0.07082157640713582
417,20.85,1,9.004867470014844,0.054402211395721885,0.16325409102284785,0.04694807811003136
417,20.85,2,10.16540786541944,-0.036809562090755484,0.1914665840532167,0.06473753289378165
417,20.85,3,9.971402114068145,1.114615175496102,0.09218620228877397,0.0677744771748861
417,20.85,4,8.928676900564774,1.0979808863895115,0.1280484918277454,0.045231521406720675
417,20.85,5,9.804887575593213,1.924358525867242,0.14110434237995587,0.07597846093054242
418,20.900000000000002,0,10.099488182273424,-0.6871976927259464,0.15878987790668786,0.07107993038534305
418,20.900000000000002,1,9.013030174565987,0.05674961530122345,0.16265903451586314,0.04701495562588916
418,20.900000000000002,2,10.1749811946221,-0.033572685446066404,0.1913534550244069,0.06501770582789702
418,20.900000000000002,3,9.976011424182584,1.1180038993548462,0.09170186231511926,0.06743490264758997
418,20.900000000000002,4,8.935079325156162,1.1002424624598475,0.1274987729679254,0.04546010791458351
418,20.900000000000002,5,9.81194279271221,1.9281574489137692,0.14045332474667577,0.0758167885214475
419,20.950000000000003,0,10.107427676168758,-0.6836436962066793,0.1576086082847503,0.0713379502194598
419,20.950000000000003,1,9.02116312629178,0.05910036308251791,0.16208196573863912,0.04709148107619568
419,20.950000000000003,2,10.184548867373321,-0.030321800154671553,0.19126855444990126,0.06528510230607316
419,20.950000000000003,3,9.98059651729834,1.1213756444872258,0.09123235971275229,0.06710523082249303
419,20.950000000000003,4,8.941454263804557,1.1025154678555766,0.12696542289457793,0.04568716269767808
419,20.950000000000003,5,9.818965458949544,1.9319482883398416,0.13981695601163194,0.0756600605865519
420,21.0,0,10.115308106582996,-0.6800767986957064,0.1564344357694152,0.07159583025650162
420,21.0,1,9.029267224578712,0.06145493713632769,0.1615222826628834,0.04717737248349156
420,21.0,2,10.194112295095817,-0.027057545039367893,0.1912113304317988,0.06553981395815733
420,21.0,3,9.985158135283978,1.1247309060283506,0.0907772811525957,0.06678507733625394
420,21.0,4,8.947802534949286,1.1047998259904606,0.12644795918656102,0.045912741997756946
420,21.0,5,9.825956306750125,1.935731291369169,0.13919460347064588,0.0755081344744958
421,21.05,0,10.123129828371466,-0.6764970071828813,0.1552665874645712,0.07185376721329897
421,21.05,1,9.037343338711857,0.06381380576050227,0.16097940162958746,0.04727236523424404
421,21.05,2,10.203672861617406,-0.023780554341460026,0.1911812499899935,0.06578191060503526
421,21.05,3,9.989696999341607,1.1280701598951632,0.09033624305140368,0.06647406393684466
421,21.05,4,8.954124932908615,1.1070954630903485,0.12594591546221384,0.0461369033875972
421,21.05,5,9.832916036923658,1.9395066980928939,0.1385856596510441,0.07536086457231812
422,21.1,0,10.130893157744694,-0.6729043188222164,0.1541043197142426,0.07211196030387788
422,21.1,1,9.045392308793335,0.06617742402221448,0.16045275674252818,0.04737621129129436
422,21.1,2,10.213231924116906,-0.020491458811208264,0.19117779756684408,0.06601144030387597
422,21.1,3,9.994213811494177,1.1313938630920055,0.08990889048951838,0.06617181826957357
422,21.1,4,8.960422228681725,1.1094023082597284,0.1254588412924686,0.04635970600782544
422,21.1,5,9.83984531990621,1.94327474132151,0.13798954115540893,0.07521810281981577
423,21.150000000000002,0,10.138598373730407,-0.6692987208070225,0.1529469175521549,0.07237061137821914
423,21.150000000000002,1,9.053414946630461,0.06854623458677919,0.1599417992641128,0.04748867844182071
423,21.150000000000002,2,10.222790813995248,-0.017190886796014465,0.1912004735556912,0.0662284294081088
423,21.150000000000002,3,9.998709256018653,1.1347024540054842,0.0894948962155435,0.06587797367900435
423,21.150000000000002,4,8.966695170746348,1.1117202935601196,0.12498630208299835,0.046581210790310086
423,21.150000000000002,5,9.84674479696398,1.9470356464625007,0.13740568757619342,0.075079699175503
424,21.200000000000003,0,10.146245719608014,-0.6656801902381115,0.15179369423683933,0.07262992506951768
424,21.200000000000003,1,9.061412036593667,0.07092066850887023,0.15944599701553291,0.04760954957819281
424,21.200000000000003,2,10.232350837673032,-0.013879465325609025,0.1912487928493457,0.0664328826428176
424,21.200000000000003,3,10.00318400082943,1.1379963526894343,0.08909395973118324,0.06559216902700986
424,21.200000000000003,4,8.972944485850498,1.114049354099635,0.12452787892939739,0.046801480669352656
424,21.200000000000003,5,9.85361508134279,1.9507896314212758,0.1368335604763579,0.07494550203876042
425,21.25,0,10.153835404319857,-0.6620486939846356,0.1506439908704734,0.0728901089470965
425,21.25,1,9.069384336444443,0.07330114598777987,0.15896483378274057,0.047738622009128914
425,21.25,2,10.241913277315499,-0.010557821193468145,0.19132228340489618,0.06662478319645049
425,21.25,3,10.007638698815988,1.1412759611407848,0.08870580644977859,0.0653140485272383
425,21.25,4,8.979170879796968,1.1163894281331026,0.12408316844876872,0.047020580781762356
425,21.25,5,9.860456759366608,1.9545369065232139,0.13627264243151765,0.07481535863254124
426,21.3,0,10.161367603863381,-0.6584041885372808,0.14949717609982446,0.07315137367224828
426,21.3,1,9.07733257813358,0.07568807708823631,0.15849780872959524,0.04787570679867977
426,21.3,2,10.251479391485743,-0.00722658203364562,0.19142048482147064,0.06680409283016428
426,21.3,3,10.012073989138477,1.1445416635671466,0.08833018692254217,0.06504326159622205
426,21.3,4,8.985375038219406,1.1187404571721906,0.12365178259078044,0.04723857865672253
426,21.3,5,9.867270391488184,1.958277674454841,0.13572243612949514,0.07468911535066967
427,21.35,0,10.168842462668373,-0.6547466198536683,0.1483526458978004,0.07341393315439453
427,21.35,1,9.08525746857006,0.0780818624281703,0.15804443581940164,0.04802062813065396
427,21.35,2,10.261050415726817,-0.0038863773921374058,0.19154294692779728,0.06697075200643582
427,21.35,3,10.016490498484604,1.1477938266469576,0.08796687612676386,0.06477946272134107
427,21.35,4,8.991557627348945,1.1211023861050267,0.12323334843089245,0.04745554439621851
427,21.35,5,9.874056513294658,1.9620121302223743,0.13518246352351013,0.07456661807346784
428,21.400000000000002,0,10.176260094963263,-0.6510759231959486,0.14720982342422959,0.07367800470489595
428,21.400000000000002,1,9.093159690361029,0.080482893834703,0.1576042432457018,0.048173222696142035
428,21.400000000000002,2,10.270627563073207,-0.0005378397918156148,0.19168922837663716,0.06712468003886121
428,21.400000000000002,3,10.020888842290942,1.1510327997830248,0.0876156728104732,0.06452231134588438
428,21.400000000000002,4,8.997719294770489,1.1234751633248377,0.1228275079480328,0.047671550846650805
428,21.400000000000002,5,9.880815636470833,1.9657404611260476,0.1346522650354683,0.07444771245528065
429,21.450000000000003,0,10.183620586134474,-0.6473920229607039,0.1460681589645872,0.07394380918598396
429,21.450000000000003,1,9.101039902523313,0.0828915549695101,0.15717677287323295,0.04833333910191767
429,21.450000000000003,2,10.28021202449204,0.002818394210127446,0.19185889524342783,0.0672657752655012
429,21.450000000000003,3,10.025269625931466,1.1542589153503189,0.08727639888840806,0.06427147177138932
429,21.450000000000003,4,9.00386067016789,1.1258587408671703,0.1224339177888219,0.04788667376211685
429,21.450000000000003,5,9.887548249722608,1.9694628467488116,0.13413139880620978,0.07433224418711747
430,21.5,0,10.190923994082704,-0.6436948325014047,0.14492712994547755,0.07421157115220278
430,21.5,1,9.108898741166975,0.08530822192460599,0.15676157968965915,0.048500837297509564
430,21.5,2,10.289804969254211,0.006181682973402506,0.19205151962670178,0.06739391524836053
430,21.5,3,10.029633445875886,1.1574724889388883,0.08694889888421621,0.06402661307747769
430,21.5,4,9.009982366057331,1.1282530745552761,0.12205224902004261,0.04810099195973884
430,21.5,5,9.894254819662919,1.9731794589581675,0.13361943998972486,0.07422005923752609
431,21.55,0,10.198170350579979,-0.6399842539437945,0.14378624102567714,0.07448151898177235
431,21.55,1,9.116736820151457,0.08773326378948147,0.1563582312686642,0.04867558801885395
431,21.55,2,10.299407545235546,0.009551378735820532,0.19226667824805485,0.06750895700198165
431,21.55,3,10.033980890820096,1.1606738195927622,0.08663303941403955,0.0637874090593809
431,21.55,4,9.016084978508333,1.1306581241532632,0.12168218687085337,0.048314587467268744
431,21.55,5,9.900935791662405,1.9768904619200438,0.1331159800886377,0.07411100407453598
432,21.6,0,10.205359662631263,-0.6362601779947059,0.142645024261601,0.07475388499526149
432,21.6,1,9.124554731714891,0.09016704319042416,0.155966307244857,0.048857472246450255
432,21.6,2,10.30902087914795,0.012926826585919614,0.19250395104972817,0.06761073725448505
432,21.6,3,10.038312542790798,1.1638631900457312,0.08632870870679066,0.06355353818332952
432,21.6,4,9.022169087851877,1.1330738535266267,0.12132343046603176,0.048527545663099754
432,21.6,5,9.907591590666838,1.9805960121237707,0.13262062632848703,0.07400492587134282
433,21.650000000000002,0,10.212491913844344,-0.6325224837449428,0.14150303934604236,0.07502890555888976
433,21.650000000000002,1,9.132353047077133,0.09260991680274668,0.1555853988008652,0.049046380676039586
433,21.650000000000002,2,10.318646076700436,0.016307363448643867,0.1927629197880875,0.0676990727446684
433,21.650000000000002,3,10.042628978226137,1.1670408669548977,0.08603581615646844,0.06332468355999706
433,21.650000000000002,4,9.028235259375178,1.1355002308097817,0.1209756925512312,0.048739955408707326
433,21.650000000000002,5,9.914222621983262,1.9842962584173378,0.1321330010684729,0.07390167269825665
434,21.700000000000003,0,10.219567065811646,-0.6287710384669983,0.14035987391896276,0.07530682116975379
434,21.700000000000003,1,9.140132317017176,0.09506223583654866,0.15521510816688788,0.04924221319985561
434,21.700000000000003,2,10.32828422268984,0.019692317085877285,0.19304316662154342,0.06777376055916687
434,21.700000000000003,3,10.04693076903396,1.1702071011328976,0.08575429190200692,0.0631005329361463
434,21.700000000000003,4,9.034284044002739,1.137937228580217,0.12063869921110706,0.04895190917342197
434,21.700000000000003,5,9.920829272036686,1.9879913420522506,0.13165274124656598,0.07380109370324064
435,21.75,0,10.226585059507594,-0.6250056974085106,0.13921514394908446,0.07558787652018063
435,21.75,1,9.147893072425521,0.09752434649654144,0.1548550481329869,0.049444878396564876
435,21.75,2,10.337936381020917,0.02308100511383563,0.1933442726917393,0.06783457851399861
435,21.75,3,10.05121848362906,1.1733621277797048,0.08548408643019552,0.0628807787046282
435,21.75,4,9.040315978963294,1.140384824038888,0.12031218958099418,0.049163503151338904
435,21.75,5,9.927411909099014,1.9916813967374125,0.13117949785704536,0.07370303928323049
436,21.8,0,10.233545816705048,-0.6212263035825016,0.1380684941849009,0.07587232053835229
436,21.8,1,9.15563582483217,0.09999659041636969,0.1545048415742529,0.04965429302806267
436,21.8,2,10.347603594655505,0.02647273403953556,0.19366581669708743,0.0678812855851245
436,21.8,3,10.05549268795057,1.1765061667149364,0.085225170197204,0.06266511793285406
436,21.8,4,9.046331588442344,1.142842999196455,0.11999591555255378,0.04937483737008177
436,21.8,5,9.933970883991867,1.995366548701574,0.13071293545860965,0.07360736124829857
437,21.85,0,10.240449241414293,-0.617432687555584,0.1369195986736375,0.07616040640226138
437,21.85,1,9.163361066910884,0.10247930506777282,0.15416412098901403,0.049870381541339645
437,21.85,2,10.357286885490359,0.029866798318791785,0.19400737345805852,0.06791362239303064
437,21.85,3,10.05975394646043,1.179639422611579,0.08497753326435534,0.06245325240984065
437,21.85,4,9.052331384219972,1.1453117410649591,0.11968964147379195,0.04958601579101332
437,21.85,5,9.940506530764797,1.9990469167639888,0.1302527317114471,0.07351391298056224
438,21.900000000000002,0,10.247295221347974,-0.6136246672354709,0.13576816134645509,0.07645239152395499
438,21.900000000000002,1,9.171069272960334,0.1049728241448398,0.15383252805016814,0.05009307557367854
438,21.900000000000002,2,10.366987254163261,0.033262479438443314,0.1943685124738628,0.06793131174658225
438,21.900000000000002,3,10.064002823123648,1.182762085232071,0.0847411849436519,0.06224488871188303
438,21.900000000000002,4,9.058315866293661,1.1477910418545099,0.11939314384354491,0.04979714640042583
438,21.900000000000002,5,9.94701916735037,2.002722612413017,0.1297985769416368,0.07342254958967906
439,21.950000000000003,0,10.254083629415296,-0.6098020476592731,0.13461391666809694,0.07674853750097543
439,21.950000000000003,1,9.178760899362842,0.10747747792352373,0.15350971316972908,0.050322313459521636
439,21.950000000000003,2,10.376705679786955,0.03665904502577243,0.1947487964705821,0.06793405925182755
439,21.950000000000003,3,10.06823988237083,1.1858743296676653,0.08451615344871825,0.062039738286888274
439,21.950000000000003,4,9.064285523485838,1.1502808991745312,0.11910621100056791,0.05000834129111998
439,21.950000000000003,5,9.95350909619745,2.006393739892501,0.129350173731498,0.07333312806654986
440,22.0,0,10.2608143252487,-0.6059646207842244,0.13345663034884744,0.07704911003176364
440,22.0,1,9.186436385021329,0.10999359359649981,0.15319533507661875,0.05055803973736486
440,22.0,2,10.386443119610485,0.0400557479883638,0.19514777994103522,0.06792155399159695
440,22.0,3,10.072465690043266,1.1889763165820098,0.08430248554664634,0.061837517557342986
440,22.0,4,9.070240834035866,1.1527813162390872,0.11882864280709401,0.05021971673372296
440,22.0,5,9.959976604884025,2.0100603962958288,0.12890723653446304,0.07324550743686259
441,22.05,0,10.267487156766142,-0.6021121652826362,0.13229610011647383,0.07735437879173698
441,22.05,1,9.19409615177516,0.11252149558336805,0.15288906040775418,0.05080020465512008
441,22.05,2,10.396200508607537,0.04345182568794365,0.19556500767706933,0.06789346928211742
441,22.05,3,10.076680814320598,1.1920681924598768,0.08410024620626257,0.06163794804184102
441,22.05,4,9.076182266176222,1.1552923020757733,0.11856025032671963,0.050431393236983854
441,22.05,5,9.966421966710747,2.0137226716676717,0.12846949131322902,0.073159548915916
442,22.1,0,10.274101961771967,-0.5982444463430494,0.13113215654547603,0.07766461726667494
442,22.1,1,9.201740604795548,0.11506150581612405,0.1525905633124267,0.05104876367243296
442,22.1,2,10.40597875899139,0.046846499152049526,0.1960000132953156,0.06784946351310867
442,22.1,3,10.080885826630912,1.195150089861969,0.08390951823832535,0.06144075649503433
442,22.1,4,9.082110278692557,1.1578138717376225,0.11830085549633336,0.05064349559622183
442,22.1,5,9.972845441276409,2.0173806491134676,0.1280366751999604,0.07307511606607546
443,22.150000000000002,0,10.280658569599241,-0.5943612154797157,0.1299646639406725,0.0779801025399229
443,22.150000000000002,1,9.209370132961169,0.1176139439997457,0.152299525069992,0.051303676958513504
443,22.150000000000002,2,10.415778759656156,0.05023897232770496,0.19645231775783514,0.06778918107802138
443,22.150000000000002,3,10.085081302542827,1.1982221276867207,0.08373040192302876,0.061245675065798214
443,22.150000000000002,4,9.088025321467374,1.1603460465174336,0.11805029079167206,0.05085615292902328
443,22.150000000000002,5,9.979247275036407,2.0210344049167714,0.12760853617736884,0.07299207495818259
444,22.200000000000003,0,10.287156802796275,-0.5904622103527195,0.1287935212717078,0.0783011150299176
444,22.200000000000003,1,9.216985109214669,0.12017912784767137,0.15201563372084617,0.051564908884102374
444,22.200000000000003,2,10.425601375544048,0.05362843138160603,0.1969214278894227,0.06771225340135519
444,22.200000000000003,3,10.089267822638979,1.2012844114400105,0.08356301462019632,0.06105244147333019
444,22.200000000000003,4,9.093927836006957,1.1628888541638847,0.11780839888612207,0.05106949869718845
444,22.200000000000003,5,9.985627701845276,2.0246840086646807,0.12718483277955564,0.07291029433802386
445,22.25,0,10.293596478859861,-0.5865471546012236,0.12761866315472606,0.07862793817442108
445,22.25,1,9.22458589090071,0.1227573732918765,0.15173858371069843,0.05183242750626256
445,22.25,2,10.435447446938518,0.05701404405167379,0.19740683489384325,0.06761830007010497
445,22.25,3,10.093445973369988,1.204337033513677,0.08340749035751327,0.06086079920080245
445,22.25,4,9.099818255951263,1.1654423290987441,0.11757503230217675,0.051283670713886426
445,22.25,5,9.991986943484253,2.028329523381582,0.12676533381154664,0.07282964579898515
446,22.3,0,10.299977412017597,-0.5826157576925026,0.1264400608769261,0.07896085805785757
446,22.3,1,9.232172820086246,0.12534899466718963,0.15146807554810487,0.052106204044797204
446,22.3,2,10.44531778868321,0.06039495905517904,0.19790801287159676,0.06750693007657314
446,22.3,3,10.097616347887865,1.207380073473717,0.08326397939203714,0.060670497706098864
446,22.3,4,9.105697007566372,1.1680065126344386,0.11735005305498974,0.051498811134898154
446,22.3,5,9.99832521017483,2.031971005671531,0.12634981808641563,0.07275000396184061
447,22.35,0,10.306299415061444,-0.5786677147896098,0.1252577234592745,0.07930016297808033
447,22.35,1,9.239746223863651,0.1279543048694295,0.15120381547523018,0.052386212349132794
447,22.35,2,10.45521318932679,0.0637703055590077,0.19842441734231386,0.0673777431798111
447,22.35,3,10.101779546857466,1.2104135983590218,0.08313264774026247,0.06048129264906571
447,22.35,4,9.111564510219122,1.1705814531911836,0.11713333228734893,0.051715066432761025
447,22.35,5,10.00464270107915,2.0356085058696234,0.1259380741789822,0.0726712466625707
448,22.400000000000002,0,10.312562301234408,-0.5747027066407058,0.12407169875209169,0.07964614294894617
448,22.400000000000002,1,9.247306414637412,0.13057361548688612,0.15094551515182864,0.05267242835466682
448,22.400000000000002,2,10.465134410193905,0.06713919271799826,0.19895548377533134,0.0672303313930461
448,22.400000000000002,3,10.10593617924448,1.2134376629914752,0.0830136766719524,0.06029294613457614
448,22.400000000000002,4,9.117421176833489,1.1731672065128216,0.11692474989542728,0.051932587352588364
448,22.400000000000002,5,10.0109396047881,2.039242068202752,0.12552990019501287,0.0725932551489721
449,22.450000000000003,0,10.318765886172013,-0.5707203994932585,0.12288207455765626,0.07999908913502898
449,22.450000000000003,1,9.254853690395004,0.13320723690461947,0.15069289135235628,0.05296482952762275
449,22.450000000000003,2,10.475082184382671,0.07050070928765056,0.1995006261324234,0.06706428060434205
449,22.450000000000003,3,10.110086863078077,1.2164523102982039,0.08290726216292446,0.06010522697059756
449,22.450000000000003,4,9.123267414328259,1.175763835880451,0.11672419414448532,0.05215152884829442
449,22.450000000000003,5,10.01721609979785,2.0428717309602007,0.1251251035548417,0.0725159142867639
450,22.5,0,10.324909989899895,-0.566720445036507,0.12168897977339153,0.08035929321494605
450,22.5,1,9.262388334962623,0.1358554783810006,0.15044566567624257,0.05326339429764821
450,22.5,2,10.485057215689293,0.07385392331786766,0.20005923542719722,0.06687917233773126
450,22.5,3,10.114232226186223,1.2194575716467337,0.08281361430206835,0.05991791094031495
450,22.5,4,9.129103624035483,1.1783714123228657,0.11653156127389933,0.05237204999789966
450,22.5,5,10.023472354975592,2.046497526674539,0.12472350079039093,0.07243911277570331
451,22.55,0,10.330994438888565,-0.5627024803757597,0.12049258554851829,0.08072704666975647
451,22.55,1,9.269910618246435,0.13851864809588302,0.15020356427115902,0.05356810147743315
451,22.55,2,10.495060177460653,0.07719788193475423,0.20063067830610612,0.06667458566172586
451,22.55,3,10.118372906901326,1.2224534671937495,0.08273295664777469,0.05973078108722025
451,22.55,4,9.134930202099179,1.1809900148227606,0.116346755090599,0.05259431389658321
451,22.55,5,10.029708530015112,2.0501194823133244,0.12432491735441083,0.07236274337623809
452,22.6,0,10.337019068165992,-0.5586661280422718,0.11929310644643773,0.08110263999312538
452,22.6,1,9.277420796459992,0.14119705316975467,0.1499663175693078,0.05387892966887015
452,22.6,2,10.505091711375957,0.08053161121784053,0.20121429565656587,0.0664500992520086
452,22.6,3,10.122509554733716,1.2254400062481106,0.08266552552918568,0.05954362801194067
452,22.6,4,9.14074753985371,1.1836197305175897,0.11616968655024724,0.05281848752613009
452,22.6,5,10.035924775882833,2.053737619482136,0.1239291874408703,0.07228670314694843
453,22.650000000000002,0,10.342983723488313,-0.5546109960426155,0.11809080160435544,0.08148636181999461
453,22.650000000000002,1,9.284919112338457,0.14389099965319818,0.1497336600365541,0.05419585665533865
453,22.650000000000002,2,10.515152426158785,0.08385411618044096,0.20180940124812077,0.06620529361454164
453,22.650000000000002,3,10.126642831010175,1.2284171876487076,0.08261156928758326,0.05935625017941647
453,22.650000000000002,4,9.146556024181223,1.1862606548938963,0.11600027332529192,0.05304474159940717
453,22.650000000000002,5,10.042121235254877,2.0573519546394836,0.1235361538152531,0.07221089369305944
454,22.700000000000003,0,10.348888263568531,-0.5505366779516158,0.11688597588097706,0.08187849797082075
454,22.700000000000003,1,9.292405795340285,0.1466007924859651,0.1495053299343695,0.05451885877995399
454,22.700000000000003,2,10.525242896221192,0.08716438086116804,0.2024152804131524,0.06593975347499513
454,22.700000000000003,3,10.130773409474553,1.2313850001576783,0.08257134745354001,0.059168454234892205
454,22.700000000000003,4,9.152356037847488,1.1889128919738667,0.11583843935921598,0.05327325037851936
454,22.700000000000003,5,10.048298042945639,2.0609624993241367,0.12314566765358209,0.07213522142604102
455,22.75,0,10.35473256236258,-0.5464427530530748,0.11567898098233612,0.08227933040862974
455,22.75,1,9.299881061837004,0.1493267354249628,0.14928106909439542,0.05484791030974449
455,22.75,2,10.535363660241849,0.09046136853491779,0.20303118877410262,0.06565307033966089
455,22.75,3,10.13490197684723,1.2343434228694228,0.08254512985550463,0.05898005532702031
455,22.75,4,9.158147959815448,1.1915765544927928,0.11568411440617579,0.05350419146532407
455,22.75,5,10.054455326328318,2.0645692603954386,0.1227575883888451,0.07205959783426422
456,22.8,0,10.360516511411697,-0.5423287865326433,0.11447021655504978,0.08268913610648447
456,22.8,1,9.307345115291724,0.15206913094045002,0.1490606227055137,0.055182982785967935
456,22.8,2,10.545515219680555,0.09374402205190084,0.20365635102468657,0.06534484523233151
456,22.8,3,10.139029233340006,1.2372924256357738,0.08253319565576311,0.05879087743621653
456,22.8,4,9.163932165535757,1.194251764066059,0.1155372335553963,0.05373774556300778
456,22.8,5,10.060593205747761,2.068172240287152,0.12237178356350031,0.0719839397644795
457,22.85,0,10.36624002223945,-0.5381943297273191,0.11326013123554288,0.08310818582329992
457,22.85,1,9.314798146427,0.15482828007974841,0.14884373911317403,0.05552404436096104
457,22.85,2,10.555698037231789,0.09701126431351742,0.20428995977308154,0.06501469161068898
457,22.85,3,10.143155893122794,1.2402319695075845,0.08253583230995587,0.05860075370626284
457,22.85,4,9.169709027213527,1.1969386513442095,0.11539773673963426,0.053974096207503784
457,22.85,5,10.066711794925936,2.071771437275376,0.12198812868662373,0.0719081697137596
458,22.900000000000002,0,10.371903028801228,-0.5340389204361541,0.11204922364299265,0.08353674278646274
458,22.900000000000002,1,9.32224033338266,0.15760448229779647,0.14863016963086634,0.055871059122218264
458,22.900000000000002,2,10.565912535220443,0.10026199889405187,0.20493117445557033,0.0646622384647747
458,22.900000000000002,3,10.147282684738292,1.2431620071928977,0.08255333444673413,0.05840952677696309
458,22.900000000000002,4,9.175478914050508,1.1996373561545848,0.11526556822724866,0.05421342946759125
458,22.900000000000002,5,10.072811201360267,2.075366845761064,0.12160650709426787,0.07183221613131702
459,22.950000000000003,0,10.377505489983378,-0.5298620832968309,0.11083804330296143,0.0839750612800777
459,22.950000000000003,1,9.329671841864203,0.1603980352539074,0.14841966836335685,0.05622398640455908
459,22.950000000000003,2,10.576159093943222,0.1034951108172906,0.2055791203295419,0.0642871335987382
459,22.950000000000003,3,10.151410351460628,1.2460824835317459,0.0825860026643353,0.05821704911554853
459,22.950000000000003,4,9.181242192461871,1.2023480276279643,0.11514067609725141,0.05445593361262317
459,22.950000000000003,5,10.07889152671498,2.07895845656763,0.12122680981140659,0.07175601372955008
460,23.0,0,10.383047392148526,-0.5256633302328271,0.10962719148796098,0.08442338513838085
460,23.0,1,9.33709282528237,0.16320923457413533,0.1482119920415011,0.05658278009161848
460,23.0,2,10.586438049959698,0.10670946749722751,0.206232887555316,0.06388904709588088
460,23.0,3,10.155539651593845,1.2489933359875234,0.08263414224154102,0.05802318334435964
460,23.0,4,9.186999226266733,1.2050708243085955,0.11502301169713991,0.05470179874693106
460,23.0,5,10.08495286720555,2.0825462572541076,0.12084893541394658,0.07167950380332316
461,23.05,0,10.388528751722925,-0.521442160975908,0.10841732196038359,0.08488194614439136
461,23.05,1,9.344503424884445,0.16603837357871626,0.1480068998682341,0.05694738790810348
461,23.05,2,10.596749694337463,0.10990391985202155,0.20689153037658345,0.06346767496524486
461,23.05,3,10.159671358705921,1.2518944951547413,0.08269806176075668,0.0578278025622055
461,23.05,4,9.19275037685159,1.207805914245942,0.11491252908311297,0.05495121641011542
461,23.05,5,10.090995313976247,2.086130232444274,0.1204727898890416,0.07160263455644432
462,23.1,0,10.393949617820944,-0.5171980636686885,0.1072091416025897,0.0853509623346593
462,23.1,1,9.351903769877858,0.16888574297412143,0.14780415337537403,0.057317750704614395
462,23.1,2,10.607094270856292,0.1130773036002838,0.20755406640974208,0.06302274296634768
462,23.1,3,10.16380626179396,1.2547858852828515,0.0827780716416379,0.05763079065669701
462,23.1,4,9.198496003305745,1.210553475066448,0.11480918444265757,0.05520437914256745
462,23.1,5,10.0970189534707,2.089710364172096,0.12009828649201232,0.07152536143399181
463,23.150000000000002,0,10.399310074901074,-0.5129305155519556,0.10600341091822961,0.08583063621178667
463,23.150000000000002,1,9.359293977546626,0.17175163050935216,0.14760351629085966,0.057693801737158344
463,23.150000000000002,2,10.617471974176778,0.11622844074860118,0.2082194760528069,0.0625540106067057
463,23.150000000000002,3,10.167945165376041,1.2576674248156863,0.08287448258436837,0.05743204260472674
463,23.150000000000002,4,9.204236462527879,1.2133136940235763,0.1147129354995258,0.05546148001577452
463,23.150000000000002,5,10.1030238677953,2.093286632243796,0.11972534559807903,0.07144764745896014
464,23.200000000000003,0,10.404610245446985,-0.5086389837413662,0.10480094438825208,0.08632115286719386
464,23.200000000000003,1,9.366674153361169,0.17463632059621007,0.14740475441588868,0.058075465943778305
464,23.200000000000003,2,10.627882947979419,0.11935614127893647,0.20888670202486764,0.06206127530451436
464,23.200000000000003,3,10.17208888950526,1.2605390269459227,0.08298760392222115,0.057231464758212065
464,23.200000000000003,4,9.209972109302855,1.216086768024365,0.11462374090131287,0.05572271212715398
464,23.200000000000003,5,10.109010135075204,2.096859014616744,0.11935389454703046,0.07136946357151097
465,23.25,0,10.409850292666398,-0.5043229260980064,0.10360261066452382,0.08682267801769092
465,23.25,1,9.374044391081963,0.17754009389339898,0.147207635511503,0.05846265922112953
465,23.25,2,10.638327283080663,0.12245920504416219,0.2095546490474663,0.06154437670664943
465,23.25,3,10.17623826970137,1.2634006001838334,0.08311774188402893,0.057028975112144914
465,23.25,4,9.215703296347922,1.2188729036307226,0.11454155959005921,0.05598826805940678
465,23.25,5,10.114977829802555,2.1004274877953195,0.11898386747899097,0.07129078896882167
466,23.3,0,10.415030423199624,-0.4999817921971219,0.10240933258346023,0.08733535596038695
466,23.3,1,9.381404772857538,0.18046322685445546,0.14701192919404923,0.058855287704170964
466,23.3,2,10.648805015533037,0.12553642387949465,0.21022218367949894,0.06100320114947894
466,23.3,3,10.180394156795572,1.2662520489394407,0.08326519776787343,0.05682450355195911
466,23.3,4,9.221430374327424,1.221672317033693,0.11446635015653696,0.056258339304625635
466,23.3,5,10.120927023176504,2.1039920272437604,0.11861520515937156,0.07121161144333484
467,23.35,0,10.420150889828797,-0.49561502439910254,0.1012220869817363,0.08785930745163772
467,23.35,1,9.38875536931724,0.183405991239664,0.14681740683894515,0.05925324705252178
467,23.35,2,10.659316124717012,0.1285865839369686,0.21088813431752418,0.060437686247246596
467,23.35,3,10.184557416683965,1.2690932741170386,0.08343026602829286,0.05661799207722945
467,23.35,4,9.227153691835252,1.2244852339989243,0.11439807017905494,0.0565331156536902
467,23.35,5,10.126857783434472,2.107552607815927,0.11824785479111552,0.07113192771696811
468,23.400000000000002,0,10.425211994177884,-0.49122205902652066,0.10004190429578601,0.08839462751696679
468,23.400000000000002,1,9.396096239659187,0.1863686535922901,0.14662384149212115,0.059656421747426296
468,23.400000000000002,2,10.669860531432889,0.13160846824933092,0.2115512913735019,0.0598478255898628
468,23.400000000000002,3,10.18872892998538,1.2719241737209002,0.08361323228022469,0.05640939499874123
468,23.400000000000002,4,9.232873595344204,1.2273118897816089,0.11433667554795529,0.05681278455176948
468,23.400000000000002,5,10.132770176174027,2.1111092042017754,0.11788176981234647,0.07105174376859326
469,23.450000000000003,0,10.430214089392674,-0.48680232765067233,0.09886986792673114,0.0889413832001943
469,23.450000000000003,1,9.403427431733792,0.1893514746796614,0.1464310077885407,0.06006468440366142
469,23.450000000000003,2,10.680438096001565,0.13460085952882406,0.2122104076422049,0.059233673528807596
469,23.450000000000003,3,10.192909591599392,1.2747446434708372,0.08381437122403627,0.05619867910602593
469,23.450000000000003,4,9.2385904291216,1.2301525290091972,0.11428211977716352,0.057097530421094236
469,23.450000000000003,5,10.138664264664644,2.1146617913902053,0.11751690967761502,0.07097107515185941
470,23.5,0,10.43515758278901,-0.48235525849066263,0.09770711335226016,0.08949961126136827
470,23.5,1,9.41074898212322,0.19235470889984446,0.1462386818770981,0.06047789510108378
470,23.5,2,10.691048616383675,0.13756254320526443,0.2128641988705134,0.058595350026526286
470,23.5,3,10.197100310160593,1.2775545774261385,0.08403394449692758,0.055985823802561
470,23.5,4,9.244304535110459,1.233007405530252,0.11423435330450142,0.05738753395249203
470,23.5,5,10.144540110148524,2.1182103451477983,0.11715323962093578,0.07088994730022534
471,23.55,0,10.440042938456623,-0.47788027792759424,0.09655482696719571,0.09006931583462394
471,23.55,1,9.418060916217074,0.19537860365489865,0.14604664135132803,0.06089590074095104
471,23.55,2,10.7016918263272,0.14049231070659074,0.21351134454091006,0.05793304554136918
471,23.55,3,10.20130200738544,1.2803538686162665,0.08427219845728726,0.05577082120595326
471,23.55,4,9.250016252775684,1.2358767822278767,0.1141933227828121,0.05768297136755384
471,23.55,5,10.15039777212957,2.1217548425128094,0.1167907303989788,0.07080839581577708
472,23.6,0,10.444870679804982,-0.473376812135863,0.09541424463473541,0.09065046605852711
472,23.6,1,9.42536324828464,0.1984233986919462,0.14585466518521636,0.061318534432465106
472,23.6,2,10.712367393554246,0.1433889629836592,0.21415048888135937,0.05724702591649148
472,23.6,3,10.205515617308304,1.2831424096765642,0.08452936190962879,0.05555367621061391
472,23.6,4,9.255725918914823,1.2387609307962544,0.11415897036414507,0.05798401365367615
472,23.6,5,10.15623730864952,2.1252952623035983,0.11642935801286082,0.07072646673827954
473,23.650000000000002,0,10.44964139203672,-0.46884428883293666,0.09428664993088468,0.09124299369313661
473,23.650000000000002,1,9.4326559815439,0.20148932541356945,0.14566253367357676,0.06174561491541037
473,23.650000000000002,2,10.723074917998314,0.14625131427948376,0.21478024211361463,0.05653763723759461
473,23.650000000000002,3,10.209742085403786,1.285920093487095,0.08480564377898342,0.05533440651061543
473,23.650000000000002,4,9.26143386743303,1.2416601314789382,0.11413123297975353,0.05829082577461302
473,23.650000000000002,5,10.162058776550163,2.1288315856405124,0.11606910340714777,0.07064421679061576
474,23.700000000000003,0,10.454355724533263,-0.4642821391482798,0.09317337206532307,0.09184679073962775
474,23.700000000000003,1,9.43993910822758,0.20457660615933998,0.1454700283764632,0.06217694602507434
474,23.700000000000003,2,10.733813930103995,0.1490781961413635,0.21539918195178356,0.05580531062077221
474,23.700000000000003,3,10.213982367592735,1.2886868138126257,0.0851012307449096,0.05511304258069275
474,23.700000000000003,4,9.267140429082017,1.2445746727676688,0.11411004161894736,0.05860356585957828
474,23.700000000000003,5,10.16786223172052,2.132363796480043,0.1157099521449605,0.07056171359661666
475,23.75,0,10.45901439313653,-0.4596897996112984,0.0920757834628366,0.09246170707994784
475,23.75,1,9.447212609646403,0.2076854534605937,0.14527693206710937,0.06261231620594075
475,23.75,2,10.744583889201584,0.15186846167240212,0.21600585536256112,0.05505056688797271
475,23.75,3,10.21823742912998,1.2914424659416603,0.0854162848463336,0.05488962761360684
475,23.75,4,9.272845931162966,1.2475048510606477,0.11409532061011463,0.0589223843743387
475,23.75,5,10.173647729327767,2.135891882159874,0.11535189405816627,0.07047903586714915
476,23.8,0,10.463618182309672,-0.455066714257301,0.09099529699070721,0.09308754815573196
476,23.8,1,9.45447645624976,0.21081606927089072,0.14508302868303563,0.0630514980809504
476,23.8,2,10.755384181969712,0.15462099001680074,0.21659878059811158,0.05427402108413303
476,23.8,3,10.222508243372296,1.2941869473223406,0.08575094106980219,0.05466421741243395
476,23.8,4,9.278550697193472,1.2504509702793647,0.1140869869077535,0.0592474232781427
476,23.8,5,10.179415324030675,2.1394158339532314,0.11499492287207642,0.07039627355014358
477,23.85,0,10.468167947159207,-0.45041233684951437,0.08993336281888606,0.09372407270738961
477,23.85,1,9.461730607683911,0.21396864417493824,0.14488810328015436,0.06349424808338429
477,23.85,2,10.766214120999617,0.1573346910710074,0.21717644951195886,0.053476386786565334
477,23.85,3,10.226795790425786,1.2969201581929624,0.0861053049348607,0.054436880236655945
477,23.85,4,9.28425504653886,1.2534133414432718,0.11408494938962824,0.05957881517074286
477,23.85,5,10.185165070174278,2.1429356476307384,0.11463903580431607,0.07031352794013304
478,23.900000000000002,0,10.472664615300152,-0.4457261332141449,0.0888914649015355,0.0943709905959146
478,23.900000000000002,1,9.468975012847919,0.21714335657910747,0.1446919419896907,0.06394030615855816
478,23.900000000000002,2,10.777072943475215,0.16000851041033565,0.2177373301674636,0.05265848015388332
478,23.900000000000002,3,10.231101055672529,1.2996420022047952,0.08647945009138565,0.054207696601341095
478,23.900000000000002,4,9.28995929400834,1.256392282201809,0.11408910816853952,0.05991668243414356
478,23.900000000000002,5,10.190897021964494,2.146451324027745,0.11428423313789852,0.07023091174284803
479,23.950000000000003,0,10.47710918854523,-0.44100758368434917,0.08787111707059535,0.09502796073161933
479,23.950000000000003,1,9.476209609947404,0.22034037188703537,0.14449433197807773,0.06438939554270388
479,23.950000000000003,2,10.787959809983588,0.1626414344180298,0.2182798697475384,0.05182122365877702
479,23.950000000000003,3,10.235425028177097,1.3023523870348623,0.08687341594479943,0.05397675902907404
479,23.950000000000003,4,9.295663749416768,1.259388116323516,0.11409935392358879,0.06026113637409337
479,23.950000000000003,5,10.19661123362139,2.1499628696148876,0.11393051776895458,0.07014854909035016
480,24.0,0,10.48150274439876,-0.4362561856477682,0.08687385873441847,0.09569458913558673
480,24.0,1,9.483434326546307,0.22355984166417056,0.14429506141011794,0.06484122262645625
480,24.0,2,10.798873803470965,0.16523249560096867,0.21880249777312372,0.05096564944634243
480,24.0,3,10.239768698974338,1.305051224986316,0.08728720532613687,0.053744171754729765
480,24.0,4,9.301368717112947,1.2624011731422207,0.11411556725614998,0.060612276366690074
480,24.0,5,10.202307759509837,2.153470297069405,0.11357789473003908,0.07006657550218531
481,24.05,0,10.485846437335482,-0.43147145619098887,0.08590125017725615,0.09637042716101107
481,24.05,1,9.490649079616814,0.22680190279549337,0.1440939194159326,0.06529547691034773
481,24.05,2,10.80981392835962,0.16778077807328579,0.21930362963661193,0.05009290225738398
481,24.05,3,10.244133059240644,1.3077384335740525,0.0877207822247908,0.053510050383619605
481,24.05,4,9.307074495475755,1.2654317869605551,0.11413761807606695,0.06097018901579121
481,24.05,5,10.207986654246339,2.1569736258445142,0.11322637069035874,0.06998513778815882
482,24.1,0,10.490141499844345,-0.4266529348329383,0.08495486745844648,0.09705496990294805
482,24.1,1,9.497853775587611,0.23006667664101074,0.14389069606253835,0.06575183105961835
482,24.1,2,10.820779109841451,0.17028542318615497,0.21978167045483463,0.04920424185447696
482,24.1,3,10.248519098351883,1.3104139360932334,0.08817406960258638,0.05327452150396552
482,24.1,4,9.312781376379558,1.2684802964113446,0.11416536502393831,0.0613349473272187
482,24.1,5,10.213647972780857,2.1604728827339224,0.11287595343483388,0.06990439388842216
483,24.150000000000002,0,10.494389243217267,-0.4218001863377909,0.08403629691359774,0.09774765482610384
483,24.150000000000002,1,9.505048310390737,0.23335426819399166,0.14368518233110425,0.06620994106545508
483,24.150000000000002,2,10.831768193364192,0.17274563527887882,0.2202350192443687,0.048301044887467025
483,24.150000000000002,3,10.252927801832012,1.3130776621684317,0.08864694730848753,0.05303772225511723
483,24.150000000000002,4,9.318489644630755,1.2715470437777057,0.11419865493554082,0.06170660990598268
483,24.150000000000002,5,10.219291770452598,2.1639681024283433,0.11252665132441657,0.06982451264676612
484,24.200000000000003,0,10.498591058062946,-0.41691280359648575,0.08314712926387499,0.09844786064118904
484,24.200000000000003,1,9.512232569507292,0.2366647652472644,0.1434771701013376,0.06666944651947708
484,24.200000000000003,2,10.842779944326411,0.17516068752325217,0.22066207341986657,0.047384806134760746
484,24.200000000000003,3,10.257360149197437,1.3157295482811875,0.0891392501137587,0.05279979985334537
484,24.200000000000003,4,9.324199577377533,1.2746323742730048,0.114237322354766,0.06208522018297343
484,24.200000000000003,5,10.224918103018819,2.1674593280606818,0.11217847274065837,0.06974567351327131
485,24.25,0,10.50274841452614,-0.4119904105644263,0.08228895334363975,0.09915490646091393
485,24.25,1,9.519406428012358,0.23999823757323827,0.14326645214469425,0.06712997100784124
485,24.25,2,10.853813047997404,0.17752992782999022,0.22106123361365285,0.04645713905715577
485,24.25,3,10.261817111703126,1.3183695382738547,0.08965076588771399,0.0525609110774736
485,24.25,4,9.329911443495272,1.2777366352821535,0.11428118910147346,0.062470805677700976
485,24.25,5,10.230527026655851,2.1709466117363454,0.11183142551808169,0.06966806617282857
486,24.3,0,10.506862862193323,-0.4070326652413806,0.081463349461233,0.09986805126709707
486,24.3,1,9.526569750619593,0.24335473612363032,0.14305282212851866,0.06759112263086503
486,24.3,2,10.864866109678086,0.179852784782848,0.22143090881216085,0.045519775602423554
486,24.3,3,10.266299649997512,1.3209975838277284,0.0901812339343575,0.05232122171701235
486,24.3,4,9.335625502950345,1.2808601755660385,0.11433006390092419,0.06286337730376601
486,24.3,5,10.236118597931755,2.1744300150449867,0.11148551636849684,0.06959189009638873
487,24.35,0,10.510936029666384,-0.40203926267802576,0.08067188241246971,0.10058649372012694
487,24.35,1,9.53372239172602,0.24673429225517357,0.14283607463348627,0.06805249465331872
487,24.35,2,10.875937655118694,0.18212877356296917,0.22176952180167803,0.04457456520109672
487,24.35,3,10.27080871169423,1.323613644913579,0.09073034351013849,0.05208090598582391
487,24.35,4,9.341342006145391,1.2840033444312269,0.11438374208131998,0.06326292872375994
487,24.35,5,10.24169287375018,2.1779096095498063,0.11114075030196109,0.06951735401237605
488,24.400000000000002,0,10.514969623787007,-0.3970099379920194,0.07991609417165046,0.10130937234157374
488,24.400000000000002,1,9.540864195457694,0.2501369169878395,0.14261600518713055,0.06851366628980485
488,24.400000000000002,2,10.887026131208778,0.184357501823024,0.22207551491257557,0.043623472897472315
488,24.400000000000002,3,10.275345228869737,1.3262176902128702,0.09129773254279777,0.0518401459046942
488,24.400000000000002,4,9.347061193249457,1.287166490867415,0.11444200534608578,0.06366943576026005
488,24.400000000000002,5,10.247249911265278,2.181385477250425,0.11079713004964695,0.0694446752961996
489,24.450000000000003,0,10.518965428495589,-0.3919444693749407,0.07919749629020754,0.10203576609971497
489,24.450000000000003,1,9.54799499571705,0.25356260030232974,0.14239241031650238,0.06897420362868598
489,24.450000000000003,2,10.898129906954406,0.1865386754678976,0.2223473560473923,0.042668576564369246
489,24.450000000000003,3,10.279910115496877,1.328809697508105,0.09188298657074073,0.05159913065646986
489,24.450000000000003,4,9.352783293516762,1.290349962655428,0.11450462162728098,0.06408285586946155
489,24.450000000000003,5,10.25278976776776,2.184857711015235,0.11045465549436828,0.06937407927648563
490,24.5,0,10.5229253033101,-0.38684268106995495,0.07851756203878964,0.10276469542613634
490,24.5,1,9.555114616232874,0.257011310483764,0.14216508762336866,0.06943366069693344
490,24.5,2,10.909247274756776,0.18867210429611606,0.2225835449741768,0.04171206315602134
490,24.5,3,10.284504264825413,1.3313896540409285,0.09248563792164004,0.05135805591768037
490,24.5,4,9.358508524598125,1.293554105448901,0.11457134502634184,0.06450312768380198
490,24.5,5,10.258312500542479,2.1883264149790596,0.1101133231150382,0.06930579845739264
491,24.55,0,10.52685118141204,-0.38170444629864814,0.07787771833431852,0.10349512368948238
491,24.55,1,9.562222870614043,0.2604829935186107,0.14193383588554606,0.06989158066707353
491,24.55,2,10.920376452005485,0.19075770745391712,0.222782619862115,0.04075622396053517
491,24.55,3,10.289128546721495,1.3339575568368125,0.09310516514795136,0.051117123170757554
491,24.55,4,9.364237091849443,1.2967792618330911,0.11464191584800115,0.06493017062964902
491,24.55,5,10.26381816669823,2.191791704901929,0.10977312545167513,0.06924007165717884
492,24.6,0,10.530745067328755,-0.37652969011417403,0.07727933749940942,0.10422595914962504
492,24.6,1,9.569319562408321,0.26397757255196436,0.14169845518827273,0.07034749720604502
492,24.6,2,10.93151558299859,0.1927955186519439,0.22294316403185144,0.03980344882168459
492,24.6,3,10.293783804978892,1.3365134129953504,0.09374099273579531,0.050876539001100826
492,24.6,4,9.369969187641843,1.3000257703645737,0.11471606073280655,0.06536388462577793
492,24.6,5,10.269306822970815,2.195253708484788,0.10943405059802289,0.06917714306407613
493,24.650000000000002,0,10.534609034203726,-0.37131839215669277,0.07672372890735246,0.10495605741212251
493,24.650000000000002,1,9.576404485167735,0.2674949474122666,0.14145874708956185,0.07080093596432184
493,24.650000000000002,2,10.942662741200184,0.19478569109302812,0.223063812888091,0.038856219309414186
493,24.650000000000002,3,10.298470854615681,1.3390572399454055,0.09439249110210564,0.050636514383333435
493,24.650000000000002,4,9.375704990678482,1.3032939645958626,0.1147934928930123,0.06580414986793089
493,24.650000000000002,5,10.274778525500716,2.1987125656379916,0.10909608172897045,0.06911726121151492
494,24.700000000000003,0,10.538445220649093,-0.36607058928608666,0.07621213057157872,0.10568422439873418
494,24.700000000000003,1,9.583477422522213,0.27103499421048266,0.14121451482371175,0.07125141620205841
494,24.700000000000003,2,10.95381593184459,0.19672850205849884,0.22314326099702939,0.03791710082922543
494,24.700000000000003,3,10.303190479170787,1.3415890656645721,0.09505897689322199,0.0503972639611055
494,24.700000000000003,4,9.381444665323134,1.306584172089259,0.11487391245605567,0.06625082670423121
494,24.700000000000003,5,10.280233329587166,2.202168428698567,0.10875919667025262,0.06906067787572964
495,24.75,0,10.542255827177671,-0.36078637806614994,0.07574570074394198,0.10640921984497446
495,24.75,1,9.590538148263398,0.2745975650205856,0.14096556354697934,0.07169845254730499
495,24.75,2,10.964973094894441,0.19862435709996012,0.22318026926604526,0.03698873367261554
495,24.75,3,10.307943428015449,1.3441089288626273,0.09573971359604258,0.05015900532477579
495,24.75,4,9.387188360945936,1.3098967134244706,0.11495700691890257,0.06670375560562582
495,24.75,5,10.285671289420678,2.2056214625923536,0.10842336751785221,0.06900764689987791
496,24.8,0,10.546043112214868,-0.35546591707390124,0.0753255095912813,0.10712976133024137
496,24.8,1,9.597586426440747,0.27818248764795084,0.14071170062947475,0.07214155687959126
496,24.8,2,10.976132108357744,0.2004737937835909,0.22317367217797937,0.03607382302376175
496,24.8,3,10.31273041369525,1.3466168791288662,0.09643391247064052,0.04992195829119918
496,24.8,4,9.39293621129188,1.3132319012047518,0.11504245171567379,0.06716275723488249
496,24.8,5,10.291092457796571,2.2090718449373474,0.10808856031450158,0.06895842294990359
497,24.85,0,10.549809387694431,-0.3501094290073892,0.07495253102427554,0.10784452883993022
497,24.85,1,9.604622011472221,0.2817895654919304,0.14045273599698163,0.07258024033028698
497,24.85,2,10.987290791966643,0.20227748493477898,0.22312238502727258,0.035175127951575444
497,24.85,3,10.317552109318783,1.3491129770434263,0.09714073381072284,0.049686344189712225
497,24.85,4,9.398688333877665,1.316590039066496,0.11512991089989658,0.06762763261691068
497,24.85,5,10.296496885812296,2.2125197660848426,0.10775473479043364,0.06891326020852118
498,24.900000000000002,0,10.553557014245644,-0.3447172025653927,0.07462763475654956,0.1085521698522915
498,24.900000000000002,1,9.61164464827207,0.28541857750844474,0.1401884825262213,0.07301401538932402
498,24.900000000000002,2,10.998446911218007,0.20403624133235776,0.22302541110043264,0.03429544943097987
498,24.900000000000002,3,10.322409146009319,1.351597294252912,0.09785928853569334,0.049452385158190615
498,24.900000000000002,4,9.40444482942266,1.3199714206973414,0.11521903794163472,0.06809816341238585
498,24.900000000000002,5,10.301884622551817,2.215965429095269,0.10742184417520814,0.06887241101481498
499,24.950000000000003,0,10.557288395983472,-0.3392895940727781,0.07435157867510693,0.10925130493550626
499,24.950000000000003,1,9.618654072398382,0.28906927827791096,0.1399187564964843,0.07344239810591906
499,24.950000000000003,2,11.009598181773029,0.20575101380390676,0.2228818487387976,0.033437617452390836
499,24.950000000000003,3,10.327302110436104,1.3540699135108214,0.09858864011513346,0.04922030345281438
499,24.950000000000003,4,9.410205781319743,1.3233763288679607,0.11530947663835878,0.06857411229580293
499,24.950000000000003,5,10.307255714760577,2.2194090496460097,0.10708983508688194,0.06883612445812029
500,25.0,0,10.561005974917228,-0.3338270288260028,0.07412500160536073,0.109940533832838
500,25.0,1,9.625650010223206,0.29274139818320694,0.13964337810010197,0.07386491036911556
500,25.0,2,11.020742274209969,0.2074228946765263,0.22269089821755575,0.03260447729396292
500,25.0,3,10.33223154244186,1.3565309286834621,0.09932780682359212,0.048990320774888886
500,25.0,4,9.41597125515166,1.326805034482751,0.11540086213726196,0.0690552234381826
500,25.0,5,10.312610206514922,2.2228508558689155,0.10675864750421192,0.06880464493588465
501,25.05,0,10.564712224997496,-0.32833000213436087,0.07394841655513154,0.11061844200570238
501,25.05,1,9.63263217912821,0.2964346437016627,0.1393621720134013,0.07428108225212442
501,25.05,2,11.031876819120846,0.20905311854122444,0.22245186837157147,0.03179887504654187
501,25.05,3,10.33719793278304,1.3589804447222067,0.1000757643203346,0.04876265761773815
501,25.05,4,9.421741298258524,1.33025779565466,0.1154928220651571,0.06954122309372479
501,25.05,5,10.317948138890133,2.2262910881157096,0.10642821482668281,0.06877821068630456
502,25.1,0,10.568409645825254,-0.32279908003407576,0.07382220452187427,0.11128360759635986
502,25.1,1,9.63960028772888,0.30014869781426895,0.13907496802904074,0.07469045440275984
502,25.1,2,11.042999412539425,0.21064306229355154,0.22216418289592924,0.03102364249650539
502,25.1,3,10.342201720999057,1.3614185776030936,0.10083144854558075,0.048537532636339975
502,25.1,4,9.427515939361783,1.3337348568093461,0.11558497776077137,0.07003182028873166
502,25.1,5,10.323269549631467,2.2297299986500247,0.10609846402629373,0.06875705230745381
503,25.150000000000002,0,10.572100756051347,-0.3172348996542578,0.07374660894596997,0.11193460876372176
503,25.150000000000002,1,9.646554036130333,0.3038832205344069,0.13878160174958812,0.07509258046068068
503,25.150000000000002,2,11.05410762168422,0.2121942444183768,0.22182738624735027,0.03028158148614371
503,25.150000000000002,3,10.347243293426336,1.3638454542349105,0.10159375892139642,0.04831516204201222
503,25.150000000000002,4,9.43329518824982,1.3372364478237826,0.1156769456026487,0.07052670761017692
503,25.150000000000002,5,10.328574472832782,2.2331678512653976,0.10576931589388137,0.0687413912754905
504,25.200000000000003,0,10.575788086498646,-0.3116381692160717,0.07372173089007265,0.11257003133776604
504,25.200000000000003,1,9.653493116217811,0.30763784955744095,0.13848191534119686,0.07548702948077304
504,25.200000000000003,2,11.065198990996588,0.21370832349268398,0.22144114907188286,0.029575447884821766
504,25.200000000000003,3,10.352322981372406,1.3662612123370113,0.10236156184223574,0.048095759024071885
504,25.200000000000003,4,9.439079035529954,1.3407627832042914,0.11576833842455658,0.07102556209030343
504,25.200000000000003,5,10.333862938627476,2.2366049208291723,0.1054406853816198,0.06873143847523477
505,25.25,0,10.579474173043149,-0.30600966764918336,0.07374752502018622,0.11318847673030895
505,25.25,1,9.660417211984871,0.3114122010314796,0.1381757583449752,0.075873388340812
505,25.25,2,11.076271048450183,0.21518709588692508,0.2210052730847251,0.028907935316282423
505,25.25,3,10.357441059464518,1.368666000288215,0.10313369443675503,0.04787953320002743
505,25.25,4,9.44486745245118,1.3443140613088067,0.11585876700866604,0.07152804618270814
505,25.25,5,10.339134972896558,2.240041492752934,0.10511248204193356,0.06872739275701484
506,25.3,0,10.583161549294159,-0.3003502438126679,0.07382379645833813,0.11378857003279524
506,25.3,1,9.66732599990212,0.3152058704485202,0.1378629885425218,0.07625126411064093
506,25.3,2,11.08732131210442,0.2166324926527392,0.22051969532963506,0.028281658798090414
506,25.3,3,10.362597744186356,1.3710599769482164,0.1039089685795856,0.04766669009547501
506,25.3,4,9.450660390801614,1.347890463617942,0.11594784164553286,0.0720338088244312
506,25.3,5,10.344390596998654,2.243477862390785,0.10478461056178837,0.06872943953406055
507,25.35,0,10.586852739117075,-0.2946608153110281,0.07395019856940761,0.1143689682253094
507,25.35,1,9.674219149329247,0.31901843365405225,0.13754347287066868,0.07662028635947316
507,25.35,2,11.098347296870902,0.21804657559264373,0.21998449174839135,0.02769913845763792
507,25.35,3,10.367793192615336,1.37344331145299,0.10468617512855859,0.04745743065454136
507,25.35,4,9.456457782883891,1.3514921540591636,0.11603517374856845,0.07254248657771102
507,25.35,5,10.349629827526742,2.2469143343674878,0.1044569713897276,0.0687377494349349
508,25.400000000000002,0,10.590550249045545,-0.28894236689976266,0.07412623173588563,0.11492836841553247
508,25.400000000000002,1,9.68109632297278,0.3228494479720259,0.1372170883792077,0.07698010937758323
508,25.400000000000002,2,11.10934652145832,0.21943153251552563,0.219399879995055,0.027162783495372364
508,25.400000000000002,3,10.373027501371764,1.3758161829857172,0.10546408836017315,0.047251950781365085
508,25.400000000000002,4,9.46225954157132,1.355119278388049,0.11612037750942687,0.07305370484423375
508,25.400000000000002,5,10.354852676096229,2.2503512218392343,0.10412946145160441,0.06875247702553688
509,25.450000000000003,0,10.59425656063234,-0.28319594847898605,0.07435124316431875,0.11546551602211479
509,25.450000000000003,1,9.68795717739174,0.3266984534409051,0.1368837232240915,0.07733041428876808
509,25.450000000000003,2,11.120316515458073,0.22078967169029426,0.218766221435507,0.02667487656964372
509,25.450000000000003,3,10.378300705789773,1.3781787805247854,0.10624147057358363,0.04705044091283615
509,25.450000000000003,4,9.468065560446792,1.3587719636302606,0.1162030715799263,0.07356707914398261
509,25.450000000000003,5,10.360059149168809,2.253788845690511,0.10380197494949797,0.0687737596149101
510,25.5,0,10.597974122790555,-0.2774226726778803,0.0746244277557445,0.11597921281372268
510,25.5,1,9.694801363552944,0.33056497415534347,0.1365432776871615,0.07767091103025656
510,25.5,2,11.13125482652985,0.22212341551877646,0.21808402227976748,0.02623755877824605
510,25.5,3,10.383612779318453,1.380531302570427,0.10701707683092279,0.04685308562251932
510,25.5,4,9.47387571402579,1.3624503175874598,0.11628288076497605,0.07408221645012192
510,25.5,5,10.365249247916283,2.2572275336712564,0.10347440423666261,0.06880171615877181
511,25.55,0,10.601705344178342,-0.27162371203719415,0.07494483006013726,0.11646832471359095
511,25.55,1,9.701628527437302,0.3344485197068563,0.1361956652123944,0.07800134017762342
511,25.55,2,11.142159027643837,0.22343529345768876,0.2173539338029183,0.025852815409878507
511,25.55,3,10.38896363316,1.3828739568515531,0.10778965980003521,0.046660063255492844
511,25.55,4,9.479689858064038,1.3661544284099658,0.11635943771065979,0.07459871657078812
511,25.55,5,10.370422968128116,2.260667619479195,0.10314664076014557,0.06883644627387171
512,25.6,0,10.605452585681348,-0.2658002958015146,0.07531134732163067,0.11693178927920576
512,25.6,1,9.708438310697922,0.3383485867157375,0.13584081344740098,0.07832147459338078
512,25.6,2,11.153026724333984,0.22472793422818269,0.21657675161999498,0.02552246263344755
512,25.6,3,10.39435311615,1.3852069600143277,0.10855797466395582,0.04647154559364106
512,25.6,4,9.48550782994957,1.3698843642385052,0.11643238457097206,0.07511617356821185
512,25.6,5,10.375580300166122,2.2641094417928884,0.10281857606121107,0.06887802937547728
513,25.650000000000002,0,10.60921815304743,-0.2599537063375543,0.07572273360746305,0.11736862276839705
513,25.650000000000002,1,9.715230351370291,0.3422646604454065,0.1354786652779763,0.07863112087945984
513,25.650000000000002,2,11.163855561914984,0.22600405735985507,0.2157534139908047,0.025248135285143577
513,25.650000000000002,3,10.399781014883198,1.3875305372940099,0.1093207840603594,0.0462876975508012
513,25.650000000000002,4,9.491329449178119,1.3736401729169159,0.11650137463666924,0.07563417720525717
513,25.650000000000002,5,10.380721228969183,2.267553343261662,0.10249010282258025,0.0689265239491161
514,25.700000000000003,0,10.613004289727803,-0.2540852751991345,0.07617760499943813,0.11777792670632645
514,25.700000000000003,1,9.72200428463419,0.3461962164893795,0.1351091798426453,0.07893012061570222
514,25.700000000000003,2,11.174643232614525,0.22726646412411225,0.2148849991420076,0.025031275901983164
514,25.700000000000003,3,10.405247054086216,1.3898449221715499,0.11007686301341864,0.046108676897080265
514,25.700000000000003,4,9.497154517909953,1.3774218817771788,0.11656607390973991,0.07615231440921646
514,25.700000000000003,5,10.385845734110312,2.270999669459118,0.10216111595041288,0.06898196696635471
515,25.75,0,10.616813169977775,-0.24819637886381815,0.07667444581256616,0.11815889387275648
515,25.75,1,9.728759743626322,0.3501427225201646,0.13473233351356,0.07921835136873658
515,25.75,2,11.185387482571626,0.22851802791921141,0.2139727216060342,0.02487312513663445
515,25.75,3,10.410750897236886,1.392150356016404,0.11082500382026479,0.04593463401159913
515,25.75,4,9.50298282160544,1.3812294974976396,0.11662616260740404,0.0766701707426333
515,25.75,5,10.390953789907833,2.274448767807436,0.1018315136780928,0.06904437345288625
516,25.8,0,10.620646892268402,-0.24228843417018034,0.07721161579157655,0.11851081363545464
516,25.8,1,9.735496360302,0.3541036400886014,0.13434812082963388,0.07949572745811588
516,25.8,2,11.196086118651927,0.22976168417604315,0.21301792758891508,0.024774713671700983
516,25.8,3,10.4162921474279,1.394447087716984,0.11156402085434741,0.045765711662919345
516,25.8,4,9.50881412973581,1.3850630060347713,0.11668133658013359,0.07718733187091718
516,25.8,5,10.396045365591737,2.27790098648008,0.10150119867818264,0.06911373621545741
517,25.85,0,10.624507473057982,-0.2363628934884076,0.07778735822266654,0.11883307656357212
517,25.85,1,9.74221376634348,0.35807842646150717,0.1339565553676561,0.07976220046942262
517,25.85,2,11.206737015031372,0.2310004198596282,0.21202208939188977,0.0247368557326997
517,25.85,3,10.421870348470616,1.3967353733001298,0.11229275524861712,0.045602044816416595
517,25.85,4,9.514648196564817,1.388922372628317,0.11673130862905819,0.07770338501668053
517,25.85,5,10.401120425525647,2.281356673290853,0.10117007916842814,0.06919002573237132
518,25.900000000000002,0,10.628396840969115,-0.230421239660229,0.07839980888541763,0.11912517826416429
518,25.900000000000002,1,9.748911594111863,0.36206653648497833,0.1335576705372734,0.08001775950706363
518,25.900000000000002,2,11.217338119500967,0.23223726264626318,0.21098679892441785,0.02476014427816701
518,25.900000000000002,3,10.427484986233047,1.3990154755409505,0.11301007942265773,0.04544376046792934
518,25.900000000000002,4,9.52048476199627,1.392807541879151,0.1167758097093793,0.07821792039097196
518,25.900000000000002,5,10.406178929484069,2.2848161745774718,0.10083806999758639,0.06927319021027493
519,25.950000000000003,0,10.632316831413386,-0.2244649807470208,0.07904700575838729,0.11938672239550145
519,25.950000000000003,1,9.755589477638727,0.3660674244603315,0.13315152028600696,0.08026243118263887
519,25.950000000000003,2,11.227887459447189,0.23347526986017153,0.2099137603585061,0.024844947922787543
519,25.950000000000003,3,10.43313549020418,1.401287663564347,0.11371490141932367,0.045290977503083626
519,25.950000000000003,4,9.52632355248174,1.3967184378986996,0.11681459000762534,0.0787305325919775
519,25.950000000000003,5,10.411220832983949,2.2882798340879855,0.10050509369673098,0.06936315580796772
520,26.0,0,10.636269181701305,-0.21849564462724572,0.07972689938199087,0.11961742282219788
520,26.0,1,9.762247053653027,0.3700805460194635,0.13273817970115964,0.08049627933802149
520,26.0,2,11.238383147465115,0.2347175172563109,0.20880478198610397,0.024991409625918164
520,26.0,3,10.438821235275146,1.4035522124395012,0.11440616901846619,0.045143806581761266
520,26.0,4,9.532164281982121,1.4006549645282986,0.11684741988224984,0.07924082196221155
520,26.0,5,10.416246087668785,2.291747991878384,0.10017108148206726,0.06945982702587092
521,26.05,0,10.640255526670405,-0.21251477348613582,0.08043736377394416,0.11981710488936348
521,26.05,1,9.768883962638085,0.37410535998636457,0.13231774549637199,0.0807194045056483
521,26.05,2,11.24882338656442,0.2359670877376068,0.20766176735217,0.025199447153801766
521,26.05,3,10.44454154372607,1.4058094027685892,0.11508287359779328,0.04500235004732833
521,26.05,4,9.538006652976234,1.4046170056264091,0.11687409065883579,0.07974839589582222
521,26.05,5,10.42125464174289,2.2952209832296773,0.09983597419581434,0.06956308725771165
522,26.1,0,10.644277394859103,-0.20652391824166763,0.08117620778591922,0.11998570580541382
522,26.1,1,9.775499849912904,0.378141330211647,0.1318903363717249,0.08093194311171861
522,26.1,2,11.259206474932029,0.2372270600952969,0.20648670574583747,0.025468755299422902
522,26.1,3,10.450295687405958,1.4080595202709556,0.11574405371350009,0.044866701860267956
522,26.1,4,9.543850357509175,1.4086044254212002,0.11689441527302198,0.08025287008826072
522,26.1,5,10.42624644045268,2.2986991375925627,0.09949972317240213,0.06967279949899322
523,26.150000000000002,0,10.648336205248398,-0.20052463295139694,0.08194118678546486,0.12012327413586069
523,26.150000000000002,1,9.78209436673149,0.3821879273672329,0.13145609323767657,0.08113406643122964
523,26.150000000000002,2,11.26953081021932,0.23850049786026806,0.20528166214061,0.025798809820248556
523,26.150000000000002,3,10.456082890091633,1.410302855363969,0.1163887983765279,0.04473694755602402
523,26.150000000000002,4,9.549695078272826,1.4126170689256132,0.11690822875625889,0.08075386972132001
523,26.150000000000002,5,10.4312214266113,2.3021827775675123,0.09916229101830425,0.06978880720483613
524,26.200000000000003,0,10.652433264587671,-0.19451846924460392,0.08273001454453871,0.12022996842292415
524,26.200000000000003,1,9.788667171393374,0.3862446306887944,0.1310151792947721,0.0813259793067781
524,26.200000000000003,2,11.27979489332635,0.23979043835128047,0.20404876668148395,0.026188873031148568
524,26.200000000000003,3,10.461902330010458,1.41253970274177,0.11701625000355698,0.04461316422688617
524,26.200000000000003,4,9.555540489710639,1.4166547624116792,0.11691538856165472,0.08125103057728988
524,26.200000000000003,5,10.436179541162215,2.305672217927754,0.09882365229498351,0.06991093528795107
525,26.25,0,10.656569765314899,-0.18850697082345771,0.08354037521532663,0.12030605495784497
525,26.25,1,9.795217930358113,0.3903109296541333,0.13056777996282065,0.08150791864587412
525,26.25,2,11.289997331660425,0.2410998820028379,0.2027902038222751,0.02663800096832058
525,26.25,3,10.467753142510636,1.4147703609531144,0.11762560702543197,0.044495420527846496
525,26.25,4,9.561386259138722,1.4207173139405438,0.11691577472916453,0.08174400007683898
525,26.25,5,10.441120723776963,2.3091677646921513,0.0984837940958137,0.0700389912458413
526,26.3,0,10.660746784075664,-0.18249166807556547,0.08436993527533965,0.12035190474414921
526,26.3,1,9.801746319356255,0.394386325586427,0.1301141026551361,0.08168015171402063
526,26.3,2,11.300136841851538,0.24243178205125393,0.20150820122010793,0.02714505202033192
526,26.3,3,10.473634422861908,1.4169951319795067,0.11821612613934768,0.04438377670636573
526,26.3,4,9.56723204787518,1.4248045139443857,0.1169092898914421,0.08223243823604894
526,26.3,5,10.446044913481755,2.3126697142544432,0.09814271650931271,0.07017276640484678
527,26.35,0,10.664965280839432,-0.176474072838358,0.08521635532700043,0.12036798970066465
527,26.35,1,9.808252024489011,0.39847033317212804,0.1296543763956087,0.08184297424309826
527,26.35,2,11.310212251912544,0.24378903465227053,0.20020501849578015,0.02770869690498611
527,26.35,3,10.479545229168876,1.419214320814825,0.11878712419507247,0.04427828465602182
527,26.35,4,9.573077512369752,1.4289161358561882,0.11689585912383275,0.08271601853889642
527,26.35,5,10.45095204930722,2.3161783525746857,0.09780043296281138,0.07031203726728508
528,26.400000000000002,0,10.669226098605781,-0.17045567335332476,0.0860773016419061,0.12035487816231001
528,26.400000000000002,1,9.814734743308792,0.40256248188428295,0.12918885127827504,0.0819967083764059
528,26.400000000000002,2,11.320222502837334,0.24517446949751984,0.19888293596887882,0.028327429855603204
528,26.400000000000002,3,10.485484585378629,1.421428235047626,0.11933797970908985,0.04417898799397579
528,26.400000000000002,4,9.578922305325943,1.433051936783133,0.11687542964363634,0.0831944287223605
528,26.400000000000002,5,10.455842070955361,2.31969395443805,0.09745697044217744,0.07045656694701015
529,26.450000000000003,0,10.673529963687876,-0.16443792944520927,0.0869504573465781,0.12031322974485625
529,26.450000000000003,1,9.821194185872706,0.40666231730310326,0.12871779777142248,0.08214170047327062
529,26.450000000000003,2,11.330166649635778,0.2465908409903,0.19754424347472058,0.02899958086823417
529,26.450000000000003,3,10.491451484364083,1.4236371844473248,0.11986813400459757,0.044085922162153804
529,26.450000000000003,4,9.584766076808124,1.437211658219251,0.11684797036584264,0.08366737147214603
529,26.450000000000003,5,10.46071491947747,2.3232167827854004,0.0971123695852589,0.07060610667774293
530,26.5,0,10.677877486555206,-0.15842226795796646,0.08783353315455698,0.120243789646385
530,26.5,1,9.827630075761277,0.4107694023267668,0.12824150587014102,0.08227831879720303
530,26.5,2,11.340043861809514,0.2480408200337117,0.19619122936685046,0.02972332885180151
530,26.5,3,10.497444891064312,1.4258414805554325,0.12037709197879962,0.04399911455196376
530,26.5,4,9.590608475326416,1.4413950267928581,0.11681347132391094,0.08413456502787678
530,26.5,5,10.465570537956733,2.3267470881192875,0.0967666846482679,0.070760397378111
531,26.55,0,10.682269163212933,-0.15241007847564722,0.08872427755890049,0.12014738246334708
531,26.55,1,9.834042151054785,0.41488331826662694,0.12776028410342366,0.08240695111230616
531,26.55,2,11.349853423277857,0.24952698647630178,0.19482616980384326,0.030496715516923765
531,26.55,3,10.503463745663252,1.4280414362830307,0.12086442250263292,0.04391858465224889
531,26.55,4,9.596449148892612,1.445601755044252,0.11677194296568956,0.08459574369736565
531,26.55,5,10.470408872189147,2.330285107988193,0.0964199833462365,0.07091917125694104
532,26.6,0,10.686705377090878,-0.14640270935247987,0.08962048640937335,0.12002490560268189
532,26.6,1,9.840430165259956,0.41900366582224224,0.12727445840378393,0.08252800221294247
532,26.6,2,11.359594731768048,0.25105182225214795,0.19345131841276955,0.03131765983574242
532,26.6,3,10.509506966788384,1.430237365515643,0.12132975846141571,0.04384434422007116
532,26.6,4,9.602287746040897,1.4498315422291201,0.11672341533583121,0.08505065828035635
532,26.6,5,10.475229871356458,2.3338310665510402,0.09607234657032147,0.07108215344233387
533,26.650000000000002,0,10.691186401411347,-0.14040146407234577,0.09052001180950037,0.11987732237347587
533,26.650000000000002,1,9.846793888180146,0.4231300659328894,0.12678437084911903,0.08264189141156841
533,26.650000000000002,2,11.369267297688687,0.25261770524393506,0.19206889641403713,0.03218397290459543
533,26.650000000000002,3,10.515573454711456,1.4324295827266467,0.1217727964480331,0.04377639747373767
533,26.650000000000002,4,9.608123916807688,1.4540840751431379,0.1166679371568842,0.08549907640279625
533,26.650000000000002,5,10.480033488684974,2.337385174223157,0.09572386798634636,0.07124906361827472
534,26.700000000000003,0,10.695712402001822,-0.13440759795367196,0.09142077028004636,0.11970565484217659
534,26.700000000000003,1,9.853133106722602,0.42726216050346777,0.1262903782882389,0.0827490500092167
534,26.700000000000003,2,11.378870742509388,0.25422690388916486,0.1906810832836623,0.03309337304377201
534,26.700000000000003,3,10.521662094533857,1.4346184026003335,0.12219329612323367,0.043714741307349606
534,26.700000000000003,4,9.613957313665532,1.4583590289632777,0.116605574822165,0.08594078276337375
534,26.700000000000003,5,10.484819682084291,2.340947627404071,0.0953746535205388,0.071419617652911
535,26.75,0,10.700283440515825,-0.12842231521156314,0.09232075014701403,0.11951097653439667
535,26.75,1,9.859447625637014,0.4313996130039286,0.12579285086276304,0.08284991877225384
535,26.75,2,11.388404796673571,0.25588157254135346,0.1892900080194931,0.034043500973372214
535,26.75,3,10.52777175934002,1.436804139665701,0.12259107926005548,0.0436593655259381
535,26.75,4,9.61978759240664,1.4626560681014464,0.1165364113138638,0.08637557929461467
535,26.75,5,10.489588414760318,2.3445186082867164,0.09502482073966957,0.07159352920336769
536,26.8,0,10.704899478023176,-0.12244676638484331,0.09321801812385505,0.119294405064144
536,26.8,1,9.865737268180151,0.4355421089425413,0.1252921704393662,0.08294494543797074
536,26.8,2,11.397869297074546,0.25758374759002206,0.18789774106779505,0.03503193491165391
536,26.8,3,10.533901313303023,1.4389871079419978,0.12296602849179558,0.043610253100099576
536,26.8,4,9.625614412972332,1.4669748470661772,0.116460545060199,0.08680328524137612
536,26.8,5,10.494339655797301,2.348098284746885,0.09467449813409722,0.07177051128276393
537,26.85,0,10.70956037892937,-0.11648204613163611,0.09411072506884688,0.11905709476780153
537,26.85,1,9.87200187670212,0.43968935621443983,0.12478872896721115,0.08303458227013852
537,26.85,2,11.407264184127936,0.25933534433560473,0.18650628695611346,0.03605620545145842
537,26.85,3,10.540049614727613,1.4411676205970028,0.12331808578471773,0.04356738043883944
537,26.85,4,9.631437440225342,1.471315011328246,0.11637808874541085,0.08722373716002867
537,26.85,5,10.499073380704006,2.351686810311023,0.09432382431318284,0.0719502777761459
538,26.900000000000002,0,10.714265915182812,-0.11052919139324603,0.09499711090950921,0.11880022941572758
538,26.900000000000002,1,9.87824131315048,0.44384108532794675,0.12428292677615344,0.08311928368406846
538,26.900000000000002,2,11.41658949847574,0.26113815460817763,0.1851175776676333,0.03711381008140956
538,26.900000000000002,3,10.54621551901685,1.4433459896189447,0.123647250658355,0.043530717679171466
538,26.900000000000002,4,9.637256344662614,1.4756761981862474,0.11628916808628044,0.08763678884202188
538,26.900000000000002,5,10.503789571919665,2.3552843241998302,0.09397294712341966,0.07213254489321175
539,26.950000000000003,0,10.719015770728287,-0.10458917992245965,0.09587550873612767,0.11852501506885117
539,26.950000000000003,1,9.884455459489288,0.4479970495121502,0.1237751708316202,0.08319950395884229
539,26.950000000000003,2,11.425845377359122,0.2629938451122481,0.18373346678171637,0.03820222723092307
539,26.950000000000003,3,10.552397881549767,1.4455225255029032,0.12395357817733428,0.04350022899083918
539,26.950000000000003,4,9.643070803066928,1.4800580376283485,0.11619392058834045,0.08804231116586037
539,26.950000000000003,5,10.508488219275836,2.358890951444491,0.09362202270017471,0.07231703254704155
540,27.0,0,10.723809546165093,-0.09866292916901709,0.09674434807600672,0.11823267314164741
540,27.0,1,9.89064421803087,0.4521570247100923,0.12326587296235389,0.08327569505248647
540,27.0,2,11.435032050698208,0.2649039564737943,0.1823557243948275,0.039318929731680746
540,27.0,3,10.558595560458635,1.4476975369524452,0.12423717673963179,0.04347587289439931
540,27.0,4,9.648880499096345,1.4844601531866415,0.11609249429453812,0.08844019188180609
540,27.0,5,10.513169320410846,2.362506803071843,0.09327121446449864,0.0725034656493481
541,27.05,0,10.728646763568893,-0.09275129551193471,0.09760215736870564,0.11792443372612832
541,27.05,1,9.896807511678988,0.4563208094627166,0.12275544807704104,0.08334830453375068
541,27.05,2,11.44414983691795,0.2668699029603783,0.18098603282618922,0.040461397602301816
541,27.05,3,10.564807419295617,1.449871330597165,0.12449820568656153,0.04345760259075464
541,27.05,4,9.654685123811072,1.4888821627807318,0.11598504653827184,0.08883033533382977
541,27.05,5,10.51783288113407,2.3661319763543105,0.09292069207660024,0.07269157531428287
542,27.1,0,10.733526871437329,-0.08685507382562829,0.09844756567017358,0.11760152922450472
542,27.1,1,9.90294528408284,0.4604882246894041,0.1222443123855616,0.08341777364203869
542,27.1,2,11.45319913855926,0.2688929728404934,0.17962598310311648,0.0416271300776706
542,27.1,3,10.571032329579944,1.4520442107267029,0.12473687276003347,0.043445366300136005
542,27.1,4,9.660484376137985,1.4933236795474234,0.11587174271193178,0.08921266212351252
542,27.1,5,10.522478915737901,2.3697665551200244,0.09257063035770074,0.07288109996426467
543,27.150000000000002,0,10.738449249720837,-0.08097499736440306,0.09927930362042281,0.1172651883310041
543,27.150000000000002,1,9.909057499702119,0.464659113371506,0.12173288164008665,0.08348453548493684
543,27.150000000000002,2,11.462180437714416,0.27097432934437693,0.1782770722122791,0.04281365681900583
543,27.150000000000002,3,10.577269173217946,1.4542164790417096,0.12495343143250381,0.04343910760846847
543,27.150000000000002,4,9.666277963273581,1.497784312653599,0.11575275506108242,0.08958710872070731
543,27.150000000000002,5,10.527107447255785,2.3734106101182375,0.09222120819187911,0.07307178633275878
544,27.200000000000003,0,10.743413214901858,-0.07511173794785285,0.10009620371499481,0.11691663039598306
544,27.200000000000003,1,9.915144143784122,0.46883334014575284,0.12122156941050141,0.08354901338061538
544,27.200000000000003,2,11.47109429132503,0.27311501218532724,0.1769407010953322,0.0440185482552942
544,27.200000000000003,3,10.583516844789571,1.456388434422133,0.12514817813459428,0.043438765818962694
544,27.200000000000003,4,9.672065601026635,1.5022636680896344,0.11562826151341911,0.0899536270258392
544,27.200000000000003,5,10.53171850766538,2.3770641994348756,0.09187260741919262,0.0732633903604424
545,27.25,0,10.748418025087608,-0.06926590642805369,0.10089719992511932,0.11655706019837903
545,27.25,1,9.921205222254647,0.4730107908147836,0.12071078540769759,0.08361161935036734
545,27.25,2,11.479941326379798,0.275315939598092,0.17561817336035715,0.04523942502071038
545,27.25,3,10.589774253696302,1.4585603727130811,0.1253214494047019,0.04344427630681244
545,27.25,4,9.677847014102305,1.5067613494409264,0.11549844455045608,0.09031218388873924
545,27.25,5,10.536312138036338,2.380727368952898,0.09152501173096682,0.07345567798256628
546,27.3,0,10.753462885083863,-0.06343805341813474,0.10168132671502285,0.1161876631455824
546,27.3,1,9.927240761525033,0.477191371782302,0.12020093386733903,0.08367275276455083
546,27.3,2,11.488722235047815,0.2775779108491275,0.1743106946744855,0.04647396646611249
546,27.3,3,10.596040326166536,1.4607325865284218,0.1254736189840838,0.04345557087483962
546,27.3,4,9.683621936329828,1.5112769586353634,0.11536349012887775,0.09066276058891154
546,27.3,5,10.540888388622887,2.384400152852026,0.09117860557758545,0.07364842580666688
547,27.35,0,10.758546951419614,-0.05762867026085562,0.10244771750750958,0.11580960091319267
547,27.35,1,9.9332508082184,0.4813750094205295,0.11969241200542358,0.08373279914334981
547,27.35,2,11.49743776978154,0.2799016091724331,0.17301937279807256,0.047719918235173346
547,27.35,3,10.60231400711574,1.4629053650721637,0.12560509487974955,0.04347257810798808
547,27.35,4,9.689390110836273,1.515810096664809,0.1152235866572917,0.09100535228204394
547,27.35,5,10.545447318901767,2.3880825741423592,0.0908335730984599,0.07384142168106911
548,27.400000000000002,0,10.76366933729499,-0.051838190215195985,0.10319560265055804,0.11542400753091005
548,27.400000000000002,1,9.939235428818671,0.485561649377697,0.11918560855575729,0.08379212911202644
548,27.400000000000002,2,11.506088738421443,0.28228760508419176,0.17174521821661917,0.04897509890729579
548,27.400000000000002,3,10.608594261859729,1.465078993977563,0.12571631641631764,0.04349522372463175
548,27.400000000000002,4,9.695151290169138,1.5203603642789112,0.1150789240329547,0.09133996741752852
548,27.400000000000002,5,10.549988997556689,2.3917746452264126,0.09049009708304837,0.07403446515578911
549,27.450000000000003,0,10.768829117427519,-0.046066989838650485,0.10392430693857466,0.11503198591512936
549,27.450000000000003,1,9.94519470924646,0.48975125583329837,0.11868090239816562,0.08385109750877426
549,27.450000000000003,2,11.514675999332274,0.28473636002955655,0.1704891453235052,0.050237405719925236
549,27.450000000000003,3,10.614880077680544,1.4672537551637945,0.12580775129656893,0.04352343092274112
549,27.450000000000003,4,9.700905236370785,1.5249273626497877,0.11492969274208253,0.09166662713161082
549,27.450000000000003,5,10.554513502410842,2.395476368484202,0.09014835797104373,0.07422736783849028
550,27.5,0,10.774025332774448,-0.040315390542894014,0.10463324674190295,0.11463460484358294
550,27.5,1,9.951128754366367,0.4939438107087371,0.11817866128480894,0.08391004264182989
550,27.5,2,11.523200456598449,0.2872482303155528,0.16925197410435747,0.05150481939212774
550,27.5,3,10.621170465245372,1.4694299267099316,0.12587989268894395,0.04355712071905827
550,27.5,4,9.706651721007889,1.5295106940063683,0.11477608302613765,0.09198536462065265
550,27.5,5,10.559020920309393,2.3991877368761267,0.08980853289886362,0.07441995364912211
551,27.55,0,10.779256995111544,-0.034583660300714865,0.1053219267976309,0.11423289636281833
551,27.55,1,9.957037687430608,0.4981393128408286,0.11767924067070898,0.0839692856912967
551,27.55,2,11.531663055303667,0.2898234712851592,0.16803443227248308,0.05277540807945031
551,27.55,3,10.62746445987982,1.4716077827458844,0.12593325635874472,0.0435962122795818
551,27.55,4,9.712390525159195,1.534109962237401,0.11461828411570629,0.09229622449885277
551,27.55,5,10.563511346954337,2.402908734558583,0.08947079479875619,0.07461205897765048
552,27.6,0,10.784523091451424,-0.028872015482573947,0.10598993671336138,0.11382785361522327
552,27.6,1,9.962921649464144,0.5023377771253934,0.11718298265311922,0.0840291302499784
552,27.6,2,11.540064776917292,0.2924622416891317,0.16683715780425204,0.05404733049688239
552,27.6,3,10.633761122697756,1.4737875933598634,0.12596837785812945,0.04364062323978268
552,27.6,4,9.71812143936498,1.5387247734623437,0.11445648353247365,0.09259926214455245
552,27.6,5,10.567984886694274,2.4066393375074653,0.08913531155583551,0.07480353275005813
553,27.650000000000002,0,10.789822588287093,-0.023180622801812784,0.10663694723386959,0.11342042906892677
553,27.650000000000002,1,9.9687807985968,0.5065392336378923,0.11669021502306998,0.08408986199666962
553,27.650000000000002,2,11.548406634807504,0.29516460821397583,0.16566070182343898,0.05531883825243947
553,27.650000000000002,3,10.640059541590663,1.4759696245218525,0.1259858097883595,0.043690270013128946
553,27.650000000000002,4,9.723844263541604,1.5433547365695712,0.11429086645910985,0.09289454303908481
553,27.650000000000002,5,10.572441652272067,2.410379514144968,0.08880224522740086,0.07499423640831493
554,27.700000000000003,0,10.795154435648787,-0.017509601348366446,0.10726270631834331,0.11301153313103758
554,27.700000000000003,1,9.974615309347953,0.5107437267377258,0.11620125043114177,0.08415174849455097
554,27.700000000000003,2,11.556689669898676,0.2979305501265978,0.1645055317843695,0.056588277438400454
554,27.700000000000003,3,10.64635883208008,1.478154138022509,0.12598611914622282,0.04374506808668081
554,27.700000000000003,4,9.72955880686456,1.5479994637215255,0.11412161517609816,0.09318214210189131
554,27.700000000000003,5,10.576881764533438,2.414129225965384,0.08847175132806041,0.07518404381050783
555,27.75,0,10.800517570964704,-0.011859024691814567,0.10786703507324011,0.11260203312242428
555,27.75,1,9.98042537186951,0.5149513141624534,0.11571638566828002,0.08421503910680184
555,27.75,2,11.564914946487894,0.30075996399851784,0.16337203490508925,0.05785408953064368
555,27.75,3,10.652658138037392,1.480341391426843,0.1259698847648745,0.04380493230267986
555,27.75,4,9.735264887623364,1.55265857082662,0.11394890856390048,0.093462143025435
555,27.75,5,10.581305352099841,2.4178884281559094,0.08814397818318423,0.07537284105763699
556,27.8,0,10.805910922718367,-0.006228923035693352,0.10844982358299167,0.11219275259045916
556,27.8,1,9.986211191152924,0.5191620661177935,0.11523590106123567,0.084279965021023
556,27.8,2,11.573083548233148,0.30365266847505,0.16226052180367206,0.05911481164883091
556,27.8,3,10.658956632275636,1.482531638041977,0.12593769485777298,0.04386977712520805
556,27.8,4,9.74096233305156,1.5573316779778918,0.11377292166820846,0.09373463761317218
556,27.8,5,10.585712551009001,2.4216570702087914,0.08781906635237346,0.0755605262538618
557,27.85,0,10.811333413897517,-0.0006192854061703931,0.10901102667769595,0.1117844709349936
557,27.85,1,9.991972986205985,0.5233760643688447,0.11476005998133244,0.08434673937388394
557,27.85,2,11.581196574323332,0.30660840905749154,0.16117123029299513,0.06036907623175288
557,27.85,3,10.665253517018526,1.4847251268982375,0.12589014467299325,0.0439395168912062
557,27.85,4,9.74665097913497,1.5620184098585506,0.11359382532578119,0.09399972512364471
557,27.85,5,10.59010350432662,2.4254350965214844,0.08749714812389527,0.0757470092070198
558,27.900000000000002,0,10.816783965231402,0.004969938140579287,0.10955065967371433,0.1113779233219416
558,27.900000000000002,1,9.997710989205052,0.5275934013375388,0.11428910846403349,0.08441555746711332
558,27.900000000000002,2,11.589255135837982,0.3096268628690792,0.16010432929202328,0.06161561018254352
558,27.900000000000002,3,10.671548024252175,1.486922102742798,0.12582783426359911,0.04401406604528107
558,27.900000000000002,4,9.752330670401259,1.5667183961147328,0.11341178584767796,0.09425751162349168
558,27.900000000000002,5,10.594478361732815,2.4292224469818353,0.08717834708013238,0.07593221107638844
559,27.950000000000003,0,10.822261498215088,0.010538834306676369,0.11006879411985933,0.11097380085860489
559,27.950000000000003,1,10.003425444628254,0.5318141792108945,0.11382327493616463,0.08448659706602588
559,27.950000000000003,2,11.597260352302584,0.3127076433782064,0.15905992281438233,0.06285323353843089
559,27.950000000000003,3,10.677839415965355,1.4891228060450619,0.1257513663785348,0.04409333935789458
559,27.950000000000003,4,9.758001259693643,1.5714312716959074,0.1132269647567035,0.09450810935194426
559,27.950000000000003,5,10.59883727908682,2.4330190575356547,0.08686277773352588,0.07611606397448759
560,28.0,0,10.827764937921081,0.016087524349606613,0.11056555357854622,0.11057275100479905
560,28.0,1,10.009116608375063,0.5360385090641958,0.113362770046675,0.08456001877173402
560,28.0,2,11.605213348443304,0.31585030505512796,0.15803805399812723,0.06408085771871609
560,28.0,3,10.684126984284282,1.4913274730129567,0.1256613444771523,0.04417725212670847
560,28.0,4,9.763662607931478,1.5761566771635045,0.1130395185754183,0.0947516360991293
560,28.0,5,10.603180417973498,2.436824860734379,0.08655054523176829,0.07629851052967698
561,28.05,0,10.833293215600008,0.021616161899846567,0.11104110946805842,0.11017537819425373
561,28.05,1,10.014784746877396,0.5402665100027825,0.11290778659632472,0.08463596645844393
561,28.05,2,11.61311525114321,0.31905434794106374,0.157038709143678,0.06529748340335069
561,28.05,3,10.69041005150814,1.493536335619292,0.1255583708693431,0.04426572036099528
561,28.05,4,9.769314583860249,1.580894258968461,0.11284959866112826,0.09498821460026781
561,28.05,5,10.607507945235087,2.4406397862608626,0.08624174513052024,0.07647950341603088
562,28.1,0,10.838845271073412,0.027124930809559255,0.1114956769888626,0.1097822446413046
562,28.1,1,10.020430136207212,0.5444983083257047,0.11245849956098167,0.08471456776736712
562,28.1,2,11.620967186600394,0.32231922211123126,0.15606182173015096,0.06650219809244724
562,28.1,3,10.696687970051608,1.4957496216373418,0.12544304498211142,0.044358660949142745
562,28.1,4,9.774957063793305,1.5856436696984744,0.11265735108399957,0.09521797194760773
562,28.1,5,10.611820032491613,2.444463761431664,0.08593646323129282,0.07665900485678982
563,28.150000000000002,0,10.844420054922855,0.032614043041624484,0.11192951115391493,0.10939387130885216
563,28.150000000000002,1,10.02605306118526,0.5487340367140731,0.112015066202921,0.08479593464918828
563,28.150000000000002,2,11.628770277686902,0.32564433201585363,0.1551072763834449,0.06769417339493052
563,28.150000000000002,3,10.702960122300713,1.497967554684799,0.1253159617525434,0.044455991809461026
563,28.150000000000002,4,9.780589931347505,1.5904045682958547,0.11246291654462345,0.09544103902172547
563,28.150000000000002,5,10.616116855653177,2.448296711674504,0.08563477548189927,0.07683698610729228
564,28.200000000000003,0,10.85001653048055,0.03808373660706709,0.11234290293986525,0.1090107390144788
564,28.200000000000003,1,10.031653814495407,0.5529738334465325,0.11157762626396898,0.08488016394726591
564,28.200000000000003,2,11.636525641506074,0.3290290406856002,0.1541749127726537,0.06887266209176317
564,28.200000000000003,3,10.70922592038834,1.5001903542752721,0.12517771014606158,0.04455763202454762
564,28.200000000000003,4,9.786213077174736,1.595176620246941,0.11226643032716223,0.09565754994357846
564,28.200000000000003,5,10.620398594427272,2.4521385609798685,0.08533674793629152,0.07701342692304394
565,28.25,0,10.855633675627544,0.043534273557791034,0.11273617557340578,0.1086332896529704
565,28.25,1,10.037232695808605,0.5572178416438958,0.11114630223429285,0.08496733801425317
565,28.25,2,11.644234387144706,0.33247267379018836,0.15326452941435295,0.0700369950165459
565,28.25,3,10.715484805895644,1.5024182358764995,0.12502887179829597,0.044663501959630904
565,28.25,4,9.791826398691095,1.59995949774412,0.11206802228453686,0.09586764154848874
565,28.25,5,10.624665431824086,2.455989232326021,0.08504243677052396,0.07718831501811597
566,28.3,0,10.861270484406214,0.048965938040439555,0.11310968096432726,0.10826192751464096
566,28.3,1,10.042790010920319,0.5614662085446084,0.11072119969027425,0.08505752535517833
566,28.3,2,11.651897613615423,0.33597452354101565,0.15237588736735022,0.07118657779315116
566,28.3,3,10.721736249485557,1.504651410974481,0.12487001977798794,0.04477352336536803
566,28.3,4,9.797429799805322,1.6047528798215445,0.11186781685201318,0.09607145288304048
566,28.3,5,10.628917553662612,2.459848648076927,0.08475188835118211,0.07736164551874312
567,28.35,0,10.86692596845443,0.054379034416171604,0.11346379629446326,0.10789702068040834
567,28.35,1,10.048326070904833,0.5657190848123673,0.11030240769494741,0.08515078129053558
567,28.35,2,11.65951640798379,0.3395338524306732,0.15150871380318598,0.07232088746711696
567,28.35,3,10.727979750474457,1.5068900871427495,0.12470171746788404,0.0448876194656565
567,28.35,4,9.803023190647922,1.6095564524656965,0.11166593308583923,0.09626912472565126
567,28.35,5,10.63315514808017,2.4637167303528638,0.0844651393525268,0.07753342041653083
568,28.400000000000002,0,10.872599158269153,0.05977388545019202,0.11379892076946437,0.10753890247588065
568,28.400000000000002,1,10.05384119128958,0.5699766238768941,0.10988999925439016,0.08524714863335883
568,28.400000000000002,2,11.66709184367395,0.343149896804029,0.1506627054403774,0.0734394690643237
568,28.400000000000002,3,10.734214836347851,1.5091344681160324,0.12452451755998345,0.045005715031092006
568,28.400000000000002,4,9.808606487302214,1.614369908701979,0.11146248472366092,0.09646079913141761
568,28.400000000000002,5,10.637378405047796,2.46759340137369,0.08418221691844617,0.07770364802530656
569,28.450000000000003,0,10.878289104307626,0.06515083057398606,0.11411547253835562,0.10718787296829418
569,28.450000000000003,1,10.059335691252299,0.574238981308562,0.10948403182356785,0.08534665837479934
569,28.450000000000003,2,11.674624978945968,0.3468218702572452,0.14983753183282233,0.07454193210746948
569,28.450000000000003,3,10.74044106222585,1.5113847538675869,0.12433896116116344,0.04512773643876493
569,28.450000000000003,4,9.814179611538396,1.61919294865855,0.11125758026375686,0.0966466190016338
569,28.450000000000003,5,10.641587515893718,2.4714785837749553,0.08390313886531064,0.07787234244518558
570,28.5,0,10.883994877934544,0.07051022422240077,0.11441388578388412,0.10684420049150757
570,28.5,1,10.064809892843478,0.5785063142273019,0.10908454785518505,0.08544933037312215
570,28.5,2,11.68211685553761,0.35054896686261866,0.14903283850506252,0.07562794711772246
570,28.5,3,10.746658010283909,1.5136411406895252,0.12414557700469583,0.04525361171909666
570,28.5,4,9.819742490551583,1.6240252796086316,0.11105132306016195,0.09682672767823383
570,28.5,5,10.645782672836983,2.4753722008972145,0.08362791392166546,0.07803952303708558
571,28.55,0,10.889715572223738,0.07585243424697616,0.11469460798515352,0.10650812318581548
571,28.55,1,10.070264120236237,0.582778780745958,0.10869157538532306,0.08555517404160688
571,28.55,2,11.689568497462863,0.3543303642185048,0.14824824992916996,0.07669724212607251
571,28.55,3,10.752865289134144,1.51590382127548,0.12394488076308453,0.045383270590507466
571,28.55,4,9.825295056704592,1.6288666159925433,0.11084381143114237,0.09700126856325485
571,28.55,5,10.649964068533066,2.479274177049069,0.0833565420008771,0.07820521391042534
572,28.6,0,10.895450302622995,0.08117784040626694,0.11495809735244113,0.10617985054065415
572,28.6,1,10.075698699005503,0.5870565394480384,0.10830512864981295,0.08566418903122433
572,28.6,2,11.696980909959322,0.3581652263248084,0.14748337233990477,0.07774959921596432
572,28.6,3,10.759062533172298,1.5181729848050054,0.12373737445727558,0.045516644482671245
572,28.6,4,9.830837247276149,1.633716679420706,0.11063513877861358,0.09717038476325164
572,28.6,5,10.65413189563311,2.4831844377445904,0.08308901450279488,0.078369443426446
573,28.650000000000002,0,10.901198207490618,0.08648683293329965,0.11520482043290851,0.10585956492970167
573,28.650000000000002,1,10.081113955437994,0.5913397488995996,0.10792520872555288,0.08577636590446429
573,28.650000000000002,2,11.704355078576317,0.3620527062856066,0.1467377963865012,0.07878485111612565
573,28.650000000000002,3,10.765249401895161,1.520448817029139,0.12352354595722884,0.04565366654915906
573,28.650000000000002,4,9.83636900421508,1.6385751986588686,0.11042539371626005,0.09733421875850506
573,28.650000000000002,5,10.658286346358251,2.4871029099159125,0.08282531464061116,0.07853224371917228
574,28.700000000000003,0,10.906958448512263,0.09177981117978473,0.11543524988470624,0.10554742312915222
574,28.700000000000003,1,10.086510215874272,0.5956285671948228,0.10755180419127115,0.0858916867971003
574,28.700000000000003,2,11.711691968395641,0.3659919488414129,0.1460110996209082,0.0798028778599477
574,28.700000000000003,3,10.771425579193023,1.5227315003565969,0.12330386856872205,0.04579427167027548
574,28.700000000000003,4,9.841890273900892,1.6434419095967938,0.11021466020447351,0.09749291209670674
574,28.700000000000003,5,10.662427612090282,2.4910295221018712,0.0825654177892433,0.07869365023568402
575,28.75,0,10.9127302110065,0.09705718233624235,0.11564986241607841,0.10524355781118952
575,28.75,1,10.091887806083836,0.5999231515346778,0.10718489180254472,0.08601012606510763
575,28.75,2,11.718992523376686,0.3699820927344103,0.1453028488236539,0.08080360352533827
575,28.75,3,10.777590772621458,1.5250212139401107,0.1230788007012288,0.04593839644688612
575,28.75,4,9.847401006911117,1.6483165552016292,0.11000301769031937,0.09764660511072651
575,28.75,5,10.666555882979743,2.4949642046136553,0.08230929185167828,0.07885370129705482
576,28.8,0,10.918512704127304,0.10231936022680183,0.11584913688519102,0.10494807900579105
576,28.8,1,10.097247050673964,0.6042236578379332,0.10682443717615128,0.08613165091431835
576,28.8,2,11.726257665817869,0.3740222729106772,0.14461260216964905,0.08178699306672456
576,28.8,3,10.78374471265652,1.527318133762455,0.12284878561162955,0.04608597918601085
576,28.8,4,9.852901157795632,1.6531988854571655,0.10979054125094576,0.09779543665994857
576,28.8,5,10.670671347572327,2.498906889678508,0.08205689763984954,0.0790124376809951
577,28.85,0,10.924305160971564,0.10756676417709138,0.11603355255579122,0.10466107552516336
577,28.85,1,10.102588272532772,0.6085302403836491,0.10647039547927471,0.08625622201080275
577,28.85,2,11.733488295926351,0.3781116225640134,0.1439399112371978,0.08275304924886598
577,28.85,3,10.789887151937101,1.5296224327217556,0.1226142512187197,0.04623695987897765
577,28.85,4,9.858390684858179,1.658088657290163,0.10957730173913406,0.0979395438946037
577,28.85,5,10.67477419245432,2.5028575115625578,0.08180818926689894,0.07916990222695343
578,28.900000000000002,0,10.930106838599354,0.11279981795334955,0.11620358750318087,0.10438261634600658
578,28.900000000000002,1,10.107911792306735,0.6128430514841893,0.10612271211931318,0.08638379407026701
578,28.900000000000002,2,11.74068529148821,0.3822492750264567,0.1432843228643695,0.08370180969017639
578,28.900000000000002,3,10.796017864498037,1.5319342807157044,0.12237560998334689,0.04639128017286998
578,28.900000000000002,4,9.863869549945136,1.6629856344848932,0.10936336592974887,0.09807906204242484
578,28.900000000000002,5,10.678864601917665,2.5068160066739056,0.08156311454771212,0.07932613946418277
579,28.950000000000003,0,10.935917017974512,0.11801894877064988,0.11635971716461496,0.10411275194579692
579,28.950000000000003,1,10.113217927912702,0.6171622411877026,0.10578132343048983,0.0865143164251333
579,28.950000000000003,2,11.747849507631429,0.38643436551096555,0.14264538085749495,0.08463334402158704
579,28.950000000000003,3,10.802136644997203,1.534253844724348,0.12213325884928594,0.046548883336019274
579,28.950000000000003,4,9.869337718241624,1.6678895875870146,0.10914879666613567,0.09821412421691512
579,28.950000000000003,5,10.682942757645051,2.510782313647115,0.08132161540494183,0.079481195263011
580,29.0,0,10.941735003832743,0.12322458636793972,0.11650241302781407,0.10385151559004327
580,29.0,1,10.118506994084226,0.6214879570089592,0.1054461573537281,0.08664773356818802
580,29.0,2,11.754981776674304,0.3906660327120449,0.14202262755718711,0.08554775116536281
580,29.0,3,10.808243307939668,1.5365812888911488,0.12188757923996667,0.046709714218229
580,29.0,4,9.874795158074932,1.6728002937978603,0.10893365300553433,0.09834486124644254
580,29.0,5,10.687008838415299,2.514756373410265,0.0810836282778624,0.07963511650939555
581,29.05,0,10.947560124484134,0.1284171621474419,0.11663214145114598,0.1035989245682932
581,29.05,1,10.123779301951913,0.6258203436873686,0.10511713410666955,0.0867839856720357
581,29.05,2,11.762082908052164,0.39494342027031304,0.14141560526765948,0.08644515673695655
581,29.05,3,10.814337686901666,1.5389167746020602,0.12163893710640926,0.04687371920641817
581,29.05,4,9.880241840725208,1.6777175368601824,0.1087179903628632,0.09847140152334767
581,29.05,5,10.691063019829192,2.518738129235735,0.08084908453163776,0.07978795080259808
582,29.1,0,10.953391731556692,0.13359710837585656,0.11674936260874554,0.10335498137726526
582,29.1,1,10.129035158657247,0.6301595429709704,0.10479416684098393,0.0869230090837607
582,29.1,2,11.769153688315548,0.39926567810716085,0.14082385755548654,0.08732571057166022
582,29.1,3,10.820419633756988,1.5412604605623812,0.12138768302178626,0.047040846176309874
582,29.1,4,9.885677740243352,1.6826411069363498,0.10850186065221296,0.09859387087220138
582,29.1,5,10.695105474055774,2.522727526775865,0.08061791086474034,0.07993974617570006
583,29.150000000000002,0,10.95922919968713,0.13876485744471984,0.11685452955386952,0.1031196748501586
583,29.150000000000002,1,10.134274866999297,0.6345056934251585,0.10447716228453845,0.08706473679450333
583,29.150000000000002,2,11.776194881193323,0.4036319636357439,0.14024693042413391,0.0881895843767855
583,29.150000000000002,3,10.826489017908077,1.5436125028711967,0.12113415231833158,0.0472110444407968
583,29.150000000000002,4,9.891102833275962,1.6875708004799599,0.10828531242567774,0.09871239243633609
583,29.150000000000002,5,10.69913636959901,2.5267245140846497,0.08039002971255522,0.08009055083848333
584,29.200000000000003,0,10.965071926164823,0.14392084118722775,0.116948087393663,0.10289298123164782
584,29.200000000000003,1,10.139498725113524,0.6388589302648837,0.10416602136617842,0.08720909888376749
584,29.200000000000003,2,11.783207227714529,0.40804144285458316,0.1396843733708235,0.08903696950908227
584,29.200000000000003,3,10.832545725523994,1.5459730550932365,0.12087866526237136,0.04738426469552739
584,29.200000000000003,4,9.896517098897245,1.6925064201017768,0.10806839100903856,0.09882708658173812
584,29.200000000000003,5,10.703155871084638,2.5307290416265737,0.08016535964527531,0.08024041294213866
585,29.25,0,10.970919330534507,0.14906549024881013,0.1170304725686183,0.1026748651985966
585,29.25,1,10.144707026181834,0.6432193852090721,0.10386063982130717,0.08735602293852582
585,29.25,2,11.790191446383071,0.41249329133003726,0.1391357403322236,0.08986807487629613
585,29.25,3,10.838589658787113,1.5483422683280128,0.12062152726355722,0.047560458962275225
585,29.25,4,9.901920518447698,1.6974477744308636,0.10785113863410947,0.09893807081739302
585,29.25,5,10.707164139066903,2.534741062273681,0.07994381575849682,0.08038938036510661
586,29.3,0,10.976770854162938,0.15419923350873996,0.11710211223005586,0.10246528082688985
586,29.3,1,10.1499000581729,0.6475871863559983,0.10356090877665663,0.0875054344473167
586,29.3,2,11.797148233399682,0.41698669507385205,0.13860059052563942,0.09068312496105971
586,29.3,3,10.84462073515029,1.5507202912761267,0.12036302911453566,0.04773958053058379
586,29.3,4,9.907313075379403,1.7023946779717332,0.10763359456753133,0.09904545973115637
586,29.3,5,10.711161329854827,2.538760531291936,0.07972531005506374,0.08053750051929866
587,29.35,0,10.98262595977444,0.15932249755008446,0.11716342370908632,0.10226417250513568
587,29.35,1,10.155078103611732,0.6519624580783642,0.10326671531295661,0.08765725716964788
587,29.35,2,11.804078262925964,0.42152085132190503,0.13807848919215376,0.09148235796466746
587,29.35,3,10.850638886606017,1.5531072703026558,0.12010344725749526,0.04792158389815122
587,29.35,4,9.912694755107779,1.707346950958291,0.10741579523586052,0.0991493649402338
587,29.35,5,10.71514759535758,2.5427874063179012,0.0795097518168879,0.0806848201758682
588,29.400000000000002,0,10.988484130959895,0.16443570617534126,0.11721481407064016,0.1020714757962653
588,29.400000000000002,1,10.16024143937738,0.6563453209368466,0.10297794300439195,0.08781141348116214
588,29.400000000000002,2,11.810982187385571,0.4260949692201384,0.13756900824820367,0.09226602406777938
588,29.400000000000002,3,10.856644058968891,1.5555033494975634,0.11984304407422156,0.04810642471039011
588,29.400000000000002,4,9.918065544869572,1.7123044192053027,0.10719777434690266,0.0992498950553349
588,29.400000000000002,5,10.719123082948425,2.5468216473266945,0.07929704796564295,0.0808313853096598
589,29.450000000000003,0,10.994344871663428,0.16953927996515453,0.1172566797464127,0.10188711824835035
589,29.450000000000003,1,10.165390336527599,0.6607358916109047,0.10269447243409345,0.08796782469512922
589,29.450000000000003,2,11.817860637797981,0.4307082704235274,0.13707172685183852,0.09303438380472255
589,29.450000000000003,3,10.862636211172603,1.557908670733083,0.11958206819653329,0.04829405969955012
589,29.450000000000003,4,9.923425433586917,1.7172669139580694,0.1069795630072685,0.09934715565761429
589,29.450000000000003,5,10.723087935346706,2.5508632165921776,0.07908710341140862,0.08097724096140335
590,29.5,0,11.000207705650748,0.17463363587757205,0.11728940624068884,0.10171102015608799
590,29.5,1,10.170525060149304,0.6651342828456612,0.10241618168502477,0.08812641136088463
590,29.5,2,11.824714224140573,0.4353599896137635,0.13658623188980462,0.09378770654767088
590,29.5,3,10.86861531458243,1.5603233737180604,0.11932075483418353,0.048484446623794995
590,29.5,4,9.928774411737281,1.7222342717409502,0.10676118983620353,0.09944124928749179
590,29.5,5,10.727042290517277,2.554912078640248,0.07887982138851181,0.08112243111670357
591,29.55,0,11.006072175962782,0.17971918688537644,0.11731336790329032,0.10154309527459923
591,29.55,1,10.175645869233556,0.6695406034137055,0.10214294680585374,0.0882870935399252
591,29.55,2,11.831543535735063,0.44004937494114704,0.13611211839136156,0.09452626909672056
591,29.55,3,10.874581352324139,1.56274759604925,0.11905932611738815,0.048677544206514184
591,29.55,4,9.934112471229092,1.7272063342053248,0.10654268107567073,0.09953227544447038
591,29.55,5,10.730986281586702,2.558968200196083,0.07867510377786767,0.08126699860087824
592,29.6,0,11.011937844357947,0.1847963416491064,0.11732892776412732,0.10138325148732105
592,29.6,1,10.18075301657385,0.6739549580907017,0.10187464225161623,0.08844979106043559
592,29.6,2,11.838349141654632,0.4447756883959831,0.13564898987450658,0.09525035437172377
592,29.6,3,10.880534318630009,1.5651814732595757,0.11879799145153047,0.04887331207621493
592,29.6,4,9.939439605282876,1.7321829479775483,0.10632406069685525,0.09962033059710555
592,29.6,5,10.734920036775595,2.563031550126127,0.07847285141537447,0.0814109849886513
593,29.650000000000002,0,11.017804290746152,0.18986550422347245,0.1173364374240797,0.10123139142982655
593,29.650000000000002,1,10.18584674868643,0.6783774476437235,0.10161114129912757,0.08861442375105819
593,29.650000000000002,2,11.845131591148357,0.4495382061145693,0.1351964586300655,0.09596025020155814
593,29.650000000000002,3,10.886474218202585,1.5676251388633864,0.11853694788163355,0.049071710707250776
593,29.650000000000002,4,9.94475580831772,1.7371639645074037,0.10610535050315191,0.09970550820229059
593,29.650000000000002,5,10.738843679346363,2.5671020993755596,0.07827296438598211,0.08155443052774698
594,29.700000000000003,0,11.023671112617356,0.19492707379496377,0.11733623699715083,0.10108741307149952
594,29.700000000000003,1,10.190927305751387,0.6828081688312765,0.10135231643720671,0.08878091165474276
594,29.700000000000003,2,11.85189141407986,0.4543362186246472,0.1347541459488591,0.09665624820642789
594,29.700000000000003,3,10.892401065596667,1.5700787243987488,0.11827638046438535,0.049272701361603756
594,29.700000000000003,4,9.950061075842877,1.7421492399175182,0.1058865702297283,0.09978789873303857
594,29.700000000000003,5,10.742757327565663,2.5711798209019467,0.07807534230312647,0.08169737407542757
595,29.75,0,11.029537924467213,0.19998144444853874,0.11732865509917302,0.10095121025701659
595,29.75,1,10.195994921573247,0.6872472144140136,0.10109803973200351,0.08894917522356302
595,29.75,2,11.858629121377303,0.4591690310349686,0.1343216822968609,0.0973386427687647
595,29.75,3,10.898314884619886,1.572542359466829,0.1180164626457744,0.049476246031967056
595,29.75,4,9.955355404354362,1.7471386348541702,0.10566773763984831,0.09986758971399942
595,29.75,5,10.74666109468082,2.575264689605718,0.07787988457341874,0.08183985304702718
596,29.8,0,11.035404357222172,0.20502900496138957,0.11731400887854398,0.10082267320960801
596,29.8,1,10.201049823559847,0.6916946731751917,0.10084818316774019,0.0891191354953884
596,29.8,2,11.865345205492147,0.46403596317340684,0.13389870744305335,0.0980077300882778
596,29.8,3,10.904215707752174,1.5750161717684275,0.1177573566424474,0.04968230738629614
596,29.8,4,9.960638791236354,1.7521320143398702,0.10544886861804105,0.09994466576394834
596,29.8,5,10.75055508890949,2.5793566822580694,0.07768649064650456,0.08198190337557035
597,29.85,0,11.041270057666098,0.21007013862186996,0.11729260408473217,0.10070168899805515
597,29.85,1,10.206092232718234,0.6961506299499611,0.10060261896336042,0.08929071425329663
597,29.85,2,11.8720401408643,0.4689363496778207,0.13348487054437239,0.09866380731671136
597,29.85,3,10.910103575584296,1.5775002871377422,0.11749921382511085,0.04989084871398824
597,29.85,4,9.965911234667256,1.7571292476280675,0.10522997726026279,0.10001920864452941
597,29.85,5,10.754439413441816,2.583455777426848,0.07749506025010465,0.08212355948158442
598,29.900000000000002,0,11.047134687870335,0.2151052230717727,0.11726473517060275,0.10058814196940487
598,29.900000000000002,1,10.211122363666401,0.7006151656626259,0.10036121986562956,0.0894638341686547
598,29.900000000000002,2,11.878714384391518,0.4738695400436563,0.1330798301918912,0.09930717176797257
598,29.900000000000002,3,10.915978536275551,1.5799948295734416,0.11724217510248552,0.05010183387384633
598,29.900000000000002,4,9.97117273353027,1.762130208060294,0.10501107596121054,0.10009129731457078
598,29.900000000000002,5,10.758314166454321,2.5875619554009273,0.07730549361036686,0.08226485425224074
599,29.950000000000003,0,11.052997924628865,0.22013463017024296,0.11723068542478429,0.10048191414928102
599,29.950000000000003,1,10.216140424659683,0.7050883573710587,0.10012385941930972,0.08963841892873435
599,29.950000000000003,2,11.885368375901113,0.4788348986320549,0.13268325442214407,0.09993812019930268
599,29.950000000000003,3,10.921840645030676,1.582499921267134,0.11698637130438602,0.05031522724393914
599,29.950000000000003,4,9.97642328732833,1.7671347729260227,0.10479217549888076,0.10016100798930835
599,29.950000000000003,5,10.762179441134839,2.5916751981135393,0.0771176916576665,0.08240581902900473
600,30.0,0,11.058859458900105,0.22515872587770702,0.11719072713062643,0.1003828856117164
600,30.0,1,10.221146617630648,0.7095702783174954,0.09989041221513183,0.08981439334978725
600,30.0,2,11.89200253862222,0.48383180464202,0.13229482069721699,0.10055694815933923
600,30.0,3,10.927689963595896,1.585015682629331,0.11673192356271325,0.05053099367344753
600,30.0,4,9.981662896103275,1.7721428233254881,0.10457328511652103,0.10022841420391
600,30.0,5,10.766035325717722,2.5957954890649897,0.07693155621809719,0.08254648360300268
601,30.05,0,11.064718995256637,0.23017787015829283,0.11714512174844872,0.10029093482028449
601,30.05,1,10.226141138241404,0.7140609979849848,0.09966075411628611,0.08999168347641236
601,30.05,2,11.898617279657081,0.488859652049987,0.131914215857003,0.10116394939895311
601,30.05,3,10.93352655977403,1.5875422323130033,0.11647894368921022,0.050749098436591526
601,30.05,4,9.986891560359101,1.7771542440356836,0.10435441260210028,0.10029358688068511
601,30.05,5,10.769881903528626,2.59992281324514,0.07674699019092217,0.08268687621736355
602,30.1,0,11.07057625134406,0.23519241689930706,0.1170941201181002,0.10020593894234703
602,30.1,1,10.231124175947219,0.7185605821588054,0.09943476246426215,0.09017021666811316
602,30.1,2,11.90521299044993,0.49391784951993467,0.13154113604674042,0.10175941534095025
602,30.1,3,10.93935050695849,1.5900796872348328,0.1162275345490152,0.050969507188704764
602,30.1,4,9.992109280989206,1.7821689233797178,0.10413556436540856,0.10035659439945059
602,30.1,5,10.773719253038172,2.6040571570560083,0.07656389771234746,0.08282702357580105
603,30.150000000000002,0,11.076430957349965,0.24020271384642441,0.11703796267899705,0.10012777413809446
603,30.150000000000002,1,10.236095914070432,0.723069092992211,0.09921231626485742,0.090349921673855
603,30.150000000000002,2,11.911790047252268,0.4990058202869822,0.13117528662277986,0.10234363460480392
603,30.150000000000002,3,10.945161883685941,1.592628162594268,0.11597779042912092,0.05119218592448794
603,30.150000000000002,4,9.997316059207476,1.7871867530996903,0.10391674551288554,0.1004175026705101
603,30.150000000000002,5,10.777547447923789,2.6081985082347985,0.07638218430593194,0.0829669508567873
604,30.200000000000003,0,11.082282855483914,0.24520910255332914,0.11697687970506371,0.10005631582600925
604,30.200000000000003,1,10.241056529883675,0.7275865890759038,0.09899329635519105,0.0905307286954392
604,30.200000000000003,2,11.918348811583407,0.5041230020172224,0.13081638203927884,0.10291689258275567
604,30.200000000000003,3,10.950960773207397,1.5951877718904923,0.1157297974009276,0.0514171009384891
604,30.200000000000003,4,10.00251189648312,1.7922076282332158,0.10369795992025406,0.10047637520976424
604,30.200000000000003,5,10.781366557139085,2.6123468557776377,0.07620175702006193,0.08310668173268741
605,30.25,0,11.088131699469168,0.25021191834462964,0.11691109155218478,0.09999143892636993
605,30.25,1,10.246006194701435,0.7321131255106758,0.098777585552662,0.09071256944049824
605,30.25,2,11.924889630685371,0.5092688466463602,0.13046414571825488,0.10347947106379793
605,30.25,3,10.956747263077444,1.5977586269374169,0.11548363367629108,0.05164421878784651
605,30.25,4,10.007696794479134,1.797231446993704,0.10347921030314099,0.10053327321548602
605,30.25,5,10.785176644990088,2.616502189864272,0.07602252455295254,0.08324623839322128
606,30.3,0,11.093977254046777,0.25521149029094814,0.11684080891596861,0.0999330180841995
606,30.3,1,10.250945073979068,0.7366487539827007,0.09856506878665142,0.09089537716583306
606,30.3,2,11.931412837971283,0.5144428201995501,0.13011830990536094,0.10403164790212864
606,30.3,3,10.96252144476126,1.6003408378768091,0.11523936995636518,0.05187350625725463
606,30.3,4,10.01287075499429,1.8022581106544784,0.10326049828560087,0.10058825564633816
606,30.3,5,10.788977771217736,2.620664501783933,0.07584439736551991,0.08338564157277432
607,30.35,0,11.099819294492576,0.2602081411951581,0.11676623309782405,0.09988092787318366
607,30.35,1,10.255873327418401,0.7411935228409924,0.09835563321396193,0.09107908671187685
607,30.35,2,11.937918753466551,0.5196444025946566,0.12977861551337763,0.10457369672693927
607,30.35,3,10.968283413259078,1.602934513189672,0.11499706977286266,0.052104930326226095
607,30.35,4,10.01803377990857,1.8072875234367953,0.10304182446679004,0.10064137930022742
607,30.35,5,10.792769991086011,2.624833783862572,0.0756672877827411,0.08352491058096266
608,30.400000000000002,0,11.105657606147467,0.2652021875888173,0.11668755627750174,0.09983504298180798
608,30.400000000000002,1,10.260791109079099,0.7457474771765862,0.09814916831879217,0.09126363452892312
608,30.400000000000002,2,11.94440768424222,0.5248730874310036,0.12944481195542992,0.10510588669043515
608,30.400000000000002,3,10.974033266747721,1.6055397597059833,0.11475678982119673,0.052338458138559814
608,30.400000000000002,4,10.02318587113191,1.8123195924018067,0.10282318848572712,0.1006926988936321
608,30.400000000000002,5,10.79655335547515,2.62901002939162,0.07549111008382609,0.08366406333604061
609,30.450000000000003,0,11.111491983961342,0.27019393973790773,0.11660496179042124,0.09979523838304992
609,30.450000000000003,1,10.265698567495038,0.7503106589030324,0.09794556599819278,0.09144895869584135
609,30.450000000000003,2,11.950879924839992,0.5301283817655253,0.12911665696958685,0.10562848225124216
609,30.450000000000003,3,10.97977110623878,1.6081566826129112,0.11451858028523638,0.052574056974066634
609,30.450000000000003,4,10.028327030556197,1.8173542273464884,0.10260458908424475,0.10074226714105951
609,30.450000000000003,5,10.800327910979341,2.6331932325584217,0.07531578058181763,0.0838031164006645
610,30.5,0,11.117322232050864,0.27518370165706024,0.11651862440828831,0.09976138948880081
610,30.5,1,10.270595845794947,0.7548831068378244,0.097744720633863,0.09163499893188518
610,30.5,2,11.95733575768847,0.5354098058780875,0.12879391643648094,0.10614174299043887
610,30.5,3,10.985497035253042,1.6107853854616145,0.11428248515333789,0.052811694222473976
610,30.5,4,10.033457260010408,1.8223913407035415,0.10238602416820167,0.10079013483432092
610,30.5,5,10.804093700008432,2.637383388378455,0.07514121769303089,0.08394208501964247
611,30.55,0,11.123148163271278,0.28017177113150027,0.11642871062160012,0.09973337229013307
611,30.55,1,10.275483081826641,0.7594648567844187,0.09754652915111983,0.09182169660220908
611,30.55,2,11.963775453510294,0.5407168930276095,0.1284763641913481,0.10664592345763145
611,30.55,3,10.991211159510708,1.6134259701727383,0.11404854252545389,0.053051337359505193
611,30.55,4,10.038576561218818,1.8274308474452574,0.10216749086691036,0.10083635092134365
611,30.55,5,10.807850760893084,2.641580492629437,0.07496734199686159,0.08408098315928102
612,30.6,0,11.128969598802358,0.2851584397460069,0.1163353789228165,0.09971106348450202
612,30.6,1,10.280360408284198,0.7640559416145292,0.0973508910659304,0.09200899471767104
612,30.6,2,11.970199271719862,0.5460491892004911,0.1281637818318046,0.10714127304465809
612,30.6,3,10.996913586636982,1.6160785370407136,0.11381678491114998,0.05329295392507443
612,30.6,4,10.043684935762164,1.8324726649913246,0.10194898559092944,0.10088096258424245
612,30.6,5,10.811599127992928,2.645784541787401,0.07479407628646423,0.08421982354798914
613,30.650000000000002,0,11.1347863677485,0.290143992920232,0.11623878008907955,0.09969434059084517
613,30.650000000000002,1,10.285227952837493,0.7686563913504127,0.09715770852077434,0.09219683792946397
613,30.650000000000002,2,11.976607460811453,0.5514062528527239,0.12785595852250362,0.1076280358846
613,30.650000000000002,3,11.00260442588254,1.6187431847369673,0.11358723951839987,0.053536511503580714
613,30.650000000000002,4,10.04878238504171,1.8375167131205368,0.1017305040881557,0.10092401531643952
613,30.650000000000002,5,10.815338831807251,2.6499955329648004,0.07462134561078057,0.08435861771784017
614,30.700000000000003,0,11.140598306752954,0.2951287099497743,0.11613905746348337,0.09968308205351746
614,30.700000000000003,1,10.290085838263533,0.7732662332468859,0.09696688631015371,0.09238517251908622
614,30.700000000000003,2,11.983000258737578,0.5567876546469539,0.12755269079774054,0.10810645077396655
614,30.700000000000003,3,11.00828378785846,1.6214200103121463,0.11335992853308388,0.05378197770620774
614,30.700000000000003,4,10.053868910246118,1.8425629138863588,0.1015120414982605,0.10096555299859684
614,30.700000000000003,5,10.81906989908779,2.6542134638506925,0.07444907730838368,0.08449737604681415
615,30.75,0,11.146405259626128,0.3001128640524502,0.11603634723402055,0.09967716733593492
615,30.75,1,10.294934182579041,0.7778854918728403,0.09677833189654841,0.09257394638413913
615,30.75,2,11.989377893277466,0.5621929771856522,0.1272537823629077,0.10857675111602244
615,30.75,3,11.013951784285114,1.6241091091974567,0.11313486938918288,0.0540293201552153
615,30.75,4,10.05894451232103,1.8476111915362887,0.10129359240553482,0.10100561797318258
615,30.75,5,10.82279235295321,2.658438332653033,0.0742772010336679,0.08463610780145797
616,30.8,0,11.15220707698783,0.30509672241924696,0.1159307787094072,0.09967647700471342
616,30.8,1,10.29977309917387,0.7825141891920473,0.09659195541749478,0.09276310902040062
616,30.8,2,11.99574058239561,0.5676218147414533,0.1269590438956714,0.10903916488338017
616,30.8,3,11.019608527754572,1.6268105752052173,0.11291207502964629,0.05427850647014001
616,30.8,4,10.064009191941308,1.852661472434948,0.10107515089007103,0.1010442511174989
616,30.8,5,10.826506213004892,2.6626701380431057,0.0741056487758015,0.08477482117974845
617,30.85,0,11.1580036159233,0.3100805462694826,0.11582247459111762,0.09968089280507221
617,30.85,1,10.304602696944745,0.7871523446430673,0.09640766968455682,0.09295261150060954
617,30.85,2,12.002088534590394,0.5730737729856223,0.12666829284755424,0.10949391459807507
617,30.85,3,11.025254131506054,1.6295245005287242,0.11269155415798066,0.05452950425585524
617,30.85,4,10.069062949485811,1.857713684990823,0.10085671057737407,0.10108149191502279
617,30.85,5,10.830211495443683,2.666908879102093,0.0739343548709196,0.08491352335395415
618,30.900000000000002,0,11.163794739652857,0.3150645909097362,0.11571155124101512,0.09969029772818852
618,30.900000000000002,1,10.309423080428973,0.7917999752180978,0.09622539017485794,0.09314240645034148
618,30.900000000000002,2,12.00842194923277,0.5785484687155261,0.126381353246624,0.10994121732748535
618,30.900000000000002,3,11.030888709213954,1.632250975741517,0.11247331148065624,0.05478228109243132
618,30.900000000000002,4,10.07410578501468,1.8627677595865741,0.10063826468636534,0.10111737852492265
618,30.900000000000002,5,10.833908213187229,2.671154555269791,0.0737632560080375,0.0850522205133092
619,30.950000000000003,0,11.169580317214908,0.32004910579614565,0.11559811894406315,0.09970457607114759
619,30.950000000000003,1,10.314234349937715,0.7964570955406148,0.09604503501581417,0.09333244802137146
619,30.950000000000003,2,12.014741016895101,0.5840455295819004,0.12609805550181466,0.11038128469456428
619,30.950000000000003,3,11.036512374787987,1.6349900897961385,0.11225734794038203,0.05503680452671617
619,30.950000000000003,4,10.079137698249,1.8678236285128202,0.1004198060757857,0.10115194784965147
619,30.950000000000003,5,10.83759637598763,2.6754071662954564,0.07359229122904627,0.08519091790635788
620,31.0,0,11.175360223162112,0.32503433459970305,0.11548228216566322,0.09972361349008729
620,31.0,1,10.319036601688506,0.8011237179416834,0.09586652496370171,0.09352269186284075
620,31.0,2,12.021045919670192,0.5895645938166286,0.12581823620940324,0.11081432290093475
620,31.0,3,11.042125242185007,1.6377419300224743,0.11204366094038366,0.05529304206558168
620,31.0,4,10.084158688552789,1.872881225905303,0.10020132728901669,0.10118523560050316
620,31.0,5,10.841275990549082,2.6796667121907745,0.07342140192326573,0.08532961988281518
621,31.05,0,11.181134337270395,0.3300205152742074,0.11536413980326084,0.09974729704709097
621,31.05,1,10.323829927936691,0.8057998525348254,0.0956897833766489,0.09371309509056769
621,31.05,2,12.027336831480662,0.5951053099616753,0.12554173796206045,0.11124053276154539
621,31.05,3,11.047727425232026,1.6405065821257534,0.11183224455983609,0.055550961170753275
621,31.05,4,10.089168754917239,1.877940487685328,0.0999828205972969,0.10121727636106138
621,31.05,5,10.844947060645245,2.6839331931849153,0.07325053181693628,0.08546832993483838
622,31.1,0,11.186902544260558,0.33500788012656196,0.11524378543187629,0.09977551525134888
622,31.1,1,10.328614417105523,0.8104855072893539,0.09551473618263176,0.09390361625479646
622,31.1,2,12.033613918378766,0.6006673365997526,0.12526840916083332,0.11166010974964913
622,31.1,3,11.053319037460017,1.643284130184291,0.11162308976061129,0.05581052925518587
622,31.1,4,10.094167895947104,1.8830013515033812,0.09976427804138048,0.10124810364847793
622,31.1,5,10.848609587236092,2.6882066096816573,0.07307962695805224,0.08560705073758328
623,31.150000000000002,0,11.192664733532153,0.3399966558891294,0.11512130754333233,0.09980815809504506
623,31.150000000000002,1,10.333390153914655,0.8151806881020937,0.09534131184297666,0.0940942153066513
623,31.150000000000002,2,12.039877338836808,0.606250342087235,0.12499810383037742,0.11207324405095596
623,31.150000000000002,3,11.058900191948048,1.6460746566470503,0.11141618458548588,0.056071713680885205
623,31.150000000000002,4,10.099156109849172,1.8880637566858052,0.09954569147160205,0.10127774997251657
623,31.150000000000002,5,10.852263568583995,2.6924869622185366,0.07290863569691795,0.08574578418897603
624,31.200000000000003,0,11.19842079890932,0.34498706379388167,0.11499678977893768,0.0998451170844007
624,31.200000000000003,1,10.338157219506805,0.8198853988674262,0.09516944131187272,0.0942848535635403
624,31.200000000000003,2,12.046127244028327,0.6118540042897829,0.12473068143772596,0.11248012062590662
624,31.200000000000003,3,11.064471001177322,1.6488782423310946,0.11121151434799899,0.0563344817580998
624,31.200000000000003,4,10.104133394422753,1.893127644184431,0.09932705258632568,0.1013062468923362
624,31.200000000000003,5,10.855909000368841,2.6967742514279855,0.0727375086627093,0.08588453144863561
625,31.25,0,11.204170638398267,0.3499793196481017,0.11487031115548939,0.09988628526630104
625,31.25,1,10.342915691572399,0.8245996415456032,0.09499905799241018,0.09447549367376393
625,31.25,2,12.052363778100213,0.6174780103210782,0.12446600671475942,0.11288091927911777
625,31.25,3,11.070031576894722,1.6516949664189995,0.11100906181418306,0.05659880074584954
625,31.25,4,10.109099747052069,1.8981929565290476,0.099108352968873,0.1013336250709671
625,31.25,5,10.859545875801977,2.7010684780004173,0.07256619873652032,0.08602329297584002
626,31.3,0,11.209914153956042,0.35497363391141673,0.11474194628447106,0.09993155725084793
626,31.3,1,10.34766564447202,0.8293234162292914,0.09483009768952107,0.09466609958051793
626,31.3,2,12.058587078435952,0.623122056285034,0.12420394948460953,0.1132758147350712
626,31.3,3,11.075582029985432,1.654524906456292,0.11080880737634664,0.05686463785369055
626,31.3,4,10.114055164700513,1.9032596377825959,0.09888958412281254,0.10135991432749276
626,31.3,5,10.863174185738803,2.705369642649209,0.07239466102108756,0.0861620685665433
627,31.35,0,11.215651251270266,0.3599702117739591,0.1146117655843564,0.09998082923018567
627,31.35,1,10.352407149356496,0.8340567212083173,0.09466249856029507,0.0948566364854957
627,31.35,2,12.064797275910182,0.6287858470217876,0.12394438449209165,0.11366497671924307
627,31.35,3,11.081122470354249,1.6573681383489764,0.11061072921912286,0.057131960244663264
627,31.35,4,10.118999643906655,1.9083276334989705,0.09867073750572904,0.10138514368689613
627,31.35,5,10.866793918789858,2.7096777460775363,0.07222285280758892,0.08630085738935335
628,31.400000000000002,0,11.221381839549483,0.36496925323546836,0.11447983548598653,0.10003399899391639
628,31.400000000000002,1,10.357140274284511,0.8387995530325921,0.09449620106202387,0.09504707081225326
628,31.400000000000002,2,12.070994495134787,0.6344690958577498,0.1236871912382933,0.11404857004390943
628,31.400000000000002,3,11.086653006815204,1.6602247363612097,0.11041480347801166,0.05740073503933596
628,31.400000000000002,4,10.123933180781941,1.9133968906833152,0.09845180456138605,0.10140934142759443
628,31.400000000000002,5,10.870405061430237,2.713992788947004,0.07205073353977111,0.08643965802047468
629,31.450000000000003,0,11.227105831323783,0.36997095318516415,0.1143462186309846,0.10009096594137128
629,31.450000000000003,1,10.361865084337612,0.8435519065732048,0.09433114789833394,0.09523737016950182
629,31.450000000000003,2,12.077178854696703,0.6401715243599453,0.12343225381940413,0.11442675469791805
629,31.450000000000003,3,11.092173746989104,1.6630947731131764,0.11022100439061322,0.057670929320893766
629,31.450000000000003,4,10.128855771010011,1.918467357754695,0.09823277675032674,0.10143253512666907
629,31.450000000000003,5,10.874007598107225,2.7183147718480276,0.07187826477568365,0.0865784684775823
630,31.5,0,11.232823142255333,0.37497550148223274,0.11421097406326028,0.10015163109104419
630,31.5,1,10.366581641732528,0.8483137750816798,0.09416728396379019,0.09542750331449361
630,31.5,2,12.083350467387673,0.6458928620948412,0.12317946076980486,0.11479968593983024
630,31.5,3,11.097684797208634,1.665978319579221,0.11002930444083261,0.05794251014120948
630,31.5,4,10.133767409847527,1.9235389845110284,0.0980136455789627,0.10145475170280788
630,31.5,5,10.87760151134601,2.722643695271907,0.07170541014733368,0.08671728625259138
631,31.55,0,11.238533690958496,0.37998308303678496,0.11407415741359225,0.10021589708736324
631,31.55,1,10.371290005930717,0.8530851502474045,0.09400455628720371,0.09561744011657568
631,31.55,2,12.089509440426163,0.6516328463918327,0.12292870490948606,0.11516751439379665
631,31.55,3,11.103186262430675,1.6688754450862815,0.1098396744961934,0.05821544452779692
631,31.55,4,10.138668092126476,1.928611722096169,0.09779440262706188,0.10147601745697808
631,31.55,5,10.881186781853376,2.7269795595845365,0.07153213531842986,0.0868561083433624
632,31.6,0,11.244237398829176,0.38499387789115314,0.11393582107737946,0.10028366820508429
632,31.6,1,10.375990233745078,0.8578660222532333,0.09384291397400953,0.09580715152108749
632,31.6,2,12.095655875671637,0.6573912221115226,0.1226798831957557,0.11553038614768144
632,31.6,3,11.108678246155485,1.6717862173126714,0.10965208393858449,0.058489699491637584
632,31.6,4,10.143557812257828,1.9336855229690177,0.09757503957376518,0.1014963581108756
632,31.6,5,10.884763388619298,2.7313223650017044,0.07135840794053791,0.08699493128427968
633,31.650000000000002,0,11.249934189883044,0.39000806130140736,0.11379601438563346,0.10035485035146235
633,31.650000000000002,1,10.380682379443778,0.8626563798292877,0.09368230814791942,0.09599660951365792
633,31.650000000000002,2,12.101789869831425,0.6631677414189067,0.12243289657928702,0.115888442852925
633,31.650000000000002,3,11.114160850352414,1.6747107022872534,0.10946650078858085,0.05876524203574489
633,31.650000000000002,4,10.148436564236517,1.9387603408745615,0.0973555482220218,0.10151579884317714
633,31.650000000000002,5,10.888331309016325,2.7356721115659184,0.07118419760778362,0.08713375117576817
634,31.700000000000003,0,11.255623990602325,0.3950258038189805,0.11365478376929783,0.10042935106641944
634,31.700000000000003,1,10.385366494851175,0.8674562103049706,0.0935226918921374,0.09618578708502415
634,31.700000000000003,2,12.107911514660389,0.6689621635615529,0.12218764986440458,0.11624182182572439
634,31.700000000000003,3,11.119634175391843,1.6776489643890407,0.1092828918236387,0.05904203916448505
634,31.700000000000003,4,10.153304341647619,1.9438361308167205,0.09713592052159603,0.10153436432364159
634,31.700000000000003,5,10.891890518896714,2.740028799124707,0.07100947581039908,0.08727256371269593
635,31.75,0,11.26130672979079,0.40004727137230145,0.11351217291700481,0.10050707952083741
635,31.75,1,10.390042629445782,0.8722654996592217,0.09336402019031226,0.09637465819641661
635,31.75,2,12.114020897153608,0.6747742546528391,0.12194405157364105,0.11659065614909651
635,31.75,3,11.125098319983024,1.6806010663472648,0.10910122269029979,0.05932005789350039
635,31.75,4,10.158161137673698,1.9489128490329026,0.09691614859051186,0.10155207874510146
635,31.75,5,10.895440992687234,2.7443924273103417,0.07083421588720488,0.08741136421173305
636,31.8,0,11.266982338436641,0.4050726253483433,0.11336822292641913,0.10058794651319938
636,31.8,1,10.394710830455297,0.8770842325690426,0.09320624986750704,0.09656319774563325
636,31.8,2,12.12011809973229,0.6806037874602939,0.12170201381645672,0.11693507477553396
636,31.8,3,11.13055338111754,1.6835670692419398,0.10892145801075527,0.059599265260280934
636,31.8,4,10.163006945103223,1.9539904529701577,0.0966962247351125,0.10156896585341312
636,31.8,5,10.898982703481595,2.7487629955209285,0.07065839297733728,0.08755014763762406
637,31.85,0,11.272650749582962,0.4101020226740033,0.11322297244923558,0.10067186446463125
637,31.85,1,10.399371142948672,0.8819123924563242,0.0930493395312662,0.09675138153378654
637,31.85,2,12.126203200423113,0.6864505411990707,0.1214614521620965,0.11727520262983354
637,31.85,3,11.135999454018078,1.6865470325049539,0.10874356148383106,0.059879628335219905
637,31.85,4,10.167841756339978,1.9590689012628284,0.09647614146861663,0.10158504897539204
637,31.85,5,10.902515623130462,2.7531405029028098,0.07048198397124873,0.08768890862844511
638,31.900000000000002,0,11.278311898205423,0.41513561589723486,0.11307645783004358,0.10075874741255708
638,31.900000000000002,1,10.404023609925236,0.8867499615330136,0.0928932495130427,0.0969391862328489
638,31.900000000000002,2,12.132276273031218,0.6923143013305624,0.12122228551650092,0.11761116071189381
638,31.900000000000002,3,11.14143663209227,1.6895410139217149,0.10856749598073322,0.06016111423317644
638,31.900000000000002,4,10.172665563413409,1.964148153711598,0.09625589152828745,0.10160035104481507
638,31.900000000000002,5,10.906039722329025,2.757524948334232,0.07030496746124792,0.08782764151982529
639,31.950000000000003,0,11.283965721096925,0.4201735532678627,0.11292871323917142,0.10084851100304248
639,31.950000000000003,1,10.408668272400888,0.891596920844656,0.09273794181010721,0.09712658935399218
639,31.950000000000003,2,12.138337387307043,0.6981948593661571,0.12098443600318036,0.11794306619916267
639,31.950000000000003,3,11.146865006891307,1.6925490696333736,0.10839322363573083,0.060443690125457264
639,31.950000000000003,4,10.177478357989823,1.9692281712638386,0.09603546789122219,0.10161489462654148
639,31.950000000000003,5,10.909554970702088,2.7619163304102234,0.07012732369170398,0.08796634036817441
640,32.0,0,11.289612156758883,0.4252159788180148,0.1127797707996484,0.10094107248194653
640,32.0,1,10.413305169491393,0.8964532503123557,0.09258338002802799,0.09731356921676544
640,32.0,2,12.144386609107203,0.7040920126761152,0.12074782884799412,0.11827103254851772
640,32.0,3,11.152284668073094,1.6955712541396464,0.10822070593192541,0.0607273232521517
640,32.0,4,10.182280131384385,1.9743089159951657,0.09581486378874568,0.10162870193880263
640,32.0,5,10.913061336886672,2.766314647428632,0.06994903450898378,0.08810499897294231
641,32.050000000000004,0,11.295251145298865,0.43026303244211217,0.11262966070849291,0.10103635068497997
641,32.050000000000004,1,10.417934338492794,0.901318928773194,0.09242952932391127,0.09750010491915151
641,32.050000000000004,2,12.150424000549602,0.7100055643035411,0.12051239226773965,0.11859516959737748
641,32.050000000000004,3,11.15769570336969,1.698607620302254,0.1080499037823975,0.061011980934795915
641,32.050000000000004,4,10.187070874573822,1.9793903510921058,0.0955940727194899,0.10164179487374807
641,32.050000000000004,5,10.916558788612122,2.7707198973772793,0.06977008331133694,0.08824361089792335
642,32.1,0,11.30088262833429,0.43531484997636116,0.11247841135242805,0.10113426602676769
642,32.1,1,10.422555814958988,0.9061939340191516,0.09227635635047235,0.09768617630849881
642,32.1,2,12.15644962016299,0.71593532278341,0.12027805736242879,0.11891558366382717
642,32.1,3,11.16309819855881,1.7016582193489938,0.10788077760686025,0.06129763058929995
642,32.1,4,10.191850578209797,1.9844724408357932,0.09537308846116378,0.10165419501628621
642,32.1,5,10.920047292777689,2.7751320779221755,0.06959045499880548,0.08838216949165077
643,32.15,0,11.306506548901911,0.44037156327769955,0.11232604941824938,0.10123474048900832
643,32.15,1,10.427169632776511,0.9110782428345765,0.09212382920104017,0.09787176395337958
643,32.15,2,12.16246352303111,0.7218811019666014,0.12004475801121466,0.11923237764566096
643,32.15,3,11.168492237439153,1.7047231008784587,0.10771328740405624,0.0615842397390953
643,32.15,4,10.196619232632855,1.9895551505866076,0.09515190508106183,0.10166592366130961
643,32.15,5,10.923526815527628,2.779551186396758,0.06941013592325082,0.08852066790687685
644,32.2,0,11.312122851372823,0.44543330030214995,0.11217259999797002,0.10133769760777986
644,32.2,1,10.431775824236563,0.9159718310322454,0.09197191735557533,0.09805684911634847
644,32.2,2,12.16846576093167,0.7278427208488845,0.11981243077181591,0.11954565111809849
644,32.2,3,11.173877901809355,1.7078023128654134,0.10754739282004054,0.06187177602844386
644,32.2,4,10.201376827886909,1.9946384467696732,0.09493051694531493,0.10167700182935381
644,32.2,5,10.92699732232379,2.783977219792102,0.06922911383861524,0.08865909911921074
645,32.25,0,11.317731481372721,0.4505001851825389,0.11201808668892087,0.10144306246009775
645,32.25,1,10.436374420104341,0.9208746734880628,0.09182059162778265,0.09824141372762954
645,32.25,2,12.174456382470261,0.7338200034047894,0.11958101478337396,0.11985550043014226
645,32.25,3,11.179255271450357,1.7108959016668357,0.10738305321256938,0.06216020723588028
645,32.25,4,10.206123353734174,1.9997222968611408,0.09470891872696573,0.10168745028076297
645,32.25,5,10.930458778015721,2.7884101747480625,0.06904737785151166,0.0887974559448944
646,32.300000000000004,0,11.323332385707168,0.45557233830554383,0.11186253168898726,0.10155076164977175
646,32.300000000000004,1,10.44096544968573,0.9257867441744443,0.09166982411336383,0.09842544035972864
646,32.300000000000004,2,12.18043543320943,0.7398127784262964,0.11935045167262949,0.12016201879941628
646,32.300000000000004,3,11.184624424110986,1.7140039120286297,0.1072202277117549,0.06244950128774032
646,32.300000000000004,4,10.210858799670522,2.0048066693751787,0.0944871054128557,0.1016972895284367
646,32.300000000000004,5,10.933911146908297,2.7928500475453073,0.06886491837221102,0.08893573105778349
647,32.35,0,11.328925512291617,0.4606498763880324,0.1117059558871389,0.10166072329262144
647,32.35,1,10.445548940891399,0.9307080161924307,0.0915195881394758,0.0986089122029594
647,32.35,2,12.186402955793062,0.7458208793662673,0.11912068546333253,0.12046529640538861
647,32.35,3,11.189985435496574,1.7171263870930167,0.10705887527715267,0.06273962627171666
647,32.35,4,10.215583154941164,2.0098915338516004,0.09426507230938891,0.10170653984921027
647,32.35,5,10.937354392826908,2.7972968340981965,0.06868172706610157,0.08907391700554061
648,32.4,0,11.334510810085973,0.46573291255266347,0.11154837894940822,0.10177287700112657
648,32.4,1,10.450124920298373,0.9356384618025787,0.09136985821543984,0.09879181304189698
648,32.4,2,12.192358990066229,0.7518441441865367,0.11889166248876036,0.12076542048093734
648,32.4,3,11.195338379260432,1.7202633684066024,0.10689895475144451,0.06303055045043052
648,32.4,4,10.220296408556633,2.014976860844061,0.09404281504722127,0.10171522129394947
648,32.4,5,10.940788479180213,2.8017505299484737,0.06849779680569847,0.08921200622506611
649,32.45,0,11.340088229033444,0.4708215564027198,0.1113898194005098,0.10188715386853614
649,32.45,1,10.454693413209146,0.9405780524546735,0.09122060998472074,0.09897412723272328
649,32.45,2,12.198303573190667,0.7578824152105835,0.11866333130728517,0.12106247540214396
649,32.45,3,11.200683326998005,1.723414895929124,0.1067404249108956,0.06332224227495155
649,32.45,4,10.224998549308994,2.020062621908758,0.09382032958487882,0.10172335369641751
649,32.45,5,10.944213369020499,2.8062111302597272,0.06831312162324643,0.08934999105721189
650,32.5,0,11.34565772000347,0.4759159140961466,0.1112302947012369,0.10200348645251128
650,32.5,1,10.459254443708382,0.9455267588163097,0.09107182017821625,0.09915583968148016
650,32.5,2,12.204236739756032,0.7639355389806908,0.11843564262084244,0.12135654277628984
650,32.5,3,11.20602034824355,1.7265810080428716,0.10658324451270663,0.0636146703982636
650,32.5,4,10.229689565788238,2.025148789593579,0.09359761221137887,0.10173095668098324
650,32.5,5,10.947629025101662,2.8106786298125876,0.06812769666400824,0.08948786376078424
651,32.550000000000004,0,11.351219234738531,0.48101608841877214,0.11106982132180744,0.10212180875832108
651,32.550000000000004,1,10.463808034717292,0.9504845508003836,0.09092346656886983,0.09933693582318945
651,32.550000000000004,2,12.210158521887074,0.7700033661195053,0.11820854919627305,0.1216477015279994
651,32.550000000000004,3,11.211349510469185,1.7297617415627848,0.10642737233943349,0.06390780368859802
651,32.550000000000004,4,10.234369446398807,2.0302353374276283,0.09337465954786778,0.10173804966923365
651,32.550000000000004,5,10.951035409934862,2.8151530230006268,0.06794151814021591,0.08962561652587968
652,32.6,0,11.356772725804621,0.4861221788566882,0.11090841481131963,0.10224205622166548
652,32.6,1,10.468354208045735,0.9554513975915431,0.09077552792763754,0.09951740160185035
652,32.6,2,12.216068949346887,0.7760857511959053,0.11798200578935503,0.12193602798349373
652,32.6,3,11.216670879086157,1.7329571317472148,0.10627276724061689,0.06420161124264766
652,32.6,4,10.2390381793762,2.03532223991109,0.09315146854835016,0.10174465188555727
652,32.6,5,10.954432485841872,2.8196343038269207,0.06775458328582128,0.08976324148656312
653,32.65,0,11.362318146545187,0.49123428166777144,0.11074608986346338,0.1023641656911324
653,32.65,1,10.472892984442117,0.9604272676716356,0.09062798398079257,0.09969722345127627
653,32.65,2,12.221968049636356,0.78218255259508,0.11775596907152366,0.12222159595293847
653,32.65,3,11.221984517448188,1.7361672123093472,0.10611938817174647,0.06449606239860388
653,32.65,4,10.243695752803617,2.0404094725053676,0.092928036499512,0.10175078236176108
653,32.65,5,10.957820215006164,2.8241224659012487,0.06756689031201032,0.08990073073292829
654,32.7,0,11.36785545103836,0.49635248995232806,0.1105828603786381,0.10248807541033074
654,32.7,1,10.477424383641157,0.9654121288441994,0.0904808153685707,0.09987638827674822
654,32.7,2,12.227855848089932,0.7882936323927269,0.1175303975591353,0.12250447681083114
654,32.7,3,11.227290486856775,1.7393920154292775,0.10596719423067495,0.06479112674897279
654,32.7,4,10.248342154628594,2.0454970116234557,0.09270436101968595,0.10175645994076986
654,32.7,5,10.961198559521764,2.8286175024378952,0.06737843836352699,0.09003807632256197
655,32.75,0,11.37338459405729,0.5014768937228445,0.11041873952264236,0.10261372499976926
655,32.75,1,10.481948424409586,0.9704059482580367,0.09033400360520875,0.1000548834374998
655,32.75,2,12.233732367967889,0.7944188562332685,0.11730525154518215,0.12278473957447404
655,32.75,3,11.232588846568309,1.742631571766726,0.10581614469167165,0.06508677415319836
655,32.75,4,10.252977372679577,2.0505848346204942,0.09248044005706105,0.10176170327949559
655,32.75,5,10.96456748143994,2.8331194062540233,0.06718922747588894,0.09017527029141618
656,32.800000000000004,0,11.378905531033423,0.506607579972833,0.11025373978205502,0.10274105543845914
656,32.800000000000004,1,10.486465124589847,0.9754086924299117,0.09018753104028446,0.10023269672996105
656,32.800000000000004,2,12.239597630545148,0.8005580932119921,0.11708049303340289,0.12306245098047149
656,32.800000000000004,3,11.237879653802892,1.745885910474386,0.10566619903715714,0.06538297475000313
656,32.800000000000004,4,10.25760139468243,2.055672919784469,0.09225627188707718,0.10176653085090552
656,32.800000000000004,5,10.967926942813733,2.837628169768594,0.06699925853345273,0.09031230466414313
657,32.85,0,11.384418218022526,0.511744632744756,0.11008787301646368,0.10287000904529388
657,32.85,1,10.490974501141862,0.9804203272664097,0.0900413808214025,0.1004098163717684
657,32.85,2,12.245451655196819,0.8067112157610157,0.11685608567470009,0.123337675559264
657,32.85,3,11.24316296375475,1.749155059211886,0.1055173169872792,0.06567969896944947
657,32.85,4,10.262214208276784,2.060761246327014,0.0920318551091084,0.10177096094536213
657,32.85,5,10.971276905740405,2.842143785001801,0.06680853322836558,0.09044917146389625
658,32.9,0,11.389922611673349,0.5168881331970208,0.1099211505076765,0.10300052946025796
658,32.9,1,10.495476570182932,0.9854408180849982,0.08989553685822711,0.10058623098652639
658,32.9,2,12.251294459480553,0.8128780995389788,0.11663199470575045,0.12361047570774528
658,32.9,3,11.248438829604115,1.7524390441603586,0.1053694585274522,0.0659769175447205
658,32.9,4,10.266815801032239,2.0658497943742824,0.09180718864250396,0.10177501167129017
658,32.9,5,10.974617332401824,2.8466662435749956,0.06661705402047237,0.09058586272161308
659,32.95,0,11.395418669198733,0.5220381596700336,0.10975358300603594,0.10313256162544798
659,32.95,1,10.499971347025843,0.9904701296343245,0.08974998378778526,0.1007619295892595
659,32.95,2,12.25712605921584,0.8190586233243661,0.11640818688976648,0.12388091175990593
659,32.95,3,11.253707302530488,1.7557378900375946,0.10522258393392223,0.06627460152355005
659,32.95,4,10.271406160464364,2.070938544957847,0.09158227172193073,0.10177870095521573
659,32.95,5,10.977948185102846,2.851195536711076,0.06642482409811726,0.09072237048481696
660,33.0,0,11.400906348349036,0.527194787751306,0.10958518077398893,0.10326605176595764
660,33.0,1,10.504458846215233,0.9955082261137874,0.08960470694108415,0.10093690157257892
660,33.0,2,12.26294646856033,0.8252526689123614,0.11618463045931447,0.12414904205556078
660,33.0,3,11.258968431727185,1.759051620113772,0.10507665379750271,0.06657272227933735
660,33.0,4,10.275985274050461,2.0760274800056076,0.0913571038921803,0.10178204654124258
660,33.0,5,10.981269426307753,2.855731655235317,0.06623184733990878,0.09085868682594192
661,33.050000000000004,0,11.406385607387735,0.5323580903396039,0.10941595362701118,0.10340094737063968
661,33.050000000000004,1,10.508939081562287,1.0005550711924163,0.08945969231097028,0.10111113669348581
661,33.050000000000004,2,12.268755700083295,0.8314601210151394,0.11596129506112353,0.1244149230071641
661,33.050000000000004,3,11.26422226441706,1.7623802562277389,0.1049316290455469,0.0668712515218693
661,33.050000000000004,4,10.28055312924507,2.08111658233267,0.09113168500235606,0.10178506598999881
661,33.050000000000004,5,10.984581018674747,2.860274589576614,0.06603812827741531,0.09099480385021905
662,33.1,0,11.411856405069086,0.5375281377081359,0.10924591097202181,0.10353719717277657
662,33.1,1,10.513412066177835,1.0056106280270907,0.08931492652125765,0.10128462506083703
662,33.1,2,12.274553764836352,0.8376808671654976,0.11573815170279708,0.12467860916473948
662,33.1,3,11.269468845869339,1.7657238188038322,0.10478747096227826,0.06717016130769081
662,33.1,4,10.285109713495187,2.0862058356321698,0.09090601519959408,0.10178777667712259
662,33.1,5,10.987882925088618,2.864824329769125,0.06584367205883768,0.09113071370311315
663,33.15,0,11.417318700617686,0.5427049975667747,0.10907506184340954,0.10367475113067028
663,33.15,1,10.517877812503897,1.0106748592801325,0.08917039679704399,0.10145735712341881
663,33.15,2,12.280340672421492,0.8439147976237346,0.11551517270138224,0.12494015327893057
663,33.15,3,11.274708219417453,1.7690823268692168,0.10464414120753673,0.06746942405007579
663,33.15,4,10.289655014255166,2.091295224466026,0.09068009492228007,0.10179019579131454
663,33.15,5,10.99117510869156,2.8693808654542807,0.06564848441363114,0.09126640857735516
664,33.2,0,11.422772453709857,0.5478887351233083,0.10890341493675715,0.10381356040815862
664,33.2,1,10.52233633234375,1.0157477271363033,0.08902609093622185,0.10162932365859087
664,33.2,2,12.286116431056561,0.850161805287681,0.11529233163372014,0.1251996063622034
664,33.2,3,11.27994042647783,1.7724557980717206,0.1045016018340442,0.06776901252857095
664,33.2,4,10.29418901900128,2.0963847342555915,0.09045392489280918,0.1017923403320083
664,33.2,5,10.994457532912243,2.8739441858831487,0.06545257161807753,0.09140188071957994
665,33.25,0,11.428217624456694,0.5530794131437162,0.10873097864041557,0.10395357735513217
665,33.25,1,10.52678763689056,1.0208291933192328,0.08888199728218459,0.10180051576154141
665,33.25,2,12.291881047638247,0.8564217856057912,0.11506960328848209,0.12545701774825524
665,33.25,3,11.285165506569532,1.7758442486981492,0.1043598153032803,0.06806889989816231
665,33.25,4,10.29871171524592,2.101474351272192,0.09022750611000621,0.10179422710671575
665,33.25,5,10.997730161493147,2.878514279919128,0.06525594046185866,0.09153712243656026
666,33.300000000000004,0,11.433654173388716,0.5582770920114728,0.10855776106498508,0.10409475548797435
666,33.300000000000004,1,10.53123173675467,1.0259192191073099,0.08873810469760125,0.101970924835031
666,33.300000000000004,2,12.297634527802671,0.862694636493204,0.11484696361991406,0.125712435149611
666,33.300000000000004,3,11.290383497334696,1.7792476936930572,0.10421874450000602,0.06836905969796159
666,33.300000000000004,4,10.30322309055142,2.1065640626275277,0.0900008398410922,0.10179587272806088
666,33.300000000000004,5,11.000992958516239,2.883091136040956,0.06505859821551939,0.0916721261011003
667,33.35,0,11.439082061441965,0.5634818297858715,0.1083837700708462,0.10423704947003928
667,33.35,1,10.53566864198955,1.0310177653490615,0.08859440253934509,0.1021405425796902
667,33.35,2,12.303376875983666,0.8689802582506846,0.11462438970311671,0.1259659047134665
667,33.35,3,11.295594434559696,1.7826661466779554,0.1040783527455505,0.06866946585949088
667,33.35,4,10.307723132543474,2.111653856263931,0.08977392761338827,0.10179729361056832
667,33.35,5,11.004245888427015,2.887674742346011,0.06486055259895589,0.09180688415755738
668,33.4,0,11.444501249945507,0.5686936822593734,0.1082090132938103,0.10438041509212825
668,33.4,1,10.540098362116519,1.0361247924780461,0.08845088063447581,0.102309360984806
668,33.4,2,12.309108095468822,0.875278553486358,0.1144018596908898,0.12621747107582465
668,33.4,3,11.300798352196974,1.78609961997093,0.10393860380990867,0.06897009271450327
668,33.4,4,10.312211828924143,2.1167437209444593,0.08954677120570839,0.10179850596722433
668,33.4,5,11.007488916056962,2.892265086553889,0.06466181175080757,0.09194138912702197
669,33.45,0,11.449911700610198,0.5739127030139799,0.10803349816898836,0.10452480925296781
669,33.45,1,10.544520906148243,1.0412402605272864,0.08830752925724425,0.10247737231956072
669,33.45,2,12.314828188453367,0.8815894270401492,0.11417935277207233,0.1264671774139132
669,33.45,3,11.30599528238747,1.7895481246066551,0.10379946192271781,0.06927091500234919
669,33.45,4,10.316689167484428,2.1218336462428207,0.08931937263946849,0.10179952580585726
669,33.45,5,11.010722006644503,2.8968621560102403,0.06446238419881058,0.09207563361219095
670,33.5,0,11.455313375518648,0.5791389434766283,0.10785723195298742,0.10467018993976059
670,33.5,1,10.548936282611105,1.0463641291432644,0.088164339107126,0.10264456912474515
670,33.5,2,12.320537156091971,0.8879127859108449,0.11395684913127777,0.12671506549696035
670,33.5,3,11.311185255483606,1.7930116703567727,0.10366089178317506,0.06957190787688046
670,33.5,4,10.321155136116401,2.1269236225331136,0.08909173416959977,0.10180036892536687
670,33.5,5,11.013945125854443,2.90146593769085,0.06426227883107372,0.0922096103019039
671,33.550000000000004,0,11.460706237116296,0.5843724529736163,0.10768022174449535,0.10481651620876806
671,33.550000000000004,1,10.553344499566462,1.0514963575995016,0.08802130128781752,0.10281094420488672
671,33.550000000000004,2,12.326234998548536,0.8942485391856929,0.11373432991003328,0.12696117573534385
671,33.550000000000004,3,11.316368300072766,1.7964902657506168,0.10352285856896824,0.06987304691289602
671,33.550000000000004,4,10.32560972282488,2.132013640979382,0.0888638582752465,0.10180105091183905
671,33.550000000000004,5,11.017158239795997,2.906076418205945,0.06406150486828702,0.0923433119753937
672,33.6,0,11.466090248203521,0.5896132787840547,0.10750247450334488,0.10496374816595408
672,33.6,1,10.557745564630853,1.056636904809746,0.08787840728717293,0.10297649062077621
672,33.6,2,12.331921715044038,0.9005965979724601,0.1135117771692434,0.12720554722814262
672,33.6,3,11.321544443001214,1.7999839180962616,0.10338532794424847,0.07017430811210332
672,33.6,4,10.330052915738642,2.137103693524974,0.0886357476503047,0.10180158713456211
672,33.6,5,11.02036131503941,2.910693583804715,0.06386007183683687,0.0924767315062385
673,33.65,0,11.471465371928689,0.5948614661923524,0.10732399706815018,0.10511184694772271
673,33.65,1,10.562139484995212,1.0617857293407846,0.08773564895806285,0.10314120168240488
673,33.65,2,12.3375973039025,0.9069568753338672,0.11328917385292302,0.12744821780915078
673,33.65,3,11.326713709398426,1.8034926335018668,0.10324826606673745,0.07047566790862589
673,33.65,4,10.334484703121158,2.142193772881702,0.08840740519383711,0.10180199274199679
673,33.65,5,11.023554318631252,2.9153174203800267,0.06365798954283793,0.0926098618660359
674,33.7,0,11.476831571782096,0.6001170585397385,0.10714479617258056,0.10526077470173352
674,33.7,1,10.566526267443116,1.0669427894249048,0.08759301850010208,0.10330507094224428
674,33.7,2,12.343261762595146,0.9133292862243247,0.11306650375319167,0.12768922409135985
674,33.7,3,11.331876122701763,1.8070164168972982,0.10311163959398277,0.07077710317402432
674,33.7,4,10.338905073380849,2.147283872518802,0.08817883400037163,0.10180228265770655
674,33.7,5,11.026737218108394,2.9199479134733286,0.06345526804703627,0.09274269612780686
675,33.75,0,11.482188811590726,0.6053800972748252,0.10696487846032779,0.10541049456780008
675,33.75,1,10.57090591836812,1.0721080429720171,0.08745050844221912,0.10346809218887534
675,33.75,2,12.348915087782805,0.9197137474288928,0.1128437514764441,0.1279286015099605
675,33.75,3,11.337031704681461,1.8105552720559994,0.10297541568883258,0.07107859122184314
675,33.75,4,10.343314015080868,2.1523739866516873,0.08795003735011592,0.1018024715762782
675,33.75,5,11.029909981510746,2.924585048279719,0.06325191764061318,0.09287522746914893
676,33.800000000000004,0,11.487537055513743,0.6106506220032152,0.10678425049888769,0.10556097065893545
676,33.800000000000004,1,10.575278443790232,1.077281447581461,0.0873081116260509,0.10363025944096299
676,33.800000000000004,2,12.354557275356628,0.9261101775043908,0.11262090241068087,0.12816638436391517
676,33.800000000000004,3,11.342180475465902,1.8141092016170917,0.102839562024168,0.07138010981169383
676,33.800000000000004,4,10.347711516948374,2.157464110230501,0.08772101869914736,0.10180257395926633
676,33.800000000000004,5,11.033072577392778,2.9292288096531762,0.0630479488218285,0.0930074491751246
677,33.85,0,11.492876268038687,0.615928670536162,0.10660291879215772,0.10571216804247452
677,33.85,1,10.579643849371534,1.082462960553509,0.08716582119012058,0.1037915669415236
677,33.85,2,12.360188320477162,0.9325184967225866,0.11239794269396688,0.12840260585609856
677,33.85,3,11.347322453567111,1.8176782071076762,0.10270404678693397,0.07168163715285947
677,33.85,4,10.352097567883332,2.1625542389284647,0.0874917816695546,0.10180260403116949
677,33.85,5,11.03622497483387,2.9338791821119323,0.06284337227354683,0.0931393546409224
678,33.9,0,11.498206413978295,0.6212142789382857,0.10642088979196862,0.1058640527213474
678,33.9,1,10.58400214043104,1.087652538900585,0.08702363055475376,0.10395200915248619
678,33.9,2,12.36580821761186,0.9389386270153915,0.11217485918394714,0.12863729813208413
678,33.9,3,11.352457655906457,1.8212622889653192,0.10256883868151982,0.07198315190742163
678,33.9,4,10.35647215696681,2.167644369130023,0.0872623300395746,0.10180257577546921
678,33.9,5,11.039367143447548,2.9385361498439786,0.06263819884156217,0.09327093737428188
679,33.95,0,11.503527458467893,0.6265074815743531,0.10623816990858603,0.10601659161548888
679,33.95,1,10.588353321958778,1.0928501393582095,0.08688153340774533,0.10411158074954538
679,33.95,2,12.371416960571057,0.9453704919219957,0.11195163942841325,0.12887049231758335
679,33.95,3,11.357586097840533,1.8248614465606903,0.10243390693251916,0.07228463319294659
679,33.95,4,10.360835273468789,2.1727344979187966,0.0870326677337855,0.10180250293074652
679,33.95,5,11.042499053389626,2.9431996967126928,0.062432439513795686,0.09340219099769205
680,34.0,0,11.508839366963322,0.6318083111551276,0.10605476552023738,0.10616975254338076
680,34.0,1,10.592697398629165,1.0980557183956867,0.0867395236906963,0.1042702766172598
680,34.0,2,12.377014542542478,0.9518140165378749,0.11172827163687336,0.12910221855458515
680,34.0,3,11.362707793187159,1.8284756782203375,0.10229922128689913,0.07258606058467235
680,34.0,4,10.365186906855477,2.1778246230653338,0.08680279881330505,0.1018023989868906
680,34.0,5,11.045620675365317,2.9478698062625774,0.062226105400244945,0.09353310925037797
681,34.050000000000004,0,11.514142105239333,0.6371167987822967,0.10587068298174207,0.10632350420375779
681,34.050000000000004,1,10.597034374813699,1.1032692322265496,0.08659759558602638,0.10442809184440381
681,34.050000000000004,2,12.382600956124321,0.9582691274656041,0.1115047446531025,0.1293325060362343
681,34.050000000000004,3,11.367822754251504,1.832104981249571,0.10216475201563983,0.07288741411727266
681,34.050000000000004,4,10.369527046796142,2.1829147430146785,0.0865727274660801,0.10180227718142465
681,34.050000000000004,5,11.04873198063533,2.9525464617250963,0.06201920771377365,0.09366368599007933
682,34.1,0,11.519435639388421,0.6424329739924846,0.10568592863226994,0.10647781615745391
682,34.1,1,10.601364254593001,1.1084906368187697,0.08645574350461592,0.10458502171954213
682,34.1,2,12.388176193356976,0.9647357527674159,0.1112810479286283,0.12956138304046746
682,34.1,3,11.372930991852286,1.8357493519554346,0.10203046991484625,0.0731886742861458
682,34.1,4,10.373855683169445,2.1880048568737496,0.08634245799724385,0.10180215049595408
682,34.1,5,11.051832941021019,2.9572296460246004,0.06181175775164518,0.0937939151946303
683,34.15,0,11.524719935820034,0.6477568648003572,0.10550050880230594,0.10663265880944175
683,34.15,1,10.605687041768231,1.1137198879047467,0.08631396207407445,0.10474106172683896
683,34.15,2,12.393740245753408,0.9712138219194393,0.11105717149712144,0.12978887696246555
683,34.15,3,11.378032515348028,1.8394087856697419,0.10189634630638489,0.07348982204826292
683,34.15,4,10.378172806069308,2.193094964398547,0.0861119948195903,0.1018020316527573
683,34.15,5,11.054923528908601,2.961919341784332,0.06160376687783442,0.09392379096333825
684,34.2,0,11.529994961260149,0.6530884977408293,0.10531442981984966,0.10678800339102536
684,34.2,1,10.610002739871934,1.1189569409910887,0.08617224612757382,0.10489620754205642
684,34.2,2,12.399293104328263,0.9777032657675626,0.11083310594967626,0.13001501434594073
684,34.2,3,11.383127332663348,1.843083276772155,0.10176235303806982,0.07379083882259418
684,34.2,4,10.382478405810287,2.198185065981185,0.08588134244417836,0.1018019331115282
684,34.2,5,11.058003717252493,2.966615531332499,0.06139524650609126,0.09405330751818526
685,34.25,0,11.535260682751142,0.6584278979103806,0.10512769801590534,0.10694382194220445
685,34.25,1,10.614311352178312,1.1242017513681914,0.08603059069324621,0.10505045502874549
685,34.25,2,12.404834759625746,0.9842040164848597,0.11060884241093838,0.13023982091328015
685,34.25,3,11.38821545031525,1.8467728187132848,0.10162846248341527,0.07409170649007121
685,34.25,4,10.386772472932496,2.2032751626367615,0.0856505054710404,0.1018018670662817
685,34.25,5,11.061073479577798,2.9713181967084084,0.06118620808370998,0.09418245920484805
686,34.300000000000004,0,11.540517067651937,0.6637750890074908,0.10494031972930863,0.10710008729424175
686,34.300000000000004,1,10.618612881712975,1.1294542741196287,0.08588899098410874,0.10520380023462507
686,34.300000000000004,2,12.410365201746293,0.9907160075305237,0.11038437251606313,0.1304633215946135
686,34.300000000000004,3,11.393296873439422,1.8504774040377883,0.10149464754099392,0.07439240739314802
686,34.300000000000004,4,10.391054998206048,2.2083652559900755,0.08541948858006465,0.10180184544243423
686,34.300000000000004,5,11.064132789981985,2.976027319668651,0.060976663076029024,0.09431124049354254
687,34.35,0,11.545764083638403,0.6691300933722029,0.10475230131092537,0.10725677305241105
687,34.35,1,10.62290733126218,1.13471446413136,0.08574744238851853,0.10535623938812978
687,34.35,2,12.415884420372096,0.9972391736102544,0.1101596883884639,0.13068554055581258
687,34.35,3,11.398371605816472,1.8541970244074457,0.10136088163343272,0.0746929243349473
687,34.35,4,10.395325972635051,2.213455348262197,0.08518829652206576,0.1018018798940643
687,34.35,5,11.067181623135786,2.980742881693328,0.060766622951638906,0.09443964597969687
688,34.4,0,11.55100169870395,0.6744929320248234,0.1045636491272691,0.10741385357892366
688,34.4,1,10.627194703381607,1.1399822761007665,0.08560594046106665,0.10550776889510295
688,34.4,2,12.42139240479152,1.003773450638045,0.10993478261834594,0.13090650122544398
688,34.4,3,11.403439649898143,1.857931670624193,0.10122713870603885,0.07499324057799216
688,34.4,4,10.399585387461155,2.2185454422569,0.08495693410999303,0.10180198180136865
688,34.4,5,11.070219954283369,2.9854648639923127,0.0605560991682447,0.09456767038447723
689,34.45,0,11.556229881160313,0.6798636247037696,0.10437436956356863,0.10757130397608178
689,34.45,1,10.63147500040466,1.1452576645455217,0.08546448091398062,0.10565838533565816
689,34.45,2,12.426889143922438,1.010318775699317,0.10970964824198795,0.13112622632075305
689,34.45,3,11.408501006833445,1.8616813326530928,0.10109339322511261,0.07529333984253667
689,34.45,4,10.403833234166655,2.223635541346969,0.08472540621035629,0.10180216226830795
689,34.45,5,11.07324775924178,2.9901932475115367,0.060345103159210385,0.09469530855514066
690,34.5,0,11.56144859963849,0.6852421899025737,0.1041844690263293,0.10772910006959731
690,34.5,1,10.635748224450358,1.1505405838123046,0.08532305960893218,0.10580808546115655
690,34.5,2,12.432374626334537,1.0168750870153547,0.10948427872173669,0.1313447378726401
690,34.5,3,11.4135556764947,1.8654459996452195,0.10095962017594753,0.07559320630452615
690,34.5,4,10.408069504477172,2.2287256494603844,0.08449371773485603,0.10180243212045888
690,34.5,5,11.076265014399741,2.994928012939294,0.060133646320763685,0.09482255546525349
691,34.550000000000004,0,11.566657823089807,0.6906286449060536,0.10399395394542009,0.10788721839215647
691,34.550000000000004,1,10.640014377430806,1.1558309880853626,0.08518167254928306,0.10595686619133766
691,34.550000000000004,2,12.437848840270624,1.0234423239089867,0.1092586679267349,0.13156205724974446
691,34.550000000000004,3,11.418603657503498,1.8692256599604458,0.10082579506055388,0.0758928245931672
691,34.550000000000004,4,10.412294190363916,2.2338157710664075,0.08426187363221693,0.10180280190307697
691,34.550000000000004,5,11.079271696715779,2.9996691407125566,0.059921739999810555,0.09494940621475587
692,34.6,0,11.571857520787079,0.6960230058256615,0.10380283077571238,0.10804563616715376
692,34.6,1,10.644273461058269,1.1611288313949295,0.0850403158727172,0.10610472461154974
692,34.6,2,12.443311773666961,1.0300204267714739,0.10903281011429658,0.13177820518157113
692,34.6,3,11.423644947256525,1.873020301190104,0.10069189389509166,0.07619217978812869
692,34.6,4,10.416507284045526,2.2389059111615612,0.08402987888025089,0.10180328187936269
692,34.6,5,11.08226778371577,3.0044166110232946,0.05970939548237955,0.09507585602989195
693,34.65,0,11.577047662325864,0.7014252876340191,0.1036111059983182,0.10820433129266094
693,34.65,1,10.648525476851905,1.166434067625507,0.08489898584424395,0.10625165797010717
693,34.65,2,12.448763414172676,1.0366093370305525,0.1088066999119854,0.13199320178077614
693,34.65,3,11.42867954195128,1.8768299101795105,0.10055789320707836,0.076491257416403
693,34.65,4,10.420708777989539,2.2439960752555295,0.08379773847813887,0.1018038820289498
693,34.65,5,11.085253253489888,3.0091704038247893,0.05949662398267959,0.09520190026300758
694,34.7,0,11.58222821762578,0.7068355041986522,0.10341878612143215,0.10836328232561146
694,34.7,1,10.652770426144118,1.1717466505240124,0.08475767884958506,0.10639766367575149
694,34.7,2,12.454203749168276,1.0432089971195913,0.10858033230029678,0.13220706656459077
694,34.7,3,11.433707436611634,1.8806544730503307,0.10042377003235119,0.07679004344881171
694,34.7,4,10.424898664913446,2.249086269356977,0.08356545743897786,0.10180461204660848
694,34.7,5,11.088228084689023,3.0139304988379396,0.05928343663272541,0.09532753439221218
695,34.75,0,11.58739915693185,0.7122536683149328,0.10322587768083769,0.10852246846618765
695,34.75,1,10.657008310086598,1.1770665337078,0.08461639138887696,0.1065427392952066
695,34.75,2,12.45963276578329,1.0498193504478208,0.10835370259599125,0.13241981847541065
695,34.75,3,11.438728625113251,1.8844939752227714,0.10028950191181477,0.07708852429618343
695,34.75,4,10.429076937785394,2.2541764999593075,0.08333304078254185,0.1018054813411653
695,34.75,5,11.091192256520658,3.0186968755575503,0.05906984447255588,0.09545275402092787
696,34.800000000000004,0,11.592560450815892,0.7176797917382421,0.10303238724007244,0.10868186954243611
696,34.800000000000004,1,10.66123912965604,1.1823936706725602,0.08447512007070776,0.10668688255082753
696,34.800000000000004,2,12.46505045091309,1.0564403413715913,0.10812680643602392,0.1326314759006046
696,34.800000000000004,3,11.443743100208842,1.8883484014375806,0.10015506688797914,0.07738668680519574
696,34.800000000000004,4,10.43324358982452,2.259266774026366,0.08310049352830647,0.10180649903464388
696,34.800000000000004,5,11.094145748744285,3.0234695132585965,0.058855858440977904,0.09557755487731183
697,34.85,0,11.597712070177895,0.7231138852153639,0.10283832139030123,0.10884146599510187
697,34.85,1,10.665462885659576,1.1877280148001015,0.08433386160645161,0.10683009131834105
697,34.85,2,12.470456791234891,1.0630719151666215,0.10789963976205635,0.13284205669154625
697,34.85,3,11.448750853553241,1.8922177357778405,0.10002044350131965,0.07768451825394222
697,34.85,4,10.437398614500935,2.264357098978098,0.08286782068873036,0.10180767396162703
697,34.85,5,11.097088541666334,3.028248391002462,0.05864148936688745,0.0957019328135693
698,34.9,0,11.60285398624741,0.728555958515119,0.10264368674990741,0.10900123886268707
698,34.9,1,10.669679578739899,1.1930695193660186,0.08419261280490747,0.10697236362465555
698,34.9,2,12.475851773222994,1.0697140180011988,0.10767219880555116,0.13305157818191066
698,34.9,3,11.453751875728306,1.8961019616905377,0.09988561078645763,0.0779820063471634
698,34.9,4,10.441542005535371,2.2694474826761795,0.08263502726278805,0.1018090146688334
698,34.9,5,11.100020616134678,3.0330334876431406,0.058426747961092054,0.09582588380515542
699,34.95,0,11.607986170584907,0.7340060204582534,0.1024484899638297,0.10916116976672811
699,34.95,1,10.673889209380144,1.1984181375472513,0.08405137056720353,0.1071136976457576
699,34.95,2,12.481235383163272,1.0763665969102942,0.10744448007340245,0.13326005720523929
699,34.95,3,11.45874615626763,1.9000010620078958,0.09975054826817052,0.07827913921121275
699,34.95,4,10.445673756898511,2.274537933409621,0.08240211822977007,0.10181052941491625
699,34.95,5,11.102941953532733,3.0378247818333985,0.05821164480865219,0.09594940394987425
700,35.0,0,11.613108595083098,0.7394640789465897,0.10225273770267033,0.10932124089730853
700,35.0,1,10.678091777908504,1.2037738224295391,0.08391013188196293,0.10725409170467248
700,35.0,2,12.486607607166942,1.0830295997705561,0.10721648033411352,0.13346751011183777
700,35.0,3,11.463733683681038,1.9039150189684564,0.09961523595727026,0.07857590538876173
700,35.0,4,10.44979386281,2.279628459880367,0.0821690985433537,0.10181222617048166
700,35.0,5,11.105852535773165,3.0426222520308923,0.057996190361729164,0.09607248946687366
701,35.050000000000004,0,11.618221231968231,0.7449301409914552,0.10205643666158311,0.10948143499878091
701,35.050000000000004,1,10.682287284502602,1.2091365270147727,0.0837688938207162,0.10739354426948479
701,35.050000000000004,2,12.491968431183647,1.089702975276148,0.10698819660450729,0.13367395278497546
701,35.050000000000004,3,11.468714445478902,1.9078438142378944,0.09947965434631817,0.07887229383321012
701,35.050000000000004,4,10.453902317737167,2.284719071188891,0.08193597312591028,0.1018141126183139
701,35.050000000000004,5,11.10875234529125,3.047425876504236,0.05778039493289199,0.09619513669555362
702,35.1,0,11.62332405380131,0.7504042127413942,0.10185959355897604,0.10964173535572955
702,35.1,1,10.686475729193637,1.2145062042282468,0.08362765353355102,0.10753205395142856
702,35.1,2,12.497317841013873,1.0963866729153968,0.10675962613691398,0.13387940065645879
702,35.1,3,11.473688428196217,1.9117874289295549,0.09934378440522636,0.07916829390287959
702,35.1,4,10.457999116393463,2.2898097768198067,0.08170274686312218,0.10181619615381854
702,35.1,5,11.111641365037896,3.0522356333390137,0.05756426868891451,0.09631734209437379
703,35.15,0,11.62841703347926,0.7558862995091807,0.10166221513503283,0.10980212577915979
703,35.15,1,10.690657111870314,1.2198828069258183,0.08348640824497784,0.107669619503031
703,35.15,2,12.502655822320719,1.1030806429482198,0.10653076640688171,0.13408386872158898
703,35.15,3,11.478655617416479,1.9157458436246988,0.09920760757674088,0.0794638953549572
703,35.15,4,10.462084253736618,2.2949005866274974,0.08146942459882915,0.1018184838856733
703,35.15,5,11.114519578472342,3.057051500443732,0.057347821645018004,0.09643910223957826
704,35.2,0,11.633500144236011,0.7613764057981387,0.10146430815008192,0.10996259059290553
704,35.2,1,10.694831432282562,1.22526628790097,0.08334515525001002,0.10780623981630616
704,35.2,2,12.507982360641064,1.1097848363842993,0.10630161510134273,0.13428737155350348
704,35.2,3,11.483615997795315,1.9197190383924467,0.0990711057718118,0.07975908833922286
704,35.2,4,10.46615772496656,2.299991510821781,0.08123601113016533,0.10182098263668733
704,35.2,5,11.117386969554593,3.061873455555711,0.05713106365956338,0.0965604138238404
705,35.25,0,11.638573359643516,0.7668745353277839,0.1012658793828144,0.11012311462026739
705,35.25,1,10.698998690045062,1.2306565998917853,0.08320389191043667,0.10794191392100143
705,35.25,2,12.513297441396132,1.1164992049619744,0.1060721701072513,0.13448992331694554
705,35.25,3,11.488569553083906,1.923706992809408,0.098934261364849,0.0800538633915526
705,35.25,4,10.470219525523069,2.3050825599536156,0.08100251120295249,0.10182369894485765
705,35.25,5,11.12024352273757,3.0667014762469034,0.056914004429144203,0.09668127365482507
706,35.300000000000004,0,11.643636653612656,0.7723806910587973,0.10106693562838792,0.11028368317088616
706,35.300000000000004,1,10.703158884640585,1.2360536955878354,0.08306261565128269,0.10807664098288793
706,35.300000000000004,2,12.518601049901495,1.1232237011278217,0.10584242950067174,0.13469153778149126
706,35.300000000000004,3,11.493516266152149,1.9277096859789855,0.09879705718891903,0.08034821142724319
706,35.300000000000004,4,10.474269651083217,2.3101737449008586,0.08076892950735906,0.10182663906462922
706,35.300000000000004,5,11.123089222959027,3.0715355399296445,0.056696653484127946,0.0968016786536798
707,35.35,0,11.648690000394076,0.7778948752173416,0.10086748369640611,0.11044428202783517
707,35.35,1,10.707312015423149,1.2414575276369797,0.08292132395745935,0.10821042030209485
707,35.35,2,12.523893171376528,1.1299582780168962,0.10561239153630207,0.13489222833422418
707,35.35,3,11.498456119011594,1.9317270965503477,0.09865947653082426,0.08064212373413247
707,35.35,4,10.478308097558585,2.31526507685409,0.08053527067383122,0.10182980896834616
707,35.35,5,11.125924055633234,3.0763756238623285,0.056479020184573736,0.09692162585345132
708,35.4,0,11.653733374578897,0.7834170893187333,0.10066753040880766,0.11060489743493664
708,35.4,1,10.711458081621021,1.2468680486520844,0.08278001437055035,0.10834325131148084
708,35.4,2,12.529173790953344,1.1367028894336073,0.10538205463742414,0.1350920079919056
708,35.4,3,11.503389092838136,1.9357592027370543,0.09852150312612384,0.08093559196554993
708,35.4,4,10.482334861092276,2.320356567302507,0.08030153926926246,0.10183321434788757
708,35.4,5,11.128748006642462,3.0812217051550013,0.056261113716539475,0.09704111239744279
709,35.45,0,11.658766751099337,0.7889473341904801,0.10046708259766854,0.11076551608431347
709,35.45,1,10.71559708233955,1.2522852112176586,0.08263868448578687,0.10847513357504822
709,35.45,2,12.534442893685215,1.1434574898332026,0.10515141738626597,0.13529088941264342
709,35.45,3,11.508315167994441,1.9398059823353317,0.09838312115408064,0.08122860813311489
709,35.45,4,10.48634993805574,2.3254482280199014,0.08006773979344148,0.10183686061650032
709,35.45,5,11.13156106232829,3.0860737607748736,0.05604294308877486,0.09716013553750397
710,35.5,0,11.663790105229221,0.7944856099946958,0.1002661471029213,0.11092612510416032
710,35.5,1,10.71972901656384,1.257708967896411,0.08249733194916231,0.10860606678639045
710,35.5,2,12.539700464554528,1.1502220343038347,0.10492047851475304,0.1354888849070904
710,35.5,3,11.513234324052146,1.9438674127419875,0.0982443152325431,0.0815211645993771
710,35.5,4,10.490353325045412,2.3305400710507262,0.07983387667576385,0.10184075291079621
710,35.5,5,11.134363209482729,3.0909317675517487,0.05582451712976641,0.09727869263226016
711,35.550000000000004,0,11.668803412584367,0.8000319162499038,0.10006473077003035,0.11108671204673665
711,35.550000000000004,1,10.723853883161297,1.2631392712357306,0.08235595445468014,0.10873605076716455
711,35.550000000000004,2,12.544946488480266,1.1569964785491893,0.10468923689567065,0.13568600644918286
711,35.550000000000004,3,11.518146539813772,1.9479434709719563,0.09810507041278375,0.08181325407031187
711,35.550000000000004,4,10.4943450188792,2.335632108696266,0.07959995427215084,0.1018448960929327
711,35.550000000000004,5,11.137154435339216,3.0957957021833615,0.05560584448513348,0.09739678114529556
712,35.6,0,11.673806649122868,0.8055862518522406,0.09986284044759215,0.11124726487659163
712,35.6,1,10.72797168088403,1.2685760737740888,0.08221454974174514,0.10886508546561058
712,35.6,2,12.55018095032505,1.1637807788716485,0.10445769153417442,0.13588226568643297
712,35.6,3,11.523051793334412,1.9520341336754718,0.09796537217426095,0.08210486958770899
712,35.6,4,10.498325016592807,2.340724353500913,0.07936597686227755,0.10184929475295973
712,35.6,5,11.139934727563473,3.1006655412406263,0.05538693361536585,0.09751439864327503
713,35.65,0,11.678799791145249,0.8111486150960703,0.09966048298491266,0.11140777195900393
713,35.65,1,10.732082408371117,1.2740193280473693,0.08207311559267051,0.10899317095508015
713,35.65,2,12.555403834901758,1.1705748921559702,0.10422584155970037,0.13607767394981765
713,35.65,3,11.527950061943125,1.9561393771548572,0.09782520641937237,0.0823960045214248
713,35.65,4,10.50229331543592,2.3458168182385606,0.07913194864697966,0.10185395321132606
713,35.65,5,11.142704074244241,3.10554126117279,0.05516779279387879,0.09763154279402775
714,35.7,0,11.683782815294494,0.8167190036940205,0.0994576652295431,0.11156822204864265
714,35.7,1,10.73618606415075,1.2794689865951232,0.08193164983031599,0.10912030743261086
714,35.7,2,12.560615126979744,1.177378775853461,0.10399368621819056,0.1362722422632339
714,35.7,3,11.532841322264094,1.9602591773809284,0.09768455946813542,0.0826866525615472
714,35.7,4,10.50624991286827,2.3509095158991267,0.07889787374595501,0.10185887552154581
714,35.7,5,11.145462463883936,3.1104228383124917,0.05494843010538939,0.09774821136458141
715,35.75,0,11.68875569855597,0.8222974147964527,0.09925439402478742,0.1117286042784473
715,35.75,1,10.740282646642266,1.2849250019667537,0.08179015031583013,0.10924649521750619
715,35.75,2,12.565814811290654,1.1841923879666227,0.10376122486469881,0.13646598135258842
715,35.75,3,11.5377255502375,1.9643935100090057,0.09754341805285215,0.08297680771045594
715,35.75,4,10.510194806555567,2.356002459675204,0.07866375619565989,0.10186406547301298
715,35.75,5,11.148209885389205,3.115310248880721,0.05472885344459267,0.09786440221916054
716,35.800000000000004,0,11.69371841825721,0.827883845010375,0.09905067620720631,0.11188890814873743
716,35.800000000000004,1,10.744372154158057,1.2903873267276291,0.08164861494650517,0.10937173474996223
716,35.800000000000004,2,12.571002872533889,1.191015687034252,0.10352845695630904,0.13665890165451267
716,35.800000000000004,3,11.542602721140142,1.9685423503945285,0.09740176931274956,0.08326646427481653
716,35.800000000000004,4,10.514127994365351,2.3610956629488546,0.07842959994744936,0.10186952659396573
716,35.800000000000004,5,11.150946328061435,3.120203468991679,0.05450907051512891,0.09798011331714267
717,35.85,0,11.698670952067571,0.833478290417812,0.09884651860409947,0.11204912351651537
717,35.85,1,10.748454584905382,1.2958559134651273,0.08150704165372494,0.10949602658969176
717,35.85,2,12.576179295381705,1.1978486321169777,0.10329538204538248,0.13685101332469699
717,35.85,3,11.547472809605779,1.9727056736082693,0.09725960078857471,0.08355561685748579
717,35.85,4,10.518049474362723,2.366189139278553,0.07819540886594105,0.10187526215458315
717,35.85,5,11.153671781587192,3.125102474657536,0.054289088828819276,0.09809534271098676
718,35.9,0,11.703613277997777,0.8390807465936377,0.09864192803099589,0.11220924058500789
718,35.9,1,10.752529936988068,1.3013307147946118,0.08136542840100972,0.1096193714145872
718,35.9,2,12.581344064483973,1.2046911827832125,0.10306199977312643,0.13704232624592058
718,35.9,3,11.552335789645207,1.9768834544511436,0.09711690041719565,0.08384426034937707
718,35.9,4,10.52195924480602,2.371282902386282,0.07796118672758454,0.10188127517021846
718,35.9,5,11.156386236028633,3.1300072417930855,0.05406891570519603,0.09821008854413028
719,35.95,0,11.708545374399327,0.8446912086228882,0.09843691128914482,0.11236924989340953
719,35.95,1,10.75659820840812,1.3068116833653411,0.08122377318217038,0.10974177001940133
719,35.95,2,12.586497164472629,1.2115432990955086,0.10282830986345198,0.13723285003572014
719,35.95,3,11.557191634666067,1.9810756674686123,0.09697365652616673,0.08413238992126094
719,35.95,4,10.525857304142399,2.376376966144793,0.07772693721946286,0.10188756840476003
719,35.95,5,11.159089681813892,3.134917746220292,0.05384855827126506,0.09832434904885885
720,36.0,0,11.713467219963784,0.8503096711175586,0.09823147516301553,0.11252914230682914
720,36.0,1,10.760659397067228,1.3122987718663113,0.0810820740195156,0.10986322331442976
720,36.0,2,12.591638579965801,1.2184049415972946,0.10259431211714294,0.13742259405375554
720,36.0,3,11.562040317492375,1.9852822869646753,0.09682985782828774,0.08442000101552923
720,36.0,4,10.529743651003372,2.381471344565031,0.07749266393826992,0.10189414437410692
720,36.0,5,11.161782109727456,3.139833963672735,0.05362802346152248,0.09843812254415378
721,36.050000000000004,0,11.718378793721934,0.8559361282329001,0.09802562641782071,0.11268890900646435
721,36.050000000000004,1,10.764713500768202,1.3177919330320327,0.08094032896216644,0.10998373232423521
721,36.050000000000004,2,12.596768295571659,1.2252760712999824,0.10236000640630034,0.13761156740888927
721,36.050000000000004,3,11.566881810383789,1.9895032870154519,0.0966854934161619,0.08470708933794531
721,36.050000000000004,4,10.533618284200285,2.3865660517837366,0.0772583703895223,0.10190100534976317
721,36.050000000000004,5,11.164463510900532,3.1447558697999427,0.05340731801822702,0.09855140743351674
722,36.1,0,11.723280075042824,0.8615705736832233,0.09781937179705733,0.11284854147996458
722,36.1,1,10.768760517216311,1.3232911196482444,0.0807985360844389,0.11010329818636852
722,36.1,2,12.601886295891974,1.2321566496704268,0.10212539266906964,0.13779977896595083
722,36.1,3,11.571716085054597,1.993738641482349,0.09654055275673983,0.0849936508493559
722,36.1,4,10.53748120271976,2.391661102051225,0.07702405998693268,0.10190815336254025
722,36.1,5,11.167133876801444,3.1496834401716187,0.05318644849187567,0.09866420220278402
723,36.15,0,11.728171043632678,0.8672130007572215,0.09761271802007122,0.11300803151201133
723,36.15,1,10.772800444020532,1.328796284557563,0.08065669348429824,0.11022192215011299
723,36.15,2,12.606992565525427,1.2390466386187244,0.10189047090463539,0.13798723735225576
723,36.15,3,11.576543112692434,1.9979883240248169,0.09639502568586232,0.08527968175739385
723,36.15,4,10.541332405719107,2.396756509719352,0.07678973605197446,0.10191559020635658
723,36.15,5,11.169793199226037,3.154616650281758,0.05296542124189897,0.09877650541791905
724,36.2,0,11.73305167953368,0.8728634023328221,0.09740567177966725,0.11316737117510048
724,36.2,1,10.776833278694747,1.3343073806650685,0.08051479928189054,0.11033960557524494
724,36.2,2,12.61208708907066,1.2459460004863372,0.10165524116846412,0.13817395096384416
724,36.2,3,11.581362863976727,2.0022523081126864,0.09624890240282095,0.08556517850820196
724,36.2,4,10.545171892521706,2.40185228922967,0.07655540181365246,0.10192331744214018
724,36.2,5,11.172441470288131,3.1595554755526543,0.052744242437587664,0.09888831572279945
725,36.25,0,11.737921963122664,0.8785217708915771,0.09719823973972971,0.11332655282051647
725,36.25,1,10.780859018658841,1.3398243609438307,0.08037285161813446,0.11045634993080097
725,36.25,2,12.617169851129082,1.2528546980345294,0.10141970356781256,0.1383599279714674
725,36.25,3,11.586175309096868,2.0065305670380966,0.0961021734648898,0.08585013777814017
725,36.25,4,10.548999662612388,2.406948455101777,0.07632106040842049,0.1019313364018104
725,36.25,5,11.17507868241001,3.164499891338794,0.05252291805919129,0.09899963183699396
726,36.300000000000004,0,11.742781875109651,0.8841880985326029,0.09699042853290989,0.11348556906951492
726,36.300000000000004,1,10.784877661239747,1.3453471784403708,0.08023084865337331,0.11057215679386183
726,36.300000000000004,2,12.622240836307473,1.2597726944331027,0.10118385825748015,0.1385451763263579
726,36.300000000000004,3,11.590980417770112,2.0108230739270034,0.09595482978190616,0.08613455646552026
726,36.300000000000004,4,10.552815715632809,2.4120450219218674,0.0760867148802596,0.10193964819235339
726,36.300000000000004,5,11.17770482831297,3.169449872930644,0.05230145389921319,0.09911045255353221
727,36.35,0,11.747631396536297,0.8898623769860787,0.09678224475833631,0.11364441280469639
727,36.35,1,10.788889203672415,1.3508757862800638,0.08008878856609962,0.11068702784834787
727,36.35,2,12.627300029220347,1.2666999532494205,0.10094770543577833,0.1387297037657395
727,36.35,3,11.595778159259208,2.0151298017502794,0.09580686261082665,0.08641843168236799
727,36.35,4,10.556620051376822,2.417142004331485,0.07585236818094714,0.10194825369996478
727,36.35,5,11.18031990100793,3.1744053955583205,0.05207985556390198,0.0992207767366787
728,36.4,0,11.752470508774215,0.8955445976263136,0.09657369497937682,0.1138030771615743
728,36.4,1,10.79289364310072,1.356410137672481,0.07994666955172226,0.11080096488382336
728,36.4,2,12.632347414492136,1.2736364384377075,0.10071124534074763,0.1389135178181504
728,36.4,3,11.600568502389748,2.0194507233343977,0.09565826355031468,0.0867017607462143
728,36.4,4,10.560412669785869,2.4222394170164834,0.07561802317044487,0.10195715359427393
728,36.4,5,11.182923893786125,3.1793664343951544,0.05185812847487968,0.09933060331969938
729,36.45,0,11.757299193523183,0.9012347514843922,0.09636478572145292,0.11396155552033943
729,36.45,1,10.796890976578307,1.3619501859166723,0.07980448982140605,0.11091396979431332
729,36.45,2,12.637382976759174,1.280582114328615,0.10047447824657942,0.13909662580854318
729,36.45,3,11.605351415567265,2.023785811371708,0.09550902453534085,0.086984541171932
729,36.45,4,10.564193570944392,2.427337274696197,0.07538368261746387,0.1019663483326263
729,36.45,5,11.185516800209868,3.1843329645611393,0.0516362778709719,0.09943993130263426
730,36.5,0,11.762117432809255,0.9069328292604092,0.09615552346989942,0.11411984149780785
730,36.5,1,10.800881201069378,1.367495884406388,0.07966224760095333,0.11102604457712821
730,36.5,2,12.642406700671502,1.287536945619042,0.10023740446025461,0.13927903486318746
730,36.5,3,11.610126866794031,2.028135038430305,0.09535913783179481,0.08726677066362172
730,36.5,4,10.567962755075264,2.4324355921128284,0.07514934920015176,0.10197583816442828
730,36.5,5,11.188098614103417,3.189304961126271,0.051414308810166724,0.09954875975007575
731,36.550000000000004,0,11.76692520898275,0.9126388213352996,0.09594591466787723,0.11427792893955947
731,36.550000000000004,1,10.804864313449427,1.3730471866352445,0.07951994112973175,0.11113719133169778
731,36.550000000000004,2,12.647418570894516,1.2945008973622014,0.10000002431838512,0.13946075191439783
731,36.550000000000004,3,11.61489482368562,2.032498376963486,0.09520859603111995,0.08754844710654851
731,36.550000000000004,4,10.571720222535271,2.43753438402105,0.0749150255069037,0.10198562313554561
731,36.550000000000004,5,11.190669329543926,3.1942823991137748,0.051192226171726425,0.099657087788954
732,36.6,0,11.771722504716143,0.9183527177822776,0.09573596571434817,0.11443581191225437
732,36.6,1,10.808840310505913,1.3786040462018294,0.07937756865966117,0.11124741225840813
732,36.6,2,12.652418572110435,1.3014739349579214,0.09976233818426272,0.13964178370506686
732,36.6,3,11.619655253487176,2.0368757993188136,0.09505739204497066,0.08782956855914362
732,36.6,4,10.575465973810616,2.4426336651778273,0.07468071403732215,0.10199570309274801
732,36.6,5,11.193228940852512,3.1992652535032224,0.05097003465843452,0.09976491460633494
733,36.65,0,11.77650930300186,0.9240745083778903,0.09552568296209887,0.11459348469614723
733,36.65,1,10.812809188938896,1.3841664168147498,0.07923512845424234,0.11135670965745613
733,36.65,2,12.657406689019648,1.3084560241431749,0.09952434644507295,0.1398221367930468
733,36.65,3,11.624408123089424,2.041267277746771,0.09490551909989023,0.08811013324508896
733,36.65,4,10.579200009512482,2.4477334503324646,0.07444641720328402,0.10200607768820467
733,36.65,5,11.195777442585433,3.204253499233539,0.05074773879897393,0.09987223944722527
734,36.7,0,11.781285587149966,0.9298041826126977,0.09531507271582937,0.11475094177775998
734,36.7,1,10.816770945361608,1.3897342522976226,0.07909261878763775,0.11146508592770389
734,36.7,2,12.662382906341902,1.3154471309828273,0.09928604950932407,0.140001817555361
734,36.7,3,11.629153399044418,2.0456727844090254,0.09475297073202005,0.08839013954546078
734,36.7,4,10.582922330372647,2.4528337542168748,0.0742121373301231,0.10201674638400818
734,36.7,5,11.198314829525382,3.2092471112059004,0.05052534295043205,0.09997906161239584
735,36.75,0,11.786051340785757,0.9355417297015857,0.09510414123029742,0.11490817784274834
735,36.75,1,10.82072557630099,1.3953075065940077,0.07895003794377548,0.1115725435655328
735,36.75,2,12.667347208817368,1.3224472218605954,0.09904744780442348,0.14018083219225497
735,36.75,3,11.633891047581018,2.0500922913862984,0.09459974078182047,0.08866958599096633
735,36.75,4,10.586632937239152,2.457934591536075,0.07397787665791856,0.10202770845673266
735,36.75,5,11.200841096672903,3.2142460642865203,0.050302851300914685,0.10008538045622441
736,36.800000000000004,0,11.790806547847271,0.941287138593723,0.09489289470852386,0.11506518776893629
736,36.800000000000004,1,10.82467307819818,1.4008861337722844,0.0788073842155288,0.11167908516371908
736,36.800000000000004,2,12.67229958120759,1.329456263470208,0.0988085417744421,0.14035918673112827
736,36.800000000000004,3,11.63862103462011,2.0545257706858466,0.09444582338884501,0.08894847125426855
736,36.800000000000004,4,10.590331831072048,2.4630359769589116,0.07374363734287828,0.10203896300202822
736,36.800000000000004,5,11.203356239237948,3.2192503333093314,0.05008026787226811,0.1001911953845518
737,36.85,0,11.795551192582698,0.9470403979821699,0.09468133930006498,0.11522196661952577
737,36.85,1,10.828613447408955,1.4064700880304704,0.07866465590390231,0.11178471341029843
737,36.85,2,12.67724000829631,1.3364742228067645,0.09856933187803701,0.14053688703030326
737,36.85,3,11.643343325789552,2.05897319424856,0.09429121298651941,0.08922679414240543
737,36.85,4,10.594019012939192,2.468137925109013,0.07350942145882869,0.10205050893922432
737,36.85,5,11.205860252631561,3.224259893078559,0.04985759652290051,0.10029650585256031
738,36.9,0,11.800285259547701,0.9528014963131461,0.09446948109934274,0.11537850963647103
738,36.9,1,10.83254668020415,1.4120593237009853,0.07852185131727737,0.11188943108744395
738,36.9,2,12.682168474890213,1.3435010671582797,0.09832981858651821,0.14071393878267938
738,36.9,3,11.648057886438878,2.06343453395568,0.0941359042969655,0.08950455358931435
738,36.9,4,10.597694484012134,2.4732404505559744,0.07327523099878577,0.10206234501596
738,36.9,5,11.208353132457706,3.229274718371187,0.04963484095070494,0.10040131136267776
739,36.95,0,11.80500873360267,0.9585704217949697,0.09425732614404052,0.11553481223402311
739,36.95,1,10.836472772770014,1.4176537952553574,0.07837896877068434,0.11199324107034096
739,36.95,2,12.687084965819539,1.3505367640974135,0.09809000238210402,0.14089034751926283
739,36.95,3,11.652764681653725,2.067909761635146,0.09397989232585656,0.0897817486484454
739,36.95,4,10.601358245562073,2.4783435678067725,0.07304106787659097,0.10207446981282367
739,36.95,5,11.210834874505242,3.2342947839393212,0.04941200469604325,0.10050561146250292
740,37.0,0,11.80972159990987,0.9643471624066708,0.09404488041356523,0.1156908699924395
740,37.0,1,10.840391721208547,1.4232534573088744,0.07823600658512725,0.11209614632606942
740,37.0,2,12.691989465938644,1.3575812814733768,0.09784988375626506,0.14106611861256768
740,37.0,3,11.657463676270018,2.072398849067568,0.09382317235729934,0.09005837848550559
740,37.0,4,10.605010298955902,2.4834472912974137,0.07280693392865402,0.10208688174800108
740,37.0,5,11.213305474740045,3.2393200645124463,0.049189091144845674,0.10060940574276216
741,37.050000000000004,0,11.814423843930548,0.9701317059062928,0.09383214982756713,0.11584667865186217
741,37.050000000000004,1,10.844303521537803,1.428858264625178,0.07809296308692937,0.11219814991249129
741,37.050000000000004,2,12.696881960126458,1.3646345874040051,0.09760946320824834,0.1412412572799386
741,37.050000000000004,3,11.662154834887883,2.0769017679918433,0.09366573994876931,0.09033444237131896
741,37.050000000000004,4,10.608650645652334,2.488551635384814,0.07257283091574555,0.10209957908192896
741,37.050000000000004,5,11.215764929297286,3.2443505347995845,0.04896610353177151,0.10071269383528246
742,37.1,0,11.819115451421927,0.975924039838886,0.09361914024453064,0.11600223410633936
742,37.1,1,10.84820816969215,1.4344681721208026,0.07794983660711648,0.11229925497712706
742,37.1,2,12.70176243328687,1.3716966502680021,0.09736874124373372,0.14141576858673238
742,37.1,3,11.666838121885322,2.0814184901104094,0.09350759092605467,0.09060993967478051
742,37.1,4,10.612279287198122,2.49365661433891,0.07233876052484976,0.102112559921946
742,37.1,5,11.218213234473875,3.2493861694913484,0.04874304494340553,0.10081547541101005
743,37.15,0,11.823796408434154,0.981724151544203,0.09340585746043034,0.11615753239802035
743,37.15,1,10.852105661522506,1.440083134869659,0.07780662548083823,0.11239946475604648
743,37.15,2,12.706630870349057,1.3787674386973388,0.09712771837358286,0.14158965744942742
743,37.15,3,11.671513501431624,2.0859489870941483,0.09334872137825975,0.09088486985595967
743,37.15,4,10.615896225224365,2.4987622423350073,0.07210472437108431,0.10212582222693653
743,37.15,5,11.220650386721045,3.254426943261899,0.04851991832155725,0.10091775017804736
744,37.2,0,11.828466701307175,0.987532028164104,0.09319230720744502,0.11631256971149724
744,37.2,1,10.855995992796547,1.4457031081074614,0.07766332804681988,0.11249878257275236
744,37.2,2,12.711487256267736,1.3858469215698102,0.09688639511275877,0.14176292863863482
744,37.2,3,11.676180937500538,2.0904932305869464,0.09318912765283971,0.09115923245931991
744,37.2,4,10.619501461442919,2.503868533446354,0.07187072399966782,0.10213936381197251
744,37.2,5,11.223076382637123,3.259472830770801,0.04829672646659216,0.1010195178797267
745,37.25,0,11.833126316667547,0.9933476566496788,0.0929784951527441,0.1164673423682995
745,37.25,1,10.859879159198888,1.451328047236099,0.07751994264685183,0.1125972118370661
745,37.25,2,12.716331576023373,1.3929350680017418,0.09664477197931245,0.14193558678202056
745,37.25,3,11.68084039388318,2.095051192209912,0.09302880635067312,0.09143302710708107
745,37.25,4,10.623094997642902,2.5089755016369524,0.07163676088794439,0.10215318235293644
745,37.25,5,11.225491218960451,3.2645238066647875,0.048073472040832226,0.1011207782927209
746,37.300000000000004,0,11.837775241425184,0.9991710237680939,0.09276442689733178,0.11662184682154425
746,37.300000000000004,1,10.86375515633123,1.4569579078279522,0.07737646762529787,0.11269475604401583
746,37.300000000000004,2,12.721163814622338,1.4000318473408428,0.0964028494935182,0.14210763636714796
746,37.300000000000004,3,11.685491834200715,2.099622843565266,0.092867754321171,0.09170625349269672
746,37.300000000000004,4,10.626676835687299,2.5140831607545993,0.07140283644742322,0.10216727539113075
746,37.300000000000004,5,11.227894892562492,3.2695798455794236,0.04785015757196232,0.10122153122518261
747,37.35,0,11.84241346277005,1.0050021161091711,0.09255010797496141,0.11677607965072148
747,37.35,1,10.867623979712494,1.462592645630153,0.07723290132864699,0.11279141877271177
747,37.35,2,12.725983957097014,1.4071372291592001,0.0961606281770951,0.14227908174424414
747,37.35,3,11.690135221916773,2.104208156239901,0.09270596865743659,0.0919789113744897
747,37.35,4,10.63024697750967,2.519191524524156,0.07116895202588971,0.10218164033786725
747,37.35,5,11.23028740044109,3.2746409221406827,0.04762678545651971,0.10132177651492642
748,37.4,0,11.847040968168798,1.0108409200917072,0.09233554385110658,0.116930037556639
748,37.4,1,10.871485624778927,1.4682322165687887,0.07708924210508987,0.11288720368523592
748,37.4,2,12.73079198850587,1.4142511832464124,0.09591810855254025,0.14244992712889362
748,37.4,3,11.694770520349644,2.108807101808625,0.09254344669145534,0.09225100056941933
748,37.4,4,10.633805425110964,2.524300606541049,0.07093510890952001,0.10219627447902892
748,37.4,5,11.232668739713917,3.279707010966429,0.04740335796338673,0.1014215140276417
749,37.45,0,11.851657745361354,1.0166874219695392,0.09212073992199601,0.1170837173564979
749,37.45,1,10.875340086884181,1.4738765767530504,0.0769454883041209,0.11298211452551311
749,37.45,2,12.735587893933497,1.421373679602857,0.09567529114254596,0.14262017660466797
749,37.45,3,11.699397692684217,2.1134196518370962,0.09238018598932887,0.09252252094698081
749,37.45,4,10.637352180556439,2.5294104202650005,0.07070130832502648,0.10221117497960674
749,37.45,5,11.235038907612086,3.284778086667811,0.04717987723730548,0.10152074365514811
750,37.5,0,11.856263782357454,1.0225416078373641,0.09190570151372901,0.117237115979118
750,37.5,1,10.879187361299387,1.4795256824793261,0.0768016382761856,0.11307615511819631
750,37.5,2,12.740371658490623,1.4285046884330905,0.09543217646951992,0.14278983412568633
750,37.5,3,11.704016701983683,2.1180457778844453,0.09221618434657089,0.09279347242328859
750,37.5,4,10.64088724597269,2.5345209790139807,0.07046755144184957,0.1022263388882165
750,37.5,5,11.237397901473951,3.2898541238505685,0.046956345302463426,0.10161946531369112
751,37.550000000000004,0,11.86085906743314,1.02840346363632,0.09169043388141504,0.11739023046028646
751,37.550000000000004,1,10.883027443213196,1.485179490235236,0.07665769037232506,0.11316932936752581
751,37.550000000000004,2,12.7451432673141,1.435644180139375,0.09518876505518065,0.1429589035191178
751,37.550000000000004,3,11.708627511201012,2.1226854515056095,0.0920514397834024,0.09306385495524891
751,37.550000000000004,4,10.644410623544783,2.5396322959583917,0.07023383937432275,0.10224176314155854
751,37.550000000000004,5,11.239745718739075,3.294935097116253,0.04673276406602167,0.10171767894227496
752,37.6,0,11.86544358912721,1.0342729751593343,0.09147494220841162,0.11754305793826188
752,37.6,1,10.886860327731812,1.4908379567036123,0.07651364294388449,0.11326164125620755
752,37.6,2,12.749902705566859,1.4427921253153309,0.0949450574202481,0.1431273884876356
752,37.6,3,11.713230083190183,2.127338644253372,0.09188595054014224,0.09333366853494886
752,37.6,4,10.6479223155135,2.5447443841154698,0.07000017318389257,0.10225744456886905
752,37.6,5,11.242082356942376,3.300020981063367,0.04650913532173102,0.10181538450103655
753,37.65,0,11.87001733623763,1.0401501280562473,0.09125923160560626,0.1176955956493928
753,37.65,1,10.890686009879007,1.4965010387664226,0.07636949434222474,0.1133530948442713
753,37.65,2,12.754649958437872,1.4499484947397125,0.09470105408419732,0.14329529261180876
753,37.65,3,11.71782438071719,2.1320053276801194,0.09171971507260811,0.09360291318414422
753,37.65,4,10.651422324172694,2.549857256343913,0.06976655388132201,0.10227337989631141
753,37.65,5,11.244407813708463,3.3051117502884186,0.04628546075350699,0.10191258196966435
754,37.7,0,11.87458029781791,1.046034907838717,0.09104330711075057,0.11784784092387597
754,37.7,1,10.894504484596117,1.5021686935086362,0.07622524291846133,0.11344369426792918
754,37.7,2,12.759385011142081,1.457113259370303,0.09445675556510279,0.14346261935245552
754,37.7,3,11.72241036647082,2.136685473339327,0.09155273204756348,0.09387158894892554
754,37.7,4,10.65491065186676,2.5549709253387287,0.06953298242889851,0.10228956575133305
754,37.7,5,11.24672208674614,3.310207379386902,0.046061741939019345,0.10200927134585484
755,37.75,0,11.879132463173448,1.0519272998849107,0.0908271736878745,0.11799979118164469
755,37.75,1,10.89831574674204,1.5078408782220327,0.07608088702324951,0.11353344373842993
755,37.75,2,12.764107848920336,1.4642863903379257,0.09421216237952808,0.14362937205293758
755,37.75,3,11.726988003073197,2.141379052786773,0.09138500033823321,0.09413969589454703
755,37.75,4,10.658387300988206,2.5600854036262954,0.0692994597426688,0.10230599866698364
755,37.75,5,11.24902517384309,3.3153078429541947,0.04583798035331646,0.10210545264381614
756,37.800000000000004,0,11.883673821857842,1.057827289443993,0.09061083622673091,0.11815144392836856
756,37.800000000000004,1,10.902119791093204,1.5135175504089542,0.07593642500656303,0.1136223475409004
756,37.800000000000004,2,12.768818457039313,1.4714678589405725,0.09396727504250717,0.14379555394142945
756,37.800000000000004,3,11.73155725309011,2.1460860375815,0.0912165190198319,0.0944072341003821
756,37.800000000000004,4,10.66185227397534,2.5652007035596447,0.06906598669462193,0.1023226750861737
756,37.800000000000004,5,11.251317072860756,3.3204131155863856,0.045614177372382055,0.10220112589281401
757,37.85,0,11.888204363669178,1.0637348616404114,0.09039429954232388,0.11830279675159872
757,37.85,1,10.905916612343532,1.5191986677859992,0.07579185521753043,0.11371041003318663
757,37.85,2,12.773516820791437,1.478657636637644,0.09372209406757219,0.14396116813313106
757,37.85,3,11.7361180790411,2.150806399286519,0.09104728736516615,0.09467420365506625
757,37.85,4,10.665305573310071,2.5703168373139533,0.06883256411490977,0.10233959136589806
757,37.85,5,11.253597781729376,3.3255231718810263,0.04539033427673922,0.10229629113576115
758,37.9,0,11.892724078646294,1.0696500014779913,0.09017756837446886,0.11845384731701698
758,37.9,1,10.909706205104408,1.5248841882876585,0.07564717600427436,0.11379763564469114
758,37.9,2,12.778202925494815,1.4858556950443007,0.09347661996682978,0.14412621763245742
758,37.9,3,11.740670443409359,2.1555401094692725,0.09087730484026126,0.09494060465179237
758,37.9,4,10.668747201515817,2.5754338168822484,0.06859919279404612,0.10235674378139731
758,37.9,5,11.255867298443212,3.3306379864378144,0.04516645225503421,0.10239094842784882
759,37.95,0,11.897232957065018,1.0755726938438421,0.08996064738742328,0.11860459336480658
759,37.95,1,10.913488563904622,1.530574070069893,0.0755023857137774,0.11388402887518582
759,37.95,2,12.782876756493156,1.4930620059259236,0.09323085325111653,0.1442907053351856
759,37.95,3,11.745214308651372,2.1602871397018624,0.09070657110004758,0.09520643718373888
759,37.95,4,10.672177161155519,2.5805516540713183,0.06836587348506179,0.10237412853027139
759,37.95,5,11.258125621055964,3.3357575338592067,0.044942532407563046,0.10248509783522851
760,38.0,0,11.90173098943439,1.0815029235120825,0.08974354116957162,0.11875503270615095
760,38.0,1,10.91726368319031,1.5362682715136524,0.07535748269179204,0.11396959429364434
760,38.0,2,12.787538299155711,1.5002765411926828,0.09298479443017646,0.14445463403057007
760,38.0,3,11.749749637206374,2.1650474615610493,0.09053508598409515,0.09547170133970612
760,38.0,4,10.675595454829772,2.585670360497832,0.06813260690569775,0.10239174173653987
760,38.0,5,11.260372747676342,3.340881788750968,0.044718575749855126,0.10257873943373311
761,38.050000000000004,0,11.906218166492868,1.0874406751473902,0.08952625423314302,0.11890516321982784
761,38.050000000000004,1,10.9210315573249,1.5419667512283346,0.07521246528273204,0.11405433653703408
761,38.050000000000004,2,12.79218753887722,1.5074992728942114,0.09273844401290715,0.14461800640343148
761,38.050000000000004,3,11.754276391505579,2.1698210466280345,0.0903628495123706,0.09573639719985455
761,38.050000000000004,4,10.679002085175057,2.5907899475846587,0.06789939374051449,0.10240957945463622
761,38.050000000000004,5,11.262608676463834,3.3460107257226546,0.04449458321615324,0.10267187330764765
762,38.1,0,11.910694479204526,1.0933859333083815,0.08930879101400656,0.1190549828489356
762,38.1,1,10.924792180589037,1.5476694680551863,0.07506733182963972,0.11413826030912837
762,38.1,2,12.796824461077867,1.514730173214383,0.09249180250763747,0.14478082503621656
762,38.1,3,11.758794533981197,2.174607866488027,0.09018986188107345,0.09600052483164628
762,38.1,4,10.682397054862083,2.5959104265573907,0.06766623464303478,0.10242763767335375
762,38.1,5,11.264833405624643,3.351144319388037,0.04427055566292498,0.10276449954851882
763,38.15,0,11.915159918755226,1.0993386824508282,0.08909115587149816,0.11920448959771408
763,38.15,1,10.92854554718052,1.5533763810706427,0.07492208067412645,0.11422137037929167
763,38.15,2,12.801449051203248,1.5219692144661938,0.0922448704224448,0.14494309241102973
763,38.15,3,11.76330402707525,2.179407892729609,0.09001612345849593,0.09626408428593358
763,38.15,4,10.685780366594235,2.6010318084410584,0.06743313023782227,0.10244591231972634
763,38.15,5,11.267046933407789,3.356282544365463,0.04404649387233398,0.10285661825401955
764,38.2,0,11.919614476548801,1.105298906930714,0.08887335308830124,0.11935368152847935
764,38.2,1,10.932291651214225,1.5590874495896072,0.07477671015637044,0.11430367158125954
764,38.2,2,12.80606129472437,1.5292163690867453,0.09199764826551124,0.14510481091164623
764,38.2,3,11.767804833248174,2.1842210969439058,0.0898416347809399,0.0965270755931931
764,38.2,4,10.689152023106127,2.606154104057045,0.06720008112255003,0.10246439926284463
764,38.2,5,11.269249258101405,3.361425375278164,0.04382239855566137,0.10294822952684841
765,38.25,0,11.924058144203217,1.111266591007138,0.08865538687038176,0.11950255675866404
765,38.25,1,10.936030486722043,1.5648026331686702,0.07463121861510813,0.11438516881191131
765,38.25,2,12.810661177137646,1.5364716096323277,0.09175013654551985,0.14526598282549014
765,38.25,3,11.772296914987221,2.1890474507235655,0.08966639654867392,0.09678949875993786
765,38.25,4,10.692512027162254,2.611277324020187,0.06696708787003201,0.102483094317617
765,38.25,5,11.271440378029189,3.3665727867545066,0.04359827035671645,0.1030393334736832
766,38.300000000000004,0,11.928490913546735,1.1172417188450712,0.08843726134696261,0.11965111345796262
766,38.300000000000004,1,10.939762047652799,1.5705218916092658,0.07448560438766917,0.11446586703003188
766,38.300000000000004,2,12.815248683964922,1.543734908773602,0.09150233577206886,0.14542661034560847
766,38.300000000000004,3,11.776780234814655,2.1938869256615625,0.08949040962194688,0.0970513537652765
766,38.300000000000004,4,10.695860381555756,2.616401478736068,0.06673415103021771,0.1025019932484579
766,38.300000000000004,5,11.273620291547024,3.371724753428191,0.04337410985520179,0.10312993020417299
767,38.35,0,11.932912776614083,1.1232242745179692,0.08821898057053913,0.11979934984557539
767,38.35,1,10.943486327872183,1.5762451849607675,0.07433986581002443,0.1145457712550638
767,38.35,2,12.819823800753525,1.5510062392908825,0.09125424645611567,0.1455866955726135
767,38.35,3,11.781254755295752,2.1987394933498265,0.0893136750170335,0.09731264055763421
767,38.35,4,10.699197089107267,2.6215265783984907,0.06650127113216643,0.10252109177291709
767,38.35,5,11.275788997039784,3.3768812499383993,0.04314991757003863,0.10322001982998096
768,38.400000000000006,0,11.93732372564261,1.129214242010248,0.08800054851695295,0.11994726418755071
768,38.400000000000006,1,10.947203321162684,1.5819724735235208,0.0741940012168427,0.11462488656584525
768,38.400000000000006,2,12.82438651307633,1.5582855740695132,0.09100586911046087,0.14574624051660975
768,38.400000000000006,3,11.785720439046603,2.2036051253777083,0.0891361939023405,0.09757335905162394
768,38.400000000000006,4,10.702522152663876,2.6266526329871365,0.0662684486859618,0.10254038556523473
768,38.400000000000006,5,11.277946492918286,3.3820422509298984,0.04292569396264939,0.10330960246386381
769,38.45,0,11.941723753068457,1.1352116052196255,0.08778196908549783,0.12009485479422885
769,38.45,1,10.950913021223526,1.587703717851813,0.07404800894158381,0.11470321809934263
769,38.45,2,12.828936806531853,1.5655728860953437,0.09075720425023058,0.1459052470991031
769,38.45,3,11.79017724874172,2.2084837933302897,0.08895796759455285,0.09783350912508476
769,38.45,4,10.705835575098174,2.631779652265398,0.06603568418461149,0.10255987025984051
769,38.45,5,11.280092777616419,3.3872077310530915,0.04270143944020741,0.10339867821880752
770,38.5,0,11.946112851522733,1.141216347959337,0.08756324609906849,0.12024212001777296
770,38.5,1,10.954615421670605,1.5934388787567801,0.07390188731659249,0.1147807710493629
770,38.5,2,12.833474666744365,1.5728681484502989,0.09050825239340447,0.14606371715489871
770,38.5,3,11.794625147121447,2.213375468786544,0.0887789975548296,0.09809309061626027
770,38.5,4,10.709137359307405,2.63690764577839,0.06580297810587048,0.10257954145476837
770,38.5,5,11.282227849588429,3.392377664964032,0.042477154358826916,0.1034872472071989
771,38.550000000000004,0,11.950491013827685,1.1472284539602255,0.0873443833043558,0.12038905824980412
771,38.550000000000004,1,10.958310516036434,1.5991779173092482,0.07375563467322849,0.11485755066527034
771,38.550000000000004,2,12.838000079364036,1.580171334308044,0.09025901406133449,0.14622165243397375
771,38.550000000000004,3,11.799064096999189,2.218280123317357,0.08859928538503876,0.09835210332114387
771,38.550000000000004,4,10.712427508212699,2.6420366228511285,0.06557033091406884,0.10259939471502155
771,38.550000000000004,5,11.28435170730637,3.3975520273243918,0.042252839026709385,0.10357530954004068
772,38.6,0,11.954858232992903,1.1532479068727157,0.08712538437207375,0.12053566791912147
772,38.6,1,10.961998297770096,1.6049207948425117,0.07360924934200798,0.11493356225067819
772,38.6,2,12.842513030067103,1.5874824169297426,0.09000948977929897,0.14637905460334788
772,38.6,3,11.80349406126844,2.223197728483414,0.08841883282405531,0.09861054699097468
772,38.6,4,10.715706024758402,2.6471665925868795,0.06533774306186019,0.10261942557584998
772,38.6,5,11.286464349257706,3.402730792801394,0.04202849370726662,0.10366286532621667
773,38.650000000000006,0,11.959214502211507,1.1592746902686717,0.08690625289722534,0.12068194748950443
773,38.650000000000006,1,10.965678760237196,1.6106674729550456,0.07346272965274968,0.1150088111621313
773,38.650000000000006,2,12.847013504556068,1.59480136965991,0.08975968007705726,0.14653592524892886
773,38.650000000000006,3,11.807915002909642,2.2281282558329627,0.08823764174407663,0.09886842132985207
773,38.650000000000006,4,10.718972911911495,2.652297563865672,0.06510521499191912,0.10263962954596224
773,38.650000000000006,5,11.28856577394307,3.407913936067705,0.041804118622120925,0.10374991467179318
774,38.7,0,11.963559814856369,1.165308787643147,0.08668699239941793,0.1208278954576165
774,38.7,1,10.969351896719834,1.6164179135131522,0.0733160739347623,0.11508330280778664
774,38.7,2,12.851501488559922,1.6021281659223563,0.08950958548941652,0.14669226587735001
774,38.7,3,11.812326884996846,2.2330716768994554,0.08805571414702286,0.09912572599256474
774,38.7,4,10.72222817266109,2.65742954534297,0.06487274713863744,0.10266000211067834
774,38.7,5,11.290655979874176,3.4131014318012944,0.041579713954158756,0.10383645767936894
775,38.75,0,11.96789416447634,1.1713501824160277,0.08646760632319692,0.12097351035098598
775,38.75,1,10.973017700416571,1.6221720786535416,0.07316928051702647,0.11515704264607132
775,38.75,2,12.855976967834392,1.6094627792162237,0.08925920655681323,0.14684807791780363
775,38.75,3,11.816729670704197,2.238027963199084,0.08787305216095201,0.0993824605825023
775,38.75,4,10.725471810018021,2.662562545448504,0.06464033992971538,0.10268053873499544
775,38.75,5,11.292734965571883,3.418293254685263,0.04135527985043373,0.10392249444746171
776,38.800000000000004,0,11.9722175447925,1.177398857933577,0.08624809803841998,0.12111879072606678
776,38.800000000000004,1,10.976676164442424,1.6279299307858452,0.07302234772839875,0.11523003618433349
776,38.800000000000004,2,12.860439928162233,1.616805183112114,0.08900854382589007,0.14700336272384387
776,38.800000000000004,3,11.821123323312245,2.242997086228209,0.08768965803653149,0.09963862464973954
776,38.800000000000004,4,10.728703827014508,2.6676965723852537,0.06440799378773834,0.10270123486658651
776,38.800000000000004,5,11.294802729564404,3.423489379407636,0.041130816425057254,0.1040080250699411
777,38.85,0,11.97652994969442,1.1834547974698804,0.08602847084067226,0.12126373516638392
777,38.85,1,10.980327281828844,1.633691432595062,0.07287527389783958,0.11530228897748018
777,38.85,2,12.864890355353527,1.6241553512483062,0.08875759785008484,0.14715812157519292
777,38.85,3,11.825507806214071,2.247979017460696,0.08750553414355736,0.0998942176892644
777,38.85,4,10.731924226703894,2.672831634128583,0.06417570913170047,0.10272208593873085
777,38.85,5,11.296859270385657,3.428689780661133,0.04090632376203299,0.10409304963550017
778,38.900000000000006,0,11.980831373236454,1.1895179842281995,0.08580872795170535,0.1214083422807679
778,38.900000000000006,1,10.983971045523736,1.639456547043936,0.0727280573546467,0.11537380662661366
778,38.900000000000006,2,12.869328235246032,1.6315132573270659,0.08850636919021669,0.14731235567953846
778,38.900000000000006,3,11.82988308292125,2.252973728345159,0.0873206829675235,0.10014923913934953
778,38.900000000000006,4,10.73513301216048,2.6779677384255196,0.06394348637846667,0.10274308737317245
778,38.900000000000006,5,11.298904586573759,3.4338944331429078,0.04068180191802423,0.10417756822716807
779,38.95,0,11.98512180963404,1.195588401342238,0.08558887251990421,0.12155261070164344
779,38.95,1,10.987607448391469,1.6452252373752667,0.07258069642869859,0.11544459477763452
779,38.95,2,12.873753553705543,1.6388788751110428,0.08825485841507986,0.14746606617429894
779,38.95,3,11.834249117069625,2.2579811903021265,0.08713510710621851,0.10040368838004567
779,38.95,4,10.738330186479404,2.6831048927941783,0.063711325944184,0.10276423458289471
779,38.95,5,11.30093867666966,3.439103311554266,0.04045725092505779,0.10426158092186132
780,39.0,0,11.989401253260034,1.2016660318773202,0.08536890762079946,0.12169653908341893
780,39.0,1,10.991236483212903,1.6509974671141485,0.07243318945072615,0.1155146591198601
780,39.0,2,12.878166296626297,1.6462521784197577,0.08800306610202192,0.14761925412840932
780,39.0,3,11.838605872424935,2.263001374721129,0.08694880926639414,0.10065756473183629
780,39.0,4,10.741515752776612,2.688243104523323,0.06347922824565741,0.1027855229748437
780,39.0,5,11.302961539215913,3.4443163906003593,0.04023267079317598,0.1043450877899773
781,39.050000000000004,0,11.993669698641074,1.2077508588314911,0.08514883625759048,0.12184012610093757
781,39.050000000000004,1,10.99485814268544,1.6567732000701416,0.07228553475258798,0.11558400538461532
781,39.050000000000004,2,12.882566449931398,1.6536331411261782,0.08775099283753617,0.14777192054407276
781,39.050000000000004,3,11.842953312888255,2.2680342529577207,0.08676179226045927,0.10091086745440983
781,39.050000000000004,4,10.744689714188896,2.693382380672065,0.06324719370165091,0.1028069479525576
781,39.050000000000004,5,11.304973172755572,3.449533644989858,0.04000806151302805,0.10442808889502249
782,39.1,0,11.997927140453953,1.213842865136538,0.08492866136170744,0.12198337044799155
782,39.1,1,10.998472419423068,1.6625524003393723,0.07213773066755039,0.1156526393438068
782,39.1,2,12.886953999573274,1.6610217371533817,0.08749863921783534,0.14792406635850605
782,39.1,3,11.847291402501279,2.273079796330441,0.08657405900322261,0.10116359574556116
782,39.1,4,10.747852073873979,2.698522728069693,0.06301522273414538,0.10282850491873578
782,39.1,5,11.306973575831224,3.4547550494346093,0.03978342305838071,0.10451058429328222
783,39.150000000000006,0,12.002173573522038,1.2199420336589377,0.08470838579339303,0.12212627083593197
783,39.150000000000006,1,11.002079305956446,1.6683350323065627,0.07198977553059849,0.11572056680850976
783,39.150000000000006,2,12.891328931534165,1.668417940471307,0.08724600584942542,0.14807569244568888
783,39.150000000000006,3,11.85162010545144,2.278137976117719,0.08638561250868647,0.10141574874024242
783,39.150000000000006,4,10.751002835010686,2.70366415331563,0.06278331576955094,0.10285018927773425
783,39.150000000000006,5,11.308962746984143,3.459980578649273,0.03955875538858866,0.10459257403352172
784,39.2,0,12.006408992811707,1.2260483472007344,0.08448801234231365,0.12226882599231621
784,39.2,1,11.005678794732976,1.674121060646988,0.0718416676787446,0.1157877936275186
784,39.2,2,12.895691231826635,1.6758217250935916,0.08699309334967399,0.14822679961808075
784,39.2,3,11.855939386076875,2.283208763554731,0.08619645588687647,0.1016673255097163
784,39.2,4,10.754142000799163,2.7088066627795166,0.06255147323984818,0.10287199643798482
784,39.2,5,11.310940684753573,3.465210207350949,0.03933405845098337,0.10467405815672907
785,39.25,0,12.010633393428822,1.2321617885003502,0.0842675437281974,0.12241103465965157
785,39.25,1,11.009270878116913,1.679910450328364,0.07169340545135004,0.11585432568590791
785,39.25,2,12.90004088649412,1.6832330650744955,0.08673990234736087,0.14837738862834896
785,39.25,3,11.860249208871219,2.288292129830217,0.0860065923407279,0.10191832506085814
785,39.25,4,10.757269574461155,2.713950262601416,0.06231969558369444,0.10289392181435048
785,39.25,5,11.312907387676123,3.4704439102587856,0.039109332183212255,0.10475503669589174
786,39.300000000000004,0,12.014846770615232,1.2382823402333327,0.0840469826014895,0.12255289559418191
786,39.300000000000004,1,11.012855548389481,1.6857031666126594,0.07154498719045926,0.11592016890356734
786,39.300000000000004,2,12.904377881611488,1.690651934505913,0.08648643348323849,0.14852746017107607
786,39.300000000000004,3,11.864549538488255,2.29338804608326,0.08581602516300707,0.102168746335563
786,39.300000000000004,4,10.76038555924034,2.7190949586921334,0.062087983247458726,0.10291596083039901
786,39.300000000000004,5,11.314862854285284,3.47568166209358,0.03888457651549663,0.10483550967580635
787,39.35,0,12.019049119745308,1.244409985013042,0.08382633154402452,0.12269440756474208
787,39.35,1,11.016432797749005,1.6914991750578379,0.07139641124114184,0.11598532923373817
787,39.35,2,12.90870220328565,1.6980783075144668,0.08623268741054771,0.14867701488444493
787,39.35,3,11.868840339746406,2.2984964834000383,0.08562475773326567,0.10241858821027662
787,39.35,4,10.763489958402713,2.7242407567336535,0.06185633668622361,0.10293810892061543
787,39.35,5,11.316807083111058,3.4809234375773705,0.03865979137283673,0.10491547711292387
788,39.400000000000006,0,12.023240436322508,1.250544705391279,0.0836055930697446,0.12283556935168974
788,39.400000000000006,1,11.02000261831106,1.6972984415195247,0.07124767595184478,0.1160498126615343
788,39.400000000000006,2,12.913013837656177,1.705512158258689,0.08597866479555887,0.14882605335194637
788,39.400000000000006,3,11.87312157763307,2.303617412810552,0.08543279351487607,0.10266784949564434
788,39.400000000000006,4,10.766582775237024,2.7293876621796844,0.061624756364705054,0.10296036153253592
788,39.400000000000006,5,11.3187400726797,3.4861692114330167,0.038434976677135,0.10499493901522297
789,39.45,0,12.027420715975996,1.2566864838588636,0.08338476962540037,0.12297637974587049
789,39.45,1,11.023565002108652,1.7031009321526014,0.0710987796747522,0.11611362520245376
789,39.45,2,12.917312770895954,1.7129534609262862,0.08572436631806891,0.14897457610403697
789,39.45,3,11.877393217308814,2.3087508052853343,0.08524013605206196,0.10291652893627713
789,39.45,4,10.76966401305526,2.7345356802563114,0.06139324275815102,0.10298271412881606
789,39.45,5,11.320661821513557,3.491418958383778,0.03821013234928103,0.10507389538212657
790,39.5,0,12.031589954457266,1.2628353028461572,0.08316386359130605,0.12311683754766617
790,39.5,1,11.02711994109239,1.708906613412724,0.07094972076615122,0.11617677290088574
790,39.5,2,12.921598989211857,1.720402189731488,0.08546979267190392,0.14912258361981637
790,39.5,3,11.881655224111418,2.313896631732148,0.08504678896701327,0.10316462521061946
790,39.5,4,10.772733675193168,2.739684815962752,0.061161796353161255,0.10300516218922687
790,39.5,5,11.32257232813102,3.4966726531528844,0.03798525831113495,0.10515234620443374
791,39.550000000000004,0,12.03574814763683,1.2689911447235405,0.08294287728208866,0.12325694156608642
791,39.550000000000004,1,11.030667427130698,1.7147154520577683,0.07080049758682119,0.11623926182861362
791,39.550000000000004,2,12.925872478845452,1.727858318912479,0.08521494456539334,0.14927007632867584
791,39.550000000000004,3,11.885907563559769,2.319054862992679,0.08485275595702113,0.10341213693093854
791,39.550000000000004,4,10.775791765010826,2.7448350740722134,0.06093041764847306,0.10302770121258732
791,39.550000000000004,5,11.324471591046576,3.5019302704631063,0.03776035448747531,0.10523029146429488
792,39.6,0,12.039895291500935,1.2751539918018449,0.08272181294746346,0.12339669061791454
792,39.6,1,11.034207452010039,1.720527415149199,0.07065110850239435,0.1163010980832933
792,39.6,2,12.930133226073721,1.7353218227289129,0.08495982272183818,0.1494170546119396
792,39.6,3,11.89015020135762,2.324225469839226,0.08465804079165481,0.10365906264340487
792,39.6,4,10.778838285893249,2.7499864591328427,0.060699107155676515,0.10305032671861863
792,39.6,5,11.32635960877095,3.507191785036321,0.037535420807853284,0.10530773113521238
793,39.650000000000006,0,12.044031382148308,1.2813238263327407,0.08250067277303379,0.12353608352691267
793,39.650000000000006,1,11.037740007435158,1.7263424700533636,0.0705015518837635,0.11636228778693937
793,39.650000000000006,2,12.934381217209813,1.7427926754595098,0.08470442787995976,0.14956351880449958
793,39.650000000000006,3,11.894383103397203,2.329408422971396,0.08446264731000702,0.1039054008282807
793,39.650000000000006,4,10.781873241251033,2.7551389754687734,0.060467865399892545,0.10307303424973682
793,39.650000000000006,5,11.328236379811344,3.5124571715930815,0.037310457208403494,0.10538466518206344
794,39.7,0,12.04815641578696,1.2875006305090864,0.0822794588810855,0.12367511912307871
794,39.7,1,11.041265085029346,1.7321605844427106,0.07035182610746482,0.11642283708440468
794,39.7,2,12.93861643860381,1.7502708513997347,0.08444876079431898,0.14970946919642936
794,39.7,3,11.898606235762703,2.3346036930128102,0.08426657941794406,0.10415114990022045
794,39.7,4,10.784896634521028,2.7602926271812604,0.06023669292039576,0.1030958193727796
794,39.7,5,11.330101902671764,3.517726404852185,0.037085463633576156,0.10546109356116122
795,39.75,0,12.052270388731014,1.2936843864652403,0.08205817333141227,0.12381379624194816
795,39.75,1,11.04478267633472,1.7379817262969308,0.07020192955608608,0.11648275214184133
795,39.75,2,12.942838876643526,1.7577563248595562,0.08419282223573922,0.14985490603458926
795,39.75,3,11.9028195647336,2.3398112505078212,0.08406984108542538,0.10439630820864056
795,39.75,4,10.787908469167048,2.7654474181498996,0.06000559027118145,0.10311867768066046
795,39.75,5,11.331956175853442,3.5229994595302427,0.03686044003779815,0.10553701622033261
796,39.800000000000004,0,12.056373297397585,1.2998750762773377,0.08183681812215453,0.12395211372395099
796,39.800000000000004,1,11.048292772812523,1.7438058639040228,0.07005186061866889,0.11654203914517051
796,39.800000000000004,2,12.947048517755313,1.7652490701612857,0.08393661299168953,0.14999982952422788
796,39.800000000000004,3,11.907023056787871,2.345031065918253,0.08387243634386263,0.10464087403820695
796,39.800000000000004,4,10.790908748680607,2.7706033520339326,0.05977455802149075,0.10314160479396266
796,39.800000000000004,5,11.333799197855331,3.5282763103412593,0.036635386387073886,0.10561243309902386
797,39.85,0,12.060465138303693,1.3060726819635353,0.08161539519063701,0.12409007041380991
797,39.85,1,11.051795365843457,1.7496329658612813,0.06990161769111125,0.11660070429853374
797,39.85,2,12.951245348404898,1.7727490616374972,0.0836801338666574,0.1501442398305435
797,39.85,3,11.911216678605063,2.3502631096201636,0.08367436928350212,0.10488484560940864
797,39.85,4,10.793897476581682,2.7757604322736307,0.059543596756275914,0.10316459636246689
797,39.85,5,11.335630967174685,3.5335569319962103,0.03641030266053218,0.10568734412844286
798,39.900000000000006,0,12.064545908063225,1.312277185484226,0.0813939064142319,0.12422766515998966
798,39.900000000000006,1,11.055290446728012,1.755463001076208,0.06975119917659,0.11665875382275051
798,39.900000000000006,2,12.95542935509823,1.7802562736290244,0.08342338568251063,0.15028813708026736
798,39.900000000000006,3,11.915400397069238,2.355507351900634,0.08347564405087438,0.1051282210792022
798,39.900000000000006,4,10.796874656419496,2.780918662091754,0.059312707076625774,0.10318764806660737
798,39.900000000000006,5,11.337451482307712,3.5388412992026326,0.03618518885188121,0.10576174923169977
799,39.95,0,12.068615603383938,1.3184885687422254,0.08117235361122895,0.1243648968141891
799,39.95,1,11.058778006686842,1.7612959387673455,0.06960060348597162,0.11671619395376806
799,39.95,2,12.959600524382356,1.7877706804830378,0.08316636927881227,0.15043152136320206
799,39.95,3,11.919574179271782,2.360763762954594,0.08327626484626421,0.10537099854177034
799,39.95,4,10.799840291773327,2.7860780444950843,0.05908188960014908,0.10321075561888053
799,39.95,5,11.339260741750305,3.5441293866642174,0.03596004497082996,0.10583564832399855
800,40.0,0,12.0726742210645,1.324706813582935,0.08095073854171007,0.12450176423087302
800,40.0,1,11.06225803686114,1.767131748465034,0.06944982903822443,0.11677303094109713
800,40.0,2,12.963758842846296,1.795292256551198,0.08290908551315185,0.15057439273376524
800,40.0,3,11.923737992514095,2.3660323128816825,0.08307623592123385,0.10561317602932306
800,40.0,4,10.802794386253334,2.791238582276028,0.05885114496127765,0.10323391476517067
800,40.0,5,11.341058743998847,3.5494211690804174,0.03573487104439696,0.10590904131282891
801,40.050000000000004,0,12.076721757991585,1.3309319017944785,0.08072906290843646,0.12463826626685516
801,40.050000000000004,1,11.06573052831305,1.7729704000120887,0.06929887426085105,0.11682927104627013
801,40.050000000000004,2,12.967904297121954,1.8028209761878862,0.08265153526141283,0.15071675121250616
801,40.050000000000004,3,11.927891804310157,2.3713129716831487,0.0828755615761774,0.10585475151301928
801,40.050000000000004,4,10.805736943501397,2.796400278014287,0.05862047381157358,0.1032571212860291
801,40.050000000000004,5,11.342845487551067,3.554716621146059,0.03550966711821964,0.10598192809818988
802,40.1,0,12.080758211137008,1.3371638151078213,0.08050732835775139,0.12477440178090109
802,40.1,1,11.069195472026093,1.7788118635644021,0.06914773759029812,0.11688492054126345
802,40.1,2,12.972036873885026,1.8103568137485115,0.08239371941806595,0.15085859678761226
802,40.1,3,11.932035582388966,2.3766057092587998,0.08267424615793031,0.10609572290392845
802,40.1,4,10.808667967191976,2.8015631340785885,0.05838987681995088,0.10328037099788656
802,40.1,5,11.344620970906977,3.5600157175509684,0.035284433257742866,0.10605430857283056
803,40.150000000000006,0,12.084783577554896,1.3434025351968664,0.08028553648047614,0.12491016963339943
803,40.150000000000006,1,11.072652858905608,1.7846561095914653,0.06899641747238719,0.11693998570695291
803,40.150000000000006,2,12.976156559855928,1.817899743587892,0.08213563889639448,0.1509999294164016
803,40.150000000000006,3,11.936169294696862,2.381910495403996,0.08247229405740164,0.10633608805409224
803,40.150000000000006,4,10.811587461032973,2.8067271526284827,0.058159354672868945,0.10330365975420955
803,40.150000000000006,5,11.346385192569864,3.56531843297961,0.03505916954937491,0.10612618262250968
804,40.2,0,12.08879785437892,1.3496480436785363,0.08006368881282806,0.12504556868604247
804,40.2,1,11.076102679779227,1.7905031088768129,0.06884491236273224,0.1169944728315396
804,40.2,2,12.980263341800748,1.8254497400587122,0.08187729462872965,0.15114074902678823
804,40.2,3,11.940292909399732,2.3872272998067006,0.08226970970725773,0.10657584475762791
804,40.2,4,10.814495428766616,2.8118923356161933,0.057928908074480485,0.10332698344658645
804,40.2,5,11.348138151047333,3.5706247421107355,0.034833876101568365,0.10619755012627208
805,40.25,0,12.09280103881956,1.3559003221128385,0.0798417868373271,0.1251805978015619
805,40.25,1,11.079544925397364,1.7963528325183897,0.06869322072716645,0.11704838820899353
805,40.25,2,12.984357206532184,1.8330067775100516,0.08161868756665294,0.1512810555187493
805,40.25,3,11.944406394885094,2.392556092044582,0.08206649757964454,0.10681499075192545
805,40.25,4,10.81739187417034,2.8170586847885226,0.05769853774673753,0.10335033800577065
805,40.25,5,11.349879844852412,3.575934619617049,0.03460855304584712,0.1062684109567445
806,40.300000000000004,0,12.096793128161426,1.3621593520029167,0.07961983198372723,0.12531525584348996
806,40.300000000000004,1,11.082979586433723,1.8022052519288394,0.068541341042168,0.11710173813749274
806,40.300000000000004,2,12.988438140910517,1.8405708302859891,0.08135981868116977,0.1514208487657569
806,40.300000000000004,3,11.948509719764077,2.3978968415821784,0.0818626621839446,0.10705352371888874
806,40.300000000000004,4,10.820276801057677,2.822226201688811,0.057468244429458595,0.10337371940265604
806,40.300000000000004,5,11.351610272504704,3.581248040164886,0.03438320053776704,0.10633876498044277
807,40.35,0,12.100774119760613,1.3684251147950912,0.07939782562993718,0.12544954167595054
807,40.35,1,11.086406653485831,1.808060338835714,0.06838927179527172,0.11715452891785319
807,40.35,2,12.992506131844577,1.8481418727242769,0.08110068896287961,0.151560128616196
807,40.35,3,11.952602852873275,2.403249517768123,0.08165820806457816,0.10729144128624173
807,40.35,4,10.823150213279149,2.827394887658944,0.05723802888034106,0.10339712364919841
807,40.35,5,11.353329432531593,3.586564978413908,0.034157818757814755,0.10640861205810398
808,40.400000000000006,0,12.10474401104211,1.3746975918788888,0.07917576910295689,0.12558345416350045
808,40.400000000000006,1,11.089826117075594,1.8139180652816065,0.06823701148549972,0.11720676685198589
808,40.400000000000006,2,12.99656116629272,1.8557198791550866,0.08084129942210157,0.15169889489477725
808,40.400000000000006,3,11.956685763276504,2.408614089832435,0.08145313979884578,0.10752874102890717
808,40.400000000000006,4,10.826012114723166,2.832564743841404,0.057007891874956786,0.10342054679928919
808,40.400000000000006,5,11.355037323469483,3.5918854090168133,0.03393240791226097,0.10647795204502226
809,40.45,0,12.108702799497257,1.3809767645870639,0.0789536636798055,0.12571699217097645
809,40.45,1,11.09323796764987,1.8197784036242057,0.06808455862377441,0.11725845824132185
809,40.45,2,13.000603231263826,1.8633048238998255,0.08058165108899298,0.1518371474039098
809,40.45,3,11.960758420266446,2.41399052688388,0.08124746199479761,0.10776542047040048
809,40.45,4,10.828862509316915,2.8377357711813684,0.056777834206689436,0.10344398494955563
809,40.45,5,11.356733943865096,3.5972093066190642,0.03370696823392199,0.10654678479140044
810,40.5,0,12.112650482681246,1.3872626141956126,0.07873151058845843,0.12585015456339618
810,40.5,1,11.096642195581058,1.8256413265362719,0.06793191173334336,0.11730960938527903
810,40.5,2,13.004632313818275,1.870896681270021,0.08032174501363891,0.1519748859250746
810,40.5,3,11.964820793366187,2.4193787979074,0.08104117928915235,0.10800147708432738
810,40.5,4,10.83170140102725,2.842907970428846,0.056547856686654956,0.10346743424013624
810,40.5,5,11.358419292276793,3.6025366458586343,0.0334814999829074,0.10661511014271917
811,40.550000000000004,0,12.11658705821067,1.3935551219237825,0.07850931100878948,0.1259829402058697
811,40.550000000000004,1,11.100038791167725,1.8315068070055358,0.06777906935018073,0.11736022657969593
811,40.550000000000004,2,13.008648401068957,1.8784954255662747,0.08006158226612592,0.15211211022016705
811,40.550000000000004,3,11.968872852330644,2.4247788717616165,0.08083429634525605,0.10823690829588366
811,40.550000000000004,4,10.834528793861582,2.8480813421408526,0.05631796014355421,0.10349089085537387
811,40.550000000000004,5,11.360093367275939,3.60786740136577,0.03325600344727309,0.1066829279401142
812,40.6,0,12.120512523761109,1.399854268934076,0.07828706607351127,0.12611534796354795
812,40.6,1,11.103427744635233,1.8373748183345207,0.06762603002341117,0.11741031611530071
812,40.6,2,13.012651480182264,1.886101031077283,0.07980116393657789,0.1522488200328195
812,40.6,3,11.972914567147907,2.4301907171764108,0.08062681785107054,0.1084717114834361
812,40.6,4,10.83734469186876,2.8532558866836215,0.05608814542353416,0.10351435102448356
812,40.6,5,11.361756167448302,3.6132015477627757,0.03303047894365155,0.10675023802076265
813,40.650000000000006,0,12.124426877064785,1.4061600363322535,0.07806477686910922,0.12624737670159342
813,40.650000000000006,1,11.106809046136403,1.8432453341402857,0.06747279231570844,0.11745988427616719
813,40.650000000000006,2,13.016641538379092,1.893713472078924,0.07954049113519726,0.15238501508971286
813,40.650000000000006,3,11.97694590804046,2.4356143027505825,0.08041874851720156,0.1087058839801178
813,40.650000000000006,4,10.840149099139936,2.8584316042348457,0.055858413389972515,0.10353781102215295
813,40.650000000000006,5,11.363407691395485,3.6185390596638136,0.03280492681778509,0.10681704021828113
814,40.7,0,12.128330115908241,1.4124724051673332,0.07784244443679182,0.1263790252851741
814,40.7,1,11.11018268575219,1.849118328354094,0.06731935480370131,0.11750893733818055
814,40.7,2,13.020618562935852,1.9013327228334096,0.07927956499226273,0.15252069510185143
814,40.7,3,11.98096684546632,2.4410495969495885,0.08021009307496942,0.10893942307547735
814,40.7,4,10.842942019809435,2.8636084947859533,0.05562876492325465,0.10356126716909694
814,40.7,5,11.365047937736374,3.623879911674728,0.032579347445045266,0.1068833343631331
815,40.75,0,12.132222238130081,1.418791356431592,0.07762006977342437,0.12651029257949378
815,40.75,1,11.113548653492375,1.854993775221003,0.06716571607838116,0.11755748156752165
815,40.75,2,13.024582541185465,1.908958757588502,0.07901838665809728,0.1526558597658381
815,40.75,3,11.984977350120069,2.4464965681033624,0.0800008562745148,0.10917232601717493
815,40.75,4,10.845723458055598,2.868786558144408,0.055399200920526345,0.10358471583257763
815,40.75,5,11.366676905108626,3.6292240783928844,0.032353741230886385,0.10694912028304454
816,40.800000000000004,0,12.136103241618752,1.4251168710605666,0.07739765383247536,0.12664117744982373
816,40.800000000000004,1,11.116906939296294,1.860871649299379,0.0670118747454836,0.11760552321913825
816,40.800000000000004,2,13.02853346051837,1.916591550576794,0.07875695730305496,0.15279050876510358
816,40.800000000000004,3,11.988977392933794,2.451955184404221,0.07979104288293827,0.10940459001268502
816,40.800000000000004,4,10.848493418101624,2.873965793936037,0.05516972229538188,0.10360815342685435
816,40.800000000000004,5,11.368294592170171,3.6345715344070366,0.032128108611226176,0.1070143978034248
817,40.85,0,12.139973124310377,1.4314489299330577,0.07717519752494573,0.12677167876157855
817,40.85,1,11.120257533033568,1.866751925460336,0.06685782942589334,0.11765306853524708
817,40.85,2,13.032471308383522,1.9242310760150492,0.0784952781174376,0.1529246417711355
817,40.85,3,11.99296694507794,2.4574254139048555,0.07958065768247889,0.10963621223106336
817,40.85,4,10.851251904216394,2.8791462016073797,0.05494032997756116,0.1036315764136089
817,40.85,5,11.369900997600732,3.639922254297208,0.03190245005281649,0.10707916674779797
818,40.900000000000006,0,12.143831884186623,1.4377875138711367,0.07695270172032104,0.12690179538039417
818,40.900000000000006,1,11.123600424504863,1.8726345788870984,0.0667035787560165,0.11770012374382927
818,40.900000000000006,2,13.036396072289394,1.931877308103606,0.07823335031143341,0.1530582584446757
818,40.900000000000006,3,11.996945977962064,2.4629072245164085,0.07936970546873658,0.1098671898047161
818,40.900000000000006,4,10.853998920715272,2.8843277804280603,0.05471102491259747,0.10365498130231174
818,40.900000000000006,5,11.371496120103373,3.645276212634598,0.0316767660535215,0.10714342693823098
819,40.95,0,12.14767951927264,1.4441326036401565,0.0767301672474855,0.12703152617223668
819,40.95,1,11.126935603442664,1.87851958507429,0.06654912138816697,0.11774669505714044
819,40.95,2,13.040307739804966,1.9395302210258398,0.07797117511499509,0.15319135843688325
819,40.95,3,12.0009144632355,2.4684005840066443,0.07915819104890692,0.11009751983121134
819,40.95,4,10.856734471960902,2.889510529493176,0.05448180806144211,0.10367836465055318
819,40.95,5,11.373079958406048,3.6506333839815093,0.03145105714257786,0.10720717819578261
820,41.0,0,12.151516027635013,1.4504841799487684,0.0765075948956724,0.12716087000352877
820,41.0,1,11.130263059512073,1.884406919827147,0.0663944559909429,0.11779278867024086
820,41.0,2,13.044206298560717,1.947189788947684,0.0777087537777362,0.15332394139050579
820,41.0,3,12.004872372787945,2.4739054599982047,0.07894611924008668,0.11032719937511125
820,41.0,4,10.859458562363974,2.8946944477257035,0.054252680400068545,0.10370172306432933
820,41.0,5,11.374652511263177,3.6559937428912983,0.031225323880791456,0.10727042034093795
821,41.050000000000004,0,12.155341407379797,1.4568422234489449,0.07628498541538334,0.1272898257412896
821,41.050000000000004,1,11.13358278231162,1.8902965592606589,0.0662395812495874,0.11783841075951965
821,41.050000000000004,2,13.048091736249603,1.9548559860172092,0.07744608756878199,0.15345600694099326
821,41.050000000000004,3,12.00881967874995,2.4794218199669604,0.07873349486758983,0.11055622546982055
821,41.050000000000004,4,10.862171196383978,2.89987953387892,0.05402364291904827,0.10372505319828422
821,41.050000000000004,5,11.376213777457217,3.661357263908345,0.030999566860694643,0.10733315319406338
822,41.1,0,12.159155656650567,1.4632067147360093,0.07606233951931385,0.12741839225328558
822,41.1,1,11.1368947613741,1.8961884797986348,0.06608449586635164,0.11788356748123824
822,41.1,2,13.051964040628041,1.9625287863642589,0.07718317777661335,0.15358755471760788
822,41.1,3,12.012756353493328,2.4849496312404513,0.078520322763304,0.11078459511945146
822,41.1,4,10.86487237852993,2.905065786538834,0.05379469662309709,0.10374835175590766
822,41.1,5,11.37776375580025,3.6667239215680483,0.030773786706652793,0.10739537657584901
823,41.150000000000006,0,12.162958773626533,1.4695776343486735,0.0758396578832749,0.12754656840822398
823,41.150000000000006,1,11.140198986167418,1.9020826581726966,0.06592919856085402,0.1179282649701052
823,41.150000000000006,2,13.055823199516873,1.9702081641001392,0.07692002570887403,0.15371858434451194
823,41.150000000000006,3,12.016682369631493,2.490488860996424,0.07830660776408657,0.11101230530072835
823,41.150000000000006,4,10.867562113361084,2.9102532041266294,0.053565842530621965,0.10377161548971134
823,41.150000000000006,5,11.379302445135583,3.672093690396841,0.030547984074936103,0.10745709030776614
824,41.2,0,12.166750756520697,1.4759549627690847,0.07561694114710882,0.12767435307591735
824,41.2,1,11.14349544609546,1.907979071421202,0.06577368807042105,0.11797250933783096
824,41.2,2,13.059669200802317,1.9778940933173648,0.07665663269219693,0.15384909544181374
824,41.2,3,12.020597700019698,2.49603947626146,0.07809235471019152,0.1112393529648674
824,41.2,4,10.870240405487614,2.9154417849011147,0.05333708167321385,0.10379484120134176
824,41.2,5,11.38082984433933,3.677466544912229,0.03032215965373151,0.10751829421251732
825,41.25,0,12.170531603578052,1.4823386804228806,0.0753941899156007,0.12780174512750497
825,41.25,1,11.146784130498983,1.9138776968880935,0.06561796315043306,0.1180163066717248
825,41.25,2,13.063502032436926,1.9855865480894554,0.07639300007196781,0.15397908762661475
825,41.25,3,12.024502317755207,2.5016014439097036,0.07787756844373724,0.11146573503950623
825,41.25,4,10.872907259571274,2.920631526961182,0.0531084150951539,0.10381802574167509
825,41.25,5,11.382345952322016,3.682842459622855,0.030096314163137263,0.10757898811449171
826,41.300000000000004,0,12.174301313073832,1.488728767679256,0.07517140475938053,0.12792874343566266
826,41.300000000000004,1,11.150065028656504,1.9197785122216797,0.06546202257465478,0.11805966303329454
826,41.300000000000004,2,13.067321682440523,1.9932855024707863,0.07612912921209586,0.15410856051401137
826,41.300000000000004,3,12.028396196177393,2.5071747306616787,0.07766225380719745,0.11169144843061735
826,41.300000000000004,4,10.875562680326032,2.925822428248266,0.05287984385287654,0.10384116601086675
826,41.300000000000004,5,11.383850768030173,3.6882214090285794,0.029870448355091072,0.10763917184021679
827,41.35,0,12.1780598833118,1.495125204851039,0.07494858621582785,0.12805534687482711
827,41.35,1,11.153338129785237,1.9256814953733445,0.0653058651355651,0.11810258445686499
827,41.35,2,13.071128138901129,2.000990930496487,0.07586502149476752,0.15423751371808134
827,41.35,3,12.032279308867754,2.5127593030832096,0.07744641564193767,0.11191649002443618
827,41.35,4,10.878206672518676,2.931014486548809,0.05265136901443911,0.1038642589583673
827,41.35,5,11.385344290447929,3.6936033676205904,0.02964456301328201,0.10769884521881026
828,41.400000000000006,0,12.181807312622592,1.5015279721947805,0.07472573478996361,0.12818155432143769
828,41.400000000000006,1,11.156603423042014,1.9315866245961877,0.06514948964466316,0.11814507694820803
828,41.400000000000006,2,13.074921389975867,2.008702806182391,0.07560067832018331,0.15436594685284488
828,41.400000000000006,3,12.03615162964985,2.5183551275844316,0.07723005878678017,0.11214085668940145
828,41.400000000000006,4,10.880839240969397,2.936207699496727,0.05242299165893797,0.1038873015829031
828,41.400000000000006,5,11.386826518598593,3.698988309881531,0.02941865895300184,0.10775800808243759
829,41.45,0,12.18554359936209,1.5079370499108524,0.07450285095533642,0.1283073646541858
829,41.45,1,11.159860897524247,1.937493878443598,0.06499289493278723,0.11818714648320074
829,41.45,2,13.078701423891875,2.0164211035250332,0.07533610110625844,0.15449385953319683
829,41.45,3,12.04001313258919,2.5239621704189017,0.07701318807659832,0.1123645452780859
829,41.45,4,10.883460390552344,2.9414020645758723,0.05219471287595122,0.10391029093242869
829,41.45,5,11.388297451546242,3.704376210285653,0.029192737020978667,0.10781666026675732
830,41.5,0,12.189268741909856,1.5143524181435617,0.07427993515490723,0.12843277675427195
830,41.5,1,11.163110542270886,1.943403235767758,0.06483607985041653,0.11822879900648818
830,41.5,2,13.082468228947189,2.024145796501693,0.07507129128833966,0.15462125137582064
830,41.5,3,12.043863791993019,2.529580397682806,0.0767958083409552,0.11258755262913263
830,41.5,4,10.886070126196142,2.9465975791224936,0.051966533764947795,0.10393322410404125
830,41.5,5,11.38975708839729,3.7097670432989904,0.02896679809516286,0.10787480161136892
831,41.550000000000004,0,12.192982738667602,1.5207740569812753,0.0740569878019157,0.1285577895056756
831,41.550000000000004,1,11.166352346263407,1.9493146757180824,0.06467904326795375,0.11827004043017682
831,41.550000000000004,2,13.086221793511605,2.031876859070484,0.0748062503188861,0.15474812200007523
831,41.550000000000004,3,12.047703582410067,2.5352097753142626,0.07657792440276066,0.1128098755691973
831,41.550000000000004,4,10.888668452884389,2.9517942403276956,0.051738455434675715,0.10395609824386395
831,41.550000000000004,5,11.39120542830205,3.715160783379559,0.028740843084480296,0.1079324319602539
832,41.6,0,12.196685588057699,1.5272019464565592,0.0738340092807533,0.12868240179543294
832,41.6,1,11.169586298426804,1.9552281777395912,0.06452178407602922,0.11831087663253963
832,41.6,2,13.08996210602755,2.039614265170488,0.07454097966712933,0.15487447102884627
832,41.6,3,12.051532478630206,2.5408502690927226,0.07635954107697505,0.1130315109148779
832,41.6,4,10.891255375656122,2.956992045239889,0.051510479002562566,0.10397891054690714
832,41.6,5,11.392642470456273,3.720557404977572,0.028514872928570138,0.10798955116222532
833,41.650000000000006,0,12.200377288521736,1.533636066546331,0.07361099994782183,0.12880661251391193
833,41.650000000000006,1,11.172812387630605,1.9611437215712182,0.06436430118574972,0.1183513134567379
833,41.650000000000006,2,13.093689155010905,2.0473579887219304,0.07427548081874893,0.1550002980893924
833,41.650000000000006,3,12.055350455684055,2.5465018446384664,0.07614066316933771,0.11325245547463553
833,41.650000000000006,4,10.89383089960625,2.962190990767234,0.05128260559407355,0.10400165825688804
833,41.650000000000006,5,11.394068214102703,3.7259568825356832,0.028288888597448086,0.10804615907135608
834,41.7,0,12.204057838519127,1.5400763971720264,0.07338796013237543,0.1289304205551095
834,41.7,1,11.176030602689893,1.9670612872440552,0.06420659352898607,0.11839135670957134
834,41.7,2,13.097402929051842,2.0551080036264002,0.07400975527549784,0.15512560281414223
834,41.7,3,12.059157488842521,2.552164467412198,0.07592129547512208,0.11347270605072467
834,41.7,4,10.896395029885953,2.9673910736800786,0.05105483634209315,0.10402433866603246
834,41.7,5,11.395482658532575,3.731359190489251,0.028062891091188976,0.1081022555474163
835,41.75,0,12.207727236525745,1.546522918199782,0.07316489013737319,0.12905382481694228
835,41.75,1,11.179240932366342,1.9729808550795338,0.06404866005862227,0.11843101216024625
835,41.75,2,13.101103416815617,2.0628642837671074,0.07374380455484762,0.15525038484149176
835,41.75,3,12.062953553616277,2.5578381027147343,0.07570144277793645,0.11369225944109244
835,41.75,4,10.898947771703059,2.97259229061338,0.050827172386268715,0.10404694911484393
835,41.75,5,11.396885803087136,3.7367643032666216,0.027836881439538535,0.1081578404562953
836,41.800000000000004,0,12.211385481032613,1.552975609440629,0.0729417902403103,0.12917682420155505
836,41.800000000000004,1,11.182443365369274,1.9789024056875462,0.06389049974880806,0.11847028553916523
836,41.800000000000004,2,13.104790607043359,2.070626803009182,0.07347763018959479,0.15537464381655253
836,41.800000000000004,3,12.066738625755173,2.563522715686789,0.07548110984854663,0.11391111244129416
836,41.800000000000004,4,10.901489130322371,2.9777946380691223,0.05059961487237964,0.10406948699185062
836,41.800000000000004,5,11.398277647159112,3.7421721952894362,0.027610860701532503,0.10821291367042729
837,41.85,0,12.215032570544627,1.5594344506507067,0.07271866069403841,0.12929941761561
837,41.85,1,11.185637890356714,1.9848259199645044,0.06373211159519047,0.11850918253672849
837,41.85,2,13.108464488552839,2.0783955352000096,0.07321123372747157,0.1554983793918811
837,41.85,3,12.0705126812476,2.5692182713088534,0.07526030144372316,0.11412926184636357
837,41.85,4,10.90401911106599,2.9829981124187146,0.050372164951654884,0.10409194973332213
837,41.85,5,11.39965819019419,3.7475828409729575,0.02738482996504837,0.10826747506920706
838,41.900000000000006,0,12.218668503579329,1.5658994215314872,0.07249550172758759,0.12942160397061397
838,41.900000000000006,1,11.188824495936474,1.990751379091341,0.06357349461515398,0.11854770880217992
838,41.900000000000006,2,13.112125050239213,2.086170454169604,0.0729446167307391,0.1556215912282054
838,41.900000000000006,3,12.074275696319786,2.5749247344011716,0.0750390223051409,0.11434670445270029
838,41.900000000000006,4,10.906537719313572,2.9882027099053805,0.050144823780132144,0.10411433482296586
838,41.900000000000006,5,11.401027431692443,3.752996214726418,0.02715879034636724,0.10832152453939324
839,41.95,0,12.222293278665708,1.5723705017300178,0.07227231354697326,0.12954338218321917
839,41.95,1,11.192003170667233,1.9966787645314499,0.06341464784803384,0.11858586994245168
839,41.95,2,13.115772281075749,2.093951533731014,0.07267778077577407,0.15574427899508583
839,41.95,3,12.078027647435043,2.580642069623807,0.07481727715828403,0.1145634370599206
839,41.95,4,10.909044960502579,2.993408426646529,0.0499175925179795,0.1041366397915984
839,41.95,5,11.40238537120976,3.7584122909533875,0.02693274298969346,0.1083750619755198
840,42.0,0,12.225906894343057,1.5788476708391788,0.07204909633599366,0.12966475117553908
840,42.0,1,11.195173903059635,2.0026080580285726,0.06325557035533182,0.11862367152104715
840,42.0,2,13.119406170114537,2.1017387476807685,0.07241072745263714,0.15586644237158395
840,42.0,3,12.081768511292957,2.586370241476803,0.07459507071139909,0.11477945647269713
840,42.0,4,10.911540840128477,2.9986152586361086,0.04969047232882716,0.10415886221679706
840,42.0,5,11.403732008359245,3.7638310440521634,0.02670668906664189,0.10842808728028247
841,42.050000000000004,0,12.229509349159857,1.5853309083979557,0.07182585025701693,0.1297857098754699
841,42.050000000000004,1,11.198336681577402,2.008539241604625,0.06309626122091563,0.11866111905694435
841,42.050000000000004,2,13.123026706487169,2.109532069799348,0.07214345836463872,0.15598808104689216
841,42.050000000000004,3,12.085498264828527,2.592109214300438,0.07437240765446676,0.1149947595025888
841,42.050000000000004,4,10.91402536374492,3.0038232017469486,0.049463464379097724,0.10418099972252261
841,42.050000000000004,5,11.405067342812577,3.7692524484161773,0.02648062977573008,0.1084806003649311
842,42.1,0,12.233100641672708,1.5918201938917291,0.0716025754517597,0.12990625721700644
842,42.1,1,11.201491494638448,2.0144722975574725,0.06293671955121644,0.1186982180235259
842,42.1,2,13.1266338794054,2.1173314738516926,0.07187597512788917,0.15610919472093768
842,42.1,3,12.08921688521125,2.5978589522755673,0.07414929265820622,0.11520934296983829
842,42.1,4,10.916498536963873,3.0090322517330748,0.04923656983733017,0.10420304997873446
842,42.1,5,11.406391374301364,3.774676478434424,0.026254566341820655,0.10853260114964691
843,42.150000000000006,0,12.236680770445297,1.5983155067525794,0.07137927204206235,0.13002639214056064
843,42.150000000000006,1,11.204638330616008,2.0204072084586486,0.06277694447540576,0.11873497384752085
843,42.150000000000006,2,13.130227678161795,2.1251369335877395,0.07160827937085545,0.15622978310496818
843,42.150000000000006,3,12.09292434984416,2.603619419424059,0.0739257303731177,0.11542320370514547
843,42.150000000000006,4,10.91896036545574,3.0142424042320113,0.04900978987349529,0.10422501070097001
843,42.150000000000006,5,11.407704102618455,3.7801031084919066,0.026028500015555425,0.10858408956391596
844,42.2,0,12.2402497340474,1.6048168263596074,0.07115594013063968,0.13014611359328024
844,42.2,1,11.207777177839779,2.026343957151025,0.06261693514556875,0.11877139190798713
844,42.2,2,13.133808092130337,2.132948422742988,0.0713403727338897,0.15634984592210305
844,42.2,3,12.096620636362816,2.6093905796093164,0.073701725428535,0.115636338551439
844,42.2,4,10.921410854949416,3.0194536547670596,0.04878312565832881,0.10424687964991858
844,42.2,5,11.409005527619232,3.785532312970102,0.02580243207277076,0.10863506554689163
845,42.25,0,12.243807531053932,1.6113241320392715,0.07093257980183133,0.1302654205293713
845,42.25,1,11.210908024597057,2.032282526746424,0.0624566907368762,0.11880747753531609
845,42.25,2,13.137375110767032,2.140765915039093,0.07107225686876117,0.15646938290786894
845,42.25,3,12.100305722634243,2.6151723965368885,0.07347728243171774,0.11584874436559889
845,42.25,4,10.923850011232332,3.0246659987495557,0.048556578362655964,0.10426865463097036
845,42.25,5,11.41029564922287,3.790964066247447,0.025576363813893273,0.1086855290477449
846,42.300000000000004,0,12.247354160044024,1.61783740306574,0.07070919112234987,0.13038431191041866
846,42.300000000000004,1,11.214030859133901,2.03822290062319,0.06229621044773275,0.11884323601025544
846,42.300000000000004,2,13.14092872361047,2.1485893841844863,0.07080393343818285,0.15658839381070955
846,42.300000000000004,3,12.103979586755829,2.6209648337551683,0.07325240596698243,0.1160604180201741
846,42.300000000000004,4,10.926277840150465,3.0298794314811044,0.04833014915671007,0.1042903334937522
846,42.300000000000004,5,11.411574467413566,3.7963983426998342,0.025350296563320704,0.10873548002601367
847,42.35,0,12.250889619600141,1.624356618661261,0.07048577414199701,0.130502786705697
847,42.35,1,11.217145669656288,2.0441650624237027,0.0621354934999206,0.11887867256296147
847,42.35,2,13.14446892028238,2.1564188038750216,0.07053540411532629,0.1567068783924605
847,42.35,3,12.107642207054178,2.626767854656177,0.07302710059483418,0.11627135640505186
847,42.35,4,10.928694347608301,3.035093948155792,0.0481038392094621,0.10431191413163948
847,42.35,5,11.412841982241732,3.801835116701135,0.025124231668773193,0.108784918451934
848,42.400000000000006,0,12.25441390830724,1.6308817579965458,0.07026232889438784,0.13062084389249534
848,42.400000000000006,1,11.220252444331285,2.0501089960518506,0.06197453913874261,0.11891379237208566
848,42.400000000000006,2,13.147995690488147,2.1642541477946446,0.07026667058333452,0.15682483642881506
848,42.400000000000006,3,12.11129356208392,2.6325814224764295,0.07280137085114945,0.11648155642913295
848,42.400000000000006,4,10.931099539568775,3.040309543862374,0.04787764968796139,0.10433339448126878
848,42.400000000000006,5,11.41409819382517,3.8072743626237315,0.02489817050065975,0.10883384430677447
849,42.45,0,12.25792702475196,1.6374128001911705,0.07003885539765617,0.13073848245642614
849,42.45,1,11.223351171288222,2.0560546856704547,0.06181334663314138,0.11894860056387331
849,42.45,2,13.151509024017313,2.1720953896160853,0.06999773453482441,0.15694226770975456
849,42.45,3,12.114933630626478,2.638405500297886,0.07257522124637304,0.11669101502193707
849,42.45,4,10.933493422053173,3.0455262135864376,0.047651581756657554,0.10435477252201297
849,42.45,5,11.415343102350203,3.81271605483907,0.024672114451392224,0.10888225758313795
850,42.5,0,12.261428967521843,1.6439497243139918,0.06981535365515139,0.13085570139174144
850,42.5,1,11.226441838619879,2.0620021156986486,0.06165191527581557,0.11898310221129872
850,42.5,2,13.155008910744055,2.179942503001573,0.06972859767139511,0.15705917203996386
850,42.5,3,12.118562391688796,2.6442400510489827,0.07234865626474948,0.11689972913521236
850,42.5,4,10.935876001141006,3.0507439522125384,0.04742563657674522,0.10437604627546258
850,42.5,5,11.416576708072773,3.818160167718227,0.024446064934712887,0.10893015828527866
851,42.550000000000004,0,12.2649197352046,1.650492509383579,0.06959182365612857,0.1309724997016406
851,42.550000000000004,1,11.22952443438367,2.0679512708092136,0.061490244383334156,0.11901730233323525
851,42.550000000000004,2,13.158495340627624,2.187795461603571,0.06945926170311986,0.15717554923921223
851,42.550000000000004,3,12.122179824502034,2.650085037505743,0.0721216803635738,0.1171076957445074
851,42.550000000000004,4,10.938247282969844,3.0559627545263113,0.04719981530551448,0.10439721380488953
851,42.550000000000004,5,11.41779901131951,3.823606675632491,0.02422002338501206,0.10897754642939708
852,42.6,0,12.268399326387406,1.657041134368661,0.06936826537641536,0.13108887639857456
852,42.6,1,11.232598946602836,2.0739021359258754,0.06132833329622718,0.11905120589362406
852,42.6,2,13.161968303712781,2.1956542390655316,0.06918972834803985,0.15729139914272006
852,42.6,3,12.125785908520212,2.655940422292969,0.07189429797247184,0.11731491185068896
852,42.6,4,10.94060727373512,3.0611826152165555,0.04697411909568841,0.1044182732146821
852,42.6,5,11.41901001248876,3.829055552953961,0.02399399125660871,0.10902442204391986
853,42.650000000000006,0,12.271867739656228,1.6635955781885898,0.06914467877907875,0.13120483050455234
853,42.650000000000006,1,11.235665363267648,2.0798546962205564,0.061166181379074806,0.119084817800706
853,42.650000000000006,2,13.165427790130183,2.2035188090226674,0.06891999933166097,0.15740672160150354
853,42.650000000000006,3,12.129380623418836,2.661806167885503,0.07166651349270307,0.11752137448146291
853,42.650000000000006,4,10.942955979689904,3.0664035288772897,0.04674854909479045,0.10443922264979447
853,42.650000000000006,5,11.42020971205159,3.834506774056157,0.023767970023046387,0.10907078516977634
854,42.7,0,12.275324973595183,1.6701558197138175,0.06892106381508341,0.13132036105144082
854,42.7,1,11.2387236723366,2.085808937110592,0.06100378802059447,0.1191181429062576
854,42.7,2,13.168873790096766,2.2113891451027428,0.06865007638643095,0.15752151648268345
854,42.7,3,12.13296394909347,2.6676822366095765,0.07143833129649407,0.11772708069283949
854,42.7,4,10.945293407144643,3.0716254900097795,0.04652310644450441,0.1044600602951708
854,42.7,5,11.421398110552744,3.839960313314646,0.023541961176375536,0.10911663586066829
855,42.75,0,12.278771026785936,1.6767218377663895,0.06869742042392943,0.1314354670812538
855,42.75,1,11.24177386173763,2.0917648442559047,0.060841152633699144,0.11915118600485963
855,42.75,2,13.172306293916089,2.219265220926877,0.06837996125124064,0.15763578366979183
855,42.75,3,12.136535865658296,2.6735685906442184,0.07120975572639521,0.11793202757057135
855,42.75,4,10.947619562466867,3.076848493024538,0.04629779228004351,0.10448078437515326
855,42.75,5,11.422575208611562,3.8454161451076794,0.023315966226415245,0.10916197418331151
856,42.800000000000004,0,12.282205897807133,1.6832936111204522,0.06847374853428011,0.13155014764644893
856,42.800000000000004,1,11.244815919369316,2.0977224035561477,0.0606782746555704,0.11918395183320027
856,42.800000000000004,2,13.175725291978651,2.2271470101103663,0.0681096556708954,0.15774952306303647
856,42.800000000000004,3,12.140096353444616,2.679465192022747,0.07098079109465182,0.11813621223155761
856,42.800000000000004,4,10.94993445208087,3.082072532243296,0.046072607729535246,0.10450139315290118
856,42.800000000000004,5,11.423741006922883,3.850874243816845,0.023089986700021554,0.10920680021769201
857,42.85,0,12.285629585233847,1.6898711185027746,0.06825004806458562,0.1316644018102106
857,42.85,1,11.247849833102094,2.103681601147808,0.06051515354770124,0.11921644506939956
857,42.85,2,13.179130774762196,2.235034486263518,0.06783916139559898,0.15786273457955513
857,42.85,3,12.143645392999348,2.685372002634325,0.07075144168261153,0.1183396318252154
857,42.85,4,10.952238082467346,3.087297601900941,0.045847553913405024,0.10452188492977811
857,42.85,5,11.424895506257885,3.8563345838277296,0.022864024140342155,0.10925111405728685
858,42.900000000000006,0,12.289042087637077,1.696454338593285,0.06802631892369426,0.13177822864673364
858,42.900000000000006,1,11.25087559077948,2.109642423401278,0.06035178879594588,0.11924867033236314
858,42.900000000000006,2,13.182522732831977,2.2429276229924957,0.06756848018044848,0.15797541815365193
858,42.900000000000006,3,12.147182965083479,2.6912889842255856,0.07052171174015828,0.11854228353480899
858,42.900000000000006,4,10.954530460163017,3.09252369614743,0.04562263194377424,0.1045422580447458
858,42.900000000000006,5,11.426038707464901,3.861797139530594,0.022638080106065692,0.10929491580928602
859,42.95,0,12.292443403583261,1.7030432500256218,0.06780256101144366,0.13189162724149198
859,42.95,1,11.253893180219277,2.115604856917896,0.06018817991055075,0.11928063218116759
859,42.95,2,13.185901156841,2.2508263939001782,0.06729761378490179,0.1580875737369916
859,42.95,3,12.150709050670487,2.697216098402326,0.07029160548514697,0.11874416457875832
859,42.95,4,10.956811591760205,3.0977508090496673,0.04539784292387787,0.10456251087375128
859,42.95,5,11.427170611470205,3.8672618853210583,0.022412156170679532,0.10933820559480663
860,43.0,0,12.295833531633834,1.7096378313876965,0.06757877421925045,0.13200459669151282
860,43.0,1,11.256902589214805,2.1215688885269546,0.06002432642617986,0.11931233511446615
860,43.0,2,13.189266037530246,2.258730772587028,0.06702656397227146,0.15819920129880188
860,43.0,3,12.154223630944745,2.703153306631264,0.07006112710288966,0.11894527221188632
860,43.0,4,10.959081483906399,3.102978934593355,0.045173187947459364,0.10458264182909599
860,43.0,5,11.428291219278739,3.8727287956007985,0.022186253921690543,0.10938098354908822
861,43.050000000000004,0,12.299212470344797,1.716238061222272,0.06735495843068727,0.13211713610564613
861,43.050000000000004,1,11.259903805536114,2.1275345052826777,0.05986022790193762,0.11934378356993605
861,43.050000000000004,2,13.192617365728859,2.266640732651968,0.06675533250920157,0.15831030082603548
861,43.050000000000004,3,12.15772668729989,2.709100570241858,0.06983028074564791,0.11914560372666347
861,43.050000000000004,4,10.961340143303772,3.1082080666848095,0.044948668098224266,0.10460264935881046
861,43.050000000000004,5,11.429400531974823,3.878197844778253,0.021960374959894776,0.10942324982167331
862,43.1,0,12.30258021826633,1.7228439180275543,0.06713111352204212,0.13222924460481128
862,43.1,1,11.26289681693121,2.1335016944611747,0.059695883921366544,0.1193749819237376
862,43.1,2,13.19595513235432,2.27455624769327,0.06648392116515457,0.1584208723235139
862,43.1,3,12.161218201337173,2.7150578504281913,0.06959907053214301,0.11934515645437811
862,43.1,4,10.963587576708683,3.11343819915275,0.04472428444926123,0.10462253194601716
862,43.1,5,11.430498550722817,3.8836690072693365,0.021734520898585005,0.10946500457659325
863,43.150000000000006,0,12.305936773942433,1.729455380257795,0.06690723936287706,0.13234092132225928
863,43.150000000000006,1,11.265881611127279,2.1394704435573617,0.059531294092460156,0.11940593449001509
863,43.150000000000006,2,13.199279328412576,2.2824772913094455,0.0662123317119062,0.15853091581406215
863,43.150000000000006,3,12.16469815486378,2.72102510825091,0.06936750054710694,0.11954392776630544
863,43.150000000000006,4,10.965823790931147,3.118669325750051,0.044500038062502696,0.10464228810829349
863,43.150000000000006,5,11.431585276767747,3.889142257498166,0.021508693362809094,0.1095062479925254
864,43.2,0,12.309282135910577,1.736072426323908,0.06668333581656312,0.13245216540380866
864,43.2,1,11.268858175831902,2.1454407402818623,0.05936645804764829,0.11943664552041898
864,43.2,2,13.202589944998172,2.2904038371001487,0.06594056592301203,0.1586404313386057
864,43.2,3,12.168166529891135,2.727002304639225,0.06913557484082965,0.1197419150748058
864,43.2,4,10.968048792834272,3.123901440155466,0.044275929988184956,0.10466191639702191
864,43.2,5,11.432660711435886,3.8946175698977923,0.021282893988600313,0.1095469802629467
865,43.25,0,12.312616302701406,1.7426950345940984,0.0664594027408176,0.13256297600809538
865,43.25,1,11.271826498734285,2.1514125725578834,0.0592013754437821,0.11946711920365931
865,43.25,2,13.205886973294323,2.298335858667079,0.06566862557332581,0.15874941895627942
865,43.25,3,12.171623308633176,2.7329894003929653,0.06890329742875563,0.11993911583441917
865,43.25,4,10.970262589333682,3.129134535975317,0.04405196126432265,0.10468141539674931
865,43.25,5,11.433724856135317,3.9000949189109395,0.021057124422208702,0.1095872015962777
866,43.300000000000004,0,12.315939272838447,1.749323183394503,0.06623543998821987,0.13267335230679708
866,43.300000000000004,1,11.274786567506474,2.1573859285180665,0.05903604596211217,0.11949735966508157
866,43.300000000000004,2,13.209170404572989,2.306273329614893,0.06539651243847762,0.1588578787444735
866,43.300000000000004,3,12.175068473504615,2.7389863561846863,0.06867067229107161,0.12013552754288538
866,43.300000000000004,4,10.972465187396898,3.1343686067451544,0.04382813291619723,0.10470078372453057
866,43.300000000000004,5,11.434777712356427,3.9055742789907533,0.02083138631934398,0.10962691221601074
867,43.35,0,12.319251044837857,1.755956851009843,0.0660114474067221,0.13278329348485468
867,43.35,1,11.27773836980458,2.1633607965013204,0.05887046930825132,0.11952737096627455
867,43.35,2,13.212440230194913,2.314216223552117,0.06512422829436985,0.15896581079890065
867,43.35,3,12.178502007119167,2.7449931325618304,0.06843770337233882,0.12033114774215231
867,43.35,4,10.974656594042708,3.139603645931381,0.04360444595584748,0.10472002002927616
867,43.35,5,11.435819281672394,3.9110556246015538,0.02060568134440427,0.10966611236083099
868,43.400000000000006,0,12.322551617208193,1.7625960156840856,0.06578742484014437,0.13289279874070586
868,43.400000000000006,1,11.280681893269993,2.169337165049634,0.05870464521214393,0.1195571571047145
868,43.400000000000006,2,13.215696441609632,2.3221645140920617,0.06485177491668483,0.15907321523363627
868,43.400000000000006,3,12.181923892287784,2.7510096899489382,0.06820439458113413,0.12052597401935161
868,43.400000000000006,4,10.9768368163405,3.144839646932845,0.04338090138160752,0.10473912299110198
868,43.400000000000006,5,11.436849565739614,3.916538930219595,0.020380011169739965,0.10970480228472332
869,43.45,0,12.3258409884502,1.7692406556211209,0.06556337212866171,0.13300186728647598
869,43.45,1,11.2836171255306,2.17531502290487,0.05853857342801022,0.11958672201341347
869,43.45,2,13.218939030355466,2.3301181748537436,0.06457915408038925,0.15918009218111376
869,43.45,3,12.185334112016841,2.7570359886499056,0.06797074978970313,0.12072000400769523
869,43.45,4,10.979005861409581,3.1500766030824,0.0431575001776012,0.10475809132066509
869,43.45,5,11.437868566298102,3.9220241703338314,0.0201543774748654,0.10974298225707116
870,43.5,0,12.329119157056633,1.7758907489854447,0.0653392891092809,0.13311049834820504
870,43.5,1,11.286544054202,2.1812943590055407,0.058372253734303284,0.11961606956062687
870,43.5,2,13.222167988059486,2.3380771794627995,0.06430636755923462,0.15928644179215315
870,43.5,3,12.188732649506326,2.7630719888502906,0.06773677283365341,0.12091323538738903
870,43.5,4,10.98116373641846,3.1553145076484332,0.04293424331331407,0.10477692375851343
870,43.5,5,11.438876285171846,3.927511319446685,0.01992878194573447,0.10978065256273875
871,43.550000000000004,0,12.332386121512098,1.782546273902855,0.06511517561630746,0.13321869116601953
871,43.550000000000004,1,11.289462666888715,2.187275162483572,0.05820568593363066,0.11964520354955377
871,43.550000000000004,2,13.225383306437447,2.346041501552407,0.06403341712528442,0.15939226423592145
871,43.550000000000004,3,12.192119488148009,2.76911765061966,0.06750246751164625,0.12110566588646121
871,43.550000000000004,4,10.983310448584126,3.160553353836359,0.0427111317431225,0.1047956190744192
871,43.550000000000004,5,11.439872724269133,3.933000352074822,0.0197032262739737,0.10981781350215054
872,43.6,0,12.335641880292913,1.789207208461156,0.06489103148179758,0.13332644499433802
872,43.6,1,11.292372951185397,2.1932574226610497,0.05803886985269889,0.11967412771809303
872,43.6,2,13.22858497729371,2.3540111147642033,0.06376030454842165,0.15949755969991014
872,43.6,3,12.195494611523591,2.775172933913983,0.06726783758511971,0.12129729328158065
872,43.6,4,10.985446005171282,3.16579313479008,0.04248816640587379,0.10481417606673014
872,43.6,5,11.440857885582831,3.9384912427499295,0.019477712156147214,0.10985446539135522
873,43.650000000000006,0,12.338886431867003,1.795873530710873,0.0646668565359983,0.13343375910204897
873,43.650000000000006,1,11.295274894678032,2.1992411290469542,0.05787180534223779,0.11970284573861543
873,43.650000000000006,2,13.231772992521131,2.3619859927491986,0.06348703159587522,0.1596023283898888
873,43.650000000000006,3,12.198858003402847,2.781237798578062,0.06703288677801518,0.12148811539882481
873,43.650000000000006,4,10.987570413491575,3.1710338435934164,0.042265348224472477,0.10483259356170625
873,43.650000000000006,5,11.441831771190639,3.943983966019497,0.019252241293014585,0.10989060856207525
874,43.7,0,12.342119774693803,1.8025452186659756,0.06444265060778792,0.13354063277267977
874,43.7,1,11.298168484945144,2.205226271333885,0.05770449227691068,0.11973136121775406
874,43.7,2,13.234947344100926,2.369966109168693,0.06321360003175576,0.1597065705298379
874,43.7,3,12.202209647741748,2.787312204348003,0.06679761877654472,0.12167813011441325
874,43.7,4,10.989683680902798,3.176275473271502,0.042042678105466566,0.1048508704128634
874,43.7,5,11.44279438325529,3.949478496447601,0.019026815388800203,0.10992624336175566
875,43.75,0,12.345341907224192,1.8092222503046096,0.06421841352509061,0.1336470653045702
875,43.75,1,11.301053709558989,2.2112128393947725,0.0575369305552293,0.11975967769623423
875,43.75,2,13.238108024102514,2.377951437695185,0.06294001161658659,0.15981028636187208
875,43.75,3,12.205549528680576,2.7933961108537235,0.0665620372289508,0.12186733535540237
875,43.75,4,10.991785814808072,3.181518016792145,0.041820156938667113,0.1048690055003196
875,43.75,5,11.44374572402473,3.9549748086156886,0.018801436150461245,0.10996137015359135
876,43.800000000000004,0,12.348552827900447,1.815904603569838,0.06399414511529584,0.13375305601102666
876,43.800000000000004,1,11.303930556086751,2.217200823279584,0.05736912009945741,0.11978779864872781
876,43.800000000000004,2,13.241255024683344,2.3859419520132783,0.06266626810684452,0.15991347614615148
876,43.800000000000004,3,12.208877630542023,2.799489477621494,0.06632614574530113,0.12205572910034926
876,43.800000000000004,4,10.993876822655006,3.186761467067161,0.041597785596774184,0.10488699773014357
876,43.800000000000004,5,11.444685795832253,3.9604728771233684,0.01857610528697848,0.10999598931655466
877,43.85,0,12.351752535156212,1.8225922563703894,0.06376984520565028,0.13385860422046725
877,43.85,1,11.306799012091725,2.2231902132120207,0.05720106085550945,0.11981572748371958
877,43.85,2,13.244388338088687,2.393937625820586,0.062392371254512295,0.16001614016076426
877,43.85,3,12.212193937829289,2.805592264076511,0.0660899478972832,0.12224330937991462
877,43.85,4,10.995956711934845,3.1920058169536683,0.04137556493501044,0.1049048460336963
877,43.85,5,11.445614601096603,3.965972676589196,0.018350824508629578,0.11003010124540472
878,43.900000000000006,0,12.354941027416494,1.8292851865814128,0.0635455136236594,0.1339637092765803
878,43.900000000000006,1,11.3096590651345,2.2291809995862066,0.0570327527928445,0.11984346754342562
878,43.900000000000006,2,13.247507956651413,2.401938432828624,0.06211832280662486,0.1601182787016264
878,43.900000000000006,3,12.215498435224154,2.811704429545507,0.06585344721803965,0.12243007427746502
878,43.900000000000006,4,10.998025490181595,3.197251059255353,0.04115349579079072,0.10492254936699202
878,43.900000000000006,5,11.446532142322035,3.9714741816514665,0.018125595526297052,0.11006370635068523
879,43.95,0,12.358118303097678,1.8359833720452419,0.06332115019746197,0.13406837053844226
879,43.95,1,11.312510702774143,2.235173172963378,0.05686419590434434,0.11987102210369646
879,43.95,2,13.250613872791744,2.409944346763705,0.06184412450484696,0.1602198920823279
879,43.95,3,12.218791107585055,2.81782593325938,0.06561664720199396,0.12261602192959689
879,43.95,4,11.000083164971134,3.202497186723703,0.040931578983372824,0.10494010671003916
879,43.95,5,11.44743842209835,3.9769773669690007,0.017900420050758842,0.11009680505872417
880,44.0,0,12.36128436060755,1.842686790572164,0.06309675475620312,0.13417258738065413
880,44.0,1,11.31535391256936,2.2411667240685627,0.05669539020619989,0.11989839437399796
880,44.0,2,13.253706079016986,2.4179553413678216,0.06156977808502524,0.16032098063399558
880,44.0,3,12.222071939945154,2.82395673435586,0.0653795513047003,0.12280115052666785
880,44.0,4,11.002129743920303,3.207744192059205,0.04070981531356316,0.10495751706621631
880,44.0,5,11.448333443100887,3.982482207221937,0.01767529979201792,0.11012939781161575
881,44.050000000000004,0,12.36443919834536,1.8493954199411966,0.06287232713039352,0.1342763591934653
881,44.050000000000004,1,11.31818868207967,2.2471616437872624,0.056526335737790215,0.11992558749737124
881,44.050000000000004,2,13.256784567921237,2.4259713903995213,0.06129528527677262,0.1604215447051492
881,44.050000000000004,3,12.225340917510389,2.8300967918821933,0.06514216294272264,0.12298545831325053
881,44.050000000000004,4,11.004165234685981,3.212992067912516,0.040488205563411116,0.1049747794616161
881,44.050000000000004,5,11.449217208090488,3.9879886771125177,0.01745023645860517,0.11016148506718058
882,44.1,0,12.36758281470188,1.85610923790087,0.06264786715226214,0.13437968538286943
882,44.1,1,11.32101499886656,2.253157923162131,0.05635703256153366,0.11995260455042996
882,44.1,2,13.259849332185075,2.433992467634779,0.06102064780305617,0.16052158466150035
882,44.1,3,12.228598025657524,2.836246064797856,0.06490448549349954,0.12316894358856481
882,44.1,4,11.006189644964152,3.2182408068855968,0.040266750495912905,0.10499189294441648
882,44.1,5,11.450089719913418,3.9934967513658766,0.01722523175691301,0.11019306729894639
883,44.150000000000006,0,12.370715208059494,1.8628282221700134,0.06242337465609859,0.13448256537072997
883,44.150000000000006,1,11.323832850494636,2.2591555533896526,0.05618748076277214,0.11997944854340732
883,44.150000000000006,2,13.262900364575227,2.4420185468678537,0.06074586737978262,0.1606211008858121
883,44.150000000000006,3,12.231843249932199,2.8424045119772843,0.06466652229525778,0.12335160470690307
883,44.150000000000006,4,11.008202982488948,3.2234904015328176,0.040045450854765276,0.10500885658425566
883,44.150000000000006,5,11.450950981501263,3.999006404730824,0.017000287390552173,0.11022414499608832
884,44.2,0,12.3738363767923,1.8695523504385498,0.062198849478582376,0.13458499859485754
884,44.2,1,11.326642224532774,2.265154525816823,0.056017680449615345,0.12000612242018155
884,44.2,2,13.265937657944216,2.4500496019121445,0.0604709457153978,0.16072009377766885
884,44.2,3,12.235076576046962,2.8485720922126294,0.06442827664690774,0.12353344007796144
884,44.2,4,11.010205255031686,3.2287408443620302,0.039824307364093044,0.10502566947159866
884,44.2,5,11.45180099587079,4.004517611980629,0.016775405059680223,0.11025471866338117
885,44.25,0,12.376946319266228,1.8762816003682927,0.06197429145910796,0.13468698450910538
885,44.25,1,11.329443108555255,2.271154831937832,0.055847631752792656,0.12003262905835813
885,44.25,2,13.268961205229985,2.458085606601028,0.060195884510505206,0.16081856375330006
885,44.25,3,12.238297989879309,2.8547487642165277,0.06418975180797863,0.1237144481671856
885,44.25,4,11.012196470399891,3.2339921278356103,0.03960332072820613,0.10504233071711822
885,44.25,5,11.452639766123776,4.010030347913798,0.01655058646036604,0.11028478882113481
886,44.300000000000004,0,12.380045033839183,1.883015949593748,0.0617497004400912,0.13478852258346047
886,44.300000000000004,1,11.332235490142894,2.27715646339075,0.055677334825515706,0.12005897126937357
886,44.300000000000004,2,13.27197099945551,2.4661265347886934,0.05992068545746172,0.16091651124536577
886,44.300000000000004,3,12.241507477469707,2.860934486624887,0.06395095099854749,0.12389462749607161
886,44.300000000000004,4,11.014176636436302,3.2392442443714664,0.039382491631404344,0.10505883945108385
886,44.300000000000004,5,11.453467295446794,4.015544587354855,0.016325833283979786,0.11031435600511487
887,44.35,0,12.383132518861187,1.889755375722921,0.06152507626728057,0.13488961230409596
887,44.35,1,11.33501935688417,2.2831594119542187,0.05550678984330528,0.12008515179859447
887,44.35,2,13.274967033728384,2.4741723603509618,0.059645350240025596,0.16101393670271782
887,44.35,3,12.244705025019634,2.8671292179996906,0.06371187739919176,0.12407397664240477
887,44.35,4,11.016145761017873,3.2444971863440206,0.039161820737737094,0.10507519482274313
887,44.35,5,11.454283587110993,4.02106030515511,0.016101147216550968,0.11034342076646889
888,44.400000000000006,0,12.38620877267455,1.896499856338126,0.06130041879004389,0.13499025317345661
888,44.400000000000006,1,11.337794696376335,2.2891636695441484,0.05533599700383557,0.12011117332547382
888,44.400000000000006,2,13.277949301240385,2.4822230571860975,0.059369880532977815,0.16111084059019354
888,44.400000000000006,3,12.247890618889594,2.873332916831811,0.06347253415095558,0.12425249424050097
888,44.400000000000006,4,11.01810385205476,3.249750946085158,0.03894130869082027,0.10509139599972288
888,44.400000000000006,5,11.45508864447182,4.026577476193434,0.015876529938170077,0.11037198367162922
889,44.45,0,12.389273793614052,1.9032493689967986,0.0610757278616592,0.13509044471030324
889,44.45,1,11.340561496226528,2.295169228210422,0.05516495652677085,0.12013703846369987
889,44.45,2,13.280917795267033,2.4902785992156073,0.05909427800176729,0.16120722338835558
889,44.45,3,12.251064245597142,2.879545541543836,0.06323292435532078,0.12443017898139283
889,44.45,4,11.0200509174893,3.255005515885144,0.03872095611365835,0.10510744216743022
889,44.45,5,11.455882470968728,4.032096075377015,0.0156519831223966,0.1104000453022232
890,44.5,0,12.392327580007136,1.9100038912323138,0.060851003339588025,0.13519018644977282
890,44.5,1,11.343319744052867,2.301176080133607,0.05499366865359766,0.12016274976139021
890,44.5,2,13.283872509167121,2.4983389603850252,0.05881854430215072,0.16130308559325557
890,44.5,3,12.254225891814908,2.8857670504929054,0.06299305107419634,0.12460702961299042
890,44.5,4,11.021986965294984,3.2602608879935158,0.038500763608483195,0.10512333252846096
890,44.5,5,11.456665070124847,4.037616077642126,0.015427508435678763,0.11042760625496063
891,44.550000000000004,0,12.395370130174115,1.9167634005548024,0.06062624508574358,0.13528947794341983
891,44.550000000000004,1,11.346069427485546,2.3071842176216766,0.054822133647442345,0.12018830970128747
891,44.550000000000004,2,13.286813436382229,2.506404114664688,0.05854268107986982,0.16139842771618146
891,44.550000000000004,3,12.257375544368617,2.891997401973555,0.06275291732991992,0.12478304494020975
891,44.550000000000004,4,11.023912003475408,3.265517054619939,0.03828073175659379,0.10513906630201103
891,44.550000000000004,5,11.457436445546632,4.043137457954875,0.015203107536766623,0.11045466714152055
892,44.6,0,12.398401442428401,1.9235278744519735,0.06040145296674915,0.13538831875924634
892,44.6,1,11.348810534167917,2.313193633106741,0.05465035179289653,0.12021372070098314
892,44.6,2,13.289740570436223,2.5144740360504967,0.058266689970308476,0.16149325028338363
892,44.6,3,12.260513190235113,2.8982365542205653,0.06251252610526499,0.12495822382506282
892,44.6,4,11.025826040063237,3.270774007935039,0.03806086111822712,0.10515464272329617
892,44.6,5,11.45819660092347,4.048660191311951,0.014978782076173319,0.1104812285884333
893,44.650000000000006,0,12.40142151507674,1.9302972903899358,0.06017662685418345,0.13548670848174071
893,44.650000000000006,1,11.351543051757561,2.31920431914179,0.054478323395836914,0.12023898511316529
893,44.650000000000006,2,13.292653904934738,2.5225486985646657,0.0579905725981784,0.16158755383581525
893,44.650000000000006,3,12.263638816540375,2.9044844654118185,0.06227188034346169,0.1251325651867278
893,44.650000000000006,4,11.027729083119148,3.276031740071204,0.03784115223243407,0.10517006104298537
893,44.650000000000006,5,11.458945540027278,4.054184252741373,0.014754533695610491,0.11050729123694931
894,44.7,0,12.40443034641945,1.9370716258140228,0.05995176662483237,0.1355846467118875
894,44.7,1,11.354266967927353,2.325216268397448,0.05430604878323545,0.12026410522587616
894,44.7,2,13.295553433564647,2.5306280762564564,0.05771433057720215,0.16168133892884531
894,44.7,3,12.266752410557547,2.910741093671155,0.06203098294823455,0.12530606800157176
894,44.7,4,11.02962114073077,3.2812902431233533,0.037621605616970796,0.10518532052663075
894,44.7,5,11.459683266712059,4.059709617303221,0.01453036402745858,0.11053285574290293
895,44.75,0,12.407427934750691,1.9438508581496172,0.059726872160910584,0.1356821330671965
895,44.75,1,11.356982270366515,2.331229473658742,0.05413352830297543,0.12028908326280206
895,44.75,2,13.298439150093508,2.5387121432028987,0.05743796550980312,0.16177460613198796
895,44.75,3,12.269853959704959,2.917006397071234,0.06178983678384099,0.12547873130316492
895,44.75,4,11.031502221011618,3.286549509149685,0.03740222176821124,0.10520042045411128
895,44.75,5,11.460409784913432,4.065236260090366,0.014306274694248843,0.1105579227765698
896,44.800000000000004,0,12.410414278358736,1.950634964802977,0.059501943350296356,0.13577916718170494
896,44.800000000000004,1,11.359688946781665,2.337243927821882,0.05396076232365838,0.1203139213835727
896,44.800000000000004,2,13.301311048368998,2.5468008735094982,0.05716147898682199,0.16186735602860786
896,44.800000000000004,3,12.272943451544151,2.923280333636392,0.061548444675128766,0.12565055418224877
896,44.800000000000004,4,11.033372332100027,3.2918095301723906,0.03718300116106351,0.10521536011908311
896,44.800000000000004,5,11.461125098648145,4.0707641562291945,0.014082267308157762,0.11058249302251426
897,44.85,0,12.41338937552625,1.9574239231620623,0.05927698008674018,0.13587574870596794
897,44.85,1,11.362386984897848,2.343259623891061,0.053787751234401396,0.12033862168406825
897,44.85,2,13.304169122318338,2.5548942413109286,0.05688487258722889,0.16195958921562062
897,44.85,3,12.276020873777908,2.9295628613455045,0.06130680940759629,0.1258215357866696
897,44.85,4,11.03523148215808,3.297070298178345,0.036963944248899705,0.10523013882843374
897,44.85,5,11.461829212013553,4.0762932808803205,0.01385834347049122,0.11060656717944102
898,44.900000000000006,0,12.416353224530587,1.9642177105973606,0.05905198227007794,0.13597187730707247
898,44.900000000000006,1,11.365076372459567,2.349276554975264,0.053614495444644555,0.12036318619677522
898,44.900000000000006,2,13.3070133659477,2.5629922207717097,0.05660814787783872,0.1620513063032029
898,44.900000000000006,3,12.279086214248288,2.935853938134838,0.06106493372746412,0.12599167532130912
898,44.900000000000006,4,11.037079679370525,3.3023318051197665,0.03674505146351151,0.10524475590175027
898,44.900000000000006,5,11.462522129187077,4.081823609239293,0.013634504771223322,0.11063014596002524
899,44.95,0,12.419305823644091,1.9710163044627143,0.05882694980643195,0.1360675526686075
899,44.95,1,11.367757097231799,2.355294714285103,0.05344099538394646,0.12038761689112407
899,44.95,2,13.309843773341592,2.57109478608687,0.05633130641306142,0.16214250791448215
899,44.95,3,12.282139460934662,2.9421535219009036,0.06082282034176204,0.1261609720479595
899,44.95,4,11.0389169319437,3.3075940429148543,0.03652632321506588,0.1052592106707889
899,44.95,5,11.463203854425638,4.087355116537294,0.013410752788511306,0.11065323009074648
900,45.0,0,12.422247171134412,1.9778196820961447,0.058601882608407846,0.1361627744906607
900,45.0,1,11.370429147000996,2.361314095129659,0.05326725150177921,0.12041191567387322
900,45.0,2,13.312660338662246,2.5792019114825937,0.05605434973462904,0.16223319468523278
900,45.0,3,12.28518060195175,2.9484615705033015,0.06058047191842223,0.126329425285193
900,45.0,4,11.040743248104453,3.3128570034483937,0.03630775989208185,0.10527350247896072
900,45.0,5,11.463874392065064,4.092887778041831,0.013187089088245162,0.1106758203117141
901,45.050000000000004,0,12.425177265264832,1.9846278208206778,0.05837678059526904,0.1362575424897796
901,45.050000000000004,1,11.373092509576084,2.367334690913353,0.05309326426732502,0.12043608438948747
901,45.050000000000004,2,13.315463056148978,2.587313571216855,0.05577727937135859,0.16232336726355542
901,45.050000000000004,3,12.28820962554767,2.954778041767561,0.06033789108636647,0.12649703440818258
901,45.050000000000004,4,11.042558636099058,3.318120678572342,0.03608936186141939,0.10528763068081332
901,45.050000000000004,5,11.464533746519477,4.098421569057416,0.012963515223600742,0.11069791737648646
902,45.1,0,12.428096104294596,1.9914406979451669,0.05815164369312816,0.13635185639895073
902,45.1,1,11.37574717278945,2.373356495132827,0.05291903416925771,0.12046012482054276
902,45.1,2,13.318251920117547,2.595429739580033,0.0555000968389119,0.162413026309575
902,45.1,3,12.29122652010199,2.96110289348797,0.0600950804356317,0.1266637988485138
902,45.1,4,11.04436310419213,3.3233850601063826,0.03587112946827023,0.10530159464152879
902,45.1,5,11.465181922280657,4.103956464926241,0.012740032734607299,0.11071952205188097
903,45.150000000000006,0,12.431003686479253,1.9982582907651143,0.05792647183511114,0.13644571596755747
903,45.150000000000006,1,11.378393124497913,2.379379501373854,0.052744561715540886,0.12048403868814882
903,45.150000000000006,2,13.321026924959492,2.6035503908955118,0.05522280363956108,0.16250217249510374
903,45.150000000000006,3,12.29423127412377,2.9674360834303957,0.05985204251747685,0.12682971809396962
903,45.150000000000006,4,11.046156660665543,3.328650139838459,0.03565306303618324,0.10531539373643944
903,45.150000000000006,5,11.465818923917388,4.109492441028835,0.01251664314773217,0.11074063511779436
904,45.2,0,12.433900010071008,2.005080576563492,0.057701264961524446,0.13653912096133686
904,45.2,1,11.381030352583691,2.3854037033082616,0.052569847433206696,0.12050782765237769
904,45.2,2,13.32378806514147,2.611675499520267,0.054945401261976015,0.1625908065033335
904,45.2,3,12.297223876249644,2.9737775693350943,0.05960877984451156,0.12699479168828162
904,45.2,4,11.047939313817352,3.333915909525281,0.03543516286708375,0.1053290273505278
904,45.2,5,11.466444756074774,4.115029472784725,0.012293347975481218,0.11076125736699584
905,45.25,0,12.436785073319085,2.0119075326115587,0.05747602302000953,0.13663207116233084
905,45.25,1,11.38365884495535,2.3914290946908805,0.05239489186814133,0.12053149331271452
905,45.25,2,13.326535335204568,2.6198050398454336,0.054667891181012035,0.1626789290285022
905,45.25,3,12.300204315241869,2.980127308919508,0.059365294890828216,0.12715901923085648
905,45.25,4,11.049711071960706,3.3391823608928073,0.035217429241300974,0.1053424948779573
905,45.25,5,11.467059423473547,4.120567535653075,0.012070148715992162,0.11078138960493085
906,45.300000000000004,0,12.439658874470085,2.018739136169675,0.057250745965695314,0.13672456636883584
906,45.300000000000004,1,11.386278589548757,2.3974556693565163,0.052219695584863876,0.12055503720851815
906,45.300000000000004,2,13.32926872976362,2.6279389862968587,0.05439027485751017,0.16276654077557287
906,45.300000000000004,3,12.303172579986411,2.986485259881051,0.05912159009214301,0.12732240037649428
906,45.300000000000004,4,11.05147194342277,3.344449485636705,0.034999862417633115,0.1053557957215989
906,45.300000000000004,5,11.467662930909347,4.126106605133321,0.011847046852672093,0.11080103264951387
907,45.35,0,12.44252141176837,2.025575364488117,0.05702543376133945,0.1368166063953279
907,45.35,1,11.388889574328001,2.4034834212169423,0.052044259166305146,0.12057846081949565
907,45.35,2,13.331988243506494,2.636077313335637,0.054112553738106944,0.1628536424598907
907,45.35,3,12.306128659491018,2.9928513798998755,0.05887766784594012,0.12748493483506612
907,45.35,4,11.053221936543652,3.349717275422785,0.034782462633393456,0.10536892929257602
907,45.35,5,11.468255283251981,4.131646656765797,0.011624043853828377,0.11082018733092157
908,45.400000000000006,0,12.445372683456437,2.032416194807883,0.05680008637746816,0.13690819107242086
908,45.400000000000006,1,11.391491787286316,2.409512344257917,0.051868583213594624,0.12060176556619437
908,45.400000000000006,2,13.3346938711934,2.6442199954586316,0.05383472925504791,0.1629402348068782
908,45.400000000000006,3,12.309072542883314,2.999225626641629,0.0586335305116398,0.1276466223711744
908,45.400000000000006,4,11.054961059675321,3.354985721887414,0.03456523010449213,0.10538189500980323
908,45.400000000000006,5,11.468836485444672,4.137187666132343,0.011401141172311682,0.11083885449137003
909,45.45,0,12.44821268777531,2.039261604361504,0.05657470379250362,0.13699932024677103
909,45.45,1,11.394085216446996,2.4155424325362267,0.05169266834582705,0.12062495281050424
909,45.45,2,13.337385607656152,2.6523670071989756,0.053556802826017824,0.16302631855167074
909,45.45,3,12.312004219408896,3.0056079577601875,0.05838918041073681,0.12780746280380184
909,45.45,4,11.056689321180546,3.3602548166379043,0.0343481650255169,0.10539469229955807
909,45.45,5,11.469406542503288,4.142729608856912,0.011178340245191739,0.11085703498490855
910,45.5,0,12.451041422964936,2.0461115703738426,0.05634928599289068,0.13708999378101297
910,45.5,1,11.396669849864287,2.421573680176752,0.051516515199838055,0.12064802385615915
910,45.5,2,13.340063447797453,2.660518323126559,0.053278775853982406,0.16311189443880694
910,45.5,3,12.314923678429434,3.0119983309003775,0.058144619826992656,0.12796745600591714
910,45.5,4,11.058406729431821,3.365524551252882,0.03413126756981961,0.10540732059503095
910,45.5,5,11.469965459515548,4.148272460606157,0.01095564249341338,0.11087472967718909
911,45.550000000000004,0,12.45385888726458,2.0529660700628933,0.05612383297321264,0.1371802115536779
911,45.550000000000004,1,11.399245675624279,2.42760608136956,0.05134012442997606,0.12067097994927715
911,45.550000000000004,2,13.342727386590152,2.6686739178484995,0.0530006497270206,0.1631969632218872
911,45.550000000000004,3,12.317830909420783,3.0183967037006734,0.0578998510065969,0.1281266019040877
911,45.550000000000004,4,11.060113292810312,3.370794917282634,0.03391453788962553,0.1054197793359113
911,45.550000000000004,5,11.470513241640218,4.153816197090016,0.010733049321498368,0.11089193944524374
912,45.6,0,12.456665078913241,2.0598250806405773,0.05589834473630228,0.13726997345909922
912,45.6,1,11.401812681845778,2.433639630367024,0.0511634967078834,0.12069382227888777
912,45.6,2,13.345377419076502,2.6768337660095938,0.05272242581819267,0.16328152566323023
912,45.6,3,12.320725901971112,3.0248030337958776,0.05765487615834714,0.12828490047804297
912,45.6,4,11.061809019704794,3.3760659062494294,0.03369797611615194,0.10543206796796575
912,45.6,5,11.471049894106292,4.1593607940622785,0.010510562117243431,0.11090866517725376
913,45.650000000000006,0,12.459459996150056,2.0666885793135323,0.055672821293353755,0.13735927940733744
913,45.650000000000006,1,11.404370856681172,2.439674321480968,0.05098663272226011,0.12071655197748583
913,45.650000000000006,2,13.348013540367413,2.684997842292755,0.05244410548539188,0.16336558253355635
913,45.650000000000006,3,12.32360864577903,3.0312172788197795,0.05740969745384609,0.12844235176024757
913,45.650000000000006,4,11.063493918510602,3.3813375096478278,0.033481582359732226,0.10544418594263372
913,45.650000000000006,5,11.471575422212155,4.164906227321141,0.010288182251434215,0.11092490777231823
914,45.7,0,12.462243637214723,2.073556543283899,0.055447262664009775,0.13744812932405864
914,45.7,1,11.406920188317285,2.4457101490798423,0.05080953317862917,0.12073917012157438
914,45.7,2,13.350635745641682,2.693166121419433,0.052165690071230925,0.16344913461162847
914,45.7,3,12.326479130651723,3.037639396407792,0.057164317027678484,0.1285989558354282
914,45.7,4,11.065167997628588,3.3866097189449595,0.033265356709938396,0.1054561327166249
914,45.7,5,11.472089831324727,4.170452472709757,0.010065911077571148,0.11094066814022197
915,45.75,0,12.465016000347923,2.080428949750102,0.055221668876469836,0.13753652315046114
915,45.75,1,11.409460664976216,2.451747107585921,0.05063219879911554,0.12076167773224966
915,45.75,2,13.353244030145245,2.7013385781500143,0.05188718090290517,0.1635321826839443
915,45.75,3,12.329337346503108,3.0440693441995634,0.0569187369776265,0.12875471284010698
915,45.75,4,11.066831265464085,3.3918825255807907,0.03304929923574141,0.10546790775153381
915,45.75,5,11.472593126878605,4.175999506116768,0.00984374993161257,0.11095594720119
916,45.800000000000004,0,12.467777083791747,2.087305775907625,0.054996039967570826,0.13762446084315275
916,45.800000000000004,1,11.411992274916171,2.4577851914725337,0.050454630322206484,0.12078407577576908
916,45.800000000000004,2,13.35583838919039,2.7095151872842114,0.05160857929209793,0.16361472754437917
916,45.800000000000004,3,12.33218328335199,3.050507079841569,0.05667295936486061,0.12890962296210318
916,45.800000000000004,4,11.068483730425871,3.3971559209683675,0.03283340998565727,0.10547951051345904
916,45.800000000000004,5,11.473085314375187,4.181547303476828,0.009621700131726219,0.11097074588565586
917,45.85,0,12.470526885790125,2.0941869989497826,0.05477037598287336,0.13771194237404522
917,45.85,1,11.414515006432282,2.463824395261322,0.05027682850252098,0.12080636516413133
917,45.85,2,13.358418818154995,2.7176959236614304,0.05132988653487324,0.16369676999386137
917,45.85,3,12.335016931320233,3.056952560989674,0.05642698621415296,0.12906368644001398
917,45.85,4,11.070125400925154,3.4024298964940405,0.03261768898790791,0.10549094047262725
917,45.85,5,11.473566399381772,4.187095840771111,0.009399762978055093,0.1109850651340124
918,45.900000000000006,0,12.473265404589268,2.1010725960684846,0.054544676976736525,0.13779896773024755
918,45.900000000000006,1,11.417028847857408,2.4698647135195286,0.0500987941105787,0.12082854675568101
918,45.900000000000006,2,13.360985312481738,2.7258807621611236,0.051051103911576544,0.1637783108400468
918,45.900000000000006,3,12.33783828063094,3.063405745311675,0.05618081951409303,0.12921690356269205
918,45.900000000000006,4,11.07175628537455,3.4077044435176718,0.03240213625059233,0.10550219710303489
918,45.900000000000006,5,11.474036387530674,4.192645094027811,0.009177939752487723,0.11099890589636656
919,45.95,0,12.475992638438106,2.107962544454997,0.05431894301239072,0.13788553691393854
919,45.95,1,11.419533787562937,2.4759061408573126,0.049920527932563845,0.12085062135570487
919,45.95,2,13.363537867677316,2.734069677703126,0.05077223268675674,0.1638593508969729
919,45.95,3,12.340647321606644,3.0698665904898097,0.05593446121729521,0.12936927466870252
919,45.95,4,11.073376392187079,3.4129795533728235,0.032186751761879275,0.1055132798820917
919,45.95,5,11.474495284518298,4.19819503932263,0.008956231718464033,0.1110122691322925
920,46.0,0,12.478708585588725,2.114856821300694,0.054093174162009566,0.13797164994225733
920,46.0,1,11.422029813959565,2.481948671925098,0.04974203077009225,0.12087258971704223
920,46.0,2,13.366076479311653,2.7422626452479744,0.05049327410908932,0.16393989098474432
920,46.0,3,12.343444044667509,3.076335054223245,0.05568791324063944,0.12952080014576117
920,46.0,4,11.074985729775173,3.4182552173669283,0.031971535490177935,0.10552418829027853
920,46.0,5,11.474943096104221,4.2037456527792445,0.008734640120763493,0.11102515581058503
921,46.050000000000004,0,12.481413244296826,2.121755403797807,0.053867370506766044,0.13805730684716735
921,46.050000000000004,1,11.424516915498069,2.4879923014109497,0.04956330343997439,0.1208944525407015
921,46.050000000000004,2,13.368601143017107,2.7504596397972114,0.05021422941130266,0.16401993192918987
921,46.050000000000004,3,12.34622844032954,3.0828110942305327,0.055441177465479656,0.12967148043015975
921,46.050000000000004,4,11.076584306549682,3.4235314267814423,0.031756487384344806,0.1055349218108075
921,46.050000000000004,5,11.47537982811026,4.2092969105697735,0.008513166185331284,0.11103756690900546
922,46.1,0,12.484106612822165,2.1286582691401654,0.053641532136893,0.1381425076753351
922,46.1,1,11.426995080670068,2.494037024037985,0.049384346773981944,0.1209162104764865
922,46.1,2,13.371111854487673,2.758660636393671,0.04993509981012375,0.16409947456154522
922,46.1,3,12.349000499202814,3.0892946682520406,0.0551942557378864,0.12982131600618343
922,46.1,4,11.0781721309189,3.4288081728719826,0.03154160737388644,0.10554547992929918
922,46.1,5,11.475805486419526,4.214848788915224,0.00829181111909652,0.11104950341403089
923,46.150000000000006,0,12.48678868942901,2.1355653945239323,0.05341565915173917,0.13822725248799597
923,46.150000000000006,1,11.429464298008767,2.5000828345618094,0.04920516161861161,0.12093786412362117
923,46.150000000000006,2,13.373608609478179,2.7668656101217484,0.049655886506224024,0.16417851971813144
923,46.150000000000006,3,12.351760211989708,3.09578573405235,0.054947149868884895,0.1299703074055047
923,46.150000000000006,4,11.079749211287593,3.4340854468684476,0.03132689536916436,0.10555586213345958
923,46.150000000000006,5,11.476220076975482,4.220401264085925,0.008070576109812759,0.1110609663205977
924,46.2,0,12.489459472386597,2.1424767571483323,0.0531897516598088,0.13831154136082258
924,46.2,1,11.431924556089697,2.5061297277679904,0.04902574883485597,0.120959414031395
924,46.2,2,13.37609140380349,2.7750745361076548,0.049376590684168525,0.16425706824002564
924,46.2,3,12.354507569483152,3.102284249422625,0.05469986163468541,0.13011845520657356
924,46.2,4,11.081315556056051,3.439363239975121,0.03111235126162437,0.10556606791277255
924,46.2,5,11.476623605780972,4.225954312401956,0.007849462325913553,0.11107195663184864
925,46.25,0,12.492118959969588,2.1493923342163734,0.05296380977881466,0.13839537438377852
925,46.25,1,11.43437584353144,2.5121776984695603,0.04884610929795989,0.12098086069979237
925,46.25,2,13.3785602333377,2.783287389519656,0.049097213512390485,0.16433512097274253
925,46.25,3,12.357242562564887,3.1087901721829536,0.0544523927769325,0.1302657600339904
925,46.25,4,11.082871173619132,3.4446415433707593,0.03089797492401348,0.10557609675820101
925,46.25,5,11.477016078897268,4.231507910233548,0.0076284709163677656,0.1110824753588769
926,46.300000000000004,0,12.494767150458529,2.1563121029355625,0.052737833635706964,0.1384787516609882
926,46.300000000000004,1,11.436818148996338,2.51822674150455,0.04866624389718899,0.12100220458015183
926,46.300000000000004,2,13.38101509401332,2.791504145568293,0.04881775614314764,0.1644126787659211
926,46.300000000000004,3,12.359965182203734,3.115303460184653,0.054204745002948244,0.1304122225578723
926,46.300000000000004,4,11.084416072365332,3.4499203482086696,0.030683766210618774,0.10558594816189026
926,46.300000000000004,5,11.477397502443086,4.237062034001491,0.007407603010558535,0.11109252352046717
927,46.35,0,12.497404042140314,2.163236040518612,0.05251182336671979,0.13856167331058336
927,46.35,1,11.439251461191198,2.524276851733558,0.048486153535598535,0.12102344607580871
927,46.35,2,13.383455981820477,2.7997247795065894,0.04853821971251167,0.16448974247300555
927,46.35,3,12.36267541945388,3.1218240713125467,0.053956919985987804,0.1305578434932009
927,46.35,4,11.085950260675864,3.455199645616764,0.03046972495750087,0.10559562161688973
927,46.35,5,11.477767882593614,4.242616660177514,0.007186859718165539,0.11110210214284057
928,46.400000000000006,0,12.50002963330865,2.170164124184141,0.05228577911738916,0.13864413946456647
928,46.400000000000006,1,11.441675768867977,2.5303280240373485,0.048305839129796496,0.12104458554275865
928,46.400000000000006,2,13.385882892806103,2.8079492666302395,0.04825860534034298,0.16456631295094531
928,46.400000000000006,3,12.36537326545318,3.128351963487207,0.05370891936549015,0.13070262359916773
928,46.400000000000006,4,11.087473746923738,3.4604794266976087,0.030255850982742406,0.10560511661687083
928,46.400000000000006,5,11.478127225579522,4.248171765284656,0.006966242129058311,0.111111212259391
929,46.45,0,12.50264392226452,2.1770963311573692,0.052059701042587364,0.13872615026864532
929,46.45,1,11.444091060824467,2.5363802533144866,0.048125301609704345,0.1210656232903072
929,46.45,2,13.38829582307312,2.8161775822777866,0.04797891413030058,0.16464239105986717
929,46.45,3,12.368058711421455,3.134887094667165,0.05346074474733305,0.13084656367850178
929,46.45,4,11.088986539472875,3.4657596825284522,0.03004214408669245,0.10561443265586383
929,46.45,5,11.478475537685975,4.253727325897626,0.006745751313200598,0.11111985491043233
930,46.5,0,12.50524690731665,2.1840326386708013,0.05183358930654619,0.13880770588210248
930,46.5,1,11.446497325904952,2.542433534479002,0.04794454191833781,0.1210865595817494
930,46.5,2,13.390694768779635,2.82440970183078,0.047699147169813286,0.16471797766278873
930,46.5,3,12.370731748658821,3.14142942285109,0.05321239770409948,0.13098966457680358
930,46.5,4,11.09048864667721,3.4710404041612453,0.02982860405224004,0.10562356922800618
930,46.5,5,11.478812825251635,4.259283318643147,0.006525388320587423,0.11112803114293966
931,46.550000000000004,0,12.507838586781977,2.1909730239649066,0.0516074440828689,0.1388888064776233
931,46.550000000000004,1,11.44889455300087,2.5484878624580896,0.047763561011552234,0.12110739463502102
931,46.550000000000004,2,13.393079726138126,2.8326456007139194,0.047419305530112275,0.16479307362530932
931,46.550000000000004,3,12.373392368544026,3.1479789060799304,0.052963879775334045,0.13113192718184843
931,46.550000000000004,4,11.091980076879823,3.4763215826226457,0.029615230645051203,0.10563252582728037
931,46.550000000000004,5,11.479139094667666,4.264839720200294,0.006305154181143904,0.11113574201028568
932,46.6,0,12.51041895898612,2.1979174642887878,0.05138126555454753,0.13896945224114696
932,46.6,1,11.451282731051446,2.5545432321898405,0.047582359857832816,0.12112812862337617
932,46.6,2,13.39545069141463,2.840885254395185,0.047139390266229805,0.1648676798153069
932,46.6,3,12.376040562532793,3.154535502439023,0.05271519246781144,0.1312733524228912
932,46.6,4,11.093460838412076,3.48160320891401,0.029402023613855566,0.10564130194727799
932,46.6,5,11.479454352376722,4.270396507300808,0.006085049904687065,0.11114298857198374
933,46.650000000000006,0,12.512988022263848,2.204865936900845,0.05115505391397476,0.13904964337170758
933,46.650000000000006,1,11.453661849044337,2.5605996386210093,0.04740093943804354,0.12114876167605797
933,46.650000000000006,2,13.397807660927942,2.84912863838595,0.04685940241702111,0.16494179710265333
933,46.650000000000006,3,12.378676322156183,3.1610991700601674,0.05246633725580709,0.1314139412699727
933,46.650000000000006,4,11.09493093959277,3.4868852740113736,0.029188982690707,0.10564989708096882
933,46.650000000000006,5,11.479758604871956,4.275953656729407,0.00586507648085491,0.11114977189343085
934,46.7,0,12.515545774959547,2.2118184190694308,0.050928809362949475,0.13912938008127862
934,46.7,1,11.45603189601624,2.566657076704812,0.047219300745210774,0.12116929387897978
934,46.7,2,13.400150631048794,2.8573757282410828,0.04657934300519133,0.16501542635892058
934,46.7,3,12.381299639018973,3.167669867123666,0.05221731558136522,0.1315536947332093
934,46.7,4,11.096390388727304,3.4921677688654222,0.02897610759126936,0.1056583107204705
934,46.7,5,11.480051858695997,4.281511145324079,0.00564523487908414,0.11115609304564314
935,46.75,0,12.518092215427695,2.2187748880734945,0.05070253211268141,0.13920866259459785
935,46.75,1,11.4583928610535,2.572715541398761,0.04703744478428691,0.12118972527539108
935,46.75,2,13.402479598199053,2.8656264995590286,0.0462992130373308,0.16508856845708414
935,46.75,3,12.383910504798042,3.174247551860326,0.05196812885457343,0.131692613862076
935,46.75,4,11.097839194106868,3.497450684401446,0.028763398015090043,0.10566654235684007
935,46.75,5,11.480334120439952,4.287068949976361,0.005425526048568399,0.11116195310501036
936,46.800000000000004,0,12.520627342033329,2.2257353212032243,0.050476222383790056,0.13928749114901712
936,46.800000000000004,1,11.460744733292715,2.5787750276625307,0.04685537257191476,0.12121005586656168
936,46.800000000000004,2,13.404794558850918,2.8738809279818827,0.04601901350394468,0.16516122427125765
936,46.800000000000004,3,12.386508911240771,3.18083218255343,0.051718778453844046,0.13183069974468245
936,46.800000000000004,4,11.099277364007623,3.502734011519288,0.028550853645882366,0.10567459147984988
936,46.800000000000004,5,11.48060539674238,4.292627047631612,0.005205950918233757,0.11116735315302195
937,46.85,0,12.523151153152519,2.232699695760675,0.050249880406301815,0.13936586599432899
937,46.85,1,11.463087501921311,2.584835530455859,0.04667308513621496,0.12123028561246507
937,46.85,2,13.407095509526116,2.8821389891954454,0.04573874537949943,0.16523339467639375
937,46.85,3,12.389094850163463,3.187423717540664,0.0514692657261808,0.13196795350705123
937,46.85,4,11.100704906689916,3.5080177410932807,0.028338474151829936,0.10568245757780163
937,46.85,5,11.480865694288292,4.298185415289263,0.004986510396737167,0.1111722942760265
938,46.900000000000006,0,12.525663647172834,2.2396679890603917,0.05002350641964137,0.13944378739260077
938,46.900000000000006,1,11.465421156178122,2.590897044736482,0.046490583516536954,0.12125041443244575
938,46.900000000000006,2,13.40938244679509,2.890400658929265,0.04545840962248157,0.16530508054802873
938,46.900000000000006,3,12.391668313449772,3.1940221152160166,0.051219591987471315,0.13210437631237815
938,46.900000000000006,4,11.102121830397508,3.513301863972171,0.02812625918585475,0.10569014013732057
938,46.900000000000006,5,11.48111501980813,4.303744030003064,0.004767205372447252,0.11117677756496226
939,46.95,0,12.528164822493816,2.2466401784300216,0.04979710067262568,0.13952125561800688
939,46.95,1,11.467745685353949,2.5969595654581044,0.04630786876325274,0.12127044220591598
939,46.95,2,13.411655367276214,2.8986659129566665,0.04517800717544511,0.16537628276199345
939,46.95,3,12.394229293049145,3.2006273340316356,0.05096975852276386,0.13223996936030558
939,46.95,4,11.103528143356801,3.518586370979037,0.027914208385935578,0.10569763864317772
939,46.95,5,11.48135338007675,4.309302868881312,0.004548036713468162,0.11118080411511087
940,47.0,0,12.530654677527448,2.253616241210922,0.04957066342344378,0.13959827095666136
940,47.0,1,11.470061078792112,2.6030230875684,0.04612494193751623,0.12129036877302662
940,47.0,2,13.413914267634986,2.9069347270947663,0.04489753896507313,0.16544700219416317
940,47.0,3,12.396777780975283,3.207239332499651,0.050719766586550044,0.13237473388617266
940,47.0,4,11.104923853776098,3.5238712529111957,0.02770232137539481,0.10570495257810529
940,47.0,5,11.481580781912424,4.314861909087068,0.004329005267637804,0.11118437502583951
941,47.050000000000004,0,12.53313321069862,2.260596154758755,0.04934419493964998,0.1396748337064427
941,47.050000000000004,1,11.472367325888987,2.6090876060070514,0.04594180411105213,0.12131019393535071
941,47.050000000000004,2,13.41615914458324,2.9152070772044745,0.04461700590224657,0.1655172397201859
941,47.050000000000004,3,12.39931376930461,3.2138580691939596,0.05046961740306165,0.13250867116027354
941,47.050000000000004,4,11.106308969844868,3.529156500540101,0.02749059776320613,0.10571208142263026
941,47.050000000000004,5,11.481797232175806,4.32042112783836,0.004110111862564077,0.11118749140034898
942,47.1,0,12.535600420445602,2.267579896444077,0.04911769549813717,0.13975094417682163
942,47.1,1,11.474664416094539,2.615153115703819,0.04575845636591655,0.12132991745656434
942,47.1,2,13.418389994878352,2.923482939190484,0.04433640888211726,0.16558699621522113
942,47.1,3,12.401837250174763,3.220483502751973,0.05021931216654362,0.1326417824871077
942,47.1,4,11.107683499733028,3.5344421046112324,0.027279037144290256,0.1057190246549063
942,47.1,5,11.482002737768934,4.3259805024083775,0.003891357305646726,0.11119015434542392
943,47.150000000000006,0,12.53805630522051,2.274567443652918,0.04889116538511752,0.1398266026886988
943,47.150000000000006,1,11.476952338912835,2.621219611576647,0.04557489979429521,0.12134953906313437
943,47.150000000000006,2,13.420606815322458,2.931762289001245,0.04405574878417807,0.16565627255370294
943,47.150000000000006,3,12.40434821578309,3.2271155918763283,0.049968852041558195,0.13277406920463897
943,47.150000000000006,4,11.109047451590243,3.5397280558439776,0.027067639099841168,0.10572578175056675
943,47.150000000000006,5,11.482197305634216,4.331540010125648,0.003672742384132804,0.11119236497118083
944,47.2,0,12.540500863489765,2.2815587737873533,0.0486646048960954,0.13990180957421117
944,47.2,1,11.47923108390255,2.627287088529804,0.04539113549825962,0.12136905844497964
944,47.2,2,13.422809602761667,2.9400451026289303,0.043775026472356884,0.16572506960906966
944,47.2,3,12.406846658385168,3.2337542953365603,0.04971823816326674,0.13290553268351943
944,47.2,4,11.110400833545235,3.545014344931506,0.02685640319760742,0.10573235218255794
944,47.2,5,11.482380942753423,4.337099628374207,0.00345426786513895,0.11119412439081665
945,47.25,0,12.54293409373457,2.288553864266064,0.04843801433584332,0.1399765651765751
945,47.25,1,11.481500640677462,2.633355541452053,0.04520716458956871,0.1213884752561658
945,47.25,2,13.424998354085286,2.948331356109384,0.04349424279509577,0.16579338825353457
945,47.25,3,12.409332570293332,3.240399571970736,0.04946747163773196,0.13303617432635462
945,47.25,4,11.111743653705116,3.550300962540634,0.02664532899222766,0.10573873542101299
945,47.25,5,11.48255365614668,4.342659334593748,0.0032359344957324813,0.1111954337203686
946,47.300000000000004,0,12.545355994451361,2.295552692524893,0.04821139401836739,0.14005086984991355
946,47.300000000000004,1,11.48376099890694,2.6394249652148614,0.045022988189440984,0.12140778911558625
946,47.300000000000004,2,13.427173066225041,2.9566210255220606,0.04321339858543657,0.16586122935785033
946,47.300000000000004,3,12.411805943875219,3.247051380687054,0.04921655354220463,0.13316599556694955
946,47.300000000000004,4,11.113075920154728,3.5555878993116847,0.026434416025539982,0.10574493093311549
946,47.300000000000004,5,11.482715452871465,4.348219106279766,0.003017743002990135,0.11119629407846285
947,47.35,0,12.54776656415228,2.3025552360173887,0.04798474426687693,0.14012472395905096
947,47.35,1,11.486012148316412,2.645495354670641,0.044838607428330866,0.12142699960760905
947,47.35,2,13.429333736154312,2.9649140869899533,0.042932494661136814,0.1659285937910489
947,47.35,3,12.41426677155233,3.253709680465401,0.04896548492542354,0.13329499786952093
947,47.35,4,11.114397640956005,3.5608751458583403,0.026223663826882845,0.105750938182959
947,47.35,5,11.482866340021616,4.353778920983689,0.00279969409404907,0.11119670658607538
948,47.400000000000006,0,12.550165801365624,2.309561472215341,0.047758065413747136,0.14019812787938196
948,47.400000000000006,1,11.488254078687829,2.6515667046510214,0.044654023445735005,0.12144610628278946
948,47.400000000000006,2,13.431480360887369,2.9732105166795058,0.042651531824741636,0.16599548242024534
948,47.400000000000006,3,12.4167150457986,3.260374430358877,0.04871426680791604,0.13342318272797782
948,47.400000000000006,4,11.11570882414735,3.566162692767488,0.026013071913434042,0.10575675663143881
948,47.400000000000006,5,11.483006324726318,4.359338756312992,0.0025817884562233102,0.11119667236628486
949,47.45,0,12.552553704636312,2.3165713786093103,0.04753135780048269,0.14027108199665472
949,47.45,1,11.490486779860117,2.657639009965161,0.04446923738995432,0.12146510865850892
949,47.45,2,13.433612937478605,2.981510290800518,0.04237051086371458,0.16606189611038608
949,47.45,3,12.419150759138995,3.267045589495276,0.04846290018229439,0.13355055166512692
949,47.45,4,11.117009477743022,3.5714505305990603,0.02580263979050341,0.10576238573612572
949,47.45,5,11.48313541414913,4.364898589931306,0.0023640267570487527,0.11119619254403587
950,47.5,0,12.554930272526336,2.323584932709143,0.04730462177767117,0.14034358670681685
950,47.5,1,11.492710241729615,2.663712265398086,0.04428425041789732,0.12148400621966002
950,47.5,2,13.43573146302179,2.989813385606037,0.04208943255053213,0.16612783572404033
950,47.5,3,12.42157390414811,3.2737231170785326,0.04821138601355185,0.13367710623193327
950,47.5,4,11.118299609732547,3.5767386498858666,0.02559236695187278,0.10576782495116713
950,47.5,5,11.483253615486982,4.370458399558507,0.0021464096444015817,0.11119526824590194
951,47.550000000000004,0,12.55729550361522,2.3306021120444838,0.04707785770494863,0.14041564241583218
951,47.550000000000004,1,11.49492445425051,2.669786465709069,0.04409906369486662,0.12150279841931191
951,47.550000000000004,2,13.437835934649318,2.998119777392239,0.04180829764279945,0.1661933021211782
951,47.550000000000004,3,12.423984473448787,3.2804069723901295,0.047959725239370865,0.13380284800675823
951,47.550000000000004,4,11.119579228080141,3.582027041133425,0.02538225288011043,0.10577307372718206
951,47.550000000000004,5,11.483360935969202,4.376018162970802,0.0019289377465954488,0.11119390059984925
952,47.6,0,12.559649396500468,2.3376228941652752,0.046851065950948595,0.1404872495395045
952,47.6,1,11.497129407435253,2.6758616056300344,0.04391367839434613,0.12152148467936752
952,47.6,2,13.439926349531458,3.006429442498298,0.04152710688337291,0.16625829615897025
952,47.6,3,12.426382459710755,3.2870971147904675,0.04770791877042853,0.13392777859459623
952,47.6,4,11.120848340724146,3.587315694819784,0.025172297046882352,0.10577813151115986
952,47.6,5,11.483457382856532,4.381577858000795,0.0017116116724737787,0.11119209073499749
953,47.650000000000006,0,12.561991949798015,2.3446472566422503,0.04662424689325509,0.14055840850329604
953,47.650000000000006,1,11.49932509135497,2.681937679864003,0.04372809569779587,0.12154006439123245
953,47.650000000000006,2,13.442002704875627,3.0147423573062464,0.04124586100046836,0.16632281869155877
953,47.650000000000006,3,12.428767855649276,3.2937935037201975,0.04745596749068231,0.13405189962632363
953,47.650000000000006,4,11.12210695557649,3.592604601395342,0.024962498913286734,0.10578299774638171
953,47.650000000000006,5,11.483542963440156,4.387137462537545,0.0014944320115442974,0.1111898397814054
954,47.7,0,12.564323162142678,2.351675177067415,0.046397400918351955,0.14062911974215483
954,47.7,1,11.50151149613986,2.6880146830835647,0.043542316794445604,0.1215585369164595
954,47.7,2,13.44406499792565,3.0230584982408244,0.04096456070780148,0.16638687056988674
954,47.7,3,12.43114065402381,3.3004960987015135,0.04720387225770494,0.13417521275792788
954,47.7,4,11.123355080522154,3.597893751282661,0.024752857930156507,0.10578767187231937
954,47.7,5,11.483617685040734,4.392696954526616,0.0012773993340624817,0.11118714886981397
955,47.75,0,12.566643032188596,2.3587066330545228,0.046170528421570545,0.14069938370034193
955,47.75,1,11.503688611979582,2.694092609929388,0.04335634288109693,0.12157690158741945
955,47.75,2,13.44611322596104,3.0313778417693187,0.040683206704696745,0.16645045264147496
955,47.75,3,12.433500847636695,3.30720485933941,0.04695163390295937,0.13429771966977141
955,47.75,4,11.124592723418662,3.603183134876277,0.02454337353840901,0.10579215332457657
955,47.75,5,11.483681555007438,4.398256311970107,0.0010605141911959213,0.1111840191314449
956,47.800000000000004,0,12.568951558609674,2.36574160223954,0.04594362980703943,0.14076920083124944
956,47.800000000000004,1,11.505856429123638,2.7001714550087588,0.043170175161912565,0.12159515770794294
956,47.800000000000004,2,13.448147386296275,3.0397003644013925,0.04040179967622703,0.1665135657502438
956,47.800000000000004,3,12.435848429331843,3.3139197453228983,0.04669925323212718,0.13441942206583576
956,47.800000000000004,4,11.125819892095581,3.6084727425425056,0.02433404516934466,0.10579644153480701
956,47.800000000000004,5,11.483734580716998,4.403815512926679,0.0008437771151327376,0.11118045169776242
957,47.85,0,12.571248740100026,2.372780062281102,0.04571670548762044,0.14083857159721824
957,47.85,1,11.508014937881732,2.706251212894156,0.04298381484821989,0.12161330455396027
957,47.85,2,13.450167476280086,3.0480260426889045,0.04012034029335498,0.16657621073631634
957,47.85,3,12.43818339199345,3.32064071642619,0.0464467310254034,0.13454032167295218
957,47.85,4,11.127036594354049,3.613762564619246,0.024124872244972933,0.10580053593064935
957,47.85,5,11.483776769572755,4.409374535511567,0.0006271886192109956,0.1111764477002582
958,47.900000000000006,0,12.573534575374408,2.3798219908609632,0.045489755884858374,0.1409074964693805
958,47.900000000000006,1,11.510164128624144,2.712331878121854,0.04279726315831471,0.12163134137416079
958,47.900000000000006,2,13.452173493294755,3.0563548532257205,0.039838829213049085,0.1666383884358496
958,47.900000000000006,3,12.44050572854472,3.3273677325098374,0.04619406803781596,0.13466042024008676
958,47.900000000000006,4,11.128242837966297,3.6190525914157785,0.023915854178345502,0.10580443593567081
958,47.900000000000006,5,11.483808129003716,4.41493335789658,0.00041074919808061785,0.11117200827022605
959,47.95,0,12.57580906316865,2.386867365684432,0.045262781428916904,0.14097597592745895
959,47.95,1,11.51230399178206,2.718413445190562,0.04261052131725771,0.12164926739061202
959,47.95,2,13.454165434755406,3.064686772647513,0.039557267078451155,0.1667000996808366
959,47.95,3,12.44281543194661,3.3341007535218417,0.04594126499952586,0.13477971953756057
959,47.95,4,11.129438630675216,3.624342813212562,0.023706990373858726,0.1058081409693044
959,47.95,5,11.48382866646362,4.420491958310092,0.00019445932782902257,0.11116713453855234
960,48.0,0,12.578072202240095,2.393916164480805,0.04503578255850961,0.14104401045961495
960,48.0,1,11.514434517847922,2.7244959085600926,0.042423590556689275,0.12166708179940974
960,48.0,2,13.456143298109328,3.073021777631555,0.03927565451899392,0.16676134529895378
960,48.0,3,12.445112495196586,3.3408397394987195,0.04568832261614096,0.1348982213563331
960,48.0,4,11.130623980193908,3.6296332202610273,0.023498280227588698,0.10581165044680552
960,48.0,5,11.48383838943001,4.42605031503702,-2.1680533858967293e-05,0.11116182763549066
961,48.050000000000004,0,12.58032399136802,2.4009683650037856,0.04480875972084777,0.14111160056226435
961,48.050000000000004,1,11.516555697375757,2.730579262650063,0.04223647211462617,0.12168478377130239
961,48.050000000000004,2,13.458107080835278,3.0813598448965025,0.03899399215055561,0.16682212611338185
961,48.050000000000004,3,12.447396911327393,3.347584650566536,0.04543524156902947,0.13501592750725966
961,48.050000000000004,4,11.131798894205287,3.6349238027833675,0.023289723127604658,0.10581496377920889
961,48.050000000000004,5,11.483837305403318,4.431608406418794,-0.00023766994753835076,0.11115608869046423
962,48.1,0,12.582564429354063,2.408023945031899,0.044581713371564795,0.1411787467398968
962,48.1,1,11.518667520981488,2.736663501838628,0.04204916723527695,0.12170237245231096
962,48.1,2,13.460056780442805,3.089700951202172,0.03871228057561321,0.1668824429426374
962,48.1,3,12.449668673405846,3.354335446941899,0.0451820225156255,0.13513283982034496
962,48.1,4,11.132963380361668,3.640214550972328,0.023081318454285134,0.10581808037328205
962,48.1,5,11.48382542190594,4.437166210853317,-0.00045350849185533276,0.11114991883184895
963,48.150000000000006,0,12.58479351502264,2.415082882368894,0.044354643974654405,0.14124544950491671
963,48.150000000000006,1,11.520769979343251,2.7427486204612435,0.04186167716884898,0.12171984696435745
963,48.150000000000006,2,13.461992394471586,3.0980450733493035,0.038430520383382516,0.16694229660042795
963,48.150000000000006,3,12.451927774531628,3.3610920889329163,0.0449286660897522,0.1352489601440255
963,48.150000000000006,4,11.134117446284382,3.645505454990992,0.02287306558063729,0.10582099963149633
963,48.150000000000006,5,11.483802746481349,4.44272370679491,-0.0006691957633805836,0.11114331918676362
964,48.2,0,12.587011247221374,2.4221451548441397,0.04412755200239332,0.14131170937746038
964,48.2,1,11.522863063201694,2.7488346128094614,0.04167400317136283,0.12173720640587794
964,48.2,2,13.463913920490755,3.106392188179325,0.038148712149977775,0.1670016878954822
964,48.2,3,12.454174207836115,3.3678545369401176,0.04467517290192041,0.13536429034444133
964,48.2,4,11.135261099563413,3.650796504972567,0.02266496387261807,0.10582372095199957
964,48.2,5,11.48376928669318,4.448280872754248,-0.0008847313764279103,0.11113629088087824
965,48.25,0,12.589217624821494,2.4292107403130125,0.043900437935279445,0.14137752688522984
965,48.25,1,11.524946763360262,2.7549214731297553,0.041486146504468684,0.12175444985243374
965,48.25,2,13.465821356098255,3.114742272574099,0.03786685643855822,0.16706061763141086
965,48.25,3,12.45640796648121,3.3746227514573395,0.044421543539655065,0.13547883230471197
965,48.25,4,11.136394347757044,3.656087691020167,0.022457012689444996,0.1058262437285861
965,48.25,5,11.483725050124358,4.453837687298292,-0.0011001149628910667,0.11112883503820252
966,48.300000000000004,0,12.591412646718258,2.436279616657274,0.04367330226194903,0.14144290256331968
966,48.300000000000004,1,11.527021070685485,2.761009195622377,0.04129810843526006,0.12177157635731671
966,48.300000000000004,2,13.467714698920183,3.1230953034556697,0.03758495379949777,0.16711908660655647
966,48.300000000000004,3,12.458629043658194,3.381396693072575,0.044167778567801755,0.13559258792421883
966,48.300000000000004,4,11.137517198391516,3.6613790032065965,0.022249211383908018,0.10582856735068234
966,48.300000000000004,5,11.483670044376213,4.459394129050202,-0.0013153461720675265,0.1111209527808946
967,48.35,0,12.593596311831355,2.44335176178544,0.04344614547910868,0.1415078369540456
967,48.35,1,11.529085976107249,2.7670977744402427,0.04110989023609065,0.12178858495214538
967,48.35,2,13.469593946610157,3.1314512577859976,0.037303004770530536,0.1671770956138506
967,48.35,3,12.460837432586583,3.388176322468786,0.04391387852884741,0.13570555911789345
967,48.35,4,11.138629658960712,3.6666704315741305,0.022041559302680466,0.10583069120332614
967,48.35,5,11.48360427706761,4.464950176689247,-0.00153042467047297,0.11111264522906626
968,48.400000000000006,0,12.59576861910531,2.450427153633142,0.043218968091452876,0.14157233060678215
968,48.400000000000006,1,11.531141470619053,2.77318720368785,0.040921493184399846,0.12180547464746862
968,48.400000000000006,2,13.471459096848683,3.13981011256669,0.03702100987691237,0.16723464544068697
968,48.400000000000006,3,12.463033126513025,3.3949616004246805,0.04365984394323197,0.13581774781551187
968,48.400000000000006,4,11.139731736925846,3.671961966134297,0.021834055786639325,0.1058326146671589
968,48.400000000000006,5,11.483527755834086,4.4705058089507,-0.0017453501416568882,0.11110391350058481
969,48.45,0,12.597929567509883,2.4575057701634813,0.04299177061159183,0.14163638407778842
969,48.45,1,11.533187545278272,2.779277477420224,0.04073291856253389,0.12182224443335117
969,48.45,2,13.473310147342529,3.1481718448387244,0.03673896963158956,0.1672917368687746
969,48.45,3,12.465216118710186,3.401752487815456,0.043405675309664014,0.13592915596099694
969,48.45,4,11.140823439715177,3.677253596867655,0.021626700171165716,0.10583433711842202
969,48.45,5,11.483440488327004,4.47606100462573,-0.0019601222860097874,0.11109475871089362
970,48.5,0,12.600079156040463,2.4645875893673708,0.04276455355996773,0.14169999793004437
970,48.5,1,11.5352241912064,2.7853685896418914,0.04054416765756156,0.1218388932799534
970,48.5,2,13.47514709582411,3.156536431682163,0.03645688453536051,0.1673483706740242
970,48.5,3,12.46738640247567,3.408548945613506,0.04315137310544441,0.1360397855117146
970,48.5,4,11.141904774723736,3.682545313723576,0.021419491786447493,0.1058358579289472
970,48.5,5,11.483342482212704,4.481615742561274,-0.0021747408205830053,0.1110851819728169
971,48.550000000000004,0,12.602217383718461,2.471672589263873,0.04253731746477086,0.1417631727330837
971,48.550000000000004,1,11.537251399589278,2.791460534305889,0.04035524176111303,0.12185542013812153
971,48.550000000000004,2,13.476969940050877,3.164903850215864,0.03617475507703533,0.1674045476264148
971,48.550000000000004,3,12.469543971130943,3.4153509348890916,0.04289693778676748,0.13614963843779238
971,48.550000000000004,4,11.142975749313058,3.6878371066200235,0.02121242995779603,0.1058371764661689
971,48.550000000000004,5,11.483233745171674,4.487170001659916,-0.0023892054788808904,0.11107518439638832
972,48.6,0,12.6043442495917,2.478760747900527,0.042310062861863625,0.14182590906283096
972,48.6,1,11.539269161677334,2.7975533053127952,0.040166142169207164,0.12187182393994658
972,48.6,2,13.478778677804728,3.173274077597185,0.0358925817336068,0.16746026848987655
972,48.6,3,12.471688818020281,3.4221584168109813,0.04264236978905886,0.1362587167214257
972,48.6,4,11.144036370810948,3.693128965443332,0.021005514005940095,0.10583829209312225
972,48.6,5,11.48311428489773,4.492723760879735,-0.002603516010669131,0.11106476708866243
973,48.650000000000006,0,12.606459752734793,2.4858520433536686,0.04208279029469044,0.14188820750143616
973,48.650000000000006,1,11.541277468785793,2.8036468965097927,0.03997687018206812,0.12188810359933874
973,48.650000000000006,2,13.480573306891408,3.1816470910216785,0.03561036497041934,0.1675155340221849
973,48.650000000000006,3,12.473820936509734,3.4289713526470527,0.04238766952728167,0.13636702235620715
973,48.650000000000006,4,11.145086646511245,3.6984208800479883,0.020798743247325547,0.10583920416845165
973,48.650000000000006,5,11.482984109097197,4.498276999234168,-0.0028176721817802174,0.1110539311535365
974,48.7,0,12.608563892249528,2.4929464537287402,0.04185550031419521,0.14195006863711576
974,48.7,1,11.543276312294896,2.8097413016897597,0.03978742710397557,0.12190425801259103
974,48.7,2,13.48235382513993,3.1900228677227878,0.03532810524133446,0.16757034497483692
974,48.7,3,12.475940319986098,3.435789703764863,0.0421328373962573,0.1364745573464508
974,48.7,4,11.146126583673611,3.703712840256411,0.02059211699442282,0.1058399120464306
974,48.7,5,11.482843225488109,4.503829695791845,-0.0030316737738967916,0.11104267769158051
975,48.75,0,12.610656667265237,2.500043957160596,0.04162819347872937,0.1420114930639843
975,48.75,1,11.545265683650095,2.8158365145903894,0.0395978142430839,0.1219202860589272
975,48.75,2,13.484120230401997,3.19840138497153,0.03504580298890237,0.16762470209294766
975,48.75,3,12.478046961855911,3.4426134316321857,0.041877873770979006,0.1365813237065307
975,48.75,4,11.147156189523333,3.7090048358587326,0.020385634556010602,0.10584041507697808
975,48.75,5,11.482691641799414,4.509381829676424,-0.003245520584355792,0.1110310077998733
976,48.800000000000004,0,12.612738076939173,2.507144531813795,0.041400870353969985,0.1420724813819117
976,48.800000000000004,1,11.547245574362249,2.8219325288933357,0.03940803291127722,0.12193618660106409
976,48.800000000000004,2,13.485872520551442,3.206782620076177,0.03476345864453067,0.16767860611516122
976,48.800000000000004,3,12.48014085554446,3.4494424978175124,0.04162277900694535,0.13668732346022464
976,48.800000000000004,4,11.148175471251134,3.7142968566125814,0.020179295237485156,0.10584071260568019
976,48.800000000000004,5,11.482529365770196,4.5149333800664175,-0.0034592124259269544,0.11101892257182142
977,48.85,0,12.614808120456871,2.5142481558828904,0.04117353151282392,0.14213303419634335
977,48.85,1,11.549215976007812,2.8280293382233888,0.03921808442398713,0.12195195848573519
977,48.85,2,13.487610693483669,3.215166550381935,0.03448107262866484,0.1677320577735314
977,48.85,3,12.482221994494807,3.4562768639905235,0.04136755344046851,0.13679255864004866
977,48.85,4,11.149184436013009,3.7195888922428653,0.019973098341132606,0.10584080397380606
977,48.85,5,11.482356405148899,4.5204843261950085,-0.0036727491266264727,0.1110064230970011
978,48.900000000000006,0,12.616866797032513,2.5213548075927075,0.04094617753533435,0.14219315211816067
978,48.900000000000006,1,11.551176880229011,2.8341269361476753,0.03902797010004685,0.12196760054424773
978,48.900000000000006,2,13.489334747115102,3.2235531532706116,0.034198645350945724,0.1677850577934423
978,48.900000000000006,3,12.48429037216683,3.4631164919225257,0.04111219738899339,0.1368970312866303
978,48.900000000000006,4,11.150183090930065,3.7248809324415557,0.019767043166432664,0.10584068851834952
978,48.900000000000006,5,11.482172767692568,4.526034647349858,-0.0038861305294773784,0.11099351046100114
979,48.95,0,12.61891410590928,2.5284644651986157,0.04071880900859523,0.14225283576351072
979,48.95,1,11.553128278734013,2.840225316174888,0.03883769126153262,0.12198311159299749
979,48.95,2,13.491044679382648,3.2319424061602837,0.03391617721039824,0.1678376068935055
979,48.95,3,12.48634598203628,3.4699613434868573,0.04085671115142499,0.1370007434480515
979,48.95,4,11.151171443088387,3.7301729668674732,0.019561129010333377,0.10584036557204764
979,48.95,5,11.481978461166094,4.5315843228729085,-0.0040993564923139224,0.1109801857452565
980,49.0,0,12.62095004635971,2.5355771069867914,0.040491426526654516,0.14231208575366777
980,49.0,1,11.55507016329709,2.8463244717545377,0.03864724923360313,0.12199849043400526
980,49.0,2,13.492740488243168,3.240334286504959,0.03363366859559787,0.16788970578548754
980,49.0,3,12.48838881759385,3.4768113806592598,0.040601095008450515,0.1371036971792364
980,49.0,4,11.152149499538904,3.7354649851460757,0.01935535516754247,0.10583983446342445
980,49.0,5,11.481773493341478,4.537133332160171,-0.004312426887553908,0.11096645002689946
981,49.050000000000004,0,12.622974617686042,2.5426927112744746,0.04026403069041304,0.1423709027148749
981,49.050000000000004,1,11.55700252575877,2.852424396276238,0.03845664534435609,0.12201373585543332
981,49.050000000000004,2,13.494422171672948,3.2487287717942337,0.033351119884841095,0.1679413551742196
981,49.050000000000004,3,12.490418872344273,3.4836665655182215,0.0403453492228538,0.13720589454131943
981,49.050000000000004,4,11.153117267297281,3.740756976869247,0.019149720930807006,0.10583909451682438
981,49.050000000000004,5,11.4815578719971,4.542681654661516,-0.004525341601980972,0.11095230437860107
982,49.1,0,12.624987819220562,2.5498112564102184,0.040036622107533,0.14242928727818077
982,49.1,1,11.558925358025988,2.8585250830690097,0.03826588092466668,0.12202884663208953
982,49.1,2,13.49608972766719,3.2571258395529448,0.033068531446333975,0.16799255575750804
982,49.1,3,12.492436139805417,3.4905268602452875,0.040089474039836606,0.1373073376010242
982,49.1,4,11.15407475334382,3.7460489315950882,0.018944225591186414,0.1058381450524536
982,49.1,5,11.481331604917,4.548229269880446,-0.004738100536529963,0.1109377498684309
983,49.150000000000006,0,12.626989650325939,2.5569327207741277,0.039809201392338636,0.14248724007930605
983,49.150000000000006,1,11.56083865207222,2.864626525400614,0.03807495730804128,0.1220438215259396
983,49.150000000000006,2,13.497743154239506,3.26552546734082,0.032785903638358434,0.16804330822607463
983,49.150000000000006,3,12.49444061350741,3.4973922271253386,0.0398334696873503,0.13740802843006147
983,49.150000000000006,4,11.15502196462338,3.7513408388477107,0.018738868438321534,0.10583698538642122
983,49.150000000000006,5,11.481094699890175,4.553776157373868,-0.004950703606069687,0.11092278755970145
984,49.2,0,12.628980110395556,2.564057082778093,0.03958176916571719,0.14254476175849198
984,49.2,1,11.562742399937623,2.870728716476911,0.03788387583047768,0.12205865928661087
984,49.2,2,13.499382449421423,3.2739276327521236,0.03250323680944528,0.16809361326347685
984,49.2,3,12.496432286991777,3.5042626285468415,0.03957733637640922,0.13750796910453217
984,49.2,4,11.155958908045296,3.756632688117032,0.01853364876072516,0.10583561483079128
984,49.2,5,11.480847164709871,4.559322296751853,-0.005163150739157775,0.11090741851083422
985,49.25,0,12.630959198853843,2.5711843208660174,0.039354326055014814,0.1426018529603434
985,49.25,1,11.564636593729146,2.8768316494412414,0.0376926378303112,0.12207335865187388
985,49.25,2,13.501007611261896,3.2823323134152975,0.032220531298557196,0.16814347154603732
985,49.25,3,12.498411153810597,3.511138027002068,0.039321074301416487,0.13760716170431914
985,49.25,4,11.156885590483332,3.7619244688585716,0.01832856584602777,0.10583403269362304
985,49.25,5,11.480589007172913,4.564867667677395,-0.005375441877848199,0.11089164377521166
986,49.300000000000004,0,12.632926915156593,2.578314413514035,0.0391268726939417,0.14265851433370033
986,49.300000000000004,1,11.566521225620662,2.882935317373835,0.03750124464808149,0.12208791834814496
986,49.300000000000004,2,13.502618637826824,3.2907394869925994,0.03193778743526207,0.16819288374278446
986,49.300000000000004,3,12.500377207525668,3.518018385087284,0.03906468364048801,0.13770560831252487
986,49.300000000000004,4,11.157802018775634,3.7672161704932527,0.018123618981266538,0.10583223827903464
986,49.300000000000004,5,11.48032023507902,4.5704122498661555,-0.005587576977434655,0.1108754644010452
987,49.35,0,12.634883258791291,2.58544733923072,0.03889940972246008,0.14271474653147337
987,49.35,1,11.568396287853066,2.8890397132912424,0.037309697626377994,0.12210233709094524
987,49.35,2,13.504215527198587,3.2991491311797385,0.03165500553991704,0.16824185051538065
987,49.35,3,12.502330441707693,3.5249036655029102,0.03880816455577405,0.13780331101486365
987,49.35,4,11.158708199724696,3.7725077824072044,0.01791880745312017,0.10583023088724106
987,49.35,5,11.480040856230149,4.575956023086207,-0.005799556006255654,0.11085888143123936
988,49.400000000000006,0,12.636828229277414,2.5925830765572933,0.03867193778668641,0.1427705502105255
988,49.400000000000006,1,11.570261772734385,2.8951448301457896,0.037117998109718525,0.12211661358540006
988,49.400000000000006,2,13.505798277475582,3.3075612237055076,0.03137218592382832,0.1682903725180721
988,49.400000000000006,3,12.504270849935482,3.5317938310536534,0.038551517193781484,0.1379002718991273
988,49.400000000000006,4,11.159604140097352,3.7777992939515666,0.01771413054819405,0.10582800981463067
988,49.400000000000006,5,11.479750878429837,4.581498967157769,-0.006011378945434816,0.11084189590326789
989,49.45,0,12.638761826166748,2.5997216040678195,0.038444457538783755,0.14282592603150732
989,49.45,1,11.572117672639871,2.9012506608250597,0.03692614744439997,0.12213074652668279
989,49.45,2,13.507366886771774,3.3159757423314113,0.031089328889442696,0.16833845039762668
989,49.45,3,12.506198425795171,3.5386888446486098,0.038294741685701385,0.1379964930545904
989,49.45,4,11.160489846624762,3.783090694442298,0.017509587553261832,0.10582557435380517
989,49.45,5,11.479450309482564,4.587041061952932,-0.006223045788676458,0.11082450884903497
990,49.5,0,12.640684049043687,2.606862900369395,0.038216969636853754,0.14288087465873958
990,49.5,1,11.573963980012092,2.9073571981513937,0.03673414697836812,0.12214473460049084
990,49.5,2,13.508921353216246,3.3243926648512927,0.03080643473051694,0.16838608479329228
990,49.5,3,12.508113162879456,3.545588669301339,0.03803783814773424,0.13809197657147942
990,49.5,4,11.161365326002425,3.7883819731599884,0.017305177755517258,0.10582292379365024
990,49.5,5,11.47913915719313,4.592582287395383,-0.006434556542033992,0.11080672129475692
991,49.550000000000004,0,12.64259489752553,2.614006944102332,0.03798947474482956,0.14293539676006484
991,49.550000000000004,1,11.57580068736101,2.9134644348814183,0.03654199806109181,0.12215857648350127
991,49.550000000000004,2,13.510461674952772,3.3328119690909572,0.030523503732299933,0.16843327633673136
991,49.550000000000004,3,12.510015054786843,3.552493268129913,0.03778080668140249,0.13818672454042202
991,49.550000000000004,4,11.162230584890201,3.7936731193496707,0.017100900442839614,0.10582005741940696
991,49.550000000000004,5,11.478817429366028,4.598122623460121,-0.006645911223661501,0.11078853426084519
992,49.6,0,12.644494371262772,2.6211537139403354,0.037761973532369875,0.14298949300670927
992,49.6,1,11.577627787264065,2.9195723637055933,0.03634970204341337,0.12217227084380297
992,49.6,2,13.511987850139388,3.3412336329077936,0.03024053617170052,0.16848002565198905
992,49.6,3,12.511904095120913,3.5594026043569342,0.03752364737389497,0.13828073905190208
992,49.6,4,11.163085629912343,3.798964122220641,0.016896754904012302,0.10581697451271477
992,49.6,5,11.478485133804845,4.603662050173163,-0.006857109863616646,0.11076994876177522
993,49.650000000000006,0,12.64638246993939,2.628303188590671,0.03753446667474395,0.14304316407315476
993,49.650000000000006,1,11.579445272366236,2.9256809772477834,0.03615726027744508,0.1221858163413582
993,49.650000000000006,2,13.513499876947973,3.349657634190393,0.02995753231747186,0.16852633335543984
993,49.650000000000006,3,12.513780277489609,3.5663166413095295,0.037266360298373005,0.13837402219574294
993,49.650000000000006,4,11.163930467657543,3.8042549709462765,0.016692740428993214,0.10581367435170327
993,49.650000000000006,5,11.478142278311665,4.609200547611252,-0.0070681525035985425,0.11075096580598759
994,49.7,0,12.648259193273127,2.6354553467943287,0.03730695485272176,0.14309641063700543
994,49.7,1,11.581253135380107,2.9317902680648515,0.03596467411642455,0.12219921162842293
994,49.7,2,13.514997753563847,3.3580839508581652,0.029674492430380246,0.1685722000557502
994,49.7,3,12.515643595504528,3.573235342419317,0.03700894551430615,0.1384665760605778
994,49.7,4,11.164765104678994,3.8095456546638617,0.016488856309135817,0.10581015621104624
994,49.7,5,11.477788870686485,4.614738095901552,-0.007279039196735188,0.11073158639576242
995,49.75,0,12.650124541015764,2.642610167326179,0.037079438752466415,0.1431492333788508
995,49.75,1,11.58305136908593,2.9379002286462725,0.035771944914595746,0.12221245534998199
995,49.75,2,13.516481478185366,3.366512560860953,0.029391416763389,0.16861762635384417
995,49.75,3,12.517494042780244,3.5801586712223457,0.036751403067799115,0.13855840273334222
995,49.75,4,11.16558954749445,3.814836162474414,0.01628510183743184,0.10580641936203501
995,49.75,5,11.477424918726648,4.6202746752213395,-0.007489770007352099,0.11071181152711186
996,49.800000000000004,0,12.651978512953386,2.6497676289951215,0.0368519190654157,0.1432016329821493
996,49.800000000000004,1,11.584839966331659,2.9440108514137715,0.035579074027093566,0.12222554614417619
996,49.800000000000004,2,13.517951049023536,3.3749434421786453,0.029108305561818072,0.16866261284286177
996,49.800000000000004,3,12.519331612933634,3.5870865913590126,0.03649373299190894,0.13864950429877185
996,49.800000000000004,4,11.166403802586322,3.820126483442516,0.016081476308748163,0.10580246307266358
996,49.800000000000004,5,11.47705043022628,4.625810265797695,-0.007700345010733853,0.11069164218968018
997,49.85,0,12.653821108906657,2.656927710644229,0.03662439648816591,0.1432536101330853
997,49.85,1,11.586618920033013,2.9501221287209805,0.03538606280981472,0.12223848264271019
997,49.85,2,13.519406464301627,3.3833765728207883,0.028825159063536433,0.16870716010813075
997,49.85,3,12.521156299583229,3.594019066573951,0.03623593530697353,0.13873988283890387
997,49.85,4,11.16720787640176,3.825416606596149,0.01587797902005017,0.10579828660768947
997,49.85,5,11.476665412975743,4.6313448479071795,-0.007910764292896277,0.1106710793666369
998,49.900000000000006,0,12.655652328731065,2.664090391150883,0.036396871722361376,0.1433051655204537
998,49.900000000000006,1,11.588388223173503,2.956234052853116,0.035192912619302234,0.12225126347126633
998,49.900000000000006,2,13.520847722254803,3.391811930826195,0.02854197749912276,0.1687512687271373
998,49.900000000000006,3,12.522968096348578,3.6009560607158964,0.03597801002094228,0.13882954043259338
998,49.900000000000006,4,11.168001775352762,3.8307065209265336,0.01567460927062587,0.10579388922871316
998,49.900000000000006,5,11.476269874761098,4.636878401875511,-0.008121027950358399,0.11065012403457199
999,49.95,0,12.657472172317183,2.671255649426906,0.03616934547457821,0.1433562998355283
999,49.95,1,11.590147868804468,2.962346616026679,0.0349996248126266,0.12226388724990452
999,49.95,2,13.52227482112976,3.400249494262552,0.028258761092049264,0.16879493926949224
999,49.95,3,12.524766996849625,3.607897537737526,0.035719957129700296,0.13891847915503067
999,49.95,4,11.168785505816293,3.8359962153879694,0.015471366362311572,0.10578927019426082
999,49.95,5,11.47586382336358,4.642410908077239,-0.008331136089916182,0.1106287771634007
1000,50.0,0,12.659280639590913,2.678423464418682,0.03594181845619892,0.14340701377195322
1000,50.0,1,11.5918978500451,2.968459810389174,0.034806200747280906,0.12227635259346933
1000,50.0,2,13.523687759184362,3.4086892412260266,0.027975510058836767,0.16883817229691733
1000,50.0,3,12.52655299470611,3.6148434616952776,0.03546177661738926,0.13900670107728189
1000,50.0,4,11.169559074134408,3.8412856788976826,0.015268249599718547,0.10578442875986366
1000,50.0,5,11.475447266559085,4.647942346935409,-0.008541088828392144,0.11060703971627191
1001,50.050000000000004,0,12.661077730513723,2.68559381510728,0.03571429138330418,0.14345730802560022
1001,50.050000000000004,1,11.593638160082465,2.9745736280188475,0.03461264178105801,0.12228865811196848
1001,50.050000000000004,2,13.525086534687304,3.4171311498408725,0.02769222460924973,0.1688809683632094
1001,50.050000000000004,3,12.52832608353698,3.6217937967491416,0.03520346845673989,0.139094208265818
1001,50.050000000000004,4,11.170322486614394,3.8465749003356757,0.015065258290432523,0.10577936417813633
1001,50.050000000000004,5,11.475020212117665,4.653472698921222,-0.008750886292426131,0.1105849126494764
1002,50.1,0,12.662863445082888,2.69276668050856,0.03548676497654742,0.14350718329446413
1002,50.1,1,11.595368792171518,2.9806880609244457,0.03441894927194295,0.12230080241096154
1002,50.1,2,13.526471145917766,3.425575198259033,0.027408904946453958,0.16892332801423027
1002,50.1,3,12.530086256959818,3.6287485071624324,0.03494503260940088,0.1391810027820643
1002,50.1,4,11.171075749528915,3.8518638685445827,0.01486239174523211,0.1057740756988558
1002,50.1,5,11.474582667803043,4.659001944553696,-0.008960528618242635,0.11056239691234737
1003,50.150000000000006,0,12.664637783331715,2.699942039673283,0.03525923996103456,0.14355664027854528
1003,50.150000000000006,1,11.597089739635116,2.986803101044994,0.03422512457800868,0.12231278409194246
1003,50.150000000000006,2,13.527841591165089,3.4340213646597446,0.027125551267184356,0.1689652517878861
1003,50.150000000000006,3,12.531833508590287,3.6357075573015356,0.034686469026261296,0.13926708668195967
1003,50.150000000000006,4,11.171818869116176,3.8571525723295257,0.014659649278304637,0.10576856256905245
1003,50.150000000000006,5,11.47413464137213,4.664530064399313,-0.009170015951410829,0.11053949344718687
1004,50.2,0,12.666400745329767,2.70711987168721,0.03503171706620212,0.14360567967972448
1004,50.2,1,11.598800995864016,2.992918740249591,0.0340311690573088,0.12232460175271187
1004,50.2,2,13.529197868728447,3.442469627249139,0.026842163761925733,0.16900674021410472
1004,50.2,3,12.5335678320416,3.6426709116356335,0.0344277776477697,0.13935246201552484
1004,50.2,4,11.172551851580092,3.862441000457978,0.014457030207446578,0.10576282403309838
1004,50.2,5,11.47367614057456,4.670057039071672,-0.009379348446617865,0.11051620318917853
1005,50.25,0,12.668152331183077,2.714300155671196,0.03480419702569875,0.14365430220165223
1005,50.25,1,11.600502554316881,2.9990349703372265,0.033837084067762216,0.1223362539877324
1005,50.25,2,13.530539976916543,3.4509199642598443,0.026558742615074692,0.16904779381483062
1005,50.25,3,12.535289220923989,3.6496385347364098,0.03416895840427822,0.13943713082642287
1005,50.25,4,11.173274703090465,3.867729141659633,0.014254533854256428,0.1057568593327757
1005,50.25,5,11.473207173152229,4.675582849231131,-0.009588526267453462,0.11049252706630167
1006,50.300000000000004,0,12.669892541034361,2.7214828707812786,0.034576680577257914,0.14370250854964484
1006,50.300000000000004,1,11.602194408520269,3.005151783036613,0.03364287096706609,0.1223477393885022
1006,50.300000000000004,2,13.531867914047297,3.459372353950586,0.026275288005108737,0.16908841310401515
1006,50.300000000000004,3,12.536997668844203,3.656610391277731,0.03391001121636232,0.13952109515155928
1006,50.300000000000004,4,11.173987429783178,3.873016984626272,0.014052159544346288,0.10575066770738213
1006,50.300000000000004,5,11.472727746838856,4.681107475584446,-0.009797549586163528,0.11046846599925764
1007,50.35,0,12.671621375063225,2.728667996208761,0.03434916846257191,0.1437502994305522
1007,50.35,1,11.603876552068622,3.011269170006038,0.03344853111258456,0.12235905654389673
1007,50.35,2,13.533181678447551,3.4678267746057867,0.02599180010475668,0.16912859858759546
1007,50.35,3,12.53869316940502,3.6635864460353087,0.03365093599514238,0.1396043570206512
1007,50.35,4,11.174690037760396,3.878304518011641,0.013849906607525258,0.10574424839380685
1007,50.35,5,11.472237869359548,4.68663089888441,-0.010006418583440493,0.11044402090139173
1008,50.400000000000006,0,12.673338833486353,2.7358555111802887,0.034121661427173766,0.14379767555267375
1008,50.400000000000006,1,11.60554897862425,3.0173871228332327,0.0332540658612536,0.12237020404053245
1008,50.400000000000006,2,13.534481268452788,3.4762832045351666,0.02570827908115711,0.16916835076349307
1008,50.400000000000006,3,12.540375716204776,3.6705666638863415,0.03339173264261468,0.1396869184558533
1008,50.400000000000006,4,11.175382533090772,3.8835917304313314,0.013647774378001637,0.10573760062663744
1008,50.400000000000006,5,11.471737548430376,4.692153099929479,-0.01021513344817827,0.11041919267862949
1009,50.45,0,12.675044916557711,2.7430453949579223,0.03389416022030291,0.1438446376256251
1009,50.45,1,11.607211681917313,3.0235056330352594,0.03305947656948457,0.12238118046308893
1009,50.45,2,13.535766682406846,3.4847416220733414,0.025424725096036358,0.16920767012160945
1009,50.45,3,12.542045302836907,3.677551009809134,0.03313240105198314,0.1397687814713384
1009,50.45,4,11.176064921809672,3.888878610462663,0.013445762194560033,0.1057307236382269
1009,50.45,5,11.471226791757967,4.69767405956341,-0.010423694377265256,0.11039398222939412
1010,50.5,0,12.676739624568727,2.7502376268392035,0.033666665594783186,0.14389118636024836
1010,50.5,1,11.608864655745787,3.029624692058414,0.03286476459306613,0.12239198439465672
1010,50.5,2,13.537037918661648,3.493202005579422,0.025141138305866506,0.16924655714381892
1010,50.5,3,12.543701922889507,3.6845394488827012,0.03287294110798284,0.13984994807292894
1010,50.5,4,11.1767372099194,3.8941651466445744,0.013243869400748206,0.10572361665879768
1010,50.5,5,11.470705607039104,4.70319375867488,-0.010632101575348574,0.11036839044454357
1011,50.550000000000004,0,12.678422957848467,2.757432186157216,0.033439178306894544,0.14393732246850632
1011,50.550000000000004,1,11.61050789397544,3.0357442912781467,0.03266993128707447,0.12240261441707176
1011,50.550000000000004,2,13.53829497557694,3.501664333436613,0.02485751886202208,0.1692850123039733
1011,50.550000000000004,3,12.545345569944907,3.691531946286348,0.03261335268720876,0.13993042025772645
1011,50.550000000000004,4,11.177399403389437,3.8994513274775144,0.01304209534506436,0.10571627891653829
1011,50.550000000000004,5,11.470174001960336,4.708712178197107,-0.010840355254606724,0.11034241820731164
1012,50.6,0,12.680094916763812,2.7646290522806414,0.03321169911624244,0.14398304666336215
1012,50.6,1,11.612141390539794,3.041864421999,0.03247497800577162,0.12241306911122095
1012,50.6,2,13.539537851520041,3.5101285840518117,0.024573866910959374,0.16932303606788554
1012,50.6,3,12.546976237579267,3.698528467299234,0.032353635658441786,0.14001020001372635
1012,50.6,4,11.17805150815669,3.9047371414233414,0.012840439381118689,0.10570870963768253
1012,50.6,5,11.469631984197605,4.714229299107473,-0.011048455634546804,0.11031606639323885
1013,50.650000000000006,0,12.681755501719625,2.7718282046138096,0.03298422878563074,0.1440283596587017
1013,50.650000000000006,1,11.613765139440082,3.047985075454561,0.0322799061025374,0.12242334705738263
1013,50.650000000000006,2,13.540766544865589,3.518594735855206,0.024290182594361907,0.16936062889334644
1013,50.650000000000006,3,12.548593919362188,3.7055289772999203,0.03209378988297854,0.14008928931947937
1013,50.650000000000006,4,11.178693530125745,3.9100225769052255,0.012638900867831173,0.1057009080466176
1013,50.650000000000006,5,11.469079561415878,4.719745102427135,-0.011256402941753929,0.11028933587011508
1014,50.7,0,12.683404713158906,2.779029622596745,0.03275676808092691,0.14407326216920988
1014,50.7,1,11.615379134745208,3.05410624280743,0.03208471692975556,0.12243344683552375
1014,50.7,2,13.541981053995308,3.5270627672998733,0.02400646604930728,0.16939779123011495
1014,50.7,3,12.550198608856338,3.712533441765894,0.031833815214952446,0.1401676901437308
1014,50.7,4,11.179325475169136,3.9153076223075565,0.012437479169578207,0.10569287336596664
1014,50.7,5,11.46851674126879,4.725259569220641,-0.011464197409689113,0.11026222749792859
1015,50.75,0,12.685042551562953,2.7862332857052055,0.03252931777093502,0.14411775491028897
1015,50.75,1,11.616983370591695,3.0602279151492064,0.03188941183874176,0.12244336702560829
1015,50.75,2,13.543181377297772,3.535532656861379,0.02372271740843913,0.16943452351993563
1015,50.75,3,12.551790299617085,3.7195418262730806,0.03157371150167423,0.1402454044450804
1015,50.75,4,11.179947349127616,3.9205922659758548,0.01223617365636865,0.10568460481668612
1015,50.75,5,11.467943531398305,4.730772680595537,-0.011671839278471442,0.11023474212879762
1016,50.800000000000004,0,12.6866690174515,2.79343917345072,0.03230187862726327,0.14416183859795287
1016,50.800000000000004,1,11.618577841183633,3.066350083500487,0.03169399217965984,0.1224531062079092
1016,50.800000000000004,2,13.544367513168194,3.5440043830373757,0.023438936800098564,0.1694708261965316
1016,50.800000000000004,3,12.553368985192169,3.7265540964953345,0.031313478583946286,0.1403224341716545
1016,50.800000000000004,4,11.180559157810434,3.925876496216689,0.012034983704017095,0.10567610161816814
1016,50.800000000000004,5,11.467359939434381,4.736284417701977,-0.011879328794643882,0.1102068806069312
1017,50.85,0,12.688284111382863,2.8006472653806176,0.03207445142419003,0.1442055139487281
1017,50.85,1,11.620162540792617,3.072472738810882,0.03149845930143492,0.12246266296328896
1017,50.85,2,13.545539460008198,3.5524779243472024,0.023155124348507316,0.16950669968561327
1017,50.85,3,12.554934659121367,3.7335702182039174,0.03105311629639756,0.14039878126077374
1017,50.85,4,11.181160906995634,3.9311603012975977,0.011833908694284663,0.10566736298832541
1017,50.85,5,11.466765972994649,4.741794761732324,-0.012086666210971599,0.11017864376857531
1018,50.900000000000006,0,12.689887833954073,2.807857541078054,0.03184703693852784,0.14424878167957078
1018,50.900000000000006,1,11.621737463757688,3.0785958719590467,0.031302814551672296,0.12247203587350412
1018,50.900000000000006,2,13.546697216225624,3.560953259331483,0.022871280173903757,0.16954214440489326
1018,50.900000000000006,3,12.556487314936186,3.740590157266956,0.030792624467803904,0.14047444763864958
1018,50.900000000000006,4,11.181752602430349,3.936443669447014,0.011632948015053046,0.10565838814370328
1018,50.900000000000006,5,11.4661616396841,4.7473036939207525,-0.012293851786213728,0.11015003244196804
1019,50.95,0,12.691480185801,2.8150699801620327,0.031619635949494164,0.14429164250775953
1019,50.95,1,11.623302604485271,3.0847194737527217,0.031107059276577816,0.12248122352147602
1019,50.95,2,13.547840780234319,3.5694303665517277,0.02258740439272177,0.16957716076408882
1019,50.95,3,12.558026946159577,3.7476138796488883,0.030532002921424894,0.14054943522006058
1019,50.95,4,11.1823342498311,3.9417265888541992,0.011432101060467863,0.1056491762995544
1019,50.95,5,11.46554694709479,4.752811195542851,-0.012500885784916194,0.11012104744728714
1020,51.0,0,12.693061167598474,2.822284562287421,0.031392249238574775,0.14433409715081458
1020,51.0,1,11.6248579574491,3.0908435349287955,0.03091119482088137,0.12249022449158004
1020,51.0,2,13.548970150453956,3.577909224589932,0.02230349711771762,0.16961174916493565
1020,51.0,3,12.559553546305649,3.7546413514098913,0.030271251475325323,0.140623745908066
1020,51.0,4,11.182905854884124,3.947009047669177,0.011231367231088621,0.10563972666995823
1020,51.0,5,11.464921902805544,4.758317247915215,-0.0127077684771983,0.11009168959661718
1021,51.050000000000004,0,12.694630780060402,2.8295012671449618,0.031164877589387272,0.1443761463263978
1021,51.050000000000004,1,11.626403517190145,3.0969680461533744,0.03071522252775882,0.12249903736991118
1021,51.050000000000004,2,13.550085325309842,3.586389812048179,0.022019558458149062,0.16964591000119603
1021,51.050000000000004,3,12.561067108879415,3.7616725387052945,0.030010369942701627,0.14069738159370515
1021,51.050000000000004,4,11.183467423245679,3.952291034002675,0.01103074593404025,0.10563003846790114
1021,51.050000000000004,5,11.464286514381685,4.763821832395046,-0.012914500138533347,0.11006195969390598
1022,51.1,0,12.696189023939871,2.8367200744612817,0.030937521787540747,0.14441779075223823
1022,51.1,1,11.627939278316532,3.1030929980218698,0.03051914373876665,0.12250766074456673
1022,51.1,2,13.55118630323275,3.594872107548239,0.021735588519902045,0.16967964365867794
1022,51.1,3,12.56256762737655,3.7687074077849796,0.029749358132205802,0.14077034415572606
1022,51.1,4,11.184018960542382,3.95757253592607,0.010830236583158749,0.10562011090539139
1022,51.1,5,11.46364078937476,4.769324930379741,-0.013121081049540144,0.11003185853492556
1023,51.150000000000006,0,12.697735900029247,2.8439409639988935,0.030710182620506312,0.14445903114602585
1023,51.150000000000006,1,11.62946523550347,3.1092183810590983,0.030322959793749573,0.12251609320588658
1023,51.150000000000006,2,13.552273082658745,3.603356089731173,0.021451587405666106,0.16971295051524166
1023,51.150000000000006,3,12.56405509528316,3.775745924992766,0.029488215848280812,0.14084263546029477
1023,51.150000000000006,4,11.18456047237154,3.9628535414713397,0.010629838599117427,0.105609943193536
1023,51.150000000000006,5,11.462984735322282,4.774826523306488,-0.013327511495781298,0.11000138690723657
1024,51.2,0,12.699271409160273,2.851163915556195,0.030482860877473254,0.14449986822534308
1024,51.2,1,11.630981383493157,3.1153441857193926,0.030126672030794558,0.12252433334673712
1024,51.2,2,13.55334566202903,3.611841737256935,0.02116755521505739,0.16974583094081888
1024,51.2,3,12.565529506075574,3.782788056765781,0.029226942891475247,0.1409142573607442
1024,51.2,4,11.185091964301495,3.9681340386310167,0.01042955140958837,0.10559953454266366
1024,51.2,5,11.462318359747492,4.78032659265185,-0.013533791767535025,0.109970545590163
1025,51.25,0,12.700795552204147,2.8583889089674623,0.03025555734921635,0.14454030270756235
1025,51.25,1,11.632487717094698,3.1214704023867297,0.02993028178613265,0.12253237976273741
1025,51.25,2,13.554404039789782,3.620329028803976,0.02088349204479626,0.16977828529742767
1025,51.25,3,12.566990853220148,3.7898337696338182,0.028965539058782606,0.14098521169730116
1025,51.25,4,11.185613441871975,3.97341401535815,0.01022937444934026,0.10558888416240164
1025,51.25,5,11.461641670159116,4.785825119931358,-0.01373992215962466,0.10993933535474736
1026,51.300000000000004,0,12.702308330071608,2.8656159241028405,0.03002827282795139,0.14458033530978787
1026,51.300000000000004,1,11.633984231184005,3.1275970213748665,0.029733790394103583,0.1225402310525377
1026,51.300000000000004,2,13.555448214392023,3.628817943068847,0.020599397988823553,0.16981031393919147
1026,51.300000000000004,3,12.568439130173086,3.7968830302186833,0.02870400414395368,0.14105550029685346
1026,51.300000000000004,4,11.186124910594442,3.9786934595662697,0.010029307160413569,0.10557799126179236
1026,51.300000000000004,5,11.460954674051134,4.791322086699096,-0.013945902971157498,0.10990775696373609
1027,51.35,0,12.703809743713006,2.87284494086833,0.029801008107198698,0.144619966748741
1027,51.35,1,11.63547092070371,3.1337240329274936,0.029537199187057855,0.12254788581802635
1027,51.35,2,13.556478184291464,3.6373084587658067,0.020315273138475587,0.1698419172123493
1027,51.35,3,12.569874330380284,3.803935805233526,0.028442337937832407,0.1411251249726808
1027,51.35,4,11.186626375952462,3.983972359129359,0.009829348992202674,0.10556685504937574
1027,51.35,5,11.460257378902575,4.796817474547283,-0.014151734505383954,0.10987581117154395
1028,51.400000000000006,0,12.705299794118366,2.880075939205767,0.02957376398164143,0.14465919774070823
1028,51.400000000000006,1,11.636947780663064,3.139851427218395,0.029340509495309478,0.12255534266459717
1028,51.400000000000006,2,13.557493947948387,3.6458005546264243,0.020031117582608463,0.1698730954552838
1028,51.400000000000006,3,12.571296447277176,3.81099206148216,0.028180540228674212,0.14119408752424661
1028,51.400000000000006,4,11.187117843402072,3.989250701881828,0.009629499401610172,0.10555547473330072
1028,51.400000000000006,5,11.459549792177306,4.80231126510586,-0.01435741706945032,0.10984349872423363
1029,51.45,0,12.706778482317448,2.8873088990928024,0.029346541246985883,0.14469802900144413
1029,51.45,1,11.63841480613783,3.145979194351625,0.029143722647072726,0.12256260020136912
1029,51.45,2,13.558495503827517,3.6542942093991884,0.019746931407745614,0.1699038489985323
1029,51.45,3,12.57270547428861,3.8180517658583724,0.027918610802470805,0.14126238973695585
1029,51.45,4,11.187599318372152,3.994528475618493,0.009429757853161842,0.10554384952142394
1029,51.45,5,11.458831921323833,4.807803440042072,-0.01456295097421039,0.10981082035949674
1030,51.5,0,12.708245809379797,2.8945438005428747,0.029119340699823082,0.14473646124610587
1030,51.5,1,11.639871992270184,3.1521073243616935,0.02894683996839074,0.12256965704141824
1030,51.5,2,13.559482850397904,3.662789401849115,0.01946271469822419,0.1699341781648175
1030,51.5,3,12.574101404828733,3.8251148853452204,0.027656549443283832,0.14133003338194217
1030,51.5,4,11.188070806264811,3.999805668094564,0.00923012381911518,0.10553197862140133
1030,51.5,5,11.458103773775123,4.813293981060046,-0.014768336534032632,0.10977777680662325
1031,51.550000000000004,0,12.709701776414787,2.90178062360518,0.02889216313747875,0.14477449518916427
1031,51.550000000000004,1,11.641319334268603,3.1582358072137646,0.02874986278308277,0.12257651180199407
1031,51.550000000000004,2,13.560455986132816,3.671286110757356,0.01917846753633518,0.1699640832690552
1031,51.550000000000004,3,12.575484232300898,3.8321813870143173,0.027394355933553084,0.1413970202158472
1031,51.550000000000004,4,11.188532312455767,4.005082267025634,0.009030596779586522,0.10551986124079168
1031,51.550000000000004,5,11.457365356948422,4.818782869900377,-0.014973574066594997,0.10974436878649393
1032,51.6,0,12.711146384571661,2.9090193483646383,0.028665009357880262,0.14481213154433326
1032,51.6,1,11.642756827407757,3.1643646328038644,0.02855279241268302,0.12258316310474714
1032,51.6,2,13.561414909509633,3.6797843149208087,0.018894190002459545,0.1699935646183807
1032,51.6,3,12.576853950097576,3.83925123802511,0.027132030054429924,0.14146335198063012
1032,51.6,4,11.188983842294746,4.010358260087674,0.008831176222655182,0.10550749658716298
1032,51.6,5,11.456616678245092,4.824270088339702,-0.015178663892686772,0.10971059701156702
1033,51.650000000000006,0,12.712579635039555,2.916259954941855,0.028437880159409613,0.1448493710244991
1033,51.650000000000006,1,11.64418446702839,3.1704937909591018,0.028355630176379664,0.12258960957593709
1033,51.650000000000006,2,13.562359619009756,3.6882839931517277,0.018609882175213102,0.1700226225121802
1033,51.650000000000006,3,12.578210551600296,3.8463244056241415,0.02686957158610315,0.14152903040335868
1033,51.650000000000006,4,11.18942540110588,4.015633634917032,0.008631861644469892,0.1054948838681766
1033,51.650000000000006,5,11.455857745050459,4.829755618190281,-0.015383606336027743,0.1096764621858469
1034,51.7,0,12.714001529047525,2.92350242349308,0.028210776340760843,0.14488621434163823
1034,51.7,1,11.645602248537209,3.1766232714378986,0.028158377390960877,0.12259584984664253
1034,51.7,2,13.563290113118518,3.6967851242773366,0.01832554413157694,0.1700512572420926
1034,51.7,3,12.579554030179601,3.8534008571443095,0.026606980308108225,0.14159405719602527
1034,51.7,4,11.189856994188103,4.020908379110441,0.008432652549361123,0.10548202229169774
1034,51.7,5,11.455088564733657,4.835239441299573,-0.015588401723058094,0.10964196500489676
1035,51.75,0,12.715412067864564,2.930746734210162,0.02798369870079685,0.144922662206757
1035,51.75,1,11.647010167406757,3.182753063930231,0.027961035370762645,0.12260188255296775
1035,51.75,2,13.564206390325097,3.705287687139441,0.018041175947038558,0.17007946909205843
1035,51.75,3,12.580884379195007,3.8604805600041106,0.026344255999664907,0.14165843405536935
1035,51.75,4,11.190278626815571,4.026182480225026,0.00823354844994356,0.10546891106589244
1035,51.75,5,11.454309144647505,4.840721539549818,-0.015793050382757794,0.10960710615580403
1036,51.800000000000004,0,12.716811252799603,2.9379928673205,0.027756648038408535,0.14495871532981167
1036,51.800000000000004,1,11.648408219175295,3.1888831580578794,0.027763605427612692,0.122607706336244
1036,51.800000000000004,2,13.56510844912245,3.713791660594044,0.017756777695719855,0.17010725833832288
1036,51.800000000000004,3,12.582201591994991,3.867563481706879,0.02608139843998709,0.14172216266270213
1036,51.800000000000004,4,11.190690304238068,4.031455925778321,0.008034548867212598,0.10545554939933034
1036,51.800000000000004,5,11.453519492128367,4.846201894857608,-0.01599755264644777,0.10957188631719665
1037,51.85,0,12.718199085201524,2.9452408030869903,0.027529625152362448,0.14499437441963983
1037,51.85,1,11.649796399446675,3.1950135433746913,0.02756608887077615,0.12261331984321952
1037,51.85,2,13.565996288007236,3.72229702351096,0.017472349450521226,0.17013462524946787
1037,51.85,3,12.583505661916991,3.874649589840014,0.02581840740860405,0.14178524468372908
1037,51.85,4,11.191092031681428,4.036728703248287,0.00783565333063776,0.10544193650107249
1037,51.85,5,11.452719614496043,4.851680489173468,-0.016201908847616162,0.10953630615921697
1038,51.900000000000006,0,12.719575566459142,2.9524905218079724,0.02730263084116779,0.14502964018389625
1038,51.900000000000006,1,11.651174703890215,3.2011442093668525,0.027368487006906857,0.12261872172625587
1038,51.900000000000006,2,13.566869905479763,3.7308037547734334,0.01718789128324131,0.1701615700864431
1038,51.900000000000006,3,12.58479658228742,3.8817388520742004,0.02555528268569209,0.14184768176840742
1038,51.900000000000006,4,11.19148381434796,4.042000800073341,0.007636861378264859,0.10542807158078041
1038,51.900000000000006,5,11.451909519053663,4.8571573044814285,-0.01640611932171972,0.1095003663435272
1039,51.95,0,12.7209406980012,2.9597420038171673,0.02707566590291848,0.14506451332897924
1039,51.95,1,11.65254312824056,3.207275145453165,0.027170801140003163,0.12262391064351658
1039,51.95,2,13.567729300043926,3.7393118332777555,0.016903403264719705,0.17018809310257196
1039,51.95,3,12.586074346421706,3.8888312361626207,0.02529202405237003,0.14190947555077996
1039,51.95,4,11.191865657416873,4.04727220365238,0.0074381725568038555,0.10541395384881222
1039,51.95,5,11.451089213087577,4.862632322798605,-0.0166101844059981,0.10946406752330953
1040,52.0,0,12.722294481296347,2.9669952294836164,0.026848731135161886,0.14509899455996972
1040,52.0,1,11.653901668297559,3.213406340985341,0.02697303257134599,0.12262888525914226
1040,52.0,2,13.568574470207162,3.747821237932884,0.016618885464961618,0.1702141945436058
1040,52.0,3,12.587338947624325,3.8959267099401598,0.02502863129104763,0.14197062764884116
1040,52.0,4,11.192237566044714,4.052542901344821,0.0072395864217148845,0.1053995825163161
1040,52.0,5,11.450258703867277,4.86810552617477,-0.01681410443930226,0.10942741034325676
1041,52.050000000000004,0,12.723636917853105,2.974250179211615,0.02662182733474395,0.14513308458056753
1041,52.050000000000004,1,11.655250319926127,3.219537785248298,0.026775182599465312,0.12263364424344318
1041,52.050000000000004,2,13.56940541448041,3.7563319476600645,0.016334337953260364,0.17023987464772444
1041,52.050000000000004,3,12.588590379188878,3.903025241322602,0.024765104185715876,0.14203113966439795
1041,52.050000000000004,4,11.1925995453658,4.057812880470637,0.007041102537299897,0.10538495679534203
1041,52.050000000000004,5,11.449417998645313,4.873576896691933,-0.01701787976189592,0.10939039543958654
1042,52.1,0,12.724968009219841,2.981506833440643,0.026394955297665685,0.14516678409301664
1042,52.1,1,11.6565890790561,3.22566946746047,0.0265772525200887,0.12263818627305662
1042,52.1,2,13.570222131378074,3.7648439413924506,0.016049760798337323,0.17026513364557183
1042,52.1,3,12.589828634398163,3.910126798305822,0.02450144252228066,0.1420910131829223
1042,52.1,4,11.192951600492664,4.063082128310404,0.006842720476776284,0.10537007589892186
1042,52.1,5,11.448567104657219,4.879046416463912,-0.01722151071529724,0.10935302344003041
1043,52.150000000000006,0,12.726287756984725,2.988765172645294,0.026168115818940303,0.14520009379805282
1043,52.150000000000006,1,11.657917941682106,3.2318013767741225,0.026379243626095443,0.1226425100311303
1043,52.150000000000006,2,13.57102461941799,3.7733571980747294,0.015765154068463617,0.17028997176029004
1043,52.150000000000006,3,12.591053706524278,3.917231348964968,0.024237646088874548,0.1421502497734524
1043,52.150000000000006,4,11.193293736516504,4.06835063210535,0.00664443982236344,0.1053549390411777
1043,52.150000000000006,5,11.447706029121454,4.884514067635913,-0.01742499764208248,0.10931529496385017
1044,52.2,0,12.727596162775672,2.9960251773351967,0.02594130969244331,0.14523301439483233
1044,52.2,1,11.65923690386341,3.237933502275679,0.026181157207477015,0.1226466142074839
1044,52.2,2,13.571812877121413,3.7818716966627437,0.015480517831574508,0.17031438920752473
1044,52.2,3,12.592265588828722,3.924338861453641,0.023973714676161478,0.14220885098845334
1044,52.2,4,11.193625958507623,4.073618379057409,0.006446260165359042,0.10533954543742131
1044,52.2,5,11.44683477923935,4.889979832384106,-0.017628340885715067,0.10927721062184276
1045,52.25,0,12.728893228260294,3.0032868280549385,0.025714537710771614,0.14526554658088375
1045,52.25,1,11.660545961723784,3.2440658329860534,0.025982994551292396,0.12265049749877845
1045,52.25,2,13.572586903012992,3.79038741612312,0.015195852155405575,0.1703383861954815
1045,52.25,3,12.59346427456253,3.931449304003064,0.023709648077668743,0.14226681836372898
1045,52.25,4,11.193948271515891,4.07888535632928,0.0062481811062157664,0.10532389430424922
1045,52.25,5,11.445953362195064,4.895443692915198,-0.017831540790373596,0.10923877101634441
1046,52.300000000000004,0,12.730178955145831,3.0105501053839827,0.02548780066509298,0.14529769105203516
1046,52.300000000000004,1,11.661845111451349,3.2501983578609925,0.025784756941624985,0.12265415860866198
1046,52.300000000000004,2,13.573346695620762,3.798904335432894,0.014911157107616261,0.17036196292493294
1046,52.300000000000004,3,12.594649756966414,3.9385626449212503,0.02344544609008925,0.14232415341829832
1046,52.300000000000004,4,11.194260680571203,4.084151551044493,0.0060502022546058635,0.10530798485962943
1046,52.300000000000004,5,11.445061785155545,4.900905631466015,-0.018034597700780475,0.1091999767412408
1047,52.35,0,12.731453345179085,3.0178149899365843,0.025261099345001828,0.14532944850236082
1047,52.35,1,11.66313434929843,3.2563310657914255,0.025586445659549494,0.12265759624793628
1047,52.35,2,13.574092253476143,3.807422433579141,0.014626432755900252,0.17038511958925112
1047,52.35,3,12.595822029270918,3.9456788525921653,0.023181108513592605,0.1423808576543054
1047,52.35,4,11.194563190683933,4.089416950287474,0.005852323229499193,0.10529181632301508
1047,52.35,5,11.444160055270507,4.906365630303077,-0.018237511962026342,0.10916082838198456
1048,52.400000000000006,0,12.732716400146336,3.0250814623617024,0.02503443453837195,0.14536081962412017
1048,52.400000000000006,1,11.664413671581407,3.2624639456038222,0.025388061983084905,0.12266080913470531
1048,52.400000000000006,2,13.574823575113939,3.8159416895586036,0.01434167916811586,0.17040785637443653
1048,52.400000000000006,3,12.596981084696598,3.952797895474881,0.022916635152136437,0.1424369325569364
1048,52.400000000000006,4,11.194855806845409,4.0946815411036255,0.005654543659222146,0.10527538791543001
1048,52.400000000000006,5,11.443248179672405,4.911823671722177,-0.018440283919400717,0.10912132651560609
1049,52.45,0,12.733968121873254,3.032349503342908,0.02480780703121473,0.14539180510770455
1049,52.45,1,11.665683074680562,3.2685969860605577,0.02518960718716274,0.12266379599452089
1049,52.45,2,13.575540659072345,3.8244620823773254,0.014056896412399728,0.17043017345914405
1049,52.45,3,12.598126916454204,3.9599197421027275,0.022652025813779203,0.14249237959432912
1049,52.45,4,11.19513853402837,4.099945310499397,0.005456863181532606,0.10525869885957223
1049,52.45,5,11.442326165476436,4.917279738047957,-0.01864291391822086,0.10908147171073379
1050,52.5,0,12.735208512224814,3.0396190935982936,0.02458121760752591,0.14542240564157513
1050,52.5,1,11.66694255503992,3.2747301758602836,0.024991082543587288,0.12266655556052508
1050,52.5,2,13.576243503892965,3.8329835910502825,0.013772084557288693,0.17045207101471838
1050,52.5,3,12.599259517744892,3.967044361082444,0.022387280310990357,0.14254720021749007
1050,52.5,4,11.195411377187447,4.105208245442375,0.005259281443663051,0.10524174837989451
1050,52.5,5,11.441394019780525,4.922733811633494,-0.01884540230368542,0.10904126452759262
1051,52.550000000000004,0,12.73643757310519,3.0468902138803724,0.024354667049144817,0.1454526219122144
1051,52.550000000000004,1,11.6681921091671,3.28086350363831,0.02479248932100581,0.12266908657359675
1051,52.550000000000004,2,13.576932108120829,3.8415061946010183,0.013487243671827692,0.17047354920521243
1051,52.550000000000004,3,12.600378881760442,3.9741717210933185,0.022122398460949533,0.14260139586023612
1051,52.550000000000004,4,11.19567434125963,4.11047033286137,0.005061798102404576,0.10522453570271892
1051,52.550000000000004,5,11.44045174966534,4.9281858748598735,-0.01904774942067873,0.1090007055180495
1052,52.6,0,12.737655306457647,3.0541628449759832,0.02412815613560931,0.14548245460406548
1052,52.6,1,11.66943173363315,3.2869969579669895,0.02459382878486652,0.12267138778248488
1052,52.6,2,13.57760647030442,3.850029872061279,0.01320237382569429,0.1704946081874184
1052,52.6,3,12.60148500168349,3.9813017908863304,0.02185738008585786,0.1426549679391226
1052,52.6,4,11.195927431164751,4.115731559646505,0.00486441282414425,0.10520706005632205
1052,52.6,5,11.439499362194306,4.933635910135776,-0.01924995561362842,0.10895979522561475
1053,52.650000000000006,0,12.738861714264427,3.0614369677061863,0.02390168564400488,0.14551190439948283
1053,52.650000000000006,1,11.670661425072394,3.293130527356114,0.024395102197385214,0.12267345794393825
1053,52.650000000000006,2,13.578266588995705,3.8585546024706496,0.012917475089311882,0.17051524811090793
1053,52.650000000000006,3,12.602577870687782,3.9884345392832867,0.021592225013246143,0.14270791785338563
1053,52.650000000000006,4,11.196170651805959,4.1209919126493215,0.004667125284920383,0.10518932067102621
1053,52.650000000000006,5,11.438536864413624,4.939083899897057,-0.01945202122635068,0.10891853418546726
1054,52.7,0,12.740056798546627,3.0687125629261605,0.023675256348822907,0.14554097197867633
1054,52.7,1,11.671881180182263,3.299264200253311,0.024196310817524335,0.1226752958228437
1054,52.7,2,13.57891246275017,3.867080364876195,0.012632547533956743,0.17053546911804116
1054,52.7,3,12.603657481938443,3.995569935175956,0.021326933076266687,0.14276024698488915
1054,52.7,4,11.196404008070205,4.1262513786828725,0.004469935170489744,0.10517131677930437
1054,52.7,5,11.437564263352307,4.944529826606331,-0.019653946601869574,0.10887692292448352
1055,52.75,0,12.741240561364068,3.0759896115250944,0.023448869021815276,0.14556965801965988
1055,52.75,1,11.67309099572314,3.305397965044453,0.02399745590094562,0.12267690019234681
1055,52.75,2,13.579544090126868,3.8756071383320974,0.012347591231872762,0.17055527134401308
1055,52.75,3,12.604723828592256,4.0027079475252005,0.021061504114007413,0.1428119566980841
1055,52.75,4,11.19662750482873,4.131509944521838,0.004272842176359383,0.10515304761586179
1055,52.75,5,11.436581566022214,4.949973672752555,-0.01985573208227402,0.10883496196125524
1056,52.800000000000004,0,12.742413004815159,3.0832680944260775,0.023222524431846553,0.145597963198202
1056,52.800000000000004,1,11.674290868518186,3.3115318100540705,0.023798538699993137,0.1226782698339752
1056,52.800000000000004,2,13.580161469688461,3.884134901899298,0.012062606256390105,0.17057465491687085
1056,52.800000000000004,3,12.605776903797956,4.0098485453601045,0.020795937971781194,0.1428630483399606
1056,52.800000000000004,4,11.196841146937548,4.136767596902631,0.004075846007844769,0.10513451241774097
1056,52.800000000000004,5,11.4355887794181,4.955415420850618,-0.02005737800855769,0.10879265180612162
1057,52.85,0,12.743574131036752,3.0905479925859876,0.02299622334475323,0.14562588818777256
1057,52.85,1,11.675480795453186,3.3176657235457694,0.023599560463650224,0.12267940353775687
1057,52.85,2,13.580764600001281,3.8926636346451415,0.011777592682021113,0.1705936199575534
1057,52.85,3,12.606816700696545,4.016991697777103,0.02053023450143937,0.14291352324001308
1057,52.85,4,11.197044939237939,4.142024322523518,0.0038789463801017403,0.10511571042439666
1057,52.85,5,11.434585910517672,4.960855053440924,-0.020258884720477544,0.10874999296118427
1058,52.900000000000006,0,12.74472394220399,3.0978292869953763,0.022769966523197214,0.14565343365949754
1058,52.900000000000006,1,11.67666077347637,3.3237996937226573,0.023400522437528562,0.1226803001023516
1058,52.900000000000006,2,13.581353479635382,3.9011933156430194,0.011492550584579722,0.17061216657990746
1058,52.900000000000006,3,12.607843212421617,4.024137373939103,0.020264393561647578,0.1429633827102285
1058,52.900000000000006,4,11.197238886556944,4.147280108044738,0.003682143018191151,0.10509664087781906
1058,52.900000000000006,5,11.433572966281648,4.966292553088984,-0.020460252556372464,0.10870698592036038
1059,52.95,0,12.74586244053015,3.1051119586783513,0.022543754726520728,0.14568060028210403
1059,52.95,1,11.677830799598246,3.3299337087277747,0.023201425863823483,0.12268095833514077
1059,52.95,2,13.581928107164611,3.909723923972015,0.01120748004128327,0.17063029489073103
1059,52.95,3,12.6088564320997,4.031285543074615,0.0199984150182045,0.14301262804503995
1059,52.95,4,11.197422993707853,4.1525349400886284,0.003485435657092238,0.10507730302259183
1059,52.95,5,11.43254995365383,4.971727902385002,-0.02066148185304547,0.10866363116938775
1060,53.0,0,12.746989628266476,3.1123959886924566,0.022317588710601632,0.1457073887218777
1060,53.0,1,11.678990870891436,3.336067756644532,0.02300227198129523,0.12268137705235528
1060,53.0,2,13.582488481166676,3.9182554387165514,0.010922381130859781,0.17064800498978844
1060,53.0,3,12.60985635285061,4.038436174476867,0.019732298744315698,0.14306126052132334
1060,53.0,4,11.197597265490709,4.1577888052397585,0.0032888240417575524,0.10505769610600346
1060,53.0,5,11.431516879561178,4.9771610839434715,-0.02086257294559698,0.10861992918587253
1061,53.050000000000004,0,12.748105507702006,3.1196813581285503,0.022091469227716078,0.14573379964261493
1061,53.050000000000004,1,11.680140984490501,3.3422018254971495,0.022803062025242824,0.12268155507918073
1061,53.050000000000004,2,13.583034600223218,3.9267878389660407,0.010637253933656202,0.1706652969698543
1061,53.050000000000004,3,12.610842967787825,4.0455892375029325,0.019466044620897856,0.1431092813983908
1061,53.050000000000004,4,11.197761706692797,4.163041690045059,0.003092307927149199,0.10503781937813729
1061,53.050000000000004,5,11.430473750913897,4.982592080402765,-0.021063526167270908,0.10857588043931876
1062,53.1,0,12.749210081163392,3.126968048110681,0.02186539702638498,0.1457598337055699
1062,53.1,1,11.681281137591764,3.3483359032511086,0.02260379722747959,0.12268149124985275
1062,53.1,2,13.5835664629199,3.9353211038145335,0.010352098531738218,0.17068217091672647
1062,53.1,3,12.61181627001887,4.052744701572852,0.01919965253686279,0.14315669191796587
1062,53.1,4,11.197916322089155,4.168293581013966,0.002895887078259598,0.10501767209195327
1062,53.1,5,11.429420574605533,4.9880208744247305,-0.02126434184933378,0.1085314853911562
1063,53.150000000000006,0,12.750303351014711,3.1342560397959596,0.021639372851244884,0.1457854915694226
1063,53.150000000000006,1,11.682411327453138,3.354469977813601,0.02240447881630792,0.12268118440777638
1063,53.150000000000006,2,13.584084067846488,3.94385521236037,0.010066915008988672,0.1706986269092736
1063,53.150000000000006,3,12.612776252645714,4.05990253616875,0.018933122389409796,0.14320349330420992
1063,53.150000000000006,4,11.198061116443068,4.173544464618564,0.002699561270158453,0.10499725350339231
1063,53.150000000000006,5,11.428357357513066,4.993447448694289,-0.021465020320903316,0.10848674449478779
1064,53.2,0,12.751385319657274,3.1415453143744307,0.02141339744289408,0.14581077389021643
1064,53.2,1,11.683531551393953,3.36060403703399,0.022205108016491774,0.12268063340560116
1064,53.2,2,13.584587413596937,3.9523901437058333,0.009781703451226009,0.17071466501945007
1064,53.2,3,12.613722908765185,4.0670627108339605,0.018666454084311102,0.14324968676370187
1064,53.2,4,11.198196094506576,4.178794327293733,0.002503330288001342,0.10497656287144796
1064,53.2,5,11.427284106497021,4.998871785919028,-0.021665561908831718,0.10844165819561837
1065,53.25,0,12.752455989529418,3.1488358530689418,0.021187471537762525,0.14583568132132216
1065,53.25,1,11.684641806794778,3.36673806870427,0.022005686049239644,0.12267983710533538
1065,53.25,2,13.585076498769498,3.960925876956806,0.009496463946290393,0.17073028531232814
1065,53.25,3,12.6146562314694,4.074225195172145,0.018399647536194705,0.1432952734854631
1065,53.25,4,11.198321261020975,4.184043155437306,0.002307193927078894,0.10495559945826874
1065,53.25,5,11.42620082840158,5.0042938688288086,-0.021865966937543616,0.10839622693109982
1066,53.300000000000004,0,12.753515363106306,3.156127637135008,0.02096159586795884,0.14586021451340672
1066,53.300000000000004,1,11.68574209109724,3.372872060559537,0.02180621413218338,0.12267879437843604
1066,53.300000000000004,2,13.585551321966813,3.969462391222422,0.00921119658413907,0.17074548784613894
1066,53.300000000000004,3,12.615576213846209,4.081389958846419,0.018132702668827855,0.14334025464097355
1066,53.300000000000004,4,11.19843662071733,4.189290935410219,0.002111151992827813,0.10493436252924558
1066,53.300000000000004,5,11.425107530054703,5.009713680175364,-0.022066235728908923,0.10835045113076182
1067,53.35,0,12.754563442899704,3.1634206478606783,0.02073577116114061,0.14588437411435795
1067,53.35,1,11.686832401803848,3.379006000278459,0.02160669347934877,0.12267750410588821
1067,53.35,2,13.58601188179602,3.977999665614729,0.00892590145696834,0.17076027267227817
1067,53.35,3,12.61648284897965,4.088556971578468,0.017865619415392157,0.14338463138418114
1067,53.35,4,11.19854217831697,4.194537653536681,0.0019152043008516266,0.10491285135309265
1067,53.35,5,11.424004218268257,5.015131202731902,-0.02226636860210772,0.10830433121626579
1068,53.400000000000006,0,12.75560023145776,3.1707148665663962,0.02050999814037245,0.1459081607692785
1068,53.400000000000006,1,11.687912736477815,3.3851398754837536,0.02140712530114586,0.12267596517830702
1068,53.400000000000006,2,13.586458176868868,3.986537679248343,0.008640578659287306,0.1707746398353636
1068,53.400000000000006,3,12.61737612995042,4.095726203147677,0.01759839771877397,0.14342840485154407
1068,53.400000000000006,4,11.198637938532013,4.199783296104336,0.001719350676952167,0.10489106520194406
1068,53.400000000000006,5,11.422890899838151,5.020546419292715,-0.022466365873486802,0.10825786760143696
1069,53.45,0,12.75662573136478,3.17801027460486,0.0202842775239836,0.14593157512041785
1069,53.45,1,11.688983092742872,3.3912736737426687,0.02120751080434024,0.12267417649601206
1069,53.45,2,13.586890205801833,3.9950764112401114,0.008355228288022062,0.17078858937324215
1069,53.45,3,12.61825604983636,4.1028976233902545,0.01733103753182589,0.14347157616204714
1069,53.45,4,11.19872390606586,4.205027849364433,0.0015235909571379323,0.10486900335143307
1069,53.45,5,11.421767581544477,5.025959312672787,-0.02266622785643362,0.1082110606923108
1070,53.5,0,12.75763994524098,3.1853068533608813,0.020058610025437597,0.1459546178071471
1070,53.5,1,11.690043468283088,3.3974073825674695,0.02100785119204263,0.12267213696911518
1070,53.5,2,13.587307967216233,4.003615840708774,0.008069850442615151,0.17080212131703568
1070,53.5,3,12.61912260171295,4.110071202198357,0.017063538817654787,0.1435141464172503
1070,53.5,4,11.198800085613717,4.210271299532005,0.0013279249876468255,0.10484666508078683
1070,53.5,5,11.420634270151655,5.031369865707402,-0.022865954861236562,0.10816391088718032
1071,53.550000000000004,0,12.758642875742252,3.1926045842512387,0.019832996353188276,0.14597728946590788
1071,53.550000000000004,1,11.69109386084269,3.403540989415925,0.020808147663683347,0.12266984551759821
1071,53.550000000000004,2,13.587711459738363,4.012155946774626,0.007784445225115152,0.17081523569115356
1071,53.550000000000004,3,12.619975778653833,4.11724690951922,0.016795901549876768,0.14355611670131674
1071,53.550000000000004,4,11.1988664818631,4.2155136327860445,0.001132352624958381,0.1048240496729074
1071,53.550000000000004,5,11.419490972408594,5.036778061251762,-0.023065547194964658,0.10811641857664357
1072,53.6,0,12.759634525559912,3.199903448724534,0.01960743721054622,0.14599959073017466
1072,53.6,1,11.692134268225875,3.409674481691805,0.020608401414995706,0.12266730107138565
1072,53.6,2,13.588100681999618,4.020696708559184,0.00749901274027258,0.17082793251333483
1072,53.6,3,12.620815573731328,4.1244247153542855,0.016528125712898047,0.14359748808106626
1072,53.6,4,11.198923099494348,4.22075483526969,0.0009368737358023462,0.10480115641445266
1072,53.6,5,11.418337695048846,5.042183882180594,-0.023265005161329847,0.1080685841436463
1073,53.650000000000006,0,12.760614897420439,3.2072034282610424,0.01938193329554671,0.14602152223042644
1073,53.650000000000006,1,11.693164688296624,3.4158078467453743,0.020408613638004926,0.122664502570429
1073,53.650000000000006,2,13.588475632636632,4.0292381051848505,0.007213553095625802,0.1708402117946835
1073,53.650000000000006,3,12.621641980016973,4.131604589758338,0.016260211302184174,0.14363826160603255
1073,53.650000000000006,4,11.198969943181138,4.225994893090413,0.0007414881971734494,0.10477798459593252
1073,53.650000000000006,5,11.41717444479078,5.047587311387776,-0.023464329060567345,0.10802040796352892
1074,53.7,0,12.761583994085216,3.214504504372564,0.019156485300811453,0.1460430845940884
1074,53.7,1,11.694185118978524,3.4219410718738956,0.02020878552100819,0.12266144896476788
1074,53.7,2,13.588836310291413,4.037780115774584,0.0069280664016063325,0.17085207353967422
1074,53.7,3,12.622454990582082,4.13878650283864,0.015992158324507372,0.1436784383084983
1074,53.7,4,11.199007017590997,4.23123379232021,0.0005461958963445093,0.10475453351178599
1074,53.7,5,11.416001228337752,5.0529883317859525,-0.023663519189301898,0.1079718904040862
1075,53.75,0,12.762541818350256,3.2218066586022682,0.018931093913417244,0.14606427844551256
1075,53.75,1,11.695195558254575,3.428074144322134,0.02000891824855358,0.12265813921460911
1075,53.75,2,13.589182713611493,4.046322719451568,0.00664255277161254,0.17086351774620756
1075,53.75,3,12.623254598498306,4.145970424754065,0.015723966798224936,0.1437180192035768
1075,53.75,4,11.199034327385814,4.236471518995799,0.0003509967308617339,0.10473080246046651
1075,53.75,5,11.414818052378287,5.058386926306157,-0.023862575840433217,0.10792303182560944
1076,53.800000000000004,0,12.763488373045927,3.229109872524544,0.018705759814763023,0.14608510440592845
1076,53.800000000000004,1,11.696196004167003,3.4342070512828644,0.019809013001436664,0.12265457229038883
1076,53.800000000000004,2,13.589514841250073,4.054865895338878,0.006357012322110808,0.1708745444056212
1076,53.800000000000004,3,12.624040796838218,4.153156325714244,0.015455636753525927,0.14375700528926136
1076,53.800000000000004,4,11.199051877222356,4.241708059118823,0.0001558906085603705,0.1047067907445254
1076,53.800000000000004,5,11.413624923586266,5.063783077897437,-0.02406149930300467,0.10787383258094294
1077,53.85,0,12.764423661036666,3.2364141277448404,0.01848048368044109,0.14610556309340872
1077,53.85,1,11.697186454817075,3.440339779897384,0.019609070956672636,0.12265074717283057
1077,53.85,2,13.58983269186618,4.063409622559159,0.006071445172717223,0.17088515350273495
1077,53.85,3,12.624813578675894,4.160344175978707,0.015187168232700788,0.14379539754649787
1077,53.85,4,11.199059671752783,4.246943398656049,-3.9122552446414585e-05,0.1046824976706907
1077,53.85,5,11.412421848621115,5.069176769526484,-0.02426028986209804,0.1078242930155275
1078,53.900000000000006,0,12.765347685220688,3.243719405899511,0.018255266180107175,0.14612565512283437
1078,53.900000000000006,1,11.69816690836491,3.4464723172560254,0.019409093287492574,0.12264666285302554
1078,53.900000000000006,2,13.590136264124816,4.071953880234296,0.005785851446288407,0.17089534501586082
1078,53.900000000000006,3,12.62557293708753,4.167533945856032,0.014918561290375524,0.14383319693926566
1078,53.900000000000006,4,11.19905771562516,4.252177523539584,-0.0002340428237497885,0.10465792254996387
1078,53.900000000000006,5,11.41120883412801,5.074567984177261,-0.024458947798695053,0.10777441346747627
1079,53.95,0,12.766260448529692,3.251025688655653,0.018030107977348487,0.14614538110585826
1079,53.95,1,11.699137363029283,3.4526046503986767,0.019209081163327403,0.12264231833247187
1079,53.95,2,13.59042555669713,4.080498647485089,0.005500231269005065,0.1709051189168588
1079,53.95,3,12.626318865152047,4.174725605702996,0.014649815993787212,0.14387040441463764
1079,53.95,4,11.199046013483974,4.257410419667082,-0.0004288702666620175,0.10463306469767687
1079,53.95,5,11.409985886738076,5.079956704850634,-0.02465747338958283,0.10772419426760223
1080,54.0,0,12.767161953928559,3.258332957710946,0.017805009729556356,0.14616474165087032
1080,54.0,1,11.70009781708745,3.4587367663153,0.019009035749794186,0.12263771262315258
1080,54.0,2,13.590700568260582,4.089043903430932,0.005214584770456563,0.17091447517113947
1080,54.0,3,12.627051355951737,4.181919125923728,0.014380932422999735,0.14390702090287846
1080,54.0,4,11.199024569970641,4.262642072901966,-0.0006236049321965106,0.10460792343359678
1080,54.0,5,11.408753013068596,5.0853429145640145,-0.024855866907206113,0.10767363573949706
1081,54.050000000000004,0,12.768052204415037,3.2656411947934894,0.017579972087803524,0.1461837373629624
1081,54.050000000000004,1,11.70104826887494,3.4648686519464578,0.018808958208682124,0.12263284474757544
1081,54.050000000000004,2,13.590961297499105,4.097589627189489,0.004928912083727612,0.17092341373771386
1081,54.050000000000004,3,12.627770402572887,4.189114476968872,0.014111910671176356,0.14394304731752688
1081,54.050000000000004,4,11.19899338972403,4.267872469073645,-0.000818246861099523,0.10458249808199697
1081,54.050000000000004,5,11.407510219723235,5.090726596350989,-0.025054128619589024,0.10762273819958063
1082,54.1,0,12.768931203019427,3.2729503816616377,0.017354995696719146,0.14620236884388724
1082,54.1,1,11.701988716785374,3.4710002941838365,0.01860884969794452,0.12262771373882898
1082,54.1,2,13.591207743103292,4.106135797876375,0.004643213345481181,0.17093193456921332
1082,54.1,3,12.628475998106445,4.196311629334748,0.013842750844812986,0.14397848455547027
1082,54.1,4,11.198952477380976,4.273101593977745,-0.0010127960838448046,0.10455678797172836
1082,54.1,5,11.406257513292257,5.096107733260968,-0.02525225879020836,0.10757150195715097
1083,54.150000000000006,0,12.769798952804264,3.280260500103832,0.017130081194358035,0.146220636692038
1083,54.150000000000006,1,11.702919159270271,3.477131679870778,0.018408711371683664,0.12262231864064416
1083,54.150000000000006,2,13.591439903770565,4.114682394604835,0.004357488696037889,0.17094003761192403
1083,54.150000000000006,3,12.629168135648687,4.203510553562522,0.013573453063966614,0.14401333349706086
1083,54.150000000000006,4,11.198901837576784,4.2783294333763315,-0.0012072526206343363,0.10453079243631203
1083,54.150000000000006,5,11.404994900352746,5.101486308358826,-0.02545025767787177,0.10751992731445763
1084,54.2,0,12.770655456863981,3.2875715319384335,0.016905229212090943,0.1462385415024031
1084,54.2,1,11.703839594838856,3.48326279580281,0.01820854438014409,0.12261665850743493
1084,54.2,2,13.591657778205366,4.123229396485431,0.0040717382794582015,0.1709477228058079
1084,54.2,3,12.629846808301885,4.210711220237375,0.013304017462502026,0.14404759500619937
1084,54.2,4,11.198841474945752,4.283555972998147,-0.0014016164814159892,0.10450451081401832
1084,54.2,5,11.403722387468852,5.106862304724549,-0.025648125536624836,0.10746801456676203
1085,54.25,0,12.771500718324585,3.294883459013554,0.016680440374471354,0.14625608386653857
1085,54.25,1,11.704750022057864,3.4893936287281817,0.018008349869698757,0.12261073240434106
1085,54.25,2,13.591861365119339,4.131776782625722,0.0037859622436260893,0.17095499008455345
1085,54.25,3,12.63051200917501,4.217913599987685,0.013034444188326647,0.14408126993043582
1085,54.25,4,11.198771394121682,4.288781198538848,-0.0015958876658992006,0.10447794244792522
1085,54.25,5,11.402439981192021,5.112235705452887,-0.025845862615641937,0.10741576400237678
1086,54.300000000000004,0,12.77233474034331,3.3021962632068806,0.01645571529911954,0.146273264372536
1086,54.300000000000004,1,11.705650439551349,3.4955241653483986,0.017808128982843882,0.12260453940728754
1086,54.300000000000004,2,13.59205066323152,4.1403245321299496,0.0035001607403187703,0.17096183937558007
1086,54.300000000000004,3,12.631163731384428,4.225117663484206,0.01276473340360112,0.1441143591010849
1086,54.300000000000004,4,11.198691599738387,4.294005095661244,-0.0017900661635536109,0.10445108668602525
1086,54.300000000000004,5,11.40114768806124,5.117606493653006,-0.02604346915910673,0.10736317590276302
1087,54.35,0,12.773157526108266,3.3095099264255072,0.01623105459661167,0.1462900836049849
1087,54.35,1,11.706540846000491,3.501654392318763,0.017607882858180813,0.12259807860300859
1087,54.35,2,13.592225671268535,4.148872624098728,0.0032143339253008067,0.17096827060008643
1087,54.35,3,12.631801968054608,4.232323381439261,0.012494885284989996,0.1441468633333205
1087,54.35,4,11.198602096430209,4.299227649995545,-0.0019841519536406733,0.10442394288127277
1087,54.35,5,11.399845514603285,5.122974652448144,-0.026240945406127324,0.10731025054256096
1088,54.400000000000006,0,12.773969078838096,3.3168244306057564,0.01600645887035475,0.1463065421449529
1088,54.400000000000006,1,11.7074212401434,3.5077842962489134,0.01740761263041752,0.12259134908911137
1088,54.400000000000006,2,13.5923863879648,4.157421037628732,0.0029284819583794337,0.17097428367307507
1088,54.400000000000006,3,12.632426712318857,4.239530724605927,0.012224900023862083,0.14417878342630835
1088,54.400000000000006,4,11.198502888832527,4.304448847139608,-0.0021781450052167197,0.1043965103916889
1088,54.400000000000006,5,11.398533467332978,5.128340164975271,-0.026438291590612617,0.10725698818968128
1089,54.45,0,12.774769401781613,3.324139757713004,0.015781928716474398,0.1463226405699394
1089,54.45,1,11.70829162077492,3.513913863703369,0.01720731943035225,0.1225843499740903
1089,54.45,2,13.592532812062718,4.165969751812386,0.00264260500350554,0.17097987850338256
1089,54.45,3,12.63303795732005,4.246739663777242,0.011954777826526243,0.14421012016329277
1089,54.45,4,11.198393981582266,4.309668672659193,-0.0023720452771625843,0.1043687885804058
1089,54.45,5,11.397211552753447,5.133703014384755,-0.026635507941200922,0.10720338910534209
1090,54.5,0,12.775558498217437,3.331455889741501,0.015557464723704822,0.1463383794538598
1090,54.5,1,11.709151986746438,3.5200430812020733,0.017007004384867516,0.12257708037738242
1090,54.5,2,13.592664942312894,4.174518745737555,0.002356703228827992,0.17098505499371275
1090,54.5,3,12.633635696211376,4.253950169785407,0.011684518914435822,0.1442408743117486
1090,54.5,4,11.198275379318407,4.314887112088213,-0.0025658527181947506,0.10434077681576928
1090,54.5,5,11.395879777356386,5.1390631838400225,-0.02683259468112856,0.10714945354416475
1091,54.550000000000004,0,12.776336371453622,3.338772808714194,0.015333067473271582,0.14635375936699932
1091,54.550000000000004,1,11.710002336965681,3.5261719352209426,0.01680666861692203,0.12256953942939398
1091,54.550000000000004,2,13.592782777474335,4.183067998487241,0.0020707768067826974,0.17098981304066094
1091,54.550000000000004,3,12.634219922157099,4.261162213500994,0.011414123524399796,0.14427104662348056
1091,54.550000000000004,4,11.198147086682496,4.3201041509290015,-0.0027595672668925446,0.10431247447140081
1091,54.550000000000004,5,11.39453814762233,5.144420656517231,-0.027029552028152284,0.10709518175422354
1092,54.6,0,12.777103024827285,3.3460904966825438,0.015108737538788209,0.1463687808760008
1092,54.6,1,11.710842670396527,3.5323004121924124,0.01660631324554777,0.12256172627153727
1092,54.6,2,13.592886316314674,4.191617489139274,0.0017848259141559895,0.17099415253475314
1092,54.6,3,12.634790628333318,4.268375765832168,0.011143591908803081,0.14430063783475802
1092,54.6,4,11.198009108319152,4.325319774652572,-0.002953188851717031,0.10428388092626878
1092,54.6,5,11.393186670020922,5.1497754156049425,-0.027226380194448195,0.10704057397711664
1093,54.650000000000006,0,12.777858461704225,3.353408935726344,0.01488447548614156,0.14638344454382493
1093,54.650000000000006,1,11.711672986058804,3.538428498505989,0.016405939385835337,0.12255364005625963
1093,54.650000000000006,2,13.592975557610382,4.200167196766012,0.0014988507321593409,0.17099807336047756
1093,54.650000000000006,3,12.635347807928758,4.275590797723906,0.01087292433579989,0.14432964866644982
1093,54.650000000000006,4,11.197861448876566,4.3305339686988855,-0.0031467173910364426,0.10425499556476502
1093,54.650000000000006,5,11.3918253510112,5.155127444303798,-0.02742307938651291,0.10698563044803346
1094,54.7,0,12.778602685478532,3.360728107953535,0.014660281873390838,0.1463977509297223
1094,54.7,1,11.712493283028095,3.544556180508802,0.01620554814893458,0.1225452799470733
1094,54.7,2,13.59305050014699,4.208717100434035,0.0012128514465027562,0.17100157539630637
1094,54.7,3,12.635891454145549,4.282807280157228,0.010602121089516445,0.14435807982414461
1094,54.7,4,11.197704113007013,4.3357467184771235,-0.0033401527931542635,0.10422581777677954
1094,54.7,5,11.390454197041874,5.1604767258262,-0.0276196498050762,0.10693035139582928
1095,54.75,0,12.7793356995722,3.368047995500021,0.014436157250661406,0.14641170058920655
1095,54.75,1,11.713303560435541,3.5506834445061557,0.01600514064204171,0.12253664511858613
1095,54.75,2,13.593111142719316,4.2172671792038505,0.000926828247466896,0.1710046585147357
1095,54.75,3,12.636421560200025,4.290025184148435,0.010331182470251919,0.14438593199829897
1095,54.75,4,11.197537105367356,4.340958009365963,-0.0035334949563370923,0.10419634695776793
1095,54.75,5,11.38907321455162,5.165823243395992,-0.027816091645005456,0.10687473704309533
1096,54.800000000000004,0,12.780057507434734,3.3753685805294813,0.014212102160039968,0.146425294074026
1096,54.800000000000004,1,11.714103817467644,3.556810276762085,0.015804717968393913,0.12252773475651779
1096,54.800000000000004,2,13.59315748413169,4.2258174121295875,0.0006407813299689347,0.17100732258231635
1096,54.800000000000004,3,12.636938119323538,4.2972444807483505,0.010060108794670168,0.1444132058643653
1096,54.800000000000004,4,11.19736043061954,4.3461678267138515,-0.0037267437688455027,0.10416658250881979
1096,54.800000000000004,5,11.38768240996937,5.171166980248147,-0.028012405095224964,0.10681878760622282
1097,54.85,0,12.780768112542736,3.3826898452331826,0.013988117135476092,0.14643853193213527
1097,54.85,1,11.714894053366063,3.5629366634999107,0.015604281227271241,0.12251854805773386
1097,54.85,2,13.593189523198188,4.2343677782587035,0.00035471089363001216,0.17100956745968598
1097,54.85,3,12.637441124763273,4.304465141041569,0.00978890039599002,0.1444399020829433
1097,54.85,4,11.197174093431098,4.351376155839293,-0.003919899108960254,0.10413652383673626
1097,54.85,5,11.386281789714609,5.176507919628458,-0.028208590338617303,0.10676250329548222
1098,54.900000000000006,0,12.78146751839951,3.3900117718297893,0.013764202702686352,0.14645141470767264
1098,54.900000000000006,1,11.715674267427426,3.5690625909027975,0.015403831513982726,0.12250908423027027
1098,54.900000000000006,2,13.593207258742869,4.242918256631688,6.861714284499122e-05,0.17101139300159568
1098,54.900000000000006,3,12.637930569783071,4.311687136145716,0.009517557624164579,0.1444660212999233
1098,54.900000000000006,4,11.19697809847565,4.35658298203113,-0.00411296084501558,0.10410617035410066
1098,54.900000000000006,5,11.384871360197678,5.1818460447932315,-0.0284046475519357,0.10670588431510084
1099,54.95,0,12.782155728534644,3.397334342565173,0.01354035937904778,0.14646394294092677
1099,54.95,1,11.716444459003124,3.575188045114311,0.015203369919864729,0.12249934249334264
1099,54.95,2,13.59321068960001,4.2514688262817675,-0.00021749971315108456,0.17101279905695313
1099,54.95,3,12.638406447664279,4.318910437210712,0.009246080846069758,0.14449156414662775
1099,54.95,4,11.1967724504334,4.3617882905488345,-0.004305928835436697,0.10407552147933656
1099,54.95,5,11.38345112782008,5.187181339008987,-0.028600576905728026,0.10664893086332104
1100,55.0,0,12.782832746503596,3.404657539712219,0.013316587673515548,0.14647611716831113
1100,55.0,1,11.717204627499118,3.5813130122389785,0.0150028975322736,0.12248932207736848
1100,55.0,2,13.593199814614353,4.260019466234615,-0.0005036394602164795,0.17101378546883916
1100,55.0,3,12.638868751706582,4.326135015418044,0.008974470445680168,0.14451653123996114
1100,55.0,4,11.196557153991629,4.366992066622801,-0.004498802928775094,0.10404457663678239
1100,55.0,5,11.382021098974795,5.192513785552153,-0.02879637856425203,0.1065916431324923
1101,55.050000000000004,0,12.783498575887272,3.4119813455706347,0.013092888086518772,0.14648793792234735
1101,55.050000000000004,1,11.717954772375732,3.587437478342847,0.014802415434586342,0.12247902222399512
1101,55.050000000000004,2,13.593174632641341,4.2685701555080575,-0.0007898018792386189,0.1710143520745638
1101,55.050000000000004,3,12.639317475228866,4.333360841980042,0.008702726824239414,0.14454092318257994
1101,55.050000000000004,4,11.19633221384519,4.372194295454641,-0.004691582963741055,0.10401333525676323
1101,55.050000000000004,5,11.380581280046583,5.197843367708778,-0.0289920526853836,0.10653402130913399
1102,55.1,0,12.784153220291598,3.419305742466752,0.01286926110987918,0.14649940573162515
1102,55.1,1,11.718694893147461,3.5935614294540468,0.014601924706191819,0.12246844218609784
1102,55.1,2,13.59313514254738,4.277120873111786,-0.0010759867460763762,0.17101449870567878
1102,55.1,3,12.639752611570078,4.340587888139171,0.00843085040043584,0.1445647405630213
1102,55.1,4,11.196097634697002,4.377394962217479,-0.004884268769246491,0.1039817967756465
1102,55.1,5,11.379131677412314,5.203170068774234,-0.029187599420550808,0.10647606557401787
1103,55.150000000000006,0,12.784796683347093,3.4266307127533335,0.012645707226718527,0.14651052112078733
1103,55.150000000000006,1,11.719424989382771,3.5996848515633517,0.014401426422484171,0.12245758122780379
1103,55.150000000000006,2,13.593081343210077,4.285671598047069,-0.0013621938314830684,0.1710142251880203
1103,55.150000000000006,3,12.640174154090099,4.347816125167323,0.008158841610560127,0.1445879839558871
1103,55.150000000000006,4,11.19585342125854,4.382594052056261,-0.0050768601644448725,0.10394996063591977
1103,55.150000000000006,5,11.377672297441286,5.2084938720529355,-0.029383018914642588,0.10641777610224341
1104,55.2,0,12.785428968708429,3.433956238809373,0.012422226911369572,0.14652128461050398
1104,55.2,1,11.720145060703896,3.605807730624742,0.014200921654867906,0.12244643862450828
1104,55.2,2,13.593013233518503,4.294222309306471,-0.0016484229010608926,0.1710135313417419
1104,55.2,3,12.640582096170627,4.355045524365117,0.007886700908666878,0.14461065392198935
1104,55.2,4,11.195599578250318,4.387791550088057,-0.00526935695876698,0.10391782628624877
1104,55.2,5,11.376203146495554,5.213814760858048,-0.029578311305937067,0.10635915306331718
1105,55.25,0,12.786050080053997,3.4412823030398982,0.012198820629296727,0.14653169671744506
1105,55.25,1,11.720855106786638,3.611930052555967,0.014000411470745657,0.12243501366287395
1105,55.25,2,13.59293081237345,4.302772985873558,-0.001934673715189698,0.1710124169813499
1105,55.25,3,12.64097643121606,4.362276057061217,0.007614428766735543,0.14463275100851705
1105,55.25,4,11.19533611040238,4.3929874414023695,-0.005461758951969488,0.10388539318154497
1105,55.25,5,11.374724230930257,5.219132718511213,-0.029773476726028345,0.10630019662122842
1106,55.300000000000004,0,12.786660021085462,3.4486088878757704,0.011975488837009975,0.14654175795426133
1106,55.300000000000004,1,11.721555127360176,3.618051803239111,0.0137998969335175,0.12242330564084969
1106,55.300000000000004,2,13.59283407868769,4.311323606722626,-0.0022209460289752134,0.1710108819157376
1106,55.300000000000004,3,12.641357152654397,4.3695076946116425,0.00734202567481839,0.1446542757492071
1106,55.300000000000004,4,11.195063022454782,4.398181711061447,-0.005654065934177242,0.10385266078302893
1106,55.300000000000004,5,11.373235557093956,5.224447728342275,-0.029968515299747096,0.10624090693452874
1107,55.35,0,12.787258795527313,3.4559359757734835,0.011752231981988166,0.14655146882954817
1107,55.35,1,11.722245122206852,3.6241729685211537,0.013599379102579794,0.1224113138676646
1107,55.35,2,13.59272303138624,4.319874150818412,-0.0025072395921815617,0.1710089259482182
1107,55.35,3,12.641724253938138,4.376740408399103,0.007069492141192616,0.14467522866449775
1107,55.35,4,11.194780319158074,4.403374344100599,-0.005846277685929629,0.10381962855828485
1107,55.35,5,11.371737131328969,5.229759773689001,-0.0301634271450973,0.10618128415640823
1108,55.400000000000006,0,12.787846407126413,3.463263549214961,0.011529050502600745,0.14656082984784563
1108,55.400000000000006,1,11.722925091161981,3.630293534214537,0.013398859033319714,0.12239903766385565
1108,55.400000000000006,2,13.592597669406631,4.3284245971158235,-0.002793554149179217,0.1710065488765622
1108,55.400000000000006,3,12.642077728545198,4.383974169832328,0.006796828692494285,0.14469561026172256
1108,55.400000000000006,4,11.194488005273778,4.408565325528513,-0.006038393978222972,0.10378629598134329
1108,55.400000000000006,5,11.370228959971714,5.235068837896822,-0.030358212373169054,0.10612132843478811
1109,55.45,0,12.788422859651543,3.4705915907073535,0.011305944828033031,0.14656984150958952
1109,55.45,1,11.723595034113647,3.6364134860977297,0.013198337777116058,0.12238647636124929
1109,55.45,2,13.592457991699172,4.336974924559652,-0.0030798894388860396,0.17100375049303118
1109,55.45,3,12.642417569979823,4.391208950345415,0.006524035873869121,0.14471542103525697
1109,55.45,4,11.194186085574866,4.41375464032758,-0.006230414572563335,0.10375266253272052
1109,55.45,5,11.368711049353056,5.2403749043185615,-0.030552871088086412,0.1060610399123872
1110,55.5,0,12.788988156892945,3.477920082782833,0.011082915378213279,0.14657850431111058
1110,55.5,1,11.724254951002502,3.6425328099157923,0.01299781638132968,0.1223736293029776
1110,55.5,2,13.592303997227228,4.345525112084303,-0.003366245194714195,0.1710005305844206
1110,55.5,3,12.642743771773517,4.398444721397177,0.006251114249097807,0.14473466146671624
1110,55.5,4,11.193874564846238,4.418942273454216,-0.006422339221016324,0.10371872769949313
1110,55.5,5,11.367183405798652,5.24567795631418,-0.030747403386928596,0.10600041872681153
1111,55.550000000000004,0,12.789542302661856,3.4852490079983887,0.01085996256373926,0.14658681874459709
1111,55.550000000000004,1,11.724904841821568,3.6486514913809414,0.01279729588930731,0.12236049584347317
1111,55.550000000000004,2,13.592135684967493,4.354075138613524,-0.003652621144509984,0.17099688893208428
1111,55.550000000000004,3,12.643056327485972,4.405681454470513,0.005978064400726078,0.14475333202510698
1111,55.550000000000004,4,11.193553447885188,4.424128209839191,-0.0066141676662580225,0.10368449097535047
1111,55.550000000000004,5,11.365646035629306,5.250977977250521,-0.030941809359672705,0.105939465010635
1112,55.6,0,12.790085300790043,3.4925783489356186,0.01063708678581474,0.146594785298082
1112,55.6,1,11.725544706616033,3.654769516173115,0.012596777340376215,0.1223470753484719
1112,55.6,2,13.591953053910268,4.362624983060129,-0.003939017010503344,0.17099282531198218
1112,55.6,3,12.643355230706009,4.412919121071768,0.005704886930191513,0.1447714331670294
1112,55.6,4,11.193222739501875,4.429312434387959,-0.00680589964162413,0.1036499518606583
1112,55.6,5,11.364098945161322,5.256274950501053,-0.0311360890891207,0.10587817889148157
1113,55.650000000000006,0,12.790617155129334,3.499908088200523,0.010414288436184839,0.14660240445542025
1113,55.650000000000006,1,11.726174545483051,3.6608868699405384,0.012396261769845913,0.12233336719500994
1113,55.650000000000006,2,13.591756103059744,4.371174624325728,-0.004225432509255987,0.17098833949471626
1113,55.650000000000006,3,12.643640475052518,4.42015769273012,0.005431582457948961,0.14478896533684485
1113,55.650000000000006,4,11.192882444519794,4.434494931980992,-0.006997534871165887,0.10361510986251597
1113,55.650000000000006,5,11.362542140706866,5.261568859445627,-0.031330242650840764,0.1058165604921091
1114,55.7,0,12.791137869551143,3.507238208423294,0.010191567897067978,0.14660967669626163
1114,55.7,1,11.726794358571544,3.667003538300289,0.012195750208998412,0.12231937077142031
1114,55.7,2,13.59154483143428,4.379724041300464,-0.004511867351605083,0.17098343124555526
1114,55.7,3,12.643912054175415,4.427397140996963,0.005158151623569524,0.14480592896685546
1114,55.7,4,11.192532567776237,4.439675687474118,-0.007189073069706524,0.10357996449481405
1114,55.7,5,11.360975628574325,5.266859687470233,-0.03152427011310781,0.10575460993049654
1115,55.75,0,12.791647447945996,3.514568692258107,0.009968925541098003,0.14661660249604616
1115,55.75,1,11.727404146081994,3.67311950683886,0.011995243685099945,0.12230508547733049
1115,55.75,2,13.591319238066701,4.3882732128627415,-0.0047983212426253455,0.17097810032449953
1115,55.75,3,12.644169961756592,4.434637437445305,0.004884595085871215,0.14482232447750162
1115,55.75,4,11.19217311412275,4.444854685698859,-0.007380513942888331,0.1035445152782893
1115,55.75,5,11.359399415068669,5.272147417966758,-0.03171817153683043,0.10569232731992192
1116,55.800000000000004,0,12.79214589422305,3.5218995223829093,0.0097463617312666,0.14662318232596577
1116,55.800000000000004,1,11.728003908266249,3.6792347611127267,0.0117947432213858,0.12229051072365138
1116,55.800000000000004,2,13.59107932200457,4.396822117878966,-0.005084793881555913,0.17097234648629253
1116,55.800000000000004,3,12.644414191510887,4.441878553669181,0.004610913523010763,0.1448381522775307
1116,55.800000000000004,4,11.191804088425606,4.450031911462774,-0.00757185718724539,0.10350876174058421
1116,55.800000000000004,5,11.357813506491828,5.277432034332754,-0.031911946975517705,0.10562971276905155
1117,55.85,0,12.792633212309614,3.5292306814992074,0.009523876820869127,0.14662941665295437
1117,55.85,1,11.728593645427319,3.6853492866489095,0.011594249837061976,0.1222756459325714
1117,55.85,2,13.590825082310491,4.405370735203281,-0.005371284961776125,0.17096616948047572
1117,55.85,3,12.644644737187036,4.449120461283057,0.004337107632591137,0.14485341276419753
1117,55.85,4,11.191425495566243,4.455207349549803,-0.007763102490253016,0.10347270341629622
1117,55.85,5,11.356217909143052,5.282713519971206,-0.03210559647519889,0.10556676638202642
1118,55.900000000000006,0,12.793109406150657,3.536562152331855,0.009301471153450229,0.14663530593966664
1118,55.900000000000006,1,11.729173357919171,3.691463068945538,0.011393764547312741,0.1222604905375503
1118,55.900000000000006,2,13.590556518062403,4.413919043677304,-0.005657794170738392,0.17095956905142395
1118,55.900000000000006,3,12.644861592568667,4.456363131921266,0.004063178131753949,0.14486810632344452
1118,55.900000000000006,4,11.19103734044173,4.460380984720618,-0.007954249530385293,0.10343633984703839
1118,55.900000000000006,5,11.354612629319291,5.287991858290307,-0.032299120074380225,0.10550348825854636
1119,55.95,0,12.79357447970833,3.5438939176288384,0.009079145062753412,0.14664085064445886
1119,55.95,1,11.729743046146536,3.6975760934724153,0.011193288363284393,0.12224504398330309
1119,55.95,2,13.590273628353867,4.422467022129876,-0.005944321189933916,0.17095254493838177
1119,55.95,3,12.645064751475255,4.463606537237439,0.0037891257572715015,0.14488223333009564
1119,55.95,4,11.19063962796521,4.4655528017129695,-0.008145297977186595,0.10339967058148809
1119,55.95,5,11.352997673315572,5.293267032703234,-0.03249251780399008,0.10543987849396123
1120,56.0,0,12.794028436961467,3.5512259601610614,0.008856898872674764,0.1466460512213726
1120,56.0,1,11.7303027105647,3.7036883456715803,0.010992822292096787,0.12222930572579167
1120,56.0,2,13.58997641229437,4.431014649376795,-0.006230865694838369,0.17094509687551537
1120,56.0,3,12.645254207763118,4.4708506489039435,0.003514951265636929,0.1448957941480494
1120,56.0,4,11.19023236306635,4.470722785242044,-0.008336247491324746,0.10336269517544
1120,56.0,5,11.351373047425373,5.298539026627932,-0.03268578968732473,0.10537593717934784
1121,56.050000000000004,0,12.7944712819051,3.55855826272213,0.008634732897217959,0.14665090812011677
1121,56.050000000000004,1,11.730852351679305,3.70979981095787,0.010792367336838587,0.12221327523221255
1121,56.050000000000004,2,13.589664869009628,4.439561904220571,-0.00651742735487597,0.1709372245919473
1121,56.050000000000004,3,12.6454299553264,4.478095438611346,0.0032406554331420403,0.14490878913047192
1121,56.050000000000004,4,11.189815550691785,4.475890920000817,-0.00852709772465653,0.10332541319186014
1121,56.050000000000004,5,11.349738757941006,5.303807823486899,-0.032878935739997166,0.10531166440160819
1122,56.1,0,12.794903018549961,3.565890808128136,0.00841264744044798,0.14665542178604488
1122,56.1,1,11.731391970046147,3.7159104747194807,0.010591924496565631,0.1221969519809815
1122,56.1,2,13.589338997641883,4.4481087654501685,-0.006804005833366272,0.17092892781178973
1122,56.1,3,12.645591988098056,4.48534087806787,0.0029662390559450523,0.1449212186199875
1122,56.1,4,11.189389195805552,4.48105719066041,-0.008717848320289372,0.10328782420093757
1122,56.1,5,11.348094811154006,5.30907340670698,-0.033071955969887594,0.1052470602435526
1123,56.150000000000006,0,12.795323650921985,3.573223579217438,0.008190642796460767,0.14665959266014228
1123,56.150000000000006,1,11.731921566270975,3.7220203223185298,0.010391494766299404,0.12218033546171173
1123,56.150000000000006,2,13.588998797350214,4.456655211840758,-0.007090600787486632,0.17092020625420204
1123,56.150000000000006,3,12.645740300050853,4.492586938998869,0.0026917029501596864,0.14493308294887527
1123,56.150000000000006,4,11.188953303389537,4.486221581870457,-0.008908498912662122,0.1032499277801273
1123,56.150000000000006,5,11.346441213355511,5.314335759719158,-0.03326485037710657,0.10518212478399075
1124,56.2,0,12.795733183061808,3.580556558850445,0.007968719249338889,0.14666342117900846
1124,56.2,1,11.73244114100929,3.7281293390916153,0.01019107913702799,0.12216342517520422
1124,56.2,2,13.58864426731084,4.465201222153468,-0.00737721186823341,0.17091105963342534
1124,56.2,3,12.645874885198362,4.499833593146313,0.0024170479519082452,0.14494438243926933
1124,56.2,4,11.188507878443904,4.491384078259464,-0.009099049127594905,0.103211723514207
1124,56.2,5,11.344777970836656,5.319594865958357,-0.03345761895393553,0.10511685809781773
1125,56.25,0,12.796131619024274,3.5878897299093957,0.00774687707311964,0.14666690777483748
1125,56.25,1,11.73295069496614,3.7342375103503755,0.009990678595701316,0.12214622063342148
1125,56.25,2,13.588275406717429,4.4737467751351385,-0.0076638387203702705,0.17090148765882315
1125,56.25,3,12.645995737595957,4.507080812268277,0.002142274917383885,0.14495511740335115
1125,56.25,4,11.188052925987524,4.4965446644351745,-0.009289498582371459,0.10317321099531879
1125,56.25,5,11.34310508988896,5.324850708863248,-0.03365026168479335,0.1050512602561052
1126,56.300000000000004,0,12.796518962877931,3.595223075298138,0.007525116531764402,0.14667005287541351
1126,56.300000000000004,1,11.733450228895926,3.7403448213820467,0.009790294125241156,0.1221287213594785
1126,56.300000000000004,2,13.58789221478141,4.48229184951808,-0.007950480982401281,0.17089149003494009
1126,56.300000000000004,3,12.646102851341826,4.514328568138445,0.0018673847229110291,0.14496528814355947
1126,56.300000000000004,4,11.187588451058405,4.50170332498494,-0.009479846885791265,0.10313438982302453
1126,56.300000000000004,5,11.341422576804721,5.330103271876053,-0.0338427785461816,0.10498533132618966
1127,56.35,0,12.796895218704519,3.6025565779419084,0.0073034378791301535,0.14667285690407392
1127,56.35,1,11.733939743602187,3.746451257450021,0.009589926704527933,0.12211092688760683
1127,56.35,2,13.58749469073229,4.490836424019827,-0.008237138286523806,0.17088106646152257
1127,56.35,3,12.646196220577972,4.521576832545622,0.001592378264989927,0.14497489495277205
1127,56.35,4,11.187114458714115,4.506860044476092,-0.009670093638261846,0.10309525960434186
1127,56.35,5,11.339730437877412,5.335352538442362,-0.034035169506659295,0.10491907137176626
1128,56.400000000000006,0,12.797260390598476,3.609890220787112,0.007081841358941649,0.14667532027971983
1128,56.400000000000006,1,11.734419239937413,3.752556803794401,0.009389577308409879,0.12209283676314395
1128,56.400000000000006,2,13.587082833817965,4.499380477342903,-0.008523810258596921,0.17087021663359409
1128,56.400000000000006,3,12.64627583949122,4.528825577293261,0.0013172564603506722,0.1449839381145275
1128,56.400000000000006,4,11.186630954032202,4.512014807456309,-0.009860238431855552,0.10305581995379397
1128,56.400000000000006,5,11.338028679402079,5.34059849201095,-0.03422743452679311,0.10485248045297033
1129,56.45,0,12.797614482666424,3.6172239868010982,0.006860327204775021,0.14667744341677647
1129,56.45,1,11.734888718802834,3.7586614456325584,0.009189246907697221,0.12207445054249876
1129,56.45,2,13.586656643305036,4.507923988174583,-0.008810496518095135,0.17085894024147139
1129,56.45,3,12.646341702314238,4.536074774198987,0.0010420202459844085,0.14499241790320763
1129,56.45,4,11.186137942110609,4.517167598453998,-0.010050280850386869,0.1030160704934568
1129,56.45,5,11.33631730767574,5.345841116033599,-0.034419573559122986,0.10478555862648045
1130,56.5,0,12.797957499026662,3.624557858971937,0.006638895640030186,0.14667922672519615
1130,56.5,1,11.735348181148218,3.764765168159683,0.00898893646916487,0.1220557677931354
1130,56.5,2,13.58621611847913,4.516466935186656,-0.009097196678084505,0.17084723697082932
1130,56.5,3,12.646393803326538,4.543324395094147,0.0007666705791831421,0.14500033458425146
1130,56.5,4,11.185635428068089,4.522318401978671,-0.01024022046948858,0.10297601085299714
1130,56.5,5,11.334596328997785,5.3510803939649225,-0.03461158654812603,0.1047183059456009
1131,56.550000000000004,0,12.798289443808663,3.631891820308197,0.006417546877917872,0.1466806706104383
1131,56.550000000000004,1,11.735797627971676,3.77086795654934,0.008788646955553469,0.12203678809354421
1131,56.550000000000004,2,13.585761258645226,4.525009297035198,-0.009383910345181955,0.1708351065027434
1131,56.550000000000004,3,12.646432136855497,4.5505744118233595,0.00049120843756672,0.14500768841436057
1131,56.550000000000004,4,11.185123417044615,4.527467202521321,-0.010430056856681382,0.10293564066972379
1131,56.550000000000004,5,11.332865749670379,5.356316309262202,-0.034803473430177735,0.1046507224603607
1132,56.6,0,12.798610321152559,3.639225853838719,0.006196281121443552,0.14668177547345498
1132,56.6,1,11.736237060319453,3.776969795954017,0.008588379325566359,0.12201751103320735
1132,56.6,2,13.585292063127968,4.533551052360335,-0.009670637119527769,0.17082254851373738
1132,56.6,3,12.646456697277374,4.557824796244078,0.00021563481911252775,0.1450144796416902
1132,56.6,4,11.18460191420178,4.532613984554807,-0.010619789571455433,0.1028949595886145
1132,56.6,5,11.33112557599887,5.3615488453852205,-0.034995234133526947,0.10458280821759053
1133,56.650000000000006,0,12.79892013520863,3.6465599426123916,0.00597509856339982,0.1466825417106753
1133,56.650000000000006,1,11.736666479285732,3.7830706715056777,0.008388134533866493,0.12199793621257073
1133,56.650000000000006,2,13.58480853127199,4.542092179786022,-0.00995737659473512,0.17080956267583433
1133,56.650000000000006,3,12.64646747901833,4.565075520226163,-6.004925782556559e-05,0.14502070850606535
1133,56.650000000000006,4,11.184070924723207,4.537758732534238,-0.010809418165353702,0.10285396726236254
1133,56.650000000000006,5,11.329375814292193,5.3667779857961,-0.03518686857826766,0.10451456326102804
1134,56.7,0,12.799218890136801,3.6538940696979254,0.005753999386353017,0.1466829697140045
1134,56.7,1,11.737085886012427,3.7891705683163064,0.008187913531092548,0.12197806324303073
1134,56.7,2,13.584310662442254,4.550632657919814,-0.010244128357890282,0.17079614865659734
1134,56.7,3,12.646464476555439,4.5723265556514665,-0.0003358427545143146,0.14502637523918777
1134,56.7,4,11.183530453814939,4.542901430897356,-0.01099894218202726,0.10281266335143258
1134,56.7,5,11.32761647086328,5.372003713959151,-0.03537837667628501,0.10444598763141369
1135,56.75,0,12.79950659010612,3.6612282181836258,0.005532983762639335,0.14668305987079297
1135,56.75,1,11.73749528168898,3.795269471478458,0.007987717263837278,0.12195789174687353
1135,56.75,2,13.58379845602436,4.559172465352644,-0.010530891989491479,0.17078230611918854
1135,56.75,3,12.646447684417712,4.579577874413426,-0.0006117446118174657,0.14503148006482533
1135,56.75,4,11.182980506705837,4.548042064064927,-0.011188361157346175,0.10277104752406892
1135,56.75,5,11.325847552029465,5.377226013340722,-0.03556975833126267,0.10437708136656637
1136,56.800000000000004,0,12.799783239294252,3.6685623711771655,0.005312051854366072,0.14668281256384264
1136,56.800000000000004,1,11.737894667552172,3.8013673660658016,0.007787546674663973,0.12193742135726526
1136,56.800000000000004,2,13.583271911424886,4.567711580658603,-0.01081766706343953,0.1707680347224169
1136,56.800000000000004,3,12.646417097187122,4.586829448416667,-0.0008877537501978911,0.1450360231990379
1136,56.800000000000004,4,11.18242108864797,4.55318061644113,-0.0113776746194506,0.10272911945635703
1136,56.800000000000004,5,11.324069064112901,5.38244486740905,-0.03576101343862666,0.1043078445014904
1137,56.85,0,12.80004884188697,3.6758965118053575,0.005091203813405036,0.14668222817137927
1137,56.85,1,11.738284044885905,3.8074642371336647,0.007587402702097867,0.12191665171820572
1137,56.85,2,13.582731028071713,4.576249982394724,-0.011104453146996826,0.17075333412078209
1137,56.85,3,12.646372709499612,4.594081249576619,-0.001163869069725014,0.14504000485036725
1137,56.85,4,11.181852204916998,4.558317072413948,-0.011566882088856121,0.10268687883224618
1137,56.85,5,11.32228101344097,5.387660259634124,-0.03595214188554073,0.10423827706846397
1138,56.900000000000006,0,12.80030340207764,3.6832306232139262,0.004870439781399487,0.1466813070670615
1138,56.900000000000006,1,11.73866341502101,3.813560069719575,0.007387286280632766,0.12189558248450008
1138,56.900000000000006,2,13.582175805414362,4.584787649100763,-0.011391249800778843,0.17073820396454448
1138,56.900000000000006,3,12.646314516046125,4.601333249819137,-0.0014400894500710014,0.1450434252200596
1138,56.900000000000006,4,11.181273860812555,4.56345141635556,-0.011755983078516762,0.10264432534359415
1138,56.900000000000006,5,11.320483406346693,5.3928721734875475,-0.03614314355086838,0.10416837909712691
1139,56.95,0,12.80054692406671,3.6905646885672794,0.0046497598897714855,0.14668004961994419
1139,56.95,1,11.739032779335043,3.8196548488438,0.007187198340728161,0.12187421332171434
1139,56.95,2,13.581606242924323,4.59332455929899,-0.0116780565787061,0.17072264389974925
1139,56.95,3,12.646242511573622,4.60858542108014,-0.0017164137505349256,0.14504628450225446
1139,56.95,4,11.180686061658628,4.56858363262274,-0.011944977093921267,0.1026014586901949
1139,56.95,5,11.31867624916915,5.398080592442404,-0.03633401830515824,0.10409815061458909
1140,57.0,0,12.800779412061198,3.6978986910482767,0.004429164259728072,0.14667845619448966
1140,57.0,1,11.739392139252079,3.825748559509886,0.00698713980881091,0.12185254390614338
1140,57.0,2,13.581022340095387,4.601860691493978,-0.011964873027994425,0.17070665356830844
1140,57.0,3,12.646156690886095,4.615837735305253,-0.001992840810048304,0.1450485828842051
1140,57.0,4,11.180088812803932,4.57371370555725,-0.012133863633176645,0.10255827857981245
1140,57.0,5,11.316859548253891,5.4032854999731335,-0.03652476601062971,0.10402759164550097
1141,57.050000000000004,0,12.801000870274184,3.7052326138580014,0.004208653002272795,0.14667652715055596
1141,57.050000000000004,1,11.73974149624252,3.831841186705193,0.0067871116072745746,0.12183057392477344
1141,57.050000000000004,2,13.580424096443988,4.610396024172394,-0.012251698689130777,0.17069023260804034
1141,57.050000000000004,3,12.646057048845591,4.623090164449463,-0.00226936944720725,0.14505032054648892
1141,57.050000000000004,4,11.179482119622273,4.578841619486241,-0.012322642187082134,0.10251478472821679
1141,57.050000000000004,5,11.31503330995336,5.408486879555409,-0.03671538652114141,0.10395670221216569
1142,57.1,0,12.801211302924298,3.712566440215529,0.003988226218223309,0.14667426284336518
1142,57.1,1,11.740080851822883,3.8379327154014318,0.006587114654482371,0.12180830307522739
1142,57.1,2,13.579811511509531,4.618930535802796,-0.012538533095835965,0.1706733806527147
1142,57.1,3,12.645943580373231,4.6303426804767875,-0.0025459984602985903,0.14505149766319053
1142,57.1,4,11.17886598751292,4.583967358722652,-0.012511312239230271,0.10247097685920778
1142,57.1,5,11.313197540627304,5.413684714666017,-0.0369058796821862,0.1038854823346286
1143,57.150000000000006,0,12.801410714235208,3.7199001533576976,0.0037678839982268554,0.14667166362353035
1143,57.150000000000006,1,11.740410207555607,3.8440231305551933,0.006387149864765251,0.12178573106575048
1143,57.150000000000006,2,13.579184584854739,4.627464204835431,-0.01282537577506942,0.17065609733213394
1143,57.150000000000006,3,12.645816280450216,4.637595255359947,-0.002822726627332218,0.14505211440214769
1143,57.150000000000006,4,11.178240421900957,4.5890909075656126,-0.012699873266079856,0.10242685470465988
1143,57.150000000000006,5,11.311352246643194,5.418878988782748,-0.037096245330863906,0.103813932030767
1144,57.2,0,12.80159910843512,3.7272337365388744,0.003547626422782391,0.14666872983701468
1144,57.2,1,11.740729565048845,3.850112417108481,0.006187218148425394,0.12176285761513746
1144,57.2,2,13.578543316065986,4.635997009702038,-0.01311222624698699,0.17063838227215675
1144,57.2,3,12.645675144118849,4.644847861080054,-0.0030995527060806074,0.14505217092511816
1144,57.2,4,11.177605428237653,4.594212250300846,-0.012888324737057125,0.1023824180045315
1144,57.2,5,11.30949743437665,5.4240696853842865,-0.037286483295884534,0.10374205131638506
1145,57.25,0,12.801776489756259,3.734567173030725,0.003327453562264944,0.14666546182514364
1145,57.25,1,11.741038925956266,3.8562005599892375,0.005987320411733954,0.12173968245270735
1145,57.25,2,13.577887704753635,4.644528928815646,-0.013399084024924275,0.1706202350947857
1145,57.25,3,12.645520166483545,4.65210046962631,-0.0033764754341167563,0.14505166738801664
1145,57.25,4,11.1769610120008,4.599331371201072,-0.013076666114639255,0.10233766650690392
1145,57.25,5,11.307633110211857,5.429256787950106,-0.03747659339754314,0.10366984020530629
1146,57.300000000000004,0,12.801942862434371,3.7419004461219822,0.0031073654769467217,0.1466618599245928
1146,57.300000000000004,1,11.741338291976852,3.8622875441118727,0.0057874575569365335,0.12171620531825823
1146,57.300000000000004,2,13.57721775055239,4.653059940570385,-0.013685948615396513,0.1706016554182063
1146,57.300000000000004,3,12.64535134271184,4.659353052995711,-0.0036534935288761567,0.1450506039411142
1146,57.300000000000004,4,11.176307178695069,4.604448254526417,-0.013264896854435954,0.10229259996801102
1146,57.300000000000004,5,11.305759280541979,5.434440279960371,-0.03766657544770802,0.10359729870947386
1147,57.35,0,12.80209823070822,3.7492335391182117,0.0028873622170322868,0.1466579244673693
1147,57.35,1,11.741627664854699,3.8683733543777854,0.005587630482249833,0.12169242596200557
1147,57.35,2,13.57653345312162,4.6615900233412955,-0.013972819518057423,0.1705826428568405
1147,57.35,3,12.645168668035396,4.666605583192767,-0.00393060568770168,0.14504898072922734
1147,57.35,4,11.175643933852347,4.609562884524818,-0.013453016405295145,0.1022472181522518
1147,57.35,5,11.303875951769594,5.439620144895844,-0.03785642924982632,0.10352442683903602
1148,57.400000000000006,0,12.80224259881907,3.75656643534158,0.0026674438226911464,0.14665365578082618
1148,57.400000000000006,1,11.741907046378811,3.8744579756758855,0.005387840081863412,0.12166834414455696
1148,57.400000000000006,2,13.575834812145716,4.670119155484137,-0.014259696225702882,0.17056319702142672
1148,57.400000000000006,3,12.644972137751012,4.673858032229228,-0.004207810587903585,0.1450467978919589
1148,57.400000000000006,4,11.174971283032082,4.614675245432431,-0.013641024209381755,0.10220152083223168
1148,57.400000000000006,5,11.301983130307104,5.444796366237796,-0.03804615459889942,0.10345122460244507
1149,57.45,0,12.802375971010205,3.763899118130621,0.0024476103240860434,0.14664905418763616
1149,57.45,1,11.742176438382904,3.880541392883113,0.005188087245946816,0.12164395963684665
1149,57.45,2,13.575121827334431,4.678647315335208,-0.014546578224246732,0.17054331751905
1149,57.45,3,12.644761747221617,4.681110372123826,-0.004485106886835289,0.14504405556386762
1149,57.45,4,11.174289231821612,4.619785321474042,-0.013828919702273625,0.1021555077887745
1149,57.45,5,11.300080822577158,5.449968927467918,-0.03823575128148539,0.1033776920065548
1150,57.5,0,12.80249835152641,3.771231570840003,0.0022278617414211244,0.14664412000579777
1150,57.5,1,11.742435842745202,3.8866235908649553,0.004988372860636919,0.12161927222008971
1150,57.5,2,13.574394498423219,4.687174481211161,-0.0148334649927074,0.17052300395322997
1150,57.5,3,12.644537491877275,4.68836257490202,-0.004762493221943066,0.1450407538747007
1150,57.5,4,11.173597785836499,4.624893096863481,-0.014016702313065784,0.1021091788109422
1150,57.5,5,11.298169035013084,5.455137812068245,-0.03842521907570711,0.10330382905670127
1151,57.550000000000004,0,12.80260974461348,3.778563776840293,0.0020081980849714545,0.14663885354863207
1151,57.550000000000004,1,11.742685261388234,3.89270455447596,0.004788697808058485,0.12159428168574238
1151,57.550000000000004,2,13.573652825173584,4.6957006314088225,-0.015120356003204011,0.17050225592397034
1151,57.550000000000004,3,12.644299367216178,4.6956146125957545,-0.005039968210862982,0.14503689294959213
1151,57.550000000000004,4,11.172896950720846,4.629998555804028,-0.014204371464439555,0.10206253369606764
1151,57.550000000000004,5,11.296247774059298,5.46030300352108,-0.03861455775122185,0.10322963575680773
1152,57.6,0,12.80271015451773,3.7858957195177245,0.0017886193551386817,0.14663325512476363
1152,57.6,1,11.742924696278637,3.898784268560247,0.004589062966307322,0.12156898783543199
1152,57.6,2,13.572896807373423,4.704225744205021,-0.015407250720931309,0.17048107302780452
1152,57.6,3,12.644047368805634,4.702866457243234,-0.005317530451491809,0.14503247290925453
1152,57.6,4,11.172186732147624,4.635101682488831,-0.014391926572780782,0.10201557224976628
1152,57.6,5,11.294317046171736,5.46546448530892,-0.03880376706924607,0.1031551121094798
1153,57.650000000000006,0,12.802799585485486,3.7932273822739626,0.0015691255424870028,0.14662732503813405
1153,57.650000000000006,1,11.743154149426953,3.9048627179520183,0.0043894692094621985,0.12154339048092061
1153,57.650000000000006,2,13.572126444837377,4.712749797856412,-0.015694148604166232,0.17045945485788705
1153,57.650000000000006,3,12.64378149228306,4.710118080888696,-0.00559517852206909,0.14502749387020508
1153,57.650000000000006,4,11.171467135818986,4.640202461101319,-0.014579367048263746,0.10196829428595303
1153,57.650000000000006,5,11.292376857818274,5.470622240914394,-0.03899284678254784,0.10308025811608593
1154,57.7,0,12.802878041762611,3.8005587485258694,0.001349716627798057,0.14662106358798396
1154,57.7,1,11.743373622887427,3.9109398874760646,0.0041899174075843044,0.12151748944403905
1154,57.7,2,13.571341737407169,4.721272770599306,-0.015981049104247465,0.17043740100403382
1154,57.7,3,12.643501733356956,4.717369455582206,-0.005872910981277261,0.14502195594495298
1154,57.7,4,11.170738167466572,4.645300875815617,-0.014766692294946145,0.10192069962686508
1154,57.7,5,11.290427215479147,5.475776253820198,-0.03918179663544131,0.10300507377686638
1155,57.75,0,12.802945527594002,3.8078898017052687,0.001130392582126085,0.1466144710688586
1155,57.75,1,11.743583118757806,3.9170157619482664,0.003990408426717022,0.12149128455663943
1155,57.75,2,13.570542684951956,4.729794640649508,-0.01626795166556974,0.17041491105279577
1155,57.75,3,12.643208087807892,4.724620553379454,-0.006150726368325235,0.14501585924220928
1155,57.75,4,11.169999832851826,4.65039691079696,-0.014953901710875446,0.1018727881030759
1155,57.75,5,11.288468125647375,5.480926507509042,-0.039370616363806794,0.10292955909101369
1156,57.800000000000004,0,12.803002047223108,3.8152205252587117,0.0009111533668477002,0.1466075477706023
1156,57.800000000000004,1,11.743782639179143,3.9230903261760983,0.0037909431288877552,0.12146477566053861
1156,57.800000000000004,2,13.569729287368677,4.738315386202148,-0.01655485572558202,0.17039198458751947
1156,57.800000000000004,3,12.642900551489475,4.731871346341564,-0.006428623203064395,0.14500920386709368
1156,57.800000000000004,4,11.169252137766282,4.655490550202114,-0.015140994688171053,0.10182455955351359
1156,57.800000000000004,5,11.286499594829184,5.486072985463593,-0.039559305695076624,0.10285371405677945
1157,57.85,0,12.80304760489145,3.822550902647242,0.0006919989337213734,0.14660029397835683
1157,57.85,1,11.743972186335588,3.929163564959125,0.0035915223721109547,0.12143796260745755
1157,57.85,2,13.568901544582397,4.746834985431524,-0.016841760714779486,0.17036862118841373
1157,57.85,3,12.642579120329323,4.739121806534919,-0.006706599986081509,0.145001989921327
1157,57.85,4,11.168495088031873,4.6605817781797905,-0.01532797061313632,0.10177601382546796
1157,57.85,5,11.28452162954443,5.491215671166431,-0.03974786434826115,0.10277753867155019
1158,57.900000000000006,0,12.803082204838136,3.8298809173461597,0.00047292922495060336,0.14659270997255452
1158,57.900000000000006,1,11.744151762454194,3.935235463089498,0.003392147010389117,0.12141084525895957
1158,57.900000000000006,2,13.568059456546658,4.755353416490944,-0.01712866605669887,0.1703448204326148
1158,57.900000000000006,3,12.642243790330019,4.746371906030985,-0.006984655198811203,0.14499421750343497
1158,57.900000000000006,4,11.167728689501217,4.6656705788710635,-0.015514828866352661,0.10172715077460517
1158,57.900000000000006,5,11.282534236327017,5.496354548100009,-0.039936292033951194,0.10270103293194824
1159,57.95,0,12.803105851299383,3.8372105528447875,0.0002539441732418495,0.1465847960289242
1159,57.95,1,11.744321369804714,3.941306005352446,0.0031928178937171924,0.1213834234864071
1159,57.95,2,13.567203023243824,4.763870657512575,-0.01741557116791737,0.17032058189424087
1159,57.95,3,12.641894557570078,4.753621616906157,-0.007262787303670183,0.144985886708951
1159,57.95,4,11.166952948057899,4.670756936409794,-0.015701568822769286,0.10167797026499054
1159,57.95,5,11.280537421725318,5.5014895997466065,-0.04012458845431394,0.10262419683394117
1160,58.0,0,12.803118548508046,3.8445397926462337,3.504370187754432e-05,0.1465765524184874
1160,58.0,1,11.7444810106994,3.947375176526766,0.0029935358680747205,0.12135569717088211
1160,58.0,2,13.566332244685428,4.772386686607287,-0.017702475458048136,0.1702959051444874
1160,58.0,3,12.641531418204893,4.7608709112416046,-0.007540994744147745,0.14497699763061928
1160,58.0,4,11.16616786961676,4.675840834923044,-0.015888189851824747,0.10162847216907984
1160,58.0,5,11.278531192302603,5.506620809588304,-0.04031275330313505,0.10254703037289771
1161,58.050000000000004,0,12.80312030069314,3.851868620267158,-0.0001837722752186653,0.14656797940755645
1161,58.050000000000004,1,11.744630687492805,3.9534429613853104,0.002794301775442064,0.12132766620313752
1161,58.050000000000004,2,13.565447120912525,4.780901481864511,-0.01798937832973922,0.1702707897516651
1161,58.050000000000004,3,12.641154368467687,4.768119761123136,-0.007819275944953392,0.1449675503585827
1161,58.050000000000004,4,11.165373460124169,4.680922258531497,-0.016074691317523263,0.10157865636774199
1161,58.050000000000004,5,11.276515554637447,5.511748161106949,-0.04050078626580324,0.10246953354370836
1162,58.1,0,12.803111112079378,3.859197019237536,-0.00040250385340908956,0.1465590772577363
1162,58.1,1,11.744770402581578,3.9595093446954674,0.002595116453789391,0.12129933048352796
1162,58.1,2,13.564547651996039,4.789415021352094,-0.018276279178684452,0.17024523528127902
1162,58.1,3,12.64076340467044,4.775368138641065,-0.00809762931214156,0.14495754498058608
1162,58.1,4,11.164569725558293,4.6860011913498845,-0.016261072578553876,0.10152852275026295
1162,58.1,5,11.274490515324157,5.516871637784134,-0.04068868701934052,0.1023917063408748
1163,58.150000000000006,0,12.803090986886708,3.866524973100423,-0.0006211511372715822,0.14654984622593092
1163,58.150000000000006,1,11.744900158404267,3.965574311219644,0.0023959807370927486,0.12127068992195786
1163,58.150000000000006,2,13.563633838037104,4.797927283116159,-0.01856317739361254,0.1702192412961067
1163,58.150000000000006,3,12.640358523204831,4.7826160158900946,-0.00837605323324519,0.1449469815821793
1163,58.150000000000006,4,11.163756671929365,4.691077617487398,-0.016447332988375862,0.10147807121435476
1163,58.150000000000006,5,11.272456080973189,5.521991223101177,-0.04087645523240957,0.10231354875858457
1164,58.2,0,12.803059929329844,3.8738524654117197,-0.0008397142405138127,0.1465402865643271
1164,58.2,1,11.745019957441121,3.9716378457157417,0.0021968954553200576,0.12124174443780192
1164,58.2,2,13.562705679167424,4.8064382451809635,-0.018850072356294358,0.1701928073562454
1164,58.2,3,12.63993972054317,4.789863364969204,-0.008654546077418805,0.14493586024689517
1164,58.2,4,11.162934305279945,4.696151521048116,-0.01663347189533712,0.10142730166615707
1164,58.2,5,11.270412258211568,5.527106900539106,-0.04106409056534517,0.10223506079082263
1165,58.25,0,12.803017943617819,3.881179479739936,-0.0010581932859033436,0.1465303985204179
1165,58.25,1,11.745129802213887,3.977699932937632,0.00199786143444308,0.12121249395984661
1165,58.25,2,13.56176317554961,4.814947885548776,-0.01913696344154816,0.1701659330192078
1165,58.25,3,12.6395069932393,4.797110157981549,-0.008933106195576093,0.14492418105645966
1165,58.25,4,11.162102631685178,4.701222886131424,-0.016819488642772218,0.10137621402023954
1165,58.25,5,11.268359053683302,5.5322186535786475,-0.04125159267016924,0.10215624243144011
1166,58.300000000000004,0,12.802965033953523,3.888505999665957,-0.0012765884051772064,0.1465201823369911
1166,58.300000000000004,1,11.745229695285609,3.983760557635624,0.0017988794964407168,0.12118293842623053
1166,58.300000000000004,2,13.560806327377533,4.823456182199736,-0.019423850017245763,0.1701386178399723
1166,58.300000000000004,3,12.639060337929521,4.804356367034372,-0.009211731920548442,0.14491194409097907
1166,58.300000000000004,4,11.16126165725304,4.7062916968324355,-0.017005382569094108,0.10132480819961336
1166,58.300000000000004,5,11.266296474049794,5.53732646570022,-0.04143896119059677,0.10207709367426872
1167,58.35,0,12.802901204533264,3.8958320087828064,-0.001494899738966136,0.14650963825213273
1167,58.35,1,11.745319639260432,3.9898197045569357,0.0015999504592941966,0.12115307778436815
1167,58.35,2,13.55983513487667,4.831963113091735,-0.019710731444316353,0.17011086137106193
1167,58.35,3,12.638599751333494,4.811601964238921,-0.009490421567239908,0.14489914942912985
1167,58.35,4,11.160411388124585,4.711357937242417,-0.017191153007911388,0.10127308413572662
1167,58.35,5,11.264224525990263,5.542430320383933,-0.04162619576207925,0.10199761451319964
1168,58.400000000000006,0,12.802826459546315,3.903157490695413,-0.0017131274366993785,0.14649876649923968
1168,58.400000000000006,1,11.745399636783397,3.995877358446154,0.0014010751370018102,0.12112291199088944
1168,58.400000000000006,2,13.558849598304453,4.840468656160288,-0.01999760707676082,0.17008266316262072
1168,58.400000000000006,3,12.638125230255133,4.818846921710378,-0.009769173432772678,0.14488579714835187
1168,58.400000000000006,4,11.15955183047419,4.716421591449203,-0.017376799288123176,0.10122104176846669
1168,58.400000000000006,5,11.26214321620216,5.547530201109593,-0.041813296011820156,0.10191780494226303
1169,58.45,0,12.80274080317448,3.910482429020375,-0.0019312716565159252,0.14648756730701054
1169,58.45,1,11.745469690540247,4.001933504045699,0.0012022543395666348,0.1210924410115615
1169,58.45,2,13.557849717950615,4.848972789318419,-0.020284476261649132,0.17005402276247877
1169,58.45,3,12.637636771583495,4.826091211567795,-0.010047985796659964,0.14487188732503548
1169,58.45,4,11.158682990509783,4.721482643537627,-0.017562320734031463,0.10116868104615462
1169,58.45,5,11.26005255140157,5.552626091356706,-0.0420002615588005,0.1018376649557321
1170,58.5,0,12.802644239591654,3.9178068073857255,-0.002149332565177147,0.14647604089945773
1170,58.5,1,11.745529803257226,4.007988126096277,0.0010034888730113573,0.12106166482123053
1170,58.5,2,13.556835494137532,4.857475490456543,-0.02057133833913927,0.170024939716224
1170,58.5,3,12.637134372293662,4.833334805934047,-0.010326856920977939,0.14485742003470914
1170,58.5,4,11.157804874473081,4.726541077589935,-0.017747716665437594,0.10111600192555492
1170,58.5,5,11.25795253832363,5.5577179746044925,-0.04218709201380796,0.1017571945482113
1171,58.550000000000004,0,12.802536772963395,3.9251306094306986,-0.002367310337965591,0.14646418749591514
1171,58.550000000000004,1,11.745579977700876,4.014041209337338,0.0008047795393741783,0.1210305834037424
1171,58.550000000000004,2,13.555806927220575,4.865976737442354,-0.020858192642489032,0.16999541356728637
1171,58.550000000000004,3,12.636618029447613,4.840577676935783,-0.010605785050522797,0.14484239535223087
1171,58.550000000000004,4,11.15691748863981,4.731596877686212,-0.017932986397755347,0.1010630043718585
1171,58.550000000000004,5,11.25584318372294,5.562805834331903,-0.042373786979461085,0.10167639371471257
1172,58.6,0,12.802418407446496,3.9324538188054943,-0.0025852051585939745,0.1464520073110335
1172,58.6,1,11.745620216677844,4.020092738507525,0.0006061271367131042,0.12099919675187379
1172,58.6,2,13.55476401758845,4.874476508120718,-0.021145038498062048,0.16996544385700035
1172,58.6,3,12.636087740195087,4.847819796703394,-0.010884768413000992,0.14482681335196354
1172,58.6,4,11.156020839319922,4.736650027904806,-0.018118129242110433,0.10100968835868503
1172,58.6,5,11.253724494373966,5.567889654017638,-0.042560346050250886,0.10159526245075458
1173,58.650000000000006,0,12.802289147188565,3.939776419171046,-0.0028030172190997857,0.1464395005547969
1173,58.650000000000006,1,11.74565052303468,4.026142698345119,0.00040753245911148006,0.12096750486726451
1173,58.650000000000006,2,13.553706765663547,4.882974780313568,-0.021431875225344607,0.1699350301246867
1173,58.650000000000006,3,12.635543501774437,4.855061137370992,-0.011163805219203408,0.14481067410797097
1173,58.650000000000006,4,11.155114932857817,4.74170051232274,-0.018303144505447337,0.10095605386808254
1173,58.650000000000006,5,11.251596477071454,5.572969417140176,-0.042746768812559864,0.10151380075244659
1174,58.7,0,12.80214899632761,3.947098394198786,-0.00302074671974899,0.14642666743251828
1174,58.7,1,11.745670899657636,4.032191073588482,0.00020899629667637742,0.1209355077603338
1174,58.7,2,13.55263517190228,4.8914715318198025,-0.02171870213696296,0.16990417190772208
1174,58.7,3,12.634985311513477,4.86230167107639,-0.01144289366319082,0.14479397769418392
1174,58.7,4,11.154199775632545,4.746748315016144,-0.018488031490640683,0.10090210089050472
1174,58.7,5,11.249459138630826,5.578045107177799,-0.04293305484470452,0.10143200861657577
1175,58.75,0,12.801997958991622,3.954419727570412,-0.003238393868926908,0.14641350814485704
1175,58.75,1,11.74568134947247,4.0382378489764985,1.0519435550855233e-05,0.1209032054502169
1175,58.75,2,13.55154923679543,4.899966740415189,-0.022005518538691468,0.16987286874161814
1175,58.75,3,12.634413166830317,4.8695413699611,-0.011722031922481963,0.14477672418459428
1175,58.75,4,11.153275374058014,4.751793420060669,-0.018672789496590913,0.10084782942481954
1175,58.75,5,11.24731248588859,5.583116707608627,-0.0431192037169619,0.10134988604069271
1176,58.800000000000004,0,12.801836039298175,3.961740402977655,-0.0034559588830340394,0.14640002288782028
1176,58.800000000000004,1,11.745681875444248,4.04428300924901,-0.0001878973420943598,0.1208705979646855
1176,58.800000000000004,2,13.550448960868497,4.90846038385227,-0.022292323729484455,0.1698411201601026
1176,58.800000000000004,3,12.633827065234193,4.87678020617033,-0.012001218158244809,0.14475891365342966
1176,58.800000000000004,4,11.152341734583183,4.75683581153191,-0.018857417818341857,0.10079323947828824
1176,58.800000000000004,5,11.245156525702743,5.588184201910662,-0.04330521499161654,0.10126743302319338
1177,58.85,0,12.801663241354024,3.969060404122046,-0.003673441986380253,0.1463862118527724
1177,58.85,1,11.745672480577143,4.050326539147244,-0.00038625325804906397,0.12083768534007167
1177,58.85,2,13.549334344682023,4.916952439860275,-0.022579117001476166,0.16980892569518524
1177,58.85,3,12.633227004326281,4.8840181518530015,-0.01228045051550159,0.14474054617532697
1177,58.85,4,11.151398863692267,4.761875473505825,-0.01904191574718276,0.10073833106655981
1177,58.85,5,11.242991264953162,5.593247573561821,-0.043491088222986016,0.10118464956341651
1178,58.900000000000006,0,12.801479569254706,3.9763797147146844,-0.003890843411064471,0.14637207522644383
1178,58.900000000000006,1,11.745653167914242,4.056368423414248,-0.0005845475380636621,0.12080446762119723
1178,58.900000000000006,2,13.54820538883195,4.925442886145034,-0.022865897640010707,0.16977628487724078
1178,58.900000000000006,3,12.632612981800506,4.891255179161768,-0.012559727123319644,0.14472162182551343
1178,58.900000000000006,4,11.150446767904908,4.766912390059153,-0.019226282570754157,0.10068310421366392
1178,58.900000000000006,5,11.240816710542012,5.598306806039992,-0.043676822957469295,0.10110153566171771
1179,58.95,0,12.801285027084154,3.9836983184760064,-0.004108163396872749,0.14635761319093535
1179,58.95,1,11.745623940537339,4.0624086467953076,-0.0007827794118430875,0.12077094486128438
1179,58.95,2,13.547062093949949,4.9339317003888965,-0.023152664923663177,0.16974319723508322
1179,58.95,3,12.63198499544434,4.898491260253044,-0.012839046095022113,0.14470214067997048
1179,58.95,4,11.14948545377637,4.771946545269836,-0.019410517573156243,0.10062755895198278
1179,58.95,5,11.238632869394138,5.603361882823078,-0.043862418733585616,0.10101809131955715
1180,59.0,0,12.80107961891431,3.991016199135553,-0.004325402191156853,0.1463428259237353
1180,59.0,1,11.745584801566746,4.068447194038372,-0.0009809481130467449,0.12073711712188842
1180,59.0,2,13.545904460703765,4.94241886025065,-0.023439418124256522,0.16970966229605602
1180,59.0,3,12.631343043139589,4.905726367287042,-0.0131184055283912,0.14468210281561988
1180,59.0,4,11.148514927897711,4.776977923217435,-0.0195946200350626,0.10057169532224665
1180,59.0,5,11.236439748457459,5.608412787389056,-0.04404787508201696,0.10093431653957813
1181,59.050000000000004,0,12.800863348804752,3.99833334043174,-0.00454256004871543,0.14632771359772764
1181,59.050000000000004,1,11.745535754161095,4.074484049894466,-0.0011790528792780224,0.12070298447281762
1181,59.050000000000004,2,13.544732489797552,4.950904343365453,-0.023726156506884706,0.16967567958609256
1181,59.050000000000004,3,12.63068712286317,4.912960472427823,-0.01339780350588325,0.14466150831048205
1181,59.050000000000004,4,11.147535196895959,4.782006507983548,-0.019778589233814575,0.10051551337351991
1181,59.050000000000004,5,11.234237354703358,5.613459503216035,-0.04423319152564344,0.10085021132569687
1182,59.1,0,12.800636220802316,4.005649726111626,-0.004759637231683268,0.14631227638120176
1182,59.1,1,11.74547680151713,4.080519199118108,-0.0013770929520859046,0.12066854699205154
1182,59.1,2,13.543546181972207,4.9593881273447575,-0.024012879329946325,0.16964124862980987
1182,59.1,3,12.630017232687877,4.920193547843347,-0.013677238094848169,0.14464035724385044
1182,59.1,4,11.146546267434267,4.787032283652223,-0.019962424443539007,0.10045901316317836
1182,59.1,5,11.232025695127076,5.61850201378232,-0.04441836757959923,0.10076577568318393
1183,59.150000000000006,0,12.800398238940732,4.012965339930686,-0.0049766340094001315,0.1462965144378599
1183,59.150000000000006,1,11.745407946869525,4.08655262646771,-0.00157506757696035,0.12063380476566182
1183,59.150000000000006,2,13.54234553800571,4.967870189776248,-0.02429958584515439,0.16960636895057632
1183,59.150000000000006,3,12.629333370783135,4.92742556570554,-0.013956707347745536,0.14461864969645552
1183,59.150000000000006,4,11.145548146212091,4.792055234310382,-0.020146124935254674,0.10040219475689428
1183,59.150000000000006,5,11.229804776748097,5.623540302566479,-0.04460340275131282,0.10068100961874404
1184,59.2,0,12.800149407240262,4.020280165652578,-0.005193550658291192,0.14628042792683152
1184,59.2,1,11.745329193490678,4.0925843167059925,-0.0017729760033249674,0.1205987578877282
1184,59.2,2,13.541130558713453,4.976350508223776,-0.024586275297568523,0.1695710400706013
1184,59.2,3,12.628635535415748,4.934656498190362,-0.014236209302362747,0.1445963857506267
1184,59.2,4,11.144540839965329,4.797075344048227,-0.020329689976975766,0.1003450582286111
1184,59.2,5,11.227574606610531,5.628574353047416,-0.04478829654055508,0.10059591314059234
1185,59.25,0,12.799889729707347,4.02759418704892,-0.005410387461743161,0.1462640170026865
1185,59.25,1,11.745240544690512,4.0986142546003785,-0.001970817484537544,0.1205634064602589
1185,59.25,2,13.539901244948576,4.984829060227306,-0.024872946925627356,0.1695352615110066
1185,59.25,3,12.62792372495063,4.941886317477894,-0.014515741982048686,0.1445735654904607
1185,59.25,4,11.14352435546648,4.802092596959658,-0.02051311883383089,0.10028760366052866
1185,59.25,5,11.225335191783504,5.633604148704445,-0.04497304843949547,0.10051048625854107
1186,59.300000000000004,0,12.79961921033426,4.034907387899055,-0.00562714470997716,0.14624728181545482
1186,59.300000000000004,1,11.745142003816285,4.104642424923392,-0.0021685912778728685,0.1205277505931199
1186,59.300000000000004,2,13.538657597602294,4.993305823302856,-0.02515959996117132,0.16949903279192005
1186,59.300000000000004,3,12.627197937851527,4.949114995752417,-0.014795303395942804,0.14455018900198705
1186,59.300000000000004,4,11.142498699524788,4.807106977142684,-0.020696410768147547,0.1002298311430898
1186,59.300000000000004,5,11.22308653936153,5.638629673017372,-0.04515765793273073,0.10042472898408375
1187,59.35,0,12.799337853098761,4.042219751989827,-0.0058438226999194525,0.1462302225106218
1187,59.35,1,11.745033574252393,4.1106688124530475,-0.002366296644537228,0.12049179040392906
1187,59.35,2,13.537399617604235,5.0017807749424525,-0.025446233629475328,0.16946235343253557
1187,59.35,3,12.62645817268173,4.9563425052025165,-0.01507489153920435,0.14452625637330416
1187,59.35,4,11.14146387898638,4.812118468699839,-0.0208795650395923,0.10017174077492969
1187,59.35,5,11.220828656464894,5.643650909466577,-0.04534212449736882,0.10033864133045567
1188,59.400000000000006,0,12.799045661963765,4.049531263115358,-0.0060604217350680965,0.14621283922916053
1188,59.400000000000006,1,11.744915259420166,4.116693401973244,-0.0025639328496436845,0.12045552601799263
1188,59.400000000000006,2,13.536127305922761,5.010253892614079,-0.02573284714927422,0.16942522295121692
1188,59.400000000000006,3,12.62570442810477,4.963568818021182,-0.015354504393245918,0.14450176769476328
1188,59.400000000000006,4,11.1404199007344,4.8171270557385855,-0.021062580905249734,0.10011333266287864
1188,59.400000000000006,5,11.218561550240025,5.6486678415331,-0.04552644760305037,0.10025222331273057
1189,59.45,0,12.79874264087701,4.056841905076816,-0.006276942125362635,0.14619513210753426
1189,59.45,1,11.744787062777684,4.1227161782741435,-0.0027614991622222033,0.12041895756821339
1189,59.45,2,13.534840663565298,5.01872515376164,-0.026019439732800825,0.16938764086555938
1189,59.45,3,12.624936702885108,4.97079390640592,-0.01563413992598392,0.14447672305910716
1189,59.45,4,11.139366771689138,4.822132722371729,-0.021245457619748442,0.10005460692192635
1189,59.45,5,11.216285227859872,5.653680452698736,-0.045710626712024464,0.10016547494789411
1190,59.5,0,12.798428793770743,4.064151661682192,-0.006493384187053288,0.1461771012777153
1190,59.5,1,11.744648987819573,4.128737126152554,-0.002958994855207987,0.12038208519500233
1190,59.5,2,13.533539691578659,5.0271945358049175,-0.0263060105858137,0.16934960669248525
1190,59.5,3,12.624154995888809,4.978017742558875,-0.015913796092068774,0.14445112256162224
1190,59.5,4,11.13830449880815,4.827135452717826,-0.021428194435361578,0.09999556367518803
1190,59.5,5,11.21399969652427,5.6586887264461305,-0.04589466127919783,0.10007839625490972
1191,59.550000000000004,0,12.798104124561391,4.071460516746078,-0.006709748242560975,0.14615874686720734
1191,59.550000000000004,1,11.744501038076812,4.134756230412305,-0.003156419205430965,0.12034490904620476
1191,59.550000000000004,2,13.532224391049368,5.035662016139542,-0.026592558907633186,0.16931111994832473
1191,59.550000000000004,3,12.623359306084206,4.985240298686956,-0.01619347083313458,0.14442496630030102
1191,59.550000000000004,4,11.137233089086383,4.832135230901585,-0.021610790602115407,0.0999362030538881
1191,59.550000000000004,5,11.21170496346031,5.663692646258876,-0.046078550752185976,0.09999098725480117
1192,59.6,0,12.797768637149263,4.078768454089438,-0.0069260346203380806,0.14614006899904403
1192,59.6,1,11.74434321711654,4.140773475864615,-0.0033537714936227605,0.12030742927700055
1192,59.6,2,13.530894763103987,5.044127572136958,-0.026879083891173626,0.16927218014888357
1192,59.6,3,12.62254963254255,4.992461547001971,-0.016473162078050118,0.14439825437597373
1192,59.6,4,11.136152549556277,4.8371320410542795,-0.021793245367896095,0.09987652519732114
1192,59.6,5,11.209401035922701,5.668692195621616,-0.04626229457137919,0.09990324797073415
1193,59.650000000000006,0,12.797422335418245,4.0860754575393905,-0.007142243654735971,0.14612106779182385
1193,59.650000000000006,1,11.74417552854186,4.146788847328465,-0.0035510510044001837,0.12026964604982741
1193,59.650000000000006,2,13.529550808909429,5.052591181144402,-0.02716558472298324,0.16923278680954865
1193,59.650000000000006,3,12.621725974438647,4.99968145972077,-0.016752867743163397,0.14437098689246985
1193,59.650000000000006,4,11.135062887287882,4.842125867314145,-0.021975557978560076,0.0998165302528271
1193,59.650000000000006,5,11.207087921194132,5.673687358020152,-0.04644589216999595,0.09981517842807888
1194,59.7,0,12.797065223235508,4.093381510928982,-0.007358375685864389,0.14610174335971776
1194,59.7,1,11.74399797599164,4.152802329630957,-0.0037482570262624476,0.1202315595342931
1194,59.7,2,13.52819252967328,5.061052820484879,-0.027452060583278648,0.1691929394453481
1194,59.7,3,12.62088833105149,5.006900009065393,-0.017032585732564783,0.14434316395675098
1194,59.7,4,11.133964109388954,4.847116693826787,-0.022157727678036553,0.09975621837575595
1194,59.7,5,11.204765626585631,5.6786781169415566,-0.046629342974144596,0.09972677865448916
1195,59.75,0,12.796697304451214,4.100686598096968,-0.007574431059441791,0.14608209581249235
1195,59.75,1,11.743810563140327,4.158813907607671,-0.003945388851584191,0.12019316990708671
1195,59.75,2,13.526819926644116,5.069512467457146,-0.02773851064598422,0.16915263757105675
1195,59.75,3,12.62003670176486,5.0141171672632305,-0.01731231393832689,0.14431478567906295
1195,59.75,4,11.132856223005051,4.852104504745575,-0.022339753708439828,0.09969558972943789
1195,59.75,5,11.202434159436924,5.683664455874281,-0.04681264640288969,0.09963804867997143
1196,59.800000000000004,0,12.796318582898243,4.107990702887593,-0.0077904101266619815,0.1460621252555175
1196,59.800000000000004,1,11.743613293697749,4.164823566103025,-0.004142445776612313,0.1201544773518854
1196,59.800000000000004,2,13.525433001111816,5.077970099335699,-0.02802493407876515,0.16911188070125202
1196,59.800000000000004,3,12.619171086067944,5.021332906547184,-0.017592050240783776,0.14428585217305875
1196,59.800000000000004,4,11.13173923531963,4.857089284232047,-0.022521635310173777,0.09963464448514643
1196,59.800000000000004,5,11.20009352711678,5.688646358308279,-0.04699580186831051,0.099548988536964
1197,59.85,0,12.79592906239191,4.115293809150368,-0.008006313244043373,0.14604183178979588
1197,59.85,1,11.743406171408918,4.17083128997062,-0.004339427101454139,0.12011548205927723
1197,59.85,2,13.524031754407877,5.086425693370762,-0.02831133004308151,0.16907066835042237
1197,59.85,3,12.618291483555904,5.028547199155837,-0.017871792508775686,0.1442563635559558
1197,59.85,4,11.13061315355412,4.862071016456304,-0.02270337172203375,0.09957338282206644
1197,59.85,5,11.197743737023364,5.693623807735127,-0.04717880877556098,0.09945959826039735
1198,59.900000000000006,0,12.795528746729707,4.122595900739858,-0.0082221407732831,0.14602121551197578
1198,59.900000000000006,1,11.743189200053845,4.176837064073584,-0.004536332130077353,0.12007618422666158
1198,59.900000000000006,2,13.522616187905724,5.094879226788283,-0.02859769769420966,0.1690290000330367
1198,59.900000000000006,3,12.617397893930464,5.035760017333635,-0.01815153859991523,0.14422631994865523
1198,59.900000000000006,4,11.12947798496802,4.867049685597407,-0.022884962181321754,0.0995118049272497
1198,59.900000000000006,5,11.195384796584586,5.698596787648147,-0.04736166652294413,0.09936987788776945
1199,59.95,0,12.795117639691043,4.129896961515457,-0.008437893081119502,0.14600027651437597
1199,59.95,1,11.74296238344734,4.182840873284917,-0.004733160170297246,0.12003658405816801
1199,59.95,2,13.521186303021013,5.103330676789935,-0.028884036181296445,0.16898687526363454
1199,59.95,3,12.61649031700047,5.042971333331067,-0.018431286360862217,0.14419572147588286
1199,59.95,4,11.128333736858954,4.87202527584377,-0.023066405923946372,0.099449910995583
1199,59.95,5,11.193016713258439,5.703565281542535,-0.04754437450197401,0.09927982745921038
1200,60.0,0,12.794695745036986,4.137196975341176,-0.008653570539169491,0.14597901488500045
1200,60.0,1,11.742725725438826,4.188842702487825,-0.004929910533776164,0.11999668176456385
1200,60.0,2,13.519742101211948,5.111780020553117,-0.029170344647405495,0.16894429355690016
1200,60.0,3,12.615568752682426,5.050181119404861,-0.018711033627583643,0.14416456826631802
1200,60.0,4,11.127180416562757,4.876997771393549,-0.02324770218452969,0.09938770122975614
1200,60.0,5,11.19063949453334,5.708529272915496,-0.047726932097438605,0.09918944701756384
1201,60.050000000000004,0,12.794263066510027,4.144495926085426,-0.00886917352379153,0.14595743070756553
1201,60.050000000000004,1,11.742479229912137,4.194842536576053,-0.005126582536004971,0.11995647756315962
1201,60.050000000000004,2,13.518283583979578,5.120227235230962,-0.029456622229551258,0.16890125442776208
1201,60.050000000000004,3,12.614633201001046,5.0573893478181775,-0.018990778225614426,0.14413286045271934
1201,60.050000000000004,4,11.12601803145353,4.881967156455037,-0.023428850196512946,0.09932517584020317
1201,60.050000000000004,5,11.188253147928467,5.713488745266374,-0.04790933868747813,0.09909873660842497
1202,60.1,0,12.793819607833838,4.151793797620805,-0.009084702415929855,0.14593552406151292
1202,60.1,1,11.742222900785336,4.200840360454212,-0.005323175496308128,0.11991597167772454
1202,60.1,2,13.5168107528681,5.12867229795235,-0.02974286805874562,0.16885775739146008
1202,60.1,3,12.613683662089766,5.064595990840814,-0.01927051797035102,0.14410059817205106
1202,60.1,4,11.124846588943704,4.886933415247047,-0.023609849192263492,0.09926233504507934
1202,60.1,5,11.185857680994093,5.718443682096795,-0.048091593643647734,0.09900769628023966
1203,60.150000000000006,0,12.79336537271304,4.15909057382388,-0.009300157600960935,0.1459132950220358
1203,60.150000000000006,1,11.74195674201052,4.206836159038098,-0.005519688737829196,0.11987516433839392
1203,60.150000000000006,2,13.515323609465163,5.137115185821923,-0.03002908126004881,0.16881380196363227
1203,60.150000000000006,3,12.612720136191248,5.071801020749416,-0.01955025066730745,0.14406778156560365
1203,60.150000000000006,4,11.123666096484092,4.8918965319993015,-0.023790698403176522,0.09919917907021057
1203,60.150000000000006,5,11.183453101311912,5.7233940669108065,-0.04827369633098754,0.0989163260843523
1204,60.2,0,12.792900364832992,4.166386238574982,-0.009515539468548134,0.14589074366010696
1204,60.2,1,11.74168075757363,4.212829917255018,-0.005716121587522294,0.11983405578158249
1204,60.2,2,13.513822155402162,5.145555875920104,-0.030315260952615258,0.16876938766041463
1204,60.2,3,12.611742623657882,5.0790044098276965,-0.019829974112396703,0.14403441077912732
1204,60.2,4,11.122476561563934,4.896856490952812,-0.02397139705977494,0.09913570814905255
1204,60.2,5,11.181039416495363,5.728339883215024,-0.0484556461080923,0.09882462607506638
1205,60.25,0,12.792424587859564,4.173680775757988,-0.009730848412486242,0.14586787004248794
1205,60.25,1,11.741394951494254,4.218821620044097,-0.005912473376149768,0.11979264624987943
1205,60.25,2,13.512306392354532,5.153994345303125,-0.030601406249733516,0.16872451399850277
1205,60.25,3,12.610751124952262,5.086206130366653,-0.020109686092207667,0.14400048596292853
1205,60.25,4,11.121277991710945,4.901813276360265,-0.024151944391825057,0.09907192252263834
1205,60.25,5,11.178616634189957,5.733281114518777,-0.04863744232719664,0.09873259630971128
1206,60.300000000000004,0,12.79193804543894,4.180974169260112,-0.009946084830542838,0.14584467423177233
1206,60.300000000000004,1,11.741099327825447,4.2248112523565915,-0.006108743438266655,0.119750935991978
1206,60.300000000000004,2,13.510776322042044,5.16243057100305,-0.03088751625888439,0.1686791804952523
1206,60.300000000000004,3,12.609745640647652,5.0934061546648,-0.02038938438428377,0.14396600727201303
1206,60.300000000000004,4,11.120070394491353,4.906766872486397,-0.024332339628427242,0.09900782243955118
1206,60.300000000000004,5,11.176184762073598,5.738217744334263,-0.048819084334230746,0.09864023684871678
1207,60.35,0,12.791440741197412,4.1882664029717,-0.010161249124306933,0.1458211562863788
1207,60.35,1,11.740793890653533,4.23079879915619,-0.006304931112217261,0.11970892526255601
1207,60.35,2,13.5092319462291,5.170864530027813,-0.031173590081784205,0.16863338666874855
1207,60.35,3,12.608726171428438,5.1006044550284,-0.02066906675739878,0.14393097486616738
1207,60.35,4,11.118853777509932,4.911717263608375,-0.02451258199813223,0.09894340815585333
1207,60.35,5,11.173743807856887,5.743149756176699,-0.049000571468916496,0.09854754775565339
1208,60.400000000000006,0,12.790932678741196,4.195557460786019,-0.010376341699033675,0.14579731626061168
1208,60.400000000000006,1,11.740478644097923,4.236784245419318,-0.006501035740126688,0.11966661432221044
1208,60.400000000000006,2,13.50767326672501,5.17929619936125,-0.03145962681443774,0.16858713203790546
1208,60.400000000000006,3,12.607692718090568,5.1078010037717085,-0.020948730971842154,0.14389538891010217
1208,60.400000000000006,4,11.117628148410025,4.916664434016167,-0.02469267072902998,0.09887867993505577
1208,60.400000000000006,5,11.171293779283442,5.748077133564482,-0.049181903064818455,0.0984545290973011
1209,60.45,0,12.790413861656244,4.202847326599049,-0.010591362963492522,0.14577315420466352
1209,60.45,1,11.740153592310916,4.242767576135428,-0.006697056667885087,0.11962400343735277
1209,60.45,2,13.506100285384289,5.187725555963145,-0.0317456255471944,0.16854041612253634
1209,60.45,3,12.606645281541976,5.114995773217213,-0.021228374779708126,0.14385924957353996
1209,60.45,4,11.116393514873574,4.92160836801292,-0.024872605048853986,0.09881363804806945
1209,60.45,5,11.1688346841302,5.752999860019346,-0.04936307844943383,0.09836118094371757
1210,60.5,0,12.78988429350807,4.210135984309282,-0.010806313329799791,0.1457486701646401
1210,60.5,1,11.739818739477522,4.248748776307296,-0.006892993245148942,0.11958109288011035
1210,60.5,2,13.50451300410693,5.196152576769272,-0.03203158536478178,0.16849323844344138
1210,60.5,3,12.605583862802991,5.12218873569589,-0.021507995925165262,0.14382255703132565
1210,60.5,4,11.11514988462113,4.926549049915323,-0.025052384185092366,0.09874828277314236
1210,60.5,5,11.166366530207728,5.757917919066532,-0.04954409694427619,0.09826750336827944
1211,60.550000000000004,0,12.78934397784158,4.217423417817514,-0.011021193213270289,0.1457238641825972
1211,60.550000000000004,1,11.739474089815264,4.2547278309513015,-0.00708884482532288,0.11953788292824695
1211,60.550000000000004,2,13.50291142483869,5.204577238691444,-0.03231750534638172,0.16844559852249683
1211,60.550000000000004,3,12.604508463006733,5.129379863547457,-0.02178759214475318,0.14378531146353762
1211,60.550000000000004,4,11.113897265411875,4.931486464053981,-0.02523200736507709,0.0986826143958241
1211,60.550000000000004,5,11.163889325360515,5.762831294234946,-0.049724957864939745,0.09817349644775164
1212,60.6,0,12.788792918180917,4.224709611026644,-0.011236003032251649,0.14569873629655353
1212,60.6,1,11.739119647573999,4.260704725097714,-0.0072846107655582274,0.11949437386505427
1212,60.6,2,13.50129554957137,5.212999518617568,-0.03260338456566541,0.16839749588272554
1212,60.6,3,12.603419083399494,5.136569129120634,-0.0220671611676603,0.14374751305557482
1212,60.6,4,11.112635665043621,4.936420594773772,-0.02541147381609306,0.09861663320889905
1212,60.6,5,11.161403077467268,5.767739969057334,-0.04990566052118931,0.09807916026233443
1213,60.650000000000006,0,12.788231118029305,4.231994547841472,-0.011450743207979426,0.14567328654053535
1213,60.650000000000006,1,11.738755417035721,4.2666794437909665,-0.007480290426732631,0.11945056597927911
1213,60.650000000000006,2,13.499665380343087,5.221419393411705,-0.03288922209086312,0.1683489300483917
1213,60.650000000000006,3,12.60231572534111,5.143756504773413,-0.02234670071602371,0.14370916199827177
1213,60.650000000000006,4,11.111365091352816,4.941351426434217,-0.025590782765466915,0.09855033951234998
1213,60.650000000000006,5,11.158907794441209,5.77264392707045,-0.050086204217030035,0.09798449489572976
1214,60.7,0,12.787658580868905,4.239278212168498,-0.011665414164400928,0.14564751494458683
1214,60.7,1,11.738381402514385,4.27265197208993,-0.007675883173450219,0.11940645956500981
1214,60.7,2,13.498020919238543,5.229836839914125,-0.03317501698480589,0.16829990054508112
1214,60.7,3,12.60119839030531,5.150941962873326,-0.022626208505201688,0.14367025848798795
1214,60.7,4,11.110085552214542,4.946278943409834,-0.025769933440674915,0.0984837336132911
1214,60.7,5,11.156403484230358,5.7775431518152365,-0.05026658825079648,0.09788950043518005
1215,60.75,0,12.787075310160686,4.246560587915727,-0.011880016328031161,0.14562142153480861
1215,60.75,1,11.737997608355712,4.278622295068181,-0.007871388374023108,0.11936205492159147
1215,60.75,2,13.496362168389304,5.238251834941378,-0.0334607683049936,0.16825040689978182
1215,60.75,3,12.60006707988005,5.158125475797726,-0.02290568224406954,0.1436308027266952
1215,60.75,4,11.108797055542508,4.951203130090499,-0.025948925069436267,0.09841681582591623
1215,60.75,5,11.153890154817818,5.7824376268369955,-0.050446811915230406,0.09779417697153044
1216,60.800000000000004,0,12.786481309344286,4.253841658992468,-0.01209455012778121,0.14559500633337355
1216,60.800000000000004,1,11.737604038937011,4.28459039781426,-0.008066805400470736,0.11931735235353338
1216,60.800000000000004,2,13.494689129974054,5.246664355286367,-0.03374647510363425,0.16820044864095673
1216,60.800000000000004,3,12.598921795767847,5.165307015934061,-0.023185119635314035,0.14359079492207363
1216,60.800000000000004,4,11.107499609289036,4.956123970881794,-0.026127756879816364,0.09834958647144858
1216,60.800000000000004,5,11.151367814222056,5.787327335685572,-0.050626874497568815,0.09769852459928265
1217,60.85,0,12.785876581837897,4.261121409309137,-0.012309015994805762,0.145568269358573
1217,60.85,1,11.737200698666987,4.290556265431937,-0.00826213362849916,0.11927235217041092
1217,60.85,2,13.493001806218873,5.255074377718415,-0.034032136427722674,0.16815002529864714
1217,60.85,3,12.597762539786082,5.172486555680164,-0.02346451837570977,0.14355023528760374
1217,60.85,4,11.106193221445045,4.961041450205367,-0.02630642810031548,0.09828204587807447
1217,60.85,5,11.148836470497177,5.7922122619155365,-0.05080677527961829,0.09760254341663342
1218,60.900000000000006,0,12.785261131038157,4.268399822777066,-0.012523414362341142,0.14554121062483452
1218,60.900000000000006,1,11.736787591985562,4.296519883040458,-0.008457372437499335,0.11922705468678235
1218,60.900000000000006,2,13.491300199397486,5.263481878983348,-0.03431775131908493,0.16809913640454174
1218,60.900000000000006,3,12.596589313867296,5.179664067444544,-0.02374387615642296,0.1435091240426548
1218,60.900000000000006,4,11.104877900040028,4.9659555524992705,-0.02648493795997192,0.09821419438089658
1218,60.900000000000006,5,11.146296131733196,5.797092389086369,-0.050986513537846834,0.09750623352553339
1219,60.95,0,12.784634960320039,4.275676883308307,-0.012737745665545636,0.1455138301427488
1219,60.95,1,11.736364723363687,4.302481235774796,-0.008652521210523532,0.11918146022207755
1219,60.95,2,13.489584311831532,5.271886835803575,-0.034603318814439295,0.16804778149204985
1219,60.95,3,12.595402120059475,5.186839523646677,-0.024023190663295495,0.14346746141255098
1219,60.95,4,11.10355365314203,4.9708662622183155,-0.02666328568844826,0.09814603232186822
1219,60.95,5,11.143746806056305,5.801967700762646,-0.05116608854345803,0.09740959503174025
1220,61.0,0,12.783998073036761,4.282952574815445,-0.012952010341339757,0.14548612791910878
1220,61.0,1,11.735932097303161,4.3084403087859,-0.008847579334289386,0.11913556910051964
1220,61.0,2,13.48785414589081,5.280289224878177,-0.034888837945457996,0.16799596009640178
1220,61.0,3,12.59420096052631,5.194012896717305,-0.02430245957713728,0.14342524762867556
1220,61.0,4,11.102220488857606,4.975773563834409,-0.026841470516136702,0.09807756004973514
1220,61.0,5,11.14118850162913,5.806838180514233,-0.05134549956248727,0.09731262804484674
1221,61.050000000000004,0,12.783350472519695,4.2902268812114,-0.013166208828244486,0.1454581039569393
1221,61.050000000000004,1,11.735489718336447,4.314397087240926,-0.009042546199155036,0.11908938165102602
1221,61.050000000000004,2,13.486109703993536,5.2886890228829975,-0.03517430773882947,0.16794367175471703
1221,61.050000000000004,3,12.592985837547452,5.201184159098738,-0.024581680574016326,0.14338248292853803
1221,61.050000000000004,4,11.100878415331799,4.980677441836895,-0.027019491674243327,0.09800877791997921
1221,61.050000000000004,5,11.138621226651006,5.811703811916475,-0.05152474585588003,0.09721533267834949
1222,61.1,0,12.782692162078282,4.297499786409247,-0.013380341566218886,0.1454297582555143
1222,61.1,1,11.73503759102649,4.320351556323478,-0.009237421199114842,0.1190428982071068
1222,61.1,2,13.484350988606595,5.297086206470733,-0.03545972721630993,0.16789091600608508
1222,61.1,3,12.591756753518752,5.208353283245165,-0.024860851325546718,0.14333916755584042
1222,61.1,4,11.099527440748087,4.985577880732894,-0.027197348394890575,0.0979396862947465
1222,61.1,5,11.136044989358211,5.816564578550392,-0.05170382667958762,0.0971177090496709
1223,61.150000000000006,0,12.782023144999972,4.304771274322023,-0.013594408996508954,0.14540109081041291
1223,61.150000000000006,1,11.734575719966534,4.326303701233833,-0.009432203731785882,0.11899611910679181
1223,61.150000000000006,2,13.482578002245779,5.305480752271038,-0.03574509539479934,0.16783769239165197
1223,61.150000000000006,3,12.590513710952473,5.215520241622957,-0.025139969499193345,0.1432953017605747
1223,61.150000000000006,4,11.098167573328343,4.990474865047632,-0.027375039911198728,0.09787028554280457
1223,61.150000000000006,5,11.133459798024232,5.821420464002876,-0.05188274128464129,0.09701975728022531
1224,61.2,0,12.781343424550146,4.312041328862543,-0.013808411561472857,0.1453721016135234
1224,61.2,1,11.734104109779945,4.332253507189173,-0.009626893198394984,0.11894904469250903
1224,61.2,2,13.48079074747604,5.31387263689062,-0.0360304112863866,0.1677840004546935
1224,61.2,3,12.589256712477514,5.222685006710986,-0.025419032758541456,0.14325088579907128
1224,61.2,4,11.096798821332783,4.995368379324772,-0.0275525654573824,0.09780057603945728
1224,61.2,5,11.13086566096,5.826271451866887,-0.05206148891724867,0.09692147749544282
1225,61.25,0,12.780653003972072,4.319309933943219,-0.014022349704434592,0.14534279065309952
1225,61.25,1,11.733622765120026,4.338200959423799,-0.009821489003763874,0.118901675311016
1225,61.25,2,13.47898922691172,5.322261836913355,-0.0363156738984275,0.16772983974069836
1225,61.25,3,12.587985760839587,5.2298475510009395,-0.025698038763606795,0.14320591993408066
1225,61.25,4,11.095421193059913,5.0002584081267445,-0.027729924268842018,0.09773055816650023
1225,61.25,5,11.128262586514138,5.831117525741659,-0.05224006881887978,0.09682286982482419
1226,61.300000000000004,0,12.77995188648685,4.326577073475875,-0.01423622386952066,0.14531315791377414
1226,61.300000000000004,1,11.733131690669838,4.344146043189349,-0.010015990556301313,0.11885401131328649
1226,61.300000000000004,2,13.477173443216799,5.33064832890039,-0.0366008822335982,0.16767520979744316
1226,61.300000000000004,3,12.586700858901406,5.237007846997644,-0.025976985171118582,0.14316040443482692
1226,61.300000000000004,4,11.094034696846471,5.0051449360350695,-0.027907115582254435,0.09766023231214249
1226,61.300000000000004,5,11.125650583073194,5.8359586692329,-0.05241848022635874,0.09672393440197337
1227,61.35,0,12.779240075293375,4.333842731371563,-0.014450034501494952,0.14528320337660927
1227,61.35,1,11.732630891142023,4.3500887437550135,-0.010210397267988837,0.11880605305443578
1227,61.35,2,13.47534339910512,5.339032089390262,-0.03688603528996316,0.16762011017507725
1227,61.35,3,12.58540200964285,5.244165867219385,-0.026255869634808634,0.14311433957708977
1227,61.35,4,11.092639341067358,5.010027947650677,-0.02808413863565523,0.09758959887095231
1227,61.35,5,11.123029659061876,5.840794865952999,-0.0525967223719451,0.09662467136463958
1228,61.400000000000006,0,12.7785175735683,4.341106891540393,-0.01466378204560219,0.145252927019121
1228,61.400000000000006,1,11.732120371278624,4.356029046407735,-0.010404708554363014,0.11875780089361279
1228,61.400000000000006,2,13.473499097340621,5.347413094899015,-0.03717113206104111,0.16756454042620045
1228,61.400000000000006,3,12.584089216161109,5.251321584198239,-0.02653468980569698,0.14306772564325507
1228,61.400000000000006,4,11.091235134135575,5.014907427594225,-0.028260992668529272,0.09751865824378333
1228,61.400000000000006,5,11.120399822943279,5.845626099521231,-0.052774794483428526,0.09652508085475069
1229,61.45,0,12.777784384466019,4.348369537891349,-0.014877466947415369,0.14522232881530334
1229,61.45,1,11.731600135850906,4.361966936452416,-0.010598923834506462,0.1187092551939079
1229,61.45,2,13.47164054073757,5.355791321920325,-0.0374561715358599,0.16750850010592366
1229,61.45,3,12.582762481670825,5.2584749704804015,-0.02681344333239496,0.14302056292235618
1229,61.45,4,11.08982208450215,5.019783360506414,-0.028437676921904118,0.09744741083771136
1229,61.45,5,11.117761083219108,5.850452353563968,-0.05295269578422663,0.09642516301845909
1230,61.5,0,12.777040511118647,4.355630654332114,-0.015091089652671533,0.14519140873568628
1230,61.5,1,11.73107018965918,4.367902399212111,-0.010793042531032433,0.11866041632227396
1230,61.5,2,13.469767732160776,5.364166746925621,-0.03774115269904012,0.1674519887719741
1230,61.5,3,12.581421809504205,5.265625998626519,-0.02709212786138204,0.14297285171016463
1230,61.5,4,11.088400200656054,5.0246557310483,-0.028614190638420998,0.09737585706596878
1230,61.5,5,11.115113448429897,5.855273611714891,-0.053130425493457936,0.09632491800617012
1231,61.550000000000004,0,12.776285956636015,4.362890224768899,-0.015304650607113085,0.1451601667473537
1231,61.550000000000004,1,11.730530537532628,4.373835420028225,-0.010987064070072007,0.11861128464941871
1231,61.550000000000004,2,13.467880674525823,5.37253934636422,-0.03802607453084276,0.16739500598475088
1231,61.550000000000004,3,12.580067203111136,5.2727746412120275,-0.027370741037295646,0.1429245923092178
1231,61.550000000000004,4,11.086969491124133,5.029524523901599,-0.02879053306243252,0.09730399734787332
1231,61.550000000000004,5,11.112456927155224,5.8600898576152,-0.05330798282604519,0.09622434597257475
1232,61.6,0,12.77552072410566,4.370148233106266,-0.015518150256331884,0.1451286028139748
1232,61.6,1,11.729981184329125,4.379765984260696,-0.011180987881261208,0.11856186054971452
1232,61.6,2,13.46597937079928,5.380909096663458,-0.038310936007247685,0.1673375513073999
1232,61.6,3,12.578698666059271,5.279920870827488,-0.02764928050322304,0.14287578502887255
1232,61.6,4,11.08552996447101,5.034389723768992,-0.028966703440084656,0.09723183210876317
1232,61.6,5,11.109791528013922,5.864901074913829,-0.05348536699281202,0.09612344707669611
1233,61.650000000000006,0,12.774744816592843,4.377404663246965,-0.015731589045616137,0.14509671689585898
1233,61.650000000000006,1,11.729422134935062,4.385694077288182,-0.01137481339771944,0.11851214440111554
1233,61.650000000000006,2,13.464063823998918,5.389275974228828,-0.038595736100017895,0.16727962430591162
1233,61.650000000000006,3,12.57731620203411,5.287064660078932,-0.027927743900978616,0.14282643018536714
1233,61.650000000000006,4,11.084081629299007,5.039251315374431,-0.029142701019393542,0.09715936177992088
1233,61.650000000000006,5,11.107117259664282,5.869707247267663,-0.0536625772005573,0.09602222148190159
1234,61.7,0,12.773958237140562,4.384659499091758,-0.01594496741978678,0.14506450894997086
1234,61.7,1,11.728853394265176,4.391619684508238,-0.011568540056046343,0.11846213658505524
1234,61.7,2,13.462134037193918,5.397639955444124,-0.0388804737767575,0.16722122454916363
1234,61.7,3,12.575919814839061,5.2942059815882,-0.02820612887140213,0.14277652810184951
1234,61.7,4,11.082624494248037,5.044109283463427,-0.02931852505033212,0.09708658679851385
1234,61.7,5,11.104434130804254,5.8745083583417586,-0.05383961265216137,0.0959206693559536
1235,61.75,0,12.773160988769572,4.391912724539257,-0.01615828582304753,0.14503197892997613
1235,61.75,1,11.728274967262374,4.397542791337491,-0.011762167296295437,0.11841183748635725
1235,61.75,2,13.46019001350508,5.406001016671582,-0.03916514800099095,0.16716235160902362
1235,61.75,3,12.57450950839549,5.301344807993292,-0.028484433054626935,0.142726079108434
1235,61.75,4,11.081158567995521,5.048963612803353,-0.02949417478490977,0.09701350760751119
1235,61.75,5,11.101742150171646,5.879304391809557,-0.05401647254667529,0.09581879087102116
1236,61.800000000000004,0,12.772353074478419,4.399164323485755,-0.016371544698833555,0.1449991267862854
1236,61.800000000000004,1,11.72768685889756,4.403463383211809,-0.01195569456196689,0.11836124749315181
1236,61.800000000000004,2,13.45823175610503,5.414359134252034,-0.039449757732229696,0.16710300506040365
1236,61.800000000000004,3,12.573085286742758,5.308481111948714,-0.028762654090383075,0.14267508354223485
1236,61.800000000000004,4,11.079683859256276,5.0538142881837285,-0.029669649477249548,0.0969401246556285
1236,61.800000000000004,5,11.099041326544311,5.884095331353108,-0.05419315607940818,0.09571658620372818
1237,61.85,0,12.771534497243477,4.40641427982507,-0.016584744489646492,0.14496595246607755
1237,61.85,1,11.727089074169461,4.409381445586467,-0.012149121299986163,0.11831036699677452
1237,61.85,2,13.45625926821842,5.422714284505054,-0.03973430192603688,0.1670431844813457
1237,61.85,3,12.571647154038239,5.315614866125825,-0.029040789618257633,0.1426235417474104
1237,61.85,4,11.078200376782414,5.05866129441651,-0.02984494838366879,0.09686643839724324
1237,61.85,5,11.09633166874034,5.888881160663295,-0.05436966244202517,0.09561405553516426
1238,61.900000000000006,0,12.770705260018994,4.413662577448373,-0.016797885636907043,0.14493245591334056
1238,61.900000000000006,1,11.726481618104462,4.4152969639363056,-0.012342446960695802,0.11825919639167745
1238,61.900000000000006,2,13.454272553122117,5.431066443729121,-0.04001877953409316,0.1669828894530828
1238,61.900000000000006,3,12.570195114557325,5.322746043213196,-0.029318837277987817,0.14257145407519026
1238,61.900000000000006,4,11.076708129363231,5.063504616336372,-0.030020070762760614,0.09679244929232214
1238,61.900000000000006,5,11.093613185618239,5.893661863440053,-0.05454599082264403,0.09551119905091858
1239,61.95,0,12.769865365737148,4.42090920024404,-0.017010968580806862,0.14489863706891784
1239,61.95,1,11.725864495756428,4.42120992375589,-0.012535670997834583,0.11820773607534474
1239,61.95,2,13.452271614145412,5.439415588201776,-0.04030318950427926,0.16692211956011763
1239,61.95,3,12.568729172693425,5.329874615916956,-0.029596794709743274,0.14251882088391993
1239,61.95,4,11.075207125825093,5.0683442388009885,-0.030195015875462094,0.09671815780636375
1239,61.95,5,11.090885886077107,5.898437423392599,-0.05472214040591825,0.09540801694110987
1240,62.0,0,12.769014817308108,4.428154132097486,-0.017223993760150345,0.1448644958705349
1240,62.0,1,11.725237712206535,4.427120310559657,-0.012728792868517665,0.11815598644819579
1240,62.0,2,13.450256454670198,5.447761694179781,-0.04058753078073061,0.16686087439029262
1240,62.0,3,12.567249332957937,5.337000556961152,-0.029874659554389678,0.14246564253908237
1240,62.0,4,11.07369737503132,5.073180146691307,-0.03036978298513551,0.09664356441030442
1240,62.0,5,11.088149779056812,5.903207824239654,-0.05489811037313874,0.09530450940039481
1241,62.050000000000004,0,12.7681536176201,4.435397356891013,-0.017436961612206744,0.144830032252845
1241,62.050000000000004,1,11.72460127256311,4.433028109882066,-0.012921812033229828,0.11810394791349911
1241,62.050000000000004,2,13.448227078131161,5.456104737899295,-0.04087180230391026,0.1667991535348592
1241,62.050000000000004,3,12.565755599980218,5.344123839088105,-0.030152429453780584,0.14241191941333448
1241,62.050000000000004,4,11.072178885882064,5.078012324911822,-0.030544371357638725,0.09656866958046058
1241,62.050000000000004,5,11.085404873538154,5.907973049709674,-0.05507389990232378,0.09520067662800995
1242,62.1,0,12.76728176953949,4.442638858503655,-0.017649872572560087,0.1447952461474679
1242,62.1,1,11.723955181961449,4.4389333072777415,-0.013114727955803615,0.11805162087728376
1242,62.1,2,13.446183488015965,5.464444695576038,-0.04115600301068719,0.16673695658854698
1242,62.1,3,12.56424797850753,5.3512444350587725,-0.030430102051021677,0.1423576518865289
1242,62.1,4,11.070651667314182,5.082840758390845,-0.030718780261405437,0.0964934737984488
1242,62.1,5,11.082651178543038,5.912733083541075,-0.055249508168316315,0.09509651882778093
1243,62.150000000000006,0,12.766399275910862,4.449878620811028,-0.017862727074962736,0.14476013748302458
1243,62.150000000000006,1,11.723299445563658,4.444835888321606,-0.013307540103400767,0.11799900574824969
1243,62.150000000000006,2,13.44412568786543,5.472781543405465,-0.0414401318344029,0.16667428314962981
1243,62.150000000000006,3,12.562726473404979,5.358362317653099,-0.030707674990750108,0.14230284034573848
1243,62.150000000000006,4,11.069115728301112,5.087665432080768,-0.030893008967508226,0.09641797755111264
1243,62.150000000000006,5,11.079888703134623,5.917487909482464,-0.05542493434287584,0.09499203620815291
1244,62.2,0,12.765506139557115,4.4571166276851795,-0.01807552555118174,0.1447247061851782
1244,62.2,1,11.722634068558488,4.450735838609019,-0.01350024794649871,0.11794610293767434
1244,62.2,2,13.442053681273709,5.481115257562946,-0.04172418770493422,0.16661113282000234
1244,62.2,3,12.561191089655441,5.365477459670386,-0.030985145919396617,0.14224748518528163
1244,62.2,4,11.067571077852737,5.092486330958324,-0.031067056749732307,0.09634218133044206
1244,62.2,5,11.07711745641748,5.922237511292872,-0.05560017759476778,0.09488722898219523
1245,62.25,0,12.764602363279556,4.4643528629944385,-0.018288268430860156,0.14468895217667296
1245,62.25,1,11.721959056161163,4.456633143755902,-0.013692850958871875,0.1178929128593326
1245,62.25,2,13.439967471888462,5.489445814203946,-0.04200816954877518,0.16654750520523254
1245,62.25,3,12.559641832359471,5.372589833929649,-0.03126251248546789,0.1421915868067332
1245,62.25,4,11.06601772501525,5.097303440024846,-0.031240922884649393,0.09626608563350675
1245,62.25,5,11.07433744753774,5.926981872741981,-0.05577523708986822,0.0947820973676386
1246,62.300000000000004,0,12.763687949858014,4.471587310603272,-0.018500956141366345,0.14465287537737817
1246,62.300000000000004,1,11.72127441361322,4.462527789398869,-0.01388534861757467,0.11783943592940667
1246,62.300000000000004,2,13.437867063411023,5.4977731894642075,-0.04229207628910077,0.166483399914649
1246,62.300000000000004,3,12.558078706735198,5.379699413269986,-0.03153977233979979,0.14213514561895432
1246,62.300000000000004,4,11.064455678871017,5.102116744306521,-0.031414606651681214,0.09618969096237115
1246,62.300000000000004,5,11.071548685683247,5.931720977610364,-0.05595011199125142,0.09467664158687002
1247,62.35,0,12.762762902050945,4.478819954372141,-0.018713589107652556,0.14461647570432767
1247,62.35,1,11.720580146182341,4.468419761195339,-0.014077740402923271,0.11778567256640116
1247,62.35,2,13.435752459596568,5.50609735945994,-0.042575906845845085,0.1664188165613821
1247,62.35,3,12.55650171811821,5.386806170550933,-0.031816923135841384,0.14207816203809998
1247,62.35,4,11.062884948538432,5.10692622885464,-0.03158810733316566,0.09611299782403597
1247,62.35,5,11.068751180083684,5.936454809689707,-0.05612480145927492,0.09457086186698277
1248,62.400000000000006,0,12.761827222595562,4.486050778157358,-0.018926167752108813,0.1445797530717501
1248,62.400000000000006,1,11.719876259162195,4.474309044823658,-0.01427002579847734,0.11773162319104495
1248,62.400000000000006,2,13.433623664254275,5.514418300288009,-0.04285966013576121,0.16635375476245132
1248,62.400000000000006,3,12.554910871961416,5.393910078652838,-0.03209396252989289,0.14202063648762822
1248,62.400000000000006,4,11.061305543171773,5.111731878745841,-0.0317614242144314,0.09603600673033354
1248,62.400000000000006,5,11.06594494001072,5.941183352783056,-0.056299304651698384,0.09446475843974969
1249,62.45,0,12.760880914207956,4.493279765810946,-0.019138692494425694,0.1445427073911248
1249,62.45,1,11.71916275787227,4.48019562598321,-0.014462204291022364,0.11767728822622282
1249,62.45,2,13.431480681247487,5.522735988026131,-0.04314333507250269,0.16628821413881
1249,62.45,3,12.553306173834923,5.40101111047722,-0.03237088818139367,0.1419625693983133
1249,62.45,4,11.059717471961052,5.116533679082358,-0.031934556583852185,0.09595871819787768
1249,62.45,5,11.063129974778136,5.945906590705043,-0.05647362072375138,0.09435833154167196
1250,62.5,0,12.759923979583235,4.5005069011805015,-0.019351163751450875,0.14450533857121117
1250,62.5,1,11.71843964765772,4.486079490394522,-0.01465427537055401,0.11762266809687666
1250,62.5,2,13.429323514493863,5.531050398733072,-0.04342693056669577,0.16622219431542182
1250,62.5,3,12.551687629425853,5.4081092389471355,-0.03264769775316325,0.14190396120825705
1250,62.5,4,11.05812074413186,5.121331614992251,-0.03210750373291642,0.09588113274797053
1250,62.5,5,11.060306293741949,5.950624507282127,-0.05664774882824176,0.09425158141397118
1251,62.550000000000004,0,12.758956421395663,4.507732168109062,-0.01956358193705435,0.14446764651810462
1251,62.550000000000004,1,11.717706933889191,4.491960623799366,-0.014846238530256033,0.11756776322993313
1251,62.550000000000004,2,13.427152167965527,5.539361508448843,-0.04371044552600854,0.16615569492132623
1251,62.550000000000004,3,12.550055244538195,5.4152044370075485,-0.03292438891166773,0.14184481236290158
1251,62.550000000000004,4,11.056515368945215,5.12612567162965,-0.03228026495628595,0.09580325090653635
1251,62.550000000000004,5,11.057473906300537,5.955337086352825,-0.05682168811564523,0.0941445083026107
1252,62.6,0,12.75797824229881,4.5149555504349665,-0.019775947461978357,0.14442963113525337
1252,62.6,1,11.71696462196268,4.497839011960862,-0.01503809326648194,0.1175125740542044
1252,62.6,2,13.424966645689226,5.547669293194909,-0.0439938788552169,0.16608871558967903
1252,62.6,3,12.548409025092612,5.422296677625694,-0.0332009593272685,0.1417851233150115
1252,62.6,4,11.054901355697401,5.130915834174976,-0.03245283955186338,0.0957250732040333
1252,62.6,5,11.054632821894755,5.960044311767956,-0.05699543773419994,0.09403711245830557
1253,62.650000000000006,0,12.756989444925711,4.522177031991729,-0.019988260733718743,0.14439129232352352
1253,62.650000000000006,1,11.716212717299355,4.503714640663572,-0.015229839078734738,0.11745710100031548
1253,62.650000000000006,2,13.422766951746466,5.555973728974394,-0.04427722945629058,0.1660212559578354
1253,62.650000000000006,3,12.54674897712625,5.429385933791444,-0.03347740667447703,0.1417248945246918
1253,62.650000000000006,4,11.053278713719807,5.135702087835178,-0.03262522682084448,0.09564660017538104
1253,62.650000000000006,5,11.051783050008044,5.964746167390872,-0.05716899683000478,0.09392939413652522
1254,62.7,0,12.755990031889025,4.5293965966079055,-0.020200522156375373,0.14435262998123094
1254,62.7,1,11.715451225345419,4.509587495713588,-0.015421475469654918,0.11740134450061687
1254,62.7,2,13.420553090273652,5.564274791772285,-0.04456049622844528,0.16595331566739463
1254,62.7,3,12.545075106792526,5.436472178517679,-0.03375372863220753,0.1416641264593845
1254,62.7,4,11.051647452378765,5.140484417843947,-0.032797426067785206,0.0955678323598857
1254,62.7,5,11.048924600166544,5.969442637097698,-0.0573423645471032,0.0938213535975172
1255,62.75,0,12.754980005781206,4.536614228106967,-0.020412732130526363,0.14431364400418506
1255,62.75,1,11.714680151571935,4.515457562938619,-0.015613001944989949,0.11734530498910417
1255,62.75,2,13.418325065462229,5.572572457555655,-0.0448436780682347,0.1658848943642712
1255,62.75,3,12.543387420360915,5.443555384840648,-0.03402992288401947,0.14160281959386728
1255,62.75,4,11.050007581075375,5.145262809461941,-0.03296943660065263,0.09548877030115907
1255,62.75,5,11.046057481939188,5.974133704777574,-0.057515540027586784,0.09371299110629383
1256,62.800000000000004,0,12.75395936917468,4.543829910307177,-0.020624891053096946,0.14427433428573225
1256,62.800000000000004,1,11.713899501474685,4.5213248281880745,-0.01580441801358659,0.11728898290133524
1256,62.800000000000004,2,13.416082881558816,5.580866702273869,-0.045126773869613154,0.16581599169874456
1256,62.800000000000004,3,12.541685924216715,5.450635525820341,-0.03430598711836918,0.14154097441024677
1256,62.800000000000004,4,11.048359109245343,5.150037247976999,-0.03314125773088212,0.09540941454703532
1256,62.800000000000004,5,11.043181704937808,5.978819354332889,-0.057688522411680106,0.09360430693265485
1257,62.85,0,12.752928124622025,4.551043627021463,-0.020836999317221747,0.14423470071679384
1257,62.85,1,11.713109280574006,4.527189277333141,-0.015995723187360388,0.11723237867434769
1257,62.85,2,13.413826542865335,5.589157501858806,-0.04540978252400537,0.16574660732551139
1257,62.85,3,12.539970624860796,5.457712574540854,-0.03458191902884178,0.14147859139794244
1257,62.85,4,11.0467020463588,5.154807718704351,-0.033312888773435446,0.0953297656495004
1257,62.85,5,11.040297278817224,5.9834995696795215,-0.05786131083784151,0.09349530135118776
1258,62.900000000000006,0,12.751886274656165,4.558255362057303,-0.02104905731212382,0.14419474318591533
1258,62.900000000000006,1,11.712309494414638,4.533050896266858,-0.016186916981281864,0.11717549274658297
1258,62.900000000000006,2,13.411556053739135,5.597444832225082,-0.045692702920385644,0.16567674090375503
1258,62.900000000000006,3,12.538241528909355,5.464786504110751,-0.03485771631440604,0.14141567105369804
1258,62.900000000000006,4,11.045036401920127,5.159574206986826,-0.03348432904684787,0.09524982416461186
1258,62.900000000000006,5,11.037404213275332,5.988174334747081,-0.05803390444284498,0.09338597464127206
1259,62.95,0,12.75083382179056,4.565465099216599,-0.021261065422982714,0.14415446157930487
1259,62.95,1,11.711500148565575,4.538909670904188,-0.01637799891335646,0.11711832555780058
1259,62.95,2,13.409271418593116,5.6057286692702695,-0.04597553394534449,0.16560639209719136
1259,62.95,3,12.536498643093635,5.471857287663435,-0.03513337667963595,0.1413522138815523
1259,62.95,4,11.043362185467785,5.164336698195057,-0.03365557787329252,0.0951695906524149
1259,62.95,5,11.03450251805319,5.992843633479144,-0.05820630236188607,0.09327632708707903
1260,63.0,0,12.74977076851941,4.572672822295564,-0.02147302403081021,0.1441138557808819
1260,63.0,1,11.710681248619908,4.544765587182078,-0.016568968504600573,0.11706087754900422
1260,63.0,2,13.406972641895848,5.6140089888751294,-0.04625827448316253,0.16553556057412602
1260,63.0,3,12.534741974259653,5.478924898357513,-0.035408897834954656,0.14128822039283814
1260,63.0,4,11.04167940657412,5.1690951777276775,-0.03382663457861829,0.09508906567687057
1260,63.0,5,11.031592202935094,5.997507449833498,-0.058378503728662906,0.09316635897757942
1261,63.050000000000004,0,12.74869711731787,4.579878515084608,-0.021684933512329262,0.14407292567231827
1261,63.050000000000004,1,11.709852800194678,4.550618631059528,-0.016759825279020812,0.11700314916236623
1261,63.050000000000004,2,13.40465972817169,5.622285766903836,-0.046540923415888065,0.1654642460075099
1261,63.050000000000004,3,12.532971529367906,5.485989309377155,-0.03568427749686449,0.14122369110616395
1261,63.050000000000004,4,11.039988074845189,5.173849631011521,-0.033997498492404084,0.0950082498057762
1261,63.050000000000004,5,11.028673277748661,6.002165767782377,-0.05855050767547018,0.09305607060654258
1262,63.1,0,12.747612870642252,4.587082161368223,-0.021896794239842008,0.14403167113306664
1262,63.1,1,11.709014808930727,4.5564687885176465,-0.01695056876360068,0.11694514084112895
1262,63.1,2,13.402332682000896,5.630558979204212,-0.04682347962338979,0.1653924480749792
1262,63.1,3,12.531187315493062,5.493050493932463,-0.035959513388171965,0.14115862654738523
1262,63.1,4,11.038288199920569,5.17860004350181,-0.034168168948019745,0.09492714361067582
1262,63.1,5,11.025745752364887,6.006818571312704,-0.058722313333305416,0.09294546227253692
1263,63.150000000000006,0,12.74651803093026,4.594283744924876,-0.022108606581123787,0.14399009204043314
1263,63.150000000000006,1,11.708167280492546,4.562316045559703,-0.017141198488271708,0.11688685302956087
1263,63.150000000000006,2,13.399991508019726,5.638828601607961,-0.04710594198345307,0.1653201664589224
1263,63.150000000000006,3,12.529389339823654,5.500108425259833,-0.0362346032382228,0.14109302724960515
1263,63.150000000000006,4,11.036579791473168,5.1833464006823435,-0.03433864528265056,0.09484574766679776
1263,63.150000000000006,5,11.022809636698222,6.011465844426331,-0.058893919831932366,0.09283453427892725
1264,63.2,0,12.745412600601203,4.601483249526898,-0.022320370899289694,0.14394818826959757
1264,63.2,1,11.707310220568132,4.568160388211181,-0.01733171398589614,0.11682828617285283
1264,63.2,2,13.397636210920552,5.647094609930907,-0.0473883093718387,0.16524740084652392
1264,63.2,3,12.527577609661742,5.507163076622313,-0.03650954478311228,0.1410268937531452
1264,63.2,4,11.034862859209035,5.188088688065683,-0.03450892683736261,0.09476406255296695
1264,63.2,5,11.019864940706626,6.016107571140277,-0.05906532629999644,0.09272328693387846
1265,63.25,0,12.744296582056238,4.6086806589403775,-0.022532087552690025,0.14390595969367673
1265,63.25,1,11.706443634868837,4.574001802519824,-0.01752211479224074,0.11676944071706527
1265,63.25,2,13.39526679545196,5.655356979973233,-0.04767058066236006,0.16517415092981555
1265,63.25,3,12.525752132422587,5.514214421309971,-0.03678433576591646,0.14096022660552385
1265,63.25,4,11.033137412867166,5.192826891193332,-0.034679012957132785,0.09468208885152693
1265,63.25,5,11.016911674391626,6.020743735486971,-0.059236531865096906,0.09261172055034328
1266,63.300000000000004,0,12.743169977678603,4.615875956925061,-0.02274375689478165,0.14386340618374277
1266,63.300000000000004,1,11.705567529129224,4.579840274555677,-0.017712400445964296,0.11671031710902578
1266,63.300000000000004,2,13.392883266418842,5.663615687519723,-0.047952754726945816,0.1651004164057164
1266,63.300000000000004,3,12.523912915634291,5.521262432640247,-0.037058973936899324,0.1408930263614252
1266,63.300000000000004,4,11.03140346221931,5.197560995635908,-0.03484890299091033,0.09459982714825843
1266,63.300000000000004,5,11.01394984779837,6.025374321514488,-0.05940753565389785,0.0924998354460684
1267,63.35,0,12.742032789833864,4.623069127234248,-0.02295537927402553,0.14382052760889388
1267,63.35,1,11.704681909106926,4.585675790411128,-0.017902570488586393,0.1166509157962825
1267,63.35,2,13.390485628682494,5.671870708340009,-0.04823483043571495,0.16502619697609336
1267,63.35,3,12.522059966937446,5.528307083958318,-0.0373334570537351,0.1408252935826857
1267,63.35,4,11.029661017069763,5.202290986993321,-0.035018596291639933,0.09451727803230789
1267,63.35,5,11.010979471015675,6.029999313286791,-0.05957833679219625,0.09238763194358043
1268,63.400000000000006,0,12.740885020870163,4.630260153614693,-0.023166955033768755,0.14377732383627762
1268,63.400000000000006,1,11.703786780582496,4.591508336200942,-0.018092624464471872,0.11659123722701176
1268,63.400000000000006,2,13.388073887160708,5.680122018188814,-0.04851680665704895,0.1649514923477903
1268,63.400000000000006,3,12.52019329408476,5.535348348637453,-0.03760778288171736,0.14075702883824842
1268,63.400000000000006,4,11.027910087255181,5.207016850894937,-0.03518809221631706,0.09443444209610337
1268,63.400000000000006,5,11.008000554176066,6.03461869488397,-0.059748934405027945,0.0922751103701941
1269,63.45,0,12.739726673118474,4.637449019806507,-0.02337848451213848,0.1437337947311596
1269,63.45,1,11.702882149359272,4.5973378980622925,-0.018282561920808398,0.11653128184996302
1269,63.45,2,13.385648046827855,5.688369592806203,-0.0487986822576742,0.16487630223270336
1269,63.45,3,12.518312904940673,5.542386200079365,-0.03788194919396134,0.14068823270416517
1269,63.45,4,11.026150682644365,5.211738572999742,-0.03535739012601675,0.09435131993527768
1269,63.45,5,11.005013107455815,6.03923245040248,-0.05991932761673988,0.09216227105798333
1270,63.5,0,12.738557748892868,4.644635709543064,-0.02358996804193101,0.14368994015693679
1270,63.5,1,11.701968021263232,4.6031644621547905,-0.01847238240757814,0.11647105011436845
1270,63.5,2,13.383208112714971,5.696613407917838,-0.04908045610270508,0.16480062634778062
1270,63.5,3,12.516418807480976,5.549420611714574,-0.03815595377161931,0.140618905763519
1270,63.5,4,11.024382813138065,5.216456138996506,-0.03552648938593874,0.09426791214859173
1270,63.5,5,11.002017141074978,6.043840563955379,-0.06008951555109409,0.09204911434380418
1271,63.550000000000004,0,12.73737825049077,4.651820206550911,-0.02380140595050459,0.14364575997521237
1271,63.550000000000004,1,11.701044402142854,4.608988014660509,-0.0186620854775462,0.11641054246988691
1271,63.550000000000004,2,13.380754089909836,5.704853439235228,-0.04936212705574449,0.16472446441511412
1271,63.550000000000004,3,12.514511009792395,5.55645155700275,-0.03842979440406658,0.14054904860644157
1271,63.550000000000004,4,11.022606488668767,5.221169534603935,-0.03569538936544588,0.0941842193378519
1271,63.550000000000004,5,10.999012665297423,6.048443019672569,-0.06025949733134848,0.09193564056925302
1272,63.6,0,12.736188180193246,4.6590024945496715,-0.024012798559677556,0.14360125404581864
1272,63.6,1,11.700111297868977,4.6148085417840035,-0.01885167068622613,0.11634975936652976
1272,63.6,2,13.37828598355705,5.7130896624559835,-0.049643693978930585,0.16464781616193708
1272,63.6,3,12.512589520072192,5.563479009433072,-0.03870346888911828,0.14047866183003105
1272,63.6,4,11.020821719200494,5.225878745570828,-0.03586408943808958,0.0941002421078388
1272,63.6,5,10.995999690430855,6.053039801701032,-0.060429272080339304,0.09182185008069038
1273,63.650000000000006,0,12.734987540265262,4.666182557251963,-0.024224146185624934,0.14355642222687215
1273,63.650000000000006,1,11.699168714334666,4.62062602975233,-0.019041137591867537,0.11628870125458342
1273,63.650000000000006,2,13.375803798858103,5.72132205326408,-0.04992515573301974,0.16457068132070685
1273,63.650000000000006,3,12.510654346627735,5.570502942524573,-0.03897697503320518,0.14040774603835718
1273,63.650000000000006,4,11.01902851472859,5.23058375767622,-0.036032588981661035,0.09401598106621882
1273,63.650000000000006,5,10.992978226826837,6.057630894205066,-0.06059883892058106,0.09170774322919562
1274,63.7,0,12.733776332955982,4.673360378363307,-0.024435449138776016,0.14351126437481995
1274,63.7,1,11.698216657455072,4.626440464815059,-0.019230485755424635,0.11622736858455902
1274,63.7,2,13.373307541071451,5.729550587330116,-0.050206511177449786,0.1644930596291094
1274,63.7,3,12.508705497876075,5.577523329826491,-0.039250310651581855,0.14033630184239598
1274,63.7,4,11.017226885279506,5.235284556729531,-0.036200887378207855,0.09393143682348178
1274,63.7,5,10.989948284880809,6.062216281366526,-0.060768196974337205,0.09159332037058864
1275,63.75,0,12.732554560499043,4.680535941582048,-0.02464670772371812,0.14346578034447785
1275,63.75,1,11.697255133167301,4.632251833244287,-0.019419714740545477,0.11616576180710701
1275,63.75,2,13.370797215512578,5.737775240311572,-0.050487759170416,0.16441495083012048
1275,63.75,3,12.506742982343496,5.584540144918611,-0.039523473568504566,0.14026432985999673
1275,63.75,4,11.015416840910595,5.239981128570705,-0.03636898401407681,0.09384660999284758
1275,63.75,5,10.986909875032092,6.066795947385056,-0.06093734536371717,0.0914785818653956
1276,63.800000000000004,0,12.731322225112857,4.687709230599272,-0.024857922239098162,0.1434199699890837
1276,63.800000000000004,1,11.696284147430275,4.638060121334642,-0.019608824113534196,0.11610388137296282
1276,63.800000000000004,2,13.368272827554057,5.745995987853077,-0.05076889856893674,0.16433635467204022
1276,63.800000000000004,3,12.504766808665071,5.591553361411611,-0.039796461617420245,0.14019183071585428
1276,63.800000000000004,4,11.013598391709891,5.244673459070348,-0.036536878279938165,0.09376150119020428
1276,63.800000000000004,5,10.983863007763906,6.071369876478325,-0.06110628321075161,0.0913635280788484
1277,63.85,0,12.730079329000901,4.694880229098726,-0.025069092977529732,0.1433738331603316
1277,63.85,1,11.695303706224598,4.64386531540329,-0.01979781344333668,0.11604172773287559
1277,63.85,2,13.36573438262561,5.754212805586679,-0.05104992822891636,0.16425727090851655
1277,63.85,3,12.5027769855842,5.598562952947404,-0.04006927264115087,0.14011880504144242
1277,63.85,4,11.011771547795894,5.249361534129858,-0.03670456957081742,0.0936761110340168
1277,63.85,5,10.980807693603369,6.075938052882267,-0.061275009637486146,0.09124815938086657
1278,63.900000000000006,0,12.728825874352024,4.702048920756742,-0.025280220225499157,0.14332736970843096
1278,63.900000000000006,1,11.69431381555243,4.649667401789934,-0.019986682301513698,0.1159793013375499
1278,63.900000000000006,2,13.363181886214164,5.762425669132105,-0.051330847005228296,0.16417769929860218
1278,63.900000000000006,3,12.500773521952143,5.605568893199476,-0.04034190449206755,0.1400452534749953
1278,63.900000000000006,4,11.009936319317353,5.254045339681559,-0.036872057286123715,0.09359044014526538
1278,63.900000000000006,5,10.977743943121494,6.080500460851311,-0.061443523766054,0.09113247614604265
1279,63.95,0,12.72756186334075,4.709215289242164,-0.025491304263272407,0.1432805794821325
1279,63.95,1,11.693314481437355,4.655466366856811,-0.020175430262226554,0.11591660263756286
1279,63.95,2,13.360615343863904,5.770634554097035,-0.05161165375175979,0.1640976396067746
1279,63.95,3,12.498756426727539,5.612571155873225,-0.0406143550322619,0.13997117666143882
1279,63.95,4,11.008092716453046,5.2587248616888225,-0.03703934082968195,0.09350448914734592
1279,63.95,5,10.974671766933191,6.0850570846586125,-0.0616118247187811,0.09101647875361876
1280,64.0,0,12.726287298127586,4.716379318216271,-0.02570234536480855,0.14323346232879391
1280,64.0,1,11.692305709924243,4.661262196988689,-0.02036405690219922,0.11585363208333119
1280,64.0,2,13.358034761176315,5.778839436077374,-0.05189234732149904,0.16401709160297806
1280,64.0,3,12.496725708975926,5.619569714706297,-0.040886622133730434,0.13989657525236757
1280,64.0,4,11.006240749411562,5.26340008614619,-0.037206419609749554,0.09341825866602654
1280,64.0,5,10.971591175697252,6.089607908596293,-0.06177991161823869,0.0909001675874913
1281,64.05,0,12.725002180859345,4.723540991332711,-0.025913343797674484,0.14318601809441894
1281,64.05,1,11.691287507079133,4.667054878592856,-0.02055256180070375,0.11579039012502855
1281,64.05,2,13.35544014381024,5.787040290657523,-0.05217292656660512,0.16393605506265016
1281,64.05,3,12.49468137786924,5.626564543468915,-0.04115870367852972,0.13982144990597725
1281,64.05,4,11.004380428431075,5.268070999079491,-0.03737329303903975,0.09333174932934774
1281,64.05,5,10.96850218011634,6.094152916975668,-0.061947783587341744,0.09078354303617613
1282,64.10000000000001,0,12.72370651366946,4.730700292237432,-0.026124299822956148,0.14313824662368949
1282,64.10000000000001,1,11.690259878989098,4.672844398099107,-0.02074094453953495,0.11572687721252398
1282,64.10000000000001,2,13.35283149748191,5.795237093410655,-0.05245339033845555,0.16385452976675854
1282,64.10000000000001,3,12.492623442685314,5.633555615964214,-0.041430597558945334,0.13974580128702277
1282,64.10000000000001,4,11.002511763779124,5.272737586545959,-0.03753996053475906,0.09324496176754878
1282,64.10000000000001,5,10.965404790936974,6.098692094127477,-0.06211543974943547,0.0906666054927932
1283,64.15,0,12.722400298678313,4.737857204568616,-0.02633521369517774,0.1430901477600281
1283,64.15,1,11.689222831762121,4.678630741959733,-0.020929204702984313,0.11566309379533547
1283,64.15,2,13.350208827964988,5.8034298198989935,-0.05273373748772624,0.16377251550182667
1283,64.15,3,12.490551912807367,5.640542906028565,-0.04170230167765837,0.13966963006676747
1283,64.15,4,11.000634765752386,5.277399834634336,-0.037706421518608826,0.09315789661300955
1283,64.15,5,10.962299018949503,6.103225424402117,-0.062282879228356146,0.09054935535506017
1284,64.2,0,12.721083537993554,4.745011711956618,-0.02654608566222125,0.14304172134562765
1284,64.2,1,11.688176371526971,4.6844138966495,-0.02111734187782022,0.11559904032254932
1284,64.2,2,13.347572141090602,5.8116184456740845,-0.0530139668644552,0.1636900120599696
1284,64.2,3,12.488466797723484,5.6475263875319035,-0.041973813947891105,0.13959293692292649
1284,64.2,4,10.998749444676456,5.282057729464986,-0.03787267541682788,0.09307055450014866
1284,64.2,5,10.959184874988086,6.10775289216987,-0.0624501011485381,0.09043179302525206
1285,64.25,0,12.719756233710443,4.7521637980239,-0.02675691596524733,0.14299296722151683
1285,64.25,1,11.68712050443308,4.690193848665627,-0.021305355653260673,0.11553471724279062
1285,64.25,2,13.34492144274738,5.819802946277083,-0.05329407731810943,0.16360701923892246
1285,64.25,3,12.48636810702609,5.65450603437805,-0.042245132293576376,0.13951572253962777
1285,64.25,4,10.996855810905615,5.286711257189993,-0.03803872166019176,0.09298293606537988
1285,64.25,5,10.95606236993066,6.1122744818211325,-0.06261710463506136,0.0903139189102028
1286,64.3,0,12.71841838791218,4.759313446384976,-0.02696770483861656,0.14294388522758453
1286,64.3,1,11.686055236650418,4.695970584527767,-0.021493245620950917,0.11547012500414283
1286,64.3,2,13.342256738881474,5.827983297239029,-0.05357406769764693,0.1635235368420613
1286,64.3,3,12.484255850411412,5.661481820505031,-0.042516254649498,0.1394379876073409
1286,64.3,4,10.994953874822604,5.291360403993262,-0.03820455968404276,0.09289504194701952
1286,64.3,5,10.952931514698907,6.116790177766642,-0.0627838888137539,0.09019573342127359
1287,64.35000000000001,0,12.71707000267025,4.766460640646355,-0.027178452509819075,0.14289447520263673
1287,64.35000000000001,1,11.684980574369371,4.701744090777974,-0.021681011374936596,0.11540526405409367
1287,64.35000000000001,2,13.339578035496592,5.836159474081132,-0.05385393685158218,0.16343956467843807
1287,64.35000000000001,3,12.482130037678937,5.668453719885398,-0.04278717896143686,0.13935973282282818
1287,64.35000000000001,4,10.993043646838402,5.296005156090613,-0.03837018892830783,0.09280687278521133
1287,64.35000000000001,5,10.949792320258219,6.121299964437706,-0.06295045281126048,0.09007723697432973
1288,64.4,0,12.715711080044759,4.773605364406487,-0.027389159199394504,0.14284473698443362
1288,64.4,1,11.683896523800625,4.707514353980679,-0.021868652511638654,0.11534013483949022
1288,64.4,2,13.336885338654012,5.844331452315054,-0.05413368362804943,0.163355102562796
1288,64.4,3,12.479990678730864,5.6754217065265395,-0.04305790318632107,0.13928095888908454
1288,64.4,4,10.991125137391986,5.300645499729874,-0.0385356088375077,0.09271842922186795
1288,64.4,5,10.946644797617656,6.125803826286423,-0.06311679575512065,0.08995842998972593
1289,64.45,0,12.71434162208479,4.780747601255709,-0.02759982512086971,0.14279467040974225
1289,64.45,1,11.682803091175042,4.713281360722654,-0.02205616862983398,0.11527473780647547
1289,64.45,2,13.334178654472609,5.852499207443194,-0.05441330687487021,0.16327015031560785
1289,64.45,3,12.477837783571548,5.682385754470994,-0.043328425292362256,0.1392016665152868
1289,64.45,4,10.98919835695011,5.305281421190967,-0.038700818860773194,0.09262971190058383
1289,64.45,5,10.943488957829901,6.130301747785909,-0.06328291677384007,0.08983931289227723
1290,64.5,0,12.712961630828747,4.7878873347761965,-0.027810450480685468,0.14274427531438136
1290,64.5,1,11.68170028274355,4.719045097612978,-0.022243559330629492,0.11520907340044113
1290,64.5,2,13.331457989128866,5.860662714958974,-0.05469280543961895,0.16318470776308774
1290,64.5,3,12.47567136230693,5.6893458377967585,-0.04359874325919526,0.1391218564167301
1290,64.5,4,10.987263316007072,5.309912906785996,-0.03886581845186246,0.09254072146657473
1290,64.5,5,10.940324811991209,6.134793713430523,-0.06344881499696915,0.08971988611124013
1291,64.55,0,12.711571108304714,4.795024548541916,-0.02802103547812782,0.1426935515332583
1291,64.55,1,11.68058810477702,4.724805551283,-0.02243082421743485,0.11514314206596761
1291,64.55,2,13.328723348856885,5.868821950347129,-0.05497217816966924,0.16309877473721976
1291,64.55,3,12.473491425143969,5.696301930617595,-0.04386885507800629,0.1390415293147664
1291,64.55,4,10.985320025084478,5.314539942859325,-0.03903060706916847,0.09245145856659906
1291,64.55,5,10.93715237124136,6.139279707736085,-0.06361448955517979,0.08960015008028623
1292,64.60000000000001,0,12.710170056530808,4.802159226118579,-0.02823158030527122,0.1426424989004218
1292,64.60000000000001,1,11.679466563566148,4.730562708386298,-0.022617962895938624,0.11507694424677667
1292,64.60000000000001,2,13.325974739948402,5.8769768890839895,-0.05525142391228002,0.16301235107578016
1292,64.60000000000001,3,12.47129798239007,5.703254007083333,-0.04413875875166512,0.13896068593674757
1292,64.60000000000001,4,10.98336849473102,5.319162515787655,-0.03919518417573556,0.092361923848885
1292,64.60000000000001,5,10.933971646763602,6.143759715240099,-0.06377993958033674,0.08948010523747009
1293,64.65,0,12.708758477515545,4.8092913510635995,-0.02844208514690555,0.14259111724909848
1293,64.65,1,11.67833566542135,4.736316555598637,-0.022804974974082664,0.11501048038568229
1293,64.65,2,13.323212168752788,5.885127506637779,-0.05553054151463575,0.16292543662234407
1293,64.65,3,12.469091044452487,5.710202041380171,-0.04440845229485583,0.1388793270159517
1293,64.65,4,10.981408735522232,5.323780611980099,-0.03935954923926288,0.09227211796307686
1293,64.65,5,10.930782649784586,6.148233720501973,-0.06394516420556678,0.08935975202523071
1294,64.7,0,12.7073363732582,4.816420906926054,-0.028652550180483176,0.14253940641174778
1294,64.7,1,11.677195416672646,4.742067079617921,-0.022991860062041552,0.1149437509245341
1294,64.7,2,13.320435641677056,5.893273778468896,-0.05580952982392367,0.16283803122632926
1294,64.7,3,12.466870621837744,5.717146007730968,-0.044677933734186846,0.1387974532915397
1294,64.7,4,10.979440758060269,5.328394217878253,-0.03952370173212082,0.09218204156013847
1294,64.7,5,10.927585391574308,6.152701708103234,-0.06411016256533542,0.08923909089032911
1295,64.75,0,12.705903745749175,4.823547877246641,-0.028862975576061253,0.1424873662200971
1295,64.75,1,11.676045823669543,4.747814267164148,-0.023178617772195338,0.11487675630417298
1295,64.75,2,13.31764516518586,5.901415680030213,-0.05608838768738328,0.16275013474299652
1295,64.75,3,12.464636725151035,5.7240858803955454,-0.04494720110832243,0.1387150655084718
1295,64.75,4,10.977464572973663,5.333003319956259,-0.03968764113135185,0.09209169529230334
1295,64.75,5,10.924379883446042,6.157163662647751,-0.0642749337955201,0.08911812228384121
1296,64.8,0,12.704460596970373,4.830672245557646,-0.02907336149623938,0.14243499650519467
1296,64.8,1,11.674886892780934,4.753558104979357,-0.023365247719101458,0.11480949696439052
1296,64.8,2,13.314840745801492,5.909553186767362,-0.0563671139523757,0.1626617470334724
1296,64.8,3,12.46238936509562,5.731021633670969,-0.04521625246809524,0.13863216441746082
1296,64.8,4,10.975480190917095,5.337607904720874,-0.03985136691867607,0.09200107981300597
1296,64.8,5,10.921166136756266,6.161619568761942,-0.06443947703346552,0.08899684666113658
1297,64.85000000000001,0,12.703006928895562,4.837793995382905,-0.02928370809611053,0.1423822970974449
1297,64.85000000000001,1,11.67371863039498,4.759298579827576,-0.02355174951947557,0.11474197334386554
1297,64.85000000000001,2,13.312022390103873,5.917686274119036,-0.0566457074664333,0.16257286796476306
1297,64.85000000000001,3,12.460128552472215,5.737953241891843,-0.04548508587661196,0.13854875077488638
1297,64.85000000000001,4,10.973487622571161,5.3422079587115245,-0.04001487858051034,0.09191019577680196
1297,64.85000000000001,5,10.917944162904593,6.166069411094999,-0.06460379141807854,0.0888752644818382
1298,64.9,0,12.701542743490757,4.844913110237778,-0.02949401552320213,0.1423292678266543
1298,64.9,1,11.672541042919006,4.76503567849477,-0.023738122792159744,0.11467418588012877
1298,64.9,2,13.309190104730552,5.925814917517274,-0.05692416707732538,0.16248349740977064
1298,64.9,3,12.457854298178384,5.744880679430587,-0.04575369940936658,0.13846482534274218
1298,64.9,4,10.971486878642136,5.346803468500364,-0.04017817560795135,0.09181904383930951
1298,64.9,5,10.91471397333369,6.170513174319091,-0.06476787608986947,0.08875337620979903
1299,64.95,0,12.700068042714596,4.85202957362911,-0.029704283917433426,0.14227590852208266
1299,64.95,1,11.671354136779398,4.770769387788777,-0.023924367158105975,0.11460613500951554
1299,64.95,2,13.306343896376687,5.933939092387762,-0.05720249163311586,0.1623936352473125
1299,64.95,3,12.455566613207916,5.751803920697724,-0.0460220911543425,0.1383803888885634
1299,64.95,4,10.969477969861739,5.35139442069233,-0.040341257496799954,0.09172762465713628
1299,64.95,5,10.911475579529197,6.174950843129581,-0.06493173019104281,0.08863118231307203
1300,65.0,0,12.698582828518724,4.859143369055214,-0.029914513411065748,0.14222221901248505
1300,65.0,1,11.670157918421491,4.776499694539252,-0.024110482240342273,0.1145378211671307
1300,65.0,2,13.303483771795031,5.942058774150127,-0.05748067998222289,0.16230328136213237
1300,65.0,3,12.4532655086502,5.758722940142152,-0.04629025921212264,0.13829544218536888
1300,65.0,4,10.967460906986899,5.355980801925186,-0.040504123747541455,0.09163593888782334
1300,65.0,5,10.908228993019645,6.179382402245235,-0.06509535286553804,0.0885086832638852
1301,65.05,0,12.69708710284817,4.866254480005838,-0.030124704128649902,0.14216819912614312
1301,65.05,1,11.668952394309475,4.782226585597608,-0.024296467663957506,0.11446924478678248
1301,65.05,2,13.30060973779592,5.950173938218234,-0.05775873097346466,0.1622124356449046
1301,65.05,3,12.450950995689594,5.76563771225142,-0.04655820169597271,0.13820998601157133
1301,65.05,4,10.965435700799523,5.360562598869578,-0.040666773865372485,0.0915439871897641
1301,65.05,5,10.904974225376368,6.1838078364084295,-0.0652587432591281,0.08838587953860565
1302,65.10000000000001,0,12.695580867641738,4.873362889962145,-0.030334856186989178,0.1421138486909266
1302,65.10000000000001,1,11.667737570926278,4.787950047836947,-0.02448232305606472,0.11440040630096414
1302,65.10000000000001,2,13.297721801247247,5.95828456000048,-0.05803664345613608,0.16212109799225713
1302,65.10000000000001,3,12.448623085604796,5.772548211551999,-0.04682591673194632,0.13812402115092856
1302,65.10000000000001,4,10.963402362106255,5.365139798229066,-0.04082920736017545,0.0914517702221546
1302,65.10000000000001,5,10.901711288213411,6.18822713038536,-0.06542190051945378,0.0882627716177155
1303,65.15,0,12.694064124832389,4.880468582396691,-0.030544969695094806,0.14205916753432113
1303,65.15,1,11.666513454773474,4.793670068151996,-0.024668048045784995,0.11433130614079982
1303,65.15,2,13.29481996907444,5.966390614900092,-0.05831441628004465,0.1620292683067712
1303,65.15,3,12.446281789768198,5.779454412609545,-0.04709340245897563,0.13803754839245386
1303,65.15,4,10.961360901738246,5.369712386740174,-0.04099142374653699,0.09135928864492068
1303,65.15,5,10.898440193187438,6.192640268966246,-0.06558482379610872,0.08813935998578018
1304,65.2,0,12.692536876347635,4.887571540773408,-0.030755044754141307,0.14200415548348397
1304,65.2,1,11.665280052371186,4.799386633459036,-0.024853642264220217,0.11426194473600657
1304,65.2,2,13.291904248260439,5.974492078315431,-0.058592048295578535,0.1619369464970046
1304,65.2,3,12.443927119645249,5.786356290029167,-0.04736065702894659,0.13795056853036694
1304,65.2,4,10.95931133055092,5.37428035117242,-0.04115342254373557,0.09126654311864968
1304,65.2,5,10.895160951997633,6.197047236965535,-0.06574751224069147,0.08801564513140339
1305,65.25,0,12.690999124109927,4.894671748547582,-0.03096508145743486,0.14194881236527832
1305,65.25,1,11.664037370257974,4.805099730695836,-0.025039105344424856,0.11419232251486112
1305,65.25,2,13.28897464584566,5.9825889256402816,-0.05886953835375544,0.16184413247748428
1305,65.25,3,12.441559086793802,5.793253818455685,-0.04762767860680363,0.13786308236400346
1305,65.25,4,10.957253659423733,5.378843678328352,-0.04131520327574099,0.09117353430454134
1305,65.25,5,10.8918735763856,6.201448019222105,-0.06590996500686924,0.08789162754722167
1306,65.3,0,12.689450870037055,4.9017691891658455,-0.031175079890373207,0.14189313800631972
1306,65.3,1,11.662785414990752,4.8108093468215785,-0.02522443692138533,0.1141224399041458
1306,65.3,2,13.286031168927972,5.9906811322641556,-0.05914688530628085,0.16175082616872627
1306,65.3,3,12.439177702863462,5.800146972573885,-0.04789446537060537,0.13777509069775146
1306,65.3,4,10.955187899259945,5.38340235504358,-0.04147676547120893,0.09108026286432509
1306,65.3,5,10.888578078135255,6.205842600599466,-0.06607218125044412,0.08776730772984159
1307,65.35000000000001,0,12.687892116042535,4.908863846066161,-0.03138504013041168,0.14183713223302072
1307,65.35000000000001,1,11.661524193144682,4.816515468816786,-0.025409636631990817,0.11405229732913269
1307,65.35000000000001,2,13.283073824662658,5.998768673572592,-0.05942408800559831,0.16165702749723618
1307,65.35000000000001,3,12.436782979594932,5.807035727108773,-0.0481610155116255,0.13768659434097918
1307,65.35000000000001,4,10.953114060986385,5.387956368186796,-0.04163810866348115,0.09098672946022539
1307,65.35000000000001,5,10.885274469072733,6.210230965985958,-0.0662341601294065,0.08764268617983953
1308,65.4,0,12.686322864036015,4.915955702677812,-0.031594962247031455,0.14178079487162867
1308,65.4,1,11.660253711313082,4.822218083683243,-0.025594704115011076,0.11398189521353178
1308,65.4,2,13.280102620262378,6.006851524947454,-0.05970114530493939,0.16156273639551355
1308,65.4,3,12.43437492881935,5.813920056825822,-0.04842732723441149,0.13759759410795774
1308,65.4,4,10.95103215555321,5.392505704659807,-0.04179923239057186,0.09089293475487248
1308,65.4,5,10.881962761066264,6.21461310029495,-0.06639590080400018,0.0875177634017041
1309,65.45,0,12.684743115923663,4.923044742421394,-0.03180484630170867,0.14172412574826967
1309,65.45,1,11.658973976107331,4.827917178443919,-0.025779639011071834,0.11391123397945815
1309,65.45,2,13.27711756299713,6.014929661767229,-0.05997805605838558,0.16146795280206266
1309,65.45,3,12.431953562457629,5.82079993653122,-0.048693398756858575,0.13750809081778814
1309,65.45,4,10.948942193933682,5.39705035139755,-0.041960136195166774,0.09079887941125898
1309,65.45,5,10.878642966026064,6.218988988465036,-0.06655740243677699,0.08739253990380887
1310,65.5,0,12.683152873608577,4.930130948708807,-0.03201469234788445,0.14166712468899584
1310,65.5,1,11.657684994156778,4.833612740142892,-0.02596444096262376,0.11384031404740211
1310,65.5,2,13.274118660194212,6.0230030594073325,-0.0602548191209129,0.1613726766613917
1310,65.5,3,12.429518892519786,5.827675341072109,-0.0489592283102752,0.1374180852943338
1310,65.5,4,10.946844187123924,5.401590295368114,-0.0421208196246103,0.09070456409267523
1310,65.5,5,10.875315095904226,6.223358615460226,-0.06671866419265585,0.08726701619838621
1311,65.55,0,12.681552138991183,4.937214304943256,-0.032224500430941896,0.1416097915198147
1311,65.55,1,11.656386772108647,4.839304755845262,-0.026149109613927128,0.11376913583618774
1311,65.55,2,13.271105919238167,6.031071693240402,-0.06053143334844008,0.1612769079240155
1311,65.55,3,12.427070931104272,5.834546245336826,-0.0492248141394519,0.1373275783661322
1311,65.55,4,10.944738146142694,5.406125523572747,-0.04228128223090464,0.09060998946265003
1311,65.55,5,10.871979162694593,6.2277219662701455,-0.06687968523898388,0.08714119280148448
1312,65.60000000000001,0,12.679940913969636,4.944294794519247,-0.03243427058818006,0.1415521260667511
1312,65.60000000000001,1,11.655079316627951,4.844993212637071,-0.026333644611018493,0.11369769976295462
1312,65.60000000000001,2,13.268079347570746,6.039135538636603,-0.060807897597890265,0.1611806465464628
1312,65.60000000000001,3,12.424609690397299,5.841412624255133,-0.04949015450272005,0.1372365708663412
1312,65.60000000000001,4,10.942624082031148,5.410656023045879,-0.04244152357068702,0.09051515618489872
1312,65.60000000000001,5,10.868635178432644,6.2320790259102194,-0.06704046474557662,0.08701507023294074
1313,65.65,0,12.678319200440226,4.951372400822585,-0.032644002848781176,0.14149412815585802
1313,65.65,1,11.6537626343974,4.850678097625219,-0.026518045601688016,0.11362600624309956
1313,65.65,2,13.265038952690851,6.047194570963926,-0.06108421072721728,0.1610838924912643
1313,65.65,3,12.422135182672163,5.84827445279845,-0.04975524767199601,0.13714506363262977
1313,65.65,4,10.940502005852615,5.415181780855124,-0.04260154320523488,0.09042006492324711
1313,65.65,5,10.865283155195366,6.236429779421867,-0.06720100188480051,0.08688864901633585
1314,65.7,0,12.676687000297788,4.958447107230378,-0.032853697233810604,0.14143579761329317
1314,65.7,1,11.652436732117316,4.856359397937374,-0.02670231223545357,0.11355405569027838
1314,65.7,2,13.26198474215449,6.055248765588489,-0.061360371595486844,0.1609866457269694
1314,65.7,3,12.419647420288563,5.855131705980082,-0.050020091932854525,0.1370530575071379
1314,65.7,4,10.938371928692353,5.419702784101286,-0.042761340700437224,0.09032471634159639
1314,65.7,5,10.861923105101125,6.240774211872684,-0.06736129583159255,0.08676192967896955
1315,65.75,0,12.675044315436097,4.965518897111043,-0.033063353756177735,0.14137713426533668
1315,65.75,1,11.651101616505544,4.862037100721888,-0.026886444163545176,0.113481848516355
1315,65.75,2,13.258916723574716,6.063298097874838,-0.06163637906290045,0.16088890622813648
1315,65.75,3,12.417146415691919,5.861984358855438,-0.050284685584569354,0.13696055333638563
1315,65.75,4,10.936233861657332,5.4242190199183655,-0.0429209156267982,0.0902291111038575
1315,65.75,5,10.858555040309545,6.2451123083566324,-0.06752134576354199,0.08663491275182414
1316,65.8,0,12.673391147748287,4.9725877538243095,-0.03327297242062966,0.141318137938437
1316,65.8,1,11.649757294297366,4.867711193147706,-0.027070441038860985,0.11340938513137616
1316,65.8,2,13.25583490462157,6.071342543186245,-0.06191223199085301,0.1607906739753299
1316,65.8,3,12.41463218141269,5.868832386522258,-0.05054902694015783,0.13686755197118902
1316,65.8,4,10.934087815875992,5.428730475473558,-0.0430802675594109,0.09013324987389487
1316,65.8,5,10.855178973021367,6.249444053994224,-0.06768115086092402,0.08650759876952202
1317,65.85000000000001,0,12.671727499127256,4.979653660721231,-0.03348255322373317,0.14125880845925656
1317,65.85000000000001,1,11.648403772245423,4.873381662404275,-0.027254302515963936,0.11333666594354343
1317,65.85000000000001,2,13.252739293022028,6.079382076885011,-0.06218792924197911,0.1606919489551295
1317,65.85000000000001,3,12.412104730065682,5.8756757641208175,-0.050813114326425934,0.1367740542665995
1317,65.85000000000001,4,10.931933802498023,5.433237137967253,-0.043239396077952394,0.09003713331546581
1317,65.85000000000001,5,10.85179491547832,6.2537694339327,-0.06784071030676152,0.08637998827028459
1318,65.9,0,12.67005337146607,4.986716601144194,-0.03369209615385529,0.1411991456546987
1318,65.9,1,11.647041057119624,4.8790484957014515,-0.02743802825103741,0.11326369135919193
1318,65.9,2,13.249629896559929,6.087416674332768,-0.06246346968018506,0.16059273116009912
1318,65.9,3,12.40956407434936,5.882514466834148,-0.0510769460840161,0.13668006108180228
1318,65.9,4,10.929771832694126,5.437738994633026,-0.04339830076666181,0.08994076209218445
1318,65.9,5,10.848402879962983,6.258088433346214,-0.06800002328686947,0.08625208179592539
1319,65.95,0,12.668368766658377,4.993776558426929,-0.033901601191161916,0.14113914935196673
1319,65.95,1,11.645669155707072,4.884711680269411,-0.02762161790187813,0.11319046178275802
1319,65.95,2,13.24650672307592,6.095446310890773,-0.06273885217072173,0.16049302058881962
1319,65.95,3,12.40701022704516,5.889348469888238,-0.05134052056743767,0.13658557328007223
1319,65.95,4,10.927601917655792,5.442236032737635,-0.04355698121432793,0.08984413686745163
1319,65.95,5,10.845002878798638,6.26240103743601,-0.06815908898990056,0.08612387989177378
1320,66.0,0,12.666673686598818,5.000833515894527,-0.03411106830759816,0.14107881937858646
1320,66.0,1,11.644288074811978,4.890371203358549,-0.02780507112785886,0.11311697761675145
1320,66.0,2,13.243369780467383,6.103470961920213,-0.06301407558020405,0.16039281724585694
1320,66.0,3,12.404443201016788,5.896177748552241,-0.051603836145100494,0.1364905917286686
1320,66.0,4,10.925424068595076,5.446728239581008,-0.04371543701427586,0.08974725830440777
1320,66.0,5,10.841594924349144,6.266707231430599,-0.06831790660740696,0.08599538310666795
1321,66.05,0,12.664968133183438,5.007887456863457,-0.034320497466888374,0.14101815556245909
1321,66.05,1,11.642897821255586,4.896027052239386,-0.027988387589906506,0.11304323926174216
1321,66.05,2,13.240219076688373,6.111490602782506,-0.06328913877667268,0.1602921211417649
1321,66.05,3,12.401863009209533,5.903002278138675,-0.05186689119935418,0.13639511729877293
1321,66.05,4,10.923238296744362,5.451215602496228,-0.04387366776433913,0.0896501270658885
1321,66.05,5,10.838179029018773,6.271007000585933,-0.06847647533386722,0.08586659199290603
1322,66.10000000000001,0,12.663252108310093,5.01493836464158,-0.034529888624523344,0.14095715773188758
1322,66.10000000000001,1,11.64149840187609,4.901679214202473,-0.028171566950480575,0.11296924711632272
1322,66.10000000000001,2,13.23705461974954,6.119505208839595,-0.06356404062962424,0.16019093229308282
1322,66.10000000000001,3,12.399269664649566,5.909822034003613,-0.05212968412650494,0.1362991508654023
1322,66.10000000000001,4,10.921044613356145,5.455698108849523,-0.04403167306685448,0.08955274381435725
1322,66.10000000000001,5,10.83475520525208,6.275300330185578,-0.06863479436675216,0.0857375071062042
1323,66.15,0,12.661525613878867,5.021986222528175,-0.03473924172775509,0.14089582571562717
1323,66.15,1,11.640089823528566,4.907327676558289,-0.028354608873547838,0.1128950015770976
1323,66.15,2,13.233876417718058,6.127514755454249,-0.06383878001005973,0.1600892507223198
1323,66.15,3,12.396663180443241,5.916636991546883,-0.052392213336851325,0.13620269330733953
1323,66.15,4,10.918843029702803,5.460175746040241,-0.044189452528633544,0.0894551092118755
1323,66.15,5,10.831323465533742,6.279587205540889,-0.06879286290655773,0.08560812900566954
1324,66.2,0,12.659788651792478,5.029031013813956,-0.03494855671559894,0.14083415934291757
1324,66.2,1,11.638672093084889,4.912972426637144,-0.02853751302455684,0.11282050303865393
1324,66.2,2,13.230684478717555,6.135519217990365,-0.06411335579052911,0.1599870764579525
1324,66.2,3,12.394043569776398,5.92344712621225,-0.052654477254700995,0.1361057455070501
1324,66.2,4,10.916633557076372,5.464648501500834,-0.044347005760945656,0.08935722392003718
1324,66.2,5,10.827883822388415,6.283867611991172,-0.06895068015685119,0.08547845825375934
1325,66.25,0,12.6580412239567,5.036072721781102,-0.035157833518828716,0.14077215844351984
1325,66.25,1,11.63724521743366,4.918613451789077,-0.02872027907040922,0.1127457518935439
1325,66.25,2,13.227478810928028,6.143518571813263,-0.06438776684516782,0.15988440953441008
1325,66.25,3,12.391410845913663,5.930252413487603,-0.05291647431839123,0.13600830835060035
1325,66.25,4,10.914416206788324,5.469116362696836,-0.04450433237949463,0.08925908859992769
1325,66.25,5,10.824436288380573,6.28814153490386,-0.0691082453243151,0.08534849541624055
1326,66.3,0,12.656283332280758,5.043111329703279,-0.03536707205997736,0.1407098228477626
1326,66.3,1,11.63580920348014,4.924250739383754,-0.028902906679448025,0.11267074853226508
1326,66.3,2,13.22425942258577,6.151512792289983,-0.06466201204974481,0.15978124999207896
1326,66.3,3,12.388765022197743,5.9370528289051325,-0.05317820298030404,0.13591038272759734
1326,66.3,4,10.91219099016935,5.473579317126832,-0.044661432004406226,0.0891607039120743
1326,66.3,5,10.820980876114357,6.292408959674672,-0.06926555761879248,0.08521824106214847
1327,66.35000000000001,0,12.654514978677758,5.050146820845667,-0.03557627225333607,0.14064715238657063
1327,66.35000000000001,1,11.634364058146167,4.929884276810367,-0.029085395521420965,0.11259549334323897
1327,66.35000000000001,2,13.221026321983283,6.159501854789587,-0.06493609028168794,0.15967759787727429
1327,66.35000000000001,3,12.386106112048727,5.943848348041512,-0.05343966170688185,0.13581196953109004
1327,66.35000000000001,4,10.90995791856913,5.478037352322436,-0.044818304260200253,0.0890620705164032
1327,66.35000000000001,5,10.817517598233417,6.296669871727779,-0.06942261625332666,0.08508769576375921
1328,66.4,0,12.652736165065091,5.057179178464995,-0.03578543400496323,0.14058414689150034
1328,66.4,1,11.632909788370096,4.935514051477529,-0.029267745267461134,0.11251998671279025
1328,66.4,2,13.217779517469198,6.167485734683451,-0.06521000042013413,0.15957345324222993
1328,66.4,3,12.383434128963383,5.950638946518066,-0.0537008489786382,0.13571306965748955
1328,66.4,4,10.90771700335612,5.4824904558482555,-0.044974948775763926,0.08896318907218412
1328,66.4,5,10.81404646742075,6.300924256515968,-0.06957942044419943,0.08495686009654525
1329,66.45,0,12.650946893364843,5.06420838580957,-0.035994557212686774,0.14052080619479584
1329,66.45,1,11.631446401106723,4.941140050813169,-0.029449955590061788,0.11244422902514148
1329,66.45,2,13.214519017448191,6.1754644073455625,-0.06548374134597496,0.15946881614510758
1329,66.45,3,12.380749086514452,5.957424600000941,-0.05396176329016058,0.13561368400652207
1329,66.45,4,10.905468255917333,5.486938615301865,-0.04513136518433395,0.08886406023799708
1329,66.45,5,10.81056749639854,6.305172099520795,-0.06973596941096875,0.08482573463913295
1330,66.5,0,12.649147165504209,5.07123442611931,-0.03620364176610791,0.14045713012940014
1330,66.5,1,11.62997390332722,4.946762262264426,-0.029632026163054076,0.11236822066237917
1330,66.5,2,13.211244830380894,6.183437848152818,-0.06575731194187726,0.15936368664996065
1330,66.5,3,12.378050998349945,5.964205284201267,-0.054222403150118656,0.13551381348111638
1330,66.5,4,10.903211687658116,5.491381818313765,-0.04528755312347466,0.0887646846716757
1330,66.5,5,10.807080697927992,6.309413386252752,-0.06989226237651379,0.08469431997326972
1331,66.55,0,12.647336983415903,5.07825728262578,-0.036412687546613066,0.140393118529009
1331,66.55,1,11.628492302019067,4.952380673297545,-0.02981395666158264,0.11229196200445103
1331,66.55,2,13.207956964783799,6.1914060324853155,-0.06603071109232618,0.15925806482672777
1331,66.55,3,12.375339878192438,5.970980974875323,-0.054482767081268,0.1354134589873408
1331,66.55,4,10.900947310001943,5.495820052547349,-0.04544351223505198,0.08866506303027619
1331,66.55,5,10.803586084809167,6.313648102251415,-0.07004829856707111,0.08456261668378905
1332,66.60000000000001,0,12.645516349038571,5.085276938552231,-0.03662169442738573,0.14032877122810505
1332,66.60000000000001,1,11.627001604185988,4.957995271397767,-0.02999574676208282,0.11221545342914947
1332,66.60000000000001,2,13.204655429229183,6.1993689357266515,-0.0663039376836736,0.15915195075122646
1332,66.60000000000001,3,12.372615739838375,5.9777516478246895,-0.05474285362044947,0.13531262143433148
1332,66.60000000000001,4,10.89867513439019,5.5002533056988625,-0.04559924216519875,0.08856519597002291
1332,66.60000000000001,5,10.800083669880813,6.317876233085604,-0.07020407721225895,0.08443062535855858
1333,66.65,0,12.643685264317202,5.092293377113636,-0.03683066227341188,0.14026408806198437
1333,66.65,1,11.625501816847883,4.963606044069224,-0.030177396142253673,0.11213869531208961
1333,66.65,2,13.201340232344998,6.2073265332642125,-0.06657699060415373,0.15904534450512717
1333,66.65,3,12.369878597157353,5.984517278896406,-0.05500266131858095,0.13521130173419801
1333,66.65,4,10.896395172281931,5.504681565497363,-0.045754742564305215,0.0884650841462734
1333,66.65,5,10.7965734660202,6.322097764353532,-0.07035959754513507,0.08429834658845636
1334,66.7,0,12.641843731203531,5.0993065815167355,-0.037039590941494296,0.1401990688668007
1334,66.7,1,11.62399294704077,4.969212978834829,-0.0303589044810396,0.11206168802670147
1334,66.7,2,13.19801138281479,6.215278800489469,-0.06684986874393417,0.15893824617594499
1334,66.7,3,12.367128464091424,5.991277843983116,-0.05526218874065205,0.1351095008019625
1334,66.7,4,10.894107435153716,5.509104819704677,-0.04591001308697998,0.08836472821347005
1334,66.7,5,10.793055486142944,6.326312681682955,-0.07051485880221034,0.08416578096731599
1335,66.75,0,12.639991751656456,5.106316534960076,-0.03724848028027055,0.1401337134795973
1335,66.75,1,11.622475001816719,4.974816063236164,-0.030540271458602258,0.11198443194422054
1335,66.75,2,13.194668889377594,6.223225712798266,-0.06712257099514121,0.15883065585702025
1335,66.75,3,12.364365354654392,5.998033319023214,-0.055521434465724336,0.13500721955547243
1335,66.75,4,10.891811934499367,5.513523056115351,-0.0460650533920305,0.08826412882511199
1335,66.75,5,10.789529743202833,6.330520970731321,-0.07066986022349585,0.084032929091909
1336,66.8,0,12.638129327642442,5.113323220634055,-0.03745733013022597,0.14006802173834826
1336,66.8,1,11.620947988243788,4.980415284833375,-0.030721496756298074,0.11190692743367228
1336,66.8,2,13.191312760827836,6.231167245591117,-0.06739509625189988,0.15872257364750653
1336,66.8,3,12.361589282931106,6.004783680000987,-0.055780397086904986,0.13490445891532982
1336,66.8,4,10.889508681829765,5.517936262556606,-0.04621986314242855,0.08816328663370081
1336,66.8,5,10.785996250191658,6.334722617185917,-0.07082460105252818,0.08389979156187877
1337,66.85000000000001,0,12.63625646113593,5.120326621720973,-0.037666140323711406,0.14000199348197914
1337,66.85000000000001,1,11.619411913405973,4.986010631205059,-0.030902580056659325,0.11182917486185863
1337,66.85000000000001,2,13.18794300601524,6.239103374273492,-0.0676674434103592,0.1586139996523446
1337,66.85000000000001,3,12.35880026307676,6.011528902946753,-0.05603907521135008,0.13480121980480989
1337,66.85000000000001,4,10.887197688672645,5.522344426888291,-0.04637444200529413,0.08806220229071449
1337,66.85000000000001,5,10.782455020139032,6.338917606764011,-0.0709790805364076,0.08376636897973064
1338,66.9,0,12.634373154119745,5.127326721395072,-0.03787491068495962,0.13993562855041475
1338,66.9,1,11.61786678440314,4.991602089948152,-0.031083521043364988,0.11175117459335357
1338,66.9,2,13.184559633844723,6.24703407425611,-0.06793961136873258,0.15850493398225063
1338,66.9,3,12.355998309316194,6.018268963936993,-0.05629746746023106,0.1346975031497837
1338,66.9,4,10.88487896657238,5.526747537002827,-0.046528789651847174,0.08796087644655734
1338,66.9,5,10.778906066112212,6.343105925212997,-0.07113329792582024,0.08363266195076734
1339,66.95,0,12.632479408585496,5.134323502822593,-0.038083641030108015,0.13986892678460103
1339,66.95,1,11.61631260835097,4.9971896486778205,-0.03126431940122357,0.1116729269904868
1339,66.95,2,13.181162653276285,6.254959320955223,-0.06821159902731716,0.15839537675369506
1339,66.95,3,12.353183435943182,6.025003839094483,-0.0565555724687277,0.1345933098786416
1339,66.95,4,10.882552527089787,5.5311455808251555,-0.046682905757403366,0.08785930975053008
1339,66.95,5,10.775349401215921,6.347287558310535,-0.07128725247508319,0.08349867108306507
1340,67.0,0,12.63057522653399,5.141316949161823,-0.0382923311672223,0.13980188802655663
1340,67.0,1,11.61474939238091,5.002773295027345,-0.03144497481614777,0.11159443241334879
1340,67.0,2,13.17775207332492,6.262879089792907,-0.06848340528854564,0.15828532808888893
1340,67.0,3,12.350355657319746,6.031733504588415,-0.056813388886007926,0.13448864092223106
1340,67.0,4,10.880218381801917,5.535538546312682,-0.04683679000132173,0.08775750285079999
1340,67.0,5,10.771785038592167,6.351462491864688,-0.0714409434421505,0.0833643969874322
1341,67.05,0,12.62866060997563,5.14830704356315,-0.03850098089631303,0.13973451211938673
1341,67.05,1,11.613177143640103,5.008353016648012,-0.03162548697512705,0.1115156912197638
1341,67.05,2,13.174327903060492,6.270793356197352,-0.06875502905699103,0.15817478811575472
1341,67.05,3,12.347514987875446,6.038457936634527,-0.05707091537518884,0.13438349721375603
1341,67.05,4,10.877876542301852,5.539926421455222,-0.0469904420669895,0.08765545639434513
1341,67.05,5,10.768212991420059,6.35563071171406,-0.07159437008866586,0.08322984027735895
1342,67.10000000000001,0,12.626735560930813,5.15529376916912,-0.03870959000936297,0.13966679890732317
1342,67.10000000000001,1,11.611595869291346,5.013928801209,-0.03180585556621488,0.11143670376529685
1342,67.10000000000001,2,13.170890151607642,6.27870209560314,-0.06902646923941543,0.15806375696791014
1342,67.10000000000001,3,12.344661442106686,6.045177111495215,-0.05732815061333089,0.13427787968872157
1342,67.10000000000001,4,10.875527020198502,5.544309194274939,-0.04714386164178699,0.087553171026943
1342,67.10000000000001,5,10.764633272915626,6.3597922037279275,-0.0717475316799758,0.08309500156900192
1343,67.15,0,12.624800081430346,5.162277109114486,-0.03891815829035304,0.13959874823575916
1343,67.15,1,11.610005576513036,5.019500636397265,-0.031986080278500494,0.11135747040323972
1343,67.15,2,13.167438828145672,6.286605283451535,-0.06929772474478876,0.15795223478465042
1343,67.15,3,12.34179503457602,6.051891005479651,-0.0575850932913911,0.13417178928484785
1343,67.15,4,10.873169827116413,5.548686852826287,-0.047297048417054045,0.08745064739311238
1343,67.15,5,10.761045896331627,6.363946953806377,-0.071900427485158,0.08295988148111542
1344,67.2,0,12.622854173515828,5.1692570465262735,-0.0391266855152846,0.13953035995127802
1344,67.2,1,11.60840627249911,5.0250685099174275,-0.032166160802085036,0.11127799148461197
1344,67.2,2,13.163973941908433,6.294502895190767,-0.0695687944843164,0.15784022171091747
1344,67.2,3,12.33891577991145,6.058599594943893,-0.05784174211420652,0.13406522694199932
1344,67.2,4,10.870804974695561,5.553059385195943,-0.047450002088064006,0.08734788613610488
1344,67.2,5,10.75745087495737,6.368094947880433,-0.07205305677705108,0.08282448063504043
1345,67.25,0,12.620897839240063,5.176233564523837,-0.03933517145221892,0.13946163390169386
1345,67.25,1,11.606797964459005,5.030632409491658,-0.03234609682806538,0.11119826735815588
1345,67.25,2,13.160495502184217,6.302394906276313,-0.06983967737147893,0.15772771789729423
1345,67.25,3,12.336023692805739,6.065302856290994,-0.05809809580045518,0.13395819360211839
1345,67.25,4,10.868432474591158,5.557426779502748,-0.047602722353982725,0.0872448878978552
1345,67.25,5,10.753848222118517,6.372236171912185,-0.0722054188322697,0.08268879965464171
1346,67.3,0,12.618931080667453,5.183206646218922,-0.03954361586128923,0.139392569936065
1346,67.3,1,11.605180659617602,5.0361923228595655,-0.03252588804850705,0.11111829837031852
1346,67.3,2,13.157003518315642,6.310281292171178,-0.07011037232203911,0.15761472349996467
1346,67.3,3,12.333118788015716,6.0720007659711,-0.05835415308261516,0.1338506902091301
1346,67.3,4,10.866052338473459,5.561789023897641,-0.04775520891785027,0.08714165331894888
1346,67.3,5,10.750237951176903,6.376370611894917,-0.07235751293124237,0.08255283916628385
1347,67.35000000000001,0,12.616953899874389,5.190176274715725,-0.039752018494746265,0.13932316790474253
1347,67.35000000000001,1,11.603554365215176,5.041748237778082,-0.032705534156425534,0.11103808486526924
1347,67.35000000000001,2,13.15349799969954,6.318162028346176,-0.07038087825408759,0.15750123868069582
1347,67.35000000000001,3,12.330201080361585,6.078693300481556,-0.05860991270694171,0.13374271770888993
1347,67.35000000000001,4,10.863664578027567,5.566146106563589,-0.0479074614865377,0.08703818303860943
1347,67.35000000000001,5,10.746620075530341,6.380498253853231,-0.07250933835822486,0.08241659979879233
1348,67.4,0,12.614966298949652,5.197142433110962,-0.03996037909697769,0.13925342765938847
1348,67.4,1,11.601919088507355,5.047300142021346,-0.03288503484576027,0.11095762718487576
1348,67.4,2,13.149978955786837,6.326037090280211,-0.07065119408805014,0.1573872636068181
1348,67.4,3,12.327270584726238,6.085380436367001,-0.05886537343340788,0.1336342770490941
1348,67.4,4,10.86126920495324,5.570498015715519,-0.04805947977071356,0.08693447769464077
1348,67.4,5,10.74299460861243,6.3846190838431705,-0.07266089440132216,0.08228008218340138
1349,67.45,0,12.612968279994803,5.204105104493931,-0.04016869740455436,0.13918334905301943
1349,67.45,1,11.600274836765067,5.05284802338059,-0.03306438981136073,0.11087692566872621
1349,67.45,2,13.146446396082435,6.3339064534605525,-0.07092131874672979,0.1572727984512035
1349,67.45,3,12.324327316054568,6.092062150219456,-0.059120534035687,0.1335253691792267
1349,67.45,4,10.858866230964704,5.574844739600251,-0.0482112634848179,0.08683053792342643
1349,67.45,5,10.739361563892363,6.388733087952341,-0.07281218035251058,0.08214328695373319
1350,67.5,0,12.610959845124576,5.211064271946582,-0.040376973146248836,0.13911293194002047
1350,67.5,1,11.5986216172745,5.058391869664026,-0.03324359874895964,0.11079598065410234
1350,67.5,2,13.1429003301451,6.341770093383112,-0.07119125115531405,0.15715784339222674
1350,67.5,3,12.321371289352783,6.098738418678417,-0.059375393301087404,0.13341599505045934
1350,67.5,4,10.856455667790463,5.579186266496422,-0.048362812347024844,0.08672636435987983
1350,67.5,5,10.735720954874736,6.392840252300028,-0.07296319550766586,0.0820062147457491
1351,67.55,0,12.608940996467263,5.218019918543583,-0.04058520604308088,0.13904217617618672
1351,67.55,1,11.596959437337052,5.063931668696732,-0.03342266135515014,0.11071479247599363
1351,67.55,2,13.139340767587335,6.349627985552724,-0.07146099024141114,0.15704239861375704
1351,67.55,3,12.318402519687728,6.10540921843094,-0.05962995003051446,0.1333061556156065
1351,67.55,4,10.854037527173112,5.583522584714416,-0.04851412607920803,0.08662195763742377
1351,67.55,5,10.732072795099352,6.396940563037315,-0.07311393916657064,0.08186886619770535
1352,67.60000000000001,0,12.60691173616511,5.2249720273523925,-0.04079339580835263,0.13897108161875196
1352,67.60000000000001,1,11.595288304269294,5.0694674083205316,-0.033601577327369236,0.11063336146709805
1352,67.60000000000001,2,13.135767718075265,6.357480105483412,-0.07173053493506704,0.15692646430512058
1352,67.60000000000001,3,12.315421022186202,6.11207452621172,-0.05988420303842922,0.13319585182903712
1352,67.60000000000001,4,10.851611820869152,5.587853682596287,-0.04866520440690501,0.08651731838796851
1352,67.60000000000001,5,10.728417098141025,6.4010340063472,-0.07326441063293966,0.0817312419501318
1353,67.65,0,12.604872066374693,5.2319205814333305,-0.04100154214767874,0.13889964812640193
1353,67.65,1,11.593608225402926,5.074999076393887,-0.03378034636387764,0.11055168795780855
1353,67.65,2,13.132181191328511,6.365326428698668,-0.07199988416878518,0.15681004066108128
1353,67.65,3,12.31242681203428,6.118734318803172,-0.06013815115278664,0.1330850846466051
1353,67.65,4,10.849178560648808,5.592179548515685,-0.04881604705928676,0.08641244724187067
1353,67.65,5,10.724753877609377,6.405120568444707,-0.07341460921443718,0.08159334264577148
1354,67.7,0,12.602821989267309,5.23886556383965,-0.04120964475903436,0.13882787555933174
1354,67.7,1,11.591919208084732,5.080526660791778,-0.03395896816373432,0.11046977227623746
1354,67.7,2,13.128581197120072,6.373166930731722,-0.07226903687755842,0.1566931278818122
1354,67.7,3,12.309419904476641,6.125388573035503,-0.06039179321499728,0.1329738550255937
1354,67.7,4,10.846737758295843,5.596500170877778,-0.048966653769116776,0.08630734482793018
1354,67.7,5,10.721083147148654,6.4092002355769955,-0.0735645342226896,0.0814551689295621
1355,67.75,0,12.600761507029357,5.245806957617617,-0.0414177033327851,0.13875576377924273
1355,67.75,1,11.590221259676545,5.086050149405589,-0.034137442426778075,0.11038761474819286
1355,67.75,2,13.124967745276194,6.381001587125813,-0.07253799199887619,0.15657572617286464
1355,67.75,3,12.30640031481589,6.132037265786782,-0.060645128079859834,0.1328621639246203
1355,67.75,4,10.844289425607387,5.600815538119175,-0.049117024272725754,0.08620201177334338
1355,67.75,5,10.71740492043752,6.413272994023473,-0.0737141849733119,0.08131672144859002
1356,67.8,0,12.598690621862719,5.252744745806579,-0.041625717551733686,0.1386833126493895
1356,67.8,1,11.588514387555206,5.091569530142999,-0.03431576885361309,0.11030521569719963
1356,67.8,2,13.12134084567625,6.388830373434456,-0.07280674847274957,0.1564578357451449
1356,67.8,3,12.303368058411898,6.138680373983013,-0.06089815461552241,0.13275001230358618
1356,67.8,4,10.841833574393752,5.605125638707842,-0.04926715830996523,0.086096448703693
1356,67.8,5,10.713719211188854,6.417338830095903,-0.07386356078591186,0.08117800085205043
1357,67.85000000000001,0,12.596609335985132,5.259678911439049,-0.041833687091154884,0.13861052203460356
1357,67.85000000000001,1,11.586798599112525,5.097084790927859,-0.0344939471455772,0.1102225754444916
1357,67.85000000000001,2,13.117700508252613,6.396653265221714,-0.07307530524173655,0.15633945681489192
1357,67.85000000000001,3,12.300323150681121,6.1453178745981925,-0.061150871703404025,0.13263740112360822
1357,67.85000000000001,4,10.839370216478253,5.609430461143027,-0.04941705562417747,0.08599065624291986
1357,67.85000000000001,5,10.710026033149559,6.421397730138506,-0.07401266098410875,0.08103900779120828
1358,67.9,0,12.594517651630575,5.266609437540779,-0.04204161161884715,0.13853739180131713
1358,67.9,1,11.585073901755246,5.102595919700083,-0.0346719770047314,0.11013969430902201
1358,67.9,2,13.114046742990526,6.4044702380624585,-0.07334366125095386,0.15622058960363455
1358,67.9,3,12.297265607095952,6.151949744654373,-0.06140327823815855,0.13252433134693267
1358,67.9,4,10.836899363697045,5.613729993955173,-0.04956671596216013,0.08588463501329921
1358,67.9,5,10.706325400100352,6.425449680528066,-0.07416148489554887,0.08089974291936862
1359,67.95,0,12.592415571049633,5.273536307130844,-0.042249490795166336,0.13846392181759057
1359,67.95,1,11.58334030290501,5.108102904415534,-0.034849858133835926,0.11005657260746361
1359,67.95,2,13.110379559927978,6.412281267542641,-0.07361181544809642,0.15610123433817835
1359,67.95,3,12.294195443184044,6.15857596122172,-0.06165537312759887,0.13241080393688695
1359,67.95,4,10.834421027898937,5.618024225705837,-0.049716139074127606,0.08577838563542212
1359,67.95,5,10.702617325855575,6.429494667674034,-0.07431003185191719,0.0807602068918308
1360,68.0,0,12.590303096509874,5.280459503221723,-0.042457324273070376,0.13839011195313708
1360,68.0,1,11.581597809998318,5.113605733045907,-0.035027590236334165,0.10997321065421128
1360,68.0,2,13.106698969155573,6.42008632925955,-0.073879766783458,0.15598139125056432
1360,68.0,3,12.291112674527664,6.165196501418564,-0.061907155292638016,0.1322968198578001
1360,68.0,4,10.831935220945232,5.622313144987609,-0.04986532471367827,0.08567190872817149
1360,68.0,5,10.698901824262979,6.433532678018626,-0.0744583011889499,0.08062040036585516
