success,completion_time,min_obs_distance,min_agent_distance,collisions,control_cost,control_smoothness,input_saturation_ratio,max_angle_gap_deg,radius_variance,mean_radius,current_center_error,predicted_center_error,path_length,stall_steps,convoy_ratio,inside_any,inside_final,gmax_success,radius_success,sigma_success,no_collision,obs_collision,agent_collision,dwell_success,dwell_geom_success,dwell_success_no_collision,radius_error_final,success_geom_final,success_no_collision,gmax_reach_time,time_to_inside,time_to_gmax,time_to_radius,time_to_full_geom,success_hold_time,post_success_violation_count,last_10s_gmax_mean,last_10s_radius_error_mean,last_10s_inside_rate,scene,method,seed,speed_scale,t_pred
False,14.15,-0.2684343668508783,0.4212017535836944,True,87.74243919452432,0.21991256839774656,0.19091354396277246,259.4701930094298,0.2540280135464927,1.9505866647754717,1.6634326111047364,1.6728206202334903,109.92017517048556,86,1.0,False,False,False,False,True,False,True,True,True,True,False,1.0494133352245283,False,False,68.0,68.0,68.0,13.25,68.0,53.900000000000006,0,260.197107024364,1.0448008702787652,0.0,e1_tracking_single_obstacle,M7,10,0.5,0.3
False,14.05,-0.26681278435836187,0.42037281526005343,True,87.24030654954026,0.21981697489902904,0.18956649522409993,258.80626529555684,0.25663210489645,1.9864943589670103,1.7120953117984958,1.7228882254507258,109.27345405716,15,1.0,False,False,False,False,True,False,True,True,True,True,False,1.0135056410329897,False,False,68.0,68.0,68.0,13.200000000000001,68.0,54.0,0,259.1618281798109,1.009299612635427,0.0,e1_tracking_single_obstacle,M7,11,0.5,0.3
False,14.100000000000001,-0.27660886937832985,0.42414388369968087,True,87.1815694820997,0.17093578019354858,0.19226059270144502,258.3189374835344,0.25539147418920166,1.9808945674871812,1.7046221128343007,1.714156311833352,109.13948762292762,135,1.0,False,False,False,False,True,False,True,True,True,True,False,1.0191054325128188,False,False,68.0,68.0,68.0,13.25,68.0,53.95,0,258.73930681999553,1.0149613895171377,0.0,e1_tracking_single_obstacle,M7,12,0.5,0.3
False,14.100000000000001,-0.26718564804745837,0.42225997272866933,True,86.82807687850567,0.16991311480634877,0.1914033798677443,259.78786852699795,0.25468384998223853,1.9525926987285185,1.6662840073931653,1.6760680269573576,109.21787112970635,42,1.0,False,False,False,False,True,False,True,True,True,True,False,1.0474073012714815,False,False,68.0,68.0,68.0,13.200000000000001,68.0,53.95,0,260.51765389476697,1.042739271870176,0.0,e1_tracking_single_obstacle,M7,13,0.5,0.3
False,14.15,-0.4418498400425953,0.42994923258720075,True,87.26218437417664,0.4309082862996821,0.1920156747489591,258.9494130726987,0.25698232398427817,1.9881056561634265,1.7142421161878107,1.7253963737100695,109.74751643188829,0,1.0,False,False,False,False,True,False,True,True,True,True,False,1.0118943438365735,False,False,68.0,68.0,68.0,13.25,68.0,53.900000000000006,0,259.298169391745,1.007643091905947,0.0,e1_tracking_single_obstacle,M7,14,0.5,0.3
False,14.15,-0.2596564546882848,0.42164187807912606,True,87.61054620099438,0.176023417883981,0.19275042860641686,258.57021140611073,0.25604783486730626,1.9838413662649177,1.7085548598464184,1.7187535356466626,109.71147004783776,78,1.0,False,False,False,False,True,False,True,True,True,True,False,1.0161586337350823,False,False,68.0,68.0,68.0,13.3,68.0,53.900000000000006,0,258.9433184324534,1.012014257039706,0.0,e1_tracking_single_obstacle,M7,15,0.5,0.3
False,14.100000000000001,-0.28142254323770155,0.4212396810728381,True,87.23943274578014,0.17794094874210056,0.19152583884398727,259.0371419304993,0.2572069137512704,1.989151259946478,1.715630814451516,1.7270207616278705,109.93499462288003,0,1.0,False,False,False,False,True,False,True,True,True,True,False,1.010848740053522,False,False,68.0,68.0,68.0,13.25,68.0,53.95,0,259.37821460341087,1.0065727251694525,0.0,e1_tracking_single_obstacle,M7,16,0.5,0.3
False,14.200000000000001,-0.3333787256774907,0.41783532517032107,True,87.9007649456136,0.18999900705998035,0.19189321577271615,258.4590200276979,0.2557625467739228,1.9825590969239208,1.7068430108496992,1.7167537355851132,109.81095719070582,105,1.0,False,False,False,False,True,False,True,True,True,True,False,1.0174409030760792,False,False,68.0,68.0,68.0,13.3,68.0,53.85,0,258.8475928237347,1.0133114383793287,0.0,e1_tracking_single_obstacle,M7,17,0.5,0.3
False,14.15,-0.24506471538583552,0.4238243471255283,True,87.18196956028248,0.18826632693697382,0.19177075679647318,260.03098522897807,0.2551852071634025,1.9541352727157049,1.6684727473803236,1.6785622820146395,109.50924360558255,9,1.0,False,False,False,False,True,False,True,True,True,True,False,1.0458647272842951,False,False,68.0,68.0,68.0,13.25,68.0,53.900000000000006,0,260.76382916705865,1.0411496644081075,0.0,e1_tracking_single_obstacle,M7,18,0.5,0.3
False,14.100000000000001,-0.24936494754786243,0.42080048230647144,True,87.62193295769886,0.23555118216485288,0.19005633112907175,258.98488617946657,0.2571119065303133,1.98871947646568,1.7150480378359192,1.726343795756206,109.96945661366152,0,1.0,False,False,False,False,True,False,True,True,True,True,False,1.01128052353432,False,False,68.0,68.0,68.0,13.25,68.0,53.95,0,259.31413175726,1.0070391905415916,0.0,e1_tracking_single_obstacle,M7,19,0.5,0.3
False,14.100000000000001,-0.23304883123543652,0.4233766515545735,True,87.8203416393786,0.18055425401416442,0.19091354396277246,258.39210399612466,0.2555981183266994,1.9818257894372444,1.7058613853217446,1.7156082856173622,109.97466074161451,121,1.0,False,False,False,False,True,False,True,True,True,True,False,1.0181742105627556,False,False,68.0,68.0,68.0,13.25,68.0,53.95,0,258.7868895824362,1.0140572081650636,0.0,e1_tracking_single_obstacle,M7,20,0.5,0.3
False,14.200000000000001,-0.21003817506853573,0.42294309022962745,True,87.45995668928146,0.16605803662415733,0.1928728875826598,258.9172276351138,0.2569070672799485,1.9877591148993246,1.7137797815602172,1.7248566004879051,109.82330800746074,0,1.0,False,False,False,False,True,False,True,True,True,True,False,1.0122408851006754,False,False,68.0,68.0,68.0,13.3,68.0,53.85,0,259.26583526062865,1.0080021799137506,0.0,e1_tracking_single_obstacle,M7,21,0.5,0.3
False,14.200000000000001,-0.2877124384784735,0.43203001248757283,True,87.21429130383446,0.16621029793806585,0.19275042860641686,258.8998641134195,0.2568617979513492,1.9875492743471252,1.7135010555551287,1.72453050411612,109.67051083310835,0,1.0,False,False,False,False,True,False,True,True,True,True,False,1.0124507256528748,False,False,68.0,68.0,68.0,13.25,68.0,53.85,0,259.2505778335924,1.0082155887088202,0.0,e1_tracking_single_obstacle,M7,22,0.5,0.3
False,14.100000000000001,-0.3266509344042361,0.4240293939063538,True,87.21837270368735,0.1962479447855794,0.19066862601028656,259.0084466452254,0.2572620583996014,1.9894424079233184,1.7159866713108252,1.7274513259139603,109.49067768379513,0,1.0,False,False,False,False,True,False,True,True,True,True,False,1.0105575920766816,False,False,68.0,68.0,68.0,13.200000000000001,68.0,53.95,0,259.30194638657645,1.0063449202752421,0.0,e1_tracking_single_obstacle,M7,23,0.5,0.3
False,14.100000000000001,-0.2581063535103433,0.42488551024208127,True,87.47732092242912,0.18558207737608579,0.19103600293901543,258.7812349703032,0.2565786349249471,1.9862518168586094,1.7117698929503806,1.7225092205227066,109.72387664013158,22,1.0,False,False,False,False,True,False,True,True,True,True,False,1.0137481831413906,False,False,68.0,68.0,68.0,13.25,68.0,53.95,0,259.13453953702094,1.0095545147592602,0.0,e1_tracking_single_obstacle,M7,24,0.5,0.3
False,14.100000000000001,-0.26044008016937437,0.4243449809565412,True,87.49320620819131,0.18152263029615812,0.19030124908155768,258.61657021344047,0.25616559126405153,1.984373188879176,1.709264560876518,1.7195825577596797,109.67834934050018,66,1.0,False,False,False,False,True,False,True,True,True,True,False,1.015626811120824,False,False,68.0,68.0,68.0,13.200000000000001,68.0,53.95,0,258.98436840494793,1.0114736022365813,0.0,e1_tracking_single_obstacle,M7,25,0.5,0.3
False,14.100000000000001,-0.277697932962122,0.41848496837078036,True,87.4643423636802,0.21680119856305657,0.19066862601028656,258.2161394951749,0.25517106253935906,1.9799345286064336,1.7033255616426803,1.7126506934298225,109.44036121700097,162,1.0,False,False,False,False,True,False,True,True,True,True,False,1.0200654713935664,False,False,68.0,68.0,68.0,13.25,68.0,53.95,0,258.6268829816577,1.015976544411542,0.0,e1_tracking_single_obstacle,M7,26,0.5,0.3
False,14.100000000000001,-0.27745912410139606,0.42215211285144066,True,87.32677902395261,0.19713349269049477,0.19042370805780065,259.00976923066895,0.25713549781244055,1.988817642519533,1.7151881972711012,1.726502830346828,109.79507976379955,0,1.0,False,False,False,False,True,False,True,True,True,True,False,1.011182357480467,False,False,68.0,68.0,68.0,13.200000000000001,68.0,53.95,0,259.35367603983474,1.0069138955078512,0.0,e1_tracking_single_obstacle,M7,27,0.5,0.3
False,14.100000000000001,-0.23576497355946635,0.42141542922546166,True,87.53289502620832,0.20883988010812818,0.1905461670340436,258.9245815707857,0.2569223021443017,1.9878284921370761,1.713872898406422,1.7249650139926649,109.83179362278072,0,1.0,False,False,False,False,True,False,True,True,True,True,False,1.0121715078629239,False,False,68.0,68.0,68.0,13.25,68.0,53.95,0,259.27411622738435,1.0079286810551458,0.0,e1_tracking_single_obstacle,M7,28,0.5,0.3
False,14.100000000000001,-0.21499176383740648,0.4224736597923822,True,87.66566072051705,0.22697787074351003,0.19017879010531472,258.961653253783,0.25704084732459415,1.9883853649980825,1.7146070854705517,1.725826648039883,109.99739528127435,0,1.0,False,False,False,False,True,False,True,True,True,True,False,1.0116146350019175,False,False,68.0,68.0,68.0,13.25,68.0,53.95,0,259.2976540291638,1.0073742826140528,0.0,e1_tracking_single_obstacle,M7,29,0.5,0.3
False,14.15,-0.24154088359446657,0.4246275843324462,True,87.52436766670968,0.16464530155765827,0.19177075679647318,260.21199926399953,0.25555815000251125,1.9552884126322398,1.670106638494155,1.6804251925339253,110.01671561087763,0,1.0,False,False,False,False,True,False,True,True,True,True,False,1.0447115873677602,False,False,68.0,68.0,68.0,13.25,68.0,53.900000000000006,0,260.94737584187504,1.039959791757036,0.0,e1_tracking_single_obstacle,M7,30,0.5,0.3
False,14.05,-0.2818216521228356,0.41981253319330575,True,87.25081532573951,0.21934874137429103,0.189321577271614,258.93495816062455,0.2569481897385023,1.9879481846300617,1.7140321519730783,1.7251511687228722,109.58859056487961,0,1.0,False,False,False,False,True,False,True,True,True,True,False,1.0120518153699383,False,False,68.0,68.0,68.0,13.200000000000001,68.0,54.0,0,259.28382487688236,1.0078058349980688,0.0,e1_tracking_single_obstacle,M7,31,0.5,0.3
False,14.200000000000001,-0.20859533680211484,0.41971216710475817,True,87.20100703827796,0.15081677443642347,0.1926279696301739,258.04396852412964,0.2547951118822263,1.9782979541011692,1.7011159582640987,1.710083411662355,109.0030970418249,206,1.0,False,False,False,False,True,False,True,True,True,True,False,1.0217020458988308,False,False,68.0,68.0,68.0,13.25,68.0,53.85,0,258.44498576474456,1.0176892219896814,0.0,e1_tracking_single_obstacle,M7,32,0.5,0.3
False,14.15,-0.21682326625401238,0.4226841257793432,True,87.59347508621619,0.2091733904209314,0.19091354396277246,258.4894371361012,0.2558548223977186,1.9829759725878358,1.7073962773595202,1.7174021951879466,109.41883324655623,99,1.0,False,False,False,False,True,False,True,True,True,True,False,1.0170240274121642,False,False,68.0,68.0,68.0,13.25,68.0,53.900000000000006,0,258.8660248378011,1.01290310741414,0.0,e1_tracking_single_obstacle,M7,33,0.5,0.3
False,14.05,-0.25180848692560054,0.42582568768031154,True,87.2341884870107,0.1904118285370104,0.1899338721528288,258.79331517215763,0.25659631775351766,1.98632950214226,1.7118765294140526,1.7226321027661866,109.12639759951581,19,1.0,False,False,False,False,True,False,True,True,True,True,False,1.01367049785774,False,False,68.0,68.0,68.0,13.200000000000001,68.0,54.0,0,259.1514779805237,1.0094657397628983,0.0,e1_tracking_single_obstacle,M7,34,0.5,0.3
False,14.15,-0.2677882150896669,0.42262226500439776,True,87.51851760163683,0.20036025641429628,0.19152583884398727,258.53558516629886,0.2559442660251349,1.9833710453402347,1.70793086192105,1.718022255942507,109.5174458760152,86,1.0,False,False,False,False,True,False,True,True,True,True,False,1.0166289546597653,False,False,68.0,68.0,68.0,13.25,68.0,53.900000000000006,0,258.9211311483679,1.0124774610557201,0.0,e1_tracking_single_obstacle,M7,35,0.5,0.3
False,14.200000000000001,-0.2207552077343986,0.42531065671289436,True,87.27231418005984,0.17340190433787367,0.19250551065393093,258.9503066787135,0.2569865181914031,1.9881254998242979,1.71426804314043,1.7254269072694597,109.79768631869167,0,1.0,False,False,False,False,True,False,True,True,True,True,False,1.0118745001757021,False,False,68.0,68.0,68.0,13.25,68.0,53.85,0,259.29821692316546,1.007623657097066,0.0,e1_tracking_single_obstacle,M7,36,0.5,0.3
False,14.25,-0.25690071380126,0.42719715833644195,True,87.33046877737412,0.15681419926088716,0.19397501836884642,258.1482657142425,0.254984319538409,1.979096858719729,1.7022088112226659,1.711342154783616,109.31198207278861,172,1.0,False,False,False,False,True,False,True,True,True,True,False,1.020903141280271,False,False,68.0,68.0,68.0,13.3,68.0,53.800000000000004,0,258.5837934909374,1.016778001243215,0.0,e1_tracking_single_obstacle,M7,37,0.5,0.3
False,14.15,-0.22337248048558433,0.42245654609862393,True,87.02925057490692,0.16978443020216213,0.19152583884398727,258.3291454459811,0.2554510190319102,1.981174348834356,1.704986777194828,1.7145892290100753,108.7183915790422,137,1.0,False,False,False,False,True,False,True,True,True,True,False,1.018825651165644,False,False,68.0,68.0,68.0,13.25,68.0,53.900000000000006,0,258.72572174161155,1.0147269263139744,0.0,e1_tracking_single_obstacle,M7,38,0.5,0.3
False,14.15,-0.21013183343110986,0.4212873445853325,True,87.43673846326834,0.17875038737070933,0.1928728875826598,258.659412383595,0.25626465414042854,1.9848197071692002,1.7098625364310043,1.7202797625640722,109.27356166201227,54,1.0,False,False,False,False,True,False,True,True,True,True,False,1.0151802928307998,False,False,68.0,68.0,68.0,13.25,68.0,53.900000000000006,0,259.02730187621125,1.0110113560515637,0.0,e1_tracking_single_obstacle,M7,39,0.5,0.3
False,14.15,-0.26740641969631196,0.42127538490454164,True,87.78888367983721,0.21927234849368538,0.19091354396277246,255.52660662965295,0.24545374380712656,1.9287550114343643,1.6312336843516464,1.6458016462026024,110.07974303734208,84,1.0,False,False,False,False,True,False,True,True,True,True,False,1.0712449885656357,False,False,68.0,68.0,68.0,13.25,68.0,53.900000000000006,0,256.4571982369721,1.0653265357395922,0.0,e1_tracking_single_obstacle,M7,10,0.5,0.7
False,14.05,-0.2657609946261915,0.4204485978848609,True,87.25997271333557,0.2191068894794396,0.18981141317658584,256.5233735883197,0.25280986099385794,1.9695297970353831,1.688876304359425,1.7074638245919327,109.2160655422638,64,1.0,False,False,False,False,True,False,True,True,True,True,False,1.0304702029646169,False,False,68.0,68.0,68.0,13.200000000000001,68.0,54.0,0,257.01384609119106,1.0252726361210842,0.0,e1_tracking_single_obstacle,M7,11,0.5,0.7
False,14.100000000000001,-0.2755362068918433,0.4242206459166326,True,87.22051311132486,0.17076681183122366,0.19226059270144502,255.93156780843478,0.2514145712494978,1.9633104269788593,1.6804998937043336,1.6954346620159333,109.26333739668654,158,1.0,False,False,False,False,True,False,True,True,True,True,False,1.0366895730211407,False,False,68.0,68.0,68.0,13.25,68.0,53.95,0,256.48923068986676,1.031453826415816,0.0,e1_tracking_single_obstacle,M7,12,0.5,0.7
False,14.100000000000001,-0.26622285770169873,0.4223399606924288,True,86.8676545208057,0.1694892421467606,0.19152583884398727,255.86828421302963,0.24616265893297673,1.9309159554565725,1.6343426844648794,1.6500321099250994,109.34669431998623,47,1.0,False,False,False,False,True,False,True,True,True,True,False,1.0690840445434275,False,False,68.0,68.0,68.0,13.200000000000001,68.0,53.95,0,256.7974582303593,1.0631484465320142,0.0,e1_tracking_single_obstacle,M7,13,0.5,0.7
False,14.15,-0.44393385966650695,0.4298849929674215,True,87.28279272725443,0.4383217892929764,0.19213813372520205,256.70690296883583,0.25321616872554875,1.9714071774706212,1.691397925243776,1.7110924700903398,109.69563557863049,27,1.0,False,False,False,False,True,False,True,True,True,True,False,1.0285928225293788,False,False,68.0,68.0,68.0,13.25,68.0,53.900000000000006,0,257.18841657200113,1.023384638217294,0.0,e1_tracking_single_obstacle,M7,14,0.5,0.7
False,14.15,-0.25854615024084915,0.4217148360303053,True,87.63865507263768,0.17553301381894548,0.19275042860641686,256.23275552392715,0.25215242847507735,1.9665441662332832,1.6848587758737166,1.7016901561103686,109.73567123728566,118,1.0,False,False,False,False,True,False,True,True,True,True,False,1.0334558337667168,False,False,68.0,68.0,68.0,13.3,68.0,53.900000000000006,0,256.74386667191095,1.0282632812073396,0.0,e1_tracking_single_obstacle,M7,15,0.5,0.7
False,14.100000000000001,-0.2803772419219557,0.4213031213448878,True,87.25479078236006,0.17757359017775387,0.1916482978202302,256.81761249019047,0.25347274514856494,1.9725970478893522,1.6929917610036076,1.713389372595676,109.83069671412606,5,1.0,False,False,False,False,True,False,True,True,True,True,False,1.0274029521106478,False,False,68.0,68.0,68.0,13.25,68.0,53.95,0,257.2901792512199,1.0221928185455134,0.0,e1_tracking_single_obstacle,M7,16,0.5,0.7
False,14.200000000000001,-0.33229298169710764,0.4179381785200674,True,87.93276200548877,0.18967051646926614,0.19189321577271615,256.09773355077084,0.2518246853692947,1.9650957378015788,1.682908010660965,1.6988893236749567,109.86007294455058,138,1.0,False,False,False,False,True,False,True,True,True,True,False,1.0349042621984212,False,False,68.0,68.0,68.0,13.3,68.0,53.85,0,256.62757644857504,1.0296979769217447,0.0,e1_tracking_single_obstacle,M7,17,0.5,0.7
False,14.15,-0.24395020875846674,0.4238272525970554,True,87.2166422287667,0.18798404599183005,0.19189321577271615,256.1513384689034,0.2467495840973324,1.9327127812293314,1.6369233352180272,1.6535475092396459,109.59978845939118,17,1.0,False,False,False,False,True,False,True,True,True,True,False,1.0672872187706686,False,False,68.0,68.0,68.0,13.25,68.0,53.900000000000006,0,257.07928445560935,1.0613366346498116,0.0,e1_tracking_single_obstacle,M7,18,0.5,0.7
False,14.100000000000001,-0.24831368908670226,0.4208728639981556,True,87.63356677407907,0.23496503521628292,0.19005633112907175,256.7505860896673,0.2533802570561881,1.9721374065775257,1.6923653909925531,1.7124933263703734,109.78932230031053,21,1.0,False,False,False,False,True,False,True,True,True,True,False,1.0278625934224743,False,False,68.0,68.0,68.0,13.25,68.0,53.95,0,257.2071512229852,1.0226861369579674,0.0,e1_tracking_single_obstacle,M7,19,0.5,0.7
False,14.100000000000001,-0.23195208760128538,0.42344807757801156,True,87.85557623884651,0.1801187996258844,0.19103600293901543,256.0168697148895,0.2516393166406871,1.9642737485151194,1.6817983467216189,1.6972980809865912,110.04919095434616,150,1.0,False,False,False,False,True,False,True,True,True,True,False,1.0357262514848806,False,False,68.0,68.0,68.0,13.25,68.0,53.95,0,256.55411983468514,1.0305175032042688,0.0,e1_tracking_single_obstacle,M7,20,0.5,0.7
False,14.200000000000001,-0.20896500161995402,0.4229099840131275,True,87.47872544071073,0.16558384243497404,0.1928728875826598,256.66458633338266,0.25312663893566,1.97098946023506,1.6908365365043283,1.7102847572279976,109.76033572699068,36,1.0,False,False,False,False,True,False,True,True,True,True,False,1.02901053976494,False,False,68.0,68.0,68.0,13.3,68.0,53.85,0,257.14661174712774,1.0238073909251326,0.0,e1_tracking_single_obstacle,M7,21,0.5,0.7
False,14.200000000000001,-0.2866537145026806,0.43198751712630623,True,87.23316356409123,0.16572530120221762,0.19311780553514574,256.6429018105437,0.2530760172628083,1.9707563551705818,1.6905240360232838,1.7098345496518013,109.58939177322725,40,1.0,False,False,False,False,True,False,True,True,True,True,False,1.0292436448294182,False,False,68.0,68.0,68.0,13.25,68.0,53.85,0,257.12698773071133,1.0240398175311647,0.0,e1_tracking_single_obstacle,M7,22,0.5,0.7
False,14.100000000000001,-0.32560776448030326,0.424107000681073,True,87.3135532031499,0.19555398886172307,0.19066862601028656,255.54918148116926,0.24550061657097755,1.9288973520620332,1.631438700012761,1.6460802463295605,109.7153077830207,81,1.0,False,False,False,False,True,False,True,True,True,True,False,1.0711026479379668,False,False,68.0,68.0,68.0,13.200000000000001,68.0,53.95,0,256.48019502723275,1.0651809250811735,0.0,e1_tracking_single_obstacle,M7,23,0.5,0.7
False,14.100000000000001,-0.25706479707846464,0.4248732246408163,True,87.49794114434951,0.18510892941799936,0.19103600293901543,256.4911403524797,0.25274946236612666,1.9692447711156138,1.6884913968622897,1.7069113273482133,109.63114546233965,71,1.0,False,False,False,False,True,False,True,True,True,True,False,1.0307552288843862,False,False,68.0,68.0,68.0,13.25,68.0,53.95,0,256.97934238029893,1.0255655264989327,0.0,e1_tracking_single_obstacle,M7,24,0.5,0.7
False,14.100000000000001,-0.25938951180789027,0.4243398305596214,True,87.51815438135834,0.1810239709940591,0.19042370805780065,256.2852715345502,0.25227476057761894,1.96709287043712,1.6855975525758242,1.7027512952071622,109.63926176402866,109,1.0,False,False,False,False,True,False,True,True,True,True,False,1.03290712956288,False,False,68.0,68.0,68.0,13.200000000000001,68.0,53.95,0,256.7912088148046,1.0277162206703698,0.0,e1_tracking_single_obstacle,M7,25,0.5,0.7
False,14.100000000000001,-0.2766051231350911,0.4185496945266122,True,87.50559887698617,0.21670772528314,0.19079108498652952,255.80501250933418,0.2511631399977852,1.962170582509371,1.67895402021397,1.6932237044005214,109.545329829542,182,1.0,False,False,False,False,True,False,True,True,True,True,False,1.037829417490629,False,False,68.0,68.0,68.0,13.25,68.0,53.95,0,256.35891419664694,1.0326169817859474,0.0,e1_tracking_single_obstacle,M7,26,0.5,0.7
False,14.100000000000001,-0.2763833993973631,0.4222383049888445,True,87.3441721572822,0.19667808585540372,0.19042370805780065,256.78307013420715,0.2533910155969981,1.9722179187063327,1.6924843972049681,1.712657906389493,109.7180634602952,12,1.0,False,False,False,False,True,False,True,True,True,True,False,1.0277820812936673,False,False,68.0,68.0,68.0,13.200000000000001,68.0,53.95,0,257.25889704949236,1.0225722209217598,0.0,e1_tracking_single_obstacle,M7,27,0.5,0.7
False,14.100000000000001,-0.2347134794617145,0.4214887197876986,True,87.55210101702359,0.20832397812664194,0.19066862601028656,256.6741827714656,0.2531444913104781,1.9710741095134174,1.6909507609605272,1.7104487625251728,109.76468979872273,34,1.0,False,False,False,False,True,False,True,True,True,True,False,1.0289258904865826,False,False,68.0,68.0,68.0,13.25,68.0,53.95,0,257.1569901950024,1.0237200630252319,0.0,e1_tracking_single_obstacle,M7,28,0.5,0.7
False,14.100000000000001,-0.2139665620559974,0.422556984638067,True,87.68031445634352,0.22637613073538695,0.19017879010531472,256.7199457976218,0.2532852450004886,1.9717068973948215,1.6917930215293893,1.7116658546776893,109.86366209983223,26,1.0,False,False,False,False,True,False,True,True,True,True,False,1.0282931026051785,False,False,68.0,68.0,68.0,13.25,68.0,53.95,0,257.1869725076694,1.0231051698822977,0.0,e1_tracking_single_obstacle,M7,29,0.5,0.7
False,14.15,-0.24040109760482276,0.424595238738865,True,87.56232810001194,0.16431528665305695,0.19189321577271615,256.35865180332985,0.24717923678592638,1.9340327791256724,1.6388165464886164,1.6561287365049577,110.1394821065069,0,1.0,False,False,False,False,True,False,True,True,True,True,False,1.0659672208743276,False,False,68.0,68.0,68.0,13.25,68.0,53.900000000000006,0,257.2857202186317,1.0600049921983803,0.0,e1_tracking_single_obstacle,M7,30,0.5,0.7
False,14.05,-0.280770046572519,0.41987762974138587,True,87.26964017885476,0.21880375020958134,0.18956649522409993,256.6868218371707,0.25317309888561945,1.9712064054581744,1.6911282405313297,1.710704315773678,109.51753338069312,31,1.0,False,False,False,False,True,False,True,True,True,True,False,1.0287935945418256,False,False,68.0,68.0,68.0,13.200000000000001,68.0,54.0,0,257.16882083722925,1.0235872572833316,0.0,e1_tracking_single_obstacle,M7,31,0.5,0.7
False,14.200000000000001,-0.2076899591088358,0.41980932363059686,True,87.24304251740278,0.15031202515672062,0.19275042860641686,255.58793690280962,0.2507225078453617,1.9601918102231686,1.676268631720696,1.6893841060450479,109.12975985621168,223,1.0,False,False,False,False,True,False,True,True,True,True,False,1.0398081897768314,False,False,68.0,68.0,68.0,13.25,68.0,53.85,0,256.1405178208821,1.034624225095033,0.0,e1_tracking_single_obstacle,M7,32,0.5,0.7
False,14.15,-0.21575644146076434,0.42275894330648583,True,87.62050481311923,0.2085645781595271,0.19091354396277246,256.1270908384521,0.25191784745945894,1.9654875739046365,1.6834335967755145,1.6996450234141585,109.41510676816142,137,1.0,False,False,False,False,True,False,True,True,True,True,False,1.0345124260953635,False,False,68.0,68.0,68.0,13.25,68.0,53.900000000000006,0,256.64450971730764,1.029323054283487,0.0,e1_tracking_single_obstacle,M7,33,0.5,0.7
False,14.05,-0.2507223945752787,0.4258249971858951,True,87.25380863409984,0.1901231047582112,0.1899338721528288,256.5078463706971,0.2527698880558424,1.969349953160795,1.688635382951334,1.707116789575741,109.05644170065973,66,1.0,False,False,False,False,True,False,True,True,True,True,False,1.030650046839205,False,False,68.0,68.0,68.0,13.200000000000001,68.0,54.0,0,257.0011361483044,1.0254500128981363,0.0,e1_tracking_single_obstacle,M7,34,0.5,0.7
False,14.15,-0.26666350355112123,0.42269023016005847,True,87.55006038232308,0.2002123573620946,0.1916482978202302,256.19301222692286,0.25203396111438253,1.9660364502722005,1.6841779355127386,1.7007107221776812,109.55391959160407,121,1.0,False,False,False,False,True,False,True,True,True,True,False,1.0339635497277995,False,False,68.0,68.0,68.0,13.25,68.0,53.900000000000006,0,256.71790409584577,1.0287533256336294,0.0,e1_tracking_single_obstacle,M7,35,0.5,0.7
False,14.200000000000001,-0.21972010816442344,0.4253815929372349,True,87.29012481020824,0.17296380841968576,0.19250551065393093,256.70684544550704,0.2532184830462415,1.971416390865208,1.6914098991440858,1.7111098769944788,109.71509726860864,27,1.0,False,False,False,False,True,False,True,True,True,True,False,1.028583609134792,False,False,68.0,68.0,68.0,13.25,68.0,53.85,0,257.18759106752026,1.0233762369056565,0.0,e1_tracking_single_obstacle,M7,36,0.5,0.7
False,14.25,-0.2557599577325915,0.42718687091983604,True,87.36999574384438,0.15653691893023824,0.1940974773450894,255.72156662137613,0.25096941746082296,1.9613279032018116,1.6778134298872907,1.69159059677066,109.42365802674817,192,1.0,False,False,False,False,True,False,True,True,True,True,False,1.0386720967981884,False,False,68.0,68.0,68.0,13.3,68.0,53.800000000000004,0,256.28530654260396,1.0334502376500916,0.0,e1_tracking_single_obstacle,M7,37,0.5,0.7
False,14.100000000000001,-0.2222509472678279,0.42248076263869233,True,87.06447701795473,0.16939457631046334,0.19152583884398727,255.93684015425154,0.25146644522335243,1.9635004921794084,1.6807525158621108,1.695799815046429,108.80128759054865,164,1.0,False,False,False,False,True,False,True,True,True,True,False,1.0364995078205916,False,False,68.0,68.0,68.0,13.25,68.0,53.95,0,256.4774176978044,1.0312949396880724,0.0,e1_tracking_single_obstacle,M7,38,0.5,0.7
False,14.15,-0.20909766169794175,0.42137412146588593,True,87.45974084812458,0.17831443008141362,0.19311780553514574,256.34112082258605,0.25239282565450577,1.9676333943752893,1.6863265031308439,1.70379775338454,109.23676007904331,98,1.0,False,False,False,False,True,False,True,True,True,True,False,1.0323666056247107,False,False,68.0,68.0,68.0,13.25,68.0,53.900000000000006,0,256.846055795834,1.0271700109985014,0.0,e1_tracking_single_obstacle,M7,39,0.5,0.7
False,14.15,-0.2666389563725551,0.4213305464439285,True,87.85808191943316,0.21880576037223093,0.19091354396277246,252.8429830425741,0.23961549439444443,1.9134166986093024,1.6084780429751058,1.6199496632318422,110.4901394268419,0,0.0,False,False,False,False,True,False,True,True,True,True,False,1.0865833013906976,False,False,68.0,68.0,68.0,13.25,68.0,53.900000000000006,0,253.9130001924454,1.0797573502415685,0.0,e1_tracking_single_obstacle,M7,10,0.5,1.0
False,14.05,-0.26497568497540347,0.42050571732128866,True,87.30707073331044,0.2185751882522203,0.1899338721528288,254.85208896142538,0.25011676063897464,1.9574137278258361,1.672199869314681,1.6902459124592848,109.43973741323417,0,1.0,False,False,False,False,True,False,True,True,True,True,False,1.0425862721741639,False,False,68.0,68.0,68.0,13.200000000000001,68.0,54.0,0,255.44161655084926,1.036704443601836,0.0,e1_tracking_single_obstacle,M7,11,0.5,1.0
False,14.100000000000001,-0.27473526203537324,0.4242780551033048,True,87.28681328102157,0.1706429239590304,0.19238305167768796,254.21590252026942,0.2487124352823574,1.9509704217324846,1.6635030311717796,1.6754794268929287,109.66869119728243,8,1.0,False,False,False,False,True,False,True,True,True,True,False,1.0490295782675154,False,False,68.0,68.0,68.0,13.25,68.0,53.95,0,254.87478444479385,1.043043615362433,0.0,e1_tracking_single_obstacle,M7,12,0.5,1.0
False,14.100000000000001,-0.2655040367685372,0.42239986026751064,True,86.92929050520004,0.1691855084870309,0.1916482978202302,253.20174414514673,0.24035942325333134,1.9156934591634507,1.6117764241963515,1.6251382787956201,109.71135766704572,0,1.0,False,False,False,False,True,False,True,True,True,True,False,1.0843065408365493,False,False,68.0,68.0,68.0,13.200000000000001,68.0,53.95,0,254.26690596601335,1.0774874600782018,0.0,e1_tracking_single_obstacle,M7,13,0.5,1.0
False,14.15,-0.44549402994421067,0.4298371430912552,True,87.32812001257695,0.3025052398413728,0.19226059270144502,255.06006268102794,0.2505419522214564,1.9594331280453412,1.6749206102834089,1.6948768858504653,109.90321290227413,0,1.0,False,False,False,False,True,False,True,True,True,True,False,1.0405668719546588,False,False,68.0,68.0,68.0,13.25,68.0,53.900000000000006,0,255.63950462434826,1.034696364971498,0.0,e1_tracking_single_obstacle,M7,14,0.5,1.0
False,14.15,-0.2577170850594347,0.4217694487345623,True,87.69438757882455,0.1751308697168277,0.1928728875826598,254.53222607204114,0.24944795240992437,1.9542823604998654,1.6679749940092994,1.6830632602238498,110.04620222846779,0,1.0,False,False,False,False,True,False,True,True,True,True,False,1.0457176395001346,False,False,68.0,68.0,68.0,13.3,68.0,53.900000000000006,0,255.143142581618,1.0398079401891842,0.0,e1_tracking_single_obstacle,M7,15,0.5,1.0
False,14.100000000000001,-0.2795967827865268,0.42135062012177366,True,87.29572738796209,0.1773020094842578,0.19177075679647318,255.1856394625507,0.2508092530539362,1.9607084217478683,1.676634047711116,1.6977968017124736,109.990463845857,0,1.0,False,False,False,False,True,False,True,True,True,True,False,1.0392915782521317,False,False,68.0,68.0,68.0,13.25,68.0,53.95,0,255.75571103185837,1.033432975620005,0.0,e1_tracking_single_obstacle,M7,16,0.5,1.0
False,14.200000000000001,-0.3314823582625359,0.4180155662927037,True,87.99270132587048,0.18942502218328336,0.1920156747489591,254.38779649646057,0.24911600526021718,1.9527725169331525,1.6659381877516972,1.6796057368717499,110.19909566730315,0,1.0,False,False,False,False,True,False,True,True,True,True,False,1.0472274830668475,False,False,68.0,68.0,68.0,13.3,68.0,53.85,0,255.01905019148361,1.0412858687322566,0.0,e1_tracking_single_obstacle,M7,17,0.5,1.0
False,14.100000000000001,-0.2431180262530589,0.4238295300506145,True,87.27060061252249,0.18777846364052925,0.19189321577271615,253.5116608581107,0.24100173031837646,1.9176664627682403,1.614629884902794,1.629631529526528,109.90516182013847,0,1.0,False,False,False,False,True,False,True,True,True,True,False,1.0823335372317597,False,False,68.0,68.0,68.0,13.25,68.0,53.95,0,254.57261433422943,1.0755199480934774,0.0,e1_tracking_single_obstacle,M7,18,0.5,1.0
False,14.100000000000001,-0.2475287340336625,0.4209273535180447,True,87.6688013937152,0.2345250766216663,0.19005633112907175,255.10479337896152,0.2507210777128461,1.960271219933268,1.6760262327682665,1.696772195717864,109.85069109280657,0,1.0,False,False,False,False,True,False,True,True,True,True,False,1.039728780066732,False,False,68.0,68.0,68.0,13.25,68.0,53.95,0,255.6528817738864,1.0339106329505146,0.0,e1_tracking_single_obstacle,M7,19,0.5,1.0
False,14.100000000000001,-0.2311342107270915,0.42349769500960543,True,87.91850674392354,0.1797882118515788,0.19103600293901543,254.3008853264746,0.24892851262436957,1.9519169845513789,1.6647808521740832,1.6776430178682622,110.41286036015497,7,1.0,False,False,False,False,True,False,True,True,True,True,False,1.0480830154486211,False,False,68.0,68.0,68.0,13.25,68.0,53.95,0,254.9401628718347,1.0421299039375702,0.0,e1_tracking_single_obstacle,M7,20,0.5,1.0
False,14.200000000000001,-0.2081635911171268,0.4228853959342966,True,87.52376061417792,0.16523183055574225,0.19299534655890277,255.01192736842668,0.25044724403203106,1.9589804470743732,1.674310233414732,1.693838079072255,109.96667091191415,0,1.0,False,False,False,False,True,False,True,True,True,True,False,1.0410195529256268,False,False,68.0,68.0,68.0,13.3,68.0,53.85,0,255.59234845797096,1.0351489693883762,0.0,e1_tracking_single_obstacle,M7,21,0.5,1.0
False,14.200000000000001,-0.2858632813625449,0.431955954451029,True,87.27844973772636,0.1653658181754085,0.19311780553514574,254.98783475327062,0.25039602153247925,1.9587372738801578,1.6739832079030732,1.6932808824706933,109.7832338853925,0,1.0,False,False,False,False,True,False,True,True,True,True,False,1.0412627261198422,False,False,68.0,68.0,68.0,13.25,68.0,53.85,0,255.57020964820606,1.035388967353413,0.0,e1_tracking_single_obstacle,M7,22,0.5,1.0
False,14.100000000000001,-0.3248289813896813,0.42416511635569604,True,87.381825599619,0.1951022350209079,0.19066862601028656,252.8887484496586,0.23971041773068893,1.9137067010251911,1.6088985118270227,1.6206107592984669,110.11168697813333,0,1.0,False,False,False,False,True,False,True,True,True,True,False,1.0862932989748089,False,False,68.0,68.0,68.0,13.200000000000001,68.0,53.95,0,253.95819174778,1.0794680487797592,0.0,e1_tracking_single_obstacle,M7,23,0.5,1.0
False,14.100000000000001,-0.25628714723081936,0.4248641975157589,True,87.54599841707731,0.18475570647810943,0.1911584619152584,254.81450774668127,0.2500515814847292,1.9570994299105902,1.6717736083123762,1.6895217204557693,109.82939859534947,0,1.0,False,False,False,False,True,False,True,True,True,True,False,1.0429005700894098,False,False,68.0,68.0,68.0,13.25,68.0,53.95,0,255.40187064647424,1.0370239232327656,0.0,e1_tracking_single_obstacle,M7,24,0.5,1.0
False,14.100000000000001,-0.25860514668653634,0.42433611463542636,True,87.57146583994677,0.18065014692087347,0.19066862601028656,254.5860962524516,0.2495631578359486,1.954816551551792,1.6686960903049906,1.6842883765819174,109.89950547282402,0,1.0,False,False,False,False,True,False,True,True,True,True,False,1.045183448448208,False,False,68.0,68.0,68.0,13.200000000000001,68.0,53.95,0,255.19245280768453,1.0392802279338356,0.0,e1_tracking_single_obstacle,M7,25,0.5,1.0
False,14.100000000000001,-0.2757892234397141,0.418598175685863,True,87.57483999586155,0.21663863512289042,0.19079108498652952,254.07364567163927,0.24844726206816037,1.949729936665683,1.661816931757725,1.6726213755314787,109.94827763272541,32,0.0,False,False,False,False,True,False,True,True,True,True,False,1.050270063334317,False,False,68.0,68.0,68.0,13.25,68.0,53.95,0,254.730962909346,1.0442922531980867,0.0,e1_tracking_single_obstacle,M7,26,0.5,1.0
False,14.100000000000001,-0.27558024925925073,0.4223020021795316,True,87.38696420962575,0.19633747327921278,0.19042370805780065,255.1467980192322,0.2507249055714077,1.960305627786313,1.6760934454751633,1.6968752690020321,109.90249766584381,0,1.0,False,False,False,False,True,False,True,True,True,True,False,1.039694372213687,False,False,68.0,68.0,68.0,13.200000000000001,68.0,53.95,0,255.7202254090833,1.033831714111149,0.0,e1_tracking_single_obstacle,M7,27,0.5,1.0
False,14.100000000000001,-0.23392846054918093,0.42154361151818265,True,87.59736354409934,0.20794037050528547,0.19066862601028656,255.02321030046235,0.250467048941964,1.9590759523767896,1.6744396050768664,1.6940578700995752,109.96700803279116,0,1.0,False,False,False,False,True,False,True,True,True,True,False,1.0409240476232104,False,False,68.0,68.0,68.0,13.25,68.0,53.95,0,255.60427282953233,1.0350517570488051,0.0,e1_tracking_single_obstacle,M7,28,0.5,1.0
False,14.100000000000001,-0.2132010030504744,0.422619724341914,True,87.72089874674485,0.22592525373202274,0.19042370805780065,255.07166324570863,0.250609257035292,1.959741498769251,1.6753251756140084,1.695571553844681,109.9962093482662,0,1.0,False,False,False,False,True,False,True,True,True,True,False,1.040258501230749,False,False,68.0,68.0,68.0,13.25,68.0,53.95,0,255.63569967933145,1.0344145681553965,0.0,e1_tracking_single_obstacle,M7,29,0.5,1.0
False,14.15,-0.23954996040107623,0.42457121452104385,True,87.62127056946878,0.16407189604108546,0.1920156747489591,253.72561243059022,0.24144495725730145,1.9190319892394456,1.6166021353382716,1.63273970119201,110.48291890544513,0,1.0,False,False,False,False,True,False,True,True,True,True,False,1.0809680107605544,False,False,68.0,68.0,68.0,13.25,68.0,53.900000000000006,0,254.7836210942312,1.0741581268934408,0.0,e1_tracking_single_obstacle,M7,30,0.5,1.0
False,14.05,-0.2799848984414298,0.4199263929309531,True,87.31450658191581,0.2183992744413802,0.18968895420034287,255.03702515986936,0.25049589892320556,1.9592131296744233,1.6746241854027217,1.6943721952192834,109.7159936240804,0,1.0,False,False,False,False,True,False,True,True,True,True,False,1.0407868703255767,False,False,68.0,68.0,68.0,13.200000000000001,68.0,54.0,0,255.6172322878254,1.0349156002675624,0.0,e1_tracking_single_obstacle,M7,31,0.5,1.0
False,14.200000000000001,-0.207013853049567,0.4198826904973113,True,87.31504278192669,0.14993729770233885,0.19275042860641686,253.8298982664065,0.24798102865801222,1.9475716298389567,1.6588817784989822,1.6676486254389358,109.572010553718,71,0.0,False,False,False,False,True,False,True,True,True,True,False,1.0524283701610433,False,False,68.0,68.0,68.0,13.25,68.0,53.85,0,254.48966619420744,1.0464543748743516,0.0,e1_tracking_single_obstacle,M7,32,0.5,1.0
False,14.15,-0.21495985472474644,0.42281497732126905,True,87.67688706258855,0.20811296610513857,0.19091354396277246,254.411275158102,0.24919555189112333,1.9531123867160796,1.6663934277883865,1.6803777786847347,109.71676898035436,0,1.0,False,False,False,False,True,False,True,True,True,True,False,1.0468876132839204,False,False,68.0,68.0,68.0,13.25,68.0,53.900000000000006,0,255.03030943962912,1.0409673359757172,0.0,e1_tracking_single_obstacle,M7,33,0.5,1.0
False,14.05,-0.24991140028412007,0.4258245371972057,True,87.30103731336517,0.18990859701482385,0.19005633112907175,254.83570967463925,0.25007760786210326,1.9572316495181319,1.671955521392176,1.689829712001028,109.2763952604647,0,1.0,False,False,False,False,True,False,True,True,True,True,False,1.0427683504818681,False,False,68.0,68.0,68.0,13.200000000000001,68.0,54.0,0,255.42804172153686,1.0368819080931237,0.0,e1_tracking_single_obstacle,M7,34,0.5,1.0
False,14.15,-0.26582374044853474,0.42274106568838893,True,87.60871486099016,0.20009968151574706,0.19189321577271615,254.4931649987424,0.24933306728599394,1.9537766500358298,1.6672968632829706,1.6819114223223024,109.87535877080067,0,1.0,False,False,False,False,True,False,True,True,True,True,False,1.0462233499641702,False,False,68.0,68.0,68.0,13.25,68.0,53.900000000000006,0,255.1183818580125,1.0402889019726056,0.0,e1_tracking_single_obstacle,M7,35,0.5,1.0
False,14.15,-0.2189471862834742,0.42543473078782873,True,87.3340315270165,0.17263996915381177,0.1928728875826598,255.06017743409052,0.250544289066531,1.9594433178947186,1.6749338772506388,1.6948995327577852,109.90256719666903,0,1.0,False,False,False,False,True,False,True,True,True,True,False,1.0405566821052814,False,False,68.0,68.0,68.0,13.25,68.0,53.900000000000006,0,255.63899333605232,1.0346868316896747,0.0,e1_tracking_single_obstacle,M7,36,0.5,1.0
False,14.25,-0.2549082079065109,0.4271793236827885,True,87.43905230628066,0.15633211471387937,0.19421993632133236,253.98581402830257,0.24825856636384827,1.9488819184850161,1.6606663851545886,1.6706741316262679,109.84446497606076,40,0.0,False,False,False,False,True,False,True,True,True,True,False,1.0511180815149839,False,False,68.0,68.0,68.0,13.3,68.0,53.800000000000004,0,254.65123853061073,1.0451282350773545,0.0,e1_tracking_single_obstacle,M7,37,0.5,1.0
False,14.100000000000001,-0.22141378396582012,0.42249894474883987,True,87.12827977063131,0.16910453268180356,0.19152583884398727,254.2109610601823,0.24874615495035454,1.9510770803365085,1.6636423126323403,1.6757126647027882,109.17962699662463,19,1.0,False,False,False,False,True,False,True,True,True,True,False,1.0489229196634915,False,False,68.0,68.0,68.0,13.200000000000001,68.0,53.95,0,254.85451506590363,1.0429651852547308,0.0,e1_tracking_single_obstacle,M7,38,0.5,1.0
False,14.15,-0.20832537393676653,0.4214385519597696,True,87.51097174653414,0.1779902449678563,0.19311780553514574,254.6504092635394,0.24969009002986686,1.9554139315608652,1.6695039443758122,1.6856609162450762,109.49285401201543,0,1.0,False,False,False,False,True,False,True,True,True,True,False,1.0445860684391348,False,False,68.0,68.0,68.0,13.25,68.0,53.900000000000006,0,255.25505964033619,1.0386836792730438,0.0,e1_tracking_single_obstacle,M7,39,0.5,1.0
False,14.15,-0.26587442179979237,0.42138565609283296,True,87.96264102237707,0.21835310447850848,0.19091354396277246,250.49509811311202,0.23450458282299336,1.899733422381887,1.588099201213619,1.5892752688427687,111.17034330876054,0,0.0,False,False,False,False,True,False,True,True,True,True,False,1.100266577618113,False,False,68.0,68.0,68.0,13.25,68.0,53.900000000000006,0,251.65228819229407,1.0928120404966688,0.0,e1_tracking_single_obstacle,M7,10,0.5,1.3
False,14.05,-0.2641933943410457,0.4205627382273836,True,87.38939704188216,0.2180463686075767,0.1899338721528288,253.28321143057923,0.2475509089765103,1.9462704899944063,1.6567608354895318,1.6674314677971918,109.94356948096213,0,0.0,False,False,False,False,True,False,True,True,True,True,False,1.0537295100055937,False,False,68.0,68.0,68.0,13.200000000000001,68.0,54.0,0,253.95520865789007,1.0473239081589825,0.0,e1_tracking_single_obstacle,M7,11,0.5,1.3
False,14.100000000000001,-0.27393732694901773,0.42433535324118754,True,87.39231788931811,0.1705218304238255,0.19238305167768796,252.64141727443905,0.24623893358300944,1.9399277611231698,1.648216040315776,1.6498740270346,110.38101618058543,0,0.0,False,False,False,False,True,False,True,True,True,True,False,1.0600722388768302,False,False,68.0,68.0,68.0,13.25,68.0,53.95,0,253.3778875595973,1.0535433222206458,0.0,e1_tracking_single_obstacle,M7,12,0.5,1.3
False,14.100000000000001,-0.2647879953357867,0.42245968286707997,True,87.02341662216313,0.16889278161001162,0.1916482978202302,250.85428198410028,0.23525031765247792,1.9020366648495683,1.5914472561042212,1.5954951132925215,110.32546675165894,0,0.0,False,False,False,False,True,False,True,True,True,True,False,1.0979633351504317,False,False,68.0,68.0,68.0,13.200000000000001,68.0,53.95,0,252.00671768852365,1.0905188349832229,0.0,e1_tracking_single_obstacle,M7,13,0.5,1.3
False,14.15,-0.4470517857653399,0.42978957399413636,True,87.40734252666456,0.3080171317100395,0.19238305167768796,253.50742856710056,0.24798041139755647,1.9483642806634391,1.6595849359829613,1.6732238067903615,110.37646807716024,0,0.0,False,False,False,False,True,False,True,True,True,True,False,1.0516357193365609,False,False,68.0,68.0,68.0,13.25,68.0,53.900000000000006,0,254.16970570739,1.045250447499474,0.0,e1_tracking_single_obstacle,M7,14,0.5,1.3
False,14.15,-0.256891131946978,0.4218239719171073,True,87.78738606110542,0.17468055909103267,0.19299534655890277,252.95038243292868,0.24690402266554493,1.9431324357197945,1.6525261364885035,1.658739110074998,110.6562220398552,0,0.0,False,False,False,False,True,False,True,True,True,True,False,1.0568675642802055,False,False,68.0,68.0,68.0,13.3,68.0,53.900000000000006,0,253.64132516396495,1.0504251675929768,0.0,e1_tracking_single_obstacle,M7,15,0.5,1.3
False,14.100000000000001,-0.27881931133475313,0.4213980501598962,True,87.3690120506736,0.17703272871360687,0.1920156747489591,253.64149103719888,0.2482445572816722,1.9496682980052735,1.6613381713022963,1.6768234196462486,110.40506206854592,0,0.0,False,False,False,False,True,False,True,True,True,True,False,1.0503317019947265,False,False,68.0,68.0,68.0,13.25,68.0,53.95,0,254.2950818493187,1.0439636996931738,0.0,e1_tracking_single_obstacle,M7,16,0.5,1.3
False,14.200000000000001,-0.33067493842091444,0.4180927723799784,True,88.09104772324628,0.18918247376502806,0.19213813372520205,252.8061528539722,0.24659791941316309,1.9416460876097144,1.65052791580601,1.6546270282985431,110.84259268517832,0,0.0,False,False,False,False,True,False,True,True,True,True,False,1.0583539123902856,False,False,68.0,68.0,68.0,13.3,68.0,53.85,0,253.51672493571925,1.0518733719612599,0.0,e1_tracking_single_obstacle,M7,17,0.5,1.3
False,14.100000000000001,-0.24228896361397667,0.4238318909843532,True,87.37574851218615,0.18745771331035965,0.19189321577271615,252.49851528786485,0.24561680145592235,1.937179341727022,1.6445791903521354,1.6422352698221356,110.49231668723395,0,0.0,False,False,False,False,True,False,True,True,True,True,False,1.062820658272978,False,False,68.0,68.0,68.0,13.25,68.0,53.95,0,253.47767480232068,1.0555346405826385,0.0,e1_tracking_single_obstacle,M7,18,0.5,1.3
False,14.100000000000001,-0.2467467240999459,0.42098255312432986,True,87.70573125531645,0.2340921156252784,0.19017879010531472,253.45247329750526,0.24812864248394237,1.9496631168955065,1.6611747365133327,1.6765048960253728,109.81755327681552,0,0.0,False,False,False,False,True,False,True,True,True,True,False,1.0503368831044935,False,False,68.0,68.0,68.0,13.25,68.0,53.95,0,254.0594222274024,1.0439007045194828,0.0,e1_tracking_single_obstacle,M7,19,0.5,1.3
False,14.100000000000001,-0.23032068881022605,0.4235471802076131,True,88.02032657170392,0.1794583526795174,0.1911584619152584,252.71851089284468,0.24642167992989747,1.9408016250902325,1.6493876863842143,1.652285377178065,111.0841374586787,0,0.0,False,False,False,False,True,False,True,True,True,True,False,1.0591983749097675,False,False,68.0,68.0,68.0,13.25,68.0,53.95,0,253.4366304559693,1.0527039169785988,0.0,e1_tracking_single_obstacle,M7,20,0.5,1.3
False,14.200000000000001,-0.20736512895438652,0.4228610131216887,True,87.6026600052605,0.1648829203000526,0.19299534655890277,253.4545026282621,0.24788139532437983,1.9478836292017399,1.6589356762190839,1.6718938671547754,110.44085344684937,0,0.0,False,False,False,False,True,False,True,True,True,True,False,1.0521163707982601,False,False,68.0,68.0,68.0,13.3,68.0,53.85,0,254.11796164169118,1.0457285026676681,0.0,e1_tracking_single_obstacle,M7,21,0.5,1.3
False,14.200000000000001,-0.28507591434762525,0.43192465431013183,True,87.35776504007033,0.16500952911971234,0.19311780553514574,253.42917761744798,0.24783186414503558,1.9476402374670396,1.6586080688343077,1.6712208935904214,110.24675792746756,0,0.0,False,False,False,False,True,False,True,True,True,True,False,1.0523597625329604,False,False,68.0,68.0,68.0,13.25,68.0,53.85,0,254.09432128382525,1.0459678763297393,0.0,e1_tracking_single_obstacle,M7,22,0.5,1.3
False,14.100000000000001,-0.32405325172351385,0.42422314315157333,True,87.48530808194089,0.19466036065802358,0.19079108498652952,250.54856900003253,0.23461565725632574,1.9000758963943414,1.588597385151737,1.5902006856100799,110.78043960465538,0,0.0,False,False,False,False,True,False,True,True,True,True,False,1.0999241036056586,False,False,68.0,68.0,68.0,13.200000000000001,68.0,53.95,0,251.7050723144425,1.0924709423806112,0.0,e1_tracking_single_obstacle,M7,23,0.5,1.3
False,14.100000000000001,-0.25551248500241575,0.42485532909061074,True,87.6295565904948,0.18440348386669464,0.1914033798677443,253.24145621042976,0.2474796276970612,1.9459340218154881,1.6563023017055951,1.6664960154662836,110.31023308064971,0,0.0,False,False,False,False,True,False,True,True,True,True,False,1.0540659781845119,False,False,68.0,68.0,68.0,13.25,68.0,53.95,0,253.9114372084055,1.0476642975832882,0.0,e1_tracking_single_obstacle,M7,24,0.5,1.3
False,14.100000000000001,-0.2578238170725544,0.42433251646260994,True,87.66213686242517,0.1802786110459696,0.19079108498652952,253.0025608247276,0.24700601688745827,1.9436254910167616,1.6531917920138075,1.6601058576449639,110.45860996513134,0,0.0,False,False,False,False,True,False,True,True,True,True,False,1.0563745089832384,False,False,68.0,68.0,68.0,13.200000000000001,68.0,53.95,0,253.69023880103626,1.0499383523537222,0.0,e1_tracking_single_obstacle,M7,25,0.5,1.3
False,14.100000000000001,-0.2749764238062915,0.41864617951985916,True,87.68443661152645,0.2165634419827034,0.19079108498652952,252.49029976586547,0.24596768631731092,1.9386427868005403,1.6464674914399722,1.646291763233842,110.6679684580861,0,0.0,False,False,False,False,True,False,True,True,True,True,False,1.0613572131994597,False,False,68.0,68.0,68.0,13.25,68.0,53.95,0,253.22568475812352,1.0548329417039433,0.0,e1_tracking_single_obstacle,M7,26,0.5,1.3
False,14.100000000000001,-0.2747801004862226,0.42236508023740876,True,87.46242275488443,0.19599884821235095,0.1905461670340436,253.5999406569133,0.24816153823784473,1.9492563973377903,1.6607850937448798,1.6756875458080323,110.34437412713724,0,0.0,False,False,False,False,True,False,True,True,True,True,False,1.0507436026622097,False,False,68.0,68.0,68.0,13.200000000000001,68.0,53.95,0,254.2565788552672,1.0443701005552557,0.0,e1_tracking_single_obstacle,M7,27,0.5,1.3
False,14.100000000000001,-0.23314643141054725,0.4215984463358583,True,87.67638210820617,0.20755939202762722,0.19079108498652952,253.4671179349424,0.2479033200572109,1.9479876929843822,1.6590771856300184,1.6721824984715137,110.43625676719931,0,0.0,False,False,False,False,True,False,True,True,True,True,False,1.0520123070156178,False,False,68.0,68.0,68.0,13.25,68.0,53.95,0,254.1310876577385,1.0456233127841605,0.0,e1_tracking_single_obstacle,M7,28,0.5,1.3
False,14.100000000000001,-0.21243786147747012,0.42268306945525513,True,87.79353666898731,0.22547129173892763,0.1905461670340436,253.51389933656048,0.24802856727428627,1.9486530601897936,1.6599544420179322,1.674004703631803,110.37318756105253,0,0.0,False,False,False,False,True,False,True,True,True,True,False,1.0513469398102064,False,False,68.0,68.0,68.0,13.25,68.0,53.95,0,254.16050531522137,1.044990594758898,0.0,e1_tracking_single_obstacle,M7,29,0.5,1.3
False,14.15,-0.2387019688460149,0.4245473899247976,True,87.71228060373377,0.1638317342231233,0.1920156747489591,251.3804894735659,0.23634121590491006,1.905422458254438,1.5963588616726245,1.6046220511565619,111.07061722429088,0,0.0,False,False,False,False,True,False,True,True,True,True,False,1.094577541745562,False,False,68.0,68.0,68.0,13.25,68.0,53.900000000000006,0,252.5255882361948,1.0871500013698603,0.0,e1_tracking_single_obstacle,M7,30,0.5,1.3
False,14.05,-0.27920277278931027,0.41997509617678064,True,87.39303396427653,0.21799811757466628,0.18968895420034287,253.48139726588695,0.2479311025194196,1.948123928488961,1.6592606440754036,1.6725589709154431,110.18077535995667,0,0.0,False,False,False,False,True,False,True,True,True,True,False,1.051876071511039,False,False,68.0,68.0,68.0,13.200000000000001,68.0,54.0,0,254.14458180015743,1.0454886493755293,0.0,e1_tracking_single_obstacle,M7,31,0.5,1.3
False,14.15,-0.20634031426636623,0.4199559042374865,True,87.42937946300515,0.14956643472025583,0.19311780553514574,252.23430832064832,0.24549706191868495,1.936420656841668,1.6434450168507921,1.6400938778223821,110.34755889829697,0,0.0,False,False,False,False,True,False,True,True,True,True,False,1.063579343158332,False,False,68.0,68.0,68.0,13.25,68.0,53.900000000000006,0,252.97300921485956,1.057053949333112,0.0,e1_tracking_single_obstacle,M7,32,0.5,1.3
False,14.15,-0.2141663950556656,0.42287135140921067,True,87.77199403258453,0.20766176348288146,0.19103600293901543,252.82071835611382,0.24664937073118187,1.9419046155784472,1.6508680391186525,1.6553342282763306,110.3278952367535,0,0.0,False,False,False,False,True,False,True,True,True,True,False,1.0580953844215528,False,False,68.0,68.0,68.0,13.25,68.0,53.900000000000006,0,253.52029524639656,1.0516368249017907,0.0,e1_tracking_single_obstacle,M7,33,0.5,1.3
False,14.05,-0.2491034433386482,0.4258241270383014,True,87.38362120998595,0.1896955337508232,0.19005633112907175,253.26708410606588,0.24751602371735024,1.9460965391712468,1.6565280600235328,1.6669515666111825,109.77924015541161,0,0.0,False,False,False,False,True,False,True,True,True,True,False,1.0539034608287532,False,False,68.0,68.0,68.0,13.200000000000001,68.0,54.0,0,253.941592663368,1.0474927445516053,0.0,e1_tracking_single_obstacle,M7,34,0.5,1.3
False,14.15,-0.26498718337072025,0.42279150355795475,True,87.70493986276146,0.19998268348504405,0.19189321577271615,252.91562153204453,0.24681024872120658,1.942664197441463,1.6519046594217772,1.6574518586321263,110.49562547713725,0,0.0,False,False,False,False,True,False,True,True,True,True,False,1.057335802558537,False,False,68.0,68.0,68.0,13.25,68.0,53.900000000000006,0,253.62019044416766,1.0508660364474836,0.0,e1_tracking_single_obstacle,M7,35,0.5,1.3
False,14.15,-0.21817715454493936,0.4254878146651624,True,87.41139036636876,0.17232011202619485,0.19299534655890277,253.50684234980008,0.24798061004822539,1.9483667106755096,1.6595875695805944,1.6732296436426772,110.35476451093075,0,0.0,False,False,False,False,True,False,True,True,True,True,False,1.0516332893244904,False,False,68.0,68.0,68.0,13.25,68.0,53.900000000000006,0,254.1686989542868,1.0452482699013992,0.0,e1_tracking_single_obstacle,M7,36,0.5,1.3
False,14.25,-0.2540597009991872,0.42717191943787053,True,87.54916223621512,0.156129412373929,0.1943423952975753,252.40317056941845,0.24579372115098094,1.937820929274631,1.6453547256924559,1.644008293080165,110.58714765109141,0,0.0,False,False,False,False,True,False,True,True,True,True,False,1.062179070725369,False,False,68.0,68.0,68.0,13.3,68.0,53.800000000000004,0,253.14537182005236,1.0556434008121283,0.0,e1_tracking_single_obstacle,M7,37,0.5,1.3
False,14.100000000000001,-0.2205798107302186,0.42251712120890184,True,87.23177970471143,0.1688155144337295,0.19152583884398727,252.6237365422288,0.24623993554093668,1.9399361741143062,1.6482152143055684,1.6498803167108274,109.87188004285264,0,0.0,False,False,False,False,True,False,True,True,True,True,False,1.0600638258856938,False,False,68.0,68.0,68.0,13.200000000000001,68.0,53.95,0,253.34617458945752,1.0535622320112834,0.0,e1_tracking_single_obstacle,M7,38,0.5,1.3
False,14.15,-0.2075559254645284,0.42150283484142365,True,87.59894868131238,0.17766904179242068,0.19311780553514574,253.07225601121442,0.24713684330610508,1.944254483192181,1.6540431452609865,1.6618510137904543,110.04275015848016,0,0.0,False,False,False,False,True,False,True,True,True,True,False,1.055745516807819,False,False,68.0,68.0,68.0,13.25,68.0,53.900000000000006,0,253.75801905241786,1.04931274813562,0.0,e1_tracking_single_obstacle,M7,39,0.5,1.3
False,14.4,-0.2683984880746092,0.42175832140620456,True,89.80825967048983,0.2101056329249202,0.19421993632133236,261.8328590419395,0.26240394781602466,2.0118667283471017,1.7460822155832445,1.7629925260797246,115.9636879658276,0,1.0,False,False,False,False,True,False,True,True,True,True,False,0.9881332716528983,False,False,68.0,68.0,68.0,13.5,68.0,53.650000000000006,0,261.9978872888486,0.9848303161510518,0.0,e1_tracking_single_obstacle,M7,10,0.6,0.3
False,14.3,-0.26679457905827764,0.42093334931021137,True,89.33893174440797,0.20980118221666214,0.1928728875826598,261.72390333195824,0.2620389188632531,2.009697162852509,1.7432989630978206,1.759692752887349,115.30452284079915,0,1.0,False,False,False,False,True,False,True,True,True,True,False,0.9903028371474911,False,False,68.0,68.0,68.0,13.4,68.0,53.75,0,261.9356684256714,0.9870718219898498,0.0,e1_tracking_single_obstacle,M7,11,0.6,0.3
False,14.350000000000001,-0.2761885678640442,0.42475034740823947,True,89.36043806020973,0.16429870149501763,0.19519960813127601,265.9595858004467,0.2679071853610229,1.9852152906679772,1.7134802458492726,1.7295275655323608,115.81373025093465,0,1.0,False,False,False,False,True,False,True,True,True,True,False,1.0147847093320228,False,False,68.0,68.0,68.0,13.450000000000001,68.0,53.7,0,266.4819386815108,1.0112154980546653,0.0,e1_tracking_single_obstacle,M7,12,0.6,0.3
False,14.350000000000001,-0.26731843281072,0.4229073098238212,True,88.89712426779589,0.15957428538210022,0.19458731325006123,265.54028033476,0.26707878341550984,1.9825154913904282,1.70974161438153,1.7252402189173388,115.09176355113527,0,1.0,False,False,False,False,True,False,True,True,True,True,False,1.0174845086095718,False,False,68.0,68.0,68.0,13.4,68.0,53.7,0,266.0627381847964,1.0140571958702735,0.0,e1_tracking_single_obstacle,M7,13,0.6,0.3
False,14.4,-0.45919979913542147,0.42993057450296035,True,89.37337895464096,0.34010030677002134,0.19532206710751898,261.8109680280978,0.26227163846433976,2.010913659393094,1.7448832101657157,1.7615573027303961,115.79460602386459,0,1.0,False,False,False,False,True,False,True,True,True,True,False,0.9890863406069061,False,False,68.0,68.0,68.0,13.450000000000001,68.0,53.650000000000006,0,262.01847873491795,0.9857796979030491,0.0,e1_tracking_single_obstacle,M7,14,0.6,0.3
False,14.4,-0.2593173422904351,0.42220252413810994,True,89.72037576179541,0.16747882366669617,0.1961792799412197,261.5652796021373,0.26161368878635555,2.0074721379662344,1.7404005139399372,1.7562799400208144,115.75482532762065,0,1.0,False,False,False,False,True,False,True,True,True,True,False,0.9925278620337656,False,False,68.0,68.0,68.0,13.5,68.0,53.650000000000006,0,261.79128062864214,0.9894208897000618,0.0,e1_tracking_single_obstacle,M7,15,0.6,0.3
False,14.350000000000001,-0.28108867564413587,0.42174806884421984,True,89.34165622282855,0.1677506894831361,0.19483223120254714,261.8798258386976,0.2624655256841783,2.011967146456131,1.7462486182079204,1.7631676227196966,115.97526650413396,0,1.0,False,False,False,False,True,False,True,True,True,True,False,0.9880328535438689,False,False,68.0,68.0,68.0,13.450000000000001,68.0,53.7,0,262.07947314602245,0.9846670181840631,0.0,e1_tracking_single_obstacle,M7,16,0.6,0.3
False,14.450000000000001,-0.33298111850705603,0.41868421900793706,True,90.00384150133286,0.18178319729306988,0.19507714915503307,261.4872930939789,0.2613996738965058,2.0063202971228478,1.7389039357788123,1.7545139208614378,115.81706264484387,0,1.0,False,False,False,False,True,False,True,True,True,True,False,0.9936797028771522,False,False,68.0,68.0,68.0,13.55,68.0,53.6,0,261.7284530733611,0.9906184281813278,0.0,e1_tracking_single_obstacle,M7,17,0.6,0.3
False,14.4,-0.2445201145191841,0.42389401885069483,True,89.27235201725746,0.17918067811728755,0.1947097722263042,265.7255826907854,0.2674446946436892,1.9837160379477787,1.7114034541924583,1.7271471829377665,115.40662712498512,0,1.0,False,False,False,False,True,False,True,True,True,True,False,1.0162839620522213,False,False,68.0,68.0,68.0,13.450000000000001,68.0,53.650000000000006,0,266.2436425026029,1.0128047193719427,0.0,e1_tracking_single_obstacle,M7,18,0.6,0.3
False,14.350000000000001,-0.24895988523418466,0.4213574034060597,True,89.7324518303589,0.22551094388876225,0.19311780553514574,261.83663648309835,0.2623632080813471,2.0114803996600883,1.745607317725627,1.7624176066309911,116.00625852466564,0,1.0,False,False,False,False,True,False,True,True,True,True,False,0.9885196003399117,False,False,68.0,68.0,68.0,13.450000000000001,68.0,53.7,0,262.0294021683167,0.985199011587295,0.0,e1_tracking_single_obstacle,M7,19,0.6,0.3
False,14.350000000000001,-0.23219652461694928,0.4238059107839362,True,89.92179311761545,0.17393972386891282,0.1940974773450894,261.4470708633713,0.26129279059169547,2.0057588852869475,1.7381722510795645,1.753651621346013,115.93263626523319,0,1.0,False,False,False,False,True,False,True,True,True,True,False,0.9942411147130525,False,False,68.0,68.0,68.0,13.5,68.0,53.7,0,261.69428841385866,0.9912035380416775,0.0,e1_tracking_single_obstacle,M7,20,0.6,0.3
False,14.450000000000001,-0.20943646800796023,0.42305648781280436,True,89.56494321601335,0.1575632951787001,0.19593436198873376,261.794126670043,0.2622286665521933,2.010697044223914,1.7445998974997061,1.761224654997027,115.87546265505148,0,1.0,False,False,False,False,True,False,True,True,True,True,False,0.9893029557760862,False,False,68.0,68.0,68.0,13.5,68.0,53.6,0,262.0009886688206,0.9860123109943902,0.0,e1_tracking_single_obstacle,M7,21,0.6,0.3
False,14.450000000000001,-0.2877353602503524,0.43231844030550665,True,89.30072312668304,0.15533213291963885,0.1961792799412197,261.7812686819004,0.2621918744311185,2.0104945240653556,1.7443377371607425,1.7609151621990753,115.71988605961091,0,1.0,False,False,False,False,True,False,True,True,True,True,False,0.9895054759346444,False,False,68.0,68.0,68.0,13.5,68.0,53.6,0,261.9903170484281,0.9862246533447874,0.0,e1_tracking_single_obstacle,M7,22,0.6,0.3
False,14.350000000000001,-0.32677531894534384,0.4246458922997324,True,89.33288789375621,0.1862164576426414,0.19373010041636052,261.8452001040892,0.2624046879258319,2.011763497273868,1.7459652928906313,1.7628449715998913,115.6420621198232,0,1.0,False,False,False,False,True,False,True,True,True,True,False,0.988236502726132,False,False,68.0,68.0,68.0,13.450000000000001,68.0,53.7,0,262.0272520892558,0.9849139614135558,0.0,e1_tracking_single_obstacle,M7,23,0.6,0.3
False,14.350000000000001,-0.25800368953597763,0.4250218016232463,True,89.57788621309199,0.17633409580382767,0.19421993632133236,261.70309391143627,0.26198727775448866,2.00944454598745,1.7429672807249388,1.759303976281047,115.72206949688825,0,1.0,False,False,False,False,True,False,True,True,True,True,False,0.9905554540125499,False,False,68.0,68.0,68.0,13.450000000000001,68.0,53.7,0,261.9133829836848,0.987344355504913,0.0,e1_tracking_single_obstacle,M7,24,0.6,0.3
False,14.350000000000001,-0.2604735987935295,0.42445056507083234,True,89.5884115708219,0.1734677743165097,0.19373010041636052,261.5932227667253,0.26168974906131987,2.007875989920945,1.7409258519052844,1.7568992065625217,115.65679573411401,0,1.0,False,False,False,False,True,False,True,True,True,True,False,0.9921240100790549,False,False,68.0,68.0,68.0,13.450000000000001,68.0,53.7,0,261.8151709516964,0.9889977476858343,0.0,e1_tracking_single_obstacle,M7,25,0.6,0.3
False,14.350000000000001,-0.2776380979738161,0.41904166796248155,True,89.56022258909526,0.20867193760904568,0.19373010041636052,261.3446058073481,0.26099586147836945,2.0039778383276405,1.7358800604971976,1.7509275650874516,115.37756789332435,0,1.0,False,False,False,False,True,False,True,True,True,True,False,0.9960221616723595,False,False,68.0,68.0,68.0,13.450000000000001,68.0,53.7,0,261.6450127720298,0.9929701259657702,0.0,e1_tracking_single_obstacle,M7,26,0.6,0.3
False,14.350000000000001,-0.27683432587864876,0.4227487927006325,True,89.43909798253337,0.18839362527044498,0.1934851824638746,261.8586205020325,0.26240294299177996,2.0116167850306694,1.7457961186501916,1.7626330767086447,115.84825863920838,0,1.0,False,False,False,False,True,False,True,True,True,True,False,0.9883832149693306,False,False,68.0,68.0,68.0,13.450000000000001,68.0,53.7,0,262.0622031769897,0.9850349985620204,0.0,e1_tracking_single_obstacle,M7,27,0.6,0.3
False,14.4,-0.23572132637338106,0.4219781465595218,True,89.63983930826885,0.19967724860968006,0.19373010041636052,261.8010234532888,0.2622454372845119,2.0107779440842948,1.7447062880089994,1.7613492168252878,115.86807817954723,0,1.0,False,False,False,False,True,False,True,True,True,True,False,0.9892220559157052,False,False,68.0,68.0,68.0,13.5,68.0,53.650000000000006,0,262.0087020118592,0.9859243416920953,0.0,e1_tracking_single_obstacle,M7,28,0.6,0.3
False,14.350000000000001,-0.21467839965177726,0.42312595872698167,True,89.77840200761793,0.2174155150334974,0.19336272348763164,261.82261736095086,0.2623196740944274,2.011230320059999,1.7452852772648255,1.762036578261105,116.01362076415158,0,1.0,False,False,False,False,True,False,True,True,True,True,False,0.9887696799400012,False,False,68.0,68.0,68.0,13.5,68.0,53.7,0,262.01931663287127,0.9854597303154713,0.0,e1_tracking_single_obstacle,M7,29,0.6,0.3
False,14.4,-0.2406390460509078,0.4247158901772152,True,89.61692305039374,0.15834689897970708,0.1949546901787901,261.7917073280795,0.2622201501870814,2.0106451144528243,1.7445334525327412,1.761145778497706,115.89461449349187,0,1.0,False,False,False,False,True,False,True,True,True,True,False,0.9893548855471757,False,False,68.0,68.0,68.0,13.5,68.0,53.650000000000006,0,261.9998330075088,0.9860661623345511,0.0,e1_tracking_single_obstacle,M7,30,0.6,0.3
False,14.3,-0.28186647536136056,0.4202903527722245,True,89.35714309132764,0.2103215422895436,0.19250551065393093,261.809041000505,0.26226753737207614,2.010896224663924,1.7448598805609496,1.761530222181705,115.61618139494558,0,1.0,False,False,False,False,True,False,True,True,True,True,False,0.9891037753360759,False,False,68.0,68.0,68.0,13.4,68.0,53.75,0,262.0159865418414,0.9857992016086699,0.0,e1_tracking_single_obstacle,M7,31,0.6,0.3
False,14.450000000000001,-0.20906918908145067,0.42049419212977274,True,89.27364917805016,0.14250213913490348,0.1955669850600049,261.201384535542,0.26068579054017965,2.0028491115880223,1.7343384241149382,1.7491592600213575,114.94920358609527,0,1.0,False,False,False,False,True,False,True,True,True,True,False,0.9971508884119777,False,False,68.0,68.0,68.0,13.5,68.0,53.6,0,261.4465550837022,0.9943065681771199,0.0,e1_tracking_single_obstacle,M7,32,0.6,0.3
False,14.4,-0.2165933513429562,0.42319770096654186,True,89.6872998040541,0.20031992806771765,0.19421993632133236,261.5056048554558,0.26145814534568035,2.006678627756909,1.7393633834612345,1.7550603042598825,115.38169705675128,0,1.0,False,False,False,False,True,False,True,True,True,True,False,0.9933213722430909,False,False,68.0,68.0,68.0,13.5,68.0,53.650000000000006,0,261.73546956821775,0.9902598735053714,0.0,e1_tracking_single_obstacle,M7,33,0.6,0.3
False,14.3,-0.2511871405000733,0.4257682509178219,True,89.34128078791196,0.18199058601556325,0.19299534655890277,261.71707899565826,0.26201832959143306,2.0095795702251764,1.7431473226650462,1.759513305564374,115.17727102210996,0,1.0,False,False,False,False,True,False,True,True,True,True,False,0.9904204297748236,False,False,68.0,68.0,68.0,13.4,68.0,53.75,0,261.9309100495431,0.9871936370391965,0.0,e1_tracking_single_obstacle,M7,34,0.6,0.3
False,14.4,-0.2676239981032015,0.42313372026306095,True,89.61832772059779,0.19186396095457964,0.19458731325006123,261.5404226937046,0.2615345915451876,2.00699184812282,1.739784336038283,1.7555477104464081,115.5267657795888,0,1.0,False,False,False,False,True,False,True,True,True,True,False,0.9930081518771798,False,False,68.0,68.0,68.0,13.5,68.0,53.650000000000006,0,261.7804713727564,0.9899046133305223,0.0,e1_tracking_single_obstacle,M7,35,0.6,0.3
False,14.450000000000001,-0.2203754782333014,0.42587595380689575,True,89.36963486396652,0.16307490286572154,0.19581190301249082,261.819020280036,0.2622950001217282,2.0110429352787382,1.7450504223336003,1.7617547371410898,115.84528754516109,0,1.0,False,False,False,False,True,False,True,True,True,True,False,0.9889570647212618,False,False,68.0,68.0,68.0,13.5,68.0,53.6,0,262.02513211551326,0.985643764748818,0.0,e1_tracking_single_obstacle,M7,36,0.6,0.3
False,14.5,-0.256759033787755,0.4272799447863286,True,89.44674454699768,0.14758884083627288,0.1970364927749204,265.81286769687614,0.26761456636782494,1.9843416241855365,1.712258001716865,1.7281368364732959,115.71866602832833,0,1.0,False,False,False,False,True,False,True,True,True,True,False,1.0156583758144635,False,False,68.0,68.0,68.0,13.55,68.0,53.550000000000004,0,266.3137470256054,1.0121872795279796,0.0,e1_tracking_single_obstacle,M7,37,0.6,0.3
False,14.4,-0.22262108273085868,0.42262017343970504,True,89.11345328943706,0.16015854067394458,0.1955669850600049,261.39882493810177,0.26117077479155687,2.0051537362516973,1.7373783012062867,1.7527193200249516,114.72281793156375,0,1.0,False,False,False,False,True,False,True,True,True,True,False,0.9948462637483027,False,False,68.0,68.0,68.0,13.450000000000001,68.0,53.650000000000006,0,261.6478201148038,0.9918442251811744,0.0,e1_tracking_single_obstacle,M7,38,0.6,0.3
False,14.450000000000001,-0.2096000541354468,0.4219159233683375,True,89.54105300070665,0.17002428572713943,0.19593436198873376,261.6251113764427,0.2617700585548678,2.0082721611258068,1.7414455998358358,1.7575089431534494,115.31954196212249,0,1.0,False,False,False,False,True,False,True,True,True,True,False,0.9917278388741932,False,False,68.0,68.0,68.0,13.5,68.0,53.6,0,261.84786240376525,0.9885732203142317,0.0,e1_tracking_single_obstacle,M7,39,0.6,0.3
False,14.4,-0.2671834733002132,0.4218445507408163,True,89.7661381440788,0.2094235921260482,0.19421993632133236,259.12194758442865,0.25774126391718105,1.9923742630952663,1.719489463189784,1.7527594701439375,115.33728981884701,0,1.0,False,False,False,False,True,False,True,True,True,True,False,1.0076257369047337,False,False,68.0,68.0,68.0,13.5,68.0,53.650000000000006,0,259.3580616570267,1.003269899232506,0.0,e1_tracking_single_obstacle,M7,10,0.6,0.7
False,14.3,-0.26555237372663176,0.4210250146575578,True,89.3370788769547,0.2090511605656691,0.19299534655890277,258.96574882504865,0.25699222301406305,1.9887193143980626,1.714736266080813,1.7457946796366866,115.07447349389734,0,1.0,False,False,False,False,True,False,True,True,True,True,False,1.0112806856019374,False,False,68.0,68.0,68.0,13.4,68.0,53.75,0,259.33748894347855,1.0068578451524803,0.0,e1_tracking_single_obstacle,M7,11,0.6,0.7
False,14.350000000000001,-0.2749217121311629,0.4248380190466191,True,89.38832982098235,0.1641535810950876,0.19544452608376195,260.3949422011677,0.2560365659805584,1.9576758036206858,1.6730109556099126,1.7030131686436287,115.80716154817317,0,1.0,False,False,False,False,True,False,True,True,True,True,False,1.0423241963793142,False,False,68.0,68.0,68.0,13.450000000000001,68.0,53.7,0,261.15909602112674,1.0373037879017692,0.0,e1_tracking_single_obstacle,M7,12,0.6,0.7
False,14.350000000000001,-0.2661808000019098,0.42300939520405356,True,88.92561694997582,0.15911524374932504,0.1947097722263042,259.86521122185746,0.2549520702591377,1.9542527189947483,1.6681810138464297,1.6963922186146052,115.07737506262124,0,1.0,False,False,False,False,True,False,True,True,True,True,False,1.0457472810052517,False,False,68.0,68.0,68.0,13.4,68.0,53.7,0,260.62139838648733,1.0408361341804895,0.0,e1_tracking_single_obstacle,M7,13,0.6,0.7
False,14.4,-0.46166724569316303,0.4298535051075775,True,89.37369246446849,0.3822308408476416,0.19544452608376195,259.10273391441905,0.257320145146882,1.990267290936128,1.7167905596216617,1.7487619373505565,115.5776883932144,0,1.0,False,False,False,False,True,False,True,True,True,True,False,1.009732709063872,False,False,68.0,68.0,68.0,13.450000000000001,68.0,53.650000000000006,0,259.4684509450372,1.0052660626966543,0.0,e1_tracking_single_obstacle,M7,14,0.6,0.7
False,14.4,-0.2580061417698093,0.42228836730090014,True,89.72606804614475,0.16698740366150502,0.1961792799412197,258.7245917269461,0.2564092174023389,1.986001385235452,1.7111237066548595,1.7405800934054434,115.60204189007952,0,1.0,False,False,False,False,True,False,True,True,True,True,False,1.013998614764548,False,False,68.0,68.0,68.0,13.5,68.0,53.650000000000006,0,259.11250186475684,1.0096410621495435,0.0,e1_tracking_single_obstacle,M7,15,0.6,0.7
False,14.350000000000001,-0.27985521113969414,0.4218254018129103,True,89.3367053350885,0.1673753467010764,0.1949546901787901,259.21233820755054,0.2575953586438274,1.9915836572177712,1.7185316356844407,1.7512832879727784,115.71299265863401,0,1.0,False,False,False,False,True,False,True,True,True,True,False,1.0084163427822288,False,False,68.0,68.0,68.0,13.450000000000001,68.0,53.7,0,259.5684196491757,1.0039191935155118,0.0,e1_tracking_single_obstacle,M7,16,0.6,0.7
False,14.450000000000001,-0.33170015541869036,0.41880738133231443,True,90.01423911590149,0.18144689037257833,0.19532206710751898,258.59873982412813,0.25609061502254016,1.9845298386708403,1.709167959940498,1.7377531815255123,115.67020615063944,0,1.0,False,False,False,False,True,False,True,True,True,True,False,1.0154701613291597,False,False,68.0,68.0,68.0,13.55,68.0,53.6,0,259.004918268471,1.0111277063213868,0.0,e1_tracking_single_obstacle,M7,17,0.6,0.7
False,14.4,-0.24320489944409496,0.423899035546982,True,89.29786053800788,0.17886769146474724,0.19483223120254714,260.09775260017426,0.2554284534829944,1.9557514223615298,1.6702976452660303,1.699291772322108,115.37331304878548,0,1.0,False,False,False,False,True,False,True,True,True,True,False,1.0442485776384702,False,False,68.0,68.0,68.0,13.450000000000001,68.0,53.650000000000006,0,260.85741782417574,1.0392902316022978,0.0,e1_tracking_single_obstacle,M7,18,0.6,0.7
False,14.350000000000001,-0.2477193936661375,0.421446601941071,True,89.72540614260865,0.2248805132301682,0.19324026451138868,259.1489599045599,0.25746846770563664,1.9909875766347882,1.7177351885915473,1.7501407450820061,115.70173648449943,0,1.0,False,False,False,False,True,False,True,True,True,True,False,1.0090124233652118,False,False,68.0,68.0,68.0,13.450000000000001,68.0,53.7,0,259.4963503690694,1.0045511222052361,0.0,e1_tracking_single_obstacle,M7,19,0.6,0.7
False,14.350000000000001,-0.2309052576027225,0.4238605017063668,True,89.9350109621936,0.17344776190375627,0.19421993632133236,258.536182685973,0.25593945767092224,1.9838377947904737,1.7082455404530577,1.7364231773876164,115.80637983282591,0,1.0,False,False,False,False,True,False,True,True,True,True,False,1.0161622052095263,False,False,68.0,68.0,68.0,13.5,68.0,53.7,0,258.94822794486635,1.0118310653356768,0.0,e1_tracking_single_obstacle,M7,20,0.6,0.7
False,14.450000000000001,-0.20817003385932542,0.4230208892391362,True,89.56309285208384,0.15705602390528736,0.19605682096497673,259.0763484834955,0.25725967805040334,1.9899818293595812,1.7164112091692862,1.7482148492337164,115.64576834998752,0,1.0,False,False,False,False,True,False,True,True,True,True,False,1.0100181706404188,False,False,68.0,68.0,68.0,13.5,68.0,53.6,0,259.4418919363281,1.0055618899200967,0.0,e1_tracking_single_obstacle,M7,21,0.6,0.7
False,14.450000000000001,-0.2865070781204089,0.4322711350844343,True,89.29917000000047,0.1548411643076237,0.1964241978937056,259.0559668676184,0.2572082578974524,1.9897372980059764,1.7160875565967566,1.7477461780789245,115.47591570917862,0,1.0,False,False,False,False,True,False,True,True,True,True,False,1.0102627019940236,False,False,68.0,68.0,68.0,13.5,68.0,53.6,0,259.4236527541434,1.0058110436121348,0.0,e1_tracking_single_obstacle,M7,22,0.6,0.7
False,14.350000000000001,-0.3255431716074684,0.42474310466771664,True,89.3190967037448,0.1855890238988195,0.19397501836884642,259.168597108676,0.25755888238951946,1.9914351537385333,1.7183166825992504,1.7509956898574017,115.28103680790564,0,1.0,False,False,False,False,True,False,True,True,True,True,False,1.0085648462614667,False,False,68.0,68.0,68.0,13.450000000000001,68.0,53.7,0,259.4975247210906,1.0041176749913763,0.0,e1_tracking_single_obstacle,M7,23,0.6,0.7
False,14.350000000000001,-0.256774307677463,0.4250095359479382,True,89.57702353906939,0.17585219667894886,0.1943423952975753,258.9347350349111,0.2569243173817851,1.9884027517204237,1.7143140970147823,1.745187631385456,115.45919470156846,0,1.0,False,False,False,False,True,False,True,True,True,True,False,1.0115972482795763,False,False,68.0,68.0,68.0,13.450000000000001,68.0,53.7,0,259.304952140691,1.0071881488296697,0.0,e1_tracking_single_obstacle,M7,24,0.6,0.7
False,14.350000000000001,-0.25925518472119125,0.4244461960976757,True,89.59105811759002,0.1729340799904396,0.19373010041636052,258.76226587933473,0.25650060516604556,1.9864245853007914,1.7116867167466103,1.7413924705044224,115.43061506282497,0,1.0,False,False,False,False,True,False,True,True,True,True,False,1.0135754146992086,False,False,68.0,68.0,68.0,13.450000000000001,68.0,53.7,0,259.14721356508875,1.0092087513626813,0.0,e1_tracking_single_obstacle,M7,25,0.6,0.7
False,14.350000000000001,-0.2763477259291819,0.4191199699566258,True,89.5786896984271,0.20855998397580075,0.19373010041636052,258.340286729357,0.2554700442126944,1.9817032203376759,1.7053963195868647,1.7323173687776117,115.26236062412849,0,1.0,False,False,False,False,True,False,True,True,True,True,False,1.0182967796623241,False,False,68.0,68.0,68.0,13.450000000000001,68.0,53.7,0,258.7716865089483,1.013992334719996,0.0,e1_tracking_single_obstacle,M7,26,0.6,0.7
False,14.350000000000001,-0.2755649937724395,0.42276515295218353,True,89.43636266570431,0.18787553745553434,0.19360764144011755,259.17793974695763,0.25750494854482736,1.9911483156230931,1.7179571239821334,1.7504497601488858,115.61156146461542,0,1.0,False,False,False,False,True,False,True,True,True,True,False,1.0088516843769069,False,False,68.0,68.0,68.0,13.450000000000001,68.0,53.7,0,259.5386894809125,1.0043623292244923,0.0,e1_tracking_single_obstacle,M7,27,0.6,0.7
False,14.350000000000001,-0.23447985132375715,0.4220638286271283,True,89.63848220790037,0.19911544012997492,0.19385255939260349,259.08671001127897,0.2572822077776154,1.9900875399901292,1.7165520623486414,1.74841744964216,115.63495435481583,0,1.0,False,False,False,False,True,False,True,True,True,True,False,1.0099124600098708,False,False,68.0,68.0,68.0,13.450000000000001,68.0,53.7,0,259.4529086142752,1.005451206376662,0.0,e1_tracking_single_obstacle,M7,28,0.6,0.7
False,14.350000000000001,-0.21346725795643573,0.42324017596783775,True,89.77296923978763,0.21675518502037663,0.1934851824638746,259.12449614364766,0.25739827509285174,1.9906486769209877,1.7172891569594058,1.7494919809266278,115.73363921699884,0,1.0,False,False,False,False,True,False,True,True,True,True,False,1.0093513230790123,False,False,68.0,68.0,68.0,13.450000000000001,68.0,53.7,0,259.4777622704904,1.0048922051053164,0.0,e1_tracking_single_obstacle,M7,29,0.6,0.7
False,14.4,-0.23929423672189143,0.4246808527823828,True,89.61766048389022,0.15797527246062645,0.1949546901787901,259.0736291902048,0.25724718073985264,1.9899207152476739,1.7163317115968642,1.748097927051909,115.69640529826172,0,1.0,False,False,False,False,True,False,True,True,True,True,False,1.0100792847523261,False,False,68.0,68.0,68.0,13.5,68.0,53.650000000000006,0,259.4418983626784,1.0056210538447985,0.0,e1_tracking_single_obstacle,M7,30,0.6,0.7
False,14.3,-0.2806241902495339,0.4203705686553018,True,89.35531296165989,0.2097242231706095,0.19250551065393093,259.09885791286473,0.25731221811925065,1.9902301429274167,1.7167409407483616,1.7486907004893681,115.37947731126138,0,1.0,False,False,False,False,True,False,True,True,True,True,False,1.0097698570725833,False,False,68.0,68.0,68.0,13.4,68.0,53.75,0,259.4641478372668,1.0053051068649292,0.0,e1_tracking_single_obstacle,M7,31,0.6,0.7
False,14.450000000000001,-0.20799853351987363,0.42061058206568397,True,89.29239018252363,0.1419703440665807,0.1955669850600049,258.1705809572705,0.25510962645613167,1.9800991409786601,1.7032379498731829,1.7292365133792158,114.8540021990663,0,1.0,False,False,False,False,True,False,True,True,True,True,False,1.0199008590213399,False,False,68.0,68.0,68.0,13.5,68.0,53.6,0,258.58889796401496,1.0156798789441868,0.0,e1_tracking_single_obstacle,M7,32,0.6,0.7
False,14.4,-0.21533404300323977,0.42327525490416573,True,89.69168690604425,0.19965332354805687,0.19421993632133236,258.626250523444,0.2561724827878324,1.9849105329262828,1.7096709974344517,1.7384854144124244,115.18478533321081,0,1.0,False,False,False,False,True,False,True,True,True,True,False,1.0150894670737172,False,False,68.0,68.0,68.0,13.5,68.0,53.650000000000006,0,259.0214402319414,1.0107556233036545,0.0,e1_tracking_single_obstacle,M7,33,0.6,0.7
False,14.3,-0.24992356746670885,0.4257695813307425,True,89.33914976892076,0.18163531779953934,0.19311780553514574,258.95477531890697,0.25696232781802314,1.9885775904156124,1.714549026808954,1.7455229132239667,114.93684429938057,0,1.0,False,False,False,False,True,False,True,True,True,True,False,1.0114224095843876,False,False,68.0,68.0,68.0,13.4,68.0,53.75,0,259.32880129878123,1.007000431141437,0.0,e1_tracking_single_obstacle,M7,34,0.6,0.7
False,14.4,-0.26629583984826743,0.42320532513480724,True,89.62883465827318,0.19171958038207512,0.1949546901787901,258.6800197359672,0.2562794087086075,1.9853948118760172,1.7103222545967225,1.7394143473369659,115.37391839392022,0,1.0,False,False,False,False,True,False,True,True,True,True,False,1.0146051881239828,False,False,68.0,68.0,68.0,13.5,68.0,53.650000000000006,0,259.0834753763908,1.0102385950484642,0.0,e1_tracking_single_obstacle,M7,35,0.6,0.7
False,14.450000000000001,-0.2191537217375551,0.42596035552484,True,89.36699390935955,0.16262326834192523,0.1961792799412197,259.11517606874725,0.25735251307118373,1.9904217453220603,1.7169946954132798,1.7490577944767491,115.60003707097825,0,1.0,False,False,False,False,True,False,True,True,True,True,False,1.0095782546779397,False,False,68.0,68.0,68.0,13.5,68.0,53.6,0,259.479298666244,1.005108598189558,0.0,e1_tracking_single_obstacle,M7,36,0.6,0.7
False,14.5,-0.255412309122951,0.427269945569803,True,89.43639464430328,0.1473512553937137,0.19728141072740632,260.34251654542527,0.25592761081005444,1.9573537703384154,1.6725531222437058,1.7023980481756575,115.45948356893737,0,1.0,False,False,False,False,True,False,True,True,True,True,False,1.0426462296615846,False,False,68.0,68.0,68.0,13.55,68.0,53.550000000000004,0,261.0832633764507,1.0377123170622244,0.0,e1_tracking_single_obstacle,M7,37,0.6,0.7
False,14.350000000000001,-0.2212969701071006,0.4226472396774134,True,89.12666635164386,0.15976350195762165,0.1955669850600049,258.4605681784613,0.2557648746782993,1.9830445391587583,1.707185266358295,1.7348988184500058,114.6008294835894,0,1.0,False,False,False,False,True,False,True,True,True,True,False,1.0169554608412417,False,False,68.0,68.0,68.0,13.450000000000001,68.0,53.7,0,258.875238767508,1.0126453595969693,0.0,e1_tracking_single_obstacle,M7,38,0.6,0.7
False,14.4,-0.20837916064529427,0.42199996770274434,True,89.54196784846971,0.16958021104286577,0.1961792799412197,258.81209510889556,0.2566145346946477,1.9869514356160638,1.712389163332033,1.7424034466135176,115.10115022953204,0,1.0,False,False,False,False,True,False,True,True,True,True,False,1.0130485643839362,False,False,68.0,68.0,68.0,13.5,68.0,53.650000000000006,0,259.196826215014,1.0086640262232422,0.0,e1_tracking_single_obstacle,M7,39,0.6,0.7
False,14.4,-0.26627706394777695,0.42190912378561446,True,89.9258172825066,0.2088113290900432,0.19421993632133236,255.85544932892273,0.2462703359589804,1.9317050169633088,1.6350912606730077,1.662757691810319,116.05029106777921,0,1.0,False,False,False,False,True,False,True,True,True,True,False,1.0682949830366912,False,False,68.0,68.0,68.0,13.5,68.0,53.650000000000006,0,256.80354157125964,1.062168817156084,0.0,e1_tracking_single_obstacle,M7,10,0.6,1.0
False,14.3,-0.264625595246893,0.4210937822804905,True,89.37392101250055,0.2084912768783169,0.19299534655890277,256.871563269776,0.253425234232762,1.9730801626984118,1.6933376241796705,1.7279711449235322,115.15893001284459,0,1.0,False,False,False,False,True,False,True,True,True,True,False,1.0269198373015882,False,False,68.0,68.0,68.0,13.4,68.0,53.75,0,257.3739379513565,1.0215250515679686,0.0,e1_tracking_single_obstacle,M7,11,0.6,1.0
False,14.350000000000001,-0.27397651035590165,0.42489930653338087,True,89.44486651249014,0.16404589694340946,0.19544452608376195,256.8437701305194,0.24830161448881247,1.9380816604686004,1.6441970159017836,1.6771264456203552,116.04730182706666,0,1.0,False,False,False,False,True,False,True,True,True,True,False,1.0619183395313996,False,False,68.0,68.0,68.0,13.450000000000001,68.0,53.7,0,257.7921366858184,1.0557181632879153,0.0,e1_tracking_single_obstacle,M7,12,0.6,1.0
False,14.350000000000001,-0.26533208727787294,0.4230858251031866,True,88.98620150076906,0.1587924374045923,0.1947097722263042,256.23163530396624,0.24704397951568077,1.9341244271446956,1.6385515396512684,1.6682124694475724,115.3388326726538,0,1.0,False,False,False,False,True,False,True,True,True,True,False,1.0658755728553044,False,False,68.0,68.0,68.0,13.4,68.0,53.7,0,257.1797539410611,1.0597227733819572,0.0,e1_tracking_single_obstacle,M7,13,0.6,1.0
False,14.4,-0.4635139642227914,0.4297961586572813,True,89.40999994919837,0.409309108142028,0.19544452608376195,257.04444724443937,0.25380449907562913,1.9748681325620625,1.695729228967648,1.7320283161978833,115.65581234500999,0,1.0,False,False,False,False,True,False,True,True,True,True,False,1.0251318674379375,False,False,68.0,68.0,68.0,13.450000000000001,68.0,53.650000000000006,0,257.5390135661572,1.0197229508030208,0.0,e1_tracking_single_obstacle,M7,14,0.6,1.0
False,14.4,-0.2570277720472004,0.42235253806068834,True,89.77078811048202,0.16648197343372792,0.1961792799412197,256.5797909526985,0.2527769563676221,1.9700678270305831,1.6893011181757074,1.7211321939569781,115.77306926349002,0,1.0,False,False,False,False,True,False,True,True,True,True,False,1.0299321729694169,False,False,68.0,68.0,68.0,13.5,68.0,53.650000000000006,0,257.099721503686,1.024552551709762,0.0,e1_tracking_single_obstacle,M7,15,0.6,1.0
False,14.350000000000001,-0.2789349345655241,0.4218840327069169,True,89.36742202518289,0.16709494782103154,0.19519960813127601,257.18212012942826,0.2541213870994033,1.9763682819968909,1.6977302248593895,1.7354291713627576,115.74358703366823,0,1.0,False,False,False,False,True,False,True,True,True,True,False,1.0236317180031091,False,False,68.0,68.0,68.0,13.450000000000001,68.0,53.7,0,257.6656023830007,1.0182180449123444,0.0,e1_tracking_single_obstacle,M7,16,0.6,1.0
False,14.450000000000001,-0.33074510659826084,0.418898901563284,True,90.06535331371832,0.18119560662498038,0.19532206710751898,256.4248579601443,0.252400921803929,1.9683706847456361,1.6870261467692755,1.7172791959434712,115.85727482427096,0,1.0,False,False,False,False,True,False,True,True,True,True,False,1.0316293152543639,False,False,68.0,68.0,68.0,13.55,68.0,53.6,0,256.9675344035037,1.0262337583543029,0.0,e1_tracking_single_obstacle,M7,17,0.6,1.0
False,14.4,-0.24222354232593846,0.4239029324327368,True,89.35406449638685,0.17864004106704084,0.19483223120254714,256.49791079739043,0.24759124344467245,1.9358425891643023,1.6410048891744289,1.672083908767775,115.6054755164491,0,1.0,False,False,False,False,True,False,True,True,True,True,False,1.0641574108356977,False,False,68.0,68.0,68.0,13.450000000000001,68.0,53.650000000000006,0,257.44615858649604,1.057984395827335,0.0,e1_tracking_single_obstacle,M7,18,0.6,1.0
False,14.350000000000001,-0.24679381852095084,0.42151419273257335,True,89.75409869677144,0.22440750971103046,0.19336272348763164,257.10206800388204,0.25398470399530615,1.9756988530400743,1.6968291539624636,1.7339067444277672,115.69155154907148,0,1.0,False,False,False,False,True,False,True,True,True,True,False,1.0243011469599257,False,False,68.0,68.0,68.0,13.450000000000001,68.0,53.7,0,257.57489301839,1.0189169764256403,0.0,e1_tracking_single_obstacle,M7,19,0.6,1.0
False,14.350000000000001,-0.22994282844844194,0.42390129096069096,True,89.98900488668262,0.17308363473795252,0.19421993632133236,256.34972837505154,0.25223017841648293,1.9675971508840664,1.6859865747908303,1.7155215536695319,116.01487590107236,0,1.0,False,False,False,False,True,False,True,True,True,True,False,1.0324028491159336,False,False,68.0,68.0,68.0,13.5,68.0,53.7,0,256.89917512401684,1.0270061606409238,0.0,e1_tracking_single_obstacle,M7,20,0.6,1.0
False,14.450000000000001,-0.20722498673885958,0.4229945224831841,True,89.59827430442309,0.15668173925056655,0.19605682096497673,257.01060486298957,0.2537334130769045,1.9745300900869605,1.6952767803619753,1.731261108869493,115.71787456222899,0,1.0,False,False,False,False,True,False,True,True,True,True,False,1.0254699099130395,False,False,68.0,68.0,68.0,13.5,68.0,53.6,0,257.5054725719781,1.0200658165243568,0.0,e1_tracking_single_obstacle,M7,21,0.6,1.0
False,14.450000000000001,-0.28559075399169154,0.4322360782479956,True,89.3348292012904,0.15447918949858352,0.1964241978937056,256.98550539313544,0.2536757340512353,1.9742588185492116,1.6949145463718542,1.7306457648629627,115.53900375843334,0,1.0,False,False,False,False,True,False,True,True,True,True,False,1.0257411814507884,False,False,68.0,68.0,68.0,13.5,68.0,53.6,0,257.4825383972371,1.0203371865597055,0.0,e1_tracking_single_obstacle,M7,22,0.6,1.0
False,14.350000000000001,-0.32462401068464686,0.4248158823178536,True,89.33258383594669,0.1851192228460911,0.1940974773450894,257.12499092032715,0.25415600444095293,1.9764724959088713,1.6978381994185106,1.7356425920728245,115.13183445795278,0,1.0,False,False,False,False,True,False,True,True,True,True,False,1.0235275040911287,False,False,68.0,68.0,68.0,13.450000000000001,68.0,53.7,0,257.5577485931768,1.0181970292043099,0.0,e1_tracking_single_obstacle,M7,23,0.6,1.0
False,14.350000000000001,-0.2558571096201703,0.4250005909216403,True,89.61495445623667,0.17549310343044308,0.1943423952975753,256.83263436783454,0.2533485792210137,1.9727150733224856,1.6928474231627664,1.727141635792049,115.52111782266275,0,1.0,False,False,False,False,True,False,True,True,True,True,False,1.0272849266775144,False,False,68.0,68.0,68.0,13.450000000000001,68.0,53.7,0,257.3335717320878,1.0218984009869347,0.0,e1_tracking_single_obstacle,M7,24,0.6,1.0
False,14.350000000000001,-0.2583462780202791,0.4244426107192594,True,89.63428238038631,0.17253786141727206,0.19373010041636052,256.61911942791505,0.2528614867873003,1.9704600785761681,1.6898277451844737,1.7220232868590555,115.54196463818084,0,1.0,False,False,False,False,True,False,True,True,True,True,False,1.0295399214238319,False,False,68.0,68.0,68.0,13.450000000000001,68.0,53.7,0,257.1376738081482,1.024156782459499,0.0,e1_tracking_single_obstacle,M7,25,0.6,1.0
False,14.350000000000001,-0.27538503300059114,0.41917782025427397,True,89.63975843604872,0.20847691488905826,0.19385255939260349,256.1152791377026,0.2517068128119695,1.9652370103882957,1.6828091776151126,1.710155598428891,115.50484920462681,0,1.0,False,False,False,False,True,False,True,True,True,True,False,1.0347629896117043,False,False,68.0,68.0,68.0,13.450000000000001,68.0,53.7,0,256.68317395321924,1.0293647163988855,0.0,e1_tracking_single_obstacle,M7,26,0.6,1.0
False,14.350000000000001,-0.2746178438088157,0.42277744451026933,True,89.46930552374894,0.1874927583665293,0.19373010041636052,257.13897411723497,0.254017111696018,1.9758752283529797,1.6970737568111793,1.734312127204918,115.66651120395716,0,1.0,False,False,False,False,True,False,True,True,True,True,False,1.0241247716470203,False,False,68.0,68.0,68.0,13.450000000000001,68.0,53.7,0,257.627635520545,1.0187102040747722,0.0,e1_tracking_single_obstacle,M7,27,0.6,1.0
False,14.350000000000001,-0.2335536163958779,0.42212798806553214,True,89.67387447686092,0.19870038423530026,0.19385255939260349,257.0238234893725,0.25375962695654225,1.9746554814604291,1.6954449204815967,1.7315458075153582,115.70336635023467,0,1.0,False,False,False,False,True,False,True,True,True,True,False,1.0253445185395709,False,False,68.0,68.0,68.0,13.450000000000001,68.0,53.7,0,257.51918152542714,1.0199374299157946,0.0,e1_tracking_single_obstacle,M7,28,0.6,1.0
False,14.350000000000001,-0.21256351968730525,0.4233338900279694,True,89.80417103419632,0.21626478682846345,0.19360764144011755,257.07032649129917,0.2538959573723476,1.9752848274910946,1.6962797603470288,1.7329699008364323,115.75426641776511,0,1.0,False,False,False,False,True,False,True,True,True,True,False,1.0247151725089054,False,False,68.0,68.0,68.0,13.450000000000001,68.0,53.7,0,257.5512173702118,1.019323522190496,0.0,e1_tracking_single_obstacle,M7,29,0.6,1.0
False,14.4,-0.23829072409305985,0.4246548998924993,True,89.65486294565403,0.15770321555263297,0.19507714915503307,257.0089261728471,0.2537197981163855,1.9744713968402177,1.695199999824891,1.731129078825007,115.79396376748902,0,1.0,False,False,False,False,True,False,True,True,True,True,False,1.0255286031597823,False,False,68.0,68.0,68.0,13.5,68.0,53.650000000000006,0,257.507418567925,1.0201195946343682,0.0,e1_tracking_single_obstacle,M7,30,0.6,1.0
False,14.3,-0.27969737808894857,0.42043063619669313,True,89.39018219457043,0.20928262174199377,0.19299534655890277,257.0385524205185,0.25379306473950786,1.9748131245750054,1.695655451890699,1.731903323843701,115.44379207679815,0,1.0,False,False,False,False,True,False,True,True,True,True,False,1.0251868754249946,False,False,68.0,68.0,68.0,13.4,68.0,53.75,0,257.53286249955545,1.0197791082722614,0.0,e1_tracking_single_obstacle,M7,31,0.6,1.0
False,14.450000000000001,-0.20719970887625438,0.42069732552633143,True,89.35607180871203,0.1415811115749842,0.19581190301249082,255.903175091564,0.2512824459710651,1.963290686193256,1.680179174988084,1.705726068484178,115.12851366136668,0,1.0,False,False,False,False,True,False,True,True,True,True,False,1.036709313806744,False,False,68.0,68.0,68.0,13.5,68.0,53.6,0,256.4671221875045,1.0313480965753299,0.0,e1_tracking_single_obstacle,M7,32,0.6,1.0
False,14.4,-0.21439449997558868,0.423314288840401,True,89.73827518195836,0.19915773329317327,0.1943423952975753,256.45203251912113,0.2524851946690566,1.9687346793788265,1.6875122444245882,1.7181044903409866,115.3342041090485,0,1.0,False,False,False,False,True,False,True,True,True,True,False,1.0312653206211735,False,False,68.0,68.0,68.0,13.5,68.0,53.650000000000006,0,256.9832981747102,1.0258853989407744,0.0,e1_tracking_single_obstacle,M7,33,0.6,1.0
False,14.3,-0.24898340454990897,0.4257706630002903,True,89.37599502086444,0.18137420398307866,0.19324026451138868,256.85849493028104,0.25339173608273396,1.9729260689524681,1.6931321268974497,1.7276218118470779,115.01720159844331,0,1.0,False,False,False,False,True,False,True,True,True,True,False,1.0270739310475319,False,False,68.0,68.0,68.0,13.4,68.0,53.75,0,257.3633193565414,1.0216770953095022,0.0,e1_tracking_single_obstacle,M7,34,0.6,1.0
False,14.4,-0.2653049173088675,0.42325882533508147,True,89.67871076890482,0.19161024846441427,0.1949546901787901,256.5252746550795,0.2526185779934315,1.9693701972608595,1.68836970413947,1.7195503733729007,115.54718248812934,0,1.0,False,False,False,False,True,False,True,True,True,True,False,1.0306298027391405,False,False,68.0,68.0,68.0,13.5,68.0,53.650000000000006,0,257.0634825183399,1.0252272153795348,0.0,e1_tracking_single_obstacle,M7,35,0.6,1.0
False,14.450000000000001,-0.21824208174324244,0.42601974779694773,True,89.40099789972358,0.1622902197433899,0.1961792799412197,257.05963108513913,0.2538408871380324,1.9750387948887482,1.6959567961952924,1.7324150476845324,115.6558537122888,0,1.0,False,False,False,False,True,False,True,True,True,True,False,1.0249612051112518,False,False,68.0,68.0,68.0,13.5,68.0,53.6,0,257.55249572561826,1.0195522286315966,0.0,e1_tracking_single_obstacle,M7,36,0.6,1.0
False,14.5,-0.2544075212196847,0.42726267561437736,True,89.48687655209824,0.1470032603775596,0.19728141072740632,256.02292668016827,0.25147651877554406,1.964229748204879,1.6814541189706087,1.7078627428989492,115.45642618801357,0,1.0,False,False,False,False,True,False,True,True,True,True,False,1.035770251795121,False,False,68.0,68.0,68.0,13.55,68.0,53.550000000000004,0,256.6110910050668,1.0303396762096504,0.0,e1_tracking_single_obstacle,M7,37,0.6,1.0
False,14.350000000000001,-0.22030900718582946,0.42266886006565635,True,89.18193479085457,0.15946800361330243,0.19568944403624786,256.2553107180581,0.25202660455520304,1.966668987397427,1.6847369562621524,1.7134114499683253,114.82245676473241,0,1.0,False,False,False,False,True,False,True,True,True,True,False,1.033331012602573,False,False,68.0,68.0,68.0,13.450000000000001,68.0,53.7,0,256.80887861044374,1.0279403649039833,0.0,e1_tracking_single_obstacle,M7,38,0.6,1.0
False,14.4,-0.20746809013428635,0.422062922934831,True,89.58305940259044,0.1692514599214177,0.1961792799412197,256.68264027826666,0.252995577679681,1.971085546036804,1.6906675086339131,1.7234441844901915,115.21218338843984,0,1.0,False,False,False,False,True,False,True,True,True,True,False,1.028914453963196,False,False,68.0,68.0,68.0,13.5,68.0,53.650000000000006,0,257.19998632160764,1.0235238056045268,0.0,e1_tracking_single_obstacle,M7,39,0.6,1.0
False,14.4,-0.2653748526910469,0.4219735986988048,True,90.04272483571583,0.20830664937181892,0.1943423952975753,252.5168159126951,0.23902351440261907,1.9125158916317444,1.606656545080423,1.6255877382289834,116.66667734210593,0,0.0,False,False,False,False,True,False,True,True,True,True,False,1.0874841083682556,False,False,68.0,68.0,68.0,13.5,68.0,53.650000000000006,0,253.64465990836973,1.0801505382554422,0.0,e1_tracking_single_obstacle,M7,10,0.6,1.3
False,14.3,-0.26370296799012005,0.4211624027179464,True,89.45691119906765,0.20793643995080008,0.19311780553514574,254.80234743083307,0.25003584163684867,1.9579995888828352,1.6725809445755146,1.7022205781191195,115.5497537771119,0,1.0,False,False,False,False,True,False,True,True,True,True,False,1.0420004111171648,False,False,68.0,68.0,68.0,13.4,68.0,53.75,0,255.43523992052462,1.0356807686449179,0.0,e1_tracking_single_obstacle,M7,11,0.6,1.3
False,14.350000000000001,-0.2730354630710059,0.42495877305325885,True,89.54431036616526,0.16394116810355897,0.19544452608376195,253.57832263833552,0.24119850289446257,1.9194072104319044,1.6165737005977077,1.6439290902932249,116.56791236183489,0,1.0,False,False,False,False,True,False,True,True,True,True,False,1.0805927895680956,False,False,68.0,68.0,68.0,13.450000000000001,68.0,53.7,0,254.69728665565148,1.0732607797446747,0.0,e1_tracking_single_obstacle,M7,12,0.6,1.3
False,14.350000000000001,-0.2644872014908327,0.42316214226248283,True,89.09313554008678,0.15848736988165946,0.19483223120254714,252.90723529666457,0.23982402809269013,1.9150446252229403,1.6103008650591393,1.6323265800472757,115.90574384638074,0,1.0,False,False,False,False,True,False,True,True,True,True,False,1.0849553747770597,False,False,68.0,68.0,68.0,13.4,68.0,53.7,0,254.03185864139334,1.0776224529532064,0.0,e1_tracking_single_obstacle,M7,13,0.6,1.3
False,14.4,-0.46539390220785,0.4297384547249907,True,89.49034818371359,0.2982960683840163,0.1955669850600049,255.00674007247292,0.2504442110113943,1.959985056993111,1.6752470600235787,1.7076318986132977,116.02312116601244,0,1.0,False,False,False,False,True,False,True,True,True,True,False,1.040014943006889,False,False,68.0,68.0,68.0,13.450000000000001,68.0,53.650000000000006,0,255.6307302076208,1.033705649853448,0.0,e1_tracking_single_obstacle,M7,14,0.6,1.3
False,14.4,-0.2560536790119712,0.42241655463713895,True,89.8621662946126,0.16549090017555768,0.1961792799412197,254.47699917173526,0.24938564203924693,1.9548658542246111,1.6683660646046599,1.6936682967798782,116.27729839961188,0,1.0,False,False,False,False,True,False,True,True,True,True,False,1.0451341457753889,False,False,68.0,68.0,68.0,13.5,68.0,53.650000000000006,0,255.12468558978716,1.0387974495322068,0.0,e1_tracking_single_obstacle,M7,15,0.6,1.3
False,14.350000000000001,-0.27801875742641846,0.4219428637062797,True,89.43999949884518,0.16681810227824664,0.19519960813127601,255.1671062013595,0.25077874452102217,1.9616188246124988,1.677434735898901,1.7120755403847947,116.04882996964406,0,1.0,False,False,False,False,True,False,True,True,True,True,False,1.0383811753875012,False,False,68.0,68.0,68.0,13.450000000000001,68.0,53.7,0,255.77945085682987,1.0320880720428205,0.0,e1_tracking_single_obstacle,M7,16,0.6,1.3
False,14.450000000000001,-0.3297940009545257,0.4189902311403831,True,90.16769563446616,0.1809503422316808,0.1955669850600049,254.3014232195165,0.24897887292838514,1.9529726480707532,1.6658244172202947,1.6885162268154765,116.38706583960882,0,1.0,False,False,False,False,True,False,True,True,True,True,False,1.0470273519292468,False,False,68.0,68.0,68.0,13.55,68.0,53.6,0,254.97707094617007,1.0406437971897038,0.0,e1_tracking_single_obstacle,M7,17,0.6,1.3
False,14.350000000000001,-0.24124647265302346,0.42390694318788025,True,89.45402886384812,0.17841853416257739,0.1949546901787901,253.19827619376798,0.2404203455444606,1.916934103173151,1.6130199178552478,1.6373552668169797,116.12625153495371,0,1.0,False,False,False,False,True,False,True,True,True,True,False,1.083065896826849,False,False,68.0,68.0,68.0,13.450000000000001,68.0,53.7,0,254.32048271137734,1.0757333161024667,0.0,e1_tracking_single_obstacle,M7,18,0.6,1.3
False,14.3,-0.24587231528684272,0.4215821719128557,True,89.82326454754622,0.22393418161474976,0.19336272348763164,255.06903668159043,0.2506334863195434,1.9608991663005824,1.676456295303703,1.710099047936169,115.93979456859414,0,1.0,False,False,False,False,True,False,True,True,True,True,False,1.0391008336994176,False,False,68.0,68.0,68.0,13.450000000000001,68.0,53.75,0,255.6677168147401,1.032836135065282,0.0,e1_tracking_single_obstacle,M7,19,0.6,1.3
False,14.350000000000001,-0.22898453227813087,0.4239299299660756,True,90.09494599784715,0.17271989624821932,0.1943423952975753,254.21877604731495,0.2488039034930475,1.9521536016266534,1.664720945017573,1.686280784868118,116.57111970672553,0,1.0,False,False,False,False,True,False,True,True,True,True,False,1.0478463983733466,False,False,68.0,68.0,68.0,13.5,68.0,53.7,0,254.90174236951572,1.0414520365295485,0.0,e1_tracking_single_obstacle,M7,20,0.6,1.3
False,14.450000000000001,-0.20628399405760744,0.4229684375554706,True,89.67771322609113,0.15631160367303293,0.1961792799412197,254.96540376028918,0.25036450058599063,1.9595954828373765,1.6747235053385723,1.7065696552652292,116.08199595215459,0,1.0,False,False,False,False,True,False,True,True,True,True,False,1.0404045171626235,False,False,68.0,68.0,68.0,13.5,68.0,53.6,0,255.59011948302933,1.034095203143527,0.0,e1_tracking_single_obstacle,M7,21,0.6,1.3
False,14.450000000000001,-0.28467857474792335,0.4322013797640038,True,89.41502543253709,0.15412265383719656,0.19654665686994857,254.9367413763705,0.25030522279166695,1.959307332206726,1.6743372027909025,1.705784957036959,115.89660416985043,0,1.0,False,False,False,False,True,False,True,True,True,True,False,1.040692667793274,False,False,68.0,68.0,68.0,13.5,68.0,53.6,0,255.56351564802912,1.03437997301162,0.0,e1_tracking_single_obstacle,M7,22,0.6,1.3
False,14.350000000000001,-0.323708809240172,0.42488890018152964,True,89.5580143859416,0.18458054139042948,0.1940974773450894,252.55876627798375,0.2391095668098773,1.912787239404213,1.6070479083439666,1.6263112193925076,116.30628178442649,0,0.0,False,False,False,False,True,False,True,True,True,True,False,1.087212760595787,False,False,68.0,68.0,68.0,13.450000000000001,68.0,53.7,0,253.68643481035812,1.079878474041564,0.0,e1_tracking_single_obstacle,M7,23,0.6,1.3
False,14.350000000000001,-0.25494401562375657,0.4249918616056042,True,89.69949473011687,0.17513621968305318,0.19458731325006123,254.7559183826446,0.2499525833844686,1.957591697620803,1.6720307326072696,1.701104899515713,115.89310651225182,0,1.0,False,False,False,False,True,False,True,True,True,True,False,1.042408302379197,False,False,68.0,68.0,68.0,13.450000000000001,68.0,53.7,0,255.3874934912324,1.0360926951833074,0.0,e1_tracking_single_obstacle,M7,24,0.6,1.3
False,14.350000000000001,-0.2574415962688298,0.4244378304364561,True,89.72691634501925,0.17214326915385142,0.19397501836884642,254.51151558420153,0.24944230035046144,1.9551463002469969,1.6687459242473224,1.6944387530319205,115.98429204387756,0,1.0,False,False,False,False,True,False,True,True,True,True,False,1.0448536997530031,False,False,68.0,68.0,68.0,13.450000000000001,68.0,53.7,0,255.16195584690905,1.0385105562529224,0.0,e1_tracking_single_obstacle,M7,25,0.6,1.3
False,14.350000000000001,-0.27442664999904853,0.4192348471208029,True,89.75551975891973,0.20839370396860896,0.19397501836884642,253.96165375889626,0.2482694517230076,1.9496615594202182,1.6613577781629236,1.6794706010960736,116.11386566569661,0,0.0,False,False,False,False,True,False,True,True,True,True,False,1.0503384405797818,False,False,68.0,68.0,68.0,13.450000000000001,68.0,53.7,0,254.66395619699935,1.0439171844058268,0.0,e1_tracking_single_obstacle,M7,26,0.6,1.3
False,14.350000000000001,-0.2736748038595418,0.42278975494841703,True,89.54470662589765,0.18711500573959045,0.19385255939260349,255.11694172808663,0.2506692902935337,1.961083908813973,1.6767199398568133,1.7106226725105484,116.00025038312542,0,1.0,False,False,False,False,True,False,True,True,True,True,False,1.038916091186027,False,False,68.0,68.0,68.0,13.450000000000001,68.0,53.7,0,255.7345600047092,1.0326151777558557,0.0,e1_tracking_single_obstacle,M7,27,0.6,1.3
False,14.350000000000001,-0.23263149216323764,0.42219206426603456,True,89.75332961153083,0.19829129310138885,0.19397501836884642,254.9813964467316,0.25039377972531,1.959739011277448,1.6749168103333854,1.7069614807359674,116.06251714668056,0,1.0,False,False,False,False,True,False,True,True,True,True,False,1.040260988722552,False,False,68.0,68.0,68.0,13.450000000000001,68.0,53.7,0,255.60643163611903,1.0339503811173203,0.0,e1_tracking_single_obstacle,M7,28,0.6,1.3
False,14.350000000000001,-0.21166370021706438,0.4234275223396176,True,89.87818065892974,0.21577732080513212,0.19385255939260349,255.03230619468354,0.2505323293062804,1.9604062312025476,1.6758028010369863,1.7087665334716766,116.05367417607278,0,1.0,False,False,False,False,True,False,True,True,True,True,False,1.0395937687974524,False,False,68.0,68.0,68.0,13.450000000000001,68.0,53.7,0,255.6421222512605,1.0333099038923992,0.0,e1_tracking_single_obstacle,M7,29,0.6,1.3
False,14.4,-0.23729154926217155,0.4246292228031611,True,89.73625985094657,0.15743695306497252,0.19519960813127601,254.96650870246953,0.25035480797455895,1.9595528210966007,1.6746690152861698,1.7064576083255187,116.18353340482429,0,1.0,False,False,False,False,True,False,True,True,True,True,False,1.0404471789033993,False,False,68.0,68.0,68.0,13.5,68.0,53.650000000000006,0,255.59532616642073,1.0341306373335177,0.0,e1_tracking_single_obstacle,M7,30,0.6,1.3
False,14.3,-0.2787747233426283,0.42049062466686987,True,89.46894391339474,0.20884634421019238,0.19299534655890277,254.99798703531496,0.2504280176085775,1.959905561669423,1.675140079982846,1.707414819542318,115.79758957635731,0,1.0,False,False,False,False,True,False,True,True,True,True,False,1.040094438330577,False,False,68.0,68.0,68.0,13.4,68.0,53.75,0,255.62193447602252,1.033785300525415,0.0,e1_tracking_single_obstacle,M7,31,0.6,1.3
False,14.4,-0.20640441930465858,0.42078383483157406,True,89.47739476240655,0.14120029500295006,0.19581190301249082,253.71466523186405,0.247807527169135,1.947464005104172,1.6583821348969765,1.673436083510756,115.79147013423757,0,0.0,False,False,False,False,True,False,True,True,True,True,False,1.052535994895828,False,False,68.0,68.0,68.0,13.5,68.0,53.650000000000006,0,254.41775203421014,1.0461224652415202,0.0,e1_tracking_single_obstacle,M7,32,0.6,1.3
False,14.4,-0.21345907891384186,0.42334356686090063,True,89.83638156373308,0.19866741614411035,0.19446485427381827,254.32216050643248,0.24904941206913553,1.9532811501698237,1.6662358413411664,1.68934833366397,115.8295853134502,0,1.0,False,False,False,False,True,False,True,True,True,True,False,1.0467188498301763,False,False,68.0,68.0,68.0,13.5,68.0,53.650000000000006,0,254.98652999622107,1.0403558319346404,0.0,e1_tracking_single_obstacle,M7,33,0.6,1.3
False,14.3,-0.248047351366791,0.4257718169043775,True,89.45916408306334,0.1811178305477334,0.19324026451138868,254.78834705272868,0.2500029084051895,1.9578424673488353,1.6723709072505086,1.7017937508939853,115.40635750555461,0,1.0,False,False,False,False,True,False,True,True,True,True,False,1.0421575326511647,False,False,68.0,68.0,68.0,13.4,68.0,53.75,0,255.4236591085961,1.0358336547878892,0.0,e1_tracking_single_obstacle,M7,34,0.6,1.3
False,14.4,-0.26431839522056966,0.4233121682786443,True,89.77844667574952,0.1915005887655084,0.1949546901787901,254.41622451375005,0.24920954585551583,1.954067931028236,1.6673007919563971,1.6915087165160763,116.05405477661024,0,1.0,False,False,False,False,True,False,True,True,True,True,False,1.045932068971764,False,False,68.0,68.0,68.0,13.5,68.0,53.650000000000006,0,255.0861893287881,1.0395550416816164,0.0,e1_tracking_single_obstacle,M7,35,0.6,1.3
False,14.4,-0.21733441684660204,0.4260791010881525,True,89.47859048224839,0.16196334835408918,0.1961792799412197,255.0234104991235,0.2504804178138438,1.9601606489276104,1.675482014698943,1.708109007356013,115.99917559417605,0,1.0,False,False,False,False,True,False,True,True,True,True,False,1.0398393510723896,False,False,68.0,68.0,68.0,13.5,68.0,53.650000000000006,0,255.64576201822263,1.0335321574955683,0.0,e1_tracking_single_obstacle,M7,36,0.6,1.3
False,14.5,-0.2534071912235185,0.4272556002906073,True,89.60219997466073,0.1468017198174298,0.19752632867989223,253.86463112546969,0.24805724175600108,1.9486924130544867,1.6600491586980997,1.6768240896737008,116.07583823416472,0,0.0,False,False,False,False,True,False,True,True,True,True,False,1.0513075869455133,False,False,68.0,68.0,68.0,13.55,68.0,53.550000000000004,0,254.57822881927686,1.0448679090481425,0.0,e1_tracking_single_obstacle,M7,37,0.6,1.3
False,14.350000000000001,-0.219325272196081,0.422690507309497,True,89.29051996644885,0.1591761828509513,0.19581190301249082,254.10992873598224,0.24858589438194745,1.9511250122316925,1.6633325678890911,1.6834675608928775,115.40170138727075,0,0.0,False,False,False,False,True,False,True,True,True,True,False,1.0488749877683075,False,False,68.0,68.0,68.0,13.450000000000001,68.0,53.7,0,254.79813968547117,1.0424747147532187,0.0,e1_tracking_single_obstacle,M7,38,0.6,1.3
False,14.4,-0.2065609240714651,0.4221303158950269,True,89.67259679576517,0.16892789934801744,0.19630173891746264,254.58701455756872,0.2495890048163102,1.9558532618862683,1.6696982606102089,1.6963704545969684,115.64726942681764,0,1.0,False,False,False,False,True,False,True,True,True,True,False,1.0441467381137317,False,False,68.0,68.0,68.0,13.5,68.0,53.650000000000006,0,255.2354941415407,1.0378046761301596,0.0,e1_tracking_single_obstacle,M7,39,0.6,1.3
False,14.65,-0.2682842404556933,0.4223064231221954,True,92.14945551083503,0.20105077567577195,0.1974038697036493,264.6727029423242,0.2680463131022031,2.0346978702712852,1.7765447560215468,1.7990311689111425,122.2316567830537,0,1.0,False,False,False,False,True,False,True,True,True,True,False,0.9653021297287148,False,False,68.0,68.0,68.0,13.75,68.0,53.400000000000006,0,264.7139134358586,0.9628459043788429,0.0,e1_tracking_single_obstacle,M7,10,0.7,0.3
False,14.55,-0.2666996757163581,0.42148667568341897,True,91.66051728101803,0.20073275891690642,0.19593436198873376,264.65129862235085,0.26794733507970775,2.0332653351462446,1.7747939400781676,1.7969201341307008,121.5124010424741,0,1.0,False,False,False,False,True,False,True,True,True,True,False,0.9667346648537554,False,False,68.0,68.0,68.0,13.65,68.0,53.5,0,264.7177986677429,0.9643920905339032,0.0,e1_tracking_single_obstacle,M7,11,0.7,0.3
False,14.65,-0.2757127176606853,0.42501085236355557,True,91.69444570308099,0.16008154500389404,0.19826108253734998,264.69274374110296,0.2680723598393251,2.034368323993585,1.776171025305827,1.7985642394708492,122.02146399256016,0,1.0,False,False,False,False,True,False,True,True,True,True,False,0.965631676006415,False,False,68.0,68.0,68.0,13.700000000000001,68.0,53.400000000000006,0,264.7561208120454,0.9631750006188915,0.0,e1_tracking_single_obstacle,M7,12,0.7,0.3
False,14.600000000000001,-0.267384363877607,0.4236077001921001,True,91.11727607531422,0.15065494812168415,0.1976487876561352,263.4845660497756,0.26760303163329574,2.0402890898588066,1.7826111760779282,1.8063761996412449,120.91928606848101,0,1.0,False,False,False,False,True,False,True,True,True,True,False,0.9597109101411934,False,False,68.0,68.0,68.0,13.65,68.0,53.45,0,263.7043051332093,0.9553950123829347,0.0,e1_tracking_single_obstacle,M7,13,0.7,0.3
False,14.65,-0.4762058133018883,0.42990532166353584,True,91.70494987224482,0.32221919171022134,0.1985060004898359,264.6837803595281,0.268045284883472,2.034133889994432,1.775878113229253,1.7982146871720672,122.00452932644568,0,1.0,False,False,False,False,True,False,True,True,True,True,False,0.9658661100055679,False,False,68.0,68.0,68.0,13.700000000000001,68.0,53.400000000000006,0,264.7476650628388,0.9634337810051951,0.0,e1_tracking_single_obstacle,M7,14,0.7,0.3
False,14.700000000000001,-0.2589048889569624,0.42275728905509913,True,92.05351042415752,0.15983307204021113,0.19936321332353663,264.5936019976616,0.26777329142530326,2.0315610722097834,1.7726753024307405,1.794384550466522,122.0282895781165,0,1.0,False,False,False,False,True,False,True,True,True,True,False,0.9684389277902166,False,False,68.0,68.0,68.0,13.75,68.0,53.35,0,264.6706706431271,0.9662620248663889,0.0,e1_tracking_single_obstacle,M7,15,0.7,0.3
False,14.65,-0.28069965046720324,0.4222810050362671,True,91.66680727053534,0.15870184181652583,0.19826108253734998,264.7117780864527,0.2681395898586465,2.035087213249987,1.777059614325128,1.7996297577612999,122.18354594959962,0,1.0,False,False,False,False,True,False,True,True,True,True,False,0.9649127867500131,False,False,68.0,68.0,68.0,13.700000000000001,68.0,53.400000000000006,0,264.7684441852085,0.9623887505013965,0.0,e1_tracking_single_obstacle,M7,16,0.7,0.3
False,14.700000000000001,-0.33252395143743985,0.4195342497765031,True,92.32821012325084,0.17436291662088985,0.19838354151359294,264.5818327896099,0.26772515260378743,2.0305748120707277,1.7714777557768873,1.7929345842903384,122.0183514533119,0,1.0,False,False,False,False,True,False,True,True,True,True,False,0.9694251879292723,False,False,68.0,68.0,68.0,13.8,68.0,53.35,0,264.6791967221602,0.967316325919332,0.0,e1_tracking_single_obstacle,M7,17,0.7,0.3
False,14.65,-0.24391906700442578,0.4239798005558797,True,91.50639618263273,0.17098608666839213,0.19801616458486407,263.4015422873556,0.26880245484949833,2.043529408329957,1.7871603104864466,1.8109335325944085,121.14463909182251,0,1.0,False,False,False,False,True,False,True,True,True,True,False,0.9564705916700431,False,False,68.0,68.0,68.0,13.700000000000001,68.0,53.400000000000006,0,266.0296643004282,0.953977282229233,0.0,e1_tracking_single_obstacle,M7,18,0.7,0.3
False,14.600000000000001,-0.2485024713443964,0.4219457915975835,True,92.06346938713683,0.21625598311856634,0.19654665686994857,264.6864696759255,0.268069969448056,2.0346193458986903,1.7764660976350706,1.798926591164525,122.20615074394877,0,1.0,False,False,False,False,True,False,True,True,True,True,False,0.9653806541013097,False,False,68.0,68.0,68.0,13.700000000000001,68.0,53.45,0,264.73891558054896,0.9629146194167477,0.0,e1_tracking_single_obstacle,M7,19,0.7,0.3
False,14.65,-0.23130668429903867,0.4239111450624477,True,92.242133096585,0.16759073834432442,0.19715895175116335,264.57986419308264,0.2677138823488112,2.030184301949695,1.771007540516658,1.7923628675422236,122.0984219937676,0,1.0,False,False,False,False,True,False,True,True,True,True,False,0.9698156980503052,False,False,68.0,68.0,68.0,13.700000000000001,68.0,53.400000000000006,0,264.6867263385451,0.9677304427693116,0.0,e1_tracking_single_obstacle,M7,20,0.7,0.3
False,14.700000000000001,-0.20878846233517567,0.42319436563434687,True,91.89133810145248,0.14986784137756765,0.1991182953710507,264.6774834099417,0.2680280376371246,2.034015653652049,1.7757282686739284,1.798037042068775,122.09230852919502,0,1.0,False,False,False,False,True,False,True,True,True,True,False,0.9659843463479509,False,False,68.0,68.0,68.0,13.75,68.0,53.35,0,264.74044894334276,0.963566421566604,0.0,e1_tracking_single_obstacle,M7,21,0.7,0.3
False,14.75,-0.2877551693357103,0.43259316836671646,True,91.61265919113092,0.14578147801368035,0.19948567229977957,264.6732810916965,0.26801246231582043,2.03382566583073,1.7754945667513857,1.7977560786111446,121.93727350858876,0,1.0,False,False,False,False,True,False,True,True,True,True,False,0.9661743341692701,False,False,68.0,68.0,68.0,13.75,68.0,53.300000000000004,0,264.73872365375485,0.9637726629628411,0.0,e1_tracking_single_obstacle,M7,22,0.7,0.3
False,14.65,-0.32681264486971007,0.4252243702637687,True,91.66291257423947,0.17720265458799442,0.19715895175116335,264.6839058463306,0.2680711191457774,2.0347654817193987,1.7766392853932167,1.7991384112326831,121.87814715665192,0,1.0,False,False,False,False,True,False,True,True,True,True,False,0.9652345182806013,False,False,68.0,68.0,68.0,13.700000000000001,68.0,53.400000000000006,0,264.73070375780696,0.9627618433696818,0.0,e1_tracking_single_obstacle,M7,23,0.7,0.3
False,14.600000000000001,-0.25783621748378927,0.4251761773183058,True,91.90058879510173,0.16791844903449546,0.1974038697036493,264.6399058366618,0.2679154730092416,2.0330243493418108,1.7744903123396913,1.7965591108396028,121.90397765890734,0,1.0,False,False,False,False,True,False,True,True,True,True,False,0.9669756506581892,False,False,68.0,68.0,68.0,13.700000000000001,68.0,53.45,0,264.70566861617425,0.9646605259767402,0.0,e1_tracking_single_obstacle,M7,24,0.7,0.3
False,14.600000000000001,-0.2605649775034934,0.424537364470655,True,91.90429575894149,0.1660433014872331,0.1970364927749204,264.60224597389396,0.2677984912759775,2.0318031568659154,1.7729766745317286,1.7947450680380839,121.82877483884533,0,1.0,False,False,False,False,True,False,True,True,True,True,False,0.9681968431340846,False,False,68.0,68.0,68.0,13.700000000000001,68.0,53.45,0,264.6780006436296,0.9659961940518714,0.0,e1_tracking_single_obstacle,M7,25,0.7,0.3
False,14.600000000000001,-0.27749904248834734,0.41959945372074275,True,91.85043917178992,0.20125215627776355,0.1970364927749204,269.7884407012716,0.28675446438255464,2.0396652375753646,1.7913673983167588,1.8140402581770931,121.531601020073,0,1.0,False,False,False,False,True,False,True,True,True,True,False,0.9603347624246354,False,False,68.0,68.0,68.0,13.700000000000001,68.0,53.45,0,273.6124804411435,0.9706337960319225,0.0,e1_tracking_single_obstacle,M7,26,0.7,0.3
False,14.65,-0.27616128217859004,0.4228294045029948,True,91.77080570312029,0.18017086662243384,0.19691403379867745,264.70524624002593,0.26811353026724993,2.034772353867408,1.7766724910392409,1.7991644297802303,122.05972494362055,0,1.0,False,False,False,False,True,False,True,True,True,True,False,0.9652276461325919,False,False,68.0,68.0,68.0,13.700000000000001,68.0,53.400000000000006,0,264.7660115108171,0.9627311277235652,0.0,e1_tracking_single_obstacle,M7,27,0.7,0.3
False,14.65,-0.23560612966815964,0.42252163686014,True,91.96753135712916,0.19116465692265622,0.19715895175116335,264.6820144413511,0.2680403475552082,2.0340977946443735,1.7758325598270759,1.7981605739126363,122.07436424832306,0,1.0,False,False,False,False,True,False,True,True,True,True,False,0.9659022053556265,False,False,68.0,68.0,68.0,13.700000000000001,68.0,53.400000000000006,0,264.7457308546747,0.9634740095325998,0.0,e1_tracking_single_obstacle,M7,28,0.7,0.3
False,14.600000000000001,-0.21431075632545626,0.42396189751817115,True,92.11123791254413,0.20859451513440005,0.19666911584619154,264.68253511788856,0.26805463508983207,2.0344362894638057,1.7762408787709114,1.7986559291602147,122.2035685186036,0,1.0,False,False,False,False,True,False,True,True,True,True,False,0.9655637105361943,False,False,68.0,68.0,68.0,13.700000000000001,68.0,53.45,0,264.73734285917135,0.9631137071789311,0.0,e1_tracking_single_obstacle,M7,29,0.7,0.3
False,14.65,-0.23970776189001508,0.42483242822657813,True,91.96102696058011,0.15330632848978323,0.19813862356110704,264.6790245699922,0.26803303627392794,2.034066117687892,1.7757908446182225,1.798111995668222,122.08554503821233,0,1.0,False,False,False,False,True,False,True,True,True,True,False,0.965933882312108,False,False,68.0,68.0,68.0,13.75,68.0,53.400000000000006,0,264.74159294307907,0.9635113613309798,0.0,e1_tracking_single_obstacle,M7,30,0.7,0.3
False,14.55,-0.2818302871918136,0.4207971116964327,True,91.68347191550973,0.2018794763074693,0.19581190301249082,264.6852792479618,0.2680510482235733,2.034205178793724,1.7759657377750382,1.7983200531613246,121.81297800461282,0,1.0,False,False,False,False,True,False,True,True,True,True,False,0.9657948212062761,False,False,68.0,68.0,68.0,13.65,68.0,53.5,0,264.7482165928779,0.9633562661676892,0.0,e1_tracking_single_obstacle,M7,31,0.7,0.3
False,14.700000000000001,-0.20946317372903478,0.42126395023109353,True,91.57133415044751,0.13501392219042338,0.19838354151359294,264.461290540035,0.26740784780426446,2.0279404009013273,1.768168555814068,1.788990360181015,121.1279564492313,0,1.0,False,False,False,False,True,False,True,True,True,True,False,0.9720595990986727,False,False,68.0,68.0,68.0,13.75,68.0,53.35,0,264.5587099198899,0.9702328327607981,0.0,e1_tracking_single_obstacle,M7,32,0.7,0.3
False,14.65,-0.21629568695259638,0.42338167464929866,True,92.00277071070033,0.19212636942843,0.19752632867989223,264.5732988306906,0.26771131642641227,2.0308415099219044,1.771786554359936,1.7933172539592772,121.54536975727078,0,1.0,False,False,False,False,True,False,True,True,True,True,False,0.9691584900780956,False,False,68.0,68.0,68.0,13.700000000000001,68.0,53.400000000000006,0,264.65784391510243,0.9670453224904051,0.0,e1_tracking_single_obstacle,M7,33,0.7,0.3
False,14.55,-0.25066723340062813,0.42573896150195756,True,91.67064706092913,0.17409537738326825,0.19630173891746264,264.6506205269991,0.26794351072034134,2.0331937138952996,1.774706979906362,1.796814916001691,121.41158881383119,0,1.0,False,False,False,False,True,False,True,True,True,True,False,0.9668062861047004,False,False,68.0,68.0,68.0,13.65,68.0,53.5,0,264.71868238193207,0.9644687092333234,0.0,e1_tracking_single_obstacle,M7,34,0.7,0.3
False,14.65,-0.26737774686837024,0.42352487887822476,True,91.94035997362795,0.18394017123878542,0.19801616458486407,264.604809949632,0.26778719815978774,2.031086590038429,1.7721203180519338,1.7937003398203935,121.72838936017664,0,1.0,False,False,False,False,True,False,True,True,True,True,False,0.968913409961571,False,False,68.0,68.0,68.0,13.700000000000001,68.0,53.400000000000006,0,264.7023551316095,0.9667491494911488,0.0,e1_tracking_single_obstacle,M7,35,0.7,0.3
False,14.700000000000001,-0.219943688799904,0.4264137944645203,True,91.69050931033411,0.15394503483401842,0.19924075434729366,264.6888887973445,0.26806243220158965,2.0343111713260495,1.7760976608749168,1.7984777579996163,122.05989092346957,0,1.0,False,False,False,False,True,False,True,True,True,True,False,0.9656888286739505,False,False,68.0,68.0,68.0,13.75,68.0,53.35,0,264.7513290185982,0.9632395343207838,0.0,e1_tracking_single_obstacle,M7,36,0.7,0.3
False,14.75,-0.25653316500986356,0.4273900162917345,True,91.68383926252721,0.13940267537654935,0.20034288513348028,263.8740235922995,0.2707136614560867,2.0458998107537893,1.7912008054507678,1.8148014573069688,121.47814966421087,0,1.0,False,False,False,False,True,False,True,True,True,True,False,0.9541001892462107,False,False,68.0,68.0,68.0,13.8,68.0,53.300000000000004,0,268.3440897622901,0.9572482476892702,0.0,e1_tracking_single_obstacle,M7,37,0.7,0.3
False,14.65,-0.2218152894960831,0.42281895966016847,True,91.42276366364644,0.15158651520237268,0.1991182953710507,264.56657046011554,0.2676754756388336,2.0296673331737685,1.7703716048619995,1.7915974833355621,120.93634815455273,0,1.0,False,False,False,False,True,False,True,True,True,True,False,0.9703326668262315,False,False,68.0,68.0,68.0,13.700000000000001,68.0,53.400000000000006,0,264.6793041477642,0.9682915195509594,0.0,e1_tracking_single_obstacle,M7,38,0.7,0.3
False,14.700000000000001,-0.20901663190054076,0.4223831543882223,True,91.86741159318478,0.16216316986600604,0.19924075434729366,264.6185798534303,0.267842633681166,2.0321233457466383,1.7733814022057521,1.7952257234251543,121.54671746523837,0,1.0,False,False,False,False,True,False,True,True,True,True,False,0.9678766542533617,False,False,68.0,68.0,68.0,13.75,68.0,53.35,0,264.6958304656722,0.9656386191836657,0.0,e1_tracking_single_obstacle,M7,39,0.7,0.3
False,14.65,-0.266888663765788,0.4224101137413223,True,92.11242063407171,0.20035333280923057,0.19777124663237816,261.60201850726065,0.26197251277671924,2.011168751159124,1.7446683663254345,1.7901910171808326,121.76188404288858,0,1.0,False,False,False,False,True,False,True,True,True,True,False,0.9888312488408761,False,False,68.0,68.0,68.0,13.75,68.0,53.400000000000006,0,261.81461527481827,0.9851918249834429,0.0,e1_tracking_single_obstacle,M7,10,0.7,0.7
False,14.55,-0.2652729219068851,0.4215920688133945,True,91.63281626064395,0.19995878085225416,0.1961792799412197,261.47877929781953,0.2616052328529081,2.0090938894417936,1.7419924820463348,1.786245866045841,121.1390855510748,0,1.0,False,False,False,False,True,False,True,True,True,True,False,0.9909061105582064,False,False,68.0,68.0,68.0,13.65,68.0,53.5,0,261.72705086437895,0.9873342423904192,0.0,e1_tracking_single_obstacle,M7,11,0.7,0.7
False,14.600000000000001,-0.2742588544991178,0.4250270358352827,True,91.67135215870235,0.15992016132072542,0.1985060004898359,261.59608700250743,0.2619035272290293,2.0106357530452486,1.7440036537117642,1.7891764100998622,121.6811233258912,0,1.0,False,False,False,False,True,False,True,True,True,True,False,0.9893642469547514,False,False,68.0,68.0,68.0,13.700000000000001,68.0,53.45,0,261.84071217083203,0.9857036918252646,0.0,e1_tracking_single_obstacle,M7,12,0.7,0.7
False,14.600000000000001,-0.2660780582590143,0.423730633838234,True,91.19348650613878,0.1500278906476656,0.1976487876561352,264.54359431540627,0.2650431999787825,1.9798958262415596,1.7050899985631807,1.7467356116742236,121.012590094427,0,1.0,False,False,False,False,True,False,True,True,True,True,False,1.0201041737584404,False,False,68.0,68.0,68.0,13.65,68.0,53.45,0,265.1329828527159,1.016247489866232,0.0,e1_tracking_single_obstacle,M7,13,0.7,0.7
False,14.65,-0.4790848365796038,0.4298201064682539,True,91.68152094910684,0.30856332833990985,0.19875091844232182,261.57065843298216,0.26184020969729466,2.010312162834874,1.743580959433114,1.7885616601510912,121.65246976916029,0,1.0,False,False,False,False,True,False,True,True,True,True,False,0.9896878371651261,False,False,68.0,68.0,68.0,13.700000000000001,68.0,53.400000000000006,0,261.81506715861406,0.9860475165444558,0.0,e1_tracking_single_obstacle,M7,14,0.7,0.7
False,14.65,-0.2573990176047126,0.4228546545502469,True,92.03027363459904,0.15405160602341925,0.19948567229977957,261.15759612860853,0.2607753049388126,2.004777133808899,1.7363635237793262,1.7780219828394106,121.64078336800041,0,1.0,False,False,False,False,True,False,True,True,True,True,False,0.9952228661911011,False,False,68.0,68.0,68.0,13.75,68.0,53.400000000000006,0,261.4419354290525,0.9918396942216786,0.0,e1_tracking_single_obstacle,M7,15,0.7,0.7
False,14.600000000000001,-0.2792837212269461,0.42237371905121984,True,91.63798350699128,0.15832992078228628,0.19838354151359294,261.6610711773776,0.2620829900385056,2.0116160058571437,1.7452731703007085,1.7910387863371695,121.79427184009155,0,1.0,False,False,False,False,True,False,True,True,True,True,False,0.9883839941428563,False,False,68.0,68.0,68.0,13.700000000000001,68.0,53.45,0,261.89617204373576,0.9846784841469471,0.0,e1_tracking_single_obstacle,M7,16,0.7,0.7
False,14.700000000000001,-0.3310545212835957,0.419671218775661,True,92.31153208414096,0.17401924564007482,0.19875091844232182,261.2035337824166,0.2608911620945941,2.0053686751588677,1.737137016733874,1.7791503387114447,121.70181242941702,0,1.0,False,False,False,False,True,False,True,True,True,True,False,0.9946313248411323,False,False,68.0,68.0,68.0,13.8,68.0,53.35,0,261.4831010738119,0.9912238509078912,0.0,e1_tracking_single_obstacle,M7,17,0.7,0.7
False,14.65,-0.24240957781703742,0.4239873693109911,True,91.58447747926546,0.17052337940061063,0.19813862356110704,264.7361378787771,0.2654261611945839,1.981142912411256,1.706820098962556,1.7491207800098154,121.3202075800081,0,1.0,False,False,False,False,True,False,True,True,True,True,False,1.018857087588744,False,False,68.0,68.0,68.0,13.700000000000001,68.0,53.400000000000006,0,265.32684937935267,1.01494055149285,0.0,e1_tracking_single_obstacle,M7,18,0.7,0.7
False,14.600000000000001,-0.2470788175777272,0.422055609679262,True,92.03311344899487,0.21558465190437917,0.19666911584619154,261.6073019244697,0.26195519806836903,2.0109822215285513,1.7444420087489574,1.7898357936230358,121.78877866195096,0,1.0,False,False,False,False,True,False,True,True,True,True,False,0.9890177784714487,False,False,68.0,68.0,68.0,13.700000000000001,68.0,53.45,0,261.8375202135202,0.9853604332319299,0.0,e1_tracking_single_obstacle,M7,19,0.7,0.7
False,14.600000000000001,-0.22982621485450028,0.42392009065973274,True,92.2277492690398,0.16704931754040067,0.19777124663237816,261.1623348959908,0.26078565779175517,2.004822167849591,1.7364236589397817,1.7781074925789375,121.79773904732097,0,1.0,False,False,False,False,True,False,True,True,True,True,False,0.995177832150409,False,False,68.0,68.0,68.0,13.700000000000001,68.0,53.45,0,261.4476789555476,0.9917899459966967,0.0,e1_tracking_single_obstacle,M7,20,0.7,0.7
False,14.700000000000001,-0.20733499185610882,0.4231520408934566,True,91.86469714087679,0.14934200764246688,0.19948567229977957,261.55612458268905,0.26180478009210545,2.010134284161721,1.7433480650968556,1.788223776141678,121.72440891890076,0,1.0,False,False,False,False,True,False,True,True,True,True,False,0.9898657158382789,False,False,68.0,68.0,68.0,13.75,68.0,53.35,0,261.7999086261839,0.9862375558569565,0.0,e1_tracking_single_obstacle,M7,21,0.7,0.7
False,14.700000000000001,-0.286343201880488,0.43253573691294356,True,91.58653311164247,0.145286887352506,0.1997305902522655,261.53888823864116,0.26175809970547415,2.0098824447247927,1.7430213394214693,1.787744901529594,121.55790654262196,0,1.0,False,False,False,False,True,False,True,True,True,True,False,0.9901175552752073,False,False,68.0,68.0,68.0,13.75,68.0,53.35,0,261.7850902797846,0.986500472710729,0.0,e1_tracking_single_obstacle,M7,22,0.7,0.7
False,14.65,-0.32539639143138954,0.4253134615336116,True,91.62937777189705,0.17656745950954966,0.19728141072740632,261.61536967032487,0.26198881057598156,2.011198777308095,1.7447170358302406,1.7902475352084832,121.44570776070708,0,1.0,False,False,False,False,True,False,True,True,True,True,False,0.988801222691905,False,False,68.0,68.0,68.0,13.700000000000001,68.0,53.400000000000006,0,261.837836538963,0.985143533784369,0.0,e1_tracking_single_obstacle,M7,23,0.7,0.7
False,14.600000000000001,-0.25642500593670936,0.42516465458895875,True,91.87387325522913,0.16744306820868518,0.19752632867989223,261.4520096719332,0.26153991888841355,2.0087679078626777,1.7415653099346622,1.785626260306444,121.49938483203735,0,1.0,False,False,False,False,True,False,True,True,True,True,False,0.9912320921373223,False,False,68.0,68.0,68.0,13.700000000000001,68.0,53.45,0,261.6994790799323,0.9876818575186205,0.0,e1_tracking_single_obstacle,M7,24,0.7,0.7
False,14.600000000000001,-0.2591658784241061,0.42452638288338007,True,91.87969740043883,0.16549403309395735,0.19715895175116335,261.32558307533054,0.2612117922106109,2.007058219977459,1.7393369923206603,1.7823720067505624,121.44457934861012,0,1.0,False,False,False,False,True,False,True,True,True,True,False,0.9929417800225409,False,False,68.0,68.0,68.0,13.700000000000001,68.0,53.45,0,261.5851540455538,0.989473625911645,0.0,e1_tracking_single_obstacle,M7,25,0.7,0.7
False,14.600000000000001,-0.27601730995020135,0.4196849999121435,True,91.8697886463143,0.2009847307999984,0.19715895175116335,261.0521808948872,0.260455415101669,2.0027314351587484,1.7337484004939177,1.77408523621507,121.25311894341613,0,1.0,False,False,False,False,True,False,True,True,True,True,False,0.9972685648412516,False,False,68.0,68.0,68.0,13.700000000000001,68.0,53.45,0,261.42544354782484,0.993778213530106,0.0,e1_tracking_single_obstacle,M7,26,0.7,0.7
False,14.600000000000001,-0.2747041725304612,0.42285047556807914,True,91.74417001327328,0.17962214401514537,0.19691403379867745,261.6336389704017,0.2620053213245307,2.0111855449826015,1.7447167074800727,1.7902210413860697,121.6918033812261,0,1.0,False,False,False,False,True,False,True,True,True,True,False,0.9888144550173985,False,False,68.0,68.0,68.0,13.700000000000001,68.0,53.45,0,261.8737636846288,0.9851272358374767,0.0,e1_tracking_single_obstacle,M7,27,0.7,0.7
False,14.65,-0.234180550171032,0.4226262189728803,True,91.94148656867785,0.1905709287059318,0.19728141072740632,261.5657436576092,0.2618280451037463,2.010250241752929,1.7435000277075003,1.7884440078436123,121.70426046038315,0,1.0,False,False,False,False,True,False,True,True,True,True,False,0.9897497582470711,False,False,68.0,68.0,68.0,13.700000000000001,68.0,53.400000000000006,0,261.810087640568,0.9861132935084294,0.0,e1_tracking_single_obstacle,M7,28,0.7,0.7
False,14.600000000000001,-0.212920265719712,0.42410043610631737,True,92.08164660906407,0.2078945327659822,0.1970364927749204,261.59053837336353,0.261906932835372,2.010713406083367,1.7440947284758626,1.789324964449459,121.80031322704461,0,1.0,False,False,False,False,True,False,True,True,True,True,False,0.9892865939166331,False,False,68.0,68.0,68.0,13.700000000000001,68.0,53.45,0,261.82439057645666,0.9856397703677618,0.0,e1_tracking_single_obstacle,M7,29,0.7,0.7
False,14.65,-0.23818926570212917,0.4247947132338135,True,91.93577668373452,0.15286306200248587,0.1985060004898359,261.56221462745765,0.26181973608744286,2.0102101129832124,1.743447233961434,1.7883678743134719,121.7372963513399,0,1.0,False,False,False,False,True,False,True,True,True,True,False,0.9897898870167876,False,False,68.0,68.0,68.0,13.75,68.0,53.400000000000006,0,261.8061156671833,0.9861570616481571,0.0,e1_tracking_single_obstacle,M7,30,0.7,0.7
False,14.55,-0.2804030754405985,0.42089334134720363,True,91.65688042673112,0.20124404114125866,0.19605682096497673,261.57578418414283,0.2618547260427834,2.01039239055781,1.743684718719445,1.7887141824015729,121.43911463148495,0,1.0,False,False,False,False,True,False,True,True,True,True,False,0.98960760944219,False,False,68.0,68.0,68.0,13.65,68.0,53.5,0,261.8191502423334,0.9859640298648477,0.0,e1_tracking_single_obstacle,M7,31,0.7,0.7
False,14.700000000000001,-0.20823208425286577,0.42138825422561627,True,91.56004814615832,0.13447540075351846,0.19862845946607888,260.88079369387947,0.26011241720822914,2.001592216190185,1.7321660473733218,1.7719504414172909,120.83442145675885,0,1.0,False,False,False,False,True,False,True,True,True,True,False,0.9984077838098151,False,False,68.0,68.0,68.0,13.75,68.0,53.35,0,261.1646983122563,0.9952120941221579,0.0,e1_tracking_single_obstacle,M7,32,0.7,0.7
False,14.65,-0.21484989794794507,0.42341422547519475,True,91.97933058267981,0.19141983985497582,0.1976487876561352,261.2221596495424,0.2609477259184825,2.0057016325278076,1.7375652249963407,1.779787348749238,121.18383366042636,0,1.0,False,False,False,False,True,False,True,True,True,True,False,0.9942983674721924,False,False,68.0,68.0,68.0,13.700000000000001,68.0,53.400000000000006,0,261.49135901142245,0.9908930674846803,0.0,e1_tracking_single_obstacle,M7,33,0.7,0.7
False,14.55,-0.24922083361468494,0.42574300090782496,True,91.64236227778605,0.17369016716954802,0.1964241978937056,261.472778390198,0.26158788365178365,2.0089966443437377,1.7418668839496605,1.7860607179183803,121.02645189872788,0,1.0,False,False,False,False,True,False,True,True,True,True,False,0.9910033556562623,False,False,68.0,68.0,68.0,13.65,68.0,53.5,0,261.7227685732812,0.9874342621620081,0.0,e1_tracking_single_obstacle,M7,34,0.7,0.7
False,14.65,-0.2658525557116431,0.42356076133648335,True,91.92467693738433,0.18382060036088743,0.19801616458486407,261.26491725572646,0.2610410410369263,2.0061093126680563,1.7381092115719292,1.7805609883268387,121.41273923551233,0,1.0,False,False,False,False,True,False,True,True,True,True,False,0.9938906873319437,False,False,68.0,68.0,68.0,13.700000000000001,68.0,53.400000000000006,0,261.5436821904484,0.9904404748113299,0.0,e1_tracking_single_obstacle,M7,35,0.7,0.7
False,14.700000000000001,-0.21854124733821556,0.42649777958331836,True,91.66344770698701,0.153505306700142,0.19948567229977957,261.58688902359046,0.26188390025478553,2.0105466449192444,1.7438853225413002,1.7890072976429123,121.6808904116963,0,1.0,False,False,False,False,True,False,True,True,True,True,False,0.9894533550807556,False,False,68.0,68.0,68.0,13.75,68.0,53.35,0,261.82943888599044,0.9858015307747097,0.0,e1_tracking_single_obstacle,M7,36,0.7,0.7
False,14.75,-0.2549869317074449,0.42738289653314276,True,91.7558929629928,0.1390196623636496,0.20034288513348028,264.82307401913204,0.26559819613161517,1.9817209087600618,1.70761868104895,1.7502283201692936,121.65537930660534,0,1.0,False,False,False,False,True,False,True,True,True,True,False,1.0182790912399382,False,False,68.0,68.0,68.0,13.8,68.0,53.300000000000004,0,265.4094114076834,1.0143476930033444,0.0,e1_tracking_single_obstacle,M7,37,0.7,0.7
False,14.65,-0.22029553400861002,0.42285499941854177,True,91.40814340369893,0.15120454702008285,0.19936321332353663,261.0993187497785,0.26063101429315777,2.0040548951845336,1.7354167225503914,1.7766444388194786,120.6347313864116,0,1.0,False,False,False,False,True,False,True,True,True,True,False,0.9959451048154664,False,False,68.0,68.0,68.0,13.700000000000001,68.0,53.400000000000006,0,261.38765433716014,0.9925955551490473,0.0,e1_tracking_single_obstacle,M7,38,0.7,0.7
False,14.700000000000001,-0.2076140835202671,0.4224312196493615,True,91.8415416400941,0.16171772604745802,0.19936321332353663,261.36458945732494,0.2613067133565837,2.0075275497203973,1.7399528568317901,1.7832648592812614,121.1764010966836,0,1.0,False,False,False,False,True,False,True,True,True,True,False,0.9924724502796027,False,False,68.0,68.0,68.0,13.75,68.0,53.35,0,261.62483096894954,0.9889742470807706,0.0,e1_tracking_single_obstacle,M7,39,0.7,0.7
False,14.65,-0.26584838904240915,0.4224885725789031,True,92.11525336905989,0.19982747647869242,0.19777124663237816,259.2280321390188,0.25767211349034497,1.9932004715405498,1.720207070372448,1.7756007890780974,121.5624815709025,0,1.0,False,False,False,False,True,False,True,True,True,True,False,1.0067995284594502,False,False,68.0,68.0,68.0,13.75,68.0,53.400000000000006,0,259.57465280058017,1.0020974184980214,0.0,e1_tracking_single_obstacle,M7,10,0.7,1.0
False,14.55,-0.2642092320647278,0.42167088113280843,True,91.65256531391076,0.199384983506044,0.1964241978937056,259.03501203703513,0.2571182449818511,1.9904939710342584,1.716651686988264,1.7695093123734038,121.0882120373004,0,1.0,False,False,False,False,True,False,True,True,True,True,False,1.0095060289657416,False,False,68.0,68.0,68.0,13.65,68.0,53.5,0,259.433853999699,1.0048053430370734,0.0,e1_tracking_single_obstacle,M7,11,0.7,1.0
False,14.600000000000001,-0.27317482268744553,0.4250368135249425,True,91.69194326009264,0.15980270514916448,0.19887337741856478,259.20762348556076,0.25751681885754174,1.9924064647406488,1.719186063698156,1.773808239789061,121.63861283349642,0,1.0,False,False,False,False,True,False,True,True,True,True,False,1.0075935352593512,False,False,68.0,68.0,68.0,13.700000000000001,68.0,53.45,0,259.60152361680184,1.0028379995802787,0.0,e1_tracking_single_obstacle,M7,12,0.7,1.0
False,14.600000000000001,-0.26510420768811327,0.42382294852141167,True,91.24606541719093,0.1496946122915695,0.19813862356110704,259.6912292086244,0.25458985508077026,1.95500278815285,1.6685521072384921,1.7165075644366063,121.15634108013205,0,1.0,False,False,False,False,True,False,True,True,True,True,False,1.04499721184715,False,False,68.0,68.0,68.0,13.65,68.0,53.45,0,260.49411542588825,1.039736210788244,0.0,e1_tracking_single_obstacle,M7,13,0.7,1.0
False,14.65,-0.4812111763138875,0.42975733229833935,True,91.70183706025067,0.34483325738249854,0.19899583639480775,259.1694847519943,0.25743191706886626,1.9919986899110242,1.7186451433864263,1.7728922166455485,121.6024129994579,0,1.0,False,False,False,False,True,False,True,True,True,True,False,1.0080013100889758,False,False,68.0,68.0,68.0,13.700000000000001,68.0,53.400000000000006,0,259.5628984921114,1.0032601134494825,0.0,e1_tracking_single_obstacle,M7,14,0.7,1.0
False,14.65,-0.2562761842681731,0.4229274350213781,True,92.06758168443298,0.1534382379444982,0.1997305902522655,258.5629772143064,0.2559892451473407,1.9851707615101357,1.709586895501641,1.757520416457585,121.64349046565503,0,1.0,False,False,False,False,True,False,True,True,True,True,False,1.0148292384898643,False,False,68.0,68.0,68.0,13.75,68.0,53.400000000000006,0,259.0047654830559,1.010218491241909,0.0,e1_tracking_single_obstacle,M7,15,0.7,1.0
False,14.600000000000001,-0.2782318804871651,0.42244417730141537,True,91.65260999683522,0.15805389593285868,0.19862845946607888,259.3033298340601,0.25775893294701485,1.9935882640335691,1.7207440349706953,1.7764656449361615,121.70343881818874,0,1.0,False,False,False,False,True,False,True,True,True,True,False,1.0064117359664309,False,False,68.0,68.0,68.0,13.700000000000001,68.0,53.45,0,259.6855435552678,1.0016363096535528,0.0,e1_tracking_single_obstacle,M7,16,0.7,1.0
False,14.700000000000001,-0.32995903001832083,0.4197735745494212,True,92.34578360473179,0.17377059931868782,0.19887337741856478,258.6379849133698,0.2561658136689711,1.9859928699471892,1.7106806760516715,1.7593735329546056,121.73546956972194,0,1.0,False,False,False,False,True,False,True,True,True,True,False,1.0140071300528108,False,False,68.0,68.0,68.0,13.8,68.0,53.35,0,259.07315252046175,1.0093843176665072,0.0,e1_tracking_single_obstacle,M7,17,0.7,1.0
False,14.65,-0.24128404229473877,0.423993219603466,True,91.63354405927578,0.17028595508304445,0.19813862356110704,259.9219036687858,0.25505877457672366,1.9565048005868924,1.670668549293092,1.719851848552588,121.44534793450092,0,1.0,False,False,False,False,True,False,True,True,True,True,False,1.0434951994131076,False,False,68.0,68.0,68.0,13.700000000000001,68.0,53.400000000000006,0,260.7288931560754,1.0381873934506738,0.0,e1_tracking_single_obstacle,M7,18,0.7,1.0
False,14.600000000000001,-0.24601734390441776,0.4221380645918274,True,92.0469273644415,0.21508552316566223,0.19691403379867745,259.22709371035086,0.25759850571239956,1.992817174946305,1.7197193464854366,1.7747351447673567,121.67634498673505,0,1.0,False,False,False,False,True,False,True,True,True,True,False,1.007182825053695,False,False,68.0,68.0,68.0,13.700000000000001,68.0,53.45,0,259.60376089376416,1.0024432996744037,0.0,e1_tracking_single_obstacle,M7,19,0.7,1.0
False,14.600000000000001,-0.22872222877091497,0.42392685872387237,True,92.2645204116251,0.1666465461808085,0.19777124663237816,258.57862695914355,0.2560252447923872,1.985337963479191,1.7098096222421464,1.75789720127371,121.84890766408631,0,1.0,False,False,False,False,True,False,True,True,True,True,False,1.014662036520809,False,False,68.0,68.0,68.0,13.700000000000001,68.0,53.45,0,259.01945234454666,1.0100482493444178,0.0,e1_tracking_single_obstacle,M7,20,0.7,1.0
False,14.700000000000001,-0.20625111538725294,0.4231169976275308,True,91.88350512727087,0.14895558382918378,0.19948567229977957,259.14821911505453,0.25738457631869477,1.9917717346533588,1.7183439966387328,1.7723823852408775,121.66648265559216,0,1.0,False,False,False,False,True,False,True,True,True,True,False,1.0082282653466412,False,False,68.0,68.0,68.0,13.75,68.0,53.35,0,259.5413529751676,1.0034951747863559,0.0,e1_tracking_single_obstacle,M7,21,0.7,1.0
False,14.700000000000001,-0.28529056921353857,0.4324932197405115,True,91.60607331908702,0.14491947572470568,0.1997305902522655,259.1230938580735,0.25732293789079147,1.9914739594151316,1.7179505112485034,1.7717125084105763,121.49349714342885,0,1.0,False,False,False,False,True,False,True,True,True,True,False,1.0085260405848684,False,False,68.0,68.0,68.0,13.75,68.0,53.35,0,259.51871413906156,1.0037982309767162,0.0,e1_tracking_single_obstacle,M7,22,0.7,1.0
False,14.600000000000001,-0.32434065765844877,0.4253801919947145,True,91.63920029560171,0.17609397388725256,0.1974038697036493,259.2419233166177,0.25765634518696184,1.993107176780141,1.7200965309798069,1.775388648216851,121.30770229740659,0,1.0,False,False,False,False,True,False,True,True,True,True,False,1.006892823219859,False,False,68.0,68.0,68.0,13.700000000000001,68.0,53.45,0,259.60798727033614,1.0021616954674182,0.0,e1_tracking_single_obstacle,M7,23,0.7,1.0
False,14.600000000000001,-0.25537289888460046,0.42515634147147036,True,91.89479257103623,0.1670890326302601,0.1978937056086211,258.9972128334365,0.25703490459513983,1.990098018110792,1.7161253737549784,1.7686196061777812,121.4275847300907,0,1.0,False,False,False,False,True,False,True,True,True,True,False,1.009901981889208,False,False,68.0,68.0,68.0,13.700000000000001,68.0,53.45,0,259.39535171753823,1.0052157551905259,0.0,e1_tracking_single_obstacle,M7,24,0.7,1.0
False,14.600000000000001,-0.2581229695188678,0.4245221434595022,True,91.90527335528867,0.16508582319748358,0.19752632867989223,258.81282586345003,0.25659355548172696,1.9880031387506187,1.7133479486353567,1.76390468415699,121.40890037007645,0,1.0,False,False,False,False,True,False,True,True,True,True,False,1.0119968612493813,False,False,68.0,68.0,68.0,13.700000000000001,68.0,53.45,0,259.2259056881579,1.0073522967721689,0.0,e1_tracking_single_obstacle,M7,25,0.7,1.0
False,14.600000000000001,-0.2749126510722084,0.41974847264715287,True,91.91165622004885,0.20089445107972934,0.1974038697036493,258.35605870954333,0.2554987166015004,1.9828987852270963,1.706562124183493,1.7523917341259088,121.31241736621968,0,1.0,False,False,False,False,True,False,True,True,True,True,False,1.0171012147729037,False,False,68.0,68.0,68.0,13.700000000000001,68.0,53.45,0,258.822308075748,1.0125034546917782,0.0,e1_tracking_single_obstacle,M7,26,0.7,1.0
False,14.600000000000001,-0.2736176582573915,0.4228663110670888,True,91.76118267946256,0.17921820430210114,0.1970364927749204,259.2619751737321,0.2576525142632964,1.9930668355974948,1.720057312503119,1.7752931560968512,121.62247974934569,0,1.0,False,False,False,False,True,False,True,True,True,True,False,1.0069331644025052,False,False,68.0,68.0,68.0,13.700000000000001,68.0,53.45,0,259.6499561051244,1.0021654754537892,0.0,e1_tracking_single_obstacle,M7,27,0.7,1.0
False,14.65,-0.2331176740358455,0.4227045466714352,True,91.96053650247842,0.1901357489639097,0.1974038697036493,259.1620309400739,0.25741499564527054,1.9919172944964314,1.7185372587978716,1.772709280704395,121.64344430897269,0,1.0,False,False,False,False,True,False,True,True,True,True,False,1.0080827055035686,False,False,68.0,68.0,68.0,13.700000000000001,68.0,53.400000000000006,0,259.5555350750908,1.0033439471611985,0.0,e1_tracking_single_obstacle,M7,28,0.7,1.0
False,14.600000000000001,-0.21188337623835407,0.4241419786635733,True,92.09692785172938,0.20737116768736166,0.1970364927749204,259.2008122072878,0.2575280219452518,1.992472168112333,1.7192654149991082,1.77395900311959,121.70546854164047,0,1.0,False,False,False,False,True,False,True,True,True,True,False,1.007527831887667,False,False,68.0,68.0,68.0,13.700000000000001,68.0,53.45,0,259.5824591821572,1.002791293219568,0.0,e1_tracking_single_obstacle,M7,29,0.7,1.0
False,14.65,-0.23705693082108015,0.42476684707720674,True,91.95546116560911,0.15253831406936905,0.1985060004898359,259.1579911884619,0.2574056869013057,1.991872819919223,1.7184782930888103,1.7726094721681291,121.69323666563092,0,1.0,False,False,False,False,True,False,True,True,True,True,False,1.008127180080777,False,False,68.0,68.0,68.0,13.75,68.0,53.400000000000006,0,259.5514883085644,1.0033903197180853,0.0,e1_tracking_single_obstacle,M7,30,0.7,1.0
False,14.55,-0.27933905016008764,0.4209653986380975,True,91.67529277028592,0.20077456088112972,0.1961792799412197,259.17633427542586,0.2574497063269825,1.992085079322437,1.7187590214681896,1.7730865647074174,121.37425698635708,0,1.0,False,False,False,False,True,False,True,True,True,True,False,1.007914920677563,False,False,68.0,68.0,68.0,13.65,68.0,53.5,0,259.56868053404526,1.003172555046686,0.0,e1_tracking_single_obstacle,M7,31,0.7,1.0
False,14.700000000000001,-0.20731420391021682,0.42147675839546894,True,91.60572074743354,0.13408485794886765,0.19887337741856478,258.1838752742822,0.25514755067789824,1.981311835573066,1.7044287703451046,1.748831525216687,120.93304923621044,0,1.0,False,False,False,False,True,False,True,True,True,True,False,1.018688164426934,False,False,68.0,68.0,68.0,13.75,68.0,53.35,0,258.631218259122,1.01418630565579,0.0,e1_tracking_single_obstacle,M7,32,0.7,1.0
False,14.65,-0.21377188575603723,0.42343863430198564,True,92.00826239585275,0.1909006029843566,0.19777124663237816,258.6633207542512,0.2562396094494767,1.9863418241642241,1.711140835128503,1.7601633209170569,121.1817406388506,0,1.0,False,False,False,False,True,False,True,True,True,True,False,1.0136581758357759,False,False,68.0,68.0,68.0,13.700000000000001,68.0,53.400000000000006,0,259.0882716300584,1.0090448160313203,0.0,e1_tracking_single_obstacle,M7,33,0.7,1.0
False,14.55,-0.2481423449867165,0.4257461451172188,True,91.66191757757187,0.173394268564311,0.19666911584619154,259.0261524954441,0.257094583776819,1.9903798084481341,1.7165011802213967,1.7692520992664074,120.96993992486806,0,1.0,False,False,False,False,True,False,True,True,True,True,False,1.0096201915518659,False,False,68.0,68.0,68.0,13.65,68.0,53.5,0,259.42688021545445,1.0049198057781632,0.0,e1_tracking_single_obstacle,M7,34,0.7,1.0
False,14.65,-0.26471543898808436,0.4235796771844604,True,91.95811918885393,0.18373064826195903,0.19813862356110704,258.72594041374543,0.2563648558632722,1.9869201927914222,1.7119159409281717,1.7614606197056575,121.43776767395872,0,1.0,False,False,False,False,True,False,True,True,True,True,False,1.0130798072085778,False,False,68.0,68.0,68.0,13.700000000000001,68.0,53.400000000000006,0,259.15873349352427,1.0084317622669703,0.0,e1_tracking_single_obstacle,M7,35,0.7,1.0
False,14.700000000000001,-0.2174955174188672,0.42656099591236,True,91.68123974960572,0.15318537195837797,0.19948567229977957,259.19326257656945,0.2574903344357534,1.9922814251859144,1.719018626110333,1.7735279479701942,121.61000980153976,0,1.0,False,False,False,False,True,False,True,True,True,True,False,1.0077185748140856,False,False,68.0,68.0,68.0,13.75,68.0,53.35,0,259.58449649158933,1.0029714467750193,0.0,e1_tracking_single_obstacle,M7,36,0.7,1.0
False,14.75,-0.2538341015776385,0.4273778588444695,True,91.79486591211877,0.1388301692701978,0.20046534410972325,260.049675214321,0.25531829155047797,1.9573394980959453,1.6718433916620634,1.7217105729617195,121.7279066955846,0,1.0,False,False,False,False,True,False,True,True,True,True,False,1.0426605019040547,False,False,68.0,68.0,68.0,13.8,68.0,53.300000000000004,0,260.8578967054979,1.0373301092084952,0.0,e1_tracking_single_obstacle,M7,37,0.7,1.0
False,14.600000000000001,-0.2191622105927714,0.4228820729789284,True,91.44636446063562,0.1509242755225893,0.19936321332353663,258.4866811849598,0.2558164854046444,1.9843723393353094,1.7085219335847734,1.7557223453216237,120.69603903432936,0,1.0,False,False,False,False,True,False,True,True,True,True,False,1.0156276606646906,False,False,68.0,68.0,68.0,13.700000000000001,68.0,53.45,0,258.9312271629908,1.0110364631261897,0.0,e1_tracking_single_obstacle,M7,38,0.7,1.0
False,14.65,-0.20656817583574372,0.42247222920858774,True,91.86522976204309,0.16138767508583027,0.19960813127602253,258.869680481995,0.25672082290483456,1.988601792685456,1.714144522833061,1.7652508838977239,121.1454403981287,0,1.0,False,False,False,False,True,False,True,True,True,True,False,1.011398207314544,False,False,68.0,68.0,68.0,13.75,68.0,53.400000000000006,0,259.2824888068963,1.0067344148473623,0.0,e1_tracking_single_obstacle,M7,39,0.7,1.0
False,14.65,-0.2648133856089072,0.4225669385476178,True,92.31393098820362,0.19923229743197282,0.19777124663237816,254.92141370257903,0.24428783632958598,1.9278546884557972,1.6287120131255448,1.6686091888975738,122.34297716634755,0,1.0,False,False,False,False,True,False,True,True,True,True,False,1.0721453115442028,False,False,68.0,68.0,68.0,13.75,68.0,53.400000000000006,0,255.97015699496777,1.0652938593457093,0.0,e1_tracking_single_obstacle,M7,10,0.7,1.3
False,14.55,-0.2631509401628451,0.42174950754553836,True,91.72604294679218,0.19881737224846882,0.19654665686994857,256.53722991413156,0.25283600377501875,1.9718645518688571,1.691126553833137,1.742779553981891,121.34032782786218,0,1.0,False,False,False,False,True,False,True,True,True,True,False,1.0281354481311429,False,False,68.0,68.0,68.0,13.65,68.0,53.5,0,257.1022741810295,1.022195411192416,0.0,e1_tracking_single_obstacle,M7,11,0.7,1.3
False,14.600000000000001,-0.27209617693696764,0.42504720713963995,True,91.76271353283987,0.1596872195583588,0.19887337741856478,256.76523687101604,0.2533095255994576,1.974150439660859,1.6941828008115971,1.7489147352725767,121.87638706785569,0,1.0,False,False,False,False,True,False,True,True,True,True,False,1.025849560339141,False,False,68.0,68.0,68.0,13.700000000000001,68.0,53.45,0,257.3233944729577,1.019895640814776,0.0,e1_tracking_single_obstacle,M7,12,0.7,1.3
False,14.600000000000001,-0.2641353334634343,0.42391512203925075,True,91.35510091351021,0.14938617536650944,0.19813862356110704,255.38648284044507,0.24523101653202597,1.930890915062343,1.6330477843405968,1.6765787335429618,121.62311442894878,0,1.0,False,False,False,False,True,False,True,True,True,True,False,1.069109084937657,False,False,68.0,68.0,68.0,13.65,68.0,53.45,0,256.4305172366488,1.0622547634926987,0.0,e1_tracking_single_obstacle,M7,13,0.7,1.3
False,14.65,-0.48339605128263374,0.42969387529429487,True,91.77342836904603,0.3309415675844248,0.19899583639480775,256.71353649269497,0.25320743523653694,1.9736527165812283,1.6935167932614579,1.7475786273486993,121.83867649970568,0,1.0,False,False,False,False,True,False,True,True,True,True,False,1.0263472834187717,False,False,68.0,68.0,68.0,13.700000000000001,68.0,53.400000000000006,0,257.27124165587213,1.020399964856073,0.0,e1_tracking_single_obstacle,M7,14,0.7,1.3
False,14.65,-0.2551589156746752,0.4230000097621749,True,92.16493193592501,0.15299812515694977,0.1997305902522655,255.94299720837668,0.25152564255225024,1.9657215114828956,1.682898463832169,1.7262779634625076,121.99645167452846,0,1.0,False,False,False,False,True,False,True,True,True,True,False,1.0342784885171044,False,False,68.0,68.0,68.0,13.75,68.0,53.400000000000006,0,256.55859192935617,1.0283126109614862,0.0,e1_tracking_single_obstacle,M7,15,0.7,1.3
False,14.600000000000001,-0.27719834646146657,0.4225150499764916,True,91.71556344571765,0.15778203407112162,0.19862845946607888,256.8878565956209,0.25359220670012145,1.975510289311022,1.6959933037848358,1.7525581591375665,121.88166115456642,0,1.0,False,False,False,False,True,False,True,True,True,True,False,1.024489710688978,False,False,68.0,68.0,68.0,13.700000000000001,68.0,53.45,0,257.4324411517899,1.018544184529527,0.0,e1_tracking_single_obstacle,M7,16,0.7,1.3
False,14.700000000000001,-0.3288691132074122,0.41987156251225893,True,92.44079222234916,0.17352795429689033,0.19899583639480775,256.039426109801,0.2517352528915601,1.9666943149951825,1.6842045402050425,1.728893952697449,122.11643389341464,0,1.0,False,False,False,False,True,False,True,True,True,True,False,1.0333056850048175,False,False,68.0,68.0,68.0,13.8,68.0,53.35,0,256.64750449528015,1.0273436588222793,0.0,e1_tracking_single_obstacle,M7,17,0.7,1.3
False,14.65,-0.24016402209549448,0.4239992169072979,True,91.73658827542545,0.17005753827686687,0.19813862356110704,255.65519354290132,0.24577593111062535,1.9326482408225933,1.6355538092165134,1.6811834768135314,121.87882160517195,0,1.0,False,False,False,False,True,False,True,True,True,True,False,1.0673517591774067,False,False,68.0,68.0,68.0,13.700000000000001,68.0,53.400000000000006,0,256.6997714889941,1.0604807437153132,0.0,e1_tracking_single_obstacle,M7,18,0.7,1.3
False,14.600000000000001,-0.2449611834503126,0.4222203682286494,True,92.10948921816673,0.21459085802014935,0.19691403379867745,256.7874093124552,0.25340861831061945,1.974602631484558,1.6947768200350655,1.7501204804261443,121.83316383131438,0,1.0,False,False,False,False,True,False,True,True,True,True,False,1.025397368515442,False,False,68.0,68.0,68.0,13.700000000000001,68.0,53.45,0,257.32563662223174,1.019474791404888,0.0,e1_tracking_single_obstacle,M7,19,0.7,1.3
False,14.600000000000001,-0.22762363277679687,0.4239336780790798,True,92.36296791483166,0.1662503012408433,0.19777124663237816,255.96634649453088,0.2515742489370112,1.9659490523871967,1.6832042608448075,1.726890298125237,122.25319142480735,0,1.0,False,False,False,False,True,False,True,True,True,True,False,1.0340509476128033,False,False,68.0,68.0,68.0,13.700000000000001,68.0,53.45,0,256.580930440334,1.0280846794136784,0.0,e1_tracking_single_obstacle,M7,20,0.7,1.3
False,14.700000000000001,-0.20517227771869395,0.42308231673582897,True,91.95380496239713,0.14857461886455994,0.19960813127602253,256.6847734573282,0.25314953851588234,1.973371461568331,1.6931405643038013,1.7468236698065314,121.89720821751442,0,1.0,False,False,False,False,True,False,True,True,True,True,False,1.026628538431669,False,False,68.0,68.0,68.0,13.75,68.0,53.35,0,257.2426374829497,1.020684254273721,0.0,e1_tracking_single_obstacle,M7,21,0.7,1.3
False,14.700000000000001,-0.2842433316221631,0.43245117430358454,True,91.6775262078811,0.1445595259705334,0.19985304922850844,256.6529328783957,0.2530792264832344,1.973034236464507,1.692690523874517,1.745919029433233,121.72074145622727,0,1.0,False,False,False,False,True,False,True,True,True,True,False,1.026965763535493,False,False,68.0,68.0,68.0,13.75,68.0,53.35,0,257.21338144863347,1.0210203224159193,0.0,e1_tracking_single_obstacle,M7,22,0.7,1.3
False,14.600000000000001,-0.32329039055681297,0.425446849484653,True,91.69413843883592,0.17562249149027184,0.19777124663237816,256.8074988123848,0.25349570635173785,1.9750057759885171,1.695306077932427,1.7511944405885087,121.41037131820227,0,1.0,False,False,False,False,True,False,True,True,True,True,False,1.0249942240114829,False,False,68.0,68.0,68.0,13.700000000000001,68.0,53.45,0,257.32938900064875,1.0190967212915738,0.0,e1_tracking_single_obstacle,M7,23,0.7,1.3
False,14.600000000000001,-0.25432612910444163,0.425148307074575,True,91.97006536699341,0.16673806505952277,0.19801616458486407,256.48837552582967,0.25274003168895687,1.971399368028526,1.69050316428623,1.7415296098864663,121.6629736051178,0,1.0,False,False,False,False,True,False,True,True,True,True,False,1.028600631971474,False,False,68.0,68.0,68.0,13.700000000000001,68.0,53.45,0,257.05293493278356,1.0226669670648691,0.0,e1_tracking_single_obstacle,M7,24,0.7,1.3
False,14.600000000000001,-0.25708538860182306,0.42451810577729765,True,91.98883700102476,0.16468284202460554,0.19752632867989223,256.25247430238437,0.2522229936044822,1.9689532364333378,1.6872303444022985,1.7349614228370227,121.70358964441274,0,1.0,False,False,False,False,True,False,True,True,True,True,False,1.0310467635666622,False,False,68.0,68.0,68.0,13.700000000000001,68.0,53.45,0,256.835177912656,1.0251073878134433,0.0,e1_tracking_single_obstacle,M7,25,0.7,1.3
False,14.600000000000001,-0.27381361991044084,0.4198118386646013,True,92.02074219810731,0.2008097466932602,0.19752632867989223,255.69321731610896,0.25098251601238536,1.9632212121538835,1.6795370665567135,1.7195500099191168,121.7633200775935,0,1.0,False,False,False,False,True,False,True,True,True,True,False,1.0367787878461165,False,False,68.0,68.0,68.0,13.700000000000001,68.0,53.45,0,256.32925346073074,1.030799212445539,0.0,e1_tracking_single_obstacle,M7,26,0.7,1.3
False,14.600000000000001,-0.27253649546887915,0.422882175411931,True,91.82738095408293,0.17882152415972893,0.19728141072740632,256.8339460433339,0.25346658392152677,1.9749050426723793,1.6951879995901271,1.7509369155337076,121.82743187995064,0,1.0,False,False,False,False,True,False,True,True,True,True,False,1.0250949573276207,False,False,68.0,68.0,68.0,13.700000000000001,68.0,53.45,0,257.38493413443416,1.0191450644793474,0.0,e1_tracking_single_obstacle,M7,27,0.7,1.3
False,14.600000000000001,-0.23206014525606766,0.4227827629011559,True,92.03079682750524,0.1897092171953603,0.19752632867989223,256.703049732983,0.2531858043161106,1.9735478686454269,1.6933766570709847,1.7472971863598998,121.86964515852364,0,1.0,False,False,False,False,True,False,True,True,True,True,False,1.0264521313545731,False,False,68.0,68.0,68.0,13.700000000000001,68.0,53.45,0,257.26104505404004,1.02050535661275,0.0,e1_tracking_single_obstacle,M7,28,0.7,1.3
False,14.600000000000001,-0.21085162316218609,0.42413117006716994,True,92.16223053304572,0.20684878516841465,0.19715895175116335,256.7521209138723,0.2533194170407463,1.9741770760309338,1.6942115449513555,1.748981146212637,121.88921488708168,0,1.0,False,False,False,False,True,False,True,True,True,True,False,1.0258229239690662,False,False,68.0,68.0,68.0,13.700000000000001,68.0,53.45,0,257.29706571778667,1.0198929646934543,0.0,e1_tracking_single_obstacle,M7,29,0.7,1.3
False,14.65,-0.23593019402276594,0.4247393366931542,True,92.02634968634295,0.1522199295113506,0.1985060004898359,256.6989518086738,0.2531764480549412,1.9735033372285853,1.693317253541839,1.7471780221446982,121.93580808105517,0,1.0,False,False,False,False,True,False,True,True,True,True,False,1.0264966627714147,False,False,68.0,68.0,68.0,13.75,68.0,53.400000000000006,0,257.25727606166254,1.0205502218979392,0.0,e1_tracking_single_obstacle,M7,30,0.7,1.3
False,14.55,-0.2782804353461261,0.42103735050559343,True,91.74466551614081,0.20031295939503538,0.19630173891746264,256.7209673330725,0.25322521171263535,1.9737372510136495,1.6936293572007297,1.7478050484825782,121.59473317374434,0,1.0,False,False,False,False,True,False,True,True,True,True,False,1.0262627489863505,False,False,68.0,68.0,68.0,13.65,68.0,53.5,0,257.27763448653826,1.0203161674759031,0.0,e1_tracking_single_obstacle,M7,31,0.7,1.3
False,14.700000000000001,-0.20640092837398905,0.4215594180042328,True,91.72088893798963,0.13370715419002965,0.1991182953710507,255.46935810950686,0.2505536783168027,1.9611932170112267,1.6768015337153896,1.7140810013655703,121.43363550494381,0,1.0,False,False,False,False,True,False,True,True,True,True,False,1.0388067829887733,False,False,68.0,68.0,68.0,13.75,68.0,53.35,0,256.09995878735384,1.0328618272937025,0.0,e1_tracking_single_obstacle,M7,32,0.7,1.3
False,14.65,-0.21269923501635923,0.4234630408175185,True,92.09802901186875,0.19038950635050275,0.1978937056086211,256.0636757593276,0.251810397966,1.9670216258204338,1.6846412070395078,1.7297707720375313,121.52779937025142,0,1.0,False,False,False,False,True,False,True,True,True,True,False,1.0329783741795662,False,False,68.0,68.0,68.0,13.700000000000001,68.0,53.400000000000006,0,256.66110758888755,1.0270331370787402,0.0,e1_tracking_single_obstacle,M7,33,0.7,1.3
False,14.55,-0.2470691999594351,0.42574938811027113,True,91.73543729343048,0.17310223747711634,0.19679157482243448,256.52649167116203,0.25280927172286444,1.9717393247458377,1.6909597145811017,1.74244385213521,121.21891301998315,0,1.0,False,False,False,False,True,False,True,True,True,True,False,1.0282606752541623,False,False,68.0,68.0,68.0,13.65,68.0,53.5,0,257.09355987360397,1.0223182071384036,0.0,e1_tracking_single_obstacle,M7,34,0.7,1.3
False,14.65,-0.26358407439479437,0.42358342460030496,True,92.0504499744232,0.18363868847699347,0.19838354151359294,256.15200152302504,0.25196974870271477,1.967797513532057,1.6856857533593046,1.7318605306850763,121.79911537693754,0,1.0,False,False,False,False,True,False,True,True,True,True,False,1.032202486467943,False,False,68.0,68.0,68.0,13.700000000000001,68.0,53.400000000000006,0,256.75567901242533,1.0262361501756165,0.0,e1_tracking_single_obstacle,M7,35,0.7,1.3
False,14.700000000000001,-0.21645491420739715,0.4266346036232,True,91.74963052374652,0.1528731824911585,0.19948567229977957,256.7439072817004,0.25327504740230294,1.973977303212617,1.693949730561125,1.7484487489212555,121.82248320060754,0,1.0,False,False,False,False,True,False,True,True,True,True,False,1.026022696787383,False,False,68.0,68.0,68.0,13.75,68.0,53.35,0,257.2991439891541,1.0200757539589331,0.0,e1_tracking_single_obstacle,M7,36,0.7,1.3
False,14.75,-0.25268706871608415,0.42737307705786654,True,91.86464156137711,0.13853410941478597,0.2005878030859662,255.6517071260075,0.2506542622974734,1.9619014370113703,1.6778026517784035,1.7158565005567938,121.85021918505396,0,1.0,False,False,False,False,True,False,True,True,True,True,False,1.0380985629886297,False,False,68.0,68.0,68.0,13.8,68.0,53.300000000000004,0,256.46921863356124,1.0315640149024612,0.0,e1_tracking_single_obstacle,M7,37,0.7,1.3
False,14.600000000000001,-0.21803438790306606,0.4229091854700675,True,91.54824669516117,0.15064995144106474,0.19948567229977957,255.84830008607034,0.2513268629094916,1.9647953351257488,1.6816533373966847,1.7237858418287908,121.1230503035028,0,1.0,False,False,False,False,True,False,True,True,True,True,False,1.0352046648742512,False,False,68.0,68.0,68.0,13.700000000000001,68.0,53.45,0,256.46844411266466,1.0292404938220938,0.0,e1_tracking_single_obstacle,M7,38,0.7,1.3
False,14.65,-0.2055273542730962,0.4225131588438551,True,91.94565182016647,0.16106051310847067,0.19960813127602253,256.3274906340888,0.25237571895966143,1.9696823607077425,1.6882081547527974,1.7369213612567036,121.43713175677586,0,1.0,False,False,False,False,True,False,True,True,True,True,False,1.0303176392922575,False,False,68.0,68.0,68.0,13.75,68.0,53.400000000000006,0,256.9087719421435,1.0243724503897347,0.0,e1_tracking_single_obstacle,M7,39,0.7,1.3
False,14.950000000000001,-0.26810246235174984,0.4228994012886664,True,94.70563024766085,0.19274929728560788,0.20107763899093803,267.53520895291877,0.2742474081941442,2.057549090167607,1.8069139431814891,1.835043024607461,128.5530166034212,0,1.0,False,False,False,False,True,False,True,True,True,True,False,0.942450909832393,False,False,68.0,68.0,68.0,14.0,68.0,53.1,0,267.41844197790664,0.940722375687609,0.0,e1_tracking_single_obstacle,M7,10,0.8,0.3
False,14.850000000000001,-0.2665344257902801,0.42203388046184587,True,94.20328468099274,0.1925063370828153,0.19960813127602253,267.6242578186506,0.27447928257526644,2.0565953579640834,1.805895635362655,1.833760832929217,127.82706794230161,0,1.0,False,False,False,False,True,False,True,True,True,True,False,0.9434046420359166,False,False,68.0,68.0,68.0,13.9,68.0,53.2,0,267.51721792476576,0.9418087849936151,0.0,e1_tracking_single_obstacle,M7,11,0.8,0.3
False,14.9,-0.2751872369649072,0.4250642398943276,True,94.26413860566562,0.15626211932391734,0.20168993387215284,267.5775938062492,0.27435623855716956,2.0574497109679526,1.8068501674570296,1.834940909214218,128.32183936679712,0,1.0,False,False,False,False,True,False,True,True,True,True,False,0.9425502890320474,False,False,68.0,68.0,68.0,13.950000000000001,68.0,53.150000000000006,0,267.4729156155152,0.9408191383885577,0.0,e1_tracking_single_obstacle,M7,12,0.8,0.3
False,14.9,-0.267391640769155,0.42429745478859976,True,93.72355363291798,0.14272664016331868,0.20107763899093803,267.1822238697268,0.2734538608664732,2.0597121220098615,1.809063950863135,1.8378395193946488,127.80221282473045,0,1.0,False,False,False,False,True,False,True,True,True,True,False,0.9402878779901385,False,False,68.0,68.0,68.0,13.9,68.0,53.150000000000006,0,266.95329581572247,0.9383653147059801,0.0,e1_tracking_single_obstacle,M7,13,0.8,0.3
False,14.950000000000001,-0.4929195386469295,0.4299173828027107,True,94.2566615353764,0.34880557869430484,0.20193485182463874,267.5929770951867,0.2743960412886191,2.0571826980412524,1.806552711776197,1.834572640707207,128.31626520631372,0,1.0,False,False,False,False,True,False,True,True,True,True,False,0.9428173019587476,False,False,68.0,68.0,68.0,13.950000000000001,68.0,53.1,0,267.4882155704905,0.9411273406901322,0.0,e1_tracking_single_obstacle,M7,14,0.8,0.3
False,14.950000000000001,-0.25842570256296316,0.4232847539636224,True,94.614469088936,0.14579469383133575,0.2026696056820965,265.8480098739119,0.27222244247601557,2.064816413165631,1.8142207729925834,1.844204949681034,128.6230239552791,0,1.0,False,False,False,False,True,False,True,True,True,True,False,0.935183586834369,False,False,68.0,68.0,68.0,14.0,68.0,53.1,0,265.94826703251283,0.9313028088253145,0.0,e1_tracking_single_obstacle,M7,15,0.8,0.3
False,14.9,-0.28034688104826977,0.4228241119866409,True,94.2130931826947,0.1506641624998466,0.20168993387215284,267.5457800849308,0.27427616906824276,2.0579673021858804,1.8074247517538586,1.8356535245287176,128.49260599419773,0,1.0,False,False,False,False,True,False,True,True,True,True,False,0.9420326978141196,False,False,68.0,68.0,68.0,13.950000000000001,68.0,53.150000000000006,0,267.4395551884479,0.940224021763882,0.0,e1_tracking_single_obstacle,M7,16,0.8,0.3
False,14.950000000000001,-0.3320121089302954,0.42028203304517664,True,94.8722212814688,0.16761567175931494,0.20217976977712465,267.9114172982046,0.2752872571385133,2.0546936211468565,1.8040183921412691,1.8313329338719295,128.33589701208075,0,1.0,False,False,False,False,True,False,True,True,True,True,False,0.9453063788531435,False,False,68.0,68.0,68.0,14.05,68.0,53.1,0,267.8120424568467,0.9439966358281185,0.0,e1_tracking_single_obstacle,M7,17,0.8,0.3
False,14.9,-0.2432971677755552,0.4240811878508101,True,94.09408228164654,0.16338420811215856,0.2014450159196669,266.640392653221,0.2726200675296746,2.061609993495987,1.810807170240707,1.8401612156045746,127.88272221848356,0,1.0,False,False,False,False,True,False,True,True,True,True,False,0.9383900065040129,False,False,68.0,68.0,68.0,13.950000000000001,68.0,53.150000000000006,0,266.25262748849923,0.9362059798379763,0.0,e1_tracking_single_obstacle,M7,18,0.8,0.3
False,14.850000000000001,-0.24799721574013112,0.42253236185818904,True,94.6135945600502,0.20768327221267846,0.20009796718099437,267.55270716571806,0.274292324266615,2.057563798842008,1.8069538326272223,1.8350808125295506,128.50502560807925,0,1.0,False,False,False,False,True,False,True,True,True,True,False,0.9424362011579919,False,False,68.0,68.0,68.0,13.950000000000001,68.0,53.2,0,267.4419978299403,0.9406963463145288,0.0,e1_tracking_single_obstacle,M7,19,0.8,0.3
False,14.9,-0.23038292695948326,0.4239161805910289,True,94.78011839056995,0.16154940234466228,0.20083272103845212,268.04283629250665,0.27566324406205567,2.054521800489553,1.80398915739598,1.831228204093721,128.3866528622031,0,1.0,False,False,False,False,True,False,True,True,True,True,False,0.9454781995104469,False,False,68.0,68.0,68.0,13.950000000000001,68.0,53.150000000000006,0,267.9494180779386,0.9441893595259485,0.0,e1_tracking_single_obstacle,M7,20,0.8,0.3
False,15.0,-0.20809605287609956,0.42329566293720894,True,94.43795316855737,0.14290639676629385,0.2026696056820965,267.59231478568773,0.27439432042520345,2.0571268362858475,1.8064854876902934,1.8344918609930412,128.4089628792412,0,1.0,False,False,False,False,True,False,True,True,True,True,False,0.9428731637141525,False,False,68.0,68.0,68.0,14.0,68.0,53.050000000000004,0,267.48631143128574,0.941193669959766,0.0,e1_tracking_single_obstacle,M7,21,0.8,0.3
False,15.0,-0.28769129440347707,0.43287875135987514,True,94.14814556850023,0.137317384039654,0.20291452363458243,267.6080898104204,0.2744357838169131,2.0569598249302388,1.8063074991078198,1.8342676343976945,128.25553971613607,0,1.0,False,False,False,False,True,False,True,True,True,True,False,0.9430401750697612,False,False,68.0,68.0,68.0,14.0,68.0,53.050000000000004,0,267.5036321875799,0.941384051644375,0.0,e1_tracking_single_obstacle,M7,22,0.8,0.3
False,14.9,-0.32677149379462833,0.4257306707398709,True,94.21225522351402,0.16913346363179074,0.20083272103845212,267.5398628247902,0.27425965962244225,2.0576406617802228,1.8070287758280243,1.835178920884417,128.19981006562048,0,1.0,False,False,False,False,True,False,True,True,True,True,False,0.9423593382197772,False,False,68.0,68.0,68.0,13.9,68.0,53.150000000000006,0,267.42618523323165,0.9406120878438771,0.0,e1_tracking_single_obstacle,M7,23,0.8,0.3
False,14.9,-0.25760923394782564,0.42535017646348283,True,94.44400785792271,0.16024851205704407,0.20083272103845212,267.63478754176754,0.2745080504222442,2.0563856403092724,1.8056603463671845,1.8334705715008766,128.19625545607744,0,1.0,False,False,False,False,True,False,True,True,True,True,False,0.9436143596907276,False,False,68.0,68.0,68.0,13.950000000000001,68.0,53.150000000000006,0,267.52633239519724,0.9420530793891493,0.0,e1_tracking_single_obstacle,M7,24,0.8,0.3
False,14.850000000000001,-0.26058076469988867,0.4246243093318141,True,94.44011481683123,0.1591677484829746,0.2005878030859662,267.71707982803713,0.27473629942085154,2.0555143634566466,1.8047343112716605,1.8323049402628881,128.11824469461754,0,1.0,False,False,False,False,True,False,True,True,True,True,False,0.9444856365433534,False,False,68.0,68.0,68.0,13.9,68.0,53.2,0,267.6087826907788,0.9430594185492063,0.0,e1_tracking_single_obstacle,M7,25,0.8,0.3
False,14.9,-0.27728758853131796,0.4201253145413002,True,94.43181336337096,0.19428220369470586,0.20083272103845212,266.1258691953998,0.2722160561155458,2.0632270707205533,1.8123987691244832,1.8421292393117288,128.18595659677635,0,1.0,False,False,False,False,True,False,True,True,True,True,False,0.9367729292794467,False,False,68.0,68.0,68.0,13.950000000000001,68.0,53.150000000000006,0,265.82962105742445,0.9338183089291908,0.0,e1_tracking_single_obstacle,M7,26,0.8,0.3
False,14.9,-0.2754409102674513,0.42293452039883406,True,94.32157064204875,0.17253632632277208,0.20046534410972325,267.56486433216594,0.274324022329255,2.0577165088032707,1.8071509557321344,1.8353116242070704,128.3681545577771,0,1.0,False,False,False,False,True,False,True,True,True,True,False,0.9422834911967293,False,False,68.0,68.0,68.0,13.950000000000001,68.0,53.150000000000006,0,267.4607896575281,0.9405102119424725,0.0,e1_tracking_single_obstacle,M7,27,0.8,0.3
False,14.9,-0.2354251716014909,0.4231091726694519,True,94.51491392344724,0.18327892667929735,0.20071026206220915,267.5912114371099,0.27439144309313174,2.0572020210283686,1.8065733934627615,1.8345986522896807,128.38405100026702,0,1.0,False,False,False,False,True,False,True,True,True,True,False,0.9427979789716314,False,False,68.0,68.0,68.0,13.950000000000001,68.0,53.150000000000006,0,267.48627581736866,0.941105244604868,0.0,e1_tracking_single_obstacle,M7,28,0.8,0.3
False,14.9,-0.21389467405811213,0.42428209021601787,True,94.66228368138965,0.20039013983727766,0.20034288513348028,267.56156258403405,0.2743147871670069,2.0574328672899536,1.8068095503723747,1.8349013486337376,128.49732597526113,0,1.0,False,False,False,False,True,False,True,True,True,True,False,0.9425671327100464,False,False,68.0,68.0,68.0,13.950000000000001,68.0,53.150000000000006,0,267.4514695434139,0.9408465384293143,0.0,e1_tracking_single_obstacle,M7,29,0.8,0.3
False,14.9,-0.23886767797939357,0.42494457737145325,True,94.5208348743804,0.14881096819350004,0.20168993387215284,267.5834829516897,0.2743712858553094,2.0572066131317497,1.806568867069171,1.8345977676310343,128.39388599758448,0,1.0,False,False,False,False,True,False,True,True,True,True,False,0.9427933868682503,False,False,68.0,68.0,68.0,14.0,68.0,53.150000000000006,0,267.4762375070867,0.9411035826748183,0.0,e1_tracking_single_obstacle,M7,30,0.8,0.3
False,14.850000000000001,-0.2817195444569628,0.42133024469734887,True,94.22885383762116,0.1940307461109961,0.19936321332353663,267.5852254441919,0.27437589016492175,2.0572913816437137,1.8066718510100572,1.8347210733342467,128.1144207645158,0,1.0,False,False,False,False,True,False,True,True,True,True,False,0.9427086183562863,False,False,68.0,68.0,68.0,13.9,68.0,53.2,0,267.48009266348583,0.9410023910512675,0.0,e1_tracking_single_obstacle,M7,31,0.8,0.3
False,14.950000000000001,-0.20978332651887655,0.4217266096880095,True,94.0915512788772,0.12831613652150975,0.20181239284839578,268.1366091738199,0.2759726330884499,2.0529090124177505,1.8022041105856186,1.8290309946582946,127.44047219287395,0,1.0,False,False,False,False,True,False,True,True,True,True,False,0.9470909875822495,False,False,68.0,68.0,68.0,14.0,68.0,53.1,0,267.9875403304941,0.9461307606482704,0.0,e1_tracking_single_obstacle,M7,32,0.8,0.3
False,14.9,-0.2159341723964776,0.4235683607419844,True,94.53831893417987,0.1845754822013022,0.20083272103845212,267.81778153859835,0.2750227418931095,2.0548263372471878,1.8040515686200562,1.8314242244219314,127.83131303291,0,1.0,False,False,False,False,True,False,True,True,True,True,False,0.9451736627528122,False,False,68.0,68.0,68.0,13.950000000000001,68.0,53.150000000000006,0,267.709875689676,0.9438545402397854,0.0,e1_tracking_single_obstacle,M7,33,0.8,0.3
False,14.850000000000001,-0.2501011649830778,0.4257412330428047,True,94.22101977365831,0.16675288272984293,0.19985304922850844,267.62888605202477,0.27449166817368714,2.0565629183509775,1.8058631400561151,1.8337188792139798,127.7520452408251,0,1.0,False,False,False,False,True,False,True,True,True,True,False,0.9434370816490225,False,False,68.0,68.0,68.0,13.9,68.0,53.2,0,267.52246806242465,0.9418452807441059,0.0,e1_tracking_single_obstacle,M7,34,0.8,0.3
False,14.9,-0.26705775157482714,0.42355390581207597,True,94.4828286146995,0.17661913201787077,0.20132255694342396,267.8824980127027,0.2752000841860553,2.055043951355054,1.8043951635572753,1.8318030136507089,128.04525624807405,0,1.0,False,False,False,False,True,False,True,True,True,True,False,0.9449560486449462,False,False,68.0,68.0,68.0,13.950000000000001,68.0,53.150000000000006,0,267.7900342170144,0.9435811123512963,0.0,e1_tracking_single_obstacle,M7,35,0.8,0.3
False,14.950000000000001,-0.21946367320394744,0.4269461155299259,True,94.23316418987434,0.14589721918666756,0.20279206465833946,267.5822390815918,0.2743681917176361,2.0573583808374085,1.8067476207906243,1.8348143258335614,128.3749440026113,0,1.0,False,False,False,False,True,False,True,True,True,True,False,0.9426416191625915,False,False,68.0,68.0,68.0,14.0,68.0,53.1,0,267.4773998537415,0.9409245875714831,0.0,e1_tracking_single_obstacle,M7,36,0.8,0.3
False,15.05,-0.2562310425987697,0.427529331249966,True,94.2635943607537,0.13207963050452554,0.20364927749204018,266.4545538005459,0.2724329707407028,2.062159215289062,1.8113223470878803,1.840822152283518,128.20525792429635,0,1.0,False,False,False,False,True,False,True,True,True,True,False,0.937840784710938,False,False,68.0,68.0,68.0,14.05,68.0,53.0,0,266.0580100001987,0.9354675116437441,0.0,e1_tracking_single_obstacle,M7,37,0.8,0.3
False,14.9,-0.22096252867772315,0.4230489573304468,True,93.95401511331704,0.14400923889031592,0.2026696056820965,268.3062917625366,0.27642783125518716,2.0542949328449223,1.8040692438340247,1.8311942095357352,127.27068263604957,0,1.0,False,False,False,False,True,False,True,True,True,True,False,0.9457050671550777,False,False,68.0,68.0,68.0,13.950000000000001,68.0,53.150000000000006,0,268.20896353825947,0.9444627324078487,0.0,e1_tracking_single_obstacle,M7,38,0.8,0.3
False,14.950000000000001,-0.20838567635937932,0.42267794369516254,True,94.41391039848918,0.15503419032264826,0.20254714670585353,267.7096151134907,0.2747137264390543,2.055750532790174,1.8050046309503704,1.8326355105404974,127.88309331433481,0,1.0,False,False,False,False,True,False,True,True,True,True,False,0.944249467209826,False,False,68.0,68.0,68.0,14.0,68.0,53.1,0,267.60533540187686,0.9427804979079256,0.0,e1_tracking_single_obstacle,M7,39,0.8,0.3
False,14.9,-0.2665318022849835,0.42302177550687625,True,94.64690568008284,0.19204967649251814,0.201200097967181,264.0683757657679,0.26677251840538735,2.0314428571745387,1.7715985106910133,1.830292095392011,128.024461463661,0,1.0,False,False,False,False,True,False,True,True,True,True,False,0.9685571428254613,False,False,68.0,68.0,68.0,14.0,68.0,53.150000000000006,0,264.1690514061784,0.9656895243730342,0.0,e1_tracking_single_obstacle,M7,10,0.8,0.7
False,14.850000000000001,-0.2649287424795832,0.4221524183538204,True,94.14872681845532,0.19172882352206752,0.1997305902522655,264.01350268078994,0.2665978694078924,2.0299246855353195,1.7697034468269142,1.827437655515927,127.345613170392,0,1.0,False,False,False,False,True,False,True,True,True,True,False,0.9700753144646805,False,False,68.0,68.0,68.0,13.9,68.0,53.2,0,264.13676244265656,0.9673109239382675,0.0,e1_tracking_single_obstacle,M7,11,0.8,0.7
False,14.9,-0.2735519099667377,0.4250836278067843,True,94.21490853059703,0.15603075582762088,0.2020573108008817,264.0829142638094,0.26678876226769105,2.031256995601185,1.7713902801125205,1.829942910553286,127.87015832362783,0,1.0,False,False,False,False,True,False,True,True,True,True,False,0.968743004398815,False,False,68.0,68.0,68.0,13.950000000000001,68.0,53.150000000000006,0,264.2020792980571,0.9658610505028693,0.0,e1_tracking_single_obstacle,M7,12,0.8,0.7
False,14.9,-0.2659218512679876,0.4244355944637886,True,93.57400309203655,0.14216019005584657,0.201200097967181,266.3471974150608,0.2778048710500849,2.041902166720506,1.7901880675972024,1.8491091229000507,126.55126144786243,0,1.0,False,False,False,False,True,False,True,True,True,True,False,0.9580978332794938,False,False,68.0,68.0,68.0,13.9,68.0,53.150000000000006,0,271.5576467716634,0.9701452780627429,0.0,e1_tracking_single_obstacle,M7,13,0.8,0.7
False,14.9,-0.3553812659328409,0.42717582355576567,True,94.07905406188516,0.14437399851602858,0.2020573108008817,264.0428338466665,0.26668155860103476,2.0305567718027757,1.7704995682388251,1.828626603659063,127.62929888284872,0,1.0,False,False,False,False,True,False,True,True,True,True,False,0.9694432281972243,False,False,68.0,68.0,68.0,13.950000000000001,68.0,53.150000000000006,0,264.16116787587947,0.9666285851122418,0.0,e1_tracking_single_obstacle,M7,14,0.8,0.7
False,14.950000000000001,-0.25673113302913,0.42338300572411486,True,94.56068026518219,0.14513277751081888,0.20291452363458243,263.97994640807144,0.2664236215093313,2.0259872652076623,1.7649407994403532,1.820003340078831,127.79246729457674,0,1.0,False,False,False,False,True,False,True,True,True,True,False,0.9740127347923377,False,False,68.0,68.0,68.0,14.0,68.0,53.1,0,264.2513634571584,0.9713102256042683,0.0,e1_tracking_single_obstacle,M7,15,0.8,0.7
False,14.9,-0.2787796768166896,0.42292933291858303,True,94.15967811803665,0.15030093892790589,0.20181239284839578,264.11659762436545,0.266889427146452,2.0320425460003415,1.7723769156982778,1.8314188093980621,128.00913339914572,0,1.0,False,False,False,False,True,False,True,True,True,True,False,0.9679574539996585,False,False,68.0,68.0,68.0,13.950000000000001,68.0,53.150000000000006,0,264.22892950113675,0.9650131414323228,0.0,e1_tracking_single_obstacle,M7,16,0.8,0.7
False,14.950000000000001,-0.3303598969943151,0.42033241993705006,True,94.82757848388754,0.16727523634720715,0.20217976977712465,263.8696991363469,0.26619745572385833,2.0267812072520823,1.765749673494406,1.8215148194768909,127.8895471083271,0,1.0,False,False,False,False,True,False,True,True,True,True,False,0.9732187927479177,False,False,68.0,68.0,68.0,14.05,68.0,53.1,0,264.0256559407663,0.970682277720168,0.0,e1_tracking_single_obstacle,M7,17,0.8,0.7
False,14.9,-0.2416278510731824,0.4240763781256203,True,94.03914138263859,0.16289736746525382,0.2014450159196669,273.8393492591245,0.2862871334325837,2.019699842517864,1.7648691490262112,1.821575899092986,127.2224301365369,0,1.0,False,False,False,False,True,False,True,True,True,True,False,0.980300157482136,False,False,68.0,68.0,68.0,13.950000000000001,68.0,53.150000000000006,0,274.36441632518296,0.981596239820906,0.0,e1_tracking_single_obstacle,M7,18,0.8,0.7
False,14.850000000000001,-0.24639623394651622,0.42265491351467166,True,94.55868830325034,0.20698859359185934,0.2002204261572373,264.07990872239435,0.26679264233687233,2.031438275246895,1.7716058358210562,1.8302835657913226,127.99925583891577,0,1.0,False,False,False,False,True,False,True,True,True,True,False,0.9685617247531049,False,False,68.0,68.0,68.0,13.950000000000001,68.0,53.2,0,264.1893740614829,0.9656794297782051,0.0,e1_tracking_single_obstacle,M7,19,0.8,0.7
False,14.9,-0.2287179878368596,0.4239285215303014,True,94.73771114124654,0.16097683725119308,0.20107763899093803,263.855646758952,0.2661569111265145,2.0263761253847616,1.7652462312775994,1.8207498732256933,127.9537507778933,0,1.0,False,False,False,False,True,False,True,True,True,True,False,0.9736238746152384,False,False,68.0,68.0,68.0,13.950000000000001,68.0,53.150000000000006,0,264.0199893288426,0.9711068800645584,0.0,e1_tracking_single_obstacle,M7,20,0.8,0.7
False,14.950000000000001,-0.20646051947691246,0.42324551005070116,True,94.38542474358852,0.14236537350727524,0.20279206465833946,264.0556805088408,0.26671438822026655,2.0307497056388844,1.770747058386903,1.8289892977455882,127.93608581868935,0,1.0,False,False,False,False,True,False,True,True,True,True,False,0.9692502943611156,False,False,68.0,68.0,68.0,14.0,68.0,53.1,0,264.17557439154314,0.9664145895691735,0.0,e1_tracking_single_obstacle,M7,21,0.8,0.7
False,15.0,-0.28610196912464114,0.43281773703629256,True,94.09637764814043,0.13683145153949788,0.20303698261082537,264.0453767071419,0.26668356288772893,2.030499163524672,1.7704330057204012,1.8285181241397575,127.77315397880088,0,1.0,False,False,False,False,True,False,True,True,True,True,False,0.9695008364753281,False,False,68.0,68.0,68.0,14.0,68.0,53.050000000000004,0,264.1681289037066,0.9666833760509129,0.0,e1_tracking_single_obstacle,M7,22,0.8,0.7
False,14.9,-0.3251775324587971,0.42581502606193544,True,94.1552661969633,0.16850141226134027,0.20107763899093803,264.08031309656974,0.26679967026283746,2.0315579731333266,1.771750922351628,1.8305084302386838,127.69065215525711,0,1.0,False,False,False,False,True,False,True,True,True,True,False,0.9684420268666734,False,False,68.0,68.0,68.0,13.9,68.0,53.150000000000006,0,264.18518998021034,0.9655563533166446,0.0,e1_tracking_single_obstacle,M7,23,0.8,0.7
False,14.850000000000001,-0.2560218374068207,0.42533649092847836,True,94.3904353669442,0.15979222197072498,0.201200097967181,263.99536391311574,0.26654975863561975,2.0296094941489073,1.769302423853869,1.8268446820485686,127.68442789051917,0,1.0,False,False,False,False,True,False,True,True,True,True,False,0.9703905058510927,False,False,68.0,68.0,68.0,13.950000000000001,68.0,53.2,0,264.11856903963246,0.9676557473370758,0.0,e1_tracking_single_obstacle,M7,24,0.8,0.7
False,14.850000000000001,-0.2590054069547829,0.4246196772936989,True,94.38722503935992,0.15860472902570377,0.20071026206220915,263.926965221347,0.26636060110144405,2.0282048851960055,1.767530167227785,1.8241999064847898,127.6138590937343,0,1.0,False,False,False,False,True,False,True,True,True,True,False,0.9717951148039945,False,False,68.0,68.0,68.0,13.9,68.0,53.2,0,264.06073677035835,0.9691715910458023,0.0,e1_tracking_single_obstacle,M7,25,0.8,0.7
False,14.850000000000001,-0.27562041737585163,0.42021458158701824,True,94.41094638477732,0.19402221544489998,0.20083272103845212,273.53130204766796,0.2817788391029751,2.0147372361775737,1.756216840205378,1.813295227310169,127.71427096425828,0,1.0,False,False,False,False,True,False,True,True,True,True,False,0.9852627638224263,False,False,68.0,68.0,68.0,13.950000000000001,68.0,53.2,0,272.7983212007532,0.9841803893362325,0.0,e1_tracking_single_obstacle,M7,26,0.8,0.7
False,14.9,-0.27380088029384886,0.42296078210589777,True,94.27003849487598,0.17196287666982613,0.20046534410972325,264.1021275275925,0.26684368088545035,2.031659214765742,1.7718976348599587,1.8306987260135943,127.90101936785338,0,1.0,False,False,False,False,True,False,True,True,True,True,False,0.968340785234258,False,False,68.0,68.0,68.0,13.9,68.0,53.150000000000006,0,264.21918062456524,0.9654244802605586,0.0,e1_tracking_single_obstacle,M7,27,0.8,0.7
False,14.9,-0.23382109063849055,0.4232325350516822,True,94.46312129348635,0.18267342130793912,0.2009551800146951,264.0628233751652,0.26673308187787254,2.0308660767100304,1.7708956390305655,1.8292080558747652,127.9101902834833,0,1.0,False,False,False,False,True,False,True,True,True,True,False,0.9691339232899696,False,False,68.0,68.0,68.0,13.950000000000001,68.0,53.150000000000006,0,264.18321679723294,0.9662863209779882,0.0,e1_tracking_single_obstacle,M7,28,0.8,0.7
False,14.850000000000001,-0.2123301047748276,0.4242568287890744,True,94.60746916914275,0.19965446504480858,0.20046534410972325,264.0713806954846,0.26676642249879573,2.031225154414997,1.7713388266855044,1.8298830798131378,127.99974815844243,0,1.0,False,False,False,False,True,False,True,True,True,True,False,0.9687748455850032,False,False,68.0,68.0,68.0,13.950000000000001,68.0,53.2,0,264.18323266018416,0.9659085133526307,0.0,e1_tracking_single_obstacle,M7,29,0.8,0.7
False,14.9,-0.23715974942070928,0.42489452351891777,True,94.46899618918309,0.1482944885148714,0.20168993387215284,264.0605940536699,0.2667294666320852,2.0308763194270445,1.7709054399016129,1.829227388805224,127.93511208473105,0,1.0,False,False,False,False,True,False,True,True,True,True,False,0.9691236805729555,False,False,68.0,68.0,68.0,13.950000000000001,68.0,53.150000000000006,0,264.17883292062675,0.9662792265848023,0.0,e1_tracking_single_obstacle,M7,30,0.8,0.7
False,14.8,-0.28011291921395676,0.421443191121877,True,94.1764958676537,0.19337075767011147,0.19960813127602253,264.06884167318475,0.2667505120019295,2.0309986460735847,1.771062482896681,1.8294572808779062,127.63741984531822,0,1.0,False,False,False,False,True,False,True,True,True,True,False,0.9690013539264153,False,False,68.0,68.0,68.0,13.9,68.0,53.25,0,264.18821325582553,0.9661430943894955,0.0,e1_tracking_single_obstacle,M7,31,0.8,0.7
False,14.950000000000001,-0.20839632304632194,0.4217607131778284,True,94.04982056382445,0.12779186091647893,0.2020573108008817,263.67502526719176,0.265708491613265,2.0237121929957578,1.761825183678767,1.8157230599739977,126.99669218434683,0,1.0,False,False,False,False,True,False,True,True,True,True,False,0.9762878070042422,False,False,68.0,68.0,68.0,14.0,68.0,53.1,0,263.8312322220715,0.9740302026741594,0.0,e1_tracking_single_obstacle,M7,32,0.8,0.7
False,14.9,-0.2143064464027613,0.42362513737363255,True,94.48612990134778,0.18384312241741937,0.201200097967181,263.8709436065036,0.26620804634846545,2.0270450719789572,1.7660679989259136,1.822013605674593,127.34483881723673,0,1.0,False,False,False,False,True,False,True,True,True,True,False,0.9729549280210428,False,False,68.0,68.0,68.0,13.950000000000001,68.0,53.150000000000006,0,264.01543433857165,0.970417631741998,0.0,e1_tracking_single_obstacle,M7,33,0.8,0.7
False,14.8,-0.2484742120546456,0.4257507373759202,True,94.1656982903913,0.1662993499988079,0.1999755082047514,264.01193228780403,0.26659258467580943,2.0298722675705787,1.7696384365887243,1.8273389955613575,127.25744570040304,0,1.0,False,False,False,False,True,False,True,True,True,True,False,0.9701277324294213,False,False,68.0,68.0,68.0,13.9,68.0,53.25,0,264.1362825125482,0.967366207101128,0.0,e1_tracking_single_obstacle,M7,34,0.8,0.7
False,14.9,-0.26534186141806315,0.4235628253907222,True,94.44008224505802,0.17652601530671136,0.2014450159196669,263.9070419876297,0.26629234866191503,2.0273782858247777,1.7665125359625742,1.8226402512451225,127.60507094682279,0,1.0,False,False,False,False,True,False,True,True,True,True,False,0.9726217141752223,False,False,68.0,68.0,68.0,13.950000000000001,68.0,53.150000000000006,0,264.06369681970705,0.9700288222389727,0.0,e1_tracking_single_obstacle,M7,35,0.8,0.7
False,14.950000000000001,-0.21790265716239499,0.4270092527284444,True,94.18061743056273,0.14546062466486315,0.20291452363458243,264.0744734157299,0.26676619187681133,2.031109207206869,1.7712023332090332,1.8296650961955414,127.89495378983274,0,1.0,False,False,False,False,True,False,True,True,True,True,False,0.9688907927931312,False,False,68.0,68.0,68.0,13.950000000000001,68.0,53.1,0,264.1934786750479,0.9660227198036645,0.0,e1_tracking_single_obstacle,M7,36,0.8,0.7
False,15.05,-0.254491668715657,0.4275241434848378,True,94.224614608613,0.13166572296395362,0.20377173646828312,274.45473031201624,0.2845296697630532,2.017387719654907,1.7609965740793985,1.8177371540475313,127.63603505796873,0,1.0,False,False,False,False,True,False,True,True,True,True,False,0.982612280345093,False,False,68.0,68.0,68.0,14.05,68.0,53.0,0,274.066600754806,0.9827307203884967,0.0,e1_tracking_single_obstacle,M7,37,0.8,0.7
False,14.9,-0.2192530403923414,0.4230928565533488,True,93.91232971723247,0.14365680138883233,0.2026696056820965,263.8228341622505,0.26606989687427096,2.0256732288867068,1.764362410679812,1.8194227326227788,126.83477966148571,0,1.0,False,False,False,False,True,False,True,True,True,True,False,0.9743267711132932,False,False,68.0,68.0,68.0,13.950000000000001,68.0,53.150000000000006,0,263.99556927697756,0.9718560425731125,0.0,e1_tracking_single_obstacle,M7,38,0.8,0.7
False,14.950000000000001,-0.2068076632929191,0.4227571151079113,True,94.36022974052183,0.1545925414065441,0.20291452363458243,263.951982202376,0.26642448255397483,2.0285935834457285,1.7680277772391344,1.8249317545555808,127.39722186670974,0,1.0,False,False,False,False,True,False,True,True,True,True,False,0.9714064165542715,False,False,68.0,68.0,68.0,14.0,68.0,53.1,0,264.0872776887191,0.9687437513016686,0.0,e1_tracking_single_obstacle,M7,39,0.8,0.7
False,14.9,-0.2653612451545946,0.4231134188827425,True,94.637369109008,0.19152692034376825,0.201200097967181,261.40637234092736,0.2615352550678161,2.0109836182286998,1.7438535235421446,1.8177203633222176,127.78779795527043,0,1.0,False,False,False,False,True,False,True,True,True,True,False,0.9890163817713002,False,False,68.0,68.0,68.0,13.950000000000001,68.0,53.150000000000006,0,261.6673313274255,0.9850226194252989,0.0,e1_tracking_single_obstacle,M7,10,0.8,1.0
False,14.8,-0.26373245873984963,0.4222410001775418,True,94.14726760315746,0.1911527254731296,0.19985304922850844,261.270470241956,0.261162442682715,2.008957326392775,1.7412267901374057,1.8131857319708735,127.1769808549336,0,1.0,False,False,False,False,True,False,True,True,True,True,False,0.9910426736072249,False,False,68.0,68.0,68.0,13.9,68.0,53.25,0,261.5598564296473,0.9871107491111585,0.0,e1_tracking_single_obstacle,M7,11,0.8,1.0
False,14.850000000000001,-0.2723333832133821,0.42509825006899793,True,94.21480091828005,0.1558604167204215,0.20217976977712465,261.409627007117,0.26150556840877853,2.0107197295709414,1.7435293069019981,1.817117725641996,127.7088768501363,0,1.0,False,False,False,False,True,False,True,True,True,True,False,0.9892802704290586,False,False,68.0,68.0,68.0,13.950000000000001,68.0,53.2,0,261.69360718003645,0.9852604827947365,0.0,e1_tracking_single_obstacle,M7,12,0.8,1.0
False,14.850000000000001,-0.2648268655673105,0.4245318949203636,True,93.71469306823779,0.1417584839278843,0.2014450159196669,263.6183572608482,0.2630143238137575,1.9777328248503079,1.7009710499559332,1.7683350960767714,127.13171462483838,0,1.0,False,False,False,False,True,False,True,True,True,True,False,1.0222671751496921,False,False,68.0,68.0,68.0,13.9,68.0,53.2,0,264.28243091233566,1.017936419559949,0.0,e1_tracking_single_obstacle,M7,13,0.8,1.0
False,14.9,-0.3520428978233784,0.42709733161876334,True,94.07566838739265,0.14210714324121312,0.2020573108008817,261.33249068751115,0.26131943695497817,2.009775068256323,1.7422931162023532,1.8150125383705071,127.45855557115489,0,1.0,False,False,False,False,True,False,True,True,True,True,False,0.9902249317436769,False,False,68.0,68.0,68.0,13.950000000000001,68.0,53.150000000000006,0,261.6163936566102,0.9862580346094805,0.0,e1_tracking_single_obstacle,M7,14,0.8,1.0
False,14.9,-0.2554684248095168,0.4234563837535557,True,94.57034986145577,0.1448331114209147,0.20303698261082537,260.8752214002041,0.26016308945383787,2.0037659695945056,1.7344512996657617,1.801550573199258,127.61879395883173,0,1.0,False,False,False,False,True,False,True,True,True,True,False,0.9962340304054944,False,False,68.0,68.0,68.0,14.0,68.0,53.150000000000006,0,261.22286691425126,0.9924550903764271,0.0,e1_tracking_single_obstacle,M7,15,0.8,1.0
False,14.9,-0.27761204613126333,0.4230086194484833,True,94.15482984144151,0.15003438463875482,0.20217976977712465,261.48220782790156,0.2616956894716943,2.011735582099883,1.7448492481168079,1.819386495873309,127.81482345468274,0,1.0,False,False,False,False,True,False,True,True,True,True,False,0.9882644179001172,False,False,68.0,68.0,68.0,13.950000000000001,68.0,53.150000000000006,0,261.75761224993005,0.9842027939847756,0.0,e1_tracking_single_obstacle,M7,16,0.8,1.0
False,14.950000000000001,-0.3291289690229897,0.4203640027076921,True,94.83978087906324,0.16702918170621694,0.20254714670585353,260.95105699077266,0.2603635558993747,2.0048514888743494,1.7358616259712878,1.8039985743636795,127.78519430245781,0,1.0,False,False,False,False,True,False,True,True,True,True,False,0.9951485111256506,False,False,68.0,68.0,68.0,14.05,68.0,53.1,0,261.27414720296207,0.9913712825182691,0.0,e1_tracking_single_obstacle,M7,17,0.8,1.0
False,14.9,-0.24038384853102535,0.42407243691968194,True,94.11826865257784,0.1626581800544433,0.2014450159196669,263.8215452864763,0.2634198284185837,1.979049339672305,1.702802385192179,1.7712305405953694,127.42699062179756,0,1.0,False,False,False,False,True,False,True,True,True,True,False,1.020950660327695,False,False,68.0,68.0,68.0,13.950000000000001,68.0,53.150000000000006,0,264.4901398183825,1.0165569588119407,0.0,e1_tracking_single_obstacle,M7,18,0.8,1.0
False,14.850000000000001,-0.24520334359571017,0.42274658740419374,True,94.55340898369474,0.20647502827774192,0.2002204261572373,261.4160172580056,0.26153943287425846,2.010948969338561,1.7438186850455588,1.817636001193121,127.79063571890609,0,1.0,False,False,False,False,True,False,True,True,True,True,False,0.9890510306614391,False,False,68.0,68.0,68.0,13.950000000000001,68.0,53.2,0,261.6885128244055,0.9850388707745401,0.0,e1_tracking_single_obstacle,M7,19,0.8,1.0
False,14.9,-0.22748303693127003,0.42393785654845834,True,94.75191428203408,0.1605537212258176,0.201200097967181,260.9094289738081,0.2602602775744139,2.0043238771109833,1.7351713125241404,1.8028153680068144,127.86315027554122,0,1.0,False,False,False,False,True,False,True,True,True,True,False,0.9956761228890167,False,False,68.0,68.0,68.0,13.950000000000001,68.0,53.150000000000006,0,261.2382184254402,0.9919138442531673,0.0,e1_tracking_single_obstacle,M7,20,0.8,1.0
False,14.950000000000001,-0.2052416705882366,0.4232084300971929,True,94.38388309365223,0.14196725412903627,0.20279206465833946,261.355547406181,0.26137322175573424,2.0100414220612084,1.7426428694816234,1.8156052802869667,127.76479404592386,0,1.0,False,False,False,False,True,False,True,True,True,True,False,0.9899585779387916,False,False,68.0,68.0,68.0,14.0,68.0,53.1,0,261.6406874875567,0.9859743647964072,0.0,e1_tracking_single_obstacle,M7,21,0.8,1.0
False,15.0,-0.2849179442170404,0.4327726681297283,True,94.09583051358051,0.13647581869903058,0.2032819005633113,261.3324610855922,0.2613133472822506,2.00972424241328,1.7422302125236226,1.8148962524762005,127.59709909941438,0,1.0,False,False,False,False,True,False,True,True,True,True,False,0.99027575758672,False,False,68.0,68.0,68.0,14.0,68.0,53.050000000000004,0,261.62051077434313,0.9863036057997532,0.0,e1_tracking_single_obstacle,M7,22,0.8,1.0
False,14.9,-0.3239901326527913,0.4258783092466485,True,94.14779412640125,0.16803222720511965,0.20107763899093803,261.4226791172229,0.2615647362555235,2.0111053350127794,1.7440180835969628,1.8179878344129001,127.47458201711395,0,1.0,False,False,False,False,True,False,True,True,True,True,False,0.9888946649872206,False,False,68.0,68.0,68.0,13.9,68.0,53.150000000000006,0,261.6896526499009,0.9848835393324663,0.0,e1_tracking_single_obstacle,M7,23,0.8,1.0
False,14.850000000000001,-0.2548391728019035,0.4253200348050463,True,94.39018764205152,0.1594518577960931,0.20132255694342396,261.23672737643807,0.26108163117430355,2.0085519537189866,1.7406954232504102,1.8122819577395866,127.49555559580352,0,1.0,False,False,False,False,True,False,True,True,True,True,False,0.9914480462810134,False,False,68.0,68.0,68.0,13.950000000000001,68.0,53.2,0,261.5261130152695,0.987538568896241,0.0,e1_tracking_single_obstacle,M7,24,0.8,1.0
False,14.850000000000001,-0.25783176995470436,0.42461649908997695,True,94.39053076823409,0.15818735647797538,0.2009551800146951,261.09191094546276,0.26072010415682056,2.006696261656525,1.7382704953967147,1.808133673111503,127.4484829122309,0,1.0,False,False,False,False,True,False,True,True,True,True,False,0.9933037383434749,False,False,68.0,68.0,68.0,13.9,68.0,53.2,0,261.39378334955245,0.9894719485146498,0.0,e1_tracking_single_obstacle,M7,25,0.8,1.0
False,14.850000000000001,-0.2743783452552936,0.4202813987121239,True,94.39702865431201,0.19398464676593088,0.20083272103845212,264.2228044599461,0.26418889146840213,1.9821167720821409,1.7069706221557945,1.7781867280719708,127.47352735312859,0,1.0,False,False,False,False,True,False,True,True,True,True,False,1.0178832279178591,False,False,68.0,68.0,68.0,13.950000000000001,68.0,53.2,0,264.65747956553764,1.0139749186875853,0.0,e1_tracking_single_obstacle,M7,26,0.8,1.0
False,14.9,-0.2725787901763286,0.4229805229896085,True,94.2674156102982,0.17154220627376304,0.20071026206220915,261.4482602709591,0.26160412315886145,2.0112382855965634,1.744204502669825,1.818275125880666,127.72404641840231,0,1.0,False,False,False,False,True,False,True,True,True,True,False,0.9887617144034366,False,False,68.0,68.0,68.0,13.9,68.0,53.150000000000006,0,261.7291822105063,0.9847182174442375,0.0,e1_tracking_single_obstacle,M7,27,0.8,1.0
False,14.9,-0.23262590931950655,0.42332588874130966,True,94.4618895264307,0.18222706497778307,0.20107763899093803,261.36850288213526,0.26140406838834795,2.0101964330019952,1.7428459942323011,1.8159505254700574,127.73690899649858,0,1.0,False,False,False,False,True,False,True,True,True,True,False,0.9898035669980048,False,False,68.0,68.0,68.0,13.950000000000001,68.0,53.150000000000006,0,261.65393812963543,0.9858100720165942,0.0,e1_tracking_single_obstacle,M7,28,0.8,1.0
False,14.850000000000001,-0.21116418507054935,0.4242383019744463,True,94.60299765378018,0.1991089964514095,0.2005878030859662,261.3960688427645,0.2614856733484922,2.0106583389063863,1.74344166628545,1.816986311182702,127.80196181499602,0,1.0,False,False,False,False,True,False,True,True,True,True,False,0.9893416610936137,False,False,68.0,68.0,68.0,13.950000000000001,68.0,53.2,0,261.6718954072401,0.9853398387032031,0.0,e1_tracking_single_obstacle,M7,29,0.8,1.0
False,14.9,-0.23588698717392254,0.4248575241376676,True,94.46770318735584,0.14791622992615494,0.2020573108008817,261.36769144051414,0.2614047797449397,2.010209052484622,1.7428608840459634,1.815979997013587,127.77287314553404,0,1.0,False,False,False,False,True,False,True,True,True,True,False,0.9897909475153779,False,False,68.0,68.0,68.0,13.950000000000001,68.0,53.150000000000006,0,261.6512738453065,0.9858005021950876,0.0,e1_tracking_single_obstacle,M7,30,0.8,1.0
False,14.8,-0.2789159472591125,0.42152773550553246,True,94.17458352165772,0.19288559493707455,0.1997305902522655,261.3809195873426,0.26143589742545364,2.010363981025464,1.7430641496734545,1.816324748244161,127.46040036360532,0,1.0,False,False,False,False,True,False,True,True,True,True,False,0.9896360189745361,False,False,68.0,68.0,68.0,13.9,68.0,53.25,0,261.6651460020718,0.9856353787696673,0.0,e1_tracking_single_obstacle,M7,31,0.8,1.0
False,14.950000000000001,-0.20736288145647497,0.42178633756024164,True,94.07106975743211,0.12741366371452864,0.20217976977712465,260.58437481441626,0.25950630562703997,2.00072155575274,1.7304146391434188,1.7947718417723957,126.93395877538671,0,1.0,False,False,False,False,True,False,True,True,True,True,False,0.9992784442472602,False,False,68.0,68.0,68.0,14.0,68.0,53.1,0,260.9122903562963,0.9957057498322034,0.0,e1_tracking_single_obstacle,M7,32,0.8,1.0
False,14.9,-0.21309346722504752,0.42367404250718815,True,94.49248460177138,0.1833066430077658,0.201200097967181,260.9696280816864,0.2604177793803152,2.0051602926553236,1.7362601415118495,1.8046966924181946,127.20814223759129,0,1.0,False,False,False,False,True,False,True,True,True,True,False,0.9948397073446764,False,False,68.0,68.0,68.0,13.950000000000001,68.0,53.150000000000006,0,261.2830032034007,0.991067261209117,0.0,e1_tracking_single_obstacle,M7,33,0.8,1.0
False,14.8,-0.24726190196578424,0.4257580225176813,True,94.16388965485608,0.16596764490702537,0.20009796718099437,261.2660611200254,0.2611501992103746,2.0088901412830222,1.741139777714823,1.8130350581017929,127.0815527154368,0,1.0,False,False,False,False,True,False,True,True,True,True,False,0.9911098587169778,False,False,68.0,68.0,68.0,13.9,68.0,53.25,0,261.5566394076797,0.9871793331245615,0.0,e1_tracking_single_obstacle,M7,34,0.8,1.0
False,14.9,-0.2640634022462993,0.42356960119722337,True,94.45219029193227,0.17645595502005285,0.20168993387215284,261.02168754024893,0.2605298951043744,2.0056646838547914,1.7369316527831695,1.8058138859415422,127.49746329832988,0,1.0,False,False,False,False,True,False,True,True,True,True,False,0.9943353161452086,False,False,68.0,68.0,68.0,13.950000000000001,68.0,53.150000000000006,0,261.3443632491868,0.990515405989712,0.0,e1_tracking_single_obstacle,M7,35,0.8,1.0
False,14.950000000000001,-0.21674695596614757,0.42706385681077536,True,94.17833264054833,0.1451398568570044,0.20303698261082537,261.3926935773718,0.26146534249415393,2.0105167493047627,1.7432634476761446,1.8166655903824656,127.7141741030091,0,1.0,False,False,False,False,True,False,True,True,True,True,False,0.9894832506952373,False,False,68.0,68.0,68.0,13.950000000000001,68.0,53.1,0,261.67630205827703,0.98547511658392,0.0,e1_tracking_single_obstacle,M7,36,0.8,1.0
False,15.0,-0.2531957578267793,0.4275240522768536,True,94.28968724673378,0.13148288746406342,0.20377173646828312,263.90693081500376,0.2635899004147399,1.9796070061527764,1.7035768549651293,1.7724583910661584,127.77632452664173,0,1.0,False,False,False,False,True,False,True,True,True,True,False,1.0203929938472236,False,False,68.0,68.0,68.0,14.05,68.0,53.050000000000004,0,264.57574969394113,1.0159772768108803,0.0,e1_tracking_single_obstacle,M7,37,0.8,1.0
False,14.9,-0.21797904903878362,0.4231258409304774,True,93.92793026178012,0.14339918560547255,0.20291452363458243,260.82788104908786,0.2600654550993172,2.0033614057646,1.7339063271911461,1.8006616942286733,126.75046915874296,0,1.0,False,False,False,False,True,False,True,True,True,True,False,0.9966385942353999,False,False,68.0,68.0,68.0,13.950000000000001,68.0,53.150000000000006,0,261.16148486150627,0.9929154449901694,0.0,e1_tracking_single_obstacle,M7,38,0.8,1.0
False,14.950000000000001,-0.20563166711284186,0.4228163155327293,True,94.36207209310477,0.15426852535779811,0.20315944158706833,261.1380959527957,0.26082865073167616,2.007229272135046,1.738971314176071,1.8093219729502468,127.24112178206097,0,1.0,False,False,False,False,True,False,True,True,True,True,False,0.9927707278649538,False,False,68.0,68.0,68.0,14.0,68.0,53.1,0,261.4407586590474,0.9889081640035484,0.0,e1_tracking_single_obstacle,M7,39,0.8,1.0
False,14.9,-0.26419769293441286,0.4232049296213137,True,94.67752577732394,0.19100818163950514,0.20156747489590987,258.62940724351455,0.25648797854369504,1.9899452755213487,1.7151524974737726,1.7942693409073074,127.78398532875019,0,1.0,False,False,False,False,True,False,True,True,True,True,False,1.0100547244786513,False,False,68.0,68.0,68.0,13.950000000000001,68.0,53.150000000000006,0,259.07111194964904,1.004699686247455,0.0,e1_tracking_single_obstacle,M7,10,0.8,1.3
False,14.8,-0.26254291994890666,0.4223298111094266,True,94.20331222856029,0.19058168987866358,0.20009796718099437,258.4171988207316,0.2559476364700012,1.9873359590910624,1.7117034753040854,1.7873512283217698,127.28908961280104,0,1.0,False,False,False,False,True,False,True,True,True,True,False,1.0126640409089376,False,False,68.0,68.0,68.0,13.9,68.0,53.25,0,258.89692513735395,1.0073031459142603,0.0,e1_tracking_single_obstacle,M7,11,0.8,1.3
False,14.850000000000001,-0.2711215965962137,0.42511294346971923,True,94.26819347568455,0.1556940869931168,0.20230222875336762,258.6269846557219,0.2564128688747622,1.9895795328393395,1.7146838793275823,1.7932911060286307,127.8057439919406,0,1.0,False,False,False,False,True,False,True,True,True,True,False,1.0104204671606605,False,False,68.0,68.0,68.0,13.950000000000001,68.0,53.2,0,259.0987063557036,1.0050198308383376,0.0,e1_tracking_single_obstacle,M7,12,0.8,1.3
False,14.850000000000001,-0.26373810917150586,0.4246248924902378,True,93.81713674596763,0.14143731791307354,0.20156747489590987,258.2153366970435,0.2512959775900014,1.9489585358086305,1.6587530681209726,1.7262163206302281,127.47717405693734,0,1.0,False,False,False,False,True,False,True,True,True,True,False,1.0510414641913695,False,False,68.0,68.0,68.0,13.9,68.0,53.2,0,259.14922321049977,1.0449006377837768,0.0,e1_tracking_single_obstacle,M7,13,0.8,1.3
False,14.9,-0.35083549172375506,0.4270444060112083,True,94.12979404262714,0.14166428261373581,0.20217976977712465,258.5094917824035,0.2561585251394058,1.9883500848063538,1.7130497656506,1.7900379621996803,127.56004175238012,0,1.0,False,False,False,False,True,False,True,True,True,True,False,1.0116499151936462,False,False,68.0,68.0,68.0,13.950000000000001,68.0,53.150000000000006,0,258.9826310792388,1.0062769567152867,0.0,e1_tracking_single_obstacle,M7,14,0.8,1.3
False,14.9,-0.25421268142600983,0.42352348991086775,True,94.64935250587514,0.14456099925357987,0.2032819005633113,257.8371725412225,0.2546118917558125,1.9810319214102252,1.7033133161947336,1.7706228707848697,127.80510622753368,0,1.0,False,False,False,False,True,False,True,True,True,True,False,1.0189680785897748,False,False,68.0,68.0,68.0,14.0,68.0,53.150000000000006,0,258.37340848217224,1.0136410264003552,0.0,e1_tracking_single_obstacle,M7,15,0.8,1.3
False,14.850000000000001,-0.276450990397924,0.42308770302629845,True,94.20139286817874,0.149777375734024,0.20217976977712465,258.736269212908,0.25667140573967284,1.9908375979146966,1.7163489790805673,1.7966226608898839,127.86790977753839,0,1.0,False,False,False,False,True,False,True,True,True,True,False,1.0091624020853034,False,False,68.0,68.0,68.0,13.950000000000001,68.0,53.2,0,259.1973671569002,1.0037497882676036,0.0,e1_tracking_single_obstacle,M7,16,0.8,1.3
False,14.950000000000001,-0.32790500010485035,0.42039558990893083,True,94.91817927590743,0.16679274162572275,0.2026696056820965,257.94934559681786,0.25487543728999923,1.9822601147034347,1.704949823354041,1.7738883667676528,128.00944226719128,0,1.0,False,False,False,False,True,False,True,True,True,True,False,1.0177398852965653,False,False,68.0,68.0,68.0,14.05,68.0,53.1,0,258.46983013718545,1.012419340468018,0.0,e1_tracking_single_obstacle,M7,17,0.8,1.3
False,14.9,-0.23914666830047182,0.42406873849290055,True,94.21525186368142,0.1624262217630922,0.20181239284839578,258.4618657795619,0.25179233073940005,1.9505737598128132,1.661035865878424,1.7303801513059343,127.74783840105613,0,1.0,False,False,False,False,True,False,True,True,True,True,False,1.0494262401871868,False,False,68.0,68.0,68.0,13.950000000000001,68.0,53.150000000000006,0,259.39964311328254,1.0432479134071473,0.0,e1_tracking_single_obstacle,M7,18,0.8,1.3
False,14.850000000000001,-0.2440172153821828,0.4228385660046776,True,94.6007046011024,0.2059658915075012,0.20034288513348028,258.63833069860516,0.2564674776833924,1.9898453505597893,1.7150295169365475,1.7939995555797632,127.83445111322234,0,1.0,False,False,False,False,True,False,True,True,True,True,False,1.0101546494402107,False,False,68.0,68.0,68.0,13.950000000000001,68.0,53.2,0,259.0967104955123,1.0047718209017251,0.0,e1_tracking_single_obstacle,M7,19,0.8,1.3
False,14.850000000000001,-0.22626900150809426,0.4239470584288549,True,94.83330983567483,0.1601386159512144,0.20132255694342396,257.88884203919525,0.25473774648545194,1.9816168198177966,1.704091871792261,1.7721801400576203,128.10679586143067,0,1.0,False,False,False,False,True,False,True,True,True,True,False,1.0183831801822034,False,False,68.0,68.0,68.0,13.950000000000001,68.0,53.2,0,258.4150390385846,1.0130653302303114,0.0,e1_tracking_single_obstacle,M7,20,0.8,1.3
False,14.950000000000001,-0.20402944960486058,0.4231726390879039,True,94.43746775461653,0.14157800083271727,0.20279206465833946,258.5445711308343,0.2562320068600108,1.9887045791687543,1.7135217006556376,1.7909754809870289,127.86082452165883,0,1.0,False,False,False,False,True,False,True,True,True,True,False,1.0112954208312457,False,False,68.0,68.0,68.0,14.0,68.0,53.1,0,259.0184194846632,1.0059122074441225,0.0,e1_tracking_single_obstacle,M7,21,0.8,1.3
False,14.950000000000001,-0.2837406573263589,0.4327281851654003,True,94.15098828239748,0.1361291771713346,0.20340435953955424,258.51047913652724,0.2561524659179964,1.9883208391444613,1.7130129145784656,1.789958641213092,127.69183539393866,0,1.0,False,False,False,False,True,False,True,True,True,True,False,1.0116791608555387,False,False,68.0,68.0,68.0,14.0,68.0,53.1,0,258.987483289404,1.0062991840887807,0.0,e1_tracking_single_obstacle,M7,22,0.8,1.3
False,14.9,-0.32280956181223386,0.4259415692594847,True,94.19193874338285,0.16756924042754648,0.201200097967181,258.6497363228812,0.2565080665711213,1.9900431751433743,1.7152882933514573,1.7945253095800149,127.50395510332407,0,1.0,False,False,False,False,True,False,True,True,True,True,False,1.0099568248566257,False,False,68.0,68.0,68.0,13.9,68.0,53.150000000000006,0,259.10118870749466,1.0045817979133198,0.0,e1_tracking_single_obstacle,M7,23,0.8,1.3
False,14.850000000000001,-0.25366317511987624,0.4253039685701192,True,94.44820801560806,0.15911497406276776,0.20132255694342396,258.36822997126114,0.2558427550867305,1.986832856420843,1.7110336350548454,1.7860194747564537,127.59161061783429,0,1.0,False,False,False,False,True,False,True,True,True,True,False,1.013167143579157,False,False,68.0,68.0,68.0,13.950000000000001,68.0,53.2,0,258.8482849314764,1.007817821342515,0.0,e1_tracking_single_obstacle,M7,24,0.8,1.3
False,14.850000000000001,-0.25666479810719367,0.4246135708995472,True,94.45633673416098,0.15777618676661365,0.2009551800146951,258.1529571054472,0.2553523572666267,1.9845000852865013,1.7079312551971777,1.7798354778680223,127.59139937370767,0,1.0,False,False,False,False,True,False,True,True,True,True,False,1.0154999147134987,False,False,68.0,68.0,68.0,13.9,68.0,53.2,0,258.6491729672798,1.0101756398581438,0.0,e1_tracking_single_obstacle,M7,25,0.8,1.3
False,14.850000000000001,-0.27314327587591025,0.4203470426061764,True,94.49037290987633,0.19375045083955253,0.2009551800146951,257.61473187469926,0.2541104321332979,1.9787048490564665,1.7002049053791797,1.7644338707740574,127.60450652053139,0,1.0,False,False,False,False,True,False,True,True,True,True,False,1.0212951509435335,False,False,68.0,68.0,68.0,13.950000000000001,68.0,53.2,0,258.1741299849982,1.015962387363338,0.0,e1_tracking_single_obstacle,M7,26,0.8,1.3
False,14.850000000000001,-0.2713633952262602,0.42300030349289275,True,94.31725125939312,0.1711307605673135,0.2009551800146951,258.68409312698543,0.2565446927258023,1.9902195771960878,1.7155319865653615,1.7949856738513172,127.80008937046338,0,1.0,False,False,False,False,True,False,True,True,True,True,False,1.0097804228039122,False,False,68.0,68.0,68.0,13.9,68.0,53.2,0,259.15164424517076,1.0043714287588705,0.0,e1_tracking_single_obstacle,M7,27,0.8,1.3
False,14.9,-0.2314373654695655,0.42342921267789196,True,94.51541851828391,0.18179075050627347,0.201200097967181,258.5638653921356,0.2562733196317304,1.9889040510030116,1.7137869831972758,1.7915031617684307,127.8291062771875,0,1.0,False,False,False,False,True,False,True,True,True,True,False,1.0110959489969884,False,False,68.0,68.0,68.0,13.950000000000001,68.0,53.150000000000006,0,259.0377071195681,1.0057077288952205,0.0,e1_tracking_single_obstacle,M7,28,0.8,1.3
False,14.850000000000001,-0.21000462896706495,0.42422013153789867,True,94.65215897907065,0.1985689245738249,0.20071026206220915,258.6067926197191,0.25638938745721834,1.9894660362645098,1.7145280909324834,1.7929944137229263,127.86291297933411,0,1.0,False,False,False,False,True,False,True,True,True,True,False,1.0105339637354902,False,False,68.0,68.0,68.0,13.950000000000001,68.0,53.2,0,259.06978389861723,1.0051520279539525,0.0,e1_tracking_single_obstacle,M7,29,0.8,1.3
False,14.9,-0.23462123656820755,0.424820982432366,True,94.52112747573256,0.14754715298634724,0.20217976977712465,258.56363372830435,0.2562761590596309,1.988918034897852,1.7138047048019112,1.7915410523813307,127.87544661386556,0,1.0,False,False,False,False,True,False,True,True,True,True,False,1.011081965102148,False,False,68.0,68.0,68.0,13.950000000000001,68.0,53.150000000000006,0,259.0358543171503,1.0056968320551285,0.0,e1_tracking_single_obstacle,M7,30,0.8,1.3
False,14.8,-0.27772573800928224,0.4216121418251929,True,94.22710420183057,0.19241052820274437,0.19985304922850844,258.5819264187731,0.2563151699428146,1.9891063680259513,1.7140552081316707,1.7920390299075957,127.5471239162882,0,1.0,False,False,False,False,True,False,True,True,True,True,False,1.0108936319740487,False,False,68.0,68.0,68.0,13.9,68.0,53.25,0,259.0543045659317,1.0055031419006528,0.0,e1_tracking_single_obstacle,M7,31,0.8,1.3
False,14.950000000000001,-0.2063352002723312,0.4218120039484037,True,94.16893739395044,0.12705059323830184,0.20217976977712465,257.4224997789076,0.2537445249095818,1.9770030318246823,1.6979134854301605,1.7599412715117404,127.25645310202106,0,1.0,False,False,False,False,True,False,True,True,True,True,False,1.0229969681753177,False,False,68.0,68.0,68.0,14.0,68.0,53.1,0,257.9583823659804,1.0177622242446724,0.0,e1_tracking_single_obstacle,M7,32,0.8,1.3
False,14.9,-0.21188709896903934,0.42372871898268444,True,94.56483987575268,0.18278106372990305,0.201200097967181,257.9732825782119,0.25494413641861446,1.9825781085756649,1.7053708236413327,1.7747366770784079,127.39900946183337,0,1.0,False,False,False,False,True,False,True,True,True,True,False,1.0174218914243351,False,False,68.0,68.0,68.0,13.950000000000001,68.0,53.150000000000006,0,258.4840747959668,1.0121139894495903,0.0,e1_tracking_single_obstacle,M7,33,0.8,1.3
False,14.8,-0.24605627036275257,0.42576266407951163,True,94.2197997128145,0.16564529385305407,0.20034288513348028,258.4107148161754,0.25593100798565005,1.9872563373100662,1.7115981414766048,1.7871398472001998,127.18838243571933,0,1.0,False,False,False,False,True,False,True,True,True,True,False,1.0127436626899338,False,False,68.0,68.0,68.0,13.9,68.0,53.25,0,258.89177929516177,1.0073820853442237,0.0,e1_tracking_single_obstacle,M7,34,0.8,1.3
False,14.9,-0.2627920933332344,0.42357645186496945,True,94.52828862278066,0.17638716675534616,0.20181239284839578,258.0530850073102,0.25509901354830555,1.9833109712962098,1.7063532062362037,1.7766736966199517,127.70713091673618,0,1.0,False,False,False,False,True,False,True,True,True,True,False,1.0166890287037902,False,False,68.0,68.0,68.0,13.950000000000001,68.0,53.150000000000006,0,258.5710179827669,1.0113490167873243,0.0,e1_tracking_single_obstacle,M7,35,0.8,1.3
False,14.950000000000001,-0.21559761231739416,0.4271183920239907,True,94.23012143628819,0.14482889394875442,0.20303698261082537,258.600493650007,0.25635709674802204,1.9893091892671497,1.71432432382013,1.7925759367470206,127.79523697455663,0,1.0,False,False,False,False,True,False,True,True,True,True,False,1.0106908107328503,False,False,68.0,68.0,68.0,13.950000000000001,68.0,53.1,0,259.0719055068757,1.005296996700924,0.0,e1_tracking_single_obstacle,M7,36,0.8,1.3
False,15.0,-0.2519071684541305,0.4275252364327186,True,94.37848253430055,0.13130859995241656,0.20401665442076905,258.5796231049779,0.2520294027773134,1.9513463108950235,1.6621268903460538,1.7323711092206842,128.05902260878335,0,1.0,False,False,False,False,True,False,True,True,True,True,False,1.0486536891049765,False,False,68.0,68.0,68.0,14.05,68.0,53.050000000000004,0,259.5190300396622,1.042458130882612,0.0,e1_tracking_single_obstacle,M7,37,0.8,1.3
False,14.9,-0.2167119309839336,0.4231067625220285,True,94.01327827229343,0.14314895349280565,0.20303698261082537,257.76754177693533,0.2544727871016859,1.9803809303519067,1.702440162455089,1.7689008698352744,127.0147871652861,0,1.0,False,False,False,False,True,False,True,True,True,True,False,1.0196190696480933,False,False,68.0,68.0,68.0,13.950000000000001,68.0,53.150000000000006,0,258.2995081947895,1.0143169404899326,0.0,e1_tracking_single_obstacle,M7,38,0.8,1.3
False,14.950000000000001,-0.20446202733428875,0.4228753665220271,True,94.42502230481544,0.15395240268638438,0.20315944158706833,258.22210863096615,0.25549967007134344,1.9851997833305532,1.7088645717951743,1.7816885181282915,127.38586031227055,0,1.0,False,False,False,False,True,False,True,True,True,True,False,1.0148002166694468,False,False,68.0,68.0,68.0,14.0,68.0,53.1,0,258.71788997064544,1.0094600288163718,0.0,e1_tracking_single_obstacle,M7,39,0.8,1.3
