success,completion_time,min_obs_distance,min_agent_distance,collisions,control_cost,control_smoothness,input_saturation_ratio,max_angle_gap_deg,radius_variance,mean_radius,current_center_error,predicted_center_error,path_length,stall_steps,convoy_ratio,inside_any,inside_final,gmax_success,radius_success,sigma_success,no_collision,obs_collision,agent_collision,dwell_success,dwell_geom_success,dwell_success_no_collision,radius_error_final,success_geom_final,success_no_collision,gmax_reach_time,time_to_inside,time_to_gmax,time_to_radius,time_to_full_geom,success_hold_time,post_success_violation_count,last_10s_gmax_mean,last_10s_radius_error_mean,last_10s_inside_rate,scene,method,seed,k_s,k_t,r0,config
False,17.75,0.8676826914770437,0.3016258960857679,True,92.55303460948444,730.5067694275214,0.03474823137744486,72.07154485115663,0.07281542133931679,0.6413696251386392,0.006430909785860557,0.006430909785860557,124.05562768174276,0,0.0,True,True,True,False,True,False,False,True,True,True,False,2.1586303748613607,False,False,23.950000000000003,23.450000000000003,23.950000000000003,20.400000000000002,40.0,22.3,0,72.34851213803957,2.161775705879303,1.0,s4_narrow_passage_medium,M7,10,3.4,1.2,1.6,baseline_fixed_floor
False,17.85,0.9233850855833869,0.30154964880631957,True,91.79767945190939,770.209916043909,0.03058676654182272,72.00709116531961,0.0728112224139938,0.6413753085766085,0.006221875194108304,0.006221875194108304,123.59441159601761,0,0.0,True,True,True,False,True,False,False,True,True,True,False,2.158624691423391,False,False,24.05,23.55,24.05,20.5,40.0,22.200000000000003,0,72.36997021430162,2.1617746673322666,1.0,s4_narrow_passage_medium,M7,11,3.4,1.2,1.6,baseline_fixed_floor
False,17.85,0.7593447190394202,0.3017174581066746,True,92.33155482442223,741.2407234574935,0.04265501456512692,72.05336477800822,0.08060813072619855,0.6350627902445128,0.0001469841778244501,0.0001469841778244501,123.95987474876176,0,0.0,True,True,True,False,True,False,False,True,True,True,False,2.164937209755487,False,False,23.450000000000003,23.450000000000003,23.450000000000003,20.5,40.0,22.200000000000003,0,72.26401723626238,2.161791687782636,1.0,s4_narrow_passage_medium,M7,12,3.4,1.2,1.6,baseline_fixed_floor
False,17.650000000000002,0.9221157922950101,0.29915678254204797,True,92.00852128312869,789.1086579532193,0.03141905950894715,72.0295825928177,0.08064335293302664,0.6350354726881795,4.826162013238518e-05,4.826162013238518e-05,123.49408449961369,0,0.0,True,True,True,False,True,False,False,True,True,True,False,2.1649645273118203,False,False,23.8,23.400000000000002,23.8,20.3,40.0,22.400000000000002,0,72.35732077801445,2.1617786116601647,1.0,s4_narrow_passage_medium,M7,13,3.4,1.2,1.6,baseline_fixed_floor
False,17.55,0.9676186700610356,0.31639604224403706,True,92.25228765380616,812.1380227967571,0.02600915522263837,72.29330385992822,0.07289850835996993,0.6412890145846406,0.006849862737796184,0.006849862737796184,123.63814428990634,0,0.0,True,True,True,False,True,False,False,True,True,True,False,2.158710985415359,False,False,24.25,23.55,24.25,20.200000000000003,40.0,22.5,0,72.34072497548863,2.161758767108826,1.0,s4_narrow_passage_medium,M7,14,3.4,1.2,1.6,baseline_fixed_floor
False,17.900000000000002,0.9381207952668105,0.2985466880470389,True,91.95436676451412,733.3961599298982,0.03766125676238036,72.05095298735992,0.08061280929540561,0.6350593548375377,5.126064694392566e-05,5.126064694392566e-05,123.91643620100317,0,0.0,True,True,True,False,True,False,False,True,True,True,False,2.164940645162462,False,False,24.3,23.8,24.3,20.55,40.0,22.150000000000002,0,72.4009368176816,2.1617824718388747,1.0,s4_narrow_passage_medium,M7,15,3.4,1.2,1.6,baseline_fixed_floor
False,17.650000000000002,0.8805183157719922,0.3006058986422748,True,92.21885366785007,747.2394197104059,0.03412401165210154,72.06590741002191,0.08064157672962434,0.635036787606027,0.0001225934431833042,0.0001225934431833042,123.80168003134432,0,0.0,True,True,True,False,True,False,False,True,True,True,False,2.164963212393973,False,False,23.900000000000002,23.400000000000002,23.900000000000002,20.3,40.0,22.400000000000002,0,72.34215125822571,2.1617867058987126,1.0,s4_narrow_passage_medium,M7,16,3.4,1.2,1.6,baseline_fixed_floor
False,17.6,0.8451498861890319,0.32688144117330487,True,92.89700919513601,766.9984640180196,0.041406575114440285,72.02888725941305,0.08062774959831359,0.6350477667259682,0.00010146333106777592,0.00010146333106777592,123.99854764614079,0,0.0,True,True,True,False,True,False,False,True,True,True,False,2.1649522332740316,False,False,23.5,23.150000000000002,23.5,20.200000000000003,40.0,22.450000000000003,0,72.37797291136243,2.161786142899287,1.0,s4_narrow_passage_medium,M7,17,3.4,1.2,1.6,baseline_fixed_floor
False,17.900000000000002,0.9716126768995561,0.29910583318086836,True,91.87625839421419,783.3115503344834,0.0359966708281315,72.01840737004319,0.08064143911378331,0.635037013181321,6.410361811767084e-05,6.410361811767084e-05,123.74526469562582,0,0.0,True,True,True,False,True,False,False,True,True,True,False,2.164962986818679,False,False,24.0,23.75,24.0,20.55,40.0,22.150000000000002,0,72.39073974964732,2.1617801332238984,1.0,s4_narrow_passage_medium,M7,18,3.4,1.2,1.6,baseline_fixed_floor
False,17.5,0.8086762966255179,0.29709071780320556,True,91.88481575231988,771.8799712371938,0.04057428214731586,72.0871940033145,0.07696277663369515,0.6380232774334703,0.00308052412586565,0.00308052412586565,122.8965718115189,0,0.0,True,True,True,False,True,False,False,True,True,True,False,2.1619767225665294,False,False,24.1,23.55,24.1,20.200000000000003,40.0,22.55,0,72.27845688774707,2.161753488391851,1.0,s4_narrow_passage_medium,M7,19,3.4,1.2,1.6,baseline_fixed_floor
False,17.8,0.9827342953508695,0.300775283760192,True,92.13910801827836,736.8931442920424,0.03058676654182272,72.11479958921217,0.0728465089160041,0.6413418278313863,0.006464704533806075,0.006464704533806075,123.95685104241177,0,0.0,True,True,True,False,True,False,False,True,True,True,False,2.1586581721686136,False,False,23.75,23.75,23.75,20.450000000000003,40.0,22.25,0,72.35028288407372,2.1617784846743175,1.0,s4_narrow_passage_medium,M7,20,3.4,1.2,1.6,baseline_fixed_floor
False,17.95,0.8965582005871628,0.33359585643505035,True,92.61520591930974,719.1724008272834,0.03141905950894715,72.00595829618689,0.0805968438490955,0.6350718317775782,6.634825938866174e-05,6.634825938866174e-05,124.35452622118683,0,0.0,True,True,True,False,True,False,False,True,True,True,False,2.1649281682224215,False,False,23.75,23.6,23.75,20.6,40.0,22.1,0,72.27516339074589,2.1617919070266156,1.0,s4_narrow_passage_medium,M7,21,3.4,1.2,1.6,baseline_fixed_floor
False,17.55,0.861352003080919,0.29959816164966774,True,92.35920953630946,648.7938964806901,0.03162713275072826,71.99294611366872,0.08063685316028947,0.6350405079348479,5.3974913025764865e-05,5.3974913025764865e-05,123.73840701666725,0,0.0,True,True,True,False,True,False,False,True,True,True,False,2.164959492065152,False,False,23.75,23.450000000000003,23.75,20.25,40.0,22.5,0,72.34442344689346,2.161793461364592,1.0,s4_narrow_passage_medium,M7,22,3.4,1.2,1.6,baseline_fixed_floor
False,17.2,0.8114273981823061,0.2992688044411752,True,93.06486879835612,661.7757897294049,0.039950062421972535,72.07582546671712,0.0728202247369458,0.6413651578440306,0.006318023142286924,0.006318023142286924,123.61440543391531,0,0.0,True,True,True,False,True,False,False,True,True,True,False,2.158634842155969,False,False,23.450000000000003,23.05,23.450000000000003,19.900000000000002,40.0,22.85,0,72.29781881016011,2.1617867708502705,1.0,s4_narrow_passage_medium,M7,23,3.4,1.2,1.6,baseline_fixed_floor
False,17.75,0.9057169143978043,0.30024432882699487,True,92.2470567894501,736.1228013213426,0.033707865168539325,72.09684261973742,0.07284251177543395,0.6413459498044565,0.006423532122307168,0.006423532122307168,123.85169742032576,0,0.0,True,True,True,False,True,False,False,True,True,True,False,2.158654050195543,False,False,24.0,23.5,24.0,20.450000000000003,40.0,22.3,0,72.36224821548242,2.161771607741199,1.0,s4_narrow_passage_medium,M7,24,3.4,1.2,1.6,baseline_fixed_floor
False,17.8,0.8341664315539756,0.3207258899775514,True,92.60730665935797,815.3007593664438,0.0328755722014149,72.08316708110294,0.07285595121537893,0.6413335232084667,0.006362751752132799,0.006362751752132799,124.30100043655938,0,0.0,True,True,True,False,True,False,False,True,True,True,False,2.158666476791533,False,False,23.400000000000002,23.400000000000002,23.400000000000002,20.450000000000003,40.0,22.25,0,72.39921983753648,2.1617613142504752,1.0,s4_narrow_passage_medium,M7,25,3.4,1.2,1.6,baseline_fixed_floor
False,17.8,0.9276930563311787,0.2989886585805061,True,92.04353647661779,801.4773543102955,0.03454015813566375,72.0510580625211,0.08064583127134896,0.6350335181063594,5.8014940039718414e-05,5.8014940039718414e-05,123.79666562620528,0,0.0,True,True,True,False,True,False,False,True,True,True,False,2.1649664818936403,False,False,23.700000000000003,23.700000000000003,23.700000000000003,20.450000000000003,40.0,22.25,0,72.38280560738605,2.1617775217336703,1.0,s4_narrow_passage_medium,M7,26,3.4,1.2,1.6,baseline_fixed_floor
False,17.55,0.9352373562999354,0.29907838362757705,True,92.06120529441978,770.6171154580419,0.025801081980857263,72.06835509968947,0.07283992678054065,0.6413482403178533,0.006356151058245655,0.006356151058245655,123.48400887896508,0,0.0,True,True,True,False,True,False,False,True,True,True,False,2.1586517596821464,False,False,23.450000000000003,23.35,23.450000000000003,20.25,40.0,22.5,0,72.35404638912298,2.1617677434805898,1.0,s4_narrow_passage_medium,M7,27,3.4,1.2,1.6,baseline_fixed_floor
False,17.8,0.9688025274516046,0.29996752580382746,True,92.19374051206658,699.3586559822566,0.027881814398668332,72.07970154737087,0.07284364307571119,0.6413455764838368,0.006290067057479871,0.006290067057479871,123.88355442194711,0,0.0,True,True,True,False,True,False,False,True,True,True,False,2.158654423516163,False,False,24.05,23.75,24.05,20.450000000000003,40.0,22.25,0,72.35606214455316,2.161776681421963,1.0,s4_narrow_passage_medium,M7,28,3.4,1.2,1.6,baseline_fixed_floor
False,17.75,0.9044444616124137,0.2993972053408295,True,91.63753290900159,684.9490154011586,0.031835205992509365,71.99365243572453,0.08063063541067625,0.6350451200554409,0.00018510455006762725,0.00018510455006762725,123.13521373520587,0,0.0,True,True,True,False,True,False,False,True,True,True,False,2.164954879944559,False,False,23.900000000000002,23.75,23.900000000000002,20.450000000000003,40.0,22.3,0,72.27676879123885,2.161791519348227,1.0,s4_narrow_passage_medium,M7,29,3.4,1.2,1.6,baseline_fixed_floor
False,17.7,0.942505658122675,0.33437395589357616,True,92.59341226146879,741.131508447627,0.03162713275072826,72.1040437404067,0.07286319835737333,0.6413269984116441,0.006306566477521391,0.006306566477521391,123.97861374167286,0,0.0,True,True,True,False,True,False,False,True,True,True,False,2.1586730015883555,False,False,23.700000000000003,23.35,23.700000000000003,20.35,40.0,22.35,0,72.37975677149193,2.1617796100891167,1.0,s4_narrow_passage_medium,M7,30,3.4,1.2,1.6,baseline_fixed_floor
False,17.5,0.8987661482262481,0.31219208070310056,True,92.08303196847407,699.3177169176173,0.02725759467332501,72.09449659922537,0.07284258366555267,0.641345845815366,0.006434702056367457,0.006434702056367457,123.31360237630966,0,0.0,True,True,True,False,True,False,False,True,True,True,False,2.158654154184634,False,False,23.75,23.200000000000003,23.75,20.150000000000002,40.0,22.55,0,72.32838893782316,2.161776487539274,1.0,s4_narrow_passage_medium,M7,31,3.4,1.2,1.6,baseline_fixed_floor
False,17.75,0.9000607372270693,0.29837895482555704,True,91.91280644350992,665.8894990718354,0.030378693300041615,72.06163086327881,0.08059985645326567,0.6350695040312289,4.3483938428394715e-05,4.3483938428394715e-05,123.46691312846693,0,0.0,True,True,True,False,True,False,False,True,True,True,False,2.164930495968771,False,False,24.3,23.85,24.3,20.400000000000002,40.0,22.3,0,72.3753400710541,2.1617840673478907,1.0,s4_narrow_passage_medium,M7,32,3.4,1.2,1.6,baseline_fixed_floor
False,17.85,0.9191669529175559,0.29841635157568974,True,91.87241304718758,652.9275528064842,0.028297960882230546,72.06557099271662,0.07281717111382312,0.6413680368840065,0.006294004365152163,0.006294004365152163,123.52382206586026,0,0.0,True,True,True,False,True,False,False,True,True,True,False,2.1586319631159934,False,False,24.400000000000002,24.0,24.400000000000002,20.5,40.0,22.200000000000003,0,72.37799256604063,2.161786667264984,1.0,s4_narrow_passage_medium,M7,33,3.4,1.2,1.6,baseline_fixed_floor
False,17.650000000000002,0.8869233633611111,0.2987323656125281,True,91.68283025211925,653.2141094724453,0.02871410736579276,72.03994287821116,0.07282555160929029,0.6413622712802619,0.006288454209231779,0.006288454209231779,123.04794669457377,0,0.0,True,True,True,False,True,False,False,True,True,True,False,2.158637728719738,False,False,24.150000000000002,23.75,24.150000000000002,20.3,40.0,22.400000000000002,0,72.36255235154562,2.1617812303964645,1.0,s4_narrow_passage_medium,M7,34,3.4,1.2,1.6,baseline_fixed_floor
False,17.7,0.9130522166813433,0.2984983663924993,True,91.8294049069212,745.3141131273482,0.030378693300041615,72.12993542992676,0.07285360403246852,0.6413349363323247,0.006367828061356779,0.006367828061356779,123.42484022626383,0,0.0,True,True,True,False,True,False,False,True,True,True,False,2.158665063667675,False,False,24.25,23.85,24.25,20.400000000000002,40.0,22.35,0,72.4097609485238,2.1617668043147606,1.0,s4_narrow_passage_medium,M7,35,3.4,1.2,1.6,baseline_fixed_floor
False,17.8,0.9288042399496412,0.29770522579142283,True,91.80103156335028,751.9335222713452,0.029546400332917187,72.02152182501435,0.07282617202186455,0.6413621103458041,0.006214228843665558,0.006214228843665558,123.53607802465028,0,0.0,True,True,True,False,True,False,False,True,True,True,False,2.158637889654196,False,False,23.8,23.75,23.8,20.450000000000003,40.0,22.25,0,72.32184402831973,2.1617640180343862,1.0,s4_narrow_passage_medium,M7,36,3.4,1.2,1.6,baseline_fixed_floor
True,17.8,0.9980360805882726,0.3556340090212245,False,92.24241175850804,689.9759493336751,0.027049521431543905,72.12271059112398,0.07284081311488916,0.641345819187608,0.006495880103543613,0.006495880103543613,124.06353149743053,0,0.0,True,True,True,False,True,True,False,False,True,True,True,2.158654180812392,False,True,23.400000000000002,23.400000000000002,23.400000000000002,20.450000000000003,40.0,22.25,0,72.35843136189376,2.1617911267836845,1.0,s4_narrow_passage_medium,M7,37,3.4,1.2,1.6,baseline_fixed_floor
False,17.8,0.9619186640625228,0.2991408695655366,True,91.8019047169725,799.8167019673873,0.03620474406991261,72.06008664357921,0.08063736987193847,0.6350401881502491,5.7134750130933584e-05,5.7134750130933584e-05,123.62506054423575,0,0.0,True,True,True,False,True,False,False,True,True,True,False,2.1649598118497506,False,False,24.200000000000003,23.6,24.200000000000003,20.5,40.0,22.25,0,72.38985870232807,2.1617760274116886,1.0,s4_narrow_passage_medium,M7,38,3.4,1.2,1.6,baseline_fixed_floor
False,17.85,0.8686345545598912,0.2990102835974236,True,92.58065761699265,783.8142918430337,0.03911776945484811,72.07664806860708,0.07282471204347322,0.6413604502858066,0.006406744551100148,0.006406744551100148,124.22003335011502,0,0.0,True,True,True,False,True,False,False,True,True,True,False,2.1586395497141933,False,False,23.75,23.75,23.75,20.55,40.0,22.200000000000003,0,72.38988491801541,2.1617678101432234,1.0,s4_narrow_passage_medium,M7,39,3.4,1.2,1.6,baseline_fixed_floor
False,17.8,0.9350619501613127,0.31417073144396707,True,92.22576307399329,702.1963571034884,0.028297960882230546,71.98968964749663,0.05125968471787198,0.5064045552508055,6.0362037865097846e-05,6.0362037865097846e-05,124.06832098734262,0,0.0,True,True,True,False,True,False,False,True,True,True,False,2.293595444749194,False,False,24.0,23.75,24.0,20.6,40.0,22.25,0,72.26499368525695,2.290496604421756,1.0,s4_narrow_passage_medium,M7,10,2.8,1.0,1.4,sweep
False,17.75,0.8956244426151436,0.3073440607009099,True,92.04580339808176,755.2895239903908,0.02871410736579276,72.09324851609534,0.051210501648170724,0.5064528543724431,6.436179304712522e-07,6.436179304712522e-07,123.83022210657172,0,0.0,True,True,True,False,True,False,False,True,True,True,False,2.2935471456275565,False,False,24.0,23.75,24.0,20.6,40.0,22.3,0,72.258539152604,2.290496773035749,1.0,s4_narrow_passage_medium,M7,11,2.8,1.0,1.4,sweep
False,17.85,0.9606244505793831,0.28243441401875413,True,92.11617880776846,751.9580581160342,0.035164377861007075,72.05966925803011,0.05127090635135479,0.5063938048645746,4.3789416101282984e-05,4.3789416101282984e-05,123.98116503146372,0,0.0,True,True,True,False,True,False,False,True,True,True,False,2.293606195135425,False,False,24.400000000000002,24.0,24.400000000000002,20.650000000000002,40.0,22.200000000000003,0,72.2887483357566,2.2904983921679745,1.0,s4_narrow_passage_medium,M7,12,2.8,1.0,1.4,sweep
False,17.6,0.9647693664594248,0.28106812973714124,True,91.90158538265914,727.5686589870243,0.029754473574698292,72.09640795703567,0.051211665672957894,0.5064515344349484,0.00015062994252891182,0.00015062994252891182,123.47589510635817,0,0.0,True,True,True,False,True,False,False,True,True,True,False,2.2935484655650513,False,False,23.900000000000002,23.900000000000002,23.900000000000002,20.400000000000002,40.0,22.450000000000003,0,72.28547118810559,2.2904818348990523,1.0,s4_narrow_passage_medium,M7,13,2.8,1.0,1.4,sweep
False,17.45,0.9737004843108148,0.28187162221577916,True,92.40960627150466,690.4403549264906,0.023512276321265086,72.132387190351,0.045126697100728586,0.5126689032937487,0.00645835067791612,0.00645835067791612,123.81543987982899,0,0.0,True,True,True,False,True,False,False,True,True,True,False,2.287331096706251,False,False,24.05,23.650000000000002,24.05,20.3,40.0,22.6,0,72.25731495961907,2.2904761786649135,1.0,s4_narrow_passage_medium,M7,14,2.8,1.0,1.4,sweep
False,17.85,0.971074768650195,0.3059857216487787,True,92.48883538718626,728.7221981704122,0.031835205992509365,72.12288328316602,0.05128302208491223,0.5063816941353424,3.5771873983354574e-05,3.5771873983354574e-05,124.42980763871462,0,0.0,True,True,True,False,True,False,False,True,True,True,False,2.2936183058646575,False,False,23.900000000000002,23.8,23.900000000000002,20.650000000000002,40.0,22.200000000000003,0,72.26558458846293,2.2905017524121947,1.0,s4_narrow_passage_medium,M7,15,2.8,1.0,1.4,sweep
False,17.650000000000002,0.9359864128403232,0.2887330066657873,True,92.19205994377954,779.487095125658,0.02517686225551394,72.01447785748535,0.05124256693709817,0.5064218473124463,0.0002954578818023479,0.0002954578818023479,123.87940221003771,0,0.0,True,True,True,False,True,False,False,True,True,True,False,2.2935781526875534,False,False,24.450000000000003,23.650000000000002,24.450000000000003,20.450000000000003,40.0,22.400000000000002,0,72.24129734226148,2.290481560982678,1.0,s4_narrow_passage_medium,M7,16,2.8,1.0,1.4,sweep
False,17.650000000000002,0.8600903524509247,0.3033077661327726,True,92.76772838479918,712.555901301112,0.03349979192675822,72.02961948794464,0.05127566632552366,0.5063888894918196,2.8316039676087358e-05,2.8316039676087358e-05,124.23953912923814,0,0.0,True,True,True,False,True,False,False,True,True,True,False,2.2936111105081802,False,False,23.700000000000003,23.6,23.700000000000003,20.450000000000003,40.0,22.400000000000002,0,72.24828727178055,2.2904917637633146,1.0,s4_narrow_passage_medium,M7,17,2.8,1.0,1.4,sweep
False,17.900000000000002,0.9748116046391286,0.31706737879619395,True,92.29154024599518,739.6607219908581,0.033707865168539325,72.01526030229512,0.05127640779924941,0.5063882540605081,4.135957564773983e-05,4.135957564773983e-05,124.22470863526098,0,0.0,True,True,True,False,True,False,False,True,True,True,False,2.293611745939492,False,False,23.85,23.85,23.85,20.700000000000003,40.0,22.150000000000002,0,72.26639941468174,2.2905036954779705,1.0,s4_narrow_passage_medium,M7,18,2.8,1.0,1.4,sweep
False,17.6,0.8748894143950647,0.2825147601847198,True,92.0066427188886,716.4028769248648,0.03204327923429047,72.02109998576584,0.051280840683698,0.5063839418851933,6.315966129570961e-05,6.315966129570961e-05,123.56860958474685,0,0.0,True,True,True,False,True,False,False,True,True,True,False,2.2936160581148064,False,False,23.900000000000002,23.75,23.900000000000002,20.450000000000003,40.0,22.450000000000003,0,72.28510772377848,2.2904875633002706,1.0,s4_narrow_passage_medium,M7,19,2.8,1.0,1.4,sweep
False,17.5,0.8172720146489134,0.2812712578133205,True,92.40666912538813,695.8337980630735,0.03682896379525593,72.12998367242582,0.04512242551283391,0.5126740949532235,0.006293892048505875,0.006293892048505875,123.61711149701036,0,0.0,True,True,True,False,True,False,False,True,True,True,False,2.2873259050467762,False,False,23.75,23.700000000000003,23.75,20.25,40.0,22.55,0,72.26179439793748,2.2904749494549,1.0,s4_narrow_passage_medium,M7,20,2.8,1.0,1.4,sweep
False,17.900000000000002,0.8594932982203896,0.28756441805079647,True,92.65903841076772,848.546945953546,0.025593008739076155,72.07141963435132,0.045116718278839806,0.5126825514285142,0.0053827707373241915,0.0053827707373241915,124.3915095474044,0,0.0,True,True,True,False,True,False,False,True,True,True,False,2.2873174485714856,False,False,24.700000000000003,24.0,24.700000000000003,20.700000000000003,40.0,22.150000000000002,0,72.27071151069867,2.290456179236333,1.0,s4_narrow_passage_medium,M7,21,2.8,1.0,1.4,sweep
False,17.55,0.9249414510291094,0.28145325914610264,True,92.3247482941706,727.7793258980429,0.027881814398668332,72.0501269601652,0.045067258089079666,0.5127347572468864,0.00629610249858144,0.00629610249858144,123.83666556515664,0,0.0,True,True,True,False,True,False,False,True,True,True,False,2.2872652427531133,False,False,23.85,23.650000000000002,23.85,20.400000000000002,40.0,22.5,0,72.2870192695025,2.290477817475402,1.0,s4_narrow_passage_medium,M7,22,2.8,1.0,1.4,sweep
False,17.45,0.9036580886844747,0.28271089720887665,True,92.36432410124442,716.3011581569613,0.030170620058260506,72.03207788817244,0.05128296240121078,0.506381822301999,7.280610906113643e-05,7.280610906113643e-05,123.65708747995933,0,0.0,True,True,True,False,True,False,False,True,True,True,False,2.2936181776980007,False,False,24.0,23.5,24.0,20.25,40.0,22.6,0,72.26687156870506,2.290481171493174,1.0,s4_narrow_passage_medium,M7,23,2.8,1.0,1.4,sweep
False,17.7,0.9537310482407315,0.28233380264479574,True,92.20037561333481,741.1989172201334,0.030378693300041615,71.97934338809446,0.051213930544084095,0.5064491362598136,0.0001901426151147728,0.0001901426151147728,123.98780765228169,0,0.0,True,True,True,False,True,False,False,True,True,True,False,2.2935508637401862,False,False,24.3,24.0,24.3,20.55,40.0,22.35,0,72.28193535042385,2.29049244577364,1.0,s4_narrow_passage_medium,M7,24,2.8,1.0,1.4,sweep
False,17.8,0.9636084696852982,0.3114391167180055,True,92.55252664345608,752.6856987641934,0.031002913025384937,72.08170773969384,0.05127363679835939,0.5063911253841737,5.4096318474623855e-05,5.4096318474623855e-05,124.36010749096594,0,0.0,True,True,True,False,True,False,False,True,True,True,False,2.293608874615826,False,False,23.75,23.75,23.75,20.6,40.0,22.25,0,72.2618361160079,2.290499537208232,1.0,s4_narrow_passage_medium,M7,25,2.8,1.0,1.4,sweep
False,17.8,0.9614840742220607,0.28756000042501856,True,92.3149405879119,806.2540694856799,0.030170620058260506,72.0811137637514,0.04511037641107932,0.5126886372750801,0.0059701473899753145,0.0059701473899753145,124.12115216645795,0,0.0,True,True,True,False,True,False,False,True,True,True,False,2.2873113627249197,False,False,24.6,23.900000000000002,24.6,20.6,40.0,22.25,0,72.24753673368794,2.2904606820816724,1.0,s4_narrow_passage_medium,M7,26,2.8,1.0,1.4,sweep
False,17.55,1.0044309389300057,0.2812017949015447,True,91.842522607144,695.9099279623827,0.02600915522263837,71.98914486420256,0.05124597117139127,0.5064177972820574,0.00013718029288659864,0.00013718029288659864,123.3771028516089,0,0.0,True,True,True,False,True,False,False,True,True,True,False,2.2935822027179427,False,False,24.0,23.6,24.0,20.35,40.0,22.5,0,72.28240843221002,2.2904790685979215,1.0,s4_narrow_passage_medium,M7,27,2.8,1.0,1.4,sweep
False,17.75,0.9817774425438566,0.28784199642621777,True,92.30454437275412,781.5959748378285,0.024968789013732832,72.02140165492503,0.0512693796711012,0.5063954526844171,0.00022982181384295294,0.00022982181384295294,124.06358042279307,0,0.0,True,True,True,False,True,False,False,True,True,True,False,2.293604547315583,False,False,23.75,23.75,23.75,20.55,40.0,22.3,0,72.24782156538932,2.290489641057478,1.0,s4_narrow_passage_medium,M7,28,2.8,1.0,1.4,sweep
False,17.8,0.9664605682212966,0.3087625121678888,True,91.98096437963223,705.4054351304782,0.029754473574698292,72.08519773292097,0.04509033585683849,0.5127084900133791,0.006294666512717164,0.006294666512717164,123.78799033961108,0,0.0,True,True,True,False,True,False,False,True,True,True,False,2.2872915099866207,False,False,24.05,23.8,24.05,20.6,40.0,22.25,0,72.24626744956684,2.2904902580731137,1.0,s4_narrow_passage_medium,M7,29,2.8,1.0,1.4,sweep
False,17.7,0.9835636136668693,0.31667028226109956,True,92.49547937308535,756.9590590910609,0.028297960882230546,72.08949467547257,0.051225121911255805,0.5064384842495535,8.137902236534019e-05,8.137902236534019e-05,124.12004419141556,0,0.0,True,True,True,False,True,False,False,True,True,True,False,2.2935615157504463,False,False,23.75,23.650000000000002,23.75,20.5,40.0,22.35,0,72.27770018259426,2.290490412101687,1.0,s4_narrow_passage_medium,M7,30,2.8,1.0,1.4,sweep
False,17.5,0.9869643400370831,0.3108658473184058,True,92.0649917057691,723.0573621322112,0.023512276321265086,72.01546850012974,0.051262880011617405,0.5064015981654095,5.365496747807816e-05,5.365496747807816e-05,123.4978558663859,0,0.0,True,True,True,False,True,False,False,True,True,True,False,2.2935984018345903,False,False,23.450000000000003,23.450000000000003,23.450000000000003,20.3,40.0,22.55,0,72.24928193536726,2.2904834220156345,1.0,s4_narrow_passage_medium,M7,31,2.8,1.0,1.4,sweep
False,17.7,0.9799295302849214,0.28138470233612384,True,92.27019660671645,718.6949987142555,0.028297960882230546,72.00172288586738,0.05128243046275946,0.50638202369954,0.0001769620636589115,0.0001769620636589115,124.10257075528325,0,0.0,True,True,True,False,True,False,False,True,True,True,False,2.29361797630046,False,False,23.8,23.8,23.8,20.55,40.0,22.35,0,72.28986114878244,2.2904885809354862,1.0,s4_narrow_passage_medium,M7,32,2.8,1.0,1.4,sweep
False,17.8,0.9550576830712261,0.3141898673902353,True,92.53895775993732,749.9175654758822,0.028922180607573865,72.16178173923915,0.04514590393522496,0.5126456907135586,0.006377020224590196,0.006377020224590196,124.31204821196131,0,0.0,True,True,True,False,True,False,False,True,True,True,False,2.2873543092864415,False,False,23.8,23.8,23.8,20.650000000000002,40.0,22.25,0,72.260567562451,2.290489075022344,1.0,s4_narrow_passage_medium,M7,33,2.8,1.0,1.4,sweep
False,17.55,0.9001297233307877,0.28134112134825623,True,92.15805278611165,727.9249609244507,0.030378693300041615,72.01627274856183,0.04507393617689288,0.5127289254269185,0.00635697135686286,0.00635697135686286,123.59704881444358,0,0.0,True,True,True,False,True,False,False,True,True,True,False,2.2872710745730815,False,False,24.05,23.650000000000002,24.05,20.400000000000002,40.0,22.5,0,72.28559277938552,2.2904776443742407,1.0,s4_narrow_passage_medium,M7,34,2.8,1.0,1.4,sweep
False,17.650000000000002,0.9904411445901011,0.2816312566731579,True,92.06032759867826,731.4117584568687,0.03079483978360383,72.12513873880222,0.04512398944587654,0.5126705581012546,0.006404054383809469,0.006404054383809469,123.79604044945823,0,0.0,True,True,True,False,True,False,False,True,True,True,False,2.2873294418987453,False,False,23.950000000000003,23.75,23.950000000000003,20.5,40.0,22.400000000000002,0,72.28727311007495,2.2904811956375064,1.0,s4_narrow_passage_medium,M7,35,2.8,1.0,1.4,sweep
False,17.8,0.9652570687682929,0.3150606470566721,True,92.22160135635976,753.896690650001,0.02746566791510612,72.0716885498517,0.05127066233455279,0.5063939917911767,0.00010551075864795606,0.00010551075864795606,124.07141049055679,0,0.0,True,True,True,False,True,False,False,True,True,True,False,2.293606008208823,False,False,23.75,23.75,23.75,20.6,40.0,22.25,0,72.27625186981157,2.2904979270438006,1.0,s4_narrow_passage_medium,M7,36,2.8,1.0,1.4,sweep
False,17.75,0.9972753214305039,0.2807269033585314,True,92.1398817311635,732.2468317345379,0.027049521431543905,72.12298802461085,0.04513082901508542,0.5126633125037934,0.006450917407953266,0.006450917407953266,123.96189594986947,0,0.0,True,True,True,False,True,False,False,True,True,True,False,2.2873366874962064,False,False,24.05,24.05,24.05,20.55,40.0,22.3,0,72.29385403584428,2.290483843380459,1.0,s4_narrow_passage_medium,M7,37,2.8,1.0,1.4,sweep
False,17.75,0.9834475838058616,0.2807280394008341,True,91.9278792831964,730.8712463078441,0.031835205992509365,72.13052541335543,0.04511949661212695,0.5126765647159354,0.006461974423647753,0.006461974423647753,123.77750960865345,0,0.0,True,True,True,False,True,False,False,True,True,True,False,2.2873234352840646,False,False,24.35,23.85,24.35,20.6,40.0,22.3,0,72.29051626938555,2.2904851261093246,1.0,s4_narrow_passage_medium,M7,38,2.8,1.0,1.4,sweep
False,17.75,0.8677868091133074,0.28620201585745175,True,92.66287566098583,829.3320641929081,0.03058676654182272,72.02989677803075,0.045104867213798805,0.512697589906606,0.005477181961411575,0.005477181961411575,124.30277906272403,0,0.0,True,True,True,False,True,False,False,True,True,True,False,2.287302410093394,False,False,24.1,23.950000000000003,24.1,20.55,40.0,22.3,0,72.26980151852734,2.2904521647297265,1.0,s4_narrow_passage_medium,M7,39,2.8,1.0,1.4,sweep
False,18.1,0.949964412745463,0.3140475636030051,True,91.95061440388253,810.1685481933415,0.024968789013732832,72.03890971103212,0.06694714720873998,0.5787863219463634,0.00112526776084571,0.00112526776084571,124.10741349501635,0,0.0,True,True,True,False,True,False,False,True,True,True,False,2.2212136780536365,False,False,23.75,23.650000000000002,23.75,20.700000000000003,40.0,21.950000000000003,0,72.32273908664685,2.2182008578045593,1.0,s4_narrow_passage_medium,M7,10,2.8,1.0,1.6,sweep
False,17.900000000000002,0.7988506131984929,0.2862951723684218,True,91.7929629417929,754.0860898281304,0.030170620058260506,72.13042084961884,0.059907667902251084,0.5850491193520969,0.006790518955050315,0.006790518955050315,123.68225825916633,0,0.0,True,True,True,False,True,False,False,True,True,True,False,2.214950880647903,False,False,24.3,23.6,24.3,20.55,40.0,22.150000000000002,0,72.30802050001013,2.2182224312437353,1.0,s4_narrow_passage_medium,M7,11,2.8,1.0,1.6,sweep
False,18.150000000000002,0.9192176073869185,0.30849398941224826,True,91.85359963554627,769.0922438410045,0.033291718684977115,72.06761981657675,0.06698850012527041,0.5787516973379959,0.0004874881856328886,0.0004874881856328886,124.10111364678438,0,0.0,True,True,True,False,True,False,False,True,True,True,False,2.221248302662004,False,False,23.8,23.700000000000003,23.8,20.75,40.0,21.900000000000002,0,72.28731356979091,2.2182273269980453,1.0,s4_narrow_passage_medium,M7,12,2.8,1.0,1.6,sweep
False,17.95,0.9690706491654428,0.2836550916112466,True,91.6004857926267,766.7424443397518,0.02455264253017062,72.07051885263736,0.05985757061211078,0.5850979428755894,0.006693461710997908,0.006693461710997908,123.65549228291792,0,0.0,True,True,True,False,True,False,False,True,True,True,False,2.2149020571244105,False,False,24.200000000000003,23.8,24.200000000000003,20.6,40.0,22.1,0,72.34138293380394,2.218246886086096,1.0,s4_narrow_passage_medium,M7,13,2.8,1.0,1.6,sweep
False,17.75,0.9384492051297897,0.2864678964407812,True,92.07703924548862,735.0464024294552,0.019975031210986267,71.99366775674574,0.06695053267404945,0.5787834582817267,0.0004553968036702291,0.0004553968036702291,123.72565563519845,0,0.0,True,True,True,False,True,False,False,True,True,True,False,2.221216541718273,False,False,23.950000000000003,23.450000000000003,23.950000000000003,20.400000000000002,40.0,22.3,0,72.30013676985307,2.2182357723159245,1.0,s4_narrow_passage_medium,M7,14,2.8,1.0,1.6,sweep
False,18.150000000000002,0.9763342984448828,0.2844230305501209,True,91.88872389330086,779.625236101545,0.031002913025384937,72.10725692883584,0.059889669595420116,0.5850657815782208,0.00683059855183187,0.00683059855183187,124.35555076163863,0,0.0,True,True,True,False,True,False,False,True,True,True,False,2.214934218421779,False,False,24.5,24.0,24.5,20.8,40.0,21.900000000000002,0,72.35739025764555,2.2182734099628827,1.0,s4_narrow_passage_medium,M7,15,2.8,1.0,1.6,sweep
False,17.95,0.9305479781567934,0.3135043534671466,True,91.72612976213314,835.1698146376809,0.024344569288389514,72.12754130234303,0.06078178493689452,0.5843022067499367,0.005025056568785177,0.005025056568785177,123.82569020509925,0,0.0,True,True,True,False,True,False,False,True,True,True,False,2.215697793250063,False,False,23.55,23.55,23.55,20.6,40.0,22.1,0,72.3533811792623,2.2181541763754513,1.0,s4_narrow_passage_medium,M7,16,2.8,1.0,1.6,sweep
False,18.0,0.880797181313594,0.2836445983093916,True,92.29013959570398,773.5420505906566,0.030170620058260506,72.10476563143357,0.05993361065837813,0.5850261636666944,0.006051853450094627,0.006051853450094627,124.23381238147904,0,0.0,True,True,True,False,True,False,False,True,True,True,False,2.2149738363333054,False,False,24.200000000000003,23.8,24.200000000000003,20.6,40.0,22.05,0,72.3419014337599,2.2182469601123875,1.0,s4_narrow_passage_medium,M7,17,2.8,1.0,1.6,sweep
False,18.2,0.9771578051024321,0.28741418743467495,True,91.79647924116169,778.668896400556,0.031002913025384937,72.00550294306004,0.06697663865528013,0.5787618192809806,0.00047780762107800675,0.00047780762107800675,124.14191929259118,0,0.0,True,True,True,False,True,False,False,True,True,True,False,2.2212381807190194,False,False,24.35,23.85,24.35,20.8,40.0,21.85,0,72.34010224509825,2.218281179101714,1.0,s4_narrow_passage_medium,M7,18,2.8,1.0,1.6,sweep
False,18.0,0.9278939934456834,0.2837054012582783,True,91.46882205751541,732.8053128060141,0.02850603412401165,72.018677995476,0.059852768250934385,0.5851049759424009,0.005924492482198174,0.005924492482198174,123.57102488853896,0,0.0,True,True,True,False,True,False,False,True,True,True,False,2.214895024057599,False,False,23.8,23.700000000000003,23.8,20.6,40.0,22.05,0,72.33935423137017,2.2182487504178865,1.0,s4_narrow_passage_medium,M7,19,2.8,1.0,1.6,sweep
False,18.05,0.9821162837482589,0.3172645047277984,True,91.75188850555658,843.9963064292799,0.023512276321265086,72.27099687170957,0.06681518858512112,0.5789023253567339,0.001094233905043483,0.001094233905043483,124.05480912948192,0,0.0,True,True,True,False,True,False,False,True,True,True,False,2.221097674643266,False,False,23.650000000000002,23.650000000000002,23.650000000000002,20.700000000000003,40.0,22.0,0,72.34474110382365,2.2181838417462094,1.0,s4_narrow_passage_medium,M7,20,2.8,1.0,1.6,sweep
False,18.25,0.9477474733292388,0.28365607880489113,True,92.17350490341353,784.0844627282951,0.028922180607573865,72.13217422487747,0.05991274754876217,0.5850440303346739,0.0068228197871212665,0.0068228197871212665,124.47374076358051,0,0.0,True,True,True,False,True,False,False,True,True,True,False,2.214955969665326,False,False,24.200000000000003,24.1,24.200000000000003,20.900000000000002,40.0,21.8,0,72.36991716668443,2.218290000303629,1.0,s4_narrow_passage_medium,M7,21,2.8,1.0,1.6,sweep
False,17.95,0.9696979361302651,0.31569950486594467,True,91.99179032099313,834.1856553514068,0.022055763628797336,72.1129960142809,0.06108352878824811,0.5840323108965596,0.004739548930646305,0.004739548930646305,124.06649236124721,0,0.0,True,True,True,False,True,False,False,True,True,True,False,2.21596768910344,False,False,23.650000000000002,23.55,23.650000000000002,20.6,40.0,22.1,0,72.33958642560471,2.218167274793751,1.0,s4_narrow_passage_medium,M7,22,2.8,1.0,1.6,sweep
False,17.650000000000002,0.8554966974783762,0.3012811404240709,True,92.3524187641312,752.1867027684851,0.03058676654182272,72.0500406502058,0.05985457577282971,0.5851013802008347,0.006058199470809019,0.006058199470809019,123.7258600747377,0,0.0,True,True,True,False,True,False,False,True,True,True,False,2.214898619799165,False,False,23.5,23.25,23.5,20.3,40.0,22.400000000000002,0,72.30150080271711,2.218149074874564,1.0,s4_narrow_passage_medium,M7,23,2.8,1.0,1.6,sweep
False,18.0,0.885504100615303,0.2838295239866204,True,91.9587422859841,756.3061094274248,0.02933832709113608,72.076884063344,0.05990543750419925,0.585051447829224,0.006753653716536278,0.006753653716536278,123.97370651629325,0,0.0,True,True,True,False,True,False,False,True,True,True,False,2.214948552170776,False,False,24.1,23.700000000000003,24.1,20.650000000000002,40.0,22.05,0,72.343269452417,2.2182486630299088,1.0,s4_narrow_passage_medium,M7,24,2.8,1.0,1.6,sweep
False,17.95,0.8210561316536638,0.2863883392754114,True,92.25408689517576,766.8785947139124,0.033083645443196,72.0309131171225,0.06698122369175158,0.5787579423190516,0.0003791891953351236,0.0003791891953351236,124.1744184986647,0,0.0,True,True,True,False,True,False,False,True,True,True,False,2.221242057680948,False,False,24.35,23.75,24.35,20.6,40.0,22.1,0,72.3148295907718,2.2182542446401334,1.0,s4_narrow_passage_medium,M7,25,2.8,1.0,1.6,sweep
False,18.1,0.9633519395064616,0.3169879624223938,True,91.83991555358541,763.8750184278638,0.02600915522263837,72.02161275584422,0.06693295728258496,0.5787985202700113,0.00039823640091928036,0.00039823640091928036,124.12673429234536,0,0.0,True,True,True,False,True,False,False,True,True,True,False,2.2212014797299884,False,False,23.8,23.700000000000003,23.8,20.75,40.0,21.950000000000003,0,72.3660038534022,2.2182096276926755,1.0,s4_narrow_passage_medium,M7,26,2.8,1.0,1.6,sweep
False,17.900000000000002,1.013941257863549,0.28604107564062753,True,91.74065234436078,743.7962951028304,0.01976695796920516,72.04792150054445,0.059866828752867286,0.5850895068425096,0.006435347030003527,0.006435347030003527,123.71566935308553,0,0.0,True,True,True,False,True,False,False,True,True,True,False,2.21491049315749,False,False,23.900000000000002,23.8,23.900000000000002,20.5,40.0,22.150000000000002,0,72.31736061257487,2.2182209191304656,1.0,s4_narrow_passage_medium,M7,27,2.8,1.0,1.6,sweep
False,18.05,0.9567178585478235,0.31356982712961173,True,91.92214453353641,785.5675042435513,0.02517686225551394,72.05617580694862,0.06696761636948365,0.5787698739329448,0.0006741666590731737,0.0006741666590731737,124.02829269746248,0,0.0,True,True,True,False,True,False,False,True,True,True,False,2.221230126067055,False,False,23.8,23.6,23.8,20.650000000000002,40.0,22.0,0,72.29423529131414,2.218198163273496,1.0,s4_narrow_passage_medium,M7,28,2.8,1.0,1.6,sweep
False,18.150000000000002,0.9683599221603585,0.2861217127298154,True,91.71263656070396,769.6440550434963,0.027881814398668332,72.04884954584038,0.06692659176220893,0.5788036839916392,0.00058997540053885,0.00058997540053885,123.91204505101098,0,0.0,True,True,True,False,True,False,False,True,True,True,False,2.2211963160083608,False,False,24.150000000000002,24.05,24.150000000000002,20.75,40.0,21.900000000000002,0,72.3345025717698,2.2182743156729883,1.0,s4_narrow_passage_medium,M7,29,2.8,1.0,1.6,sweep
False,18.0,0.9845084333446261,0.32421765720810297,True,92.14770663046721,804.1988356266053,0.024968789013732832,72.02148434828187,0.05986422780932498,0.585094859258398,0.005560097898286857,0.005560097898286857,124.16996002739089,0,0.0,True,True,True,False,True,False,False,True,True,True,False,2.214905140741602,False,False,23.700000000000003,23.6,23.700000000000003,20.650000000000002,40.0,22.05,0,72.30565619302227,2.218189563537074,1.0,s4_narrow_passage_medium,M7,30,2.8,1.0,1.6,sweep
False,17.85,0.9911127023538107,0.3164478545548672,True,91.66922480215467,799.344880769843,0.019558884727424054,72.01472308017273,0.06692483494111412,0.5788046368546961,0.001209149294362778,0.001209149294362778,123.56716400530163,0,0.0,True,True,True,False,True,False,False,True,True,True,False,2.221195363145304,False,False,23.55,23.450000000000003,23.55,20.5,40.0,22.200000000000003,0,72.31769512098069,2.2181739788491823,1.0,s4_narrow_passage_medium,M7,31,2.8,1.0,1.6,sweep
False,18.05,0.9819762146695596,0.28635117657427217,True,92.0691124081124,764.8865484916386,0.0239284228048273,72.01327119582193,0.06692378962134528,0.5788075646363008,0.00040007206469433665,0.00040007206469433665,124.27478018408416,0,0.0,True,True,True,False,True,False,False,True,True,True,False,2.221192435363699,False,False,24.450000000000003,23.950000000000003,24.450000000000003,20.700000000000003,40.0,22.0,0,72.32208352456432,2.2182648051302425,1.0,s4_narrow_passage_medium,M7,32,2.8,1.0,1.6,sweep
False,17.900000000000002,0.7908503677246965,0.29688830090560303,True,92.38942462269648,765.7895380553437,0.02725759467332501,72.02615170422882,0.06697694383530084,0.5787613808394868,0.00024759327392441646,0.00024759327392441646,124.1517613505805,0,0.0,True,True,True,False,True,False,False,True,True,True,False,2.221238619160513,False,False,23.75,23.5,23.75,20.55,40.0,22.150000000000002,0,72.36336941459736,2.218183402409997,1.0,s4_narrow_passage_medium,M7,33,2.8,1.0,1.6,sweep
False,17.95,0.9883059341918796,0.3222230663082558,True,91.97761259704467,797.324868586239,0.025384935497295046,72.08411066479418,0.059912740223502244,0.5850456008017048,0.006229199272543551,0.006229199272543551,123.96059679800237,0,0.0,True,True,True,False,True,False,False,True,True,True,False,2.214954399198295,False,False,23.650000000000002,23.55,23.650000000000002,20.6,40.0,22.1,0,72.36379235368803,2.2181832258370533,1.0,s4_narrow_passage_medium,M7,34,2.8,1.0,1.6,sweep
False,18.0,0.9890890606681386,0.283644535945598,True,91.80761851637163,773.3487102401009,0.024760715771951727,72.04468030632368,0.06696885623145254,0.578768342916751,0.00038006866903819014,0.00038006866903819014,123.98157091745699,0,0.0,True,True,True,False,True,False,False,True,True,True,False,2.2212316570832487,False,False,23.950000000000003,23.85,23.950000000000003,20.6,40.0,22.05,0,72.34697368654753,2.2182823967812184,1.0,s4_narrow_passage_medium,M7,35,2.8,1.0,1.6,sweep
False,18.150000000000002,0.9700772340819046,0.2842831590225888,True,91.75777579526213,771.7628944336545,0.026841448189762796,72.03614491888904,0.06698731263977575,0.5787526544418377,0.00036891148544523434,0.00036891148544523434,124.03604223000542,0,0.0,True,True,True,False,True,False,False,True,True,True,False,2.221247345558162,False,False,24.450000000000003,23.950000000000003,24.450000000000003,20.75,40.0,21.900000000000002,0,72.35446828051172,2.218292733283932,1.0,s4_narrow_passage_medium,M7,36,2.8,1.0,1.6,sweep
False,18.05,0.9985894060454166,0.2837499866649302,True,91.86877915386252,761.5192081829668,0.022888056595921764,72.18256734281285,0.05992524461719589,0.5850298214123629,0.006883870771069494,0.006883870771069494,124.12618569534322,0,0.0,True,True,True,False,True,False,False,True,True,True,False,2.214970178587637,False,False,24.3,23.8,24.3,20.700000000000003,40.0,22.0,0,72.34807248384902,2.218261711438745,1.0,s4_narrow_passage_medium,M7,37,2.8,1.0,1.6,sweep
False,18.1,0.9834734214530341,0.2855232483800294,True,91.70768771586104,785.0927608701595,0.026217228464419477,72.14556202132427,0.059912202061169574,0.5850435576993137,0.006896303594693013,0.006896303594693013,124.07561114184384,0,0.0,True,True,True,False,True,False,False,True,True,True,False,2.2149564423006862,False,False,24.0,23.8,24.0,20.75,40.0,21.950000000000003,0,72.33940297860524,2.2182664100788743,1.0,s4_narrow_passage_medium,M7,38,2.8,1.0,1.6,sweep
False,18.150000000000002,0.9609763752380711,0.32425305012095584,True,92.23072869514203,822.0074123039682,0.02746566791510612,72.03391915970548,0.06698710651727191,0.5787525704603305,0.00024564547865832355,0.00024564547865832355,124.44293091130186,0,0.0,True,True,True,False,True,False,False,True,True,True,False,2.2212474295396696,False,False,23.85,23.75,23.85,20.8,40.0,21.900000000000002,0,72.40010729554871,2.218238469460091,1.0,s4_narrow_passage_medium,M7,39,2.8,1.0,1.6,sweep
False,18.5,0.9582276646596217,0.2897148613454995,True,91.59318849360153,848.7084580736606,0.02372034956304619,72.08402304999373,0.08475321160222478,0.6511482071498059,0.0009756759448291983,0.0009756759448291983,124.33086786562434,0,0.0,True,True,True,False,True,False,False,True,True,True,False,2.148851792850194,False,False,24.6,23.8,24.6,20.900000000000002,40.0,21.55,0,72.56608382830615,2.1462711672357115,1.0,s4_narrow_passage_medium,M7,10,2.8,1.0,1.8,sweep
False,18.5,0.9792619508885247,0.2882668967583446,True,91.43816538209929,856.1464939883333,0.023304203079483977,72.17369629606908,0.08473767739461611,0.6511602227865688,0.0011524958242244978,0.0011524958242244978,124.13259864917165,0,0.0,True,True,True,False,True,False,False,True,True,True,False,2.148839777213431,False,False,24.3,23.8,24.3,20.950000000000003,40.0,21.55,0,72.56057393728464,2.14626835931017,1.0,s4_narrow_passage_medium,M7,11,2.8,1.0,1.8,sweep
False,18.5,0.8044517141395306,0.2866929209191945,True,91.65334596287369,868.631140431838,0.03474823137744486,72.08716816999622,0.084641224509719,0.6512252541907598,0.0030086231216154887,0.0030086231216154887,124.30170575538651,0,0.0,True,True,True,False,True,False,False,True,True,True,False,2.14877474580924,False,False,24.05,23.85,24.05,20.950000000000003,40.0,21.55,0,72.50793045057277,2.146367592787086,1.0,s4_narrow_passage_medium,M7,12,2.8,1.0,1.8,sweep
False,18.35,0.9672877668483963,0.2900570516068901,True,91.46859779981911,850.4961629117859,0.021015397419891804,72.10480778586101,0.07677657086376759,0.6574324802455559,0.007146411381325696,0.007146411381325696,123.99125969719027,0,0.0,True,True,True,False,True,False,False,True,True,True,False,2.142567519754444,False,False,23.85,23.650000000000002,23.85,20.8,40.0,21.700000000000003,0,72.52875420032251,2.1462219332577557,1.0,s4_narrow_passage_medium,M7,13,2.8,1.0,1.8,sweep
False,18.1,0.8398050798784997,0.3100889782629441,True,92.08107271178216,838.6730207279188,0.01706200582605077,72.15924057945084,0.07790636715704236,0.6565655425071588,0.00435721349771893,0.00435721349771893,124.09992910785705,0,0.0,True,True,True,False,True,False,False,True,True,True,False,2.143434457492841,False,False,23.75,23.3,23.75,20.55,40.0,21.950000000000003,0,72.5650568377885,2.1458834752577327,1.0,s4_narrow_passage_medium,M7,14,2.8,1.0,1.8,sweep
False,18.5,0.9737410373790472,0.3197209164689559,True,91.71917805628954,868.2310246903045,0.02517686225551394,72.36737726385562,0.07717958522099297,0.657141443783726,0.0053311396429735255,0.0053311396429735255,124.66536836769784,0,0.0,True,True,True,False,True,False,False,True,True,True,False,2.142858556216274,False,False,24.0,23.700000000000003,24.0,20.950000000000003,40.0,21.55,0,72.74506422587963,2.146004110366056,1.0,s4_narrow_passage_medium,M7,15,2.8,1.0,1.8,sweep
False,18.3,0.9035220356561668,0.287006093618913,True,91.43511661242559,842.9812596508729,0.02517686225551394,72.31975249460604,0.07678153243029898,0.6574059242895252,0.009327951416119558,0.009327951416119558,123.97222737535142,0,0.0,True,True,True,False,True,False,False,True,True,True,False,2.1425940757104747,False,False,24.200000000000003,23.900000000000002,24.200000000000003,20.75,40.0,21.75,0,72.49541426906737,2.146296990317256,1.0,s4_narrow_passage_medium,M7,16,2.8,1.0,1.8,sweep
False,18.400000000000002,0.9630107367783285,0.28593946710776164,True,91.79043208104814,851.304300957716,0.023096129837702872,72.23815966513573,0.08468091276737576,0.6511930002491734,0.0031494943691616844,0.0031494943691616844,124.44978347281844,0,0.0,True,True,True,False,True,False,False,True,True,True,False,2.1488069997508266,False,False,24.150000000000002,23.75,24.150000000000002,20.85,40.0,21.650000000000002,0,72.49851651096009,2.1463464475293805,1.0,s4_narrow_passage_medium,M7,17,2.8,1.0,1.8,sweep
False,18.55,0.9768308544177582,0.2866331740099122,True,91.4226328053564,868.9236540678659,0.026425301706200582,72.05022526427392,0.07684003472111635,0.6573817178764049,0.00339532428113969,0.00339532428113969,124.26523545277016,0,0.0,True,True,True,False,True,False,False,True,True,True,False,2.142618282123595,False,False,24.6,24.0,24.6,21.0,40.0,21.5,0,72.5138501096349,2.146351574145164,1.0,s4_narrow_passage_medium,M7,18,2.8,1.0,1.8,sweep
False,18.0,0.8248431165131798,0.2861093551465615,True,91.58636160749475,781.03653107096,0.03266749895963379,72.35505071042813,0.07784200889038909,0.6566160997187712,0.0038174442856909866,0.0038174442856909866,123.44802810669523,0,0.0,True,True,True,False,True,False,False,True,True,True,False,2.1433839002812287,False,False,23.85,23.450000000000003,23.85,20.450000000000003,40.0,22.05,0,72.42252377333911,2.1462429911866514,1.0,s4_narrow_passage_medium,M7,19,2.8,1.0,1.8,sweep
False,18.45,0.9819910506324281,0.31901419414562393,True,91.61829762290002,807.656294349241,0.021015397419891804,72.04584954235088,0.07679140421733811,0.6574229934956424,0.0053478824858107345,0.0053478824858107345,124.41441301676096,0,0.0,True,True,True,False,True,False,False,True,True,True,False,2.1425770065043572,False,False,24.150000000000002,23.650000000000002,24.150000000000002,20.900000000000002,40.0,21.6,0,72.57331630535359,2.1459437325001796,1.0,s4_narrow_passage_medium,M7,20,2.8,1.0,1.8,sweep
False,18.650000000000002,0.9484797431269725,0.3242915298762134,True,92.19982978038702,806.4651100295498,0.02663337494798169,72.13889454994502,0.07674660085914296,0.6574530644102442,0.007615443813820537,0.007615443813820537,124.89556719759157,0,0.0,True,True,True,False,True,False,False,True,True,True,False,2.1425469355897557,False,False,23.8,23.8,23.8,21.05,40.0,21.400000000000002,0,72.57220354677291,2.145975248228675,1.0,s4_narrow_passage_medium,M7,21,2.8,1.0,1.8,sweep
False,18.35,0.9712783087364045,0.31750445821581325,True,91.6684577329579,778.1941197091159,0.019350811485642945,72.09605697155108,0.07673200431002529,0.6574705021915245,0.006273310448909813,0.006273310448909813,124.26446968659891,0,0.0,True,True,True,False,True,False,False,True,True,True,False,2.1425294978084755,False,False,23.650000000000002,23.55,23.650000000000002,20.8,40.0,21.700000000000003,0,72.49336825914514,2.1459412191131952,1.0,s4_narrow_passage_medium,M7,22,2.8,1.0,1.8,sweep
False,17.95,0.8569518722902776,0.28660965157118423,True,92.00249270510247,813.6377208107797,0.03412401165210154,72.05986471449022,0.0767687276707943,0.6574466537815212,0.004241172166480836,0.004241172166480836,123.69632060247403,0,0.0,True,True,True,False,True,False,False,True,True,True,False,2.1425533462184787,False,False,24.0,23.400000000000002,24.0,20.400000000000002,40.0,22.1,0,72.45149183941129,2.1462009973632155,1.0,s4_narrow_passage_medium,M7,23,2.8,1.0,1.8,sweep
False,18.3,0.8509101212679784,0.28774157873844036,True,92.01076883164582,849.541483891974,0.02746566791510612,72.08241011415012,0.08467699684254558,0.6512032849146211,0.002392699398016866,0.002392699398016866,124.27518608554291,0,0.0,True,True,True,False,True,False,False,True,True,True,False,2.148796715085379,False,False,24.450000000000003,23.75,24.450000000000003,20.75,40.0,21.75,0,72.47910926119869,2.146292739536539,1.0,s4_narrow_passage_medium,M7,24,2.8,1.0,1.8,sweep
False,18.3,0.7910935327788031,0.28912283787567433,True,92.13968140536862,827.7184988243996,0.031835205992509365,72.04340283590288,0.08477416734032021,0.6511291949637642,0.0009454061036209995,0.0009454061036209995,124.36533467368365,0,0.0,True,True,True,False,True,False,False,True,True,True,False,2.1488708050362355,False,False,24.400000000000002,23.8,24.400000000000002,20.700000000000003,40.0,21.75,0,72.51892149808904,2.1462067353746543,1.0,s4_narrow_passage_medium,M7,25,2.8,1.0,1.8,sweep
False,18.45,0.9639620752966269,0.3133340498084693,True,91.39352421348576,816.1586708691882,0.0239284228048273,72.0627177103642,0.07673887319002189,0.6574668462558148,0.005290759507130106,0.005290759507130106,124.1995327215551,0,0.0,True,True,True,False,True,False,False,True,True,True,False,2.142533153744185,False,False,24.0,23.650000000000002,24.0,20.900000000000002,40.0,21.6,0,72.54947027299556,2.1459308614249615,1.0,s4_narrow_passage_medium,M7,26,2.8,1.0,1.8,sweep
False,18.25,1.017240116681953,0.2863172673149314,True,91.55112177542077,840.1741332199641,0.018310445276737412,72.11427082651724,0.07691929566147902,0.6573128454328984,0.003938730196970871,0.003938730196970871,123.93569751882984,0,0.0,True,True,True,False,True,False,False,True,True,True,False,2.1426871545671013,False,False,23.8,23.6,23.8,20.700000000000003,40.0,21.8,0,72.47679962475242,2.1462615866817667,1.0,s4_narrow_passage_medium,M7,27,2.8,1.0,1.8,sweep
False,18.35,0.8868131091754188,0.30961899728399966,True,91.80932949232647,773.7439272374032,0.021015397419891804,72.13409083204886,0.07678173185826916,0.657422928665306,0.00738684796213082,0.00738684796213082,124.24341292971094,0,0.0,True,True,True,False,True,False,False,True,True,True,False,2.142577071334694,False,False,23.8,23.55,23.8,20.8,40.0,21.700000000000003,0,72.51376475850832,2.145921782223452,1.0,s4_narrow_passage_medium,M7,28,2.8,1.0,1.8,sweep
False,18.55,0.9714649927196304,0.28996632205529715,True,91.54455337937651,845.7775426590936,0.024968789013732832,72.59573575867289,0.0769223222581245,0.6572837610867854,0.008040713395850932,0.008040713395850932,124.202716007613,0,0.0,True,True,True,False,True,False,False,True,True,True,False,2.1427162389132146,False,False,24.650000000000002,23.950000000000003,24.650000000000002,20.950000000000003,40.0,21.5,0,72.56081102500437,2.146271292654767,1.0,s4_narrow_passage_medium,M7,29,2.8,1.0,1.8,sweep
False,18.35,0.9864387737983857,0.28746199125037064,True,91.84656692315593,844.8510366833589,0.022888056595921764,72.42607281642753,0.07676325992970973,0.6574623846130453,0.006666393216185108,0.006666393216185108,124.23815096688227,0,0.0,True,True,True,False,True,False,False,True,True,True,False,2.1425376153869546,False,False,24.200000000000003,23.700000000000003,24.200000000000003,20.8,40.0,21.700000000000003,0,72.48865656504441,2.1462877018526703,1.0,s4_narrow_passage_medium,M7,30,2.8,1.0,1.8,sweep
False,18.25,0.9947883881245587,0.28673667362952454,True,91.3007197850411,840.9733084592337,0.018726591760299626,72.11721565695515,0.07677579859820109,0.6574398540196696,0.0036381059957124916,0.0036381059957124916,123.74072475819688,0,0.0,True,True,True,False,True,False,False,True,True,True,False,2.14256014598033,False,False,23.700000000000003,23.6,23.700000000000003,20.700000000000003,40.0,21.8,0,72.48060688613637,2.1462731498835934,1.0,s4_narrow_passage_medium,M7,31,2.8,1.0,1.8,sweep
False,18.400000000000002,0.9840299356970557,0.3366713264432386,True,91.95025043470558,806.345691396793,0.018726591760299626,72.1485515388466,0.08479074045361219,0.6511157289695005,0.0014512109114371606,0.0014512109114371606,124.56173604699032,0,0.0,True,True,True,False,True,False,False,True,True,True,False,2.148884271030499,False,False,23.700000000000003,23.6,23.700000000000003,20.85,40.0,21.650000000000002,0,72.5191192737649,2.145958379421612,1.0,s4_narrow_passage_medium,M7,32,2.8,1.0,1.8,sweep
False,18.45,0.9099408511844127,0.2867302630881726,True,91.9304365671446,870.9755450290693,0.024968789013732832,72.15528842728786,0.08476030633819169,0.6511310879964282,0.0030004673582159753,0.0030004673582159753,124.46719782834222,0,0.0,True,True,True,False,True,False,False,True,True,True,False,2.1488689120035716,False,False,24.55,23.950000000000003,24.55,20.950000000000003,40.0,21.6,0,72.51067154495902,2.146366623924258,1.0,s4_narrow_passage_medium,M7,33,2.8,1.0,1.8,sweep
False,18.35,0.9881888778221877,0.28672319963636833,True,91.6207116833036,853.1737595795261,0.02247191011235955,72.03677476828126,0.0770077502931437,0.6572477908750965,0.0034018719381514184,0.0034018719381514184,124.0983979755479,0,0.0,True,True,True,False,True,False,False,True,True,True,False,2.1427522091249034,False,False,24.200000000000003,23.700000000000003,24.200000000000003,20.8,40.0,21.700000000000003,0,72.48654538153265,2.1462915032114696,1.0,s4_narrow_passage_medium,M7,34,2.8,1.0,1.8,sweep
False,18.35,1.0000633202563478,0.2878545455960213,True,91.63674730122283,851.2196520267252,0.020599250936329586,72.10038426244256,0.07674973811806327,0.6574542149600449,0.007169423340181423,0.007169423340181423,124.23745406000361,0,0.0,True,True,True,False,True,False,False,True,True,True,False,2.142545785039955,False,False,24.150000000000002,23.650000000000002,24.150000000000002,20.8,40.0,21.700000000000003,0,72.53043590827639,2.1462261740913484,1.0,s4_narrow_passage_medium,M7,35,2.8,1.0,1.8,sweep
False,18.5,0.9712545986596013,0.28897947933058354,True,91.5661874689617,848.3614710355954,0.02267998335414066,72.08962814612948,0.07674395628064833,0.6574587361995584,0.007312764989057156,0.007312764989057156,124.32824921675598,0,0.0,True,True,True,False,True,False,False,True,True,True,False,2.1425412638004415,False,False,24.650000000000002,23.950000000000003,24.650000000000002,20.950000000000003,40.0,21.55,0,72.56091240063246,2.146276826105541,1.0,s4_narrow_passage_medium,M7,36,2.8,1.0,1.8,sweep
False,18.400000000000002,0.9983541269854508,0.2866352374628018,True,91.62346794458473,849.637939472274,0.017478152309612985,72.03710768633117,0.07699521635240972,0.657257796555048,0.003350225007376457,0.003350225007376457,124.32453508007904,0,0.0,True,True,True,False,True,False,False,True,True,True,False,2.1427422034449517,False,False,24.5,23.900000000000002,24.5,20.900000000000002,40.0,21.650000000000002,0,72.50486066479144,2.146321483080373,1.0,s4_narrow_passage_medium,M7,37,2.8,1.0,1.8,sweep
False,18.5,0.9893814051660315,0.28679271643735027,True,91.40308005475454,864.3666910982547,0.022888056595921764,72.14642358416747,0.08467096720505134,0.6512011818303977,0.003069898525884942,0.003069898525884942,124.18428760638697,0,0.0,True,True,True,False,True,False,False,True,True,True,False,2.148798818169602,False,False,24.35,23.950000000000003,24.35,20.950000000000003,40.0,21.55,0,72.5122182784901,2.146368290866408,1.0,s4_narrow_passage_medium,M7,38,2.8,1.0,1.8,sweep
False,18.55,0.9713806140106402,0.2874894177976469,True,92.09422252844476,865.1114359813918,0.02267998335414066,72.27246659365774,0.07820328540425281,0.6563306412263158,0.0032994705551962775,0.0032994705551962775,124.75843115776148,0,0.0,True,True,True,False,True,False,False,True,True,True,False,2.143669358773684,False,False,24.150000000000002,24.05,24.150000000000002,20.950000000000003,40.0,21.5,0,72.56758366075674,2.14635313116465,1.0,s4_narrow_passage_medium,M7,39,2.8,1.0,1.8,sweep
False,17.400000000000002,0.8067752227385616,0.29403273253172096,True,92.9850107511033,655.1606720927624,0.035164377861007075,72.0684201188809,0.0617123883942412,0.555656354326756,5.611691018991718e-05,5.611691018991718e-05,124.1029984864783,0,0.0,True,True,True,False,True,False,False,True,True,True,False,2.244343645673244,False,False,24.1,23.700000000000003,24.1,20.25,40.0,22.650000000000002,0,72.23763799674919,2.2411948245819486,1.0,s4_narrow_passage_medium,M7,10,2.8,1.2,1.4,sweep
False,17.2,0.757151728079245,0.298350221827325,True,92.0149126981405,612.617235301076,0.03641281731169372,72.03862049047277,0.06173207074792192,0.5556388733308341,5.2755851478241877e-05,5.2755851478241877e-05,122.57490506796984,0,0.0,True,True,True,False,True,False,False,True,True,True,False,2.244361126669166,False,False,23.700000000000003,23.200000000000003,23.700000000000003,20.05,40.0,22.85,0,72.21155653070498,2.2411975813294287,1.0,s4_narrow_passage_medium,M7,11,2.8,1.2,1.4,sweep
False,17.55,0.949418028901303,0.32482466927376563,True,92.5679626752284,696.2208086114628,0.03870162297128589,72.18847866308418,0.05495482513876493,0.5619281628248964,0.0064320494432288655,0.0064320494432288655,123.95829188278775,0,0.0,True,True,True,False,True,False,False,True,True,True,False,2.238071837175103,False,False,23.55,23.55,23.55,20.400000000000002,40.0,22.5,0,72.21942447998113,2.2411954268842664,1.0,s4_narrow_passage_medium,M7,12,2.8,1.2,1.4,sweep
False,17.2,0.8515100908722089,0.2889306048261965,True,92.20710078237954,655.3846282310358,0.038077403245942575,72.09722526287584,0.061734592629605976,0.5556367303466195,4.142535017588203e-05,4.142535017588203e-05,123.0333247265075,0,0.0,True,True,True,False,True,False,False,True,True,True,False,2.2443632696533804,False,False,24.1,23.5,24.1,20.05,40.0,22.85,0,72.23158604139134,2.2411934159737803,1.0,s4_narrow_passage_medium,M7,13,2.8,1.2,1.4,sweep
False,17.150000000000002,0.8956790768295761,0.29682323236622943,True,92.84007862895169,682.4405256955474,0.031210986267166042,72.15836797354908,0.05492875046894528,0.5619544562890652,0.006449578385393204,0.006449578385393204,123.65367211556284,0,0.0,True,True,True,False,True,False,False,True,True,True,False,2.2380455437109346,False,False,23.650000000000002,23.200000000000003,23.650000000000002,20.0,40.0,22.900000000000002,0,72.21760535936822,2.2411918249469163,1.0,s4_narrow_passage_medium,M7,14,2.8,1.2,1.4,sweep
False,17.5,0.872013249051163,0.3198204198318336,True,92.7680903454118,715.6656123499532,0.04244694132334582,72.13902453948981,0.05493716069652499,0.5619471103442669,0.0064136490486134436,0.0064136490486134436,124.03825739532112,0,0.0,True,True,True,False,True,False,False,True,True,True,False,2.238052889655733,False,False,23.950000000000003,23.450000000000003,23.950000000000003,20.3,40.0,22.55,0,72.2611881435342,2.241188846475436,1.0,s4_narrow_passage_medium,M7,15,2.8,1.2,1.4,sweep
False,17.3,0.8713440415225022,0.29279764217799586,True,92.53082960860215,693.2575644120913,0.03766125676238036,72.03422634393787,0.054903342962369595,0.5619844100349102,0.006317221973574959,0.006317221973574959,123.72515528119555,0,0.0,True,True,True,False,True,False,False,True,True,True,False,2.2380155899650895,False,False,23.950000000000003,23.650000000000002,23.950000000000003,20.150000000000002,40.0,22.75,0,72.23351256139554,2.2411919213494973,1.0,s4_narrow_passage_medium,M7,16,2.8,1.2,1.4,sweep
False,17.25,0.8357308233191942,0.2944555775729838,True,93.30260866571375,658.1392759291217,0.04078235538909696,72.09853552803388,0.054910814922380376,0.5619742203738219,0.006405764069470364,0.006405764069470364,124.06836110521225,0,0.0,True,True,True,False,True,False,False,True,True,True,False,2.2380257796261778,False,False,23.950000000000003,23.55,23.950000000000003,20.1,40.0,22.8,0,72.22383986764504,2.2411926201856134,1.0,s4_narrow_passage_medium,M7,17,2.8,1.2,1.4,sweep
False,17.6,0.9695516472378951,0.3239626584549035,True,92.41954876646669,717.407677601266,0.03828547648772368,72.04500829326821,0.0549013324465898,0.561984946598086,0.0063781514597868565,0.0063781514597868565,123.92964298889798,0,0.0,True,True,True,False,True,False,False,True,True,True,False,2.238015053401914,False,False,23.6,23.6,23.6,20.450000000000003,40.0,22.450000000000003,0,72.1680638565138,2.241183680146086,1.0,s4_narrow_passage_medium,M7,18,2.8,1.2,1.4,sweep
False,17.2,0.7646747380192933,0.29045171238050377,True,92.69887719033412,597.8939274428666,0.04078235538909696,72.01261195822258,0.06172253652653476,0.5556473182572096,4.3080107582438035e-05,4.3080107582438035e-05,123.4097570149122,0,0.0,True,True,True,False,True,False,False,True,True,True,False,2.2443526817427903,False,False,23.5,23.400000000000002,23.5,20.05,40.0,22.85,0,72.21547009739146,2.241195131574368,1.0,s4_narrow_passage_medium,M7,19,2.8,1.2,1.4,sweep
False,17.3,0.721583085979123,0.2903296037179439,True,92.8517244665068,654.0416126727973,0.041406575114440285,71.97791876869698,0.06172705851664584,0.555643332173775,2.0917775041453108e-05,2.0917775041453108e-05,123.77670484004861,0,0.0,True,True,True,False,True,False,False,True,True,True,False,2.244356667826225,False,False,23.700000000000003,23.6,23.700000000000003,20.1,40.0,22.75,0,72.18956389787284,2.241198511755527,1.0,s4_narrow_passage_medium,M7,20,2.8,1.2,1.4,sweep
False,17.6,0.8591020774531819,0.287791754020764,True,92.22442241865306,681.0824617720724,0.03537245110278818,72.05627675456505,0.054914328703175995,0.5619731341898332,0.006308001656205248,0.006308001656205248,123.66698967967633,0,0.0,True,True,True,False,True,False,False,True,True,True,False,2.2380268658101667,False,False,24.200000000000003,24.0,24.200000000000003,20.450000000000003,40.0,22.450000000000003,0,72.28740142669109,2.241185934571508,1.0,s4_narrow_passage_medium,M7,21,2.8,1.2,1.4,sweep
False,17.2,0.8320028638365329,0.29321010932190894,True,93.23577700535492,661.3966376642686,0.035580524344569285,72.02007568521006,0.061693499294539954,0.5556732723441061,3.453120440318808e-05,3.453120440318808e-05,124.0262161504366,0,0.0,True,True,True,False,True,False,False,True,True,True,False,2.244326727655894,False,False,23.8,23.5,23.8,20.05,40.0,22.85,0,72.2148518639271,2.2411946644194045,1.0,s4_narrow_passage_medium,M7,22,2.8,1.2,1.4,sweep
False,16.900000000000002,0.7815324740502436,0.2878843536800705,True,92.56095922792548,742.9465340225181,0.04411152725759467,72.04337760374494,0.06167986543280998,0.5556873179561777,5.890148031643359e-05,5.890148031643359e-05,122.59532474411128,0,0.0,True,True,True,False,True,False,False,True,True,True,False,2.244312682043822,False,False,23.75,23.400000000000002,23.75,19.8,40.0,23.150000000000002,0,72.21821489924525,2.2411727471705114,1.0,s4_narrow_passage_medium,M7,23,2.8,1.2,1.4,sweep
False,17.25,0.8160123713225815,0.29516826388395473,True,93.14444953059477,712.179064188305,0.03786933000416146,72.04055493071365,0.05490823315378276,0.5619789202173753,0.006355630373303407,0.006355630373303407,124.01281243691844,0,0.0,True,True,True,False,True,False,False,True,True,True,False,2.2380210797826248,False,False,24.05,23.55,24.05,20.1,40.0,22.8,0,72.23573781539878,2.241192424560565,1.0,s4_narrow_passage_medium,M7,24,2.8,1.2,1.4,sweep
False,17.45,0.864903146027588,0.32312789226013655,True,93.07293599097339,708.1622498941334,0.03745318352059925,72.08399741125704,0.05493895769274753,0.5619465988508372,0.006362190581357295,0.006362190581357295,124.25315805886399,0,0.0,True,True,True,False,True,False,False,True,True,True,False,2.2380534011491626,False,False,24.450000000000003,23.450000000000003,24.450000000000003,20.25,40.0,22.6,0,72.26114015091989,2.2411835992517983,1.0,s4_narrow_passage_medium,M7,25,2.8,1.2,1.4,sweep
False,17.400000000000002,0.8011187192861533,0.314803077529774,True,92.77452331065837,697.3921772829365,0.040366208905534745,71.98837887021314,0.06174123399195453,0.5556306826369837,3.077140908289677e-05,3.077140908289677e-05,123.78633486469138,0,0.0,True,True,True,False,True,False,False,True,True,True,False,2.244369317363016,False,False,24.400000000000002,23.400000000000002,24.400000000000002,20.200000000000003,40.0,22.650000000000002,0,72.24542554430519,2.241196250362382,1.0,s4_narrow_passage_medium,M7,26,2.8,1.2,1.4,sweep
False,17.2,0.8969960920797961,0.2933488192677056,True,92.74701922308768,650.6322792782099,0.031210986267166042,72.08627734453873,0.06168562874287415,0.5556798353285063,0.0001327928019893712,0.0001327928019893712,123.61558886641623,0,0.0,True,True,True,False,True,False,False,True,True,True,False,2.2443201646714934,False,False,23.8,23.400000000000002,23.8,20.05,40.0,22.85,0,72.2119076878525,2.241194641871879,1.0,s4_narrow_passage_medium,M7,27,2.8,1.2,1.4,sweep
False,17.45,0.9529347735495397,0.2913328028291334,True,92.49655752533285,658.0228904408569,0.033083645443196,72.06869266386711,0.05492614695317436,0.5619611697364495,0.006353244782996723,0.006353244782996723,123.76284014202699,0,0.0,True,True,True,False,True,False,False,True,True,True,False,2.2380388302635503,False,False,23.75,23.55,23.75,20.3,40.0,22.6,0,72.24105018242264,2.2411916442130995,1.0,s4_narrow_passage_medium,M7,28,2.8,1.2,1.4,sweep
False,17.45,0.86873028289878,0.291137949670096,True,92.38143863804927,632.9388573403627,0.0357885975863504,72.00820389752046,0.06170980825376742,0.5556589304940877,2.4798131403736354e-05,2.4798131403736354e-05,123.63713547570264,0,0.0,True,True,True,False,True,False,False,True,True,True,False,2.244341069505912,False,False,23.700000000000003,23.700000000000003,23.700000000000003,20.3,40.0,22.6,0,72.23307002290915,2.241194137429994,1.0,s4_narrow_passage_medium,M7,29,2.8,1.2,1.4,sweep
False,17.400000000000002,0.9507664763551296,0.2924877763452025,True,92.94324841705046,704.95012357298,0.03204327923429047,72.17072422640474,0.054933033556914763,0.5619501761460873,0.006441094889746445,0.006441094889746445,124.09906778882268,0,0.0,True,True,True,False,True,False,False,True,True,True,False,2.2380498238539124,False,False,23.85,23.6,23.85,20.25,40.0,22.650000000000002,0,72.24426355705016,2.2411917970609374,1.0,s4_narrow_passage_medium,M7,30,2.8,1.2,1.4,sweep
False,17.0,0.8104642644195128,0.2868210915842914,True,92.35749402628039,616.1607677174259,0.03454015813566375,72.06157455438245,0.054930008042829215,0.5619573400184271,0.006344269561741565,0.006344269561741565,122.7039250230829,0,0.0,True,True,True,False,True,False,False,True,True,True,False,2.2380426599815726,False,False,23.85,23.35,23.85,19.85,40.0,23.05,0,72.20568426786133,2.241189907710153,1.0,s4_narrow_passage_medium,M7,31,2.8,1.2,1.4,sweep
False,17.400000000000002,0.8492696626868799,0.28780246939055953,True,92.1165958938588,668.9817158021048,0.03495630461922597,72.0729286736054,0.061727609501473886,0.5556430793027489,4.7023098781345706e-05,4.7023098781345706e-05,123.2432610057181,0,0.0,True,True,True,False,True,False,False,True,True,True,False,2.2443569206972507,False,False,24.200000000000003,23.85,24.200000000000003,20.25,40.0,22.650000000000002,0,72.25323346509778,2.2411942880471853,1.0,s4_narrow_passage_medium,M7,32,2.8,1.2,1.4,sweep
False,17.5,0.8221856657323838,0.28672065184702344,True,92.44803595973896,640.732952591805,0.035164377861007075,72.07722015240692,0.0549394643081457,0.5619480052990056,0.006342577816085272,0.006342577816085272,123.47591466903182,0,0.0,True,True,True,False,True,False,False,True,True,True,False,2.238051994700994,False,False,24.35,23.85,24.35,20.3,40.0,22.55,0,72.26056055676962,2.241187132738588,1.0,s4_narrow_passage_medium,M7,33,2.8,1.2,1.4,sweep
False,17.25,0.8366438015162496,0.3138451781314813,True,93.04642143730331,662.1584589875388,0.03724511027881815,72.21285760110968,0.05497030306564601,0.5619122509025222,0.0064372785714249875,0.0064372785714249875,123.77452826990537,0,0.0,True,True,True,False,True,False,False,True,True,True,False,2.2380877490974775,False,False,23.950000000000003,23.5,23.950000000000003,20.05,40.0,22.8,0,72.22526268211764,2.2411919455412037,1.0,s4_narrow_passage_medium,M7,34,2.8,1.2,1.4,sweep
False,17.3,0.8419582710723315,0.2878515443005677,True,91.57307249970182,659.6410770137834,0.03474823137744486,72.0397013261618,0.06169510883214329,0.5556718803538435,3.8019919742180525e-05,3.8019919742180525e-05,122.70356297349144,0,0.0,True,True,True,False,True,False,False,True,True,True,False,2.2443281196461564,False,False,24.1,23.8,24.1,20.150000000000002,40.0,22.75,0,72.19264829566721,2.241195628239022,1.0,s4_narrow_passage_medium,M7,35,2.8,1.2,1.4,sweep
False,17.35,0.8401481595255429,0.29114737264410695,True,92.896268223777,692.532222217262,0.036620890553474825,72.06336441166262,0.05492474391329019,0.5619629583953434,0.006311804511726357,0.006311804511726357,123.93092755566151,0,0.0,True,True,True,False,True,False,False,True,True,True,False,2.2380370416046564,False,False,23.650000000000002,23.450000000000003,23.650000000000002,20.200000000000003,40.0,22.700000000000003,0,72.23963429774786,2.241191929246703,1.0,s4_narrow_passage_medium,M7,36,2.8,1.2,1.4,sweep
False,17.45,0.9104358962594963,0.29261941597650387,True,92.64951112664879,644.453668318918,0.03204327923429047,72.02634585832196,0.061717266616987614,0.5556522417631057,2.8195122533495086e-05,2.8195122533495086e-05,123.9918238515411,0,0.0,True,True,True,False,True,False,False,True,True,True,False,2.244347758236894,False,False,24.05,23.55,24.05,20.3,40.0,22.6,0,72.23739578270593,2.2411949930863937,1.0,s4_narrow_passage_medium,M7,37,2.8,1.2,1.4,sweep
False,17.5,0.9144344869432548,0.29095743004188823,True,92.29544910768799,663.8061061182071,0.04161464835622139,72.12490271984134,0.05493284364846301,0.5619522920118633,0.0063999244051358255,0.0063999244051358255,123.65207672005747,0,0.0,True,True,True,False,True,False,False,True,True,True,False,2.2380477079881365,False,False,23.85,23.75,23.85,20.35,40.0,22.55,0,72.24150966286182,2.2411903656101337,1.0,s4_narrow_passage_medium,M7,38,2.8,1.2,1.4,sweep
False,17.5,0.7993807417665642,0.2887761723558331,True,92.68302094612608,673.6228557122683,0.04057428214731586,72.09682195064815,0.06173532714321461,0.5556360739345348,3.566808793034375e-05,3.566808793034375e-05,123.81172828950068,0,0.0,True,True,True,False,True,False,False,True,True,True,False,2.244363926065465,False,False,24.200000000000003,23.75,24.200000000000003,20.35,40.0,22.55,0,72.25312008542777,2.241193254289895,1.0,s4_narrow_passage_medium,M7,39,2.8,1.2,1.4,sweep
False,17.75,0.8680457427506274,0.29321634509990985,True,92.05783451729704,673.2969046153357,0.0357885975863504,72.01223723341334,0.08063331853470042,0.6350433339948961,8.728670878847053e-05,8.728670878847053e-05,123.57306674017852,0,0.0,True,True,True,False,True,False,False,True,True,True,False,2.1649566660051036,False,False,24.450000000000003,23.650000000000002,24.450000000000003,20.400000000000002,40.0,22.3,0,72.3070677494471,2.161795977429065,1.0,s4_narrow_passage_medium,M7,10,2.8,1.2,1.6,sweep
False,17.85,0.9234449116730781,0.3001289836892194,True,91.79344092413596,767.68852728651,0.030378693300041615,72.02727559732342,0.07279583829714537,0.6413874696048922,0.00642684613774426,0.00642684613774426,123.59183007635527,0,0.0,True,True,True,False,True,False,False,True,True,True,False,2.1586125303951076,False,False,24.05,23.55,24.05,20.5,40.0,22.200000000000003,0,72.37272339371958,2.1617768714289873,1.0,s4_narrow_passage_medium,M7,11,2.8,1.2,1.6,sweep
False,17.85,0.7607981587883368,0.29786032550639563,True,92.28193194493947,737.2559339931909,0.04390345401581357,72.02663741033767,0.08064175555487137,0.635036727530535,9.128142698116193e-05,9.128142698116193e-05,123.90081184762131,0,0.0,True,True,True,False,True,False,False,True,True,True,False,2.164963272469465,False,False,23.8,23.8,23.8,20.5,40.0,22.200000000000003,0,72.36283508356202,2.161787850911602,1.0,s4_narrow_passage_medium,M7,12,2.8,1.2,1.6,sweep
False,17.650000000000002,0.9308214885516144,0.29452537078571733,True,91.95904408085761,726.6248471809427,0.03058676654182272,72.0639970739904,0.08058654168260149,0.6350796787245608,3.199342301514594e-05,3.199342301514594e-05,123.4629251375443,0,0.0,True,True,True,False,True,False,False,True,True,True,False,2.164920321275439,False,False,24.0,23.400000000000002,24.0,20.3,40.0,22.400000000000002,0,72.35770464395978,2.1617832909912895,1.0,s4_narrow_passage_medium,M7,13,2.8,1.2,1.6,sweep
False,17.55,0.9663791362267287,0.2920682891528007,True,91.81865961530262,666.0674702150316,0.024968789013732832,72.09900559473887,0.07284678597431775,0.6413417266086808,0.006296398170610954,0.006296398170610954,123.21226151008119,0,0.0,True,True,True,False,True,False,False,True,True,True,False,2.158658273391319,False,False,23.8,23.5,23.8,20.25,40.0,22.5,0,72.24489286320839,2.161783142556678,1.0,s4_narrow_passage_medium,M7,14,2.8,1.2,1.6,sweep
False,17.900000000000002,0.9381207952668105,0.29156316047197145,True,91.95093210151435,728.5542003695784,0.03766125676238036,72.01306486270536,0.0806402330536457,0.6350379175861997,7.446105899465008e-05,7.446105899465008e-05,123.91344662226896,0,0.0,True,True,True,False,True,False,False,True,True,True,False,2.1649620824138003,False,False,24.3,23.8,24.3,20.55,40.0,22.150000000000002,0,72.39714966501553,2.1617850102664145,1.0,s4_narrow_passage_medium,M7,15,2.8,1.2,1.6,sweep
False,17.650000000000002,0.8809669802161693,0.2988432170376879,True,92.20846696257718,707.3712083368771,0.03391593841032043,72.01039669471778,0.08062276224517016,0.6350513235623609,0.00012660501026503235,0.00012660501026503235,123.79546629257698,0,0.0,True,True,True,False,True,False,False,True,True,True,False,2.164948676437639,False,False,23.900000000000002,23.400000000000002,23.900000000000002,20.3,40.0,22.400000000000002,0,72.34117915851283,2.1617876738307653,1.0,s4_narrow_passage_medium,M7,16,2.8,1.2,1.6,sweep
False,17.6,0.8485174719424722,0.32449128609389627,True,92.8729837221224,738.3787448036121,0.04057428214731586,72.03580491197754,0.08063821588909269,0.6350395527091489,7.53705716170853e-05,7.53705716170853e-05,123.99929975137233,0,0.0,True,True,True,False,True,False,False,True,True,True,False,2.164960447290851,False,False,23.6,23.150000000000002,23.6,20.200000000000003,40.0,22.450000000000003,0,72.37032300765492,2.161791989397717,1.0,s4_narrow_passage_medium,M7,17,2.8,1.2,1.6,sweep
False,17.900000000000002,0.9710199694970705,0.2947267692399352,True,91.86812161886249,727.4447423051203,0.0359966708281315,72.06127766737585,0.08065108013124273,0.6350293702552452,3.951934156326712e-05,3.951934156326712e-05,123.73816446004201,0,0.0,True,True,True,False,True,False,False,True,True,True,False,2.1649706297447544,False,False,24.0,23.75,24.0,20.55,40.0,22.150000000000002,0,72.38540675127129,2.1617829984265238,1.0,s4_narrow_passage_medium,M7,18,2.8,1.2,1.6,sweep
False,17.5,0.8069063003409449,0.29043817369884595,True,91.8973669627325,750.8740885100868,0.04078235538909696,72.14393250113132,0.07283406335455873,0.6413505282354608,0.006623320861096859,0.006623320861096859,122.91200585563051,0,0.0,True,True,True,False,True,False,False,True,True,True,False,2.158649471764539,False,False,24.150000000000002,23.6,24.150000000000002,20.200000000000003,40.0,22.55,0,72.31088422696438,2.161761333189518,1.0,s4_narrow_passage_medium,M7,19,2.8,1.2,1.6,sweep
False,17.8,0.9827618337859161,0.2992901358749756,True,92.13633972692446,702.2736760784663,0.030378693300041615,72.00725696073987,0.07279682198913073,0.6413880076456062,0.006203254916682094,0.006203254916682094,123.95865510580043,0,0.0,True,True,True,False,True,False,False,True,True,True,False,2.158611992354394,False,False,23.85,23.75,23.85,20.450000000000003,40.0,22.25,0,72.3563996229037,2.1617801686807194,1.0,s4_narrow_passage_medium,M7,20,2.8,1.2,1.6,sweep
False,17.95,0.8965582005871628,0.332912001559337,True,92.61481418606729,707.8220674703637,0.03141905950894715,71.98772542683042,0.08064352160377651,0.6350350364155851,0.00017183895300717958,0.00017183895300717958,124.3534983314401,0,0.0,True,True,True,False,True,False,False,True,True,True,False,2.164964963584415,False,False,23.75,23.6,23.75,20.6,40.0,22.1,0,72.2719879360716,2.1617921490386496,1.0,s4_narrow_passage_medium,M7,21,2.8,1.2,1.6,sweep
False,17.55,0.8624328496077085,0.2980108682799163,True,92.75580959717104,692.9727175079806,0.030378693300041615,72.01159485428283,0.08062480017250744,0.6350499867694439,7.213455462371899e-05,7.213455462371899e-05,124.01577203105528,0,0.0,True,True,True,False,True,False,False,True,True,True,False,2.164950013230556,False,False,23.5,23.5,23.5,20.200000000000003,40.0,22.5,0,72.32577583056697,2.1617881918317554,1.0,s4_narrow_passage_medium,M7,22,2.8,1.2,1.6,sweep
False,17.2,0.8225394437391207,0.29042229504510436,True,92.47724352341424,663.9907507897243,0.04348730753225135,72.06374401845433,0.07281100757576621,0.6413730646992902,0.00629450055866263,0.00629450055866263,122.88746034224589,0,0.0,True,True,True,False,True,False,False,True,True,True,False,2.1586269353007097,False,False,23.85,23.35,23.85,19.900000000000002,40.0,22.85,0,72.20030634641705,2.161780288603031,1.0,s4_narrow_passage_medium,M7,23,2.8,1.2,1.6,sweep
False,17.75,0.9075762690636464,0.2958148817050005,True,92.23203637869459,721.1165503140586,0.033291718684977115,72.0957434944857,0.07282692700688498,0.6413589414797377,0.006453016406203933,0.006453016406203933,123.83922556321829,0,0.0,True,True,True,False,True,False,False,True,True,True,False,2.1586410585202622,False,False,24.0,23.5,24.0,20.450000000000003,40.0,22.3,0,72.36415181926775,2.1617745447140893,1.0,s4_narrow_passage_medium,M7,24,2.8,1.2,1.6,sweep
False,17.8,0.8353262031428341,0.31957064466052293,True,92.607137848408,839.8215706354011,0.0328755722014149,72.20216364966124,0.08060615414986606,0.6350618699678715,0.0007997857274089542,0.0007997857274089542,124.3079335354689,0,0.0,True,True,True,False,True,False,False,True,True,True,False,2.1649381300321284,False,False,23.400000000000002,23.400000000000002,23.400000000000002,20.450000000000003,40.0,22.25,0,72.33581845999299,2.1617712865036367,1.0,s4_narrow_passage_medium,M7,25,2.8,1.2,1.6,sweep
False,17.8,0.9285123877819508,0.3213705331671858,True,92.0617100877445,790.4480268605578,0.03474823137744486,72.02343920740172,0.0727985927956344,0.6413852385765378,0.006321394922718325,0.006321394922718325,123.73882706098915,0,0.0,True,True,True,False,True,False,False,True,True,True,False,2.158614761423462,False,False,23.400000000000002,23.400000000000002,23.400000000000002,20.450000000000003,40.0,22.25,0,72.42249755651163,2.161770210472974,1.0,s4_narrow_passage_medium,M7,26,2.8,1.2,1.6,sweep
False,17.55,0.9346928276856585,0.29526370352750253,True,92.05041614737729,725.8464931949807,0.02600915522263837,72.08115374813038,0.07281918654261922,0.641366093388663,0.006426316568256513,0.006426316568256513,123.47477802741577,0,0.0,True,True,True,False,True,False,False,True,True,True,False,2.1586339066113367,False,False,23.450000000000003,23.35,23.450000000000003,20.25,40.0,22.5,0,72.34630409732688,2.1617741522971965,1.0,s4_narrow_passage_medium,M7,27,2.8,1.2,1.6,sweep
False,17.75,0.9188206141549926,0.30014370324091133,True,92.23872961627337,746.2496917185218,0.026217228464419477,72.07486465484119,0.08064071877187878,0.6350374557050408,0.00013050032944548936,0.00013050032944548936,123.89520016949673,0,0.0,True,True,True,False,True,False,False,True,True,True,False,2.164962544294959,False,False,23.6,23.5,23.6,20.450000000000003,40.0,22.3,0,72.35892215353408,2.1617853048484292,1.0,s4_narrow_passage_medium,M7,28,2.8,1.2,1.6,sweep
False,17.75,0.903479729876447,0.2925585550935904,True,91.69137345120356,788.0335786248611,0.031835205992509365,72.03684264547589,0.07299312784480523,0.6412327356547766,0.0054571652883933395,0.0054571652883933395,123.18927179090689,0,0.0,True,True,True,False,True,False,False,True,True,True,False,2.158767264345223,False,False,23.900000000000002,23.75,23.900000000000002,20.450000000000003,40.0,22.3,0,72.36122329541418,2.1617526086569177,1.0,s4_narrow_passage_medium,M7,29,2.8,1.2,1.6,sweep
False,17.7,0.942505658122675,0.33373223552840114,True,92.59330842403192,706.4500101183421,0.03162713275072826,72.0719999692704,0.0728193546135228,0.6413662818810245,0.006274189083843702,0.006274189083843702,123.97955356803632,0,0.0,True,True,True,False,True,False,False,True,True,True,False,2.1586337181189754,False,False,23.700000000000003,23.35,23.700000000000003,20.35,40.0,22.35,0,72.37581768464354,2.161780131555237,1.0,s4_narrow_passage_medium,M7,30,2.8,1.2,1.6,sweep
False,17.5,0.8976472093126706,0.29762110867728436,True,92.11566686314411,678.6816533554215,0.02725759467332501,72.03979872001513,0.08062536665319937,0.6350495207235707,4.557698081660729e-05,4.557698081660729e-05,123.35130587526564,0,0.0,True,True,True,False,True,False,False,True,True,True,False,2.1649504792764294,False,False,23.75,23.200000000000003,23.75,20.150000000000002,40.0,22.55,0,72.30608832341913,2.1617902945280165,1.0,s4_narrow_passage_medium,M7,31,2.8,1.2,1.6,sweep
False,17.75,0.9001402627213022,0.2906858882183793,True,91.93087783511811,780.29865295651,0.030378693300041615,72.10306908846671,0.07284189580061275,0.6413469320332155,0.006582980094233491,0.006582980094233491,123.46952450064573,0,0.0,True,True,True,False,True,False,False,True,True,True,False,2.1586530679667844,False,False,24.3,23.85,24.3,20.400000000000002,40.0,22.3,0,72.41285356505394,2.1617561738371363,1.0,s4_narrow_passage_medium,M7,32,2.8,1.2,1.6,sweep
False,17.85,0.9202201529427081,0.29026955020912903,True,91.89569188749786,668.3893343432992,0.028089887640449437,72.00423981523392,0.0806334856950754,0.6350432118051405,8.434836879759684e-05,8.434836879759684e-05,123.55732703537387,0,0.0,True,True,True,False,True,False,False,True,True,True,False,2.1649567881948593,False,False,24.400000000000002,24.0,24.400000000000002,20.5,40.0,22.200000000000003,0,72.37058409057099,2.1617946223460187,1.0,s4_narrow_passage_medium,M7,33,2.8,1.2,1.6,sweep
False,17.650000000000002,0.8877672644077668,0.29082477031902576,True,91.70334783952926,654.5779887479083,0.02850603412401165,72.03580822530206,0.08060615240265355,0.6350643976958367,0.00011392891128955354,0.00011392891128955354,123.07950930700245,0,0.0,True,True,True,False,True,False,False,True,True,True,False,2.1649356023041633,False,False,24.150000000000002,23.75,24.150000000000002,20.3,40.0,22.400000000000002,0,72.34947621512646,2.1617877809290307,1.0,s4_narrow_passage_medium,M7,34,2.8,1.2,1.6,sweep
False,17.7,0.9139978191855149,0.29043055739715345,True,91.85134461960169,783.7050026776637,0.030378693300041615,72.03862960317474,0.07280658098179092,0.6413780325424256,0.006263217709761869,0.006263217709761869,123.43811388665503,0,0.0,True,True,True,False,True,False,False,True,True,True,False,2.158621967457574,False,False,24.25,23.85,24.25,20.400000000000002,40.0,22.35,0,72.41550965747857,2.161758885009384,1.0,s4_narrow_passage_medium,M7,35,2.8,1.2,1.6,sweep
False,17.8,0.9293632256075519,0.2917578905475256,True,91.79330134715151,787.8548265028694,0.029546400332917187,72.00333825423051,0.08062491854699995,0.6350503717745943,9.12951249826883e-05,9.12951249826883e-05,123.51705928129721,0,0.0,True,True,True,False,True,False,False,True,True,True,False,2.1649496282254055,False,False,23.8,23.75,23.8,20.450000000000003,40.0,22.25,0,72.40657250600452,2.161770177752268,1.0,s4_narrow_passage_medium,M7,36,2.8,1.2,1.6,sweep
True,17.8,0.9980360805882726,0.3556340090212245,False,92.24241175850804,689.9759493336751,0.027049521431543905,72.12271059112398,0.07284081311488916,0.641345819187608,0.006495880103543613,0.006495880103543613,124.06353149743053,0,0.0,True,True,True,False,True,True,False,False,True,True,True,2.158654180812392,False,True,23.400000000000002,23.400000000000002,23.400000000000002,20.450000000000003,40.0,22.25,0,72.35843136189376,2.1617911267836845,1.0,s4_narrow_passage_medium,M7,37,2.8,1.2,1.6,sweep
False,17.8,0.9619186640625228,0.2952243547798741,True,91.79161344454349,764.0129130344338,0.03641281731169372,71.99963925825162,0.08064008556219579,0.6350379644474847,8.960023826323475e-05,8.960023826323475e-05,123.61733693605873,0,0.0,True,True,True,False,True,False,False,True,True,True,False,2.164962035552515,False,False,24.200000000000003,23.6,24.200000000000003,20.5,40.0,22.25,0,72.38791083505558,2.1617818833423565,1.0,s4_narrow_passage_medium,M7,38,2.8,1.2,1.6,sweep
False,17.85,0.8686345545598912,0.29509601892770615,True,92.57068215458176,747.2614031422966,0.03911776945484811,72.05000925230769,0.07282177333472377,0.6413643722563515,0.00628127362074853,0.00628127362074853,124.21221177568725,0,0.0,True,True,True,False,True,False,False,True,True,True,False,2.1586356277436485,False,False,23.75,23.75,23.75,20.55,40.0,22.200000000000003,0,72.38616469826165,2.1617729117494418,1.0,s4_narrow_passage_medium,M7,39,2.8,1.2,1.6,sweep
False,18.150000000000002,0.8899959770985608,0.302387146661907,True,92.05683128844706,721.9648862975316,0.035164377861007075,72.01620351024751,0.10207827398608527,0.7144285031394095,0.0003054002004532092,0.0003054002004532092,124.08407011931394,0,0.0,True,True,True,False,True,False,False,True,True,True,False,2.0855714968605903,False,False,23.85,23.75,23.85,20.6,40.0,21.900000000000002,0,72.4882021420231,2.0823909504083193,1.0,s4_narrow_passage_medium,M7,10,2.8,1.2,1.8,sweep
False,18.25,0.9769260575529237,0.3010619456976069,True,91.50878990675358,726.1757030502865,0.029754473574698292,72.04988778241527,0.10204017165153573,0.7144544369079041,0.00040015953100201783,0.00040015953100201783,123.74874339608664,0,0.0,True,True,True,False,True,False,False,True,True,True,False,2.085545563092096,False,False,23.85,23.75,23.85,20.700000000000003,40.0,21.8,0,72.50913043200269,2.0823892633107692,1.0,s4_narrow_passage_medium,M7,11,2.8,1.2,1.8,sweep
False,18.2,0.8250834365844824,0.31307621458160756,True,92.36309725936677,751.6527883620129,0.04223886808156471,72.03351946873138,0.09324253118351945,0.7207626961692961,0.006063289410772306,0.006063289410772306,124.24899301756551,0,0.0,True,True,True,False,True,False,False,True,True,True,False,2.0792373038307037,False,False,23.8,23.450000000000003,23.8,20.650000000000002,40.0,21.85,0,72.61369644426871,2.0823742107277656,1.0,s4_narrow_passage_medium,M7,12,2.8,1.2,1.8,sweep
False,18.05,0.9241485391354416,0.3023148577896198,True,91.633665295322,823.4045706643351,0.0239284228048273,72.03032994365648,0.10204894353756506,0.7144496944117676,0.0005337566382340782,0.0005337566382340782,123.79884240003761,0,0.0,True,True,True,False,True,False,False,True,True,True,False,2.085550305588232,False,False,23.55,23.450000000000003,23.55,20.55,40.0,22.0,0,72.47485709657253,2.0823783270112175,1.0,s4_narrow_passage_medium,M7,13,2.8,1.2,1.8,sweep
False,17.8,0.8083615938849233,0.3009857017579391,True,92.12038937832764,706.5532006056524,0.026217228464419477,72.0589763028652,0.0932654212965185,0.720744263370268,0.006295355247593374,0.006295355247593374,123.63780977120693,0,0.0,True,True,True,False,True,False,False,True,True,True,False,2.0792557366297317,False,False,23.400000000000002,23.200000000000003,23.400000000000002,20.3,40.0,22.25,0,72.41867787234543,2.082380299690499,1.0,s4_narrow_passage_medium,M7,14,2.8,1.2,1.8,sweep
False,18.25,0.9119379143251345,0.29522945870773043,True,91.66917614923992,779.467255548961,0.03641281731169372,72.10788884853254,0.09326281921858716,0.7207449839198897,0.0067845613665581655,0.0067845613665581655,124.07312189333562,0,0.0,True,True,True,False,True,False,False,True,True,True,False,2.07925501608011,False,False,24.200000000000003,23.85,24.200000000000003,20.75,40.0,21.8,0,72.48917704287197,2.082359145641812,1.0,s4_narrow_passage_medium,M7,15,2.8,1.2,1.8,sweep
False,18.05,0.9015484947495043,0.3198980405599904,True,91.78594768842976,795.5492105160718,0.03162713275072826,72.02943124883481,0.09321651406647717,0.7207827929860522,0.006684600784549049,0.006684600784549049,124.14903599139585,0,0.0,True,True,True,False,True,False,False,True,True,True,False,2.0792172070139476,False,False,23.400000000000002,23.3,23.400000000000002,20.55,40.0,22.0,0,72.44151000695436,2.082526848275779,1.0,s4_narrow_passage_medium,M7,16,2.8,1.2,1.8,sweep
False,18.05,0.8717898735102592,0.302945817859787,True,92.36835435337315,760.0750869767146,0.03828547648772368,72.01873889440816,0.09323791613918336,0.7207674364460478,0.006043160019226293,0.006043160019226293,124.19586554603103,0,0.0,True,True,True,False,True,False,False,True,True,True,False,2.079232563553952,False,False,23.6,23.400000000000002,23.6,20.5,40.0,22.0,0,72.45001758481517,2.082374973588266,1.0,s4_narrow_passage_medium,M7,17,2.8,1.2,1.8,sweep
False,18.25,0.9742165357187342,0.2971910111253632,True,91.47450641519949,731.6765665627721,0.032251352476071575,72.03993557576668,0.09322332346294797,0.7207766052595197,0.006620671129171585,0.006620671129171585,123.81288047524474,0,0.0,True,True,True,False,True,False,False,True,True,True,False,2.07922339474048,False,False,24.35,23.75,24.35,20.75,40.0,21.8,0,72.52395565265537,2.0823716584702905,1.0,s4_narrow_passage_medium,M7,18,2.8,1.2,1.8,sweep
False,17.8,0.8204879618676146,0.30234513151198894,True,91.22091428795534,639.5691075084959,0.03537245110278818,83.67890008753417,0.13741559951761914,0.6885966797997994,0.024945477274788706,0.024945477274788706,123.90377860683239,0,0.0,True,True,True,False,True,False,False,True,True,True,False,2.1114033202002003,False,False,23.85,23.05,23.85,20.3,40.0,22.25,0,84.27825280446899,2.114033595969842,1.0,s4_narrow_passage_medium,M7,19,2.8,1.2,1.8,sweep
False,18.150000000000002,0.986476144804936,0.3017082660987386,True,91.83604955258718,730.874485220161,0.027049521431543905,72.02046123684855,0.10208017659180967,0.7144270068058908,0.000354997036913969,0.000354997036913969,124.10545623840011,0,0.0,True,True,True,False,True,False,False,True,True,True,False,2.085572993194109,False,False,23.75,23.55,23.75,20.650000000000002,40.0,21.900000000000002,0,72.50648619374506,2.082390309981266,1.0,s4_narrow_passage_medium,M7,20,2.8,1.2,1.8,sweep
False,18.35,0.9195603328512869,0.3127952225241216,True,92.38781795907607,776.8940677558985,0.027049521431543905,72.05699121439267,0.09323057227025468,0.7207702715419989,0.006631653112793057,0.006631653112793057,124.54315931686429,0,0.0,True,True,True,False,True,False,False,True,True,True,False,2.079229728458001,False,False,24.200000000000003,23.700000000000003,24.200000000000003,20.85,40.0,21.700000000000003,0,72.50258652168472,2.0823612445535207,1.0,s4_narrow_passage_medium,M7,21,2.8,1.2,1.8,sweep
False,18.05,0.9433300579132056,0.3100281143677202,True,91.92341879862325,764.5229652948079,0.026841448189762796,72.03317605862163,0.10204023137630609,0.7144543278659633,0.000421844190380928,0.000421844190380928,123.96725628781874,0,0.0,True,True,True,False,True,False,False,True,True,True,False,2.0855456721340366,False,False,23.650000000000002,23.650000000000002,23.650000000000002,20.55,40.0,22.0,0,72.43922415806655,2.0823863135778744,1.0,s4_narrow_passage_medium,M7,22,2.8,1.2,1.8,sweep
False,17.400000000000002,0.8070618892119763,0.29311148411446614,True,92.25289248418412,674.2279440665372,0.04848106533499792,72.12362491952439,0.0932732854175647,0.7207365181617226,0.006627285161081836,0.006627285161081836,122.92843799361953,0,0.0,True,True,True,False,True,False,False,True,True,True,False,2.0792634818382774,False,False,23.85,23.25,23.85,20.0,40.0,22.650000000000002,0,72.36314594903155,2.082385640242551,1.0,s4_narrow_passage_medium,M7,23,2.8,1.2,1.8,sweep
False,18.05,0.8503442583551493,0.3143659090110101,True,92.24303605466265,747.6850306654302,0.028922180607573865,72.01172882047591,0.10207276184284332,0.714432131695763,0.0003685432656822425,0.0003685432656822425,124.17551757369363,0,0.0,True,True,True,False,True,False,False,True,True,True,False,2.0855678683042367,False,False,23.55,23.450000000000003,23.55,20.6,40.0,22.0,0,72.45794559478614,2.082387970202413,1.0,s4_narrow_passage_medium,M7,24,2.8,1.2,1.8,sweep
False,17.900000000000002,0.7606128270494057,0.3128211504332356,True,92.65519123204393,705.4236638313332,0.038077403245942575,72.06311323111555,0.09325667521672308,0.7207518032775649,0.006118087811252872,0.006118087811252872,124.19609259933858,0,0.0,True,True,True,False,True,False,False,True,True,True,False,2.079248196722435,False,False,23.1,23.1,23.1,20.35,40.0,22.150000000000002,0,72.44802633847615,2.082384081466837,1.0,s4_narrow_passage_medium,M7,25,2.8,1.2,1.8,sweep
False,17.75,0.7807350717706043,0.31721452349658386,True,92.37745399152276,714.8173237177795,0.04244694132334582,71.98775203195201,0.10207760246468538,0.7144284311410822,0.0003155890258441758,0.0003155890258441758,123.88548783241816,0,0.0,True,True,True,False,True,False,False,True,True,True,False,2.0855715688589176,False,False,24.450000000000003,23.05,24.450000000000003,20.25,40.0,22.3,0,72.47136379357875,2.0823916771366915,1.0,s4_narrow_passage_medium,M7,26,2.8,1.2,1.8,sweep
False,18.0,0.9930064030662671,0.30192748582125717,True,91.798081518689,722.8453694468361,0.02039117769454848,72.0838361870389,0.09326143290024251,0.7207453099417854,0.006709062310393481,0.006709062310393481,123.73002448972069,0,0.0,True,True,True,False,True,False,False,True,True,True,False,2.0792546900582143,False,False,23.6,23.5,23.6,20.450000000000003,40.0,22.05,0,72.45891077023943,2.0823773759450335,1.0,s4_narrow_passage_medium,M7,27,2.8,1.2,1.8,sweep
False,18.150000000000002,0.9760032662567453,0.3219258618845316,True,91.85868533948408,750.2274860700757,0.024136496046608405,72.02485565270625,0.09323618136269189,0.7207683107787792,0.006044712204469062,0.006044712204469062,124.17862481432783,0,0.0,True,True,True,False,True,False,False,True,True,True,False,2.0792316892212206,False,False,23.5,23.400000000000002,23.5,20.650000000000002,40.0,21.900000000000002,0,72.4234951537521,2.082412913336741,1.0,s4_narrow_passage_medium,M7,28,2.8,1.2,1.8,sweep
False,18.2,0.9312308704708807,0.3004369244015914,True,91.68323229867876,718.7158021216982,0.03162713275072826,72.02824108122657,0.10202441656244761,0.7144655873024046,0.00038212000218015195,0.00038212000218015195,123.89466078716855,0,0.0,True,True,True,False,True,False,False,True,True,True,False,2.085534412697595,False,False,23.85,23.75,23.85,20.700000000000003,40.0,21.85,0,72.50627571877244,2.08238935948745,1.0,s4_narrow_passage_medium,M7,29,2.8,1.2,1.8,sweep
False,18.05,0.9350821538529079,0.2994114455080858,True,92.21857192770997,703.7449756355734,0.029130253849354974,72.03390288000644,0.09322668634079002,0.7207746749345124,0.006102371046858751,0.006102371046858751,124.00248116190645,0,0.0,True,True,True,False,True,False,False,True,True,True,False,2.0792253250654875,False,False,24.200000000000003,23.55,24.200000000000003,20.55,40.0,22.0,0,72.47479373493206,2.082375120894434,1.0,s4_narrow_passage_medium,M7,30,2.8,1.2,1.8,sweep
False,17.900000000000002,0.9855858257967818,0.3011496335022808,True,91.6687239812021,697.786426004142,0.024968789013732832,72.02512142401763,0.10203396058252977,0.7144588330037637,0.00033431324933528184,0.00033431324933528184,123.53502890360264,0,0.0,True,True,True,False,True,False,False,True,True,True,False,2.085541166996236,False,False,23.55,23.450000000000003,23.55,20.400000000000002,40.0,22.150000000000002,0,72.44965020655036,2.0823931826600695,1.0,s4_narrow_passage_medium,M7,31,2.8,1.2,1.8,sweep
False,18.150000000000002,0.9556568848290861,0.29347294464365337,True,91.81906545912693,709.5275578182096,0.02725759467332501,72.08717222601501,0.09324714999059878,0.7207566468970911,0.006607731367658692,0.006607731367658692,123.84837647310829,0,0.0,True,True,True,False,True,False,False,True,True,True,False,2.0792433531029086,False,False,24.450000000000003,23.900000000000002,24.450000000000003,20.650000000000002,40.0,21.900000000000002,0,72.46838192142107,2.082369628647779,1.0,s4_narrow_passage_medium,M7,32,2.8,1.2,1.8,sweep
False,18.0,0.8310067817999156,0.30627899393882196,True,92.1557288111196,771.5463701976915,0.03433208489388265,72.10513133756427,0.09328363969594289,0.7207279627826303,0.006645503073541818,0.006645503073541818,123.95494191568812,0,0.0,True,True,True,False,True,False,False,True,True,True,False,2.0792720372173696,False,False,23.900000000000002,23.5,23.900000000000002,20.5,40.0,22.05,0,72.4277572556182,2.0823640966128765,1.0,s4_narrow_passage_medium,M7,33,2.8,1.2,1.8,sweep
False,18.05,0.9651339987583312,0.29449147526854563,True,91.64311383945049,716.1973151462994,0.023096129837702872,72.07314548836021,0.09327225996478694,0.7207399514182979,0.006057770525438392,0.006057770525438392,123.59881319048783,0,0.0,True,True,True,False,True,False,False,True,True,True,False,2.079260048581702,False,False,23.900000000000002,23.700000000000003,23.900000000000002,20.55,40.0,22.0,0,72.45883526653346,2.0823757868562596,1.0,s4_narrow_passage_medium,M7,34,2.8,1.2,1.8,sweep
False,18.0,0.9025127059370248,0.29676628370112135,True,91.87642066526104,824.4255047810192,0.03079483978360383,72.0001535276587,0.1020383774426345,0.7144568687266806,0.0007056446171527787,0.0007056446171527787,123.9555787431639,0,0.0,True,True,True,False,True,False,False,True,True,True,False,2.0855431312733193,False,False,23.950000000000003,23.650000000000002,23.950000000000003,20.5,40.0,22.05,0,72.4896445317268,2.0823758607862186,1.0,s4_narrow_passage_medium,M7,35,2.8,1.2,1.8,sweep
False,18.2,0.9633845277817426,0.3152646012552207,True,91.80337125213697,751.1278236589098,0.028297960882230546,72.03120231926317,0.1020381234815166,0.7144563167678308,0.00029879315822170006,0.00029879315822170006,124.16381883182763,0,0.0,True,True,True,False,True,False,False,True,True,True,False,2.085543683232169,False,False,23.950000000000003,23.450000000000003,23.950000000000003,20.650000000000002,40.0,21.85,0,72.45649504251487,2.082398675780162,1.0,s4_narrow_passage_medium,M7,36,2.8,1.2,1.8,sweep
False,18.150000000000002,0.9956228989157763,0.3032281532945184,True,91.80133671128368,707.4980915572835,0.028297960882230546,72.00358554678616,0.10203284125696739,0.7144597151640296,0.00037508946203397244,0.00037508946203397244,123.99851333604123,0,0.0,True,True,True,False,True,False,False,True,True,True,False,2.0855402848359703,False,False,23.55,23.55,23.55,20.650000000000002,40.0,21.900000000000002,0,72.50062579905061,2.0823900614533524,1.0,s4_narrow_passage_medium,M7,37,2.8,1.2,1.8,sweep
False,18.2,0.9619043797092093,0.3005546803832375,True,91.53535842933263,741.653902341752,0.0328755722014149,72.00285046074937,0.10203434798588078,0.7144592005997251,0.0003323643557897069,0.0003323643557897069,123.831242859698,0,0.0,True,True,True,False,True,False,False,True,True,True,False,2.085540799400275,False,False,24.150000000000002,23.75,24.150000000000002,20.700000000000003,40.0,21.85,0,72.49835694204167,2.082389643569265,1.0,s4_narrow_passage_medium,M7,38,2.8,1.2,1.8,sweep
False,18.25,0.8813296267630395,0.2982093739217959,True,92.20319637975284,753.1183276433271,0.0357885975863504,72.01894724698873,0.10207222374419384,0.7144327135209488,0.0003492767254251139,0.0003492767254251139,124.33235713309293,0,0.0,True,True,True,False,True,False,False,True,True,True,False,2.085567286479051,False,False,24.05,23.650000000000002,24.05,20.700000000000003,40.0,21.8,0,72.5127544434108,2.082389045153682,1.0,s4_narrow_passage_medium,M7,39,2.8,1.2,1.8,sweep
False,17.05,0.6883147348813263,0.29656594830838295,True,93.08621079725181,670.5913549830295,0.04390345401581357,72.11261362374916,0.06236999366377129,0.5964070285545939,0.006364200410103302,0.006364200410103302,123.42844325531777,0,0.0,True,True,True,False,True,False,False,True,True,True,False,2.203592971445406,False,False,23.900000000000002,23.5,23.900000000000002,19.900000000000002,40.0,23.0,0,72.17967762707018,2.2067547807504675,1.0,s4_narrow_passage_medium,M7,10,2.8,1.4,1.4,sweep
False,17.05,0.7584215130009386,0.3230701937644848,True,93.00865231187593,765.7380613003363,0.04431960049937578,72.06957820091132,0.062370605540677256,0.5964089763239587,0.0063369260951817346,0.0063369260951817346,123.49131629316759,0,0.0,True,True,True,False,True,False,False,True,True,True,False,2.203591023676041,False,False,23.85,23.150000000000002,23.85,19.900000000000002,40.0,23.0,0,72.20836301122152,2.206752153188582,1.0,s4_narrow_passage_medium,M7,11,2.8,1.4,1.4,sweep
False,17.1,0.7901384535247724,0.32833978403796765,True,93.83091844109686,826.753974453715,0.04848106533499792,72.07856076377647,0.06959269714353526,0.5900992075470488,0.00010661569491409611,0.00010661569491409611,124.03534189278075,0,0.0,True,True,True,False,True,False,False,True,True,True,False,2.209900792452951,False,False,24.1,23.1,24.1,19.900000000000002,40.0,22.950000000000003,0,72.25417631921316,2.206739367589832,1.0,s4_narrow_passage_medium,M7,12,2.8,1.4,1.4,sweep
False,16.85,0.736901317940071,0.3028131448996647,True,93.39493932890069,736.2283708502547,0.044735746982937995,72.11591943893431,0.0695914664536159,0.5901018449429253,8.079479918419339e-05,8.079479918419339e-05,123.59297510746,0,0.0,True,True,True,False,True,False,False,True,True,True,False,2.2098981550570747,False,False,23.3,23.200000000000003,23.3,19.700000000000003,40.0,23.200000000000003,0,72.19204457829545,2.206757593671502,1.0,s4_narrow_passage_medium,M7,13,2.8,1.4,1.4,sweep
False,16.85,0.70416942576939,0.32825940332976494,True,93.71227739681359,741.2979716710306,0.03828547648772368,72.20621528157845,0.062408458015081186,0.5963673281791853,0.006396787480123779,0.006396787480123779,123.81415594547467,0,0.0,True,True,True,False,True,False,False,True,True,True,False,2.203632671820815,False,False,23.25,23.0,23.25,19.75,40.0,23.200000000000003,0,72.1925926238675,2.206754520955644,1.0,s4_narrow_passage_medium,M7,14,2.8,1.4,1.4,sweep
False,17.2,0.8316221380725752,0.3055681866877237,True,93.34907741508056,759.7905307283559,0.049521431543903455,72.08683891207616,0.062420313682695676,0.5963632290733203,0.006315197890368068,0.006315197890368068,124.16955283665332,0,0.0,True,True,True,False,True,False,False,True,True,True,False,2.2036367709266793,False,False,23.950000000000003,23.35,23.950000000000003,20.1,40.0,22.85,0,72.22073123581109,2.2067506473986374,1.0,s4_narrow_passage_medium,M7,15,2.8,1.4,1.4,sweep
False,17.0,0.7552444569104402,0.3039234109475809,True,93.31927848510236,763.835758365424,0.04265501456512692,72.05009860821617,0.06240113138031009,0.5963819734066633,0.006303313317432215,0.006303313317432215,123.84304807646177,0,0.0,True,True,True,False,True,False,False,True,True,True,False,2.2036180265933365,False,False,23.650000000000002,23.25,23.650000000000002,19.85,40.0,23.05,0,72.21070736401192,2.2067530145391583,1.0,s4_narrow_passage_medium,M7,16,2.8,1.4,1.4,sweep
False,17.0,0.8272753178453864,0.3102672846729007,True,94.15300736601083,748.4822364920601,0.04931335830212235,72.03161628319086,0.062370765015009294,0.5964103088556773,0.006320823245610044,0.006320823245610044,124.14286723223898,0,0.0,True,True,True,False,True,False,False,True,True,True,False,2.2035896911443227,False,False,23.450000000000003,23.05,23.450000000000003,19.8,40.0,23.05,0,72.17773591863785,2.2067497864083863,1.0,s4_narrow_passage_medium,M7,17,2.8,1.4,1.4,sweep
False,17.3,0.8356897821358296,0.3023056283030444,True,93.05574795427738,741.5019218774447,0.04577611319184353,72.25056594335426,0.06240331455711085,0.59637070301774,0.006432389458813428,0.006432389458813428,123.90000628530493,0,0.0,True,True,True,False,True,False,False,True,True,True,False,2.20362929698226,False,False,23.650000000000002,23.55,23.650000000000002,20.150000000000002,40.0,22.75,0,72.22639986384924,2.2067507983824934,1.0,s4_narrow_passage_medium,M7,18,2.8,1.4,1.4,sweep
False,16.95,0.7094182934855031,0.2995893219461589,True,93.4345864942935,719.9927727430013,0.0449438202247191,72.00613498321933,0.06961991605255613,0.5900769002830814,5.3595405470708784e-05,5.3595405470708784e-05,123.69404522994229,0,0.0,True,True,True,False,True,False,False,True,True,True,False,2.2099230997169186,False,False,23.200000000000003,23.200000000000003,23.200000000000003,19.8,40.0,23.1,0,72.181694078237,2.206757022646787,1.0,s4_narrow_passage_medium,M7,19,2.8,1.4,1.4,sweep
False,17.0,0.778587372347525,0.3298926165582838,True,93.92857939324705,770.4071027098607,0.047648772367873495,72.00051370443833,0.06960278677037415,0.5900919062437134,1.9593240526924485e-05,1.9593240526924485e-05,124.17128799662021,0,0.0,True,True,True,False,True,False,False,True,True,True,False,2.2099080937562863,False,False,23.0,23.0,23.0,19.85,40.0,23.05,0,72.21849534605934,2.20675719286192,1.0,s4_narrow_passage_medium,M7,20,2.8,1.4,1.4,sweep
False,17.3,0.8238681638196128,0.3223910563336306,True,93.21623393495275,746.2345629632111,0.04411152725759467,72.09459543801853,0.06961061431516744,0.5900845940774097,7.415277708438446e-05,7.415277708438446e-05,124.11145764113236,0,0.0,True,True,True,False,True,False,False,True,True,True,False,2.2099154059225903,False,False,24.1,23.400000000000002,24.1,20.150000000000002,40.0,22.75,0,72.22589481937374,2.2067567977655638,1.0,s4_narrow_passage_medium,M7,21,2.8,1.4,1.4,sweep
False,16.75,0.7220528821558931,0.29905325599993,True,93.94007978781016,732.1014687036527,0.04535996670828132,72.25191284107325,0.06957798617688687,0.5901140136510764,0.0001794826753215655,0.0001794826753215655,123.89957517448677,0,0.0,True,True,True,False,True,False,False,True,True,True,False,2.2098859863489233,False,False,23.450000000000003,23.0,23.450000000000003,19.650000000000002,40.0,23.3,0,72.18550966963633,2.2067574840682824,1.0,s4_narrow_passage_medium,M7,22,2.8,1.4,1.4,sweep
False,16.7,0.7352255468070059,0.3027018881021703,True,93.95407813647283,726.0937044881938,0.04681647940074907,72.02167767216635,0.062357404413946306,0.5964254594132797,0.006291036644239088,0.006291036644239088,123.82162772032555,0,0.0,True,True,True,False,True,False,False,True,True,True,False,2.20357454058672,False,False,23.150000000000002,23.05,23.150000000000002,19.650000000000002,40.0,23.35,0,72.17741079285159,2.2067553204158066,1.0,s4_narrow_passage_medium,M7,23,2.8,1.4,1.4,sweep
False,16.900000000000002,0.6923463208464742,0.3147579883930116,True,93.93027186264317,792.9865461186519,0.054723262588431125,72.04027226999133,0.06236322851591581,0.596420658723897,0.006277882759194128,0.006277882759194128,124.12302241096404,0,0.0,True,True,True,False,True,False,False,True,True,True,False,2.203579341276103,False,False,23.75,23.05,23.75,19.8,40.0,23.150000000000002,0,72.20907221071582,2.20675427093869,1.0,s4_narrow_passage_medium,M7,24,2.8,1.4,1.4,sweep
False,17.150000000000002,0.8583873135051217,0.30122910982343454,True,93.69127957034812,773.9302482478611,0.03974198918019143,72.05547257691065,0.06235768621759485,0.5964199167292973,0.006359519555802303,0.006359519555802303,124.40518461242286,0,0.0,True,True,True,False,True,False,False,True,True,True,False,2.2035800832707024,False,False,23.450000000000003,23.450000000000003,23.450000000000003,20.05,40.0,22.900000000000002,0,72.21628652229992,2.206751849496947,1.0,s4_narrow_passage_medium,M7,25,2.8,1.4,1.4,sweep
False,16.95,0.7604150861424734,0.32545685193997625,True,93.74282800356127,733.0463839076734,0.047648772367873495,72.0968358391448,0.06960673175580125,0.5900878622271812,5.680493319193766e-05,5.680493319193766e-05,123.94837019396626,0,0.0,True,True,True,False,True,False,False,True,True,True,False,2.2099121377728186,False,False,23.400000000000002,23.0,23.400000000000002,19.8,40.0,23.1,0,72.18182934024323,2.206757822292663,1.0,s4_narrow_passage_medium,M7,26,2.8,1.4,1.4,sweep
False,16.85,0.7775363591841875,0.31810680147577675,True,93.51361508786692,745.5368172105004,0.03974198918019143,72.05814536623542,0.0696284818303877,0.5900699155958877,1.829031072251763e-05,1.829031072251763e-05,123.7247554235998,0,0.0,True,True,True,False,True,False,False,True,True,True,False,2.209930084404112,False,False,23.8,23.200000000000003,23.8,19.75,40.0,23.200000000000003,0,72.19199022602662,2.2067577773160436,1.0,s4_narrow_passage_medium,M7,27,2.8,1.4,1.4,sweep
False,17.05,0.7142272079965883,0.30460493209560113,True,93.54985032805223,759.5718816587109,0.0357885975863504,72.00336673088849,0.0696303786581257,0.5900683078904667,5.40356473197075e-05,5.40356473197075e-05,124.00689603736726,0,0.0,True,True,True,False,True,False,False,True,True,True,False,2.2099316921095333,False,False,23.700000000000003,23.3,23.700000000000003,19.900000000000002,40.0,23.0,0,72.20469868865717,2.2067574864528847,1.0,s4_narrow_passage_medium,M7,28,2.8,1.4,1.4,sweep
False,17.1,0.7193318460872689,0.3004081291843455,True,92.91417063776008,692.5115761808964,0.04411152725759467,72.08487670199979,0.06237506502136372,0.5964023592209373,0.0063601657782729306,0.0063601657782729306,123.3158603524598,0,0.0,True,True,True,False,True,False,False,True,True,True,False,2.2035976407790625,False,False,23.55,23.400000000000002,23.55,19.950000000000003,40.0,22.950000000000003,0,72.19645342808528,2.2067561052222437,1.0,s4_narrow_passage_medium,M7,29,2.8,1.4,1.4,sweep
False,16.95,0.7924067157916441,0.33107328639931566,True,94.20839281170855,728.0526627067438,0.04223886808156471,71.9907437793111,0.06962738810735652,0.5900708074471781,5.22916474022832e-05,5.22916474022832e-05,124.21800567123026,0,0.0,True,True,True,False,True,False,False,True,True,True,False,2.2099291925528215,False,False,23.0,23.0,23.0,19.8,40.0,23.1,0,72.15771136179548,2.2067561097668102,1.0,s4_narrow_passage_medium,M7,30,2.8,1.4,1.4,sweep
False,16.650000000000002,0.7521121390165899,0.29966411507093255,True,93.57231338413837,713.8253054054843,0.04390345401581357,72.02715484242036,0.06958328406911073,0.5901083357366285,2.8315052584183606e-05,2.8315052584183606e-05,123.35484324856405,0,0.0,True,True,True,False,True,False,False,True,True,True,False,2.2098916642633712,False,False,23.200000000000003,23.0,23.200000000000003,19.5,40.0,23.400000000000002,0,72.16556279854653,2.2067590791495206,1.0,s4_narrow_passage_medium,M7,31,2.8,1.4,1.4,sweep
False,17.0,0.783635514847796,0.32831356499773157,True,94.06668261659973,752.8430271827185,0.04848106533499792,72.13142169545097,0.062393337299349684,0.5963842575451387,0.006366627722998647,0.006366627722998647,124.19695597739545,0,0.0,True,True,True,False,True,False,False,True,True,True,False,2.2036157424548612,False,False,23.35,23.1,23.35,19.8,40.0,23.05,0,72.1842579108307,2.206752293562227,1.0,s4_narrow_passage_medium,M7,32,2.8,1.4,1.4,sweep
False,17.25,0.7795016656498504,0.3168427111460115,True,93.18449543323426,758.9765059262079,0.0359966708281315,72.0784001737316,0.0696227516647663,0.5900744992626205,7.371640225458692e-05,7.371640225458692e-05,124.1384975374333,0,0.0,True,True,True,False,True,False,False,True,True,True,False,2.2099255007373793,False,False,24.1,23.5,24.1,20.150000000000002,40.0,22.8,0,72.2220517628034,2.2067569248605245,1.0,s4_narrow_passage_medium,M7,33,2.8,1.4,1.4,sweep
False,17.0,0.7964050447970241,0.3083988909453496,True,92.45839620976565,672.268894159246,0.03974198918019143,72.03324180940422,0.06239967693146886,0.5963832242463276,0.00631934479044163,0.00631934479044163,122.92217330605521,0,0.0,True,True,True,False,True,False,False,True,True,True,False,2.203616775753672,False,False,23.150000000000002,23.150000000000002,23.150000000000002,19.950000000000003,40.0,23.05,0,72.19200688189717,2.2067543069830267,1.0,s4_narrow_passage_medium,M7,34,2.8,1.4,1.4,sweep
False,16.85,0.8508168779810956,0.30423771185922294,True,93.6073536859413,759.3922846713589,0.04577611319184353,72.01800545328227,0.06959466920269139,0.5900987376601174,1.8846166822412447e-05,1.8846166822412447e-05,123.84241031080771,0,0.0,True,True,True,False,True,False,False,True,True,True,False,2.2099012623398826,False,False,23.1,23.0,23.1,19.700000000000003,40.0,23.200000000000003,0,72.1837040534726,2.2067582396852803,1.0,s4_narrow_passage_medium,M7,35,2.8,1.4,1.4,sweep
False,17.0,0.705922117179772,0.2978252600931898,True,93.34873439004014,747.4049046310195,0.04848106533499792,72.05735046708482,0.06961769811510628,0.5900787325281259,9.13570928619206e-05,9.13570928619206e-05,123.69991392099928,0,0.0,True,True,True,False,True,False,False,True,True,True,False,2.209921267471874,False,False,23.3,23.3,23.3,19.85,40.0,23.05,0,72.22064066724151,2.20675586850452,1.0,s4_narrow_passage_medium,M7,36,2.8,1.4,1.4,sweep
False,17.150000000000002,0.7749065399628858,0.29681348806352875,True,92.83812343860244,697.1006518956401,0.04161464835622139,72.11702689819589,0.06245590614780586,0.5963293760695804,0.006299034219399645,0.006299034219399645,123.34992287825925,0,0.0,True,True,True,False,True,False,False,True,True,True,False,2.2036706239304196,False,False,24.0,23.6,24.0,20.0,40.0,22.900000000000002,0,72.20282857491168,2.2067532505844514,1.0,s4_narrow_passage_medium,M7,37,2.8,1.4,1.4,sweep
False,17.150000000000002,0.8195731594797289,0.3051242985570482,True,93.12677228362773,770.5402150784814,0.04910528506034124,72.04624540327598,0.06960724157824759,0.5900874927893277,4.7668775688140644e-05,4.7668775688140644e-05,123.74319062998507,0,0.0,True,True,True,False,True,False,False,True,True,True,False,2.2099125072106722,False,False,23.5,23.3,23.5,20.05,40.0,22.900000000000002,0,72.21348250301014,2.2067572144896896,1.0,s4_narrow_passage_medium,M7,38,2.8,1.4,1.4,sweep
False,17.2,0.768047507350351,0.32262309446073684,True,93.85252066370354,774.6880533174914,0.049521431543903455,72.05993797439405,0.06238766678172142,0.5963978882171926,0.006275994740699417,0.006275994740699417,124.27459088188456,0,0.0,True,True,True,False,True,False,False,True,True,True,False,2.203602111782807,False,False,23.85,23.450000000000003,23.85,20.0,40.0,22.85,0,72.20962334783057,2.2067508694709765,1.0,s4_narrow_passage_medium,M7,39,2.8,1.4,1.4,sweep
False,17.400000000000002,0.7258796878575817,0.32453814295318734,True,93.20488818248947,742.8028280307324,0.0478568456096546,72.0749723569716,0.09094281690964394,0.6743937467114515,0.00010281270225898498,0.00010281270225898498,124.03339928873504,0,0.0,True,True,True,False,True,False,False,True,True,True,False,2.1256062532885482,False,False,23.200000000000003,23.1,23.200000000000003,20.05,40.0,22.650000000000002,0,72.31635165830724,2.1224337949578795,1.0,s4_narrow_passage_medium,M7,10,2.8,1.4,1.6,sweep
True,17.5,0.8287931026607691,0.36014368946927516,False,92.31444556309714,740.949607755547,0.04203079483978361,72.00717602133531,0.09090279444767085,0.6744237071007517,7.439010676260696e-05,7.439010676260696e-05,123.4186947356408,0,0.0,True,True,True,False,True,True,False,False,True,True,True,2.125576292899248,False,True,23.3,23.200000000000003,23.3,20.150000000000002,40.0,22.55,0,72.32705199901937,2.1224326493957153,1.0,s4_narrow_passage_medium,M7,11,2.8,1.4,1.6,sweep
False,17.55,0.766699277955379,0.3136814132028618,True,93.0053907562351,746.0671380432914,0.052850603412401165,72.00309592135692,0.08261626816959787,0.6807339200620225,0.006316893907658365,0.006316893907658365,123.89803582567436,0,0.0,True,True,True,False,True,False,False,True,True,True,False,2.119266079937977,False,False,23.450000000000003,23.450000000000003,23.450000000000003,20.200000000000003,40.0,22.5,0,72.32245856219222,2.1224265342582345,1.0,s4_narrow_passage_medium,M7,12,2.8,1.4,1.6,sweep
False,17.150000000000002,0.6963231739696376,0.31600711699425893,True,93.12409194612783,745.1716716490705,0.0449438202247191,72.08180710806924,0.08266827380830717,0.6806893972670398,0.006293902362130292,0.006293902362130292,123.65874550365137,0,0.0,True,True,True,False,True,False,False,True,True,True,False,2.11931060273296,False,False,23.05,23.05,23.05,19.85,40.0,22.900000000000002,0,72.27436687112858,2.1224317697610102,1.0,s4_narrow_passage_medium,M7,13,2.8,1.4,1.6,sweep
False,17.2,0.7736203237493393,0.3231200720830651,True,93.07104527341376,740.8962671699098,0.031210986267166042,72.0274707605193,0.08263445415200643,0.6807199463427952,0.006304988163084296,0.006304988163084296,123.70333898178006,0,0.0,True,True,True,False,True,False,False,True,True,True,False,2.1192800536572047,False,False,23.75,23.150000000000002,23.75,19.900000000000002,40.0,22.85,0,72.28823324884488,2.122429878651589,1.0,s4_narrow_passage_medium,M7,14,2.8,1.4,1.6,sweep
False,17.55,0.8050026619702118,0.3022549706419557,True,92.6141769006994,734.801446539296,0.04972950478568456,72.02001028465311,0.08262973713980173,0.6807234611792784,0.006275324587914246,0.006275324587914246,123.739002817601,0,0.0,True,True,True,False,True,False,False,True,True,True,False,2.1192765388207215,False,False,23.650000000000002,23.5,23.650000000000002,20.200000000000003,40.0,22.5,0,72.32082557191961,2.122427312836397,1.0,s4_narrow_passage_medium,M7,15,2.8,1.4,1.6,sweep
False,17.25,0.684025138748132,0.3220558168567677,True,93.1869632076124,759.8254712571278,0.04431960049937578,72.02258199729287,0.09092352147152555,0.6744084186615327,6.62605810725057e-05,6.62605810725057e-05,123.94390743721004,0,0.0,True,True,True,False,True,False,False,True,True,True,False,2.125591581338467,False,False,23.1,23.0,23.1,19.950000000000003,40.0,22.8,0,72.29463798630447,2.122433554319861,1.0,s4_narrow_passage_medium,M7,16,2.8,1.4,1.6,sweep
False,17.150000000000002,0.7722274894992929,0.329822303479912,True,94.03231001388865,819.1443967111018,0.05201831044527674,72.05476876950259,0.08262410588987026,0.6807303173443676,0.006282021508968648,0.006282021508968648,124.04244677575109,0,0.0,True,True,True,False,True,False,False,True,True,True,False,2.119269682655632,False,False,22.85,22.75,22.85,19.75,40.0,22.900000000000002,0,72.30498200278531,2.1224155173564636,1.0,s4_narrow_passage_medium,M7,17,2.8,1.4,1.6,sweep
False,17.6,0.7940017382416744,0.30340930069447625,True,92.3151957284561,686.4048088194501,0.042863087806908035,71.99096804988557,0.09094121463761719,0.674394901425846,8.419490143874047e-05,8.419490143874047e-05,123.59676401812534,0,0.0,True,True,True,False,True,False,False,True,True,True,False,2.125605098574154,False,False,23.8,23.5,23.8,20.25,40.0,22.450000000000003,0,72.32579626196284,2.1224320226898454,1.0,s4_narrow_passage_medium,M7,18,2.8,1.4,1.6,sweep
False,17.2,0.707480025641573,0.30192409147004784,True,92.94929308797363,687.0541451477807,0.050977944236371205,72.10770551401217,0.08262145113388657,0.6807235028964373,0.006437070826421491,0.006437070826421491,123.45009720776403,0,0.0,True,True,True,False,True,False,False,True,True,True,False,2.1192764971035625,False,False,23.450000000000003,23.150000000000002,23.450000000000003,19.900000000000002,40.0,22.85,0,72.26542366197158,2.1224327807101453,1.0,s4_narrow_passage_medium,M7,19,2.8,1.4,1.6,sweep
False,17.45,0.8609785430700698,0.31813128495955184,True,92.95420312247988,740.763820061911,0.04307116104868914,72.06702523306694,0.08262057542916643,0.6807270590733774,0.006349828662765673,0.006349828662765673,124.11457631139079,0,0.0,True,True,True,False,True,False,False,True,True,True,False,2.1192729409266224,False,False,23.450000000000003,23.25,23.450000000000003,20.150000000000002,40.0,22.6,0,72.30993800786837,2.1224235386821735,1.0,s4_narrow_passage_medium,M7,20,2.8,1.4,1.6,sweep
False,17.55,0.7435677975443393,0.3006904102999277,True,92.54742772545256,697.801458708862,0.04556803995006242,71.99330437008206,0.09095428476713434,0.6743854149815031,5.624179658387417e-05,5.624179658387417e-05,123.40226474865413,0,0.0,True,True,True,False,True,False,False,True,True,True,False,2.125614585018497,False,False,24.1,23.700000000000003,24.1,20.25,40.0,22.5,0,72.33333875227589,2.1224322859427343,1.0,s4_narrow_passage_medium,M7,21,2.8,1.4,1.6,sweep
False,17.2,0.7274683547369951,0.3227450957098358,True,93.40226636375142,742.1488881688751,0.04535996670828132,72.02131436980457,0.0826089244196301,0.6807378730101991,0.006287441149276002,0.006287441149276002,124.03811164616536,0,0.0,True,True,True,False,True,False,False,True,True,True,False,2.119262126989801,False,False,23.05,22.950000000000003,23.05,19.900000000000002,40.0,22.85,0,72.29516299340901,2.1224299881102735,1.0,s4_narrow_passage_medium,M7,22,2.8,1.4,1.6,sweep
False,16.75,0.7227430780264761,0.30427266601925895,True,93.76671498470154,720.6368293911917,0.05014565126924678,72.01527033052102,0.09093880943035092,0.6743965411450361,9.397672903744829e-05,9.397672903744829e-05,123.6756102413056,0,0.0,True,True,True,False,True,False,False,True,True,True,False,2.1256034588549637,False,False,23.3,22.8,23.3,19.650000000000002,40.0,23.3,0,72.246050890766,2.122437357117217,1.0,s4_narrow_passage_medium,M7,23,2.8,1.4,1.6,sweep
False,17.25,0.7705107632921575,0.3276776589355745,True,93.60395416785687,841.7010047631317,0.050977944236371205,72.17746169712161,0.08275067277351617,0.6806414155417734,0.005957494209299203,0.005957494209299203,124.07620897384245,0,0.0,True,True,True,False,True,False,False,True,True,True,False,2.1193585844582263,False,False,23.0,22.900000000000002,23.0,19.950000000000003,40.0,22.8,0,72.35406856311525,2.1223975465323197,1.0,s4_narrow_passage_medium,M7,24,2.8,1.4,1.6,sweep
False,17.45,0.772418803849144,0.32197012920155194,True,93.40654131968095,762.7242619202855,0.04161464835622139,71.99270055864976,0.09095271915052855,0.6743865328674543,6.466078275914673e-05,6.466078275914673e-05,124.40876558782148,0,0.0,True,True,True,False,True,False,False,True,True,True,False,2.1256134671325455,False,False,23.400000000000002,23.200000000000003,23.400000000000002,20.150000000000002,40.0,22.6,0,72.30661756012225,2.122432990425006,1.0,s4_narrow_passage_medium,M7,25,2.8,1.4,1.6,sweep
False,17.25,0.7504819472798794,0.32658804439259836,True,93.23765287810909,775.0735143164169,0.049521431543903455,72.01578875338922,0.08259825285622448,0.6807471351627662,0.00635632549557085,0.00635632549557085,123.93470866444878,0,0.0,True,True,True,False,True,False,False,True,True,True,False,2.1192528648372337,False,False,23.650000000000002,23.1,23.650000000000002,19.950000000000003,40.0,22.8,0,72.31044585497953,2.1224205852354463,1.0,s4_narrow_passage_medium,M7,26,2.8,1.4,1.6,sweep
False,17.2,0.6914066960368979,0.3276703074883786,True,93.2100224307656,735.7253663795716,0.035164377861007075,72.04698360053656,0.09095721461974865,0.6743832832046425,4.2748109000426786e-05,4.2748109000426786e-05,123.79302608642143,0,0.0,True,True,True,False,True,False,False,True,True,True,False,2.1256167167953572,False,False,23.900000000000002,22.900000000000002,23.900000000000002,19.900000000000002,40.0,22.85,0,72.28070777282119,2.122435679779846,1.0,s4_narrow_passage_medium,M7,27,2.8,1.4,1.6,sweep
False,17.400000000000002,0.8075424608229234,0.32737491145545194,True,92.99857149815274,737.8157312096026,0.03974198918019143,72.01213231201001,0.08261923249889984,0.6807301530065492,0.006307903797690783,0.006307903797690783,123.87159130933757,0,0.0,True,True,True,False,True,False,False,True,True,True,False,2.1192698469934506,False,False,23.35,23.150000000000002,23.35,20.1,40.0,22.650000000000002,0,72.30860276858942,2.1224263334790545,1.0,s4_narrow_passage_medium,M7,28,2.8,1.4,1.6,sweep
False,17.35,0.7215857485077743,0.3044836812144965,True,92.97489210959901,771.2148168567676,0.04348730753225135,72.20529184920649,0.0826567687596738,0.6806928132322351,0.006363489335734524,0.006363489335734524,123.72848437115351,0,0.0,True,True,True,False,True,False,False,True,True,True,False,2.119307186767765,False,False,23.6,23.400000000000002,23.6,20.05,40.0,22.700000000000003,0,72.36680508641531,2.1224197729801877,1.0,s4_narrow_passage_medium,M7,29,2.8,1.4,1.6,sweep
True,17.35,0.8368198406856362,0.36378796660662943,False,93.52446393674222,737.2853651170199,0.04307116104868914,72.04848670807822,0.09095187737474668,0.6743872789590514,5.062785408681313e-05,5.062785408681313e-05,123.97953273218619,0,0.0,True,True,True,False,True,True,False,False,True,True,True,2.1256127210409486,False,True,22.950000000000003,22.950000000000003,22.950000000000003,20.0,40.0,22.700000000000003,0,72.30100802882163,2.1224316849703007,1.0,s4_narrow_passage_medium,M7,30,2.8,1.4,1.6,sweep
False,17.05,0.7383060900760234,0.3013531097805258,True,92.72064664281015,761.1800912412597,0.042863087806908035,72.0989015227233,0.09092026321697505,0.6744104657292116,4.336645208602762e-05,4.336645208602762e-05,122.90419902709826,0,0.0,True,True,True,False,True,False,False,True,True,True,False,2.1255895342707882,False,False,23.700000000000003,23.150000000000002,23.700000000000003,19.75,40.0,23.0,0,72.27855375805223,2.1224260773041834,1.0,s4_narrow_passage_medium,M7,31,2.8,1.4,1.6,sweep
False,17.35,0.8246109498209233,0.33275298715271445,True,93.52287550863437,786.4428366027421,0.04640033291718685,72.09044132987066,0.0827048511096955,0.6806594866307312,0.006257950165022073,0.006257950165022073,124.09949570898527,0,0.0,True,True,True,False,True,False,False,True,True,True,False,2.1193405133692687,False,False,23.700000000000003,23.25,23.700000000000003,20.0,40.0,22.700000000000003,0,72.34191148072986,2.12241982346654,1.0,s4_narrow_passage_medium,M7,32,2.8,1.4,1.6,sweep
False,17.55,0.8164371621906994,0.30523023843312946,True,92.8969546612177,748.5386949386741,0.03828547648772368,72.13840642516489,0.08266733510097782,0.6806853851962674,0.006423250537211578,0.006423250537211578,124.1521420669585,0,0.0,True,True,True,False,True,False,False,True,True,True,False,2.1193146148037325,False,False,23.75,23.55,23.75,20.25,40.0,22.5,0,72.33466164711903,2.122426995354728,1.0,s4_narrow_passage_medium,M7,33,2.8,1.4,1.6,sweep
False,17.150000000000002,0.8129684447539447,0.31885763777095677,True,93.46510666514648,727.6058673259319,0.04390345401581357,71.98660675823668,0.09090824565053614,0.6744196614794528,3.634271319587356e-05,3.634271319587356e-05,123.71275499226036,0,0.0,True,True,True,False,True,False,False,True,True,True,False,2.125580338520547,False,False,23.700000000000003,22.85,23.700000000000003,19.8,40.0,22.900000000000002,0,72.20918450474267,2.122432292992029,1.0,s4_narrow_passage_medium,M7,34,2.8,1.4,1.6,sweep
False,17.400000000000002,0.8272367110247163,0.3046621660121374,True,92.91442683029052,746.8462750029685,0.04369538077403246,72.07131218077913,0.09095581201760218,0.6743842576924525,5.6874176290771184e-05,5.6874176290771184e-05,124.1023630075486,0,0.0,True,True,True,False,True,False,False,True,True,True,False,2.1256157423075472,False,False,23.6,23.3,23.6,20.1,40.0,22.650000000000002,0,72.31432339881454,2.122433821069846,1.0,s4_narrow_passage_medium,M7,35,2.8,1.4,1.6,sweep
False,17.3,0.7042351879829665,0.310920699163785,True,93.33581143233506,741.7663345131049,0.04577611319184353,72.10575805334025,0.08263967622259871,0.6807097461358799,0.0063359092440608165,0.0063359092440608165,124.04899394025001,0,0.0,True,True,True,False,True,False,False,True,True,True,False,2.11929025386412,False,False,23.55,23.25,23.55,20.0,40.0,22.75,0,72.28423486636606,2.122426928773811,1.0,s4_narrow_passage_medium,M7,36,2.8,1.4,1.6,sweep
False,17.45,0.7819180191343464,0.3018998646127103,True,92.48026751817198,774.3531848724832,0.039950062421972535,71.9941732046256,0.08638313126127607,0.6778724551925553,0.0034105459074692786,0.0034105459074692786,123.28120848921652,0,0.0,True,True,True,False,True,False,False,True,True,True,False,2.1221275448074444,False,False,24.05,23.55,24.05,20.150000000000002,40.0,22.6,0,72.28658118725794,2.1223942043114534,1.0,s4_narrow_passage_medium,M7,37,2.8,1.4,1.6,sweep
False,17.5,0.8575245084964951,0.30336788960020594,True,92.31253177484615,765.4815926388786,0.04390345401581357,72.03108586102591,0.08262768240997606,0.6807228741546928,0.006389038202778612,0.006389038202778612,123.43633520205245,0,0.0,True,True,True,False,True,False,False,True,True,True,False,2.119277125845307,False,False,23.450000000000003,23.450000000000003,23.450000000000003,20.200000000000003,40.0,22.55,0,72.31341814701327,2.1224149309448923,1.0,s4_narrow_passage_medium,M7,38,2.8,1.4,1.6,sweep
False,17.55,0.7959011729197842,0.30578880286924165,True,93.31706051880856,765.7393458569418,0.04744069912609238,71.98780532736808,0.08264403764569286,0.6807121689422728,0.006291309595593271,0.006291309595593271,124.19306473274911,0,0.0,True,True,True,False,True,False,False,True,True,True,False,2.119287831057727,False,False,23.75,23.55,23.75,20.25,40.0,22.5,0,72.31921398597024,2.1224226861565687,1.0,s4_narrow_passage_medium,M7,39,2.8,1.4,1.6,sweep
False,17.75,0.7392773676322377,0.3252608846179206,True,92.97080652950041,751.5169038361197,0.050977944236371205,72.0251055773845,0.11510179472793607,0.7587129821226198,0.00020472589589683591,0.00020472589589683591,124.22581158932954,0,0.0,True,True,True,False,True,False,False,True,True,True,False,2.04128701787738,False,False,24.0,23.3,24.0,20.25,40.0,22.3,0,72.52797575139962,2.038098256587636,1.0,s4_narrow_passage_medium,M7,10,2.8,1.4,1.8,sweep
True,17.900000000000002,0.9161923334396282,0.3587583620609125,False,91.98285311233317,752.5717553366579,0.03766125676238036,72.08701299854586,0.10572460819347042,0.7650338248295672,0.006587826163283151,0.006587826163283151,123.65982212983963,0,0.0,True,True,True,False,True,True,False,False,True,True,True,2.0349661751704327,False,True,23.55,23.450000000000003,23.55,20.450000000000003,40.0,22.150000000000002,0,72.55708696986947,2.0380772169542745,1.0,s4_narrow_passage_medium,M7,11,2.8,1.4,1.8,sweep
False,17.95,0.7744205594927644,0.30645496356249985,True,92.57775084488291,759.0759208679896,0.05035372451102788,72.01912015510575,0.1151147652479624,0.7587045402856859,0.0002094910033714751,0.0002094910033714751,123.88884061362553,0,0.0,True,True,True,False,True,False,False,True,True,True,False,2.041295459714314,False,False,23.700000000000003,23.55,23.700000000000003,20.450000000000003,40.0,22.1,0,72.52596934900431,2.038092171588371,1.0,s4_narrow_passage_medium,M7,12,2.8,1.4,1.8,sweep
False,17.650000000000002,0.8001795870432133,0.3336402629245545,True,92.30858185132293,724.5522283714733,0.04203079483978361,72.00025868341383,0.11507817010236293,0.7587286878152858,0.00020408373120875,0.00020408373120875,123.68855625599784,0,0.0,True,True,True,False,True,False,False,True,True,True,False,2.041271312184714,False,False,23.5,23.200000000000003,23.5,20.150000000000002,40.0,22.400000000000002,0,72.4510562521356,2.0381005370531917,1.0,s4_narrow_passage_medium,M7,13,2.8,1.4,1.8,sweep
False,17.6,0.8563282692251117,0.33773157751508354,True,92.43249167579324,736.0797439232286,0.0328755722014149,72.0509640661625,0.11509190333357465,0.7587195332187439,0.00022312671736148215,0.00022312671736148215,123.63574903119493,0,0.0,True,True,True,False,True,False,False,True,True,True,False,2.041280466781256,False,False,23.400000000000002,22.950000000000003,23.400000000000002,20.150000000000002,40.0,22.450000000000003,0,72.50595022904253,2.038100617263227,1.0,s4_narrow_passage_medium,M7,14,2.8,1.4,1.8,sweep
False,17.900000000000002,0.8074313225323528,0.3058900335906612,True,91.9829459561976,768.8741636828659,0.04868913857677903,71.99707655500436,0.11512418331947095,0.7586981877659954,0.00023926178384640534,0.00023926178384640534,123.54638849439829,0,0.0,True,True,True,False,True,False,False,True,True,True,False,2.0413018122340043,False,False,24.3,23.700000000000003,24.3,20.450000000000003,40.0,22.150000000000002,0,72.5161779999779,2.0380863988163544,1.0,s4_narrow_passage_medium,M7,15,2.8,1.4,1.8,sweep
False,17.650000000000002,0.7774727569879685,0.3269140560566486,True,92.70053947670748,711.5381535633975,0.049521431543903455,72.05397390696338,0.1057076158110517,0.765047549180046,0.006242402415486552,0.006242402415486552,123.9781057655738,0,0.0,True,True,True,False,True,False,False,True,True,True,False,2.034952450819954,False,False,23.35,23.25,23.35,20.200000000000003,40.0,22.400000000000002,0,72.50357638912686,2.0380913719275076,1.0,s4_narrow_passage_medium,M7,16,2.8,1.4,1.8,sweep
False,17.45,0.7792922958764723,0.331090674302056,True,93.77781092192276,839.6402490796219,0.0570120682480233,72.09379138908453,0.10585764994354267,0.7649433296090122,0.00626585421734841,0.00626585421734841,124.13035383911105,0,0.0,True,True,True,False,True,False,False,True,True,True,False,2.0350566703909876,False,False,23.1,22.85,23.1,19.900000000000002,40.0,22.6,0,72.50146709269276,2.038078555112138,1.0,s4_narrow_passage_medium,M7,17,2.8,1.4,1.8,sweep
True,17.95,0.8818570509307941,0.3448703392334076,False,92.00491504999847,794.4110132268552,0.04369538077403246,72.03841369764667,0.11511577483424024,0.75870374732453,0.0002276951481798621,0.0002276951481798621,123.68747765031486,0,0.0,True,True,True,False,True,True,False,False,True,True,True,2.04129625267547,False,True,23.400000000000002,23.200000000000003,23.400000000000002,20.400000000000002,40.0,22.1,0,72.61308941825104,2.0380806637891244,1.0,s4_narrow_passage_medium,M7,18,2.8,1.4,1.8,sweep
False,17.55,0.8176178703607253,0.3147792049451806,True,92.84116921069099,737.6574971400595,0.04640033291718685,72.03416325789934,0.11511769285975591,0.7587025207017547,0.00018502302250931964,0.00018502302250931964,123.853509029993,0,0.0,True,True,True,False,True,False,False,True,True,True,False,2.0412974792982452,False,False,23.200000000000003,23.0,23.200000000000003,20.05,40.0,22.5,0,72.44916872569189,2.0381010669803588,1.0,s4_narrow_passage_medium,M7,19,2.8,1.4,1.8,sweep
False,17.85,0.8708992336683503,0.3044230729804649,True,92.24099632534434,699.8300818406809,0.04099042863087807,72.06384402092482,0.105732571863741,0.7650296308337924,0.0061767553537368175,0.0061767553537368175,123.90508097388728,0,0.0,True,True,True,False,True,False,False,True,True,True,False,2.0349703691662073,False,False,23.650000000000002,23.55,23.650000000000002,20.35,40.0,22.200000000000003,0,72.51307763105318,2.038088659540213,1.0,s4_narrow_passage_medium,M7,20,2.8,1.4,1.8,sweep
True,18.0,0.8194997287143939,0.3770458399603475,False,93.04274039749193,733.7677316959699,0.04203079483978361,72.14107325288543,0.10575561059846643,0.7650103009064341,0.006407107780883202,0.006407107780883202,124.48616505296653,0,0.0,True,True,True,False,True,True,False,False,True,True,True,2.0349896990935656,False,True,23.400000000000002,23.3,23.400000000000002,20.5,40.0,22.05,0,72.61298101542538,2.038082196549608,1.0,s4_narrow_passage_medium,M7,21,2.8,1.4,1.8,sweep
False,17.6,0.7542514371174909,0.3271103293177814,True,92.96398575775196,749.2621987815692,0.046192259675405745,72.04421786557336,0.11511922455436134,0.7587014177109381,0.00019999806354265153,0.00019999806354265153,124.0802735691597,0,0.0,True,True,True,False,True,False,False,True,True,True,False,2.0412985822890617,False,False,23.200000000000003,22.950000000000003,23.200000000000003,20.150000000000002,40.0,22.450000000000003,0,72.48911306771802,2.0381012708886996,1.0,s4_narrow_passage_medium,M7,22,2.8,1.4,1.8,sweep
False,17.1,0.7316244395665887,0.3051414236010394,True,93.03176517426901,738.7861788234053,0.05638784852267998,72.10902538317028,0.11512110342002191,0.7587005622485107,0.00014704473325936884,0.00014704473325936884,123.2403648333312,0,0.0,True,True,True,False,True,False,False,True,True,True,False,2.0412994377514893,False,False,23.650000000000002,23.05,23.650000000000002,19.8,40.0,22.950000000000003,0,72.3976065377716,2.038109215872405,1.0,s4_narrow_passage_medium,M7,23,2.8,1.4,1.8,sweep
False,17.5,0.7954429299583705,0.3269069835433826,True,93.41221360975563,727.2339812221113,0.054307116104868915,71.99933884475901,0.11512186088859473,0.7586998412876921,0.00016940852569518496,0.00016940852569518496,124.29664604230962,0,0.0,True,True,True,False,True,False,False,True,True,True,False,2.041300158712308,False,False,22.900000000000002,22.900000000000002,22.900000000000002,20.150000000000002,40.0,22.55,0,72.47882764173065,2.0380986466616418,1.0,s4_narrow_passage_medium,M7,24,2.8,1.4,1.8,sweep
False,17.5,0.7379166083717281,0.32525501022037145,True,93.62037360962954,832.5378648462998,0.05805243445692884,72.00543807095785,0.10574178684366935,0.7650280129557072,0.006263146624468255,0.006263146624468255,124.20900791428853,0,0.0,True,True,True,False,True,False,False,True,True,True,False,2.0349719870442926,False,False,23.55,22.75,23.55,19.950000000000003,40.0,22.55,0,72.48918723500265,2.0380811411916726,1.0,s4_narrow_passage_medium,M7,25,2.8,1.4,1.8,sweep
False,17.7,0.8531227406414159,0.3278427728824049,True,92.5380386208314,743.1492353112727,0.04681647940074907,72.02801914628468,0.11511465549613475,0.7587045463946761,0.00019297489655199855,0.00019297489655199855,124.06942994654581,0,0.0,True,True,True,False,True,False,False,True,True,True,False,2.041295453605324,False,False,23.6,23.1,23.6,20.200000000000003,40.0,22.35,0,72.51787703334027,2.038098869848467,1.0,s4_narrow_passage_medium,M7,26,2.8,1.4,1.8,sweep
False,17.5,0.756801555446448,0.33251371503420385,True,92.92838769892711,759.8528652051426,0.038077403245942575,72.00908288575557,0.11509889257725164,0.7587150057882334,0.0001822571308062077,0.0001822571308062077,123.88382831917774,0,0.0,True,True,True,False,True,False,False,True,True,True,False,2.0412849942117663,False,False,23.700000000000003,23.0,23.700000000000003,20.05,40.0,22.55,0,72.481996241878,2.038104071722247,1.0,s4_narrow_passage_medium,M7,27,2.8,1.4,1.8,sweep
False,17.8,0.8731646371753505,0.3269982958462692,True,92.56391469082567,742.9147501042713,0.03953391593841032,72.0343840017643,0.11509840799828851,0.758714708704189,0.00023950100201449882,0.00023950100201449882,124.03096076288789,0,0.0,True,True,True,False,True,False,False,True,True,True,False,2.041285291295811,False,False,23.400000000000002,23.200000000000003,23.400000000000002,20.3,40.0,22.25,0,72.53810935485681,2.0380957649193063,1.0,s4_narrow_passage_medium,M7,28,2.8,1.4,1.8,sweep
False,17.75,0.7404559866934066,0.32076947936895883,True,92.86027508189329,766.2352660056549,0.04390345401581357,72.05341495039015,0.11512416052348805,0.7586981434070749,0.00021954207200440277,0.00021954207200440277,124.04541000399868,0,0.0,True,True,True,False,True,False,False,True,True,True,False,2.041301856592925,False,False,23.400000000000002,23.200000000000003,23.400000000000002,20.25,40.0,22.3,0,72.49666655847943,2.0380929510736148,1.0,s4_narrow_passage_medium,M7,29,2.8,1.4,1.8,sweep
True,17.7,0.8254976545060251,0.4163110354587382,False,93.27001916178324,787.6556961502424,0.04411152725759467,72.06643570432449,0.11507731965474616,0.7587280660194996,0.0002503296169315709,0.0002503296169315709,124.08858862850433,0,0.0,True,True,True,False,True,True,False,False,True,True,True,2.0412719339805,False,True,23.75,22.950000000000003,23.75,20.200000000000003,40.0,22.35,0,72.53820491002134,2.038093867424428,1.0,s4_narrow_passage_medium,M7,30,2.8,1.4,1.8,sweep
False,17.400000000000002,0.7401242574335856,0.3256882309338729,True,92.91722934753287,736.8188577946369,0.041822721598002495,72.0584154446028,0.10572733800859613,0.7650333064783487,0.006296462407960272,0.006296462407960272,123.66593767999471,0,0.0,True,True,True,False,True,False,False,True,True,True,False,2.034966693521651,False,False,23.150000000000002,23.05,23.150000000000002,19.950000000000003,40.0,22.650000000000002,0,72.44477942777057,2.0380987356909257,1.0,s4_narrow_passage_medium,M7,31,2.8,1.4,1.8,sweep
True,17.75,0.8874974733477388,0.4045378535423123,False,93.09373747516031,819.8071969776445,0.04577611319184353,72.059549144304,0.11506562300698493,0.7587370595051084,0.0002078290833184029,0.0002078290833184029,124.18692860439357,0,0.0,True,True,True,False,True,True,False,False,True,True,True,2.0412629404948914,False,True,23.900000000000002,23.05,23.900000000000002,20.25,40.0,22.3,0,72.58372880164092,2.038084636891723,1.0,s4_narrow_passage_medium,M7,32,2.8,1.4,1.8,sweep
False,17.8,0.7609713973119885,0.30953502350917617,True,92.79922896913655,799.6111832745387,0.04348730753225135,72.09024591032548,0.10570925691507099,0.7650442372836234,0.006523699719323438,0.006523699719323438,124.11745606874983,0,0.0,True,True,True,False,True,False,False,True,True,True,False,2.0349557627163763,False,False,23.700000000000003,23.400000000000002,23.700000000000003,20.3,40.0,22.25,0,72.59905160146269,2.0380721384982747,1.0,s4_narrow_passage_medium,M7,33,2.8,1.4,1.8,sweep
False,17.650000000000002,0.8626108047284984,0.3258899489343452,True,92.76112927366006,812.9626266031582,0.04265501456512692,71.99769994488446,0.11510479412074426,0.75871127166535,0.0001918853986534491,0.0001918853986534491,123.73626602413682,0,0.0,True,True,True,False,True,False,False,True,True,True,False,2.0412887283346497,False,False,23.0,22.900000000000002,23.0,20.1,40.0,22.400000000000002,0,72.54107176706873,2.038090096179944,1.0,s4_narrow_passage_medium,M7,34,2.8,1.4,1.8,sweep
False,17.7,0.797300951311773,0.3039065116365361,True,92.4160107823133,735.3826405758808,0.04723262588431128,72.0026289406628,0.11507322102785071,0.758731897862767,0.0002047048596136358,0.0002047048596136358,123.81485261451166,0,0.0,True,True,True,False,True,False,False,True,True,True,False,2.041268102137233,False,False,23.700000000000003,23.450000000000003,23.700000000000003,20.200000000000003,40.0,22.35,0,72.45070126097568,2.0380988893789453,1.0,s4_narrow_passage_medium,M7,35,2.8,1.4,1.8,sweep
False,17.7,0.7346475632323981,0.32012008630532895,True,92.65680504889664,738.4829698811873,0.048064918851435705,72.0220332484165,0.10570326862364939,0.7650528525509311,0.006140689696245995,0.006140689696245995,124.05496303507229,0,0.0,True,True,True,False,True,False,False,True,True,True,False,2.034947147449069,False,False,23.55,23.25,23.55,20.200000000000003,40.0,22.35,0,72.40637996753566,2.0380924575997117,1.0,s4_narrow_passage_medium,M7,36,2.8,1.4,1.8,sweep
True,17.85,0.9154680801363984,0.396608795460972,False,92.52290343601894,791.5004125084295,0.03828547648772368,72.09115508965516,0.11509019313062263,0.7587198619163708,0.00025519980670609413,0.00025519980670609413,123.94290309102489,0,0.0,True,True,True,False,True,True,False,False,True,True,True,2.041280138083629,False,True,23.6,23.1,23.6,20.3,40.0,22.200000000000003,0,72.5855163775377,2.0380836059414436,1.0,s4_narrow_passage_medium,M7,37,2.8,1.4,1.8,sweep
False,17.8,0.7660147845517085,0.30513374287055456,True,91.72407523702982,711.257477524742,0.04369538077403246,72.02254854021201,0.10572579296780803,0.7650359529058558,0.006270763517640559,0.006270763517640559,123.1063933748124,0,0.0,True,True,True,False,True,False,False,True,True,True,False,2.034964047094144,False,False,24.200000000000003,23.6,24.200000000000003,20.35,40.0,22.25,0,72.5043843168975,2.038087788313181,1.0,s4_narrow_passage_medium,M7,38,2.8,1.4,1.8,sweep
False,17.900000000000002,0.8080591907756871,0.3110346086754455,True,92.8935828019001,821.1713905257885,0.04868913857677903,72.03323608032882,0.10571469932947046,0.7650463401942377,0.006410061705020808,0.006410061705020808,124.23514120393463,0,0.0,True,True,True,False,True,False,False,True,True,True,False,2.0349536598057623,False,False,23.8,23.5,23.8,20.400000000000002,40.0,22.150000000000002,0,72.63951152906161,2.038061231456567,1.0,s4_narrow_passage_medium,M7,39,2.8,1.4,1.8,sweep
False,17.75,0.9305181367743696,0.2891626654171895,True,92.137499472343,725.0133109341234,0.02933832709113608,72.0524292500713,0.05123045241325502,0.506432994979334,0.000171959878815311,0.000171959878815311,123.96467076212572,0,0.0,True,True,True,False,True,False,False,True,True,True,False,2.293567005020666,False,False,23.900000000000002,23.8,23.900000000000002,20.55,40.0,22.3,0,72.2716214348968,2.2904960339468627,1.0,s4_narrow_passage_medium,M7,10,3.4,1.0,1.4,sweep
False,17.75,0.8920888443551072,0.3124632515639563,True,92.03320214969523,752.6778460442213,0.02871410736579276,72.08059671771721,0.05126793187498438,0.5063966627091536,0.0001280126050692081,0.0001280126050692081,123.81556835219232,0,0.0,True,True,True,False,True,False,False,True,True,True,False,2.293603337290846,False,False,24.0,23.75,24.0,20.55,40.0,22.3,0,72.25667419280573,2.2904985583388426,1.0,s4_narrow_passage_medium,M7,11,3.4,1.0,1.4,sweep
False,17.85,0.9605118138447086,0.28900260562669167,True,91.98488204187798,747.4439912148819,0.035164377861007075,72.03620157937411,0.051270669351918485,0.506394149335427,6.981498675762539e-05,6.981498675762539e-05,123.83709119168391,0,0.0,True,True,True,False,True,False,False,True,True,True,False,2.293605850664573,False,False,24.0,23.900000000000002,24.0,20.650000000000002,40.0,22.200000000000003,0,72.2820416458537,2.290496565130101,1.0,s4_narrow_passage_medium,M7,12,3.4,1.0,1.4,sweep
False,17.6,0.9633940418588798,0.31793273666217026,True,92.04550002776055,739.8500165260632,0.02663337494798169,72.1514077465561,0.04514001733306775,0.5126522561712347,0.006416695021218412,0.006416695021218412,123.72143054248293,0,0.0,True,True,True,False,True,False,False,True,True,True,False,2.2873477438287653,False,False,23.650000000000002,23.55,23.650000000000002,20.400000000000002,40.0,22.450000000000003,0,72.23583564740926,2.290478551324528,1.0,s4_narrow_passage_medium,M7,13,3.4,1.0,1.4,sweep
False,17.45,0.9588853767032208,0.2889141581277271,True,92.49796801565446,701.689813307584,0.023304203079483977,72.18713979762093,0.04513975495663335,0.5126519439074355,0.006545919389758368,0.006545919389758368,123.84912200889825,0,0.0,True,True,True,False,True,False,False,True,True,True,False,2.287348056092564,False,False,23.75,23.6,23.75,20.25,40.0,22.6,0,72.2478493836676,2.290474600675743,1.0,s4_narrow_passage_medium,M7,14,3.4,1.0,1.4,sweep
False,17.85,0.9710971198037635,0.2891376378314601,True,92.4081139860788,719.326436449883,0.033291718684977115,72.0460083230566,0.05124892393886347,0.5064151625879164,4.907749564261418e-05,4.907749564261418e-05,124.36394613090384,0,0.0,True,True,True,False,True,False,False,True,True,True,False,2.2935848374120833,False,False,24.400000000000002,23.900000000000002,24.400000000000002,20.650000000000002,40.0,22.200000000000003,0,72.27365234109473,2.2905004956908535,1.0,s4_narrow_passage_medium,M7,15,3.4,1.0,1.4,sweep
False,17.650000000000002,0.9289507274540492,0.2890164775888995,True,91.98756572118202,721.2869633524481,0.027673741156887224,72.02110598315323,0.05127004742125508,0.5063945728278408,7.123402730050298e-05,7.123402730050298e-05,123.70120533797893,0,0.0,True,True,True,False,True,False,False,True,True,True,False,2.293605427172159,False,False,24.200000000000003,23.900000000000002,24.200000000000003,20.450000000000003,40.0,22.400000000000002,0,72.26670687102961,2.2904901286887576,1.0,s4_narrow_passage_medium,M7,16,3.4,1.0,1.4,sweep
False,17.650000000000002,0.8597521254157356,0.2885172936087505,True,92.56408256729034,727.6923625688337,0.03495630461922597,72.02937814431579,0.051205657226035046,0.5064573613027176,0.00010303638670278257,0.00010303638670278257,124.04385627980011,0,0.0,True,True,True,False,True,False,False,True,True,True,False,2.293542638697282,False,False,23.900000000000002,23.700000000000003,23.900000000000002,20.450000000000003,40.0,22.400000000000002,0,72.27395755727444,2.290486577336283,1.0,s4_narrow_passage_medium,M7,17,3.4,1.0,1.4,sweep
False,17.900000000000002,0.9743529442113126,0.31722687284399215,True,92.29177992756149,744.1989713024735,0.033707865168539325,72.09595757948412,0.05122071789148871,0.5064429251717576,2.3302478664541016e-05,2.3302478664541016e-05,124.22933894952516,0,0.0,True,True,True,False,True,False,False,True,True,True,False,2.293557074828242,False,False,23.85,23.85,23.85,20.700000000000003,40.0,22.150000000000002,0,72.2539148320165,2.2905038808709604,1.0,s4_narrow_passage_medium,M7,18,3.4,1.0,1.4,sweep
False,17.6,0.8556605390548551,0.308149456795391,True,92.16451125970138,671.8045307444265,0.032251352476071575,71.96959677758718,0.051232675770908426,0.5064308015453122,0.00015556462397992217,0.00015556462397992217,123.65463276892245,0,0.0,True,True,True,False,True,False,False,True,True,True,False,2.2935691984546875,False,False,23.55,23.55,23.55,20.400000000000002,40.0,22.450000000000003,0,72.21729101935779,2.2904897721606843,1.0,s4_narrow_passage_medium,M7,19,3.4,1.0,1.4,sweep
False,17.55,0.8244832457139248,0.28738002562541687,True,92.06147682014148,677.863455828935,0.03682896379525593,71.99717945027093,0.05128133327832851,0.5063833406547554,1.2528417336482141e-05,1.2528417336482141e-05,123.35813595421267,0,0.0,True,True,True,False,True,False,False,True,True,True,False,2.2936166593452443,False,False,24.450000000000003,23.900000000000002,24.450000000000003,20.35,40.0,22.5,0,72.24173066771688,2.290487314654106,1.0,s4_narrow_passage_medium,M7,20,3.4,1.0,1.4,sweep
False,17.85,0.8480917270975008,0.2960949146717059,True,92.6500295333733,787.880724520892,0.02746566791510612,72.10192891051638,0.04507460742384015,0.5127254667423116,0.00644992169797795,0.00644992169797795,124.39101042710709,0,0.0,True,True,True,False,True,False,False,True,True,True,False,2.2872745332576883,False,False,24.150000000000002,23.85,24.150000000000002,20.650000000000002,40.0,22.200000000000003,0,72.32517475469577,2.2904753246359175,1.0,s4_narrow_passage_medium,M7,21,3.4,1.0,1.4,sweep
False,17.55,0.9140732257507456,0.2893431626173218,True,92.34282481545307,690.8988808815091,0.02850603412401165,72.06264486010271,0.04506385722132203,0.5127408804752148,0.00619070929303013,0.00619070929303013,123.82090652863062,0,0.0,True,True,True,False,True,False,False,True,True,True,False,2.287259119524785,False,False,24.05,23.75,24.05,20.35,40.0,22.5,0,72.2692226705499,2.2904777381940273,1.0,s4_narrow_passage_medium,M7,22,3.4,1.0,1.4,sweep
False,17.45,0.9021480512969988,0.2883051490327762,True,92.2625505584835,698.105802221919,0.03079483978360383,72.0862103562566,0.05128196379758548,0.5063827487791147,0.00011418425346648774,0.00011418425346648774,123.49654413598975,0,0.0,True,True,True,False,True,False,False,True,True,True,False,2.2936172512208852,False,False,23.900000000000002,23.5,23.900000000000002,20.25,40.0,22.6,0,72.26563981049974,2.2904786372218076,1.0,s4_narrow_passage_medium,M7,23,3.4,1.0,1.4,sweep
False,17.7,0.9525696581468546,0.3033423751669871,True,92.3302224906965,739.3028212090082,0.029754473574698292,72.04988354972727,0.05128209024825575,0.5063827240807423,6.895220694888645e-05,6.895220694888645e-05,124.08087140950897,0,0.0,True,True,True,False,True,False,False,True,True,True,False,2.2936172759192575,False,False,23.8,23.700000000000003,23.8,20.55,40.0,22.35,0,72.23969990641835,2.2904999187750317,1.0,s4_narrow_passage_medium,M7,24,3.4,1.0,1.4,sweep
False,17.8,0.9641217461425582,0.3175652197904996,True,92.57242487452271,742.8971981219706,0.031002913025384937,72.03749000620829,0.05121361187616954,0.5064498016456452,4.276009731493876e-05,4.276009731493876e-05,124.37843422987268,0,0.0,True,True,True,False,True,False,False,True,True,True,False,2.2935501983543545,False,False,23.75,23.75,23.75,20.6,40.0,22.25,0,72.26078007101525,2.2904987671297192,1.0,s4_narrow_passage_medium,M7,25,3.4,1.0,1.4,sweep
False,17.8,0.9608173352221525,0.2891677012560955,True,92.14496179659757,735.1173318769524,0.0328755722014149,72.02797236400423,0.04506259464132604,0.5127402663776753,0.006249453885970012,0.006249453885970012,124.00277629137852,0,0.0,True,True,True,False,True,False,False,True,True,True,False,2.2872597336223244,False,False,24.35,23.85,24.35,20.6,40.0,22.25,0,72.2662028528274,2.290484702427084,1.0,s4_narrow_passage_medium,M7,26,3.4,1.0,1.4,sweep
False,17.55,1.003410348627393,0.307483998060001,True,92.05381886952068,685.7406680402253,0.02455264253017062,72.00673568594722,0.05127290019658958,0.5063913511489211,0.00019294828886936492,0.00019294828886936492,123.56794058882765,0,0.0,True,True,True,False,True,False,False,True,True,True,False,2.2936086488510785,False,False,23.6,23.5,23.6,20.35,40.0,22.5,0,72.2193751181329,2.290491971175697,1.0,s4_narrow_passage_medium,M7,27,3.4,1.0,1.4,sweep
False,17.75,0.9814765934277474,0.2931125352017581,True,92.37705996629477,795.4131574644887,0.025593008739076155,72.04769773315053,0.045077962155521595,0.5127240483633858,0.006308039882407845,0.006308039882407845,124.08739824166858,0,0.0,True,True,True,False,True,False,False,True,True,True,False,2.287275951636614,False,False,24.55,23.75,24.55,20.55,40.0,22.3,0,72.31943091047688,2.2904755854140895,1.0,s4_narrow_passage_medium,M7,28,3.4,1.0,1.4,sweep
False,17.8,0.9673109485656373,0.28916791974744643,True,91.83300534304912,700.8020787011843,0.03162713275072826,71.99868447663124,0.05126227950210153,0.5064020562741424,0.00013438365905340342,0.00013438365905340342,123.64019124367678,0,0.0,True,True,True,False,True,False,False,True,True,True,False,2.2935979437258576,False,False,24.3,24.0,24.3,20.6,40.0,22.25,0,72.27788715541898,2.290495391511641,1.0,s4_narrow_passage_medium,M7,29,3.4,1.0,1.4,sweep
False,17.7,0.9822576985302078,0.31077722642097483,True,92.50837330559958,739.8118637986314,0.02850603412401165,72.0252622162685,0.04506291911385207,0.5127405824041236,0.006236846735907677,0.006236846735907677,124.13091355805504,0,0.0,True,True,True,False,True,False,False,True,True,True,False,2.2872594175958763,False,False,23.75,23.650000000000002,23.75,20.5,40.0,22.35,0,72.25623253012445,2.290484130126457,1.0,s4_narrow_passage_medium,M7,30,3.4,1.0,1.4,sweep
False,17.5,0.9869515683596284,0.2889993885329401,True,91.87823576986193,709.4917080583892,0.024968789013732832,72.18221451315796,0.0451449318019363,0.5126465585097639,0.00639009005585263,0.00639009005585263,123.42030236242176,0,0.0,True,True,True,False,True,False,False,True,True,True,False,2.287353441490236,False,False,24.05,23.55,24.05,20.3,40.0,22.55,0,72.24784641053405,2.290474929855932,1.0,s4_narrow_passage_medium,M7,31,3.4,1.0,1.4,sweep
False,17.7,0.9799481423771337,0.2890889636884654,True,92.37243266073386,752.4809884143386,0.027881814398668332,72.06316970377664,0.05126143986033341,0.5064030882113276,0.00011864075212540504,0.00011864075212540504,124.21321928702449,0,0.0,True,True,True,False,True,False,False,True,True,True,False,2.293596911788672,False,False,24.400000000000002,24.0,24.400000000000002,20.55,40.0,22.35,0,72.28073481659682,2.290494513009742,1.0,s4_narrow_passage_medium,M7,32,3.4,1.0,1.4,sweep
False,17.8,0.9549931343546738,0.31365878775083844,True,92.54502025546877,732.2176054015983,0.028922180607573865,72.0955625580879,0.04510772887085532,0.5126898933386603,0.006282887225120173,0.006282887225120173,124.31593304896911,0,0.0,True,True,True,False,True,False,False,True,True,True,False,2.2873101066613395,False,False,23.8,23.8,23.8,20.650000000000002,40.0,22.25,0,72.25434800882854,2.2904886005670044,1.0,s4_narrow_passage_medium,M7,33,3.4,1.0,1.4,sweep
False,17.55,0.8955871758005529,0.3067306724667972,True,92.3516539013225,734.1933874337082,0.02725759467332501,72.06850708712972,0.05122556246275583,0.5064379170888844,0.0001829223475175661,0.0001829223475175661,123.80628200942793,0,0.0,True,True,True,False,True,False,False,True,True,True,False,2.2935620829111154,False,False,23.55,23.55,23.55,20.400000000000002,40.0,22.5,0,72.24332240557155,2.290487554083413,1.0,s4_narrow_passage_medium,M7,34,3.4,1.0,1.4,sweep
False,17.650000000000002,0.9902751479040977,0.2884217141585609,True,92.06877777073515,723.1373353523709,0.03058676654182272,72.15270892312489,0.04512653526689375,0.512668103130209,0.006349468229906934,0.006349468229906934,123.80314622734183,0,0.0,True,True,True,False,True,False,False,True,True,True,False,2.287331896869791,False,False,24.150000000000002,23.75,24.150000000000002,20.5,40.0,22.400000000000002,0,72.27423646729817,2.2904813816014507,1.0,s4_narrow_passage_medium,M7,35,3.4,1.0,1.4,sweep
False,17.8,0.9647231333153921,0.2890558810104814,True,92.13351526557435,721.2355704366106,0.02850603412401165,72.21969959078899,0.04514913757935874,0.5126411941661351,0.006570421296501271,0.006570421296501271,123.99888171021831,0,0.0,True,True,True,False,True,False,False,True,True,True,False,2.2873588058338647,False,False,24.450000000000003,24.05,24.450000000000003,20.6,40.0,22.25,0,72.27586135128553,2.290485537434341,1.0,s4_narrow_passage_medium,M7,36,3.4,1.0,1.4,sweep
False,17.75,0.9975353972149648,0.30641475498410264,True,92.39215813737987,704.1419013701966,0.025593008739076155,72.16335608923153,0.04513519506332725,0.5126565266855235,0.006547164294768013,0.006547164294768013,124.19208535922428,0,0.0,True,True,True,False,True,False,False,True,True,True,False,2.2873434733144764,False,False,23.8,23.700000000000003,23.8,20.55,40.0,22.3,0,72.24247960165494,2.2904873919430004,1.0,s4_narrow_passage_medium,M7,37,3.4,1.0,1.4,sweep
False,17.75,0.9838129549586425,0.2883092494549102,True,91.9320395981102,712.4666798222194,0.03204327923429047,72.13050597335378,0.04507242780959551,0.51272685586375,0.006519679940048137,0.006519679940048137,123.78486795966823,0,0.0,True,True,True,False,True,False,False,True,True,True,False,2.28727314413625,False,False,24.35,23.85,24.35,20.6,40.0,22.3,0,72.27319086284338,2.290485104948633,1.0,s4_narrow_passage_medium,M7,38,3.4,1.0,1.4,sweep
False,17.75,0.8648829285010182,0.3098391906727166,True,92.60044053855552,712.456239240438,0.033291718684977115,71.99678117605262,0.05123435979837909,0.506429291965122,0.00017288162360516626,0.00017288162360516626,124.2601911407993,0,0.0,True,True,True,False,True,False,False,True,True,True,False,2.2935707080348777,False,False,24.0,23.75,24.0,20.55,40.0,22.3,0,72.2683994962061,2.2904970498308144,1.0,s4_narrow_passage_medium,M7,39,3.4,1.0,1.4,sweep
False,18.1,0.947924615695461,0.31795874111278477,True,91.93503387881663,780.9761619778482,0.024968789013732832,72.10716220559787,0.0599129172675745,0.5850439187569217,0.006615314626801207,0.006615314626801207,124.08910522974952,0,0.0,True,True,True,False,True,False,False,True,True,True,False,2.214956081243078,False,False,23.75,23.650000000000002,23.75,20.700000000000003,40.0,21.950000000000003,0,72.37495327749028,2.218183796389707,1.0,s4_narrow_passage_medium,M7,10,3.4,1.0,1.6,sweep
False,17.900000000000002,0.7958197110125569,0.29153435434231334,True,91.83407279931299,762.5321172762679,0.029754473574698292,72.1650763512395,0.05991633510360375,0.5850388734276782,0.006885667302930387,0.006885667302930387,123.70077910208185,0,0.0,True,True,True,False,True,False,False,True,True,True,False,2.2149611265723217,False,False,24.3,23.8,24.3,20.55,40.0,22.150000000000002,0,72.30048118434688,2.218216644177709,1.0,s4_narrow_passage_medium,M7,11,3.4,1.0,1.6,sweep
False,18.150000000000002,0.9544764097307568,0.2905277563305205,True,91.73146836178807,768.9338585452117,0.03412401165210154,71.99742225030613,0.06695710449909283,0.5787778051792352,0.0005286253310272967,0.0005286253310272967,123.99547338768788,0,0.0,True,True,True,False,True,False,False,True,True,True,False,2.221222194820765,False,False,23.85,23.85,23.85,20.8,40.0,21.900000000000002,0,72.3447267475186,2.2182895124255406,1.0,s4_narrow_passage_medium,M7,12,3.4,1.0,1.6,sweep
False,17.95,0.9656164805009102,0.2909750023141814,True,91.77310868684354,767.4462336037284,0.0239284228048273,72.10994956956755,0.06691377976131331,0.5788162995132107,0.00033018047897063514,0.00033018047897063514,123.83338494445923,0,0.0,True,True,True,False,True,False,False,True,True,True,False,2.2211837004867894,False,False,24.25,23.85,24.25,20.55,40.0,22.1,0,72.3162412157889,2.2182611317349417,1.0,s4_narrow_passage_medium,M7,13,3.4,1.0,1.6,sweep
False,17.75,0.938171189407228,0.31871678098086986,True,92.12667614330957,723.4140453281728,0.018518518518518517,72.06827773578885,0.05989949137306097,0.5850594577364846,0.005989909411988935,0.005989909411988935,123.80688697563079,0,0.0,True,True,True,False,True,False,False,True,True,True,False,2.2149405422635153,False,False,23.450000000000003,23.35,23.450000000000003,20.400000000000002,40.0,22.3,0,72.32841262497348,2.2181636469365116,1.0,s4_narrow_passage_medium,M7,14,3.4,1.0,1.6,sweep
False,18.150000000000002,0.9763184120661508,0.29141538831792035,True,92.00006296729758,775.1479485071602,0.031835205992509365,72.02941387981483,0.06696570493505193,0.5787714125149627,0.0004481827561425247,0.0004481827561425247,124.41815292152164,0,0.0,True,True,True,False,True,False,False,True,True,True,False,2.221228587485037,False,False,24.25,23.85,24.25,20.8,40.0,21.900000000000002,0,72.33578483998087,2.2182756913927917,1.0,s4_narrow_passage_medium,M7,15,3.4,1.0,1.6,sweep
False,17.95,0.9283587263266637,0.31760478123923136,True,91.72009870672146,805.2612844397547,0.024760715771951727,72.00008457276451,0.06698085533383581,0.5787576025371316,0.0010564015994665313,0.0010564015994665313,123.81908321306163,0,0.0,True,True,True,False,True,False,False,True,True,True,False,2.221242397462868,False,False,23.55,23.55,23.55,20.6,40.0,22.1,0,72.3184442194988,2.2181827067001736,1.0,s4_narrow_passage_medium,M7,16,3.4,1.0,1.6,sweep
False,18.0,0.8792715869737895,0.2902979420886688,True,92.31040397680142,767.2511434022459,0.03058676654182272,72.04827185125399,0.05986262808653162,0.5850942309257098,0.006004269710837125,0.006004269710837125,124.24581478797815,0,0.0,True,True,True,False,True,False,False,True,True,True,False,2.21490576907429,False,False,24.200000000000003,23.8,24.200000000000003,20.6,40.0,22.05,0,72.33516612040358,2.2182433699757054,1.0,s4_narrow_passage_medium,M7,17,3.4,1.0,1.6,sweep
False,18.2,0.9772900569868359,0.32933763773050223,True,91.82730116333816,812.2472482792749,0.030170620058260506,72.13164787301866,0.059911690914118985,0.5850452619390192,0.006592863996788573,0.006592863996788573,124.18947762993427,0,0.0,True,True,True,False,True,False,False,True,True,True,False,2.214954738060981,False,False,23.85,23.75,23.85,20.8,40.0,21.85,0,72.39976623475712,2.218194691500141,1.0,s4_narrow_passage_medium,M7,18,3.4,1.0,1.6,sweep
False,17.95,0.9172546716848713,0.29146027943092395,True,91.61004682423503,718.024961725053,0.028297960882230546,72.08590766287028,0.06691702381798396,0.5788113560460291,0.0006271095753822828,0.0006271095753822828,123.67705403792445,0,0.0,True,True,True,False,True,False,False,True,True,True,False,2.2211886439539708,False,False,24.35,23.650000000000002,24.35,20.6,40.0,22.1,0,72.31697759896828,2.218249776456893,1.0,s4_narrow_passage_medium,M7,19,3.4,1.0,1.6,sweep
False,18.05,0.9817386401496522,0.32093064070988153,True,91.73129073465611,826.0020362773355,0.023512276321265086,72.01344369747319,0.06697775737582849,0.5787587255215586,0.001440773975422479,0.001440773975422479,124.02703769640229,0,0.0,True,True,True,False,True,False,False,True,True,True,False,2.2212412744784413,False,False,23.650000000000002,23.650000000000002,23.650000000000002,20.700000000000003,40.0,22.0,0,72.34295126622347,2.218188584277081,1.0,s4_narrow_passage_medium,M7,20,3.4,1.0,1.6,sweep
False,18.25,0.9477358371209912,0.3244469957404069,True,92.32046438966893,804.6829887381647,0.02850603412401165,72.09890374818015,0.059864421185114015,0.5850902956880749,0.007058025250479831,0.007058025250479831,124.5891526337942,0,0.0,True,True,True,False,True,False,False,True,True,True,False,2.214909704311925,False,False,23.85,23.85,23.85,20.900000000000002,40.0,21.8,0,72.31710244905929,2.218211164989663,1.0,s4_narrow_passage_medium,M7,21,3.4,1.0,1.6,sweep
False,17.95,0.9704716050151265,0.291745296260726,True,91.91918162731534,747.7787071938504,0.023304203079483977,72.03209029522732,0.06697306359220087,0.578764824494737,0.0004412484756513035,0.0004412484756513035,124.03110753511561,0,0.0,True,True,True,False,True,False,False,True,True,True,False,2.221235175505263,False,False,24.150000000000002,23.650000000000002,24.150000000000002,20.6,40.0,22.1,0,72.30890913206696,2.2182520832555825,1.0,s4_narrow_passage_medium,M7,22,3.4,1.0,1.6,sweep
False,17.75,0.8952688739088532,0.29070586087572314,True,91.98683107782028,737.832421911492,0.028089887640449437,72.03919548908074,0.06698629338034422,0.5787532510282176,0.00038670183494221984,0.00038670183494221984,123.602474324769,0,0.0,True,True,True,False,True,False,False,True,True,True,False,2.221246748971782,False,False,23.85,23.450000000000003,23.85,20.400000000000002,40.0,22.3,0,72.32227978255045,2.218245977631852,1.0,s4_narrow_passage_medium,M7,23,3.4,1.0,1.6,sweep
False,18.0,0.8802525185160175,0.2905566773545466,True,91.98756320330644,757.2325188307173,0.029546400332917187,72.02988691336404,0.059879356961586146,0.5850794638075015,0.0059117383429243215,0.0059117383429243215,123.99860650482866,0,0.0,True,True,True,False,True,False,False,True,True,True,False,2.214920536192498,False,False,23.900000000000002,23.700000000000003,23.900000000000002,20.650000000000002,40.0,22.05,0,72.33299781605429,2.2182446586238145,1.0,s4_narrow_passage_medium,M7,24,3.4,1.0,1.6,sweep
False,18.0,0.8198302776413537,0.3122298989147579,True,92.21500850272108,768.4094197939855,0.03079483978360383,72.03541861902328,0.059854135866875664,0.585102527847181,0.005947567021115059,0.005947567021115059,124.25080350670859,0,0.0,True,True,True,False,True,False,False,True,True,True,False,2.2148974721528187,False,False,23.650000000000002,23.55,23.650000000000002,20.6,40.0,22.05,0,72.35464212978033,2.218177787062576,1.0,s4_narrow_passage_medium,M7,25,3.4,1.0,1.6,sweep
False,18.1,0.9632576638984818,0.29144184959269964,True,91.8490348184177,783.3213786105915,0.026841448189762796,72.1289969538055,0.05991485591175489,0.5850410627529772,0.006753775328287626,0.006753775328287626,124.12368799502022,0,0.0,True,True,True,False,True,False,False,True,True,True,False,2.2149589372470224,False,False,24.5,23.8,24.5,20.75,40.0,21.950000000000003,0,72.33034702588961,2.2182443582013764,1.0,s4_narrow_passage_medium,M7,26,3.4,1.0,1.6,sweep
False,17.900000000000002,1.0143836549114555,0.29054128810631663,True,91.70733284409783,740.57719723102,0.022263836870578445,72.12961374878904,0.059917932944636536,0.5850396925413445,0.0067472451657467096,0.0067472451657467096,123.64959022085174,0,0.0,True,True,True,False,True,False,False,True,True,True,False,2.2149603074586555,False,False,24.200000000000003,23.700000000000003,24.200000000000003,20.5,40.0,22.150000000000002,0,72.32196333015376,2.218230869868321,1.0,s4_narrow_passage_medium,M7,27,3.4,1.0,1.6,sweep
False,18.05,0.9554581711698138,0.3171174748625515,True,91.88545658576896,754.7195328603807,0.024968789013732832,72.08262747416104,0.05984884272110016,0.5851052462893395,0.0067097728320198525,0.0067097728320198525,123.97582731980387,0,0.0,True,True,True,False,True,False,False,True,True,True,False,2.2148947537106602,False,False,23.700000000000003,23.6,23.700000000000003,20.650000000000002,40.0,22.0,0,72.37264141741761,2.218190873684737,1.0,s4_narrow_passage_medium,M7,28,3.4,1.0,1.6,sweep
False,18.150000000000002,0.9687139095311712,0.31788963732651937,True,91.71776329097422,767.1791084064583,0.02746566791510612,72.18097991835968,0.05992179239079417,0.5850325081350873,0.007016572040236189,0.007016572040236189,123.90673459053738,0,0.0,True,True,True,False,True,False,False,True,True,True,False,2.2149674918649125,False,False,23.8,23.700000000000003,23.8,20.75,40.0,21.900000000000002,0,72.34864174619408,2.218208697833367,1.0,s4_narrow_passage_medium,M7,29,3.4,1.0,1.6,sweep
False,18.0,0.9844275929637318,0.32621067446115054,True,92.15031750183931,795.940807486366,0.02517686225551394,72.04358637817218,0.05985761084848069,0.5850992345965138,0.006471787266389769,0.006471787266389769,124.17607730390755,0,0.0,True,True,True,False,True,False,False,True,True,True,False,2.214900765403486,False,False,23.700000000000003,23.6,23.700000000000003,20.650000000000002,40.0,22.05,0,72.28968180188325,2.2181939950164162,1.0,s4_narrow_passage_medium,M7,30,3.4,1.0,1.6,sweep
False,17.85,0.9910933893396401,0.32004586493207837,True,91.68159207700256,765.647478871746,0.01976695796920516,72.13786623123161,0.05989895196251779,0.5850568435427949,0.006629501160354919,0.006629501160354919,123.58399169127904,0,0.0,True,True,True,False,True,False,False,True,True,True,False,2.214943156457205,False,False,23.700000000000003,23.450000000000003,23.700000000000003,20.5,40.0,22.200000000000003,0,72.36150246940251,2.2181599305798696,1.0,s4_narrow_passage_medium,M7,31,3.4,1.0,1.6,sweep
False,18.05,0.9819762146695596,0.29142363508064223,True,92.07980650620834,768.767519202913,0.0239284228048273,72.15993491107639,0.0669190204559079,0.5788100798144353,0.0005917069867351912,0.0005917069867351912,124.28828196465817,0,0.0,True,True,True,False,True,False,False,True,True,True,False,2.2211899201855645,False,False,24.450000000000003,23.950000000000003,24.450000000000003,20.700000000000003,40.0,22.0,0,72.31980400231495,2.2182596262493637,1.0,s4_narrow_passage_medium,M7,32,3.4,1.0,1.6,sweep
False,17.900000000000002,0.7872375035539696,0.30357513784789003,True,92.43497321560724,771.1184346144507,0.027881814398668332,72.06035749097308,0.06691029894935513,0.5788174912509838,0.00036547510446211564,0.00036547510446211564,124.1786330069697,0,0.0,True,True,True,False,True,False,False,True,True,True,False,2.221182508749016,False,False,23.650000000000002,23.5,23.650000000000002,20.5,40.0,22.150000000000002,0,72.36123139955882,2.218187455161613,1.0,s4_narrow_passage_medium,M7,33,3.4,1.0,1.6,sweep
False,18.0,0.9884529831210049,0.2907731860004836,True,91.9378428548494,778.3027274673669,0.024344569288389514,72.03927936468901,0.0598503893301107,0.5851047485256703,0.006702603690153881,0.006702603690153881,124.02286164199984,0,0.0,True,True,True,False,True,False,False,True,True,True,False,2.2148952514743296,False,False,24.3,23.900000000000002,24.3,20.6,40.0,22.05,0,72.31696002448876,2.218241137717601,1.0,s4_narrow_passage_medium,M7,34,3.4,1.0,1.6,sweep
False,18.0,0.9890890606681386,0.2885415624550817,True,91.40564006301238,757.1446072874307,0.024344569288389514,72.12971785720866,0.05990072837548276,0.5850537303716732,0.00709278976801289,0.00709278976801289,123.52754824190839,0,0.0,True,True,True,False,True,False,False,True,True,True,False,2.2149462696283266,False,False,24.650000000000002,23.85,24.650000000000002,20.650000000000002,40.0,22.05,0,72.28729834432681,2.2183118110225326,1.0,s4_narrow_passage_medium,M7,35,3.4,1.0,1.6,sweep
False,18.150000000000002,0.9691445367519786,0.29054801569222477,True,91.80068501536229,776.6909654172438,0.02725759467332501,72.02847974089877,0.06694218139450957,0.5787904049583097,0.0005712168061236224,0.0005712168061236224,124.04514674596899,0,0.0,True,True,True,False,True,False,False,True,True,True,False,2.22120959504169,False,False,24.450000000000003,24.05,24.450000000000003,20.75,40.0,21.900000000000002,0,72.34848670233497,2.218286941319458,1.0,s4_narrow_passage_medium,M7,36,3.4,1.0,1.6,sweep
False,18.05,0.9989406449657496,0.29035847170793516,True,91.87516070665193,757.483063920799,0.022888056595921764,72.11025156922601,0.05988389410324969,0.585071147873013,0.006841343608109453,0.006841343608109453,124.1312743759744,0,0.0,True,True,True,False,True,False,False,True,True,True,False,2.2149288521269868,False,False,24.3,23.8,24.3,20.700000000000003,40.0,22.0,0,72.33946988436409,2.218258573344153,1.0,s4_narrow_passage_medium,M7,37,3.4,1.0,1.6,sweep
False,18.1,0.98427343459217,0.3253966015242922,True,91.705118325753,793.3616319422188,0.025801081980857263,72.06480855395286,0.06692365960817696,0.5788063828500649,0.0005958431370537391,0.0005958431370537391,124.08503395238414,0,0.0,True,True,True,False,True,False,False,True,True,True,False,2.221193617149935,False,False,23.8,23.700000000000003,23.8,20.75,40.0,21.950000000000003,0,72.38367200564826,2.2182121875847622,1.0,s4_narrow_passage_medium,M7,38,3.4,1.0,1.6,sweep
False,18.150000000000002,0.9610857097111773,0.290427372771109,True,92.1404756866455,785.6480103454813,0.02725759467332501,72.01994510554145,0.05984745006406413,0.5851087105726249,0.00675213286262603,0.00675213286262603,124.3765985342697,0,0.0,True,True,True,False,True,False,False,True,True,True,False,2.214891289427375,False,False,24.400000000000002,24.0,24.400000000000002,20.8,40.0,21.900000000000002,0,72.35301627081856,2.218269809768096,1.0,s4_narrow_passage_medium,M7,39,3.4,1.0,1.6,sweep
False,18.5,0.9583377205257901,0.31455018714992117,True,91.62516719424787,804.9617085334023,0.02247191011235955,72.11510011741082,0.07677473601696992,0.65742981139584,0.007537931770505408,0.007537931770505408,124.40584129295229,0,0.0,True,True,True,False,True,False,False,True,True,True,False,2.14257018860416,False,False,23.75,23.650000000000002,23.75,20.900000000000002,40.0,21.55,0,72.60659777671128,2.1459458265281053,1.0,s4_narrow_passage_medium,M7,10,3.4,1.0,1.8,sweep
False,18.5,0.9792757500498637,0.31826655048788904,True,91.48922209142789,805.6329244976696,0.02267998335414066,72.15718851623747,0.08472312402893879,0.6511659216881679,0.001292906082999043,0.001292906082999043,124.21471788236944,0,0.0,True,True,True,False,True,False,False,True,True,True,False,2.148834078311832,False,False,24.05,23.700000000000003,24.05,20.950000000000003,40.0,21.55,0,72.53852800424563,2.1459788363088284,1.0,s4_narrow_passage_medium,M7,11,3.4,1.0,1.8,sweep
False,18.5,0.8001721337555614,0.291049894105253,True,91.24488226102108,827.1620680163161,0.03454015813566375,72.30175548389094,0.08408668968865247,0.6516893718568542,0.001488749200792325,0.001488749200792325,123.85632186381466,0,0.0,True,True,True,False,True,False,False,True,True,True,False,2.148310628143146,False,False,24.35,23.950000000000003,24.35,20.950000000000003,40.0,21.55,0,72.5433890157929,2.1465650400327556,1.0,s4_narrow_passage_medium,M7,12,3.4,1.0,1.8,sweep
False,18.35,0.9666057268102517,0.2936725945980745,True,91.59402547994847,861.9747886989701,0.02039117769454848,72.20030557024323,0.07885631190932321,0.6558146077019626,0.002922254947467475,0.002922254947467475,124.12179694869963,0,0.0,True,True,True,False,True,False,False,True,True,True,False,2.144185392298037,False,False,24.55,23.75,24.55,20.75,40.0,21.700000000000003,0,72.52010260564252,2.1463003968809087,1.0,s4_narrow_passage_medium,M7,13,3.4,1.0,1.8,sweep
False,18.1,0.838885146347079,0.3146887953165462,True,92.08573236923296,812.681820775982,0.01706200582605077,72.04971061986025,0.07674250549082091,0.657460772212337,0.006028796049749451,0.006028796049749451,124.11456635611813,0,0.0,True,True,True,False,True,False,False,True,True,True,False,2.1425392277876627,False,False,24.05,23.3,24.05,20.55,40.0,21.950000000000003,0,72.58555997105742,2.145889976563082,1.0,s4_narrow_passage_medium,M7,14,3.4,1.0,1.8,sweep
False,18.5,0.9727673940859909,0.3215382606091652,True,91.69027307030744,856.1638208113164,0.024968789013732832,72.11980530468554,0.07678923761409905,0.6574210055812882,0.0065572122721046676,0.0065572122721046676,124.67806697155797,0,0.0,True,True,True,False,True,False,False,True,True,True,False,2.1425789944187117,False,False,24.25,23.75,24.25,21.0,40.0,21.55,0,72.72298921620049,2.1459815040218184,1.0,s4_narrow_passage_medium,M7,15,3.4,1.0,1.8,sweep
False,18.3,0.901146457632992,0.29231727702025545,True,91.46114739224889,850.8349977885276,0.024968789013732832,72.11762373309637,0.08235271151744708,0.6530545153260329,0.00032495091287271786,0.00032495091287271786,123.98484520518383,0,0.0,True,True,True,False,True,False,False,True,True,True,False,2.146945484673967,False,False,24.05,23.650000000000002,24.05,20.75,40.0,21.75,0,72.4611514146596,2.1462940708257974,1.0,s4_narrow_passage_medium,M7,16,3.4,1.0,1.8,sweep
False,18.400000000000002,0.9613546029473985,0.2923040440874739,True,91.81459990844989,856.681430531912,0.023304203079483977,72.08555328804924,0.0820337067527248,0.6533064552378088,0.0004846532019533809,0.0004846532019533809,124.47119652376935,0,0.0,True,True,True,False,True,False,False,True,True,True,False,2.146693544762191,False,False,24.150000000000002,23.75,24.150000000000002,20.85,40.0,21.650000000000002,0,72.47035474690004,2.1463180580374033,1.0,s4_narrow_passage_medium,M7,17,3.4,1.0,1.8,sweep
False,18.55,0.9768308544177582,0.29237324802370257,True,91.43563285706848,872.6489862738321,0.026425301706200582,72.04499651084838,0.0801239266465096,0.6548115747144361,0.005538872963101261,0.005538872963101261,124.2769157738531,0,0.0,True,True,True,False,True,False,False,True,True,True,False,2.1451884252855637,False,False,24.6,24.0,24.6,21.0,40.0,21.5,0,72.48525752696902,2.1463350807674813,1.0,s4_narrow_passage_medium,M7,18,3.4,1.0,1.8,sweep
False,18.0,0.8223333283763761,0.29526983589193173,True,91.43063173665915,660.4822018081485,0.03266749895963379,83.6253783014799,0.11594867536021274,0.6315008455325543,0.009179755170279202,0.009179755170279202,124.72409177028787,0,0.0,True,True,True,False,True,False,False,True,True,True,False,2.1684991544674457,False,False,23.150000000000002,23.150000000000002,23.150000000000002,20.400000000000002,40.0,22.05,0,84.0718019257895,2.167748765207804,1.0,s4_narrow_passage_medium,M7,19,3.4,1.0,1.8,sweep
False,18.45,0.9824622895905855,0.2923729418310602,True,91.55176609279123,851.339846680235,0.022055763628797336,72.06163010596075,0.08063433282101377,0.6544066998755933,0.005052685067384799,0.005052685067384799,124.23288640824809,0,0.0,True,True,True,False,True,False,False,True,True,True,False,2.1455933001244065,False,False,24.3,24.0,24.3,20.85,40.0,21.6,0,72.47264125517567,2.1462950016080784,1.0,s4_narrow_passage_medium,M7,20,3.4,1.0,1.8,sweep
False,18.650000000000002,0.9484699070319784,0.29234954305578137,True,92.06744557934383,872.4498155810027,0.0239284228048273,72.06395614416999,0.07962312031631459,0.6552089959250543,0.006002542794700218,0.006002542794700218,124.76936076947744,0,0.0,True,True,True,False,True,False,False,True,True,True,False,2.1447910040749454,False,False,24.700000000000003,24.1,24.700000000000003,21.1,40.0,21.400000000000002,0,72.50564503021388,2.1463707216000087,1.0,s4_narrow_passage_medium,M7,21,3.4,1.0,1.8,sweep
False,18.35,0.9742869226983786,0.2924495680981675,True,91.58474690038491,847.6777229317464,0.02039117769454848,72.05887928571002,0.07966320951640411,0.6551768559479679,0.0057696104618931605,0.0057696104618931605,124.1530383690006,0,0.0,True,True,True,False,True,False,False,True,True,True,False,2.144823144052032,False,False,24.1,23.700000000000003,24.1,20.8,40.0,21.700000000000003,0,72.46312603725077,2.1462825444387152,1.0,s4_narrow_passage_medium,M7,22,3.4,1.0,1.8,sweep
False,17.95,0.8565726504677433,0.2921553226851991,True,91.83603654285854,773.8822031163438,0.029754473574698292,72.00689717290778,0.08471447569336411,0.651175912190389,0.0009756623089513753,0.0009756623089513753,123.45109023280096,0,0.0,True,True,True,False,True,False,False,True,True,True,False,2.148824087809611,False,False,23.75,23.5,23.75,20.400000000000002,40.0,22.1,0,72.54683286142175,2.1462420259610484,1.0,s4_narrow_passage_medium,M7,23,3.4,1.0,1.8,sweep
False,18.25,0.8472137611708719,0.29288800948122506,True,92.08226427869673,825.747969861985,0.027049521431543905,72.04763704170409,0.08478493066741931,0.6511208145944298,0.001041451809928554,0.001041451809928554,124.33352099918089,0,0.0,True,True,True,False,True,False,False,True,True,True,False,2.14887918540557,False,False,24.1,23.6,24.1,20.75,40.0,21.8,0,72.50909846163673,2.146205080540742,1.0,s4_narrow_passage_medium,M7,24,3.4,1.0,1.8,sweep
False,18.25,0.7855329440164003,0.2924469923756111,True,92.02550385416762,853.2690489087028,0.03245942571785269,72.04270869875582,0.08119878992336171,0.6539648537313779,0.0011974479591694979,0.0011974479591694979,124.23704131487192,0,0.0,True,True,True,False,True,False,False,True,True,True,False,2.146035146268622,False,False,23.950000000000003,23.85,23.950000000000003,20.700000000000003,40.0,21.8,0,72.45284677181373,2.1462724449536195,1.0,s4_narrow_passage_medium,M7,25,3.4,1.0,1.8,sweep
False,18.45,0.964405162557062,0.2927460006517496,True,91.36755761027075,841.7478831459202,0.02517686225551394,72.11163964230303,0.07676721901846244,0.6574364599420066,0.007433516390610213,0.007433516390610213,124.14128240030772,0,0.0,True,True,True,False,True,False,False,True,True,True,False,2.142563540057993,False,False,24.25,23.75,24.25,20.900000000000002,40.0,21.6,0,72.54727175064838,2.146244238165919,1.0,s4_narrow_passage_medium,M7,26,3.4,1.0,1.8,sweep
False,18.25,1.0145129677199984,0.2923282670516537,True,91.52529605691979,847.1286099797269,0.016853932584269662,72.03493732968836,0.08026429764906963,0.6547000296879771,0.005229604153842391,0.005229604153842391,123.9572848953872,0,0.0,True,True,True,False,True,False,False,True,True,True,False,2.145299970312023,False,False,24.1,23.6,24.1,20.700000000000003,40.0,21.8,0,72.44971404555308,2.146251368720266,1.0,s4_narrow_passage_medium,M7,27,3.4,1.0,1.8,sweep
False,18.35,0.8856116937146734,0.29283237745197127,True,91.89774267877542,842.790237605924,0.020599250936329586,72.03222032059365,0.08071799868601565,0.6543445451380955,0.0014813169517732562,0.0014813169517732562,124.29388679566213,0,0.0,True,True,True,False,True,False,False,True,True,True,False,2.1456554548619042,False,False,23.950000000000003,23.85,23.950000000000003,20.75,40.0,21.700000000000003,0,72.48003486726535,2.146300234862148,1.0,s4_narrow_passage_medium,M7,28,3.4,1.0,1.8,sweep
False,18.55,0.9716200409418312,0.29362354847060684,True,91.60866783240706,851.7434034980088,0.0239284228048273,72.03655865547981,0.08074278826832157,0.6543254279449904,0.0013277703809900694,0.0013277703809900694,124.3297483135247,0,0.0,True,True,True,False,True,False,False,True,True,True,False,2.145674572055009,False,False,24.75,24.05,24.75,20.950000000000003,40.0,21.5,0,72.50256803761036,2.1463502241998187,1.0,s4_narrow_passage_medium,M7,29,3.4,1.0,1.8,sweep
False,18.35,0.9863939923022229,0.29259904736336273,True,91.85937422248054,846.9394448775026,0.022888056595921764,72.08822851629421,0.08085405258683945,0.6542324688812701,0.00484107693711009,0.00484107693711009,124.25527396285347,0,0.0,True,True,True,False,True,False,False,True,True,True,False,2.1457675311187296,False,False,24.200000000000003,23.700000000000003,24.200000000000003,20.8,40.0,21.700000000000003,0,72.46895954433393,2.146277589488249,1.0,s4_narrow_passage_medium,M7,30,3.4,1.0,1.8,sweep
False,18.25,0.9931782919636383,0.2932505295536482,True,91.46407167831775,809.4024012165028,0.018102372034956304,72.01126278397531,0.07674419374485225,0.657462193814854,0.005432033028604788,0.005432033028604788,123.83982890381343,0,0.0,True,True,True,False,True,False,False,True,True,True,False,2.1425378061851457,False,False,23.55,23.55,23.55,20.700000000000003,40.0,21.8,0,72.51759117608448,2.1461939129925645,1.0,s4_narrow_passage_medium,M7,31,3.4,1.0,1.8,sweep
False,18.400000000000002,0.9840299356970557,0.2923170726138671,True,91.88089627462381,860.7800477854908,0.02122347066167291,72.06139922464645,0.08032686124126685,0.6546534126965826,0.0017681153403348378,0.0017681153403348378,124.45882465284075,0,0.0,True,True,True,False,True,False,False,True,True,True,False,2.1453465873034174,False,False,23.950000000000003,23.75,23.950000000000003,20.85,40.0,21.650000000000002,0,72.47967023398316,2.1463001204727696,1.0,s4_narrow_passage_medium,M7,32,3.4,1.0,1.8,sweep
False,18.45,0.9084864443420984,0.3076145048468492,True,92.09400353636727,871.0802178291867,0.022888056595921764,72.14316631425879,0.0847736939037944,0.6511280705117642,0.0018850392166025287,0.0018850392166025287,124.58189834859655,0,0.0,True,True,True,False,True,False,False,True,True,True,False,2.1488719294882355,False,False,23.650000000000002,23.650000000000002,23.650000000000002,20.900000000000002,40.0,21.6,0,72.54511548200414,2.1459543536166086,1.0,s4_narrow_passage_medium,M7,33,3.4,1.0,1.8,sweep
False,18.35,0.9881888778221877,0.29239675285263345,True,91.63350178434337,856.8959001078562,0.02247191011235955,72.04117695672124,0.0801098028732186,0.6548225978611594,0.00540565217322357,0.00540565217322357,124.11032575009818,0,0.0,True,True,True,False,True,False,False,True,True,True,False,2.1451774021388403,False,False,24.200000000000003,23.700000000000003,24.200000000000003,20.8,40.0,21.700000000000003,0,72.4589662789327,2.146274915005254,1.0,s4_narrow_passage_medium,M7,34,3.4,1.0,1.8,sweep
False,18.35,1.0001474331465905,0.29273816731064967,True,91.64842822150014,838.4319219751369,0.020599250936329586,72.13109447166318,0.07680368461417772,0.6574071378564716,0.007278039548190908,0.007278039548190908,124.25308433717406,0,0.0,True,True,True,False,True,False,False,True,True,True,False,2.142592862143528,False,False,24.150000000000002,23.650000000000002,24.150000000000002,20.8,40.0,21.700000000000003,0,72.53715466609869,2.1462203515621674,1.0,s4_narrow_passage_medium,M7,35,3.4,1.0,1.8,sweep
False,18.5,0.9676696705852172,0.29231798687062055,True,91.53801802360339,859.0958963927046,0.02372034956304619,72.06683400586535,0.08028594852323628,0.6546858986746217,0.0017298576518120278,0.0017298576518120278,124.28471359046327,0,0.0,True,True,True,False,True,False,False,True,True,True,False,2.1453141013253783,False,False,24.05,23.85,24.05,20.950000000000003,40.0,21.55,0,72.49412862217174,2.146326469864674,1.0,s4_narrow_passage_medium,M7,36,3.4,1.0,1.8,sweep
False,18.400000000000002,0.9985138405582503,0.2923381063791231,True,91.63546120468818,853.2419200983212,0.017478152309612985,72.04429690457572,0.08007937638370093,0.6548467931254217,0.005491605972127451,0.005491605972127451,124.335410547426,0,0.0,True,True,True,False,True,False,False,True,True,True,False,2.145153206874578,False,False,24.5,23.900000000000002,24.5,20.900000000000002,40.0,21.650000000000002,0,72.47289450986845,2.1463045941623555,1.0,s4_narrow_passage_medium,M7,37,3.4,1.0,1.8,sweep
False,18.5,0.9864089556396356,0.33059337095991576,True,91.51661412870874,797.0068897480697,0.02184769038701623,72.0521739474472,0.08478231059958678,0.651121708514684,0.0011318939754920091,0.0011318939754920091,124.32806778829604,0,0.0,True,True,True,False,True,False,False,True,True,True,False,2.1488782914853157,False,False,24.200000000000003,23.700000000000003,24.200000000000003,20.950000000000003,40.0,21.55,0,72.5665923705468,2.1459636944012996,1.0,s4_narrow_passage_medium,M7,38,3.4,1.0,1.8,sweep
False,18.55,0.9714157027767947,0.29266599035074103,True,92.10952778561861,866.0362936535536,0.023096129837702872,72.30178761887316,0.07781043385814895,0.6566410952675172,0.0036051082341845473,0.0036051082341845473,124.77434282297108,0,0.0,True,True,True,False,True,False,False,True,True,True,False,2.143358904732483,False,False,24.150000000000002,24.05,24.150000000000002,20.950000000000003,40.0,21.5,0,72.55892733512268,2.1463459174320247,1.0,s4_narrow_passage_medium,M7,39,3.4,1.0,1.8,sweep
False,17.400000000000002,0.8587679829119581,0.2972263277316258,True,92.85852596713114,655.2950488701758,0.03786933000416146,72.11184571984333,0.06174260697681402,0.5556294308264177,4.465821293240021e-05,4.465821293240021e-05,123.98212667271794,0,0.0,True,True,True,False,True,False,False,True,True,True,False,2.244370569173582,False,False,23.900000000000002,23.5,23.900000000000002,20.25,40.0,22.650000000000002,0,72.23818364206365,2.241195500412796,1.0,s4_narrow_passage_medium,M7,10,3.4,1.2,1.4,sweep
False,17.2,0.7575387012967594,0.3053762205455037,True,92.01939837221613,610.2498842945494,0.03641281731169372,72.00214572288829,0.061700703066615466,0.5556668437661704,1.2148128733465693e-05,1.2148128733465693e-05,122.56336335402588,0,0.0,True,True,True,False,True,False,False,True,True,True,False,2.2443331562338296,False,False,23.700000000000003,23.200000000000003,23.700000000000003,20.05,40.0,22.85,0,72.16719664133414,2.2411995013587873,1.0,s4_narrow_passage_medium,M7,11,3.4,1.2,1.4,sweep
False,17.55,0.9486966755647488,0.32656224648699334,True,92.56273372822517,691.2644678764203,0.03870162297128589,72.15236508449594,0.05492252215954665,0.5619609566659649,0.006431169642190605,0.006431169642190605,123.95087056506173,0,0.0,True,True,True,False,True,False,False,True,True,True,False,2.2380390433340347,False,False,23.55,23.55,23.55,20.400000000000002,40.0,22.5,0,72.21411006772958,2.2411952097556487,1.0,s4_narrow_passage_medium,M7,12,3.4,1.2,1.4,sweep
False,17.2,0.8526552895506321,0.29629476437226127,True,92.19139589525707,613.6016995112988,0.038077403245942575,71.98129795376096,0.061701161737712375,0.5556664342855782,2.7678378233176877e-05,2.7678378233176877e-05,123.02600849582726,0,0.0,True,True,True,False,True,False,False,True,True,True,False,2.2443335657144217,False,False,24.1,23.5,24.1,20.05,40.0,22.85,0,72.22755037829755,2.2411934438853787,1.0,s4_narrow_passage_medium,M7,13,3.4,1.2,1.4,sweep
False,17.150000000000002,0.8943609403817259,0.2974813970868171,True,92.47272780322652,766.2355935107869,0.030170620058260506,71.97758586600048,0.06171306742441949,0.5556557717877627,0.00022636035659678337,0.00022636035659678337,123.29035616899787,0,0.0,True,True,True,False,True,False,False,True,True,True,False,2.244344228212237,False,False,23.700000000000003,23.400000000000002,23.700000000000003,20.05,40.0,22.900000000000002,0,72.26781758075758,2.241171655187662,1.0,s4_narrow_passage_medium,M7,14,3.4,1.2,1.4,sweep
False,17.5,0.8730471351351741,0.32165474543932415,True,92.76832929751535,708.172102410758,0.04244694132334582,72.13633932750797,0.05492423574916792,0.5619593190718601,0.006426316923958583,0.006426316923958583,124.03939304838542,0,0.0,True,True,True,False,True,False,False,True,True,True,False,2.2380406809281395,False,False,23.950000000000003,23.450000000000003,23.950000000000003,20.3,40.0,22.55,0,72.25580633747967,2.2411888369927127,1.0,s4_narrow_passage_medium,M7,15,3.4,1.2,1.4,sweep
False,17.3,0.8724462536778226,0.29677280625730945,True,92.53735202923268,655.1790056759941,0.03766125676238036,72.09895120808707,0.05491416338533775,0.5619712576836143,0.006386819088340049,0.006386819088340049,123.73528336148718,0,0.0,True,True,True,False,True,False,False,True,True,True,False,2.2380287423163856,False,False,23.950000000000003,23.650000000000002,23.950000000000003,20.150000000000002,40.0,22.75,0,72.2295068907306,2.241191586286456,1.0,s4_narrow_passage_medium,M7,16,3.4,1.2,1.4,sweep
False,17.25,0.8356291451648021,0.2977417086259271,True,93.3202622762299,705.0792124285251,0.04078235538909696,72.04135263312969,0.05491416805416972,0.5619735661517838,0.0063037797778195985,0.0063037797778195985,124.06809613962979,0,0.0,True,True,True,False,True,False,False,True,True,True,False,2.238026433848216,False,False,23.55,23.55,23.55,20.1,40.0,22.8,0,72.22641650382822,2.241192210980102,1.0,s4_narrow_passage_medium,M7,17,3.4,1.2,1.4,sweep
False,17.6,0.9688533584335859,0.3264064615231374,True,92.41765155538836,728.3164702042986,0.03828547648772368,72.03752964838118,0.054906057524969056,0.5619818576988586,0.00629133407198561,0.00629133407198561,123.92794319863964,0,0.0,True,True,True,False,True,False,False,True,True,True,False,2.2380181423011414,False,False,23.6,23.6,23.6,20.450000000000003,40.0,22.450000000000003,0,72.15797495446817,2.2411845188244244,1.0,s4_narrow_passage_medium,M7,18,3.4,1.2,1.4,sweep
False,17.2,0.7650205667523486,0.2949086014306978,True,92.5273577477834,635.2070023778974,0.04203079483978361,72.09327199216979,0.05491572139044822,0.5619679559621004,0.006440138350477729,0.006440138350477729,123.19621483192377,0,0.0,True,True,True,False,True,False,False,True,True,True,False,2.2380320440378996,False,False,23.650000000000002,23.450000000000003,23.650000000000002,20.05,40.0,22.85,0,72.22422371826728,2.2411903655228436,1.0,s4_narrow_passage_medium,M7,19,3.4,1.2,1.4,sweep
False,17.3,0.7197664416704501,0.29578264171749274,True,92.89996179629192,650.1614558242085,0.041406575114440285,72.08024476656126,0.054940957755751745,0.5619465855920464,0.006313681447850662,0.006313681447850662,123.80619704644543,0,0.0,True,True,True,False,True,False,False,True,True,True,False,2.2380534144079536,False,False,23.85,23.450000000000003,23.85,20.1,40.0,22.75,0,72.20273122438748,2.2411923016652318,1.0,s4_narrow_passage_medium,M7,20,3.4,1.2,1.4,sweep
False,17.6,0.8584248149299702,0.29549324388443493,True,92.21076453190368,631.7097843475685,0.03537245110278818,72.11704767618022,0.05493556590899625,0.5619498703965319,0.006394648605969333,0.006394648605969333,123.6370502599309,0,0.0,True,True,True,False,True,False,False,True,True,True,False,2.238050129603468,False,False,24.5,23.85,24.5,20.450000000000003,40.0,22.450000000000003,0,72.27010613575935,2.2411860456056822,1.0,s4_narrow_passage_medium,M7,21,3.4,1.2,1.4,sweep
False,17.1,0.7720777208695753,0.2956555542421565,True,93.18677454549291,692.1132433666301,0.03391593841032043,72.11209756915417,0.061700468062566745,0.555666937502214,9.205904826387819e-05,9.205904826387819e-05,123.77920376215741,0,0.0,True,True,True,False,True,False,False,True,True,True,False,2.2443330624977857,False,False,23.6,23.3,23.6,19.950000000000003,40.0,22.950000000000003,0,72.18820046787317,2.24119811415344,1.0,s4_narrow_passage_medium,M7,22,3.4,1.2,1.4,sweep
False,16.900000000000002,0.7825433231389607,0.29637036062873706,True,92.54894662099684,603.9683669312761,0.045151893466500205,72.08021534546691,0.054907441304000465,0.5619780897613844,0.00638586979943587,0.00638586979943587,122.57126821640568,0,0.0,True,True,True,False,True,False,False,True,True,True,False,2.2380219102386154,False,False,23.75,23.400000000000002,23.75,19.8,40.0,23.150000000000002,0,72.19513118814392,2.2411915139135705,1.0,s4_narrow_passage_medium,M7,23,3.4,1.2,1.4,sweep
False,17.25,0.8159045246279637,0.2981651769377148,True,93.16818484956248,708.38295083508,0.038493549729504785,72.14703117262833,0.05493524225148413,0.5619490345960589,0.006412301186100755,0.006412301186100755,124.02078117298444,0,0.0,True,True,True,False,True,False,False,True,True,True,False,2.238050965403941,False,False,23.950000000000003,23.55,23.950000000000003,20.1,40.0,22.8,0,72.22372213483095,2.241192135148538,1.0,s4_narrow_passage_medium,M7,24,3.4,1.2,1.4,sweep
False,17.45,0.8645468952290838,0.32577796038471246,True,93.07274268105924,719.5526630203651,0.03745318352059925,72.10850499102932,0.05493274852567668,0.5619519655801518,0.006405859708016407,0.006405859708016407,124.25312448654213,0,0.0,True,True,True,False,True,False,False,True,True,True,False,2.238048034419848,False,False,24.3,23.450000000000003,24.3,20.25,40.0,22.6,0,72.25946737375156,2.2411848607282083,1.0,s4_narrow_passage_medium,M7,25,3.4,1.2,1.4,sweep
False,17.400000000000002,0.8010621897961292,0.31609741424873516,True,92.77781176254848,709.4668353660265,0.040366208905534745,72.09540912585237,0.06168723870391258,0.5556786450273338,9.922424667808823e-05,9.922424667808823e-05,123.78402551351272,0,0.0,True,True,True,False,True,False,False,True,True,True,False,2.244321354972666,False,False,24.1,23.400000000000002,24.1,20.200000000000003,40.0,22.650000000000002,0,72.23823071300254,2.2411963027465767,1.0,s4_narrow_passage_medium,M7,26,3.4,1.2,1.4,sweep
False,17.2,0.8969820167420959,0.29703889728841115,True,92.75700553348571,701.6672739466707,0.031210986267166042,72.03756549979342,0.06174149438319474,0.5556305690761595,1.9986708842577267e-05,1.9986708842577267e-05,123.62491960769547,0,0.0,True,True,True,False,True,False,False,True,True,True,False,2.2443694309238404,False,False,23.8,23.400000000000002,23.8,20.05,40.0,22.85,0,72.22497033101246,2.2411953032575003,1.0,s4_narrow_passage_medium,M7,27,3.4,1.2,1.4,sweep
False,17.45,0.9557329038726252,0.2964477155598742,True,92.49784349153902,685.6932307047648,0.033083645443196,72.0997717219404,0.05495224191974127,0.5619324704909925,0.006404192180689528,0.006404192180689528,123.76600280649023,0,0.0,True,True,True,False,True,False,False,True,True,True,False,2.2380675295090073,False,False,23.950000000000003,23.55,23.950000000000003,20.3,40.0,22.6,0,72.25357461943206,2.2411910840493343,1.0,s4_narrow_passage_medium,M7,28,3.4,1.2,1.4,sweep
False,17.45,0.8642280884778766,0.29659813161058113,True,92.53724309907275,697.5089039333186,0.03474823137744486,72.1821957097952,0.05494768827627631,0.5619353258296728,0.006434663784689697,0.006434663784689697,123.7615272742506,0,0.0,True,True,True,False,True,False,False,True,True,True,False,2.238064674170327,False,False,23.75,23.55,23.75,20.3,40.0,22.6,0,72.24211427112634,2.241191041979862,1.0,s4_narrow_passage_medium,M7,29,3.4,1.2,1.4,sweep
False,17.400000000000002,0.9505657476001905,0.2968968868707013,True,92.95272466382815,673.3992136058193,0.03204327923429047,72.14908684538302,0.054961890820202995,0.5619222202228665,0.0063941269966342725,0.0063941269966342725,124.10470517940911,0,0.0,True,True,True,False,True,False,False,True,True,True,False,2.238077779777133,False,False,23.85,23.6,23.85,20.25,40.0,22.650000000000002,0,72.23965120509352,2.2411913433031243,1.0,s4_narrow_passage_medium,M7,30,3.4,1.2,1.4,sweep
False,17.0,0.7996435713232162,0.2954165898050195,True,92.23382548965934,645.3517235390236,0.035164377861007075,71.98120968674401,0.06174404338329471,0.5556281491527039,3.452384352873259e-05,3.452384352873259e-05,122.52321394459862,0,0.0,True,True,True,False,True,False,False,True,True,True,False,2.244371850847296,False,False,23.8,23.400000000000002,23.8,19.85,40.0,23.05,0,72.15164987783265,2.2411961681013604,1.0,s4_narrow_passage_medium,M7,31,3.4,1.2,1.4,sweep
False,17.400000000000002,0.845409834726697,0.2965751126130269,True,92.09847301997232,572.3707322325527,0.035164377861007075,72.03293227906603,0.061723717722003975,0.5556462227357896,6.675569466035817e-05,6.675569466035817e-05,123.24074880397266,0,0.0,True,True,True,False,True,False,False,True,True,True,False,2.24435377726421,False,False,24.200000000000003,23.85,24.200000000000003,20.25,40.0,22.650000000000002,0,72.21895622192652,2.2411913135563335,1.0,s4_narrow_passage_medium,M7,32,3.4,1.2,1.4,sweep
False,17.45,0.8193671919535006,0.2953528757860371,True,91.96918498331057,595.5147670593558,0.03391593841032043,72.04096453644695,0.06174419322219945,0.5556281136041127,3.9000795797531604e-05,3.9000795797531604e-05,123.12635511428714,0,0.0,True,True,True,False,True,False,False,True,True,True,False,2.244371886395887,False,False,24.25,23.900000000000002,24.25,20.3,40.0,22.6,0,72.22009119007875,2.24119605525232,1.0,s4_narrow_passage_medium,M7,33,3.4,1.2,1.4,sweep
False,17.25,0.8375302212268234,0.31608389838572853,True,93.05002775388007,701.9774844761783,0.037037037037037035,72.0595585298066,0.05492431012395423,0.5619633932449251,0.006305951717459135,0.006305951717459135,123.77253470841538,0,0.0,True,True,True,False,True,False,False,True,True,True,False,2.2380366067550748,False,False,23.950000000000003,23.5,23.950000000000003,20.05,40.0,22.8,0,72.22432963012636,2.241191579426837,1.0,s4_narrow_passage_medium,M7,34,3.4,1.2,1.4,sweep
False,17.3,0.8379972663371322,0.29664320827304996,True,91.40360682604206,595.0568180515742,0.03474823137744486,71.9869552293764,0.05489894477569763,0.5619897126252882,0.0063043865541039705,0.0063043865541039705,122.66977105870427,0,0.0,True,True,True,False,True,False,False,True,True,True,False,2.2380102873747116,False,False,24.1,23.75,24.1,20.150000000000002,40.0,22.75,0,72.22756866755577,2.2411996580750326,1.0,s4_narrow_passage_medium,M7,35,3.4,1.2,1.4,sweep
False,17.35,0.8395481364200259,0.2965743572172638,True,92.91201904419785,641.2214384360437,0.036620890553474825,72.11547726724628,0.05491708448847746,0.561967753571223,0.006410062468876407,0.006410062468876407,123.94145621537672,0,0.0,True,True,True,False,True,False,False,True,True,True,False,2.238032246428777,False,False,23.650000000000002,23.450000000000003,23.650000000000002,20.200000000000003,40.0,22.700000000000003,0,72.22462404588461,2.2411916206157185,1.0,s4_narrow_passage_medium,M7,36,3.4,1.2,1.4,sweep
False,17.400000000000002,0.8417979197925061,0.3148579525405616,True,92.93096065516706,658.1888229471301,0.03766125676238036,72.04855876104045,0.06173927421557555,0.555632394011823,3.5136447542978646e-05,3.5136447542978646e-05,123.95496775732943,0,0.0,True,True,True,False,True,False,False,True,True,True,False,2.244367605988177,False,False,24.400000000000002,23.400000000000002,24.400000000000002,20.200000000000003,40.0,22.650000000000002,0,72.23663648514949,2.2411965115525385,1.0,s4_narrow_passage_medium,M7,37,3.4,1.2,1.4,sweep
False,17.5,0.9141524691560654,0.2959713154702649,True,92.30152003130002,688.4191349502669,0.041822721598002495,72.08692700741375,0.054901436998992255,0.561983822089967,0.00636351550887437,0.00636351550887437,123.65697423511958,0,0.0,True,True,True,False,True,False,False,True,True,True,False,2.238016177910033,False,False,23.85,23.75,23.85,20.3,40.0,22.55,0,72.2464131641174,2.241189678999484,1.0,s4_narrow_passage_medium,M7,38,3.4,1.2,1.4,sweep
False,17.5,0.7386701727789238,0.2960829011862995,True,93.27116485127871,713.162024532135,0.04723262588431128,72.07013823727837,0.061737248722026634,0.5556343388072471,3.5422926982995376e-05,3.5422926982995376e-05,124.23641329797975,0,0.0,True,True,True,False,True,False,False,True,True,True,False,2.2443656611927527,False,False,24.0,23.6,24.0,20.3,40.0,22.55,0,72.24529484009499,2.241196368254325,1.0,s4_narrow_passage_medium,M7,39,3.4,1.2,1.4,sweep
False,17.75,0.8676826914770437,0.3016258960857679,True,92.55303460948444,730.5067694275214,0.03474823137744486,72.07154485115663,0.07281542133931679,0.6413696251386392,0.006430909785860557,0.006430909785860557,124.05562768174276,0,0.0,True,True,True,False,True,False,False,True,True,True,False,2.1586303748613607,False,False,23.950000000000003,23.450000000000003,23.950000000000003,20.400000000000002,40.0,22.3,0,72.34851213803957,2.161775705879303,1.0,s4_narrow_passage_medium,M7,10,3.4,1.2,1.6,sweep
False,17.85,0.9233850855833869,0.30154964880631957,True,91.79767945190939,770.209916043909,0.03058676654182272,72.00709116531961,0.0728112224139938,0.6413753085766085,0.006221875194108304,0.006221875194108304,123.59441159601761,0,0.0,True,True,True,False,True,False,False,True,True,True,False,2.158624691423391,False,False,24.05,23.55,24.05,20.5,40.0,22.200000000000003,0,72.36997021430162,2.1617746673322666,1.0,s4_narrow_passage_medium,M7,11,3.4,1.2,1.6,sweep
False,17.85,0.7593447190394202,0.3017174581066746,True,92.33155482442223,741.2407234574935,0.04265501456512692,72.05336477800822,0.08060813072619855,0.6350627902445128,0.0001469841778244501,0.0001469841778244501,123.95987474876176,0,0.0,True,True,True,False,True,False,False,True,True,True,False,2.164937209755487,False,False,23.450000000000003,23.450000000000003,23.450000000000003,20.5,40.0,22.200000000000003,0,72.26401723626238,2.161791687782636,1.0,s4_narrow_passage_medium,M7,12,3.4,1.2,1.6,sweep
False,17.650000000000002,0.9221157922950101,0.29915678254204797,True,92.00852128312869,789.1086579532193,0.03141905950894715,72.0295825928177,0.08064335293302664,0.6350354726881795,4.826162013238518e-05,4.826162013238518e-05,123.49408449961369,0,0.0,True,True,True,False,True,False,False,True,True,True,False,2.1649645273118203,False,False,23.8,23.400000000000002,23.8,20.3,40.0,22.400000000000002,0,72.35732077801445,2.1617786116601647,1.0,s4_narrow_passage_medium,M7,13,3.4,1.2,1.6,sweep
False,17.55,0.9676186700610356,0.31639604224403706,True,92.25228765380616,812.1380227967571,0.02600915522263837,72.29330385992822,0.07289850835996993,0.6412890145846406,0.006849862737796184,0.006849862737796184,123.63814428990634,0,0.0,True,True,True,False,True,False,False,True,True,True,False,2.158710985415359,False,False,24.25,23.55,24.25,20.200000000000003,40.0,22.5,0,72.34072497548863,2.161758767108826,1.0,s4_narrow_passage_medium,M7,14,3.4,1.2,1.6,sweep
False,17.900000000000002,0.9381207952668105,0.2985466880470389,True,91.95436676451412,733.3961599298982,0.03766125676238036,72.05095298735992,0.08061280929540561,0.6350593548375377,5.126064694392566e-05,5.126064694392566e-05,123.91643620100317,0,0.0,True,True,True,False,True,False,False,True,True,True,False,2.164940645162462,False,False,24.3,23.8,24.3,20.55,40.0,22.150000000000002,0,72.4009368176816,2.1617824718388747,1.0,s4_narrow_passage_medium,M7,15,3.4,1.2,1.6,sweep
False,17.650000000000002,0.8805183157719922,0.3006058986422748,True,92.21885366785007,747.2394197104059,0.03412401165210154,72.06590741002191,0.08064157672962434,0.635036787606027,0.0001225934431833042,0.0001225934431833042,123.80168003134432,0,0.0,True,True,True,False,True,False,False,True,True,True,False,2.164963212393973,False,False,23.900000000000002,23.400000000000002,23.900000000000002,20.3,40.0,22.400000000000002,0,72.34215125822571,2.1617867058987126,1.0,s4_narrow_passage_medium,M7,16,3.4,1.2,1.6,sweep
False,17.6,0.8451498861890319,0.32688144117330487,True,92.89700919513601,766.9984640180196,0.041406575114440285,72.02888725941305,0.08062774959831359,0.6350477667259682,0.00010146333106777592,0.00010146333106777592,123.99854764614079,0,0.0,True,True,True,False,True,False,False,True,True,True,False,2.1649522332740316,False,False,23.5,23.150000000000002,23.5,20.200000000000003,40.0,22.450000000000003,0,72.37797291136243,2.161786142899287,1.0,s4_narrow_passage_medium,M7,17,3.4,1.2,1.6,sweep
False,17.900000000000002,0.9716126768995561,0.29910583318086836,True,91.87625839421419,783.3115503344834,0.0359966708281315,72.01840737004319,0.08064143911378331,0.635037013181321,6.410361811767084e-05,6.410361811767084e-05,123.74526469562582,0,0.0,True,True,True,False,True,False,False,True,True,True,False,2.164962986818679,False,False,24.0,23.75,24.0,20.55,40.0,22.150000000000002,0,72.39073974964732,2.1617801332238984,1.0,s4_narrow_passage_medium,M7,18,3.4,1.2,1.6,sweep
False,17.5,0.8086762966255179,0.29709071780320556,True,91.88481575231988,771.8799712371938,0.04057428214731586,72.0871940033145,0.07696277663369515,0.6380232774334703,0.00308052412586565,0.00308052412586565,122.8965718115189,0,0.0,True,True,True,False,True,False,False,True,True,True,False,2.1619767225665294,False,False,24.1,23.55,24.1,20.200000000000003,40.0,22.55,0,72.27845688774707,2.161753488391851,1.0,s4_narrow_passage_medium,M7,19,3.4,1.2,1.6,sweep
False,17.8,0.9827342953508695,0.300775283760192,True,92.13910801827836,736.8931442920424,0.03058676654182272,72.11479958921217,0.0728465089160041,0.6413418278313863,0.006464704533806075,0.006464704533806075,123.95685104241177,0,0.0,True,True,True,False,True,False,False,True,True,True,False,2.1586581721686136,False,False,23.75,23.75,23.75,20.450000000000003,40.0,22.25,0,72.35028288407372,2.1617784846743175,1.0,s4_narrow_passage_medium,M7,20,3.4,1.2,1.6,sweep
False,17.95,0.8965582005871628,0.33359585643505035,True,92.61520591930974,719.1724008272834,0.03141905950894715,72.00595829618689,0.0805968438490955,0.6350718317775782,6.634825938866174e-05,6.634825938866174e-05,124.35452622118683,0,0.0,True,True,True,False,True,False,False,True,True,True,False,2.1649281682224215,False,False,23.75,23.6,23.75,20.6,40.0,22.1,0,72.27516339074589,2.1617919070266156,1.0,s4_narrow_passage_medium,M7,21,3.4,1.2,1.6,sweep
False,17.55,0.861352003080919,0.29959816164966774,True,92.35920953630946,648.7938964806901,0.03162713275072826,71.99294611366872,0.08063685316028947,0.6350405079348479,5.3974913025764865e-05,5.3974913025764865e-05,123.73840701666725,0,0.0,True,True,True,False,True,False,False,True,True,True,False,2.164959492065152,False,False,23.75,23.450000000000003,23.75,20.25,40.0,22.5,0,72.34442344689346,2.161793461364592,1.0,s4_narrow_passage_medium,M7,22,3.4,1.2,1.6,sweep
False,17.2,0.8114273981823061,0.2992688044411752,True,93.06486879835612,661.7757897294049,0.039950062421972535,72.07582546671712,0.0728202247369458,0.6413651578440306,0.006318023142286924,0.006318023142286924,123.61440543391531,0,0.0,True,True,True,False,True,False,False,True,True,True,False,2.158634842155969,False,False,23.450000000000003,23.05,23.450000000000003,19.900000000000002,40.0,22.85,0,72.29781881016011,2.1617867708502705,1.0,s4_narrow_passage_medium,M7,23,3.4,1.2,1.6,sweep
False,17.75,0.9057169143978043,0.30024432882699487,True,92.2470567894501,736.1228013213426,0.033707865168539325,72.09684261973742,0.07284251177543395,0.6413459498044565,0.006423532122307168,0.006423532122307168,123.85169742032576,0,0.0,True,True,True,False,True,False,False,True,True,True,False,2.158654050195543,False,False,24.0,23.5,24.0,20.450000000000003,40.0,22.3,0,72.36224821548242,2.161771607741199,1.0,s4_narrow_passage_medium,M7,24,3.4,1.2,1.6,sweep
False,17.8,0.8341664315539756,0.3207258899775514,True,92.60730665935797,815.3007593664438,0.0328755722014149,72.08316708110294,0.07285595121537893,0.6413335232084667,0.006362751752132799,0.006362751752132799,124.30100043655938,0,0.0,True,True,True,False,True,False,False,True,True,True,False,2.158666476791533,False,False,23.400000000000002,23.400000000000002,23.400000000000002,20.450000000000003,40.0,22.25,0,72.39921983753648,2.1617613142504752,1.0,s4_narrow_passage_medium,M7,25,3.4,1.2,1.6,sweep
False,17.8,0.9276930563311787,0.2989886585805061,True,92.04353647661779,801.4773543102955,0.03454015813566375,72.0510580625211,0.08064583127134896,0.6350335181063594,5.8014940039718414e-05,5.8014940039718414e-05,123.79666562620528,0,0.0,True,True,True,False,True,False,False,True,True,True,False,2.1649664818936403,False,False,23.700000000000003,23.700000000000003,23.700000000000003,20.450000000000003,40.0,22.25,0,72.38280560738605,2.1617775217336703,1.0,s4_narrow_passage_medium,M7,26,3.4,1.2,1.6,sweep
False,17.55,0.9352373562999354,0.29907838362757705,True,92.06120529441978,770.6171154580419,0.025801081980857263,72.06835509968947,0.07283992678054065,0.6413482403178533,0.006356151058245655,0.006356151058245655,123.48400887896508,0,0.0,True,True,True,False,True,False,False,True,True,True,False,2.1586517596821464,False,False,23.450000000000003,23.35,23.450000000000003,20.25,40.0,22.5,0,72.35404638912298,2.1617677434805898,1.0,s4_narrow_passage_medium,M7,27,3.4,1.2,1.6,sweep
False,17.8,0.9688025274516046,0.29996752580382746,True,92.19374051206658,699.3586559822566,0.027881814398668332,72.07970154737087,0.07284364307571119,0.6413455764838368,0.006290067057479871,0.006290067057479871,123.88355442194711,0,0.0,True,True,True,False,True,False,False,True,True,True,False,2.158654423516163,False,False,24.05,23.75,24.05,20.450000000000003,40.0,22.25,0,72.35606214455316,2.161776681421963,1.0,s4_narrow_passage_medium,M7,28,3.4,1.2,1.6,sweep
False,17.75,0.9044444616124137,0.2993972053408295,True,91.63753290900159,684.9490154011586,0.031835205992509365,71.99365243572453,0.08063063541067625,0.6350451200554409,0.00018510455006762725,0.00018510455006762725,123.13521373520587,0,0.0,True,True,True,False,True,False,False,True,True,True,False,2.164954879944559,False,False,23.900000000000002,23.75,23.900000000000002,20.450000000000003,40.0,22.3,0,72.27676879123885,2.161791519348227,1.0,s4_narrow_passage_medium,M7,29,3.4,1.2,1.6,sweep
False,17.7,0.942505658122675,0.33437395589357616,True,92.59341226146879,741.131508447627,0.03162713275072826,72.1040437404067,0.07286319835737333,0.6413269984116441,0.006306566477521391,0.006306566477521391,123.97861374167286,0,0.0,True,True,True,False,True,False,False,True,True,True,False,2.1586730015883555,False,False,23.700000000000003,23.35,23.700000000000003,20.35,40.0,22.35,0,72.37975677149193,2.1617796100891167,1.0,s4_narrow_passage_medium,M7,30,3.4,1.2,1.6,sweep
False,17.5,0.8987661482262481,0.31219208070310056,True,92.08303196847407,699.3177169176173,0.02725759467332501,72.09449659922537,0.07284258366555267,0.641345845815366,0.006434702056367457,0.006434702056367457,123.31360237630966,0,0.0,True,True,True,False,True,False,False,True,True,True,False,2.158654154184634,False,False,23.75,23.200000000000003,23.75,20.150000000000002,40.0,22.55,0,72.32838893782316,2.161776487539274,1.0,s4_narrow_passage_medium,M7,31,3.4,1.2,1.6,sweep
False,17.75,0.9000607372270693,0.29837895482555704,True,91.91280644350992,665.8894990718354,0.030378693300041615,72.06163086327881,0.08059985645326567,0.6350695040312289,4.3483938428394715e-05,4.3483938428394715e-05,123.46691312846693,0,0.0,True,True,True,False,True,False,False,True,True,True,False,2.164930495968771,False,False,24.3,23.85,24.3,20.400000000000002,40.0,22.3,0,72.3753400710541,2.1617840673478907,1.0,s4_narrow_passage_medium,M7,32,3.4,1.2,1.6,sweep
False,17.85,0.9191669529175559,0.29841635157568974,True,91.87241304718758,652.9275528064842,0.028297960882230546,72.06557099271662,0.07281717111382312,0.6413680368840065,0.006294004365152163,0.006294004365152163,123.52382206586026,0,0.0,True,True,True,False,True,False,False,True,True,True,False,2.1586319631159934,False,False,24.400000000000002,24.0,24.400000000000002,20.5,40.0,22.200000000000003,0,72.37799256604063,2.161786667264984,1.0,s4_narrow_passage_medium,M7,33,3.4,1.2,1.6,sweep
False,17.650000000000002,0.8869233633611111,0.2987323656125281,True,91.68283025211925,653.2141094724453,0.02871410736579276,72.03994287821116,0.07282555160929029,0.6413622712802619,0.006288454209231779,0.006288454209231779,123.04794669457377,0,0.0,True,True,True,False,True,False,False,True,True,True,False,2.158637728719738,False,False,24.150000000000002,23.75,24.150000000000002,20.3,40.0,22.400000000000002,0,72.36255235154562,2.1617812303964645,1.0,s4_narrow_passage_medium,M7,34,3.4,1.2,1.6,sweep
False,17.7,0.9130522166813433,0.2984983663924993,True,91.8294049069212,745.3141131273482,0.030378693300041615,72.12993542992676,0.07285360403246852,0.6413349363323247,0.006367828061356779,0.006367828061356779,123.42484022626383,0,0.0,True,True,True,False,True,False,False,True,True,True,False,2.158665063667675,False,False,24.25,23.85,24.25,20.400000000000002,40.0,22.35,0,72.4097609485238,2.1617668043147606,1.0,s4_narrow_passage_medium,M7,35,3.4,1.2,1.6,sweep
False,17.8,0.9288042399496412,0.29770522579142283,True,91.80103156335028,751.9335222713452,0.029546400332917187,72.02152182501435,0.07282617202186455,0.6413621103458041,0.006214228843665558,0.006214228843665558,123.53607802465028,0,0.0,True,True,True,False,True,False,False,True,True,True,False,2.158637889654196,False,False,23.8,23.75,23.8,20.450000000000003,40.0,22.25,0,72.32184402831973,2.1617640180343862,1.0,s4_narrow_passage_medium,M7,36,3.4,1.2,1.6,sweep
True,17.8,0.9980360805882726,0.3556340090212245,False,92.24241175850804,689.9759493336751,0.027049521431543905,72.12271059112398,0.07284081311488916,0.641345819187608,0.006495880103543613,0.006495880103543613,124.06353149743053,0,0.0,True,True,True,False,True,True,False,False,True,True,True,2.158654180812392,False,True,23.400000000000002,23.400000000000002,23.400000000000002,20.450000000000003,40.0,22.25,0,72.35843136189376,2.1617911267836845,1.0,s4_narrow_passage_medium,M7,37,3.4,1.2,1.6,sweep
False,17.8,0.9619186640625228,0.2991408695655366,True,91.8019047169725,799.8167019673873,0.03620474406991261,72.06008664357921,0.08063736987193847,0.6350401881502491,5.7134750130933584e-05,5.7134750130933584e-05,123.62506054423575,0,0.0,True,True,True,False,True,False,False,True,True,True,False,2.1649598118497506,False,False,24.200000000000003,23.6,24.200000000000003,20.5,40.0,22.25,0,72.38985870232807,2.1617760274116886,1.0,s4_narrow_passage_medium,M7,38,3.4,1.2,1.6,sweep
False,17.85,0.8686345545598912,0.2990102835974236,True,92.58065761699265,783.8142918430337,0.03911776945484811,72.07664806860708,0.07282471204347322,0.6413604502858066,0.006406744551100148,0.006406744551100148,124.22003335011502,0,0.0,True,True,True,False,True,False,False,True,True,True,False,2.1586395497141933,False,False,23.75,23.75,23.75,20.55,40.0,22.200000000000003,0,72.38988491801541,2.1617678101432234,1.0,s4_narrow_passage_medium,M7,39,3.4,1.2,1.6,sweep
False,18.150000000000002,0.8893930266634211,0.3028111823301901,True,92.05475743338295,714.7639984724244,0.03537245110278818,72.07724973128467,0.10206285093313855,0.71443853641758,0.00040441260988641057,0.00040441260988641057,124.07766702250002,0,0.0,True,True,True,False,True,False,False,True,True,True,False,2.08556146358242,False,False,23.85,23.75,23.85,20.6,40.0,21.900000000000002,0,72.49020435945084,2.0823911778178883,1.0,s4_narrow_passage_medium,M7,10,3.4,1.2,1.8,sweep
False,18.25,0.9769260575529237,0.302766021307183,True,91.51552778898338,743.3532665858971,0.029754473574698292,72.01161811851834,0.1020334245933797,0.7144592253891188,0.00039261336532695927,0.00039261336532695927,123.75839437167309,0,0.0,True,True,True,False,True,False,False,True,True,True,False,2.085540774610881,False,False,23.85,23.75,23.85,20.700000000000003,40.0,21.8,0,72.52660119582193,2.0823894476453417,1.0,s4_narrow_passage_medium,M7,11,3.4,1.2,1.8,sweep
False,18.2,0.8252430826366923,0.3152740254989569,True,92.3681045318602,754.4633557862651,0.04223886808156471,72.04581721537646,0.09323032742152713,0.7207719110192062,0.0061090838791786365,0.0061090838791786365,124.25349590572387,0,0.0,True,True,True,False,True,False,False,True,True,True,False,2.0792280889807935,False,False,23.8,23.450000000000003,23.8,20.650000000000002,40.0,21.85,0,72.62843144694179,2.082374204602851,1.0,s4_narrow_passage_medium,M7,12,3.4,1.2,1.8,sweep
False,18.05,0.9232949551462093,0.3003969709461683,True,91.10204974326972,761.9021816202467,0.02122347066167291,72.0699099591284,0.09327677379110288,0.7207343861215652,0.006577579696705453,0.006577579696705453,123.19296154963504,0,0.0,True,True,True,False,True,False,False,True,True,True,False,2.0792656138784347,False,False,24.3,23.85,24.3,20.55,40.0,22.0,0,72.57570731883372,2.0823626055069426,1.0,s4_narrow_passage_medium,M7,13,3.4,1.2,1.8,sweep
False,17.75,0.8070150221659038,0.3043263196702964,True,92.1828331174122,722.6168075329141,0.027049521431543905,72.11649348189641,0.09325280697251713,0.7207517845762617,0.006692661112875937,0.006692661112875937,123.67809115382416,0,0.0,True,True,True,False,True,False,False,True,True,True,False,2.079248215423738,False,False,23.400000000000002,23.200000000000003,23.400000000000002,20.3,40.0,22.3,0,72.42233954600931,2.0823816338457033,1.0,s4_narrow_passage_medium,M7,14,3.4,1.2,1.8,sweep
False,18.25,0.9119379143251345,0.3002817074182979,True,91.67716389303763,744.8445561412404,0.03641281731169372,72.09101343514156,0.09321655960683438,0.7207831586700005,0.006083109283773986,0.006083109283773986,124.08707985092693,0,0.0,True,True,True,False,True,False,False,True,True,True,False,2.079216841329999,False,False,24.200000000000003,23.85,24.200000000000003,20.75,40.0,21.8,0,72.47999410793102,2.082362886233937,1.0,s4_narrow_passage_medium,M7,15,3.4,1.2,1.8,sweep
False,18.05,0.9009467603453054,0.3229645478617869,True,91.79162946942752,778.3507986188688,0.03162713275072826,72.09444194732106,0.09322381649360466,0.720774307379337,0.006746345452145637,0.006746345452145637,124.14712205517137,0,0.0,True,True,True,False,True,False,False,True,True,True,False,2.0792256926206627,False,False,23.400000000000002,23.3,23.400000000000002,20.55,40.0,22.0,0,72.42920349905881,2.0825151390983088,1.0,s4_narrow_passage_medium,M7,16,3.4,1.2,1.8,sweep
False,18.05,0.871617739873481,0.3050836317190486,True,92.37334916423495,746.7461107537786,0.03828547648772368,72.00008246332766,0.09321619297521029,0.7207841172547055,0.006002276877888459,0.006002276877888459,124.20324520350545,0,0.0,True,True,True,False,True,False,False,True,True,True,False,2.0792158827452942,False,False,23.5,23.400000000000002,23.5,20.5,40.0,22.0,0,72.44857667482894,2.0823765614950465,1.0,s4_narrow_passage_medium,M7,17,3.4,1.2,1.8,sweep
False,18.25,0.9742165357187342,0.300261618049907,True,91.47368001101698,742.4104661229087,0.032251352476071575,72.11968974799554,0.09325595283250064,0.7207488165750182,0.006782631276542042,0.006782631276542042,123.81571586758429,0,0.0,True,True,True,False,True,False,False,True,True,True,False,2.0792511834249816,False,False,24.35,23.75,24.35,20.75,40.0,21.8,0,72.52329591308485,2.0823733317236703,1.0,s4_narrow_passage_medium,M7,18,3.4,1.2,1.8,sweep
False,17.8,0.8195510321142325,0.3017400822575235,True,92.15851999092507,685.5935158313486,0.038077403245942575,72.06614713114547,0.09325301596545717,0.7207527336499107,0.006557004471511079,0.006557004471511079,123.64337662532697,0,0.0,True,True,True,False,True,False,False,True,True,True,False,2.079247266350089,False,False,23.400000000000002,23.200000000000003,23.400000000000002,20.25,40.0,22.25,0,72.42711280345694,2.082381951986982,1.0,s4_narrow_passage_medium,M7,19,3.4,1.2,1.8,sweep
False,18.150000000000002,0.986049800715975,0.30300625652298857,True,91.83776039742973,741.0582682643413,0.027049521431543905,72.02028735218484,0.10207222699368586,0.7144326791925782,0.0003356130305826247,0.0003356130305826247,124.11028664024785,0,0.0,True,True,True,False,True,False,False,True,True,True,False,2.0855673208074217,False,False,23.75,23.55,23.75,20.650000000000002,40.0,21.900000000000002,0,72.50174375328288,2.082390513066479,1.0,s4_narrow_passage_medium,M7,20,3.4,1.2,1.8,sweep
False,18.35,0.9195603328512869,0.3144568495076437,True,92.38852802756355,792.3752584783863,0.026841448189762796,72.01754900035645,0.0932212046245205,0.7207797498671705,0.0059436704218267826,0.0059436704218267826,124.54579992967219,0,0.0,True,True,True,False,True,False,False,True,True,True,False,2.0792202501328294,False,False,24.200000000000003,23.700000000000003,24.200000000000003,20.85,40.0,21.700000000000003,0,72.50555602760889,2.0823625608101124,1.0,s4_narrow_passage_medium,M7,21,3.4,1.2,1.8,sweep
False,18.05,0.9401482662517664,0.30211388285534313,True,91.92161578795593,719.5795206625934,0.027881814398668332,72.011796259402,0.10206459575785236,0.7144378959859371,0.00032592983518761127,0.00032592983518761127,123.96556262562483,0,0.0,True,True,True,False,True,False,False,True,True,True,False,2.0855621040140626,False,False,23.55,23.450000000000003,23.55,20.5,40.0,22.0,0,72.47360546264976,2.082392339961989,1.0,s4_narrow_passage_medium,M7,22,3.4,1.2,1.8,sweep
False,17.400000000000002,0.8070321568524406,0.2992482022301177,True,92.25328314734571,669.0445727626835,0.04848106533499792,72.0237918948335,0.10205132166656437,0.7144471059420935,0.0002554756223845574,0.0002554756223845574,122.9289025862897,0,0.0,True,True,True,False,True,False,False,True,True,True,False,2.0855528940579062,False,False,23.85,23.25,23.85,20.0,40.0,22.650000000000002,0,72.4009647540235,2.0823956569666913,1.0,s4_narrow_passage_medium,M7,23,3.4,1.2,1.8,sweep
False,18.05,0.8483633457659903,0.317015713598281,True,92.25681172806304,766.715601249704,0.028922180607573865,72.0138545629719,0.10204425206936789,0.7144514444740753,0.00041932251202951473,0.00041932251202951473,124.18221912177225,0,0.0,True,True,True,False,True,False,False,True,True,True,False,2.0855485555259246,False,False,23.950000000000003,23.450000000000003,23.950000000000003,20.55,40.0,22.0,0,72.46227522176049,2.0823884416712986,1.0,s4_narrow_passage_medium,M7,24,3.4,1.2,1.8,sweep
False,17.85,0.759332261124902,0.3168151393548964,True,92.67724710732017,705.7165028431194,0.03786933000416146,72.0051520738961,0.10208038129147773,0.714426418956272,0.00033576644567904194,0.00033576644567904194,124.21215740144203,0,0.0,True,True,True,False,True,False,False,True,True,True,False,2.085573581043728,False,False,23.1,23.1,23.1,20.35,40.0,22.200000000000003,0,72.39760106087742,2.0823897293454565,1.0,s4_narrow_passage_medium,M7,25,3.4,1.2,1.8,sweep
False,17.75,0.780866024162189,0.3041448572787675,True,91.20485565161306,706.580616191002,0.03953391593841032,72.0747779991628,0.10173395972131898,0.7146703375786969,0.0022413048355710433,0.0022413048355710433,122.75590230458278,0,0.0,True,True,True,False,True,False,False,True,True,True,False,2.085329662421303,False,False,24.0,23.0,24.0,20.25,40.0,22.3,0,74.00070500139937,2.0866189583015466,1.0,s4_narrow_passage_medium,M7,26,3.4,1.2,1.8,sweep
False,18.0,0.9930064030662671,0.3031956906877998,True,91.8049351608082,730.0547173225971,0.02039117769454848,72.07548215531091,0.09325085088301342,0.7207539165117605,0.006590505117651141,0.006590505117651141,123.73879610392511,0,0.0,True,True,True,False,True,False,False,True,True,True,False,2.0792460834882394,False,False,23.6,23.5,23.6,20.450000000000003,40.0,22.05,0,72.46663327975556,2.0823786981872425,1.0,s4_narrow_passage_medium,M7,27,3.4,1.2,1.8,sweep
False,18.150000000000002,0.9760032662567453,0.3245518216173711,True,91.85917536549243,750.3152114393827,0.0239284228048273,72.02540599347549,0.09321928133131985,0.7207805821433144,0.006548705748127859,0.006548705748127859,124.17825379611034,0,0.0,True,True,True,False,True,False,False,True,True,True,False,2.0792194178566854,False,False,23.5,23.400000000000002,23.5,20.650000000000002,40.0,21.900000000000002,0,72.42405101256355,2.0824130853805745,1.0,s4_narrow_passage_medium,M7,28,3.4,1.2,1.8,sweep
False,18.2,0.9285390701162484,0.3026917503655864,True,91.68910358066222,711.7279626864831,0.03162713275072826,72.10150525804569,0.10202477869341059,0.7144646654172382,0.0004378932764448757,0.0004378932764448757,123.89215420449227,0,0.0,True,True,True,False,True,False,False,True,True,True,False,2.0855353345827616,False,False,23.85,23.75,23.85,20.700000000000003,40.0,21.85,0,72.51386513840325,2.082389692244461,1.0,s4_narrow_passage_medium,M7,29,3.4,1.2,1.8,sweep
False,18.05,0.9350821538529079,0.3014801325217598,True,92.21930150371499,706.8635641225956,0.02933832709113608,72.07432292278999,0.09324073041550444,0.7207625754572063,0.0066963722319298745,0.0066963722319298745,124.00686636742104,0,0.0,True,True,True,False,True,False,False,True,True,True,False,2.0792374245427934,False,False,24.200000000000003,23.55,24.200000000000003,20.55,40.0,22.0,0,72.48073245577632,2.082376869145345,1.0,s4_narrow_passage_medium,M7,30,3.4,1.2,1.8,sweep
False,17.900000000000002,0.9864907391102726,0.30182984950345687,True,91.65539434985335,714.6845944190293,0.025593008739076155,72.01421175193147,0.1020777596542225,0.7144287659097862,0.0002889644871468676,0.0002889644871468676,123.52351228914179,0,0.0,True,True,True,False,True,False,False,True,True,True,False,2.0855712340902137,False,False,23.450000000000003,23.35,23.450000000000003,20.400000000000002,40.0,22.150000000000002,0,72.45198745815577,2.082393708026417,1.0,s4_narrow_passage_medium,M7,31,3.4,1.2,1.8,sweep
False,18.150000000000002,0.9556568848290861,0.30069270709960616,True,91.79623085108645,705.2489422950871,0.02725759467332501,72.01291540861558,0.0932390515274617,0.7207665645672878,0.006040381697421863,0.006040381697421863,123.80635614222123,0,0.0,True,True,True,False,True,False,False,True,True,True,False,2.079233435432712,False,False,24.450000000000003,23.900000000000002,24.450000000000003,20.650000000000002,40.0,21.900000000000002,0,72.45945462670387,2.0823684936828415,1.0,s4_narrow_passage_medium,M7,32,3.4,1.2,1.8,sweep
False,18.0,0.827344921249112,0.30037108686681985,True,92.05580301236724,748.7534329319451,0.031002913025384937,72.07557793844789,0.10207334779391414,0.7144314870900899,0.0004215952091541508,0.0004215952091541508,123.810951356257,0,0.0,True,True,True,False,True,False,False,True,True,True,False,2.08556851290991,False,False,24.05,23.55,24.05,20.5,40.0,22.05,0,72.42805632244355,2.0823861010340274,1.0,s4_narrow_passage_medium,M7,33,3.4,1.2,1.8,sweep
False,18.05,0.9650489364109254,0.29979570750653256,True,91.64017205353579,703.3471990758193,0.023096129837702872,71.99623338533615,0.09322777967576941,0.7207755565601245,0.006007202521320229,0.006007202521320229,123.59555097356827,0,0.0,True,True,True,False,True,False,False,True,True,True,False,2.0792244434398754,False,False,23.900000000000002,23.700000000000003,23.900000000000002,20.55,40.0,22.0,0,72.47191682562843,2.0823773388155393,1.0,s4_narrow_passage_medium,M7,34,3.4,1.2,1.8,sweep
False,18.0,0.9025127059370248,0.30050198069575745,True,91.88072334891432,785.7296151392393,0.03079483978360383,72.0363359888179,0.1020704862242468,0.7144340496954767,0.000418418076249207,0.000418418076249207,123.9639288117107,0,0.0,True,True,True,False,True,False,False,True,True,True,False,2.085565950304523,False,False,23.950000000000003,23.650000000000002,23.950000000000003,20.5,40.0,22.05,0,72.45245758114747,2.0823825014492185,1.0,s4_narrow_passage_medium,M7,35,3.4,1.2,1.8,sweep
False,18.2,0.9630010014058243,0.31909343205813967,True,91.80840305641065,710.5874800733975,0.028297960882230546,72.01346963004703,0.10205744220224117,0.7144431071835234,0.00026321656848253316,0.00026321656848253316,124.16689343634746,0,0.0,True,True,True,False,True,False,False,True,True,True,False,2.0855568928164763,False,False,24.25,23.450000000000003,24.25,20.650000000000002,40.0,21.85,0,72.4712602705151,2.082398400354597,1.0,s4_narrow_passage_medium,M7,36,3.4,1.2,1.8,sweep
False,18.150000000000002,0.9956228989157763,0.3040423006643764,True,91.8040361938525,732.8438351192634,0.028297960882230546,72.05645406443487,0.10204334698796182,0.714452120015271,0.0004050110577712915,0.0004050110577712915,124.00369259243993,0,0.0,True,True,True,False,True,False,False,True,True,True,False,2.0855478799847287,False,False,23.55,23.55,23.55,20.650000000000002,40.0,21.900000000000002,0,72.51060027813355,2.082390345265127,1.0,s4_narrow_passage_medium,M7,37,3.4,1.2,1.8,sweep
False,18.2,0.9619043797092093,0.3026528863881143,True,91.54423896852404,724.8531336540119,0.0328755722014149,72.00012779168702,0.1020676608511446,0.714435294651795,0.0004000960620648019,0.0004000960620648019,123.84325731747981,0,0.0,True,True,True,False,True,False,False,True,True,True,False,2.085564705348205,False,False,24.150000000000002,23.75,24.150000000000002,20.700000000000003,40.0,21.85,0,72.5085941288237,2.0823900747697017,1.0,s4_narrow_passage_medium,M7,38,3.4,1.2,1.8,sweep
False,18.25,0.8813296267630395,0.30090582581954645,True,92.20464695218341,740.2367436692026,0.0357885975863504,72.01128978190899,0.1020479117963397,0.7144489579248581,0.0004130341302763153,0.0004130341302763153,124.3375408956076,0,0.0,True,True,True,False,True,False,False,True,True,True,False,2.0855510420751417,False,False,24.05,23.650000000000002,24.05,20.700000000000003,40.0,21.8,0,72.5127812039505,2.082389277195144,1.0,s4_narrow_passage_medium,M7,39,3.4,1.2,1.8,sweep
False,17.05,0.6889766954246184,0.3037407782174645,True,93.6248390504087,740.4010400580962,0.04307116104868914,72.19176333836106,0.06241331429156819,0.596362843795362,0.006393209191905611,0.006393209191905611,124.02642280083883,0,0.0,True,True,True,False,True,False,False,True,True,True,False,2.2036371562046377,False,False,23.650000000000002,23.25,23.650000000000002,19.900000000000002,40.0,23.0,0,72.20303818450307,2.2067537024176134,1.0,s4_narrow_passage_medium,M7,10,3.4,1.4,1.4,sweep
False,17.05,0.7584005547387169,0.324615708541533,True,93.01012756250591,756.3898576474606,0.04431960049937578,72.22655772304235,0.06242264039498796,0.5963549108125518,0.006371954911434667,0.006371954911434667,123.49294715774235,0,0.0,True,True,True,False,True,False,False,True,True,True,False,2.203645089187448,False,False,23.85,23.150000000000002,23.85,19.900000000000002,40.0,23.0,0,72.20370233565671,2.2067536551507603,1.0,s4_narrow_passage_medium,M7,11,3.4,1.4,1.4,sweep
False,17.1,0.7901384535247724,0.33008729502390416,True,93.83150225358503,831.3709670629512,0.04848106533499792,72.05450951026414,0.06956469226392374,0.5901242225170327,3.309631793800913e-05,3.309631793800913e-05,124.03804202894767,0,0.0,True,True,True,False,True,False,False,True,True,True,False,2.209875777482967,False,False,24.1,23.1,24.1,19.900000000000002,40.0,22.950000000000003,0,72.26147970486858,2.206740215534994,1.0,s4_narrow_passage_medium,M7,12,3.4,1.4,1.4,sweep
False,16.85,0.7382360813435576,0.31043074312153124,True,93.37278676450825,730.7109131201819,0.045151893466500205,72.07993521426249,0.06961874954720669,0.5900780442352277,5.104692699332083e-05,5.104692699332083e-05,123.56094504137685,0,0.0,True,True,True,False,True,False,False,True,True,True,False,2.2099219557647722,False,False,23.400000000000002,22.950000000000003,23.400000000000002,19.700000000000003,40.0,23.200000000000003,0,72.18692515957024,2.2067566086650894,1.0,s4_narrow_passage_medium,M7,13,3.4,1.4,1.4,sweep
False,16.85,0.706268694926419,0.32991146163562535,True,93.71334395230795,747.6484990987221,0.03828547648772368,72.02193893216712,0.0623540111104807,0.596429001235229,0.006283342868383166,0.006283342868383166,123.81217000426932,0,0.0,True,True,True,False,True,False,False,True,True,True,False,2.203570998764771,False,False,23.25,23.0,23.25,19.75,40.0,23.200000000000003,0,72.18993570495222,2.2067539498103836,1.0,s4_narrow_passage_medium,M7,14,3.4,1.4,1.4,sweep
False,17.2,0.8316221380725752,0.3082335122139865,True,93.3506288823336,758.5361068416548,0.049521431543903455,72.08292872055392,0.06235892713360509,0.5964246583725648,0.006294396317992879,0.006294396317992879,124.17386000029062,0,0.0,True,True,True,False,True,False,False,True,True,True,False,2.203575341627435,False,False,23.950000000000003,23.35,23.950000000000003,20.1,40.0,22.85,0,72.21411028184312,2.206752708764906,1.0,s4_narrow_passage_medium,M7,15,3.4,1.4,1.4,sweep
False,16.95,0.6925149450195265,0.3059890594157068,True,93.47184174529903,747.0183080773345,0.041822721598002495,71.98643122788255,0.06956540740655415,0.5901235348827789,3.9529100034609564e-05,3.9529100034609564e-05,123.8891097713819,0,0.0,True,True,True,False,True,False,False,True,True,True,False,2.2098764651172207,False,False,23.3,23.1,23.3,19.85,40.0,23.1,0,72.18501644685738,2.206757668624632,1.0,s4_narrow_passage_medium,M7,16,3.4,1.4,1.4,sweep
False,17.0,0.8271433356724474,0.31002807195609783,True,94.16423038102589,756.6690931512883,0.04931335830212235,72.20673275060658,0.06237849560618353,0.5963959075553781,0.0064059722501580325,0.0064059722501580325,124.1609345770828,0,0.0,True,True,True,False,True,False,False,True,True,True,False,2.2036040924446216,False,False,23.450000000000003,23.05,23.450000000000003,19.8,40.0,23.05,0,72.19519029277697,2.206753103273759,1.0,s4_narrow_passage_medium,M7,17,3.4,1.4,1.4,sweep
False,17.3,0.8358973769230225,0.3039626846656034,True,93.05828052644819,719.0810818286354,0.04577611319184353,72.13944654376922,0.06236663418530774,0.5964090230213747,0.006399313697843581,0.006399313697843581,123.90493980317056,0,0.0,True,True,True,False,True,False,False,True,True,True,False,2.2035909769786253,False,False,23.650000000000002,23.55,23.650000000000002,20.150000000000002,40.0,22.75,0,72.21239755857756,2.2067539899456676,1.0,s4_narrow_passage_medium,M7,18,3.4,1.4,1.4,sweep
False,16.900000000000002,0.7121827050532861,0.30355696392877934,True,93.39771715763524,719.5458801693562,0.050977944236371205,72.06574625370156,0.06238269832625513,0.5964022644828665,0.006280185336714634,0.006280185336714634,123.65332701846559,0,0.0,True,True,True,False,True,False,False,True,True,True,False,2.2035977355171332,False,False,23.450000000000003,23.150000000000002,23.450000000000003,19.8,40.0,23.150000000000002,0,72.1952063232732,2.2067552893271842,1.0,s4_narrow_passage_medium,M7,19,3.4,1.4,1.4,sweep
False,17.0,0.7781311477195516,0.33127036457922293,True,93.92844704414593,761.9613897220762,0.04744069912609238,72.18224239674478,0.0695732568488992,0.5901178129081543,0.00014822194254572908,0.00014822194254572908,124.17619429230513,0,0.0,True,True,True,False,True,False,False,True,True,True,False,2.2098821870918455,False,False,23.0,23.0,23.0,19.85,40.0,23.05,0,72.1815281137115,2.2067556023611417,1.0,s4_narrow_passage_medium,M7,20,3.4,1.4,1.4,sweep
False,17.3,0.8241866425165851,0.3240192624948958,True,93.21775960371018,754.9933877159593,0.04411152725759467,72.03722803666645,0.069621017443497,0.5900764344141548,1.7945244679159097e-05,1.7945244679159097e-05,124.11672344575105,0,0.0,True,True,True,False,True,False,False,True,True,True,False,2.209923565585845,False,False,24.1,23.5,24.1,20.150000000000002,40.0,22.75,0,72.23711816459681,2.206756486689537,1.0,s4_narrow_passage_medium,M7,21,3.4,1.4,1.4,sweep
False,16.75,0.7227341390548674,0.3034704159924516,True,93.98701754786637,703.0441396243461,0.04535996670828132,72.02056927181302,0.06953778434666262,0.590146964688392,4.257345142469399e-05,4.257345142469399e-05,123.97986802998855,0,0.0,True,True,True,False,True,False,False,True,True,True,False,2.2098530353116077,False,False,23.3,23.0,23.3,19.650000000000002,40.0,23.3,0,72.16577805966291,2.206757857969038,1.0,s4_narrow_passage_medium,M7,22,3.4,1.4,1.4,sweep
False,16.7,0.7288829824947871,0.3042515652530747,True,94.02446808380155,737.9764175129952,0.04702455264253017,72.02886241327869,0.06958864358242808,0.5901037798863897,3.747427864407043e-05,3.747427864407043e-05,123.83995995321527,0,0.0,True,True,True,False,True,False,False,True,True,True,False,2.20989622011361,False,False,23.3,22.900000000000002,23.3,19.6,40.0,23.35,0,72.18314432997296,2.2067568846997547,1.0,s4_narrow_passage_medium,M7,23,3.4,1.4,1.4,sweep
False,16.900000000000002,0.6918073317203157,0.3178762002284983,True,93.94330270509438,751.1067265964032,0.054723262588431125,72.13531083218847,0.06239530199191696,0.596382298674899,0.0063623689403101875,0.0063623689403101875,124.12634095732315,0,0.0,True,True,True,False,True,False,False,True,True,True,False,2.2036177013251006,False,False,23.75,23.05,23.75,19.8,40.0,23.150000000000002,0,72.17476357923785,2.2067563094809723,1.0,s4_narrow_passage_medium,M7,24,3.4,1.4,1.4,sweep
False,17.150000000000002,0.8583873135051217,0.3037949377282974,True,93.69713654237283,769.9651136024919,0.03974198918019143,72.07991911936233,0.062370110179516026,0.5964092389231737,0.006338306972129924,0.006338306972129924,124.41480147099618,0,0.0,True,True,True,False,True,False,False,True,True,True,False,2.203590761076826,False,False,23.450000000000003,23.450000000000003,23.450000000000003,20.0,40.0,22.900000000000002,0,72.21838504100234,2.206754557486286,1.0,s4_narrow_passage_medium,M7,25,3.4,1.4,1.4,sweep
False,16.95,0.7594686389432475,0.32759948987767673,True,93.7499647386271,767.157727301723,0.047648772367873495,72.15442578107258,0.06963161281388261,0.5900672371179646,7.124107266033568e-05,7.124107266033568e-05,123.9544555480251,0,0.0,True,True,True,False,True,False,False,True,True,True,False,2.209932762882035,False,False,23.400000000000002,23.150000000000002,23.400000000000002,19.8,40.0,23.1,0,72.21550510169288,2.2067575674432636,1.0,s4_narrow_passage_medium,M7,26,3.4,1.4,1.4,sweep
False,16.85,0.7775496513598903,0.3199771954918891,True,93.5152074091868,748.0538871117159,0.039950062421972535,72.02938096413318,0.06962448119810023,0.5900731470365863,4.425868400983446e-05,4.425868400983446e-05,123.72782611183025,0,0.0,True,True,True,False,True,False,False,True,True,True,False,2.2099268529634135,False,False,23.8,23.200000000000003,23.8,19.75,40.0,23.200000000000003,0,72.19871026061885,2.206756867516342,1.0,s4_narrow_passage_medium,M7,27,3.4,1.4,1.4,sweep
False,17.0,0.7338375808972948,0.3040099117300003,True,93.47778840370309,732.8263047730568,0.03786933000416146,72.13062402888184,0.0696199881652874,0.5900772275709375,7.967878973593075e-05,7.967878973593075e-05,123.79246993565545,0,0.0,True,True,True,False,True,False,False,True,True,True,False,2.209922772429062,False,False,23.700000000000003,23.200000000000003,23.700000000000003,19.900000000000002,40.0,23.05,0,72.20137819598268,2.2067578422353313,1.0,s4_narrow_passage_medium,M7,28,3.4,1.4,1.4,sweep
False,17.1,0.7305376290501016,0.30395227364606536,True,93.18339676731856,754.0823159726115,0.038493549729504785,71.99790461843114,0.06955417565688914,0.5901330025698662,2.7492490479038078e-05,2.7492490479038078e-05,123.65517864774404,0,0.0,True,True,True,False,True,False,False,True,True,True,False,2.2098669974301335,False,False,23.650000000000002,23.35,23.650000000000002,19.950000000000003,40.0,22.950000000000003,0,72.26223924962824,2.206753828653735,1.0,s4_narrow_passage_medium,M7,29,3.4,1.4,1.4,sweep
False,16.95,0.7924067157916441,0.3322887469271951,True,94.20843105219188,768.9352786925022,0.04223886808156471,72.02722102854706,0.06958559448753383,0.5901063784163262,2.8743185455393764e-05,2.8743185455393764e-05,124.22381259008003,0,0.0,True,True,True,False,True,False,False,True,True,True,False,2.2098936215836735,False,False,23.1,23.0,23.1,19.8,40.0,23.1,0,72.18750152086855,2.2067548139500923,1.0,s4_narrow_passage_medium,M7,30,3.4,1.4,1.4,sweep
False,16.650000000000002,0.7524576014427649,0.30302577064893677,True,93.57875680687124,719.8822650661609,0.04411152725759467,72.01099713125971,0.06962132031883542,0.5900758100856989,4.326920737068693e-05,4.326920737068693e-05,123.35508112468716,0,0.0,True,True,True,False,True,False,False,True,True,True,False,2.209924189914301,False,False,23.200000000000003,23.0,23.200000000000003,19.5,40.0,23.400000000000002,0,72.17355490351447,2.2067584442051547,1.0,s4_narrow_passage_medium,M7,31,3.4,1.4,1.4,sweep
False,17.0,0.7835609965887069,0.3299575367068827,True,94.0666817894277,781.642377378131,0.04848106533499792,72.09827018666985,0.06240387946422878,0.5963771740649455,0.006333811410260818,0.006333811410260818,124.20060558938772,0,0.0,True,True,True,False,True,False,False,True,True,True,False,2.2036228259350543,False,False,23.35,23.1,23.35,19.8,40.0,23.05,0,72.20270821753483,2.2067515197134893,1.0,s4_narrow_passage_medium,M7,32,3.4,1.4,1.4,sweep
False,17.25,0.7795016656498504,0.321554101691808,True,93.21270774616599,749.3692881483919,0.04015813566375364,72.13063334684821,0.06963433380903902,0.5900649004527834,7.93351906383536e-05,7.93351906383536e-05,124.15187723899827,0,0.0,True,True,True,False,True,False,False,True,True,True,False,2.2099350995472165,False,False,23.6,23.35,23.6,20.150000000000002,40.0,22.8,0,72.21880201868674,2.2067573743983973,1.0,s4_narrow_passage_medium,M7,33,3.4,1.4,1.4,sweep
False,16.95,0.8037035129050356,0.301997382298255,True,92.83476221813405,678.1749482846303,0.037037037037037035,72.01460920017946,0.06237638864710232,0.5964052186459444,0.00632928871137017,0.00632928871137017,123.28746391670768,0,0.0,True,True,True,False,True,False,False,True,True,True,False,2.2035947813540555,False,False,23.900000000000002,23.450000000000003,23.900000000000002,19.900000000000002,40.0,23.1,0,72.17219912863389,2.2067564971455598,1.0,s4_narrow_passage_medium,M7,34,3.4,1.4,1.4,sweep
False,16.85,0.85074408259014,0.3066032591414466,True,93.61085277762407,735.4148076765116,0.04577611319184353,72.03512450233474,0.069602379620696,0.5900914791877527,5.6190976239323114e-05,5.6190976239323114e-05,123.8458120242013,0,0.0,True,True,True,False,True,False,False,True,True,True,False,2.209908520812247,False,False,23.1,23.0,23.1,19.700000000000003,40.0,23.200000000000003,0,72.16769859511635,2.2067575831966426,1.0,s4_narrow_passage_medium,M7,35,3.4,1.4,1.4,sweep
False,17.0,0.7059415765129928,0.3024806460863598,True,93.35754982067891,715.845255599144,0.04868913857677903,72.1250069798601,0.06962278313214908,0.5900745414898169,8.829595136550005e-05,8.829595136550005e-05,123.69267913063794,0,0.0,True,True,True,False,True,False,False,True,True,True,False,2.209925458510183,False,False,23.5,23.25,23.5,19.85,40.0,23.05,0,72.19677063991504,2.2067562498139135,1.0,s4_narrow_passage_medium,M7,36,3.4,1.4,1.4,sweep
False,17.150000000000002,0.7741520452111981,0.30221130508247646,True,92.8833103545365,698.7697399116983,0.041822721598002495,72.18290345447599,0.0695778941277883,0.590113914477002,0.00012208054732219245,0.00012208054732219245,123.39773896808259,0,0.0,True,True,True,False,True,False,False,True,True,True,False,2.2098860855229976,False,False,24.0,23.55,24.0,20.0,40.0,22.900000000000002,0,72.2048535765423,2.2067542930132418,1.0,s4_narrow_passage_medium,M7,37,3.4,1.4,1.4,sweep
False,17.150000000000002,0.8195731594797289,0.3147599906482305,True,93.1533383755166,767.5746626468855,0.049937578027465665,72.07520143437235,0.06953752051544962,0.5901471298362331,4.022640002493026e-05,4.022640002493026e-05,123.80735647050079,0,0.0,True,True,True,False,True,False,False,True,True,True,False,2.2098528701637665,False,False,23.8,23.5,23.8,20.05,40.0,22.900000000000002,0,72.21882491718418,2.2067566971870978,1.0,s4_narrow_passage_medium,M7,38,3.4,1.4,1.4,sweep
False,17.2,0.7679749352595608,0.3227347077544188,True,93.85378748116617,770.3030859180934,0.049521431543903455,72.2360683019333,0.06241397542717413,0.5963622137848711,0.006399099854240649,0.006399099854240649,124.27540678521126,0,0.0,True,True,True,False,True,False,False,True,True,True,False,2.2036377862151286,False,False,23.85,23.450000000000003,23.85,20.0,40.0,22.85,0,72.21385814528232,2.2067508698837086,1.0,s4_narrow_passage_medium,M7,39,3.4,1.4,1.4,sweep
False,17.400000000000002,0.725944496161983,0.3268196857210778,True,93.2066792566895,740.6560561196483,0.048064918851435705,72.01003613806833,0.09093350428097487,0.674400554542097,7.884706161321949e-05,7.884706161321949e-05,124.03357727243535,0,0.0,True,True,True,False,True,False,False,True,True,True,False,2.125599445457903,False,False,23.200000000000003,23.1,23.200000000000003,20.05,40.0,22.650000000000002,0,72.31775988375395,2.1224338230022783,1.0,s4_narrow_passage_medium,M7,10,3.4,1.4,1.6,sweep
True,17.5,0.8287931026607691,0.36014368946927516,False,92.31444556309714,740.949607755547,0.04203079483978361,72.00717602133531,0.09090279444767085,0.6744237071007517,7.439010676260696e-05,7.439010676260696e-05,123.4186947356408,0,0.0,True,True,True,False,True,True,False,False,True,True,True,2.125576292899248,False,True,23.3,23.200000000000003,23.3,20.150000000000002,40.0,22.55,0,72.32705199901937,2.1224326493957153,1.0,s4_narrow_passage_medium,M7,11,3.4,1.4,1.6,sweep
False,17.55,0.7660394708558063,0.31579524990734015,True,93.0082126681093,763.9702580050739,0.052850603412401165,72.12169486126892,0.08264255749377031,0.6807051999140752,0.00645610458418377,0.00645610458418377,123.90094816927966,0,0.0,True,True,True,False,True,False,False,True,True,True,False,2.1192948000859246,False,False,23.450000000000003,23.450000000000003,23.450000000000003,20.200000000000003,40.0,22.5,0,72.32913937898367,2.1224266249953523,1.0,s4_narrow_passage_medium,M7,12,3.4,1.4,1.6,sweep
False,17.2,0.7574257464059426,0.32828243498237875,True,92.9746871641442,735.7342224184645,0.04411152725759467,72.16023182401904,0.08262458860191761,0.6807199032556476,0.006413127929957254,0.006413127929957254,123.65136909887852,0,0.0,True,True,True,False,True,False,False,True,True,True,False,2.1192800967443524,False,False,23.150000000000002,22.950000000000003,23.150000000000002,19.900000000000002,40.0,22.85,0,72.28953351241442,2.1224302940542237,1.0,s4_narrow_passage_medium,M7,13,3.4,1.4,1.6,sweep
False,17.2,0.7855114139164219,0.32567024851867027,True,92.92172963195367,766.0514286872337,0.03474823137744486,72.07538623400035,0.08261926868963772,0.6807271255687614,0.006334149059153296,0.006334149059153296,123.5043937367644,0,0.0,True,True,True,False,True,False,False,True,True,True,False,2.1192728744312386,False,False,23.5,22.950000000000003,23.5,19.900000000000002,40.0,22.85,0,72.36330844585461,2.1224180194252398,1.0,s4_narrow_passage_medium,M7,14,3.4,1.4,1.6,sweep
False,17.55,0.8041021302298457,0.30568974395747045,True,92.6083203756238,723.6628677934452,0.04972950478568456,72.03510565570663,0.08263875874844259,0.6807137328982839,0.0063427103248272325,0.0063427103248272325,123.73233160752036,0,0.0,True,True,True,False,True,False,False,True,True,True,False,2.119286267101716,False,False,23.650000000000002,23.5,23.650000000000002,20.200000000000003,40.0,22.5,0,72.32608031011196,2.1224278856806977,1.0,s4_narrow_passage_medium,M7,15,3.4,1.4,1.6,sweep
False,17.25,0.6841616804688921,0.32475007224126046,True,93.19101201107196,739.9432026197828,0.04431960049937578,72.03232744873786,0.09093539323380768,0.6743991831273753,7.837243040431102e-05,7.837243040431102e-05,123.94213138083839,0,0.0,True,True,True,False,True,False,False,True,True,True,False,2.1256008168726246,False,False,23.200000000000003,23.0,23.200000000000003,19.950000000000003,40.0,22.8,0,72.28700067107808,2.122433718428224,1.0,s4_narrow_passage_medium,M7,16,3.4,1.4,1.6,sweep
False,17.150000000000002,0.7722293241359182,0.3312020791734947,True,94.0483862916813,836.7020323428807,0.05201831044527674,72.02054410814063,0.09093481828322635,0.6744001675722746,6.180127589733415e-05,6.180127589733415e-05,124.05189843467022,0,0.0,True,True,True,False,True,False,False,True,True,True,False,2.125599832427725,False,False,22.85,22.75,22.85,19.75,40.0,22.900000000000002,0,72.33553573334225,2.1224193137459837,1.0,s4_narrow_passage_medium,M7,17,3.4,1.4,1.6,sweep
False,17.6,0.7940762033375772,0.3061795849962184,True,92.31940278292028,725.3596365326443,0.042863087806908035,71.9921436115815,0.09093634667232149,0.6743988573139368,6.705427422498733e-05,6.705427422498733e-05,123.60464898700116,0,0.0,True,True,True,False,True,False,False,True,True,True,False,2.125601142686063,False,False,23.8,23.5,23.8,20.25,40.0,22.450000000000003,0,72.33152824960392,2.1224320570662316,1.0,s4_narrow_passage_medium,M7,18,3.4,1.4,1.6,sweep
False,17.2,0.7074391445688331,0.3078731856589067,True,93.02332726984736,725.9764160312612,0.04931335830212235,72.07379219967906,0.08262931849854167,0.6807193076338057,0.006335321337030194,0.006335321337030194,123.51086344184525,0,0.0,True,True,True,False,True,False,False,True,True,True,False,2.119280692366194,False,False,23.35,23.1,23.35,19.900000000000002,40.0,22.85,0,72.26568566814598,2.122423415573639,1.0,s4_narrow_passage_medium,M7,19,3.4,1.4,1.6,sweep
False,17.45,0.8609785430700698,0.31962291493602546,True,92.95479520333848,742.9888719452692,0.04307116104868914,72.07660746179364,0.08262460866048611,0.6807225933297166,0.006374313810915369,0.006374313810915369,124.11469971219856,0,0.0,True,True,True,False,True,False,False,True,True,True,False,2.119277406670283,False,False,23.450000000000003,23.25,23.450000000000003,20.150000000000002,40.0,22.6,0,72.30932074561255,2.122423196941929,1.0,s4_narrow_passage_medium,M7,20,3.4,1.4,1.6,sweep
False,17.55,0.7554919235888733,0.3055850287719483,True,92.93795046822407,739.5509951256364,0.04577611319184353,72.0428872886191,0.08262359469818721,0.6807247687242212,0.006384841229601339,0.006384841229601339,123.91167745196873,0,0.0,True,True,True,False,True,False,False,True,True,True,False,2.1192752312757785,False,False,23.650000000000002,23.55,23.650000000000002,20.25,40.0,22.5,0,72.32773221007426,2.1224273508242586,1.0,s4_narrow_passage_medium,M7,21,3.4,1.4,1.6,sweep
False,17.150000000000002,0.7243166240839305,0.30589817526794205,True,93.061362750812,727.0037431099466,0.04702455264253017,72.06897525393687,0.09095563993590022,0.674384581445786,1.3904746524127086e-05,1.3904746524127086e-05,123.43963265970834,0,0.0,True,True,True,False,True,False,False,True,True,True,False,2.1256154185542138,False,False,23.8,23.25,23.8,19.85,40.0,22.900000000000002,0,72.25390154749122,2.1224358414666153,1.0,s4_narrow_passage_medium,M7,22,3.4,1.4,1.6,sweep
False,16.75,0.7227677377127566,0.3064806350382967,True,93.7814511549438,714.8665959991861,0.05014565126924678,72.04830342756372,0.09095700205275191,0.67438339275627,5.327100584729111e-05,5.327100584729111e-05,123.68962813953121,0,0.0,True,True,True,False,True,False,False,True,True,True,False,2.12561660724373,False,False,23.3,22.8,23.3,19.650000000000002,40.0,23.3,0,72.24139146347079,2.1224373259670513,1.0,s4_narrow_passage_medium,M7,23,3.4,1.4,1.6,sweep
False,17.25,0.7705235342207215,0.3292614963664877,True,93.61763395547003,846.2122398314755,0.050977944236371205,72.05076201490331,0.08684880916254299,0.6775167399382241,0.0031100360661717005,0.0031100360661717005,124.08616434928342,0,0.0,True,True,True,False,True,False,False,True,True,True,False,2.1224832600617756,False,False,23.1,22.900000000000002,23.1,19.950000000000003,40.0,22.8,0,72.27576600830491,2.122396947182353,1.0,s4_narrow_passage_medium,M7,24,3.4,1.4,1.6,sweep
False,17.45,0.7724329662215215,0.3220428118753257,True,93.40798273569085,758.1312904820176,0.04161464835622139,72.00749129706702,0.09091782358907223,0.6744124996142483,6.780039760873423e-05,6.780039760873423e-05,124.40949914422335,0,0.0,True,True,True,False,True,False,False,True,True,True,False,2.1255875003857514,False,False,23.400000000000002,23.200000000000003,23.400000000000002,20.150000000000002,40.0,22.6,0,72.30590774619537,2.1224328731113955,1.0,s4_narrow_passage_medium,M7,25,3.4,1.4,1.6,sweep
False,17.25,0.7496903174196448,0.3286899669456296,True,93.24235007504033,775.4830498244469,0.04931335830212235,72.11761656812224,0.08262078244631786,0.6807242713301188,0.0064029729524258654,0.0064029729524258654,123.93477571085633,0,0.0,True,True,True,False,True,False,False,True,True,True,False,2.119275728669881,False,False,23.650000000000002,23.1,23.650000000000002,19.950000000000003,40.0,22.8,0,72.31176762367589,2.1224209287165867,1.0,s4_narrow_passage_medium,M7,26,3.4,1.4,1.6,sweep
False,17.2,0.6914588499272869,0.32921019054458406,True,93.20878610448743,742.7164762178631,0.03495630461922597,72.03557668586531,0.09092691797882783,0.6744057453156342,7.86721675103957e-05,7.86721675103957e-05,123.79192712324394,0,0.0,True,True,True,False,True,False,False,True,True,True,False,2.1255942546843656,False,False,23.900000000000002,22.900000000000002,23.900000000000002,19.900000000000002,40.0,22.85,0,72.2827612236024,2.122435577946116,1.0,s4_narrow_passage_medium,M7,27,3.4,1.4,1.6,sweep
False,17.400000000000002,0.8074089621309655,0.3274326894303606,True,92.99946849113405,735.6335692188654,0.03974198918019143,72.10102178691301,0.08262973935430436,0.6807178658186612,0.006330723004539412,0.006330723004539412,123.87195918442252,0,0.0,True,True,True,False,True,False,False,True,True,True,False,2.1192821341813386,False,False,23.35,23.150000000000002,23.35,20.1,40.0,22.650000000000002,0,72.303631073307,2.122426327377503,1.0,s4_narrow_passage_medium,M7,28,3.4,1.4,1.6,sweep
False,17.35,0.7223124671383288,0.3068434783452214,True,92.97202300756382,762.8854194991579,0.04390345401581357,72.02246272123035,0.0826194991381924,0.6807313561127403,0.006343057598400161,0.006343057598400161,123.71419723507265,0,0.0,True,True,True,False,True,False,False,True,True,True,False,2.1192686438872594,False,False,23.6,23.400000000000002,23.6,20.05,40.0,22.700000000000003,0,72.38124578258139,2.122414773254385,1.0,s4_narrow_passage_medium,M7,29,3.4,1.4,1.6,sweep
True,17.35,0.8368198406856362,0.36378796660662943,False,93.52446393674222,737.2853651170199,0.04307116104868914,72.04848670807822,0.09095187737474668,0.6743872789590514,5.062785408681313e-05,5.062785408681313e-05,123.97953273218619,0,0.0,True,True,True,False,True,True,False,False,True,True,True,2.1256127210409486,False,True,22.950000000000003,22.950000000000003,22.950000000000003,20.0,40.0,22.700000000000003,0,72.30100802882163,2.1224316849703007,1.0,s4_narrow_passage_medium,M7,30,3.4,1.4,1.6,sweep
False,17.05,0.7412361097771998,0.3071996681421869,True,92.68921954767494,781.4843417630888,0.04203079483978361,72.27549036372642,0.08859291340250959,0.6761848497429469,0.0019034679455433093,0.0019034679455433093,122.84417020424459,0,0.0,True,True,True,False,True,False,False,True,True,True,False,2.123815150257053,False,False,23.650000000000002,23.150000000000002,23.650000000000002,19.75,40.0,23.0,0,72.2655719074359,2.122402421628187,1.0,s4_narrow_passage_medium,M7,31,3.4,1.4,1.6,sweep
False,17.35,0.8245753090596291,0.3335616886361838,True,93.52293927417816,784.9266032725934,0.04640033291718685,72.12224387887629,0.08264820248536182,0.6807017214896945,0.006415536542906059,0.006415536542906059,124.09990449442546,0,0.0,True,True,True,False,True,False,False,True,True,True,False,2.119298278510305,False,False,23.700000000000003,23.150000000000002,23.700000000000003,20.0,40.0,22.700000000000003,0,72.34063882117889,2.122419992836636,1.0,s4_narrow_passage_medium,M7,32,3.4,1.4,1.6,sweep
False,17.55,0.816745763485635,0.3068956982752419,True,92.90247025110105,742.9326579831662,0.03828547648772368,72.12857571408937,0.08264697566479827,0.6807029885762589,0.0064392479091676304,0.0064392479091676304,124.15786995468552,0,0.0,True,True,True,False,True,False,False,True,True,True,False,2.119297011423741,False,False,23.75,23.55,23.75,20.25,40.0,22.5,0,72.32522802367914,2.122427229897151,1.0,s4_narrow_passage_medium,M7,33,3.4,1.4,1.6,sweep
False,17.150000000000002,0.8137043707521234,0.32203429067532496,True,93.47457638509412,725.9049448925145,0.04390345401581357,72.05397319036892,0.0909434917869064,0.6743934503912433,3.987816757350852e-05,3.987816757350852e-05,123.72699598030017,0,0.0,True,True,True,False,True,False,False,True,True,True,False,2.1256065496087566,False,False,23.8,22.950000000000003,23.8,19.8,40.0,22.900000000000002,0,72.21753962833166,2.1224327413978257,1.0,s4_narrow_passage_medium,M7,34,3.4,1.4,1.6,sweep
False,17.400000000000002,0.8277773172580922,0.3066447400538608,True,92.92404082436323,745.6835190708326,0.04369538077403246,72.03941950328854,0.09092613744539942,0.6744060352097319,6.36066915267323e-05,6.36066915267323e-05,124.11363293239921,0,0.0,True,True,True,False,True,False,False,True,True,True,False,2.125593964790268,False,False,23.6,23.3,23.6,20.1,40.0,22.650000000000002,0,72.30652094010556,2.12243352720321,1.0,s4_narrow_passage_medium,M7,35,3.4,1.4,1.6,sweep
False,17.3,0.7049037199640378,0.3113519008376433,True,93.33807453055621,743.1348840787547,0.04577611319184353,72.03553300603237,0.08263982737630926,0.6807131536202308,0.006264213590433787,0.006264213590433787,124.04750493076432,0,0.0,True,True,True,False,True,False,False,True,True,True,False,2.119286846379769,False,False,23.55,23.25,23.55,20.0,40.0,22.75,0,72.28109828898978,2.122425494849828,1.0,s4_narrow_passage_medium,M7,36,3.4,1.4,1.6,sweep
False,17.45,0.7819180191343464,0.3078037043258772,True,92.47389388760388,714.1863494382563,0.039950062421972535,72.13310398381915,0.0826774375026073,0.6806770217102284,0.0063760602060759855,0.0063760602060759855,123.29109355009518,0,0.0,True,True,True,False,True,False,False,True,True,True,False,2.1193229782897713,False,False,24.05,23.55,24.05,20.150000000000002,40.0,22.6,0,72.29287423787922,2.122415936402222,1.0,s4_narrow_passage_medium,M7,37,3.4,1.4,1.6,sweep
False,17.5,0.8575245084964951,0.30616814778419227,True,92.31876351976278,759.5751493843401,0.04390345401581357,72.0582241494333,0.08259915597610017,0.6807480115460535,0.006344276075201963,0.006344276075201963,123.44600023691763,0,0.0,True,True,True,False,True,False,False,True,True,True,False,2.1192519884539465,False,False,23.450000000000003,23.450000000000003,23.450000000000003,20.200000000000003,40.0,22.55,0,72.31167726318189,2.122416480688008,1.0,s4_narrow_passage_medium,M7,38,3.4,1.4,1.6,sweep
False,17.55,0.7959011729197842,0.30710610400635685,True,93.32380078233545,747.9630508051124,0.04744069912609238,72.08349360945707,0.08262963007189163,0.6807176827287976,0.0063754228594090755,0.0063754228594090755,124.20031199513053,0,0.0,True,True,True,False,True,False,False,True,True,True,False,2.1192823172712023,False,False,23.75,23.55,23.75,20.25,40.0,22.5,0,72.31832863383708,2.1224233754157726,1.0,s4_narrow_passage_medium,M7,39,3.4,1.4,1.6,sweep
False,17.75,0.7392195932751677,0.31499595042018497,True,91.75565765583778,624.0453553511995,0.04972950478568456,72.07029922024388,0.10570299915482129,0.7650499022238243,0.006545148789577164,0.006545148789577164,122.90154186995798,0,0.0,True,True,True,False,True,False,False,True,True,True,False,2.0349500977761754,False,False,23.450000000000003,23.200000000000003,23.450000000000003,20.25,40.0,22.3,0,72.33723813371664,2.0381305444258793,1.0,s4_narrow_passage_medium,M7,10,3.4,1.4,1.8,sweep
True,17.900000000000002,0.9161923334396282,0.3587583620609125,False,91.98285311233317,752.5717553366579,0.03766125676238036,72.08701299854586,0.10572460819347042,0.7650338248295672,0.006587826163283151,0.006587826163283151,123.65982212983963,0,0.0,True,True,True,False,True,True,False,False,True,True,True,2.0349661751704327,False,True,23.55,23.450000000000003,23.55,20.450000000000003,40.0,22.150000000000002,0,72.55708696986947,2.0380772169542745,1.0,s4_narrow_passage_medium,M7,11,3.4,1.4,1.8,sweep
False,17.95,0.7744205594927644,0.30855823753839795,True,92.58255567270142,761.3434879836524,0.05035372451102788,72.04216377635126,0.11509078025985031,0.7587202173349654,0.00020491991141038463,0.00020491991141038463,123.89331699301499,0,0.0,True,True,True,False,True,False,False,True,True,True,False,2.0412797826650344,False,False,23.700000000000003,23.55,23.700000000000003,20.450000000000003,40.0,22.1,0,72.53656891491306,2.038091884109516,1.0,s4_narrow_passage_medium,M7,12,3.4,1.4,1.8,sweep
False,17.650000000000002,0.8002181979550202,0.3342781240953476,True,92.30889151949617,697.085717901977,0.04203079483978361,72.00706610018509,0.11509734683901414,0.758716128526313,0.00017156720814152346,0.00017156720814152346,123.68779074404749,0,0.0,True,True,True,False,True,False,False,True,True,True,False,2.041283871473687,False,False,23.5,23.200000000000003,23.5,20.150000000000002,40.0,22.400000000000002,0,72.45156938719354,2.038100627016616,1.0,s4_narrow_passage_medium,M7,13,3.4,1.4,1.8,sweep
False,17.6,0.8572776870029133,0.3378886297453714,True,92.43739121937398,731.6115368492411,0.0328755722014149,72.03643299809825,0.11510592271012778,0.758710433304494,0.00016867715810438527,0.00016867715810438527,123.64302483552832,0,0.0,True,True,True,False,True,False,False,True,True,True,False,2.041289566695506,False,False,23.400000000000002,23.05,23.400000000000002,20.150000000000002,40.0,22.450000000000003,0,72.49354678880324,2.0381000763062573,1.0,s4_narrow_passage_medium,M7,14,3.4,1.4,1.8,sweep
False,17.900000000000002,0.8074313225323528,0.3082858827131702,True,91.96183706379207,747.2907113544051,0.04868913857677903,72.04984991954807,0.10573308224343574,0.7650303013382764,0.006467426558589063,0.006467426558589063,123.52485916363364,0,0.0,True,True,True,False,True,False,False,True,True,True,False,2.0349696986617234,False,False,24.450000000000003,23.700000000000003,24.450000000000003,20.450000000000003,40.0,22.150000000000002,0,72.50414115042874,2.0380778050524286,1.0,s4_narrow_passage_medium,M7,15,3.4,1.4,1.8,sweep
False,17.650000000000002,0.7812763142218271,0.32852209938351384,True,92.7816786078401,729.5434697583464,0.04681647940074907,72.03405765523252,0.10572375233152455,0.7650370888715976,0.006481632787185298,0.006481632787185298,124.0588828456889,0,0.0,True,True,True,False,True,False,False,True,True,True,False,2.034962911128402,False,False,23.55,23.05,23.55,20.150000000000002,40.0,22.400000000000002,0,72.49720806142516,2.038094227072631,1.0,s4_narrow_passage_medium,M7,16,3.4,1.4,1.8,sweep
False,17.45,0.7791351200627845,0.3322793978206232,True,93.77568831530841,813.5457109922133,0.0570120682480233,72.01692008081935,0.10569332876564765,0.7650610067494673,0.006253844719369139,0.006253844719369139,124.12877691622732,0,0.0,True,True,True,False,True,False,False,True,True,True,False,2.0349389932505324,False,False,23.1,22.75,23.1,19.900000000000002,40.0,22.6,0,72.49163249013763,2.038085869317754,1.0,s4_narrow_passage_medium,M7,17,3.4,1.4,1.8,sweep
True,17.95,0.8818570509307941,0.3448703392334076,False,92.00491504999847,794.4110132268552,0.04369538077403246,72.03841369764667,0.11511577483424024,0.75870374732453,0.0002276951481798621,0.0002276951481798621,123.68747765031486,0,0.0,True,True,True,False,True,True,False,False,True,True,True,2.04129625267547,False,True,23.400000000000002,23.200000000000003,23.400000000000002,20.400000000000002,40.0,22.1,0,72.61308941825104,2.0380806637891244,1.0,s4_narrow_passage_medium,M7,18,3.4,1.4,1.8,sweep
False,17.55,0.8181687289951041,0.31862270616077804,True,92.85371843229024,747.38425310508,0.046192259675405745,72.08105969613969,0.11507507139537014,0.7587303065250216,0.00018083017991486565,0.00018083017991486565,123.85510618936934,0,0.0,True,True,True,False,True,False,False,True,True,True,False,2.041269693474978,False,False,23.1,23.0,23.1,20.05,40.0,22.5,0,72.44953807123406,2.038099601694617,1.0,s4_narrow_passage_medium,M7,19,3.4,1.4,1.8,sweep
False,17.85,0.8708992336683503,0.3084504079755122,True,92.23396012022624,714.6626935513128,0.04099042863087807,72.0574591812083,0.10571721555741775,0.7650403263865136,0.0065150885490396285,0.0065150885490396285,123.88914206358908,0,0.0,True,True,True,False,True,False,False,True,True,True,False,2.034959673613486,False,False,23.650000000000002,23.55,23.650000000000002,20.35,40.0,22.200000000000003,0,72.50414312588451,2.0380852000236933,1.0,s4_narrow_passage_medium,M7,20,3.4,1.4,1.8,sweep
True,18.0,0.8194997287143939,0.3770458399603475,False,93.04274039749193,733.7677316959699,0.04203079483978361,72.14107325288543,0.10575561059846643,0.7650103009064341,0.006407107780883202,0.006407107780883202,124.48616505296653,0,0.0,True,True,True,False,True,True,False,False,True,True,True,2.0349896990935656,False,True,23.400000000000002,23.3,23.400000000000002,20.5,40.0,22.05,0,72.61298101542538,2.038082196549608,1.0,s4_narrow_passage_medium,M7,21,3.4,1.4,1.8,sweep
False,17.6,0.7530459990319309,0.3203340303810902,True,90.87318211829695,633.9721798390339,0.0449438202247191,83.47575798145921,0.15648037162154396,0.7244437510016387,0.036298019684705946,0.036298019684705946,122.8561349345709,0,0.0,True,True,True,False,True,False,False,True,True,True,False,2.075556248998361,False,False,23.5,23.200000000000003,23.5,20.150000000000002,40.0,22.450000000000003,0,83.82011054687577,2.076109265797078,1.0,s4_narrow_passage_medium,M7,22,3.4,1.4,1.8,sweep
False,17.1,0.7317270593631686,0.308364953130884,True,93.02879129485987,706.0874228543566,0.05638784852267998,72.02841160884643,0.11511267934978851,0.7587057369769704,0.00016429059014938483,0.00016429059014938483,123.22627118293413,0,0.0,True,True,True,False,True,False,False,True,True,True,False,2.0412942630230293,False,False,23.650000000000002,23.05,23.650000000000002,19.8,40.0,22.950000000000003,0,72.39898500048224,2.0381088655312602,1.0,s4_narrow_passage_medium,M7,23,3.4,1.4,1.8,sweep
False,17.5,0.7952782441252924,0.3286647981913266,True,93.41303987167322,716.1826315674832,0.054307116104868915,72.05254279154966,0.11512092788304686,0.7587003112117096,0.0001916720503027709,0.0001916720503027709,124.29673550429324,0,0.0,True,True,True,False,True,False,False,True,True,True,False,2.0412996887882904,False,False,22.900000000000002,22.900000000000002,22.900000000000002,20.150000000000002,40.0,22.55,0,72.50912350808473,2.0380987455816766,1.0,s4_narrow_passage_medium,M7,24,3.4,1.4,1.8,sweep
False,17.5,0.7314566459608935,0.32436536150667555,True,93.60288919013378,833.8576778655392,0.05805243445692884,72.10650665448539,0.10573548005207391,0.7650260963063781,0.00634268804428722,0.00634268804428722,124.19621121312751,0,0.0,True,True,True,False,True,False,False,True,True,True,False,2.0349739036936216,False,False,24.75,22.75,24.75,19.950000000000003,40.0,22.55,0,72.49882380467814,2.038079079253552,1.0,s4_narrow_passage_medium,M7,25,3.4,1.4,1.8,sweep
False,17.7,0.8539156389047744,0.3296607722225143,True,92.54047829408363,745.6008019777412,0.04702455264253017,72.00381811611022,0.11511576613464915,0.7587037005415466,0.00020543257326761688,0.00020543257326761688,124.07009549110333,0,0.0,True,True,True,False,True,False,False,True,True,True,False,2.041296299458453,False,False,23.6,23.1,23.6,20.200000000000003,40.0,22.35,0,72.51295123428568,2.0380988993031637,1.0,s4_narrow_passage_medium,M7,26,3.4,1.4,1.8,sweep
False,17.5,0.7568882989929426,0.3332628287284843,True,92.92869812665903,747.9861234328927,0.038077403245942575,71.99867466610173,0.11509854153043454,0.7587151720004367,0.00017033286845069128,0.00017033286845069128,123.8831067510454,0,0.0,True,True,True,False,True,False,False,True,True,True,False,2.0412848279995632,False,False,23.700000000000003,23.0,23.700000000000003,20.05,40.0,22.55,0,72.47845086809471,2.03810412049445,1.0,s4_narrow_passage_medium,M7,27,3.4,1.4,1.8,sweep
False,17.8,0.8731144382983305,0.32862376230578116,True,92.56387083309387,734.9369851698837,0.03953391593841032,72.07517606713286,0.11509435577234968,0.7587177154879701,0.0002101544799440547,0.0002101544799440547,124.0309895710674,0,0.0,True,True,True,False,True,False,False,True,True,True,False,2.0412822845120298,False,False,23.400000000000002,23.200000000000003,23.400000000000002,20.3,40.0,22.25,0,72.53494397838558,2.038095765045832,1.0,s4_narrow_passage_medium,M7,28,3.4,1.4,1.8,sweep
False,17.75,0.7406995745200466,0.3236651441201433,True,92.8619864819658,767.1962410320967,0.04411152725759467,72.03984009642981,0.11508835435286012,0.7587211311579827,0.00024512086784931816,0.00024512086784931816,124.04406654203827,0,0.0,True,True,True,False,True,False,False,True,True,True,False,2.041278868842017,False,False,23.400000000000002,23.200000000000003,23.400000000000002,20.25,40.0,22.3,0,72.4949271202857,2.0380927611199433,1.0,s4_narrow_passage_medium,M7,29,3.4,1.4,1.8,sweep
True,17.7,0.8254976545060251,0.4163110354587382,False,93.27001916178324,787.6556961502424,0.04411152725759467,72.06643570432449,0.11507731965474616,0.7587280660194996,0.0002503296169315709,0.0002503296169315709,124.08858862850433,0,0.0,True,True,True,False,True,True,False,False,True,True,True,2.0412719339805,False,True,23.75,22.950000000000003,23.75,20.200000000000003,40.0,22.35,0,72.53820491002134,2.038093867424428,1.0,s4_narrow_passage_medium,M7,30,3.4,1.4,1.8,sweep
False,17.400000000000002,0.7411982443793861,0.3277706396835468,True,92.90752759409332,724.4741094939217,0.04119850187265917,72.1303227175888,0.10575700421584701,0.7650103528648883,0.0062202748239668995,0.0062202748239668995,123.66502891645747,0,0.0,True,True,True,False,True,False,False,True,True,True,False,2.0349896471351117,False,False,23.150000000000002,23.05,23.150000000000002,19.950000000000003,40.0,22.650000000000002,0,72.43823852438969,2.0380979360934264,1.0,s4_narrow_passage_medium,M7,31,3.4,1.4,1.8,sweep
True,17.75,0.8874974733477388,0.4045378535423123,False,93.09373747516031,819.8071969776445,0.04577611319184353,72.059549144304,0.11506562300698493,0.7587370595051084,0.0002078290833184029,0.0002078290833184029,124.18692860439357,0,0.0,True,True,True,False,True,True,False,False,True,True,True,2.0412629404948914,False,True,23.900000000000002,23.05,23.900000000000002,20.25,40.0,22.3,0,72.58372880164092,2.038084636891723,1.0,s4_narrow_passage_medium,M7,32,3.4,1.4,1.8,sweep
False,17.8,0.7609476666353656,0.31113238375612273,True,92.7999827509397,790.332644958185,0.04348730753225135,72.06561313606709,0.10571428803194473,0.7650414711317417,0.006532917509615681,0.006532917509615681,124.1208119942521,0,0.0,True,True,True,False,True,False,False,True,True,True,False,2.034958528868258,False,False,23.700000000000003,23.400000000000002,23.700000000000003,20.3,40.0,22.25,0,72.59383031191797,2.038074851923049,1.0,s4_narrow_passage_medium,M7,33,3.4,1.4,1.8,sweep
False,17.650000000000002,0.8622720414927658,0.3276380105527941,True,92.75932658730159,805.5960931528502,0.04265501456512692,72.01877998234121,0.11509383910716837,0.7587183498609456,0.00016882080766475317,0.00016882080766475317,123.73404637077917,0,0.0,True,True,True,False,True,False,False,True,True,True,False,2.0412816501390543,False,False,23.0,22.900000000000002,23.0,20.1,40.0,22.400000000000002,0,72.53406912016952,2.038090518063516,1.0,s4_narrow_passage_medium,M7,34,3.4,1.4,1.8,sweep
False,17.7,0.797300951311773,0.3076787611559443,True,92.4126310568395,741.9896104493224,0.04723262588431128,72.00260277932654,0.11508496418909858,0.7587240783574626,0.00020644485934002431,0.00020644485934002431,123.81484002188478,0,0.0,True,True,True,False,True,False,False,True,True,True,False,2.041275921642537,False,False,23.700000000000003,23.450000000000003,23.700000000000003,20.200000000000003,40.0,22.35,0,72.45431702213105,2.0380983844349156,1.0,s4_narrow_passage_medium,M7,35,3.4,1.4,1.8,sweep
False,17.7,0.7352485073047059,0.3231237518751977,True,92.67722863913842,713.8639767960846,0.04827299209321681,72.06478591434214,0.10572759243539538,0.765032169630249,0.0064080071483231665,0.0064080071483231665,124.0687756561604,0,0.0,True,True,True,False,True,False,False,True,True,True,False,2.0349678303697507,False,False,23.55,23.25,23.55,20.200000000000003,40.0,22.35,0,72.40834854145905,2.0380937605566936,1.0,s4_narrow_passage_medium,M7,36,3.4,1.4,1.8,sweep
True,17.85,0.9154680801363984,0.396608795460972,False,92.52290343601894,791.5004125084295,0.03828547648772368,72.09115508965516,0.11509019313062263,0.7587198619163708,0.00025519980670609413,0.00025519980670609413,123.94290309102489,0,0.0,True,True,True,False,True,True,False,False,True,True,True,2.041280138083629,False,True,23.6,23.1,23.6,20.3,40.0,22.200000000000003,0,72.5855163775377,2.0380836059414436,1.0,s4_narrow_passage_medium,M7,37,3.4,1.4,1.8,sweep
False,17.8,0.7660147845517085,0.31027894009866747,True,91.71043487735736,695.0405888201574,0.04369538077403246,72.01730230056747,0.10572205175712725,0.765038964748196,0.00616943409875932,0.00616943409875932,123.10957363232724,0,0.0,True,True,True,False,True,False,False,True,True,True,False,2.0349610352518037,False,False,24.150000000000002,23.6,24.150000000000002,20.35,40.0,22.25,0,72.52749458979054,2.038094195974263,1.0,s4_narrow_passage_medium,M7,38,3.4,1.4,1.8,sweep
False,17.900000000000002,0.8080591907756871,0.3129510575508612,True,92.89325825864044,804.6194332298093,0.04868913857677903,72.03788681239433,0.10571630630762459,0.7650415798937052,0.0062206555598357865,0.0062206555598357865,124.2397540090502,0,0.0,True,True,True,False,True,False,False,True,True,True,False,2.0349584201062947,False,False,23.8,23.5,23.8,20.400000000000002,40.0,22.150000000000002,0,72.64397624991112,2.0380665175449373,1.0,s4_narrow_passage_medium,M7,39,3.4,1.4,1.8,sweep
False,17.75,0.9350255815298236,0.31257738106847976,True,92.33489311366266,700.6693098588881,0.028089887640449437,72.13559538898312,0.04507763750726921,0.5127212373351365,0.0065277292152565785,0.0065277292152565785,124.05288669491392,0,0.0,True,True,True,False,True,False,False,True,True,True,False,2.2872787626648634,False,False,23.8,23.700000000000003,23.8,20.55,40.0,22.3,0,72.2409247741349,2.2904857241932945,1.0,s4_narrow_passage_medium,M7,10,4.0,1.0,1.4,sweep
False,17.75,0.891414492354323,0.29285099788294333,True,91.95114010544435,754.4056969144807,0.029130253849354974,72.10590687850842,0.051209545845781225,0.5064535228098109,0.0001569760870870704,0.0001569760870870704,123.75511103989271,0,0.0,True,True,True,False,True,False,False,True,True,True,False,2.293546477190189,False,False,23.900000000000002,23.8,23.900000000000002,20.55,40.0,22.3,0,72.27385797146898,2.29049700717735,1.0,s4_narrow_passage_medium,M7,11,4.0,1.0,1.4,sweep
False,17.85,0.9604974981478713,0.2928566639066601,True,92.10689485176054,737.5063575717445,0.03412401165210154,72.07436827910855,0.05123304707230018,0.5064304580156492,0.0001715375116377321,0.0001715375116377321,124.01736464168343,0,0.0,True,True,True,False,True,False,False,True,True,True,False,2.2935695419843505,False,False,24.400000000000002,23.900000000000002,24.400000000000002,20.650000000000002,40.0,22.200000000000003,0,72.27151781133223,2.2905016801492706,1.0,s4_narrow_passage_medium,M7,12,4.0,1.0,1.4,sweep
False,17.55,0.9016506938884492,0.2929211528056699,True,91.90902106324472,711.7024801433034,0.0299625468164794,72.02027672281054,0.05119854160459927,0.5064642582556953,0.00010041286764118462,0.00010041286764118462,123.4991328847872,0,0.0,True,True,True,False,True,False,False,True,True,True,False,2.2935357417443045,False,False,24.1,23.6,24.1,20.35,40.0,22.5,0,72.24313742837052,2.2904876433578334,1.0,s4_narrow_passage_medium,M7,13,4.0,1.0,1.4,sweep
False,17.45,0.961719981879132,0.2924818395274024,True,92.5087835297434,701.2440647000489,0.023304203079483977,72.02293114732018,0.04505806678046655,0.5127470847620633,0.006349920026519993,0.006349920026519993,123.86984077294119,0,0.0,True,True,True,False,True,False,False,True,True,True,False,2.2872529152379366,False,False,23.85,23.75,23.85,20.25,40.0,22.6,0,72.23999415000706,2.2904733342433747,1.0,s4_narrow_passage_medium,M7,14,4.0,1.0,1.4,sweep
False,17.85,0.9711143762812158,0.31912153385577724,True,92.50931098783192,744.5229851074954,0.03204327923429047,72.03884241434551,0.051277150514752144,0.5063875699508785,5.704372475214881e-05,5.704372475214881e-05,124.45233091829174,0,0.0,True,True,True,False,True,False,False,True,True,True,False,2.293612430049121,False,False,23.900000000000002,23.8,23.900000000000002,20.650000000000002,40.0,22.200000000000003,0,72.25152826723813,2.2905028655358732,1.0,s4_narrow_passage_medium,M7,15,4.0,1.0,1.4,sweep
False,17.650000000000002,0.9281838834345899,0.31868635815812846,True,92.0782952459819,727.7777363855727,0.02746566791510612,72.01547678921723,0.045064737560140566,0.5127386450998573,0.006231376441936372,0.006231376441936372,123.77029934900008,0,0.0,True,True,True,False,True,False,False,True,True,True,False,2.2872613549001426,False,False,23.6,23.6,23.6,20.450000000000003,40.0,22.400000000000002,0,72.24024478938775,2.2904805802385004,1.0,s4_narrow_passage_medium,M7,16,4.0,1.0,1.4,sweep
False,17.650000000000002,0.8599289558777878,0.2929102508986836,True,92.58159340596688,702.5216830293621,0.03474823137744486,72.06482450107511,0.05121854737521886,0.5064447058725307,0.00012877861017076986,0.00012877861017076986,124.04815392545301,0,0.0,True,True,True,False,True,False,False,True,True,True,False,2.293555294127469,False,False,23.8,23.700000000000003,23.8,20.450000000000003,40.0,22.400000000000002,0,72.26026284467687,2.2904883489765235,1.0,s4_narrow_passage_medium,M7,17,4.0,1.0,1.4,sweep
False,17.900000000000002,0.9748908438288908,0.29299321249914395,True,92.21047015123916,748.7577263330307,0.03454015813566375,72.18409613651745,0.04513868304017571,0.5126541200691536,0.006358484827993932,0.006358484827993932,124.15451373931089,0,0.0,True,True,True,False,True,False,False,True,True,True,False,2.287345879930846,False,False,24.150000000000002,23.900000000000002,24.150000000000002,20.700000000000003,40.0,22.150000000000002,0,72.27550935482786,2.2904882436027325,1.0,s4_narrow_passage_medium,M7,18,4.0,1.0,1.4,sweep
False,17.6,0.8620850432460656,0.3117204861073334,True,92.13871732528328,698.3978959208779,0.031835205992509365,72.07092669295366,0.04507281135606986,0.5127281999459072,0.006291506692447146,0.006291506692447146,123.67077884613416,0,0.0,True,True,True,False,True,False,False,True,True,True,False,2.287271800054093,False,False,23.75,23.55,23.75,20.400000000000002,40.0,22.450000000000003,0,72.24119441291371,2.2904816895259854,1.0,s4_narrow_passage_medium,M7,19,4.0,1.0,1.4,sweep
False,17.6,0.8375993842182761,0.31599285684386985,True,92.47629756483332,729.8019573484466,0.03391593841032043,72.09540393787078,0.05121938773102869,0.5064441142260593,6.114987061603958e-05,6.114987061603958e-05,123.90753779800423,0,0.0,True,True,True,False,True,False,False,True,True,True,False,2.2935558857739404,False,False,23.55,23.55,23.55,20.400000000000002,40.0,22.450000000000003,0,72.26247712066969,2.2904864897719013,1.0,s4_narrow_passage_medium,M7,20,4.0,1.0,1.4,sweep
False,17.900000000000002,0.8455580693186613,0.2928850132153396,True,92.31764081191517,723.5554330859969,0.029754473574698292,72.0857121788053,0.04509320359276565,0.5127065206508878,0.0062492953575975785,0.0062492953575975785,124.07612854304561,0,0.0,True,True,True,False,True,False,False,True,True,True,False,2.287293479349112,False,False,24.35,23.950000000000003,24.35,20.700000000000003,40.0,22.150000000000002,0,72.27817616634317,2.2904884416513154,1.0,s4_narrow_passage_medium,M7,21,4.0,1.0,1.4,sweep
False,17.55,0.9059951143669236,0.3144599030623416,True,92.53509190510003,706.8047729577951,0.025384935497295046,71.99544319821672,0.05121924255662346,0.5064439867715214,0.0001403312418969022,0.0001403312418969022,124.06953700823303,0,0.0,True,True,True,False,True,False,False,True,True,True,False,2.2935560132284785,False,False,23.6,23.5,23.6,20.35,40.0,22.5,0,72.234490902256,2.2904872297162604,1.0,s4_narrow_passage_medium,M7,22,4.0,1.0,1.4,sweep
False,17.45,0.8992093726599417,0.2928881814116712,True,92.32988472761973,670.3175262741527,0.03141905950894715,72.0394564980605,0.05125425391011779,0.5064099018539625,1.7327708241261284e-05,1.7327708241261284e-05,123.5684019540877,0,0.0,True,True,True,False,True,False,False,True,True,True,False,2.293590098146037,False,False,24.0,23.5,24.0,20.25,40.0,22.6,0,72.25638781073147,2.290480927329335,1.0,s4_narrow_passage_medium,M7,23,4.0,1.0,1.4,sweep
False,17.7,0.9517570796779229,0.29301259952256065,True,92.23345235328148,731.4470483861758,0.030170620058260506,72.02607739744049,0.05127992092791878,0.5063847962550279,2.3879619479292475e-05,2.3879619479292475e-05,124.0109861541718,0,0.0,True,True,True,False,True,False,False,True,True,True,False,2.293615203744972,False,False,24.1,24.0,24.1,20.55,40.0,22.35,0,72.26295652654991,2.2904957470145835,1.0,s4_narrow_passage_medium,M7,24,4.0,1.0,1.4,sweep
False,17.8,0.9641396588886273,0.29281778530947183,True,92.35103173041553,754.6693993660431,0.031835205992509365,72.06834180178559,0.04506258453767401,0.5127408121646981,0.006250393361107061,0.006250393361107061,124.17265578386983,0,0.0,True,True,True,False,True,False,False,True,True,True,False,2.2872591878353017,False,False,24.200000000000003,24.1,24.200000000000003,20.6,40.0,22.25,0,72.27566385499438,2.290484722905372,1.0,s4_narrow_passage_medium,M7,25,4.0,1.0,1.4,sweep
False,17.8,0.9608145067880736,0.29304869362064667,True,92.14130115509653,734.7161475341989,0.03349979192675822,72.06454093782877,0.04508184133006162,0.5127197228314796,0.006386895415189354,0.006386895415189354,123.97687984587593,0,0.0,True,True,True,False,True,False,False,True,True,True,False,2.28728027716852,False,False,24.150000000000002,23.900000000000002,24.150000000000002,20.6,40.0,22.25,0,72.27271822897448,2.290484691159218,1.0,s4_narrow_passage_medium,M7,26,4.0,1.0,1.4,sweep
False,17.55,1.0027071485256729,0.2928298126371465,True,91.86929545161665,679.4967327802301,0.02600915522263837,72.01050542225612,0.0512809974186705,0.5063834176220146,0.00018813202822894266,0.00018813202822894266,123.4062397404156,0,0.0,True,True,True,False,True,False,False,True,True,True,False,2.293616582377985,False,False,23.8,23.6,23.8,20.35,40.0,22.5,0,72.25829942963819,2.290484956760062,1.0,s4_narrow_passage_medium,M7,27,4.0,1.0,1.4,sweep
False,17.75,0.9816187088058503,0.2927688025333155,True,92.0955208725097,706.1357929874182,0.02746566791510612,72.00566848885259,0.05122667471420824,0.5064366906109069,0.00016185772824599737,0.00016185772824599737,123.87974081286674,0,0.0,True,True,True,False,True,False,False,True,True,True,False,2.293563309389093,False,False,24.3,23.8,24.3,20.55,40.0,22.3,0,72.25337427387227,2.290497903772112,1.0,s4_narrow_passage_medium,M7,28,4.0,1.0,1.4,sweep
False,17.8,0.9682661536303481,0.30251614512668656,True,92.17247286769458,778.726838372075,0.02663337494798169,72.11024626368493,0.04513119743861965,0.5126658503791389,0.006036280414206042,0.006036280414206042,123.98962509738567,0,0.0,True,True,True,False,True,False,False,True,True,True,False,2.287334149620861,False,False,24.6,23.8,24.6,20.6,40.0,22.25,0,72.24842496871612,2.2904579775337286,1.0,s4_narrow_passage_medium,M7,29,4.0,1.0,1.4,sweep
False,17.7,0.9823636485213909,0.3121578142451037,True,92.51148399662846,718.808721337971,0.028297960882230546,72.13970078567067,0.04512206443543926,0.5126737312613127,0.006471575177793032,0.006471575177793032,124.13447401499391,0,0.0,True,True,True,False,True,False,False,True,True,True,False,2.287326268738687,False,False,23.75,23.650000000000002,23.75,20.5,40.0,22.35,0,72.24640495303876,2.290483572002836,1.0,s4_narrow_passage_medium,M7,30,4.0,1.0,1.4,sweep
False,17.5,0.9857836970942111,0.2927938576922463,True,91.91347581547537,699.3836886490819,0.024968789013732832,72.21641457050006,0.04514803636174214,0.5126429871561741,0.006398978043914358,0.006398978043914358,123.44695312345893,0,0.0,True,True,True,False,True,False,False,True,True,True,False,2.2873570128438256,False,False,23.75,23.55,23.75,20.3,40.0,22.55,0,72.23950888974642,2.290473484444865,1.0,s4_narrow_passage_medium,M7,31,4.0,1.0,1.4,sweep
False,17.7,0.9799631078214854,0.2930069251481563,True,92.41352445445338,747.6545675221075,0.028922180607573865,72.03259457461873,0.05121720262980253,0.5064464445133838,3.836589797640552e-05,3.836589797640552e-05,124.2085135886759,0,0.0,True,True,True,False,True,False,False,True,True,True,False,2.293553555486616,False,False,24.3,24.0,24.3,20.55,40.0,22.35,0,72.26479375140752,2.2904954351902043,1.0,s4_narrow_passage_medium,M7,32,4.0,1.0,1.4,sweep
False,17.85,0.9550679144804513,0.29286175263420844,True,92.29142975957566,740.0721671460483,0.030378693300041615,72.14169503404202,0.045133590381100014,0.5126601330726834,0.006512275355151834,0.006512275355151834,124.11553362602567,0,0.0,True,True,True,False,True,False,False,True,True,True,False,2.2873398669273164,False,False,24.150000000000002,24.150000000000002,24.150000000000002,20.650000000000002,40.0,22.200000000000003,0,72.27685864937594,2.290486936680378,1.0,s4_narrow_passage_medium,M7,33,4.0,1.0,1.4,sweep
False,17.55,0.8922278618543344,0.31112977214113197,True,92.36903571672104,722.0767797138712,0.02871410736579276,72.07130789104302,0.05128234104136257,0.5063824609995408,7.455433027182453e-05,7.455433027182453e-05,123.79144495686288,0,0.0,True,True,True,False,True,False,False,True,True,True,False,2.293617539000459,False,False,23.55,23.55,23.55,20.35,40.0,22.5,0,72.2454010012038,2.290488797010745,1.0,s4_narrow_passage_medium,M7,34,4.0,1.0,1.4,sweep
False,17.650000000000002,0.9906249372184626,0.29294428769366404,True,92.06981925446814,734.7321094741416,0.03058676654182272,72.16332537588032,0.045135384514128345,0.5126581320824405,0.006504724545980782,0.006504724545980782,123.8058003257654,0,0.0,True,True,True,False,True,False,False,True,True,True,False,2.2873418679175592,False,False,23.85,23.75,23.85,20.5,40.0,22.400000000000002,0,72.27115371332846,2.290480900520728,1.0,s4_narrow_passage_medium,M7,35,4.0,1.0,1.4,sweep
False,17.8,0.9648872315420383,0.2928154352767466,True,92.08695237268019,730.1047060149964,0.02746566791510612,72.10102268386049,0.04512856334271468,0.5126665456039992,0.006301862042926689,0.006301862042926689,124.06589740137112,0,0.0,True,True,True,False,True,False,False,True,True,True,False,2.2873334543960007,False,False,24.35,23.85,24.35,20.650000000000002,40.0,22.25,0,72.27350098591859,2.290486009984456,1.0,s4_narrow_passage_medium,M7,36,4.0,1.0,1.4,sweep
False,17.75,0.9972382821653591,0.29300307732475694,True,92.16005202957395,710.3592492845962,0.02725759467332501,72.11682168395336,0.04512978838329612,0.5126647295051566,0.006492332913131456,0.006492332913131456,123.98735272137284,0,0.0,True,True,True,False,True,False,False,True,True,True,False,2.287335270494843,False,False,24.05,24.05,24.05,20.55,40.0,22.3,0,72.26922359849829,2.2904833816168946,1.0,s4_narrow_passage_medium,M7,37,4.0,1.0,1.4,sweep
False,17.75,0.9843209631086107,0.29291664742440693,True,91.93961169532642,727.3388981894605,0.032251352476071575,72.04286950329526,0.045083733815272774,0.5127175213547751,0.006413936122752775,0.006413936122752775,123.79212714828688,0,0.0,True,True,True,False,True,False,False,True,True,True,False,2.2872824786452246,False,False,24.25,23.85,24.25,20.6,40.0,22.3,0,72.27076844647121,2.2904844808468896,1.0,s4_narrow_passage_medium,M7,38,4.0,1.0,1.4,sweep
False,17.8,0.8767742615158955,0.3159014051690435,True,92.57636154931947,735.8535192725365,0.03245942571785269,72.04019927544893,0.05127280876715331,0.5063917913644226,4.771457353284411e-05,4.771457353284411e-05,124.27387325873161,0,0.0,True,True,True,False,True,False,False,True,True,True,False,2.293608208635577,False,False,23.75,23.75,23.75,20.6,40.0,22.25,0,72.25307896878633,2.2904982581342175,1.0,s4_narrow_passage_medium,M7,39,4.0,1.0,1.4,sweep
False,18.1,0.946497572563312,0.2945478101570751,True,91.91047359834843,771.5983199068154,0.024136496046608405,72.14915605839174,0.05991675753139533,0.5850392958874521,0.006905157195528073,0.006905157195528073,124.12334662631885,0,0.0,True,True,True,False,True,False,False,True,True,True,False,2.214960704112548,False,False,24.400000000000002,24.0,24.400000000000002,20.700000000000003,40.0,21.950000000000003,0,72.31728165712916,2.2182392494587506,1.0,s4_narrow_passage_medium,M7,10,4.0,1.0,1.6,sweep
False,17.900000000000002,0.7895855958428297,0.29462635066129,True,91.8567286299346,765.4100270179842,0.029546400332917187,72.07098524621205,0.06698957557412313,0.5787504377872498,0.00044470404188168256,0.00044470404188168256,123.67786188558973,0,0.0,True,True,True,False,True,False,False,True,True,True,False,2.22124956221275,False,False,24.25,23.55,24.25,20.5,40.0,22.150000000000002,0,72.2997238319946,2.218236370074686,1.0,s4_narrow_passage_medium,M7,11,4.0,1.0,1.6,sweep
False,18.150000000000002,0.9538480364531907,0.31595281031435923,True,91.84414859714614,801.5395459390628,0.03245942571785269,72.05472812531382,0.06696940688484819,0.5787689253217605,0.00076789252702516,0.00076789252702516,124.1058918660757,0,0.0,True,True,True,False,True,False,False,True,True,True,False,2.221231074678239,False,False,24.0,23.75,24.0,20.8,40.0,21.900000000000002,0,72.31546588119187,2.2182125122543095,1.0,s4_narrow_passage_medium,M7,12,4.0,1.0,1.6,sweep
False,17.95,0.9656029405208864,0.3235406280434928,True,91.72718013329761,777.4914478489834,0.023304203079483977,72.12578132913838,0.059911549063435994,0.5850445919552002,0.006907484287326895,0.006907484287326895,123.77984302874435,0,0.0,True,True,True,False,True,False,False,True,True,True,False,2.2149554080447995,False,False,23.55,23.55,23.55,20.6,40.0,22.1,0,72.27072949620072,2.2181830958092834,1.0,s4_narrow_passage_medium,M7,13,4.0,1.0,1.6,sweep
False,17.75,0.9376439977091426,0.2945167347345192,True,92.10448554262467,744.4264145301726,0.019975031210986267,72.06110426007653,0.06691768769122997,0.5788114838692088,0.0005104590761486171,0.0005104590761486171,123.76979885806634,0,0.0,True,True,True,False,True,False,False,True,True,True,False,2.221188516130791,False,False,23.950000000000003,23.450000000000003,23.950000000000003,20.400000000000002,40.0,22.3,0,72.29187795621425,2.2182297993949356,1.0,s4_narrow_passage_medium,M7,14,4.0,1.0,1.6,sweep
False,18.150000000000002,0.9762130408910996,0.2944842392242551,True,92.01493903785365,778.4882661253703,0.031835205992509365,72.01220689203772,0.06695174459689206,0.5787824246491449,0.0005784418665729529,0.0005784418665729529,124.43534873132599,0,0.0,True,True,True,False,True,False,False,True,True,True,False,2.221217575350855,False,False,24.35,23.85,24.35,20.8,40.0,21.900000000000002,0,72.33114094413311,2.2182726251578844,1.0,s4_narrow_passage_medium,M7,15,4.0,1.0,1.6,sweep
False,17.95,0.9268087703541139,0.3004713850550269,True,91.95508217301283,765.7792312288373,0.023304203079483977,80.95914133492313,0.08124917624675117,0.5694629943040901,0.025310733447210333,0.025310733447210333,125.24640654890628,0,0.0,True,True,True,False,True,False,False,True,True,True,False,2.2305370056959095,False,False,24.450000000000003,23.55,24.450000000000003,20.6,40.0,22.1,0,81.32328940305929,2.2334252578850045,1.0,s4_narrow_passage_medium,M7,16,4.0,1.0,1.6,sweep
False,18.0,0.8784078408918827,0.3208901522532151,True,92.47242412003982,777.4213821520547,0.02850603412401165,72.10240215808439,0.059920664609465844,0.5850364920130432,0.006632600577233276,0.006632600577233276,124.42292481308318,0,0.0,True,True,True,False,True,False,False,True,True,True,False,2.2149635079869565,False,False,24.150000000000002,23.55,24.150000000000002,20.6,40.0,22.05,0,72.35335016486239,2.218189432603753,1.0,s4_narrow_passage_medium,M7,17,4.0,1.0,1.6,sweep
False,18.2,0.9769666915969155,0.2947154459137534,True,91.74742162477783,767.6171034783011,0.03162713275072826,72.0624263753856,0.05991490430484927,0.5850452787166144,0.005914735913768081,0.005914735913768081,124.11110833435802,0,0.0,True,True,True,False,True,False,False,True,True,True,False,2.2149547212833856,False,False,24.5,24.0,24.5,20.8,40.0,21.85,0,72.3522945426354,2.2182678828656774,1.0,s4_narrow_passage_medium,M7,18,4.0,1.0,1.6,sweep
False,17.95,0.926004626788991,0.2947998045976759,True,91.50737426109309,719.6311225069245,0.02871410736579276,72.03527021383718,0.05986108756796704,0.5850953525628294,0.006011068032009099,0.006011068032009099,123.59278270026428,0,0.0,True,True,True,False,True,False,False,True,True,True,False,2.2149046474371703,False,False,24.200000000000003,23.8,24.200000000000003,20.6,40.0,22.1,0,72.3341593415386,2.2182423166537837,1.0,s4_narrow_passage_medium,M7,19,4.0,1.0,1.6,sweep
False,18.05,0.983423194638035,0.3236462727966406,True,91.72257677827083,747.2593616637253,0.023512276321265086,72.04535332692959,0.06696878261007508,0.578768519132292,0.00037890109543657846,0.00037890109543657846,124.03565370092382,0,0.0,True,True,True,False,True,False,False,True,True,True,False,2.221231480867708,False,False,23.650000000000002,23.650000000000002,23.650000000000002,20.700000000000003,40.0,22.0,0,72.33386285589658,2.218219467750339,1.0,s4_narrow_passage_medium,M7,20,4.0,1.0,1.6,sweep
False,18.25,0.9477278661764637,0.3287169348325259,True,92.33641075296254,774.7230882606017,0.02850603412401165,72.01311258796221,0.05985724591003456,0.585100350424854,0.005909343639808702,0.005909343639808702,124.61025346640162,0,0.0,True,True,True,False,True,False,False,True,True,True,False,2.2148996495751456,False,False,23.85,23.85,23.85,20.900000000000002,40.0,21.8,0,72.31954873257345,2.218228072090808,1.0,s4_narrow_passage_medium,M7,21,4.0,1.0,1.6,sweep
False,17.95,0.9689178772620111,0.29456202304486284,True,92.0038964149487,742.8924164108743,0.02247191011235955,72.11580046206174,0.06698765510008103,0.578751561597023,0.0005506043031605469,0.0005506043031605469,124.06965895445494,0,0.0,True,True,True,False,True,False,False,True,True,True,False,2.2212484384029767,False,False,24.35,23.650000000000002,24.35,20.6,40.0,22.1,0,72.30429635713921,2.2182470761846105,1.0,s4_narrow_passage_medium,M7,22,4.0,1.0,1.6,sweep
False,17.75,0.901022142949077,0.29443841984300806,True,91.98822838747185,733.1966131223563,0.028089887640449437,72.03197157733386,0.05986900674986249,0.5850879228201551,0.006012582679729255,0.006012582679729255,123.63193413426583,0,0.0,True,True,True,False,True,False,False,True,True,True,False,2.2149120771798447,False,False,23.8,23.700000000000003,23.8,20.400000000000002,40.0,22.3,0,72.31040096305682,2.2182158853833864,1.0,s4_narrow_passage_medium,M7,23,4.0,1.0,1.6,sweep
False,18.0,0.8764817662560052,0.2947643248872689,True,92.0143218803218,765.5305038080277,0.029754473574698292,72.013920693851,0.059872225812906826,0.5850863400389051,0.005945495469940963,0.005945495469940963,124.01722189660808,0,0.0,True,True,True,False,True,False,False,True,True,True,False,2.214913659961095,False,False,24.200000000000003,23.700000000000003,24.200000000000003,20.6,40.0,22.05,0,72.3361376046073,2.2182421235121796,1.0,s4_narrow_passage_medium,M7,24,4.0,1.0,1.6,sweep
False,17.95,0.811972576748669,0.3160877095380273,True,92.28712589700443,824.3329625087842,0.03204327923429047,72.04219692328591,0.05985250162305678,0.5851021782502729,0.0064646708471822285,0.0064646708471822285,124.17164581347743,0,0.0,True,True,True,False,True,False,False,True,True,True,False,2.214897821749727,False,False,23.6,23.5,23.6,20.55,40.0,22.1,0,72.36659799038489,2.218176348112809,1.0,s4_narrow_passage_medium,M7,25,4.0,1.0,1.6,sweep
False,18.1,0.9632851537399982,0.3221013742697595,True,91.84300106213544,785.9238099335948,0.02600915522263837,72.01260019985484,0.06693026102191366,0.578800867003164,0.00040849006880641186,0.00040849006880641186,124.12738591623724,0,0.0,True,True,True,False,True,False,False,True,True,True,False,2.2211991329968357,False,False,23.8,23.700000000000003,23.8,20.75,40.0,21.950000000000003,0,72.37117877871253,2.218207471362071,1.0,s4_narrow_passage_medium,M7,26,4.0,1.0,1.6,sweep
False,17.900000000000002,1.0132153579793497,0.2947772662016511,True,91.70040020268875,731.8833094865166,0.020599250936329586,72.10948488662085,0.05989572191257866,0.5850610622919542,0.006573953364384251,0.006573953364384251,123.68179899394337,0,0.0,True,True,True,False,True,False,False,True,True,True,False,2.2149389377080455,False,False,24.1,23.6,24.1,20.5,40.0,22.150000000000002,0,72.32695631702572,2.2182299710482742,1.0,s4_narrow_passage_medium,M7,27,4.0,1.0,1.6,sweep
False,18.05,0.9540717701600163,0.3188372300592323,True,91.87759122523815,770.5911485154539,0.024968789013732832,72.06432239047267,0.0598672111814176,0.5850895476909008,0.006604417724188545,0.006604417724188545,123.9606947909651,0,0.0,True,True,True,False,True,False,False,True,True,True,False,2.214910452309099,False,False,23.700000000000003,23.6,23.700000000000003,20.650000000000002,40.0,22.0,0,72.33832769407081,2.21819194001681,1.0,s4_narrow_passage_medium,M7,28,4.0,1.0,1.6,sweep
False,18.150000000000002,0.9693022619816964,0.29453629890616106,True,91.79212256797624,749.4615411428547,0.027673741156887224,71.99365952317788,0.066948526679304,0.5787851347703078,0.000586695424543416,0.000586695424543416,124.03638452082043,0,0.0,True,True,True,False,True,False,False,True,True,True,False,2.221214865229692,False,False,24.450000000000003,24.05,24.450000000000003,20.75,40.0,21.900000000000002,0,72.33159675140972,2.2182804097155824,1.0,s4_narrow_passage_medium,M7,29,4.0,1.0,1.6,sweep
False,18.0,0.9843633199944521,0.2947660012896478,True,91.98141279484818,760.02568885254,0.02455264253017062,72.09788455121584,0.06691880437840479,0.5788120252236317,0.00033300708807279685,0.00033300708807279685,124.05882331858723,0,0.0,True,True,True,False,True,False,False,True,True,True,False,2.221187974776368,False,False,24.35,23.85,24.35,20.650000000000002,40.0,22.05,0,72.33892239854418,2.2182728085472068,1.0,s4_narrow_passage_medium,M7,30,4.0,1.0,1.6,sweep
False,17.85,0.9923661930353689,0.2947549859489051,True,91.52816483238624,733.9262424487197,0.021015397419891804,71.9969551024411,0.05984758121732039,0.5851104605955475,0.005848127421773197,0.005848127421773197,123.48894378032384,0,0.0,True,True,True,False,True,False,False,True,True,True,False,2.214889539404452,False,False,24.1,23.700000000000003,24.1,20.5,40.0,22.200000000000003,0,72.32228107509641,2.2182297656998786,1.0,s4_narrow_passage_medium,M7,31,4.0,1.0,1.6,sweep
False,18.05,0.9819762146695596,0.29455885412454674,True,92.1006796259042,772.3693693565255,0.0239284228048273,72.02410036390583,0.06699008392812608,0.5787504154986237,0.0004106639107114818,0.0004106639107114818,124.30698500755969,0,0.0,True,True,True,False,True,False,False,True,True,True,False,2.221249584501376,False,False,24.450000000000003,23.950000000000003,24.450000000000003,20.700000000000003,40.0,22.0,0,72.31696682614313,2.2182563274326914,1.0,s4_narrow_passage_medium,M7,32,4.0,1.0,1.6,sweep
False,17.85,0.7795141050638426,0.2945213102082384,True,92.45248272892664,760.4690545026765,0.0299625468164794,72.01940314072176,0.0669887855205739,0.5787513824257681,0.00040410986030398716,0.00040410986030398716,124.11570615551562,0,0.0,True,True,True,False,True,False,False,True,True,True,False,2.221248617574232,False,False,24.25,23.55,24.25,20.5,40.0,22.200000000000003,0,72.29459520581095,2.218237448010037,1.0,s4_narrow_passage_medium,M7,33,4.0,1.0,1.6,sweep
False,18.0,0.9882796528972493,0.2946722247514905,True,91.81981648392897,769.4662303403439,0.024968789013732832,72.05045524553233,0.05984848619423646,0.5851083039574302,0.006159023445399001,0.006159023445399001,123.85065011665654,0,0.0,True,True,True,False,True,False,False,True,True,True,False,2.2148916960425695,False,False,24.3,23.900000000000002,24.3,20.6,40.0,22.05,0,72.3348895290695,2.2182404404598106,1.0,s4_narrow_passage_medium,M7,34,4.0,1.0,1.6,sweep
False,18.0,0.9890890606681386,0.2918842743853981,True,91.3899547877288,748.3107312412014,0.024344569288389514,72.00524620605793,0.05986635863316228,0.5850933341038211,0.00564210491934392,0.00564210491934392,123.5184685728554,0,0.0,True,True,True,False,True,False,False,True,True,True,False,2.2149066658961787,False,False,24.650000000000002,23.85,24.650000000000002,20.650000000000002,40.0,22.05,0,72.27475261115961,2.218309258655579,1.0,s4_narrow_passage_medium,M7,35,4.0,1.0,1.6,sweep
False,18.150000000000002,0.9704448287302399,0.2945495316003506,True,91.84047980107982,763.7853466313915,0.026217228464419477,72.1191320713391,0.05989324232152108,0.5850624229969529,0.006890894907979892,0.006890894907979892,124.10769673624236,0,0.0,True,True,True,False,True,False,False,True,True,True,False,2.214937577003047,False,False,24.3,23.8,24.3,20.75,40.0,21.900000000000002,0,72.32084287020353,2.2182435391272985,1.0,s4_narrow_passage_medium,M7,36,4.0,1.0,1.6,sweep
False,18.05,0.9984298694248437,0.2949816974886937,True,91.88710861438784,748.0550921536909,0.022888056595921764,72.10783962204904,0.059903645408315664,0.5850527601314851,0.006843613411916386,0.006843613411916386,124.14303742302394,0,0.0,True,True,True,False,True,False,False,True,True,True,False,2.214947239868515,False,False,24.3,23.900000000000002,24.3,20.700000000000003,40.0,22.0,0,72.336892689092,2.21825662290137,1.0,s4_narrow_passage_medium,M7,37,4.0,1.0,1.6,sweep
False,18.1,0.9843145650685166,0.32655997669793085,True,91.70303408562033,775.0241983054827,0.025801081980857263,72.0146878568639,0.0669351460685315,0.5787975617589926,0.0005003675637194463,0.0005003675637194463,124.08179179243668,0,0.0,True,True,True,False,True,False,False,True,True,True,False,2.2212024382410074,False,False,23.8,23.700000000000003,23.8,20.75,40.0,21.950000000000003,0,72.38257670973803,2.2182126024743796,1.0,s4_narrow_passage_medium,M7,38,4.0,1.0,1.6,sweep
False,18.150000000000002,0.9607140920186981,0.2945974154451711,True,92.15050609151783,777.9630287850603,0.02725759467332501,72.0134835907575,0.059863232953879596,0.5850942803229741,0.005980018821545944,0.005980018821545944,124.38594431616855,0,0.0,True,True,True,False,True,False,False,True,True,True,False,2.214905719677026,False,False,24.400000000000002,24.1,24.400000000000002,20.8,40.0,21.900000000000002,0,72.34375498119726,2.2182675017500846,1.0,s4_narrow_passage_medium,M7,39,4.0,1.0,1.6,sweep
False,18.45,0.9577300949299363,0.295691503537855,True,91.63052052342901,854.8524890026915,0.024344569288389514,72.42352589565442,0.08357260919640074,0.6520783580493121,0.0028291989759744595,0.0028291989759744595,124.29451566551599,0,0.0,True,True,True,False,True,False,False,True,True,True,False,2.1479216419506875,False,False,24.6,23.900000000000002,24.6,20.900000000000002,40.0,21.6,0,72.53453158741483,2.146302173628671,1.0,s4_narrow_passage_medium,M7,10,4.0,1.0,1.8,sweep
False,18.5,0.9795448480355271,0.3207482085089778,True,91.48474050637378,797.0297944090715,0.02267998335414066,72.05294543905248,0.08471850193869263,0.6511724776927799,0.0011320389170836405,0.0011320389170836405,124.21041432784492,0,0.0,True,True,True,False,True,False,False,True,True,True,False,2.14882752230722,False,False,24.05,23.700000000000003,24.05,20.950000000000003,40.0,21.55,0,72.53536772953306,2.1459789166389687,1.0,s4_narrow_passage_medium,M7,11,4.0,1.0,1.8,sweep
False,18.5,0.7976692522113329,0.2968129008360435,True,91.22645778359507,822.8859067774781,0.03433208489388265,72.24015131420684,0.07676135924108426,0.6574509960346072,0.0029075885766760446,0.0029075885766760446,123.83577250010129,0,0.0,True,True,True,False,True,False,False,True,True,True,False,2.1425490039653927,False,False,24.35,23.950000000000003,24.35,20.950000000000003,40.0,21.55,0,72.5482956258949,2.1465482723879985,1.0,s4_narrow_passage_medium,M7,12,4.0,1.0,1.8,sweep
False,18.35,0.9706252396774155,0.29561695966452733,True,91.35234778447162,865.4310131200107,0.01914273824386184,72.29110388242393,0.0825201048152056,0.6529121103503518,0.003562498344803909,0.003562498344803909,123.93112390486806,0,0.0,True,True,True,False,True,False,False,True,True,True,False,2.147087889649648,False,False,24.400000000000002,23.8,24.400000000000002,20.8,40.0,21.700000000000003,0,72.50072927318116,2.1462779195094215,1.0,s4_narrow_passage_medium,M7,13,4.0,1.0,1.8,sweep
False,18.1,0.8379809665261642,0.3180680478165779,True,92.08863229994562,817.1303349257731,0.01706200582605077,71.99590628529702,0.07673743078031194,0.65746633518523,0.005871215603295325,0.005871215603295325,124.11876311394818,0,0.0,True,True,True,False,True,False,False,True,True,True,False,2.1425336648147697,False,False,24.05,23.3,24.05,20.55,40.0,21.950000000000003,0,72.57983058563671,2.1458912602903526,1.0,s4_narrow_passage_medium,M7,14,4.0,1.0,1.8,sweep
False,18.5,0.9720383241438932,0.3230571869421535,True,91.69395508951264,847.7311870836663,0.024968789013732832,72.11535494885233,0.07675357625554421,0.657449730344217,0.006631389158571474,0.006631389158571474,124.68117132719979,0,0.0,True,True,True,False,True,False,False,True,True,True,False,2.142550269655783,False,False,24.25,23.75,24.25,21.0,40.0,21.55,0,72.71968693684562,2.145981861619897,1.0,s4_narrow_passage_medium,M7,15,4.0,1.0,1.8,sweep
False,18.3,0.8995009440184074,0.29599206018601243,True,91.76635520907418,854.4498492847309,0.024760715771951727,72.34470434455295,0.08293086013272967,0.6525866972810117,0.003242571147224617,0.003242571147224617,124.22629860990592,0,0.0,True,True,True,False,True,False,False,True,True,True,False,2.147413302718988,False,False,24.5,23.700000000000003,24.5,20.75,40.0,21.75,0,72.52416632541515,2.146277954528267,1.0,s4_narrow_passage_medium,M7,16,4.0,1.0,1.8,sweep
False,18.400000000000002,0.9602060290591108,0.29707099247892743,True,91.40056880306179,798.9826779939403,0.02267998335414066,72.16733548095876,0.07675416229229455,0.6574453826181973,0.009136000770612239,0.009136000770612239,124.02848195202303,0,0.0,True,True,True,False,True,False,False,True,True,True,False,2.1425546173818026,False,False,24.150000000000002,23.85,24.150000000000002,20.85,40.0,21.650000000000002,0,72.54796169808097,2.146513703074777,1.0,s4_narrow_passage_medium,M7,17,4.0,1.0,1.8,sweep
False,18.55,0.9768308544177582,0.2956192659128067,True,91.45267348205104,874.3073911188085,0.026425301706200582,72.30164696745591,0.08257377426524252,0.6528694215241395,0.003664791455861412,0.003664791455861412,124.29786307453611,0,0.0,True,True,True,False,True,False,False,True,True,True,False,2.1471305784758603,False,False,24.6,24.0,24.6,21.0,40.0,21.5,0,72.52754485140011,2.1463350579037064,1.0,s4_narrow_passage_medium,M7,18,4.0,1.0,1.8,sweep
False,18.0,0.8211181975436015,0.2956037295899849,True,91.96557613140376,820.3427316895816,0.03391593841032043,72.13907672768507,0.07953289616811932,0.6552798424342673,0.0026372558750654726,0.0026372558750654726,123.77089055007188,0,0.0,True,True,True,False,True,False,False,True,True,True,False,2.1447201575657324,False,False,23.85,23.450000000000003,23.85,20.450000000000003,40.0,22.05,0,72.45026216254786,2.1461935345648424,1.0,s4_narrow_passage_medium,M7,19,4.0,1.0,1.8,sweep
False,18.45,0.9822878351606181,0.2958528768377485,True,91.57591830947098,842.6466831207821,0.02122347066167291,72.02966827187677,0.08475837512585177,0.6511433391482284,0.0009618744627966513,0.0009618744627966513,124.37527296053989,0,0.0,True,True,True,False,True,False,False,True,True,True,False,2.1488566608517714,False,False,24.400000000000002,24.0,24.400000000000002,20.900000000000002,40.0,21.6,0,72.55218575046945,2.1462603581762054,1.0,s4_narrow_passage_medium,M7,20,4.0,1.0,1.8,sweep
False,18.650000000000002,0.9484620732849016,0.2956084136197901,True,92.08503251298697,874.232397244764,0.0239284228048273,72.22293708493315,0.08193039767827713,0.65337920668816,0.004231779468157606,0.004231779468157606,124.78954785491653,0,0.0,True,True,True,False,True,False,False,True,True,True,False,2.1466207933118397,False,False,24.700000000000003,24.1,24.700000000000003,21.1,40.0,21.400000000000002,0,72.53171727329887,2.1463699136384746,1.0,s4_narrow_passage_medium,M7,21,4.0,1.0,1.8,sweep
False,18.35,0.971459390818566,0.3230839901471563,True,91.70283167293476,799.6412913897258,0.019350811485642945,72.02531039914808,0.07678023860938714,0.6574330054063316,0.00520688625731692,0.00520688625731692,124.29048816368103,0,0.0,True,True,True,False,True,False,False,True,True,True,False,2.1425669945936683,False,False,23.650000000000002,23.55,23.650000000000002,20.8,40.0,21.700000000000003,0,72.50240456999236,2.1459422293849433,1.0,s4_narrow_passage_medium,M7,22,4.0,1.0,1.8,sweep
False,17.900000000000002,0.8562720487224011,0.2960702907628317,True,92.13363042877118,793.0020592526533,0.033707865168539325,72.02861984791221,0.07680452429132649,0.6574117967628351,0.005475087331201895,0.005475087331201895,123.78154971173532,0,0.0,True,True,True,False,True,False,False,True,True,True,False,2.142588203237165,False,False,23.35,23.25,23.35,20.35,40.0,22.150000000000002,0,72.4781428462738,2.146130721456606,1.0,s4_narrow_passage_medium,M7,23,4.0,1.0,1.8,sweep
False,18.25,0.8446456072068032,0.2956901315247267,True,92.0661863373599,853.6328004329254,0.028089887640449437,72.34922402911538,0.07744295509021572,0.6569317107181846,0.004081141051351938,0.004081141051351938,124.30251913314085,0,0.0,True,True,True,False,True,False,False,True,True,True,False,2.1430682892818154,False,False,23.85,23.85,23.85,20.75,40.0,21.8,0,72.52386256239726,2.1462531507229285,1.0,s4_narrow_passage_medium,M7,24,4.0,1.0,1.8,sweep
False,18.25,0.7836686620571871,0.2956503305088527,True,92.03856446805808,852.5755199374676,0.03266749895963379,72.3351923428011,0.082894343108324,0.6526157436504499,0.003217183743436434,0.003217183743436434,124.22385319415073,0,0.0,True,True,True,False,True,False,False,True,True,True,False,2.1473842563495498,False,False,24.25,23.6,24.25,20.700000000000003,40.0,21.8,0,72.49774927029912,2.1462570790490916,1.0,s4_narrow_passage_medium,M7,25,4.0,1.0,1.8,sweep
False,18.45,0.9640991542615438,0.320690871933744,True,91.38522455049186,813.0477470814333,0.024136496046608405,72.0865551764483,0.07680313652737421,0.6574086528582698,0.006560184073307443,0.006560184073307443,124.19025191921519,0,0.0,True,True,True,False,True,False,False,True,True,True,False,2.14259134714173,False,False,24.0,23.650000000000002,24.0,20.900000000000002,40.0,21.6,0,72.56391707992417,2.145928111478408,1.0,s4_narrow_passage_medium,M7,26,4.0,1.0,1.8,sweep
False,18.25,1.014470768207061,0.29579018047439043,True,91.54643459938328,849.2785068617704,0.016853932584269662,72.4333551448628,0.08368401850856705,0.6519904288988354,0.0026190279332536,0.0026190279332536,123.98166827580276,0,0.0,True,True,True,False,True,False,False,True,True,True,False,2.1480095711011646,False,False,23.6,23.6,23.6,20.700000000000003,40.0,21.8,0,72.51219284064491,2.146253337507982,1.0,s4_narrow_passage_medium,M7,27,4.0,1.0,1.8,sweep
False,18.35,0.8912331333983079,0.2968837799154795,True,91.7545391243464,815.7173904324735,0.021639617145235122,72.12861913979332,0.07679649913188992,0.6574125065209543,0.0073685261964962865,0.0073685261964962865,124.20912336839191,0,0.0,True,True,True,False,True,False,False,True,True,True,False,2.1425874934790454,False,False,24.150000000000002,23.650000000000002,24.150000000000002,20.8,40.0,21.700000000000003,0,72.52797866086068,2.1462088021959382,1.0,s4_narrow_passage_medium,M7,28,4.0,1.0,1.8,sweep
False,18.55,0.9690156686768898,0.29613597192664015,True,91.59528195391886,830.8958743108764,0.024760715771951727,72.10591003643516,0.07679580194746853,0.657414653167231,0.006989392426386943,0.006989392426386943,124.25650186715654,0,0.0,True,True,True,False,True,False,False,True,True,True,False,2.1425853468327687,False,False,24.650000000000002,23.85,24.650000000000002,20.950000000000003,40.0,21.5,0,72.55504012758604,2.1462643350285866,1.0,s4_narrow_passage_medium,M7,29,4.0,1.0,1.8,sweep
False,18.35,0.9863462824981106,0.2957484254030299,True,91.87578011754408,848.7261188918244,0.022888056595921764,72.44906163710769,0.08379562079066116,0.6519018963242438,0.002604205065945494,0.002604205065945494,124.27547186173558,0,0.0,True,True,True,False,True,False,False,True,True,True,False,2.148098103675756,False,False,24.200000000000003,23.700000000000003,24.200000000000003,20.8,40.0,21.700000000000003,0,72.52401853532741,2.146279192426121,1.0,s4_narrow_passage_medium,M7,30,4.0,1.0,1.8,sweep
False,18.25,0.9933494049617402,0.29621648093061226,True,91.47856024605966,812.5270396455162,0.01914273824386184,72.09927415476042,0.0768002655060454,0.6574103736186615,0.0068180319624012616,0.0068180319624012616,123.8552066768261,0,0.0,True,True,True,False,True,False,False,True,True,True,False,2.1425896263813384,False,False,23.650000000000002,23.55,23.650000000000002,20.700000000000003,40.0,21.8,0,72.51320584561779,2.1461916186391905,1.0,s4_narrow_passage_medium,M7,31,4.0,1.0,1.8,sweep
False,18.400000000000002,0.9840299356970557,0.29575875059810686,True,91.8976657687052,862.6262155807834,0.02122347066167291,72.33411978997194,0.07762870915716491,0.656784827222033,0.0038470590830300276,0.0038470590830300276,124.48037701956207,0,0.0,True,True,True,False,True,False,False,True,True,True,False,2.1432151727779667,False,False,23.950000000000003,23.75,23.950000000000003,20.85,40.0,21.650000000000002,0,72.53354452721676,2.1462907530161726,1.0,s4_narrow_passage_medium,M7,32,4.0,1.0,1.8,sweep
False,18.45,0.9070543408522698,0.29620367880036963,True,92.04633418727292,841.8572654540492,0.024968789013732832,72.02597239303681,0.08473011349708691,0.6511644425629571,0.0011276340449094936,0.0011276340449094936,124.57800298333598,0,0.0,True,True,True,False,True,False,False,True,True,True,False,2.148835557437043,False,False,23.900000000000002,23.8,23.900000000000002,20.950000000000003,40.0,21.6,0,72.54413948979705,2.1462586163150945,1.0,s4_narrow_passage_medium,M7,33,4.0,1.0,1.8,sweep
False,18.35,0.9881888778221877,0.3348729872178895,True,91.7435265394689,815.1503559732047,0.019975031210986267,72.03771327630342,0.08475178431313161,0.6511459184081583,0.000667146315362967,0.000667146315362967,124.25356070182721,0,0.0,True,True,True,False,True,False,False,True,True,True,False,2.1488540815918418,False,False,24.3,23.55,24.3,20.8,40.0,21.700000000000003,0,72.6202008259846,2.1459568282222308,1.0,s4_narrow_passage_medium,M7,34,4.0,1.0,1.8,sweep
False,18.35,0.9997784165381123,0.29572455105932216,True,91.59826545771384,865.1297339791424,0.021431543903454017,72.26342585609103,0.0822968247120267,0.6530889933706284,0.0037347134362444483,0.0037347134362444483,124.21271398312075,0,0.0,True,True,True,False,True,False,False,True,True,True,False,2.1469110066293715,False,False,24.200000000000003,23.700000000000003,24.200000000000003,20.8,40.0,21.700000000000003,0,72.49637126871416,2.1462798429421706,1.0,s4_narrow_passage_medium,M7,35,4.0,1.0,1.8,sweep
False,18.5,0.9723088540306788,0.2961204020852584,True,91.64202094476093,841.9258835943303,0.023304203079483977,72.04851668521594,0.07673106528760615,0.6574688835955821,0.007357921425230326,0.007357921425230326,124.39544466752669,0,0.0,True,True,True,False,True,False,False,True,True,True,False,2.1425311164044176,False,False,24.650000000000002,24.05,24.650000000000002,20.950000000000003,40.0,21.55,0,72.54660200824974,2.1462539139739416,1.0,s4_narrow_passage_medium,M7,36,4.0,1.0,1.8,sweep
False,18.45,0.9985419814836483,0.296233694149655,True,91.76124211767092,823.5284904526694,0.018726591760299626,72.0067020121637,0.07678986326006602,0.6574256792502524,0.005243708869846378,0.005243708869846378,124.46777689685692,0,0.0,True,True,True,False,True,False,False,True,True,True,False,2.1425743207497474,False,False,24.55,23.75,24.55,20.900000000000002,40.0,21.6,0,72.53466057984768,2.146231545166908,1.0,s4_narrow_passage_medium,M7,37,4.0,1.0,1.8,sweep
False,18.5,0.9863577629698337,0.3307053454742971,True,91.51770674746606,798.7157703066412,0.02184769038701623,72.07027484270324,0.08477950269280808,0.6511244914916287,0.0010942987134505975,0.0010942987134505975,124.32873058435393,0,0.0,True,True,True,False,True,False,False,True,True,True,False,2.1488755085083713,False,False,24.200000000000003,23.700000000000003,24.200000000000003,20.950000000000003,40.0,21.55,0,72.56833737095194,2.145963604955443,1.0,s4_narrow_passage_medium,M7,38,4.0,1.0,1.8,sweep
False,18.55,0.9713704012875517,0.32941151768213656,True,92.02518930335634,801.7819401336579,0.022888056595921764,72.12169697192034,0.07677905519336836,0.6574266727609298,0.007399458411778348,0.007399458411778348,124.72422627819003,0,0.0,True,True,True,False,True,False,False,True,True,True,False,2.14257332723907,False,False,23.900000000000002,23.700000000000003,23.900000000000002,20.950000000000003,40.0,21.5,0,72.55402735014852,2.14595055149637,1.0,s4_narrow_passage_medium,M7,39,4.0,1.0,1.8,sweep
False,17.400000000000002,0.859945688274631,0.2991356953616058,True,92.87069934065778,695.7495071979567,0.03766125676238036,72.01735320066963,0.06171851084634786,0.5556512898146354,4.13666641618104e-05,4.13666641618104e-05,123.99567994699642,0,0.0,True,True,True,False,True,False,False,True,True,True,False,2.2443487101853643,False,False,23.900000000000002,23.5,23.900000000000002,20.25,40.0,22.650000000000002,0,72.24518369160576,2.2411954950991753,1.0,s4_narrow_passage_medium,M7,10,4.0,1.2,1.4,sweep
False,17.2,0.7577331617910892,0.3104330411522556,True,92.02134418864497,644.778769899098,0.03641281731169372,72.05675665863,0.061718417277758404,0.555651401668548,9.341518727910644e-06,9.341518727910644e-06,122.55635444488144,0,0.0,True,True,True,False,True,False,False,True,True,True,False,2.244348598331452,False,False,23.700000000000003,23.200000000000003,23.700000000000003,20.05,40.0,22.85,0,72.13771935712948,2.241200785023663,1.0,s4_narrow_passage_medium,M7,11,4.0,1.2,1.4,sweep
False,17.55,0.9482115383215179,0.3281333948914754,True,92.56523522112334,677.2191183490115,0.03870162297128589,72.10040882088124,0.05490623723352225,0.561978884599159,0.006366010307886804,0.006366010307886804,123.95010511337873,0,0.0,True,True,True,False,True,False,False,True,True,True,False,2.2380211154008407,False,False,23.55,23.55,23.55,20.400000000000002,40.0,22.5,0,72.24177367737943,2.2411949576436148,1.0,s4_narrow_passage_medium,M7,12,4.0,1.2,1.4,sweep
False,17.2,0.8530065584553952,0.29733854565641893,True,92.18578295408668,673.6743750913963,0.038077403245942575,72.05887783444624,0.054920423346660335,0.5619671373025986,0.006310044980459746,0.006310044980459746,123.00695477865352,0,0.0,True,True,True,False,True,False,False,True,True,True,False,2.238032862697401,False,False,24.1,23.5,24.1,20.05,40.0,22.85,0,72.25295140146797,2.2411841040125227,1.0,s4_narrow_passage_medium,M7,13,4.0,1.2,1.4,sweep
False,17.150000000000002,0.8939114109005917,0.3073726577552773,True,92.85759283394826,687.009569636457,0.031210986267166042,72.09178059404336,0.06169044227215537,0.5556757129783616,0.00010607725524155828,0.00010607725524155828,123.66743444912923,0,0.0,True,True,True,False,True,False,False,True,True,True,False,2.244324287021638,False,False,23.700000000000003,23.200000000000003,23.700000000000003,20.0,40.0,22.900000000000002,0,72.22795751283437,2.2411958960339593,1.0,s4_narrow_passage_medium,M7,14,4.0,1.2,1.4,sweep
False,17.5,0.8729597300767058,0.323079406029985,True,92.77291397267679,703.1265675771288,0.04244694132334582,72.07543114177325,0.054922185388400525,0.561964327018658,0.006329801307823436,0.006329801307823436,124.04074813384341,0,0.0,True,True,True,False,True,False,False,True,True,True,False,2.2380356729813418,False,False,23.950000000000003,23.450000000000003,23.950000000000003,20.3,40.0,22.55,0,72.24803586999661,2.241188609902426,1.0,s4_narrow_passage_medium,M7,15,4.0,1.2,1.4,sweep
False,17.3,0.8717189785263602,0.298899745926298,True,92.55022284145198,650.9871780717011,0.03766125676238036,72.11565402840185,0.05490943647339302,0.5619741451605327,0.006450344442736902,0.006450344442736902,123.74053115568347,0,0.0,True,True,True,False,True,False,False,True,True,True,False,2.238025854839467,False,False,23.650000000000002,23.650000000000002,23.650000000000002,20.150000000000002,40.0,22.75,0,72.23204437133998,2.241190968979023,1.0,s4_narrow_passage_medium,M7,16,4.0,1.2,1.4,sweep
False,17.25,0.8355847137709274,0.2993700327943472,True,93.33233319588481,664.5791491589954,0.04119850187265917,72.1066039421449,0.05491862046992043,0.5619652228040815,0.006401114363926615,0.006401114363926615,124.06843127254062,0,0.0,True,True,True,False,True,False,False,True,True,True,False,2.238034777195918,False,False,23.55,23.400000000000002,23.55,20.1,40.0,22.8,0,72.22043035146446,2.241191714967996,1.0,s4_narrow_passage_medium,M7,17,4.0,1.2,1.4,sweep
False,17.6,0.9688133677262833,0.3282321370223252,True,92.41918245572636,718.6201683659847,0.03828547648772368,72.04322596500565,0.05489969686800373,0.5619859558890876,0.0063465571946958975,0.0063465571946958975,123.92892874406647,0,0.0,True,True,True,False,True,False,False,True,True,True,False,2.238014044110912,False,False,23.6,23.6,23.6,20.450000000000003,40.0,22.450000000000003,0,72.15759904559752,2.2411841888452204,1.0,s4_narrow_passage_medium,M7,18,4.0,1.2,1.4,sweep
False,17.2,0.7650284681192854,0.29874050937653845,True,92.70186423663637,680.0300046049202,0.041406575114440285,71.99224620042648,0.06169371609324056,0.5556728790220876,0.0001063608193949076,0.0001063608193949076,123.40616302756038,0,0.0,True,True,True,False,True,False,False,True,True,True,False,2.2443271209779123,False,False,23.5,23.5,23.5,20.05,40.0,22.85,0,72.21242490597847,2.2411951986648635,1.0,s4_narrow_passage_medium,M7,19,4.0,1.2,1.4,sweep
False,17.3,0.7166659771986408,0.29871010390004255,True,92.91668950582648,653.5939086779216,0.041406575114440285,72.07790225509025,0.05493836663650991,0.5619490305007511,0.006343356670933742,0.006343356670933742,123.81798140331091,0,0.0,True,True,True,False,True,False,False,True,True,True,False,2.2380509694992488,False,False,23.75,23.450000000000003,23.75,20.1,40.0,22.75,0,72.20232490127914,2.2411916660447804,1.0,s4_narrow_passage_medium,M7,20,4.0,1.2,1.4,sweep
False,17.6,0.8580556907707633,0.29977606676395785,True,92.20764937021795,693.2121623318001,0.03537245110278818,72.06649632670616,0.06170851908035115,0.5556597847983813,0.0001071727768582179,0.0001071727768582179,123.6102731566544,0,0.0,True,True,True,False,True,False,False,True,True,True,False,2.2443402152016185,False,False,24.5,23.85,24.5,20.450000000000003,40.0,22.450000000000003,0,72.29296470841065,2.2411901353255166,1.0,s4_narrow_passage_medium,M7,21,4.0,1.2,1.4,sweep
False,17.150000000000002,0.8312505419865752,0.29894038571648257,True,93.26456540366665,688.4039335386382,0.03495630461922597,72.1129659429432,0.061700941414769006,0.5556664954272964,9.907695893534644e-05,9.907695893534644e-05,124.02061228243056,0,0.0,True,True,True,False,True,False,False,True,True,True,False,2.2443335045727033,False,False,23.6,23.35,23.6,20.0,40.0,22.900000000000002,0,72.22061878640766,2.241195341599433,1.0,s4_narrow_passage_medium,M7,22,4.0,1.2,1.4,sweep
False,17.05,0.831009232462528,0.29883622104986773,True,93.2939343445287,661.8961857266013,0.03974198918019143,72.02676472039195,0.06170502090026111,0.5556634209736189,3.742929338510691e-05,3.742929338510691e-05,123.73317095716595,0,0.0,True,True,True,False,True,False,False,True,True,True,False,2.244336579026381,False,False,23.5,23.400000000000002,23.5,19.900000000000002,40.0,23.0,0,72.2044804186176,2.241195433870505,1.0,s4_narrow_passage_medium,M7,23,4.0,1.2,1.4,sweep
False,17.25,0.8158465991397865,0.2989758076647472,True,93.1202677276998,690.1082193231848,0.03870162297128589,72.10763139842597,0.054945279110756355,0.5619402645010023,0.006383388453363429,0.006383388453363429,123.96480835562653,0,0.0,True,True,True,False,True,False,False,True,True,True,False,2.2380597354989975,False,False,23.55,23.35,23.55,20.1,40.0,22.8,0,72.22239325420354,2.241190554735166,1.0,s4_narrow_passage_medium,M7,24,4.0,1.2,1.4,sweep
False,17.5,0.9499347866501069,0.29898911906453807,True,92.78437271932319,720.592971368671,0.035164377861007075,72.03495428073624,0.054898829976147305,0.5619875671904949,0.006335281399610304,0.006335281399610304,124.23269753606728,0,0.0,True,True,True,False,True,False,False,True,True,True,False,2.238012432809505,False,False,24.05,23.650000000000002,24.05,20.35,40.0,22.55,0,72.24500960087475,2.2411888343559023,1.0,s4_narrow_passage_medium,M7,25,4.0,1.2,1.4,sweep
False,17.400000000000002,0.8010553859550449,0.3176646153208883,True,92.77958522329982,712.4749847791683,0.040366208905534745,72.08060117866785,0.061729895293659305,0.5556410238982232,2.9097210724412823e-05,2.9097210724412823e-05,123.78088964253257,0,0.0,True,True,True,False,True,False,False,True,True,True,False,2.2443589761017764,False,False,24.1,23.650000000000002,24.1,20.200000000000003,40.0,22.650000000000002,0,72.24346204343092,2.2411967327760602,1.0,s4_narrow_passage_medium,M7,26,4.0,1.2,1.4,sweep
False,17.2,0.8969469170316031,0.2990151924785055,True,92.77015384259226,689.6441591712259,0.03141905950894715,72.01749667120929,0.06173860624651864,0.5556331427881601,9.168066451585616e-06,9.168066451585616e-06,123.64071077323385,0,0.0,True,True,True,False,True,False,False,True,True,True,False,2.2443668572118396,False,False,23.8,23.400000000000002,23.8,20.05,40.0,22.85,0,72.22043610916636,2.241195564276092,1.0,s4_narrow_passage_medium,M7,27,4.0,1.2,1.4,sweep
False,17.35,0.7915043234306649,0.2954417945200133,True,92.20713377215867,678.4660985857395,0.03474823137744486,72.14052391756493,0.05495133697032164,0.5619333393714792,0.006404705560010442,0.006404705560010442,123.16975391821093,0,0.0,True,True,True,False,True,False,False,True,True,True,False,2.2380666606285207,False,False,23.75,23.650000000000002,23.75,20.200000000000003,40.0,22.700000000000003,0,72.24828968471436,2.241186634852836,1.0,s4_narrow_passage_medium,M7,28,4.0,1.2,1.4,sweep
False,17.45,0.8649060349676485,0.29885032898774955,True,92.42753451124673,695.7302704354308,0.03537245110278818,72.0661394380196,0.06169700400692892,0.5556700590078019,7.923443566894217e-05,7.923443566894217e-05,123.6566897212551,0,0.0,True,True,True,False,True,False,False,True,True,True,False,2.244329940992198,False,False,23.8,23.700000000000003,23.8,20.3,40.0,22.6,0,72.23945224578922,2.241194233260735,1.0,s4_narrow_passage_medium,M7,29,4.0,1.2,1.4,sweep
False,17.400000000000002,0.9504292088107131,0.2988526604833653,True,92.96051992452584,676.3468337236959,0.03204327923429047,72.05928311957192,0.05493992769657285,0.5619477206476559,0.006298035021815366,0.006298035021815366,124.10823992403482,0,0.0,True,True,True,False,True,False,False,True,True,True,False,2.238052279352344,False,False,23.85,23.6,23.85,20.25,40.0,22.650000000000002,0,72.24198758311317,2.241190662425428,1.0,s4_narrow_passage_medium,M7,30,4.0,1.2,1.4,sweep
False,17.0,0.8051278666309261,0.3014639815413275,True,92.25988333454177,588.8867895466757,0.03454015813566375,72.12153758179947,0.05493618199974406,0.5619492431385287,0.006386041094992689,0.006386041094992689,122.57712280601939,0,0.0,True,True,True,False,True,False,False,True,True,True,False,2.238050756861471,False,False,23.85,23.400000000000002,23.85,19.85,40.0,23.05,0,72.19925330369415,2.241189894982709,1.0,s4_narrow_passage_medium,M7,31,4.0,1.2,1.4,sweep
False,17.400000000000002,0.8348969854472712,0.29633778852953135,True,92.32986556234178,609.2987522911457,0.03724511027881815,72.00302933662638,0.06173680021728528,0.5556345914596411,4.0022104794534775e-05,4.0022104794534775e-05,123.46175133669662,0,0.0,True,True,True,False,True,False,False,True,True,True,False,2.2443654085403586,False,False,24.25,23.75,24.25,20.25,40.0,22.650000000000002,0,72.24030808032872,2.241192933559751,1.0,s4_narrow_passage_medium,M7,32,4.0,1.2,1.4,sweep
False,17.45,0.8205760310883801,0.2998806429646301,True,92.41352112417329,708.8444921098596,0.03537245110278818,72.03361508208866,0.06171422508503103,0.5556551657964056,5.1282768491028844e-05,5.1282768491028844e-05,123.42762347530446,0,0.0,True,True,True,False,True,False,False,True,True,True,False,2.244344834203594,False,False,24.3,23.85,24.3,20.3,40.0,22.6,0,72.29161460314099,2.241189807120458,1.0,s4_narrow_passage_medium,M7,33,4.0,1.2,1.4,sweep
False,17.25,0.8339239686985616,0.3171745281881355,True,93.04803329561679,697.4622920608911,0.03682896379525593,72.11301092449678,0.05493284367335317,0.5619509365189727,0.00641095629831289,0.00641095629831289,123.77304526532828,0,0.0,True,True,True,False,True,False,False,True,True,True,False,2.2380490634810273,False,False,23.950000000000003,23.5,23.950000000000003,20.05,40.0,22.8,0,72.22785688606233,2.2411912648846033,1.0,s4_narrow_passage_medium,M7,34,4.0,1.2,1.4,sweep
False,17.3,0.8363527164937177,0.3028794511870731,True,91.24407957108947,671.8105920453808,0.03474823137744486,72.09860789747765,0.054935816021084084,0.561948333817864,0.006364633370422743,0.006364633370422743,122.64593311717714,0,0.0,True,True,True,False,True,False,False,True,True,True,False,2.2380516661821357,False,False,24.1,23.75,24.1,20.150000000000002,40.0,22.75,0,72.51501798163068,2.241332541288825,1.0,s4_narrow_passage_medium,M7,35,4.0,1.2,1.4,sweep
False,17.35,0.8384088006165398,0.29892961279064806,True,92.92485800831187,664.7122810529532,0.03682896379525593,72.09331347000271,0.05494033627010795,0.5619452199484734,0.006383323958794311,0.006383323958794311,123.95132080366687,0,0.0,True,True,True,False,True,False,False,True,True,True,False,2.2380547800515265,False,False,23.650000000000002,23.450000000000003,23.650000000000002,20.150000000000002,40.0,22.700000000000003,0,72.23335675793606,2.2411909059119073,1.0,s4_narrow_passage_medium,M7,36,4.0,1.2,1.4,sweep
False,17.400000000000002,0.8418874479979561,0.31689023949196676,True,92.92985144564722,665.6562176315747,0.03766125676238036,72.02375056975481,0.06171697578245703,0.5556525006042717,2.7267032794344705e-05,2.7267032794344705e-05,123.95371323748267,0,0.0,True,True,True,False,True,False,False,True,True,True,False,2.244347499395728,False,False,24.400000000000002,23.400000000000002,24.400000000000002,20.200000000000003,40.0,22.650000000000002,0,72.24399730516404,2.241196656481747,1.0,s4_narrow_passage_medium,M7,37,4.0,1.2,1.4,sweep
False,17.45,0.9139160515335438,0.2988234807591724,True,92.3121996084098,708.4756577647192,0.041822721598002495,72.03171110797892,0.05491985443020856,0.5619682142713149,0.006320993780317988,0.006320993780317988,123.6681841848308,0,0.0,True,True,True,False,True,False,False,True,True,True,False,2.238031785728685,False,False,23.85,23.75,23.85,20.3,40.0,22.6,0,72.24186945522268,2.241188882051378,1.0,s4_narrow_passage_medium,M7,38,4.0,1.2,1.4,sweep
False,17.5,0.7375780589042928,0.2986743303932747,True,93.29316091545395,694.1204749139641,0.04723262588431128,72.10959170309961,0.06174191661640551,0.5556299905928556,8.968736663366425e-05,8.968736663366425e-05,124.24740641833938,0,0.0,True,True,True,False,True,False,False,True,True,True,False,2.2443700094071444,False,False,23.900000000000002,23.6,23.900000000000002,20.3,40.0,22.55,0,72.24303874233028,2.241196490348715,1.0,s4_narrow_passage_medium,M7,39,4.0,1.2,1.4,sweep
False,17.75,0.8673945343202527,0.3043901094307585,True,92.01416460133998,651.1272763658125,0.0359966708281315,72.08534373220866,0.0728411119333785,0.6413466553455839,0.0064712994105346824,0.0064712994105346824,123.52430670075155,0,0.0,True,True,True,False,True,False,False,True,True,True,False,2.158653344654416,False,False,24.400000000000002,23.650000000000002,24.400000000000002,20.400000000000002,40.0,22.3,0,72.35686178981105,2.161791264699774,1.0,s4_narrow_passage_medium,M7,10,4.0,1.2,1.6,sweep
False,17.85,0.923576784238102,0.30235743563956524,True,91.80030770457061,786.4830023821562,0.03058676654182272,72.04968958207252,0.07279765701966436,0.6413851719110663,0.006405078375336357,0.006405078375336357,123.59430261337783,0,0.0,True,True,True,False,True,False,False,True,True,True,False,2.1586148280889335,False,False,24.05,23.55,24.05,20.5,40.0,22.200000000000003,0,72.3768092619541,2.16177044046574,1.0,s4_narrow_passage_medium,M7,11,4.0,1.2,1.6,sweep
False,17.85,0.7567080294252653,0.3017843460604508,True,92.31753252190187,745.8793520694448,0.04265501456512692,72.05579694870273,0.08061993256862908,0.6350538298745508,9.875801147071349e-05,9.875801147071349e-05,123.93324830887153,0,0.0,True,True,True,False,True,False,False,True,True,True,False,2.164946170125449,False,False,23.450000000000003,23.450000000000003,23.450000000000003,20.5,40.0,22.200000000000003,0,72.25226850591558,2.161789843774443,1.0,s4_narrow_passage_medium,M7,12,4.0,1.2,1.6,sweep
False,17.6,0.9200239720458552,0.30094041366326735,True,92.0314963144948,822.9944321001698,0.031835205992509365,72.03959827022081,0.07292653509172865,0.6412840387636063,0.005574421363072957,0.005574421363072957,123.50536196768365,0,0.0,True,True,True,False,True,False,False,True,True,True,False,2.1587159612363935,False,False,23.5,23.400000000000002,23.5,20.3,40.0,22.450000000000003,0,72.32242854322085,2.16175420820952,1.0,s4_narrow_passage_medium,M7,13,4.0,1.2,1.6,sweep
False,17.55,0.9663933419525146,0.2996538671982382,True,91.78032259515638,628.5985633909444,0.024968789013732832,72.03381515949722,0.08061646042890068,0.6350562531800877,0.0001288313946442239,0.0001288313946442239,123.18831625468657,0,0.0,True,True,True,False,True,False,False,True,True,True,False,2.164943746819912,False,False,23.8,23.5,23.8,20.25,40.0,22.5,0,72.25634687750919,2.1617970748726374,1.0,s4_narrow_passage_medium,M7,14,4.0,1.2,1.6,sweep
False,17.900000000000002,0.9381207952668105,0.30074822362188874,True,91.95517596375088,771.88313771851,0.03766125676238036,72.07000433200346,0.08061875870085822,0.6350544657544434,0.00013837541770902984,0.00013837541770902984,123.90401239883214,0,0.0,True,True,True,False,True,False,False,True,True,True,False,2.1649455342455566,False,False,24.3,23.8,24.3,20.55,40.0,22.150000000000002,0,72.40494388408271,2.161778612382898,1.0,s4_narrow_passage_medium,M7,15,4.0,1.2,1.6,sweep
False,17.650000000000002,0.8801816413735815,0.3013189876222171,True,92.22353200487531,762.2878072883536,0.03433208489388265,72.03325779675757,0.0806275227332074,0.6350479384821126,8.555615409731036e-05,8.555615409731036e-05,123.80272260057215,0,0.0,True,True,True,False,True,False,False,True,True,True,False,2.164952061517887,False,False,23.900000000000002,23.400000000000002,23.900000000000002,20.3,40.0,22.400000000000002,0,72.34238933906094,2.161784361976536,1.0,s4_narrow_passage_medium,M7,16,4.0,1.2,1.6,sweep
False,17.6,0.8450558621945363,0.3152232625242405,True,92.94246756707243,750.8066513704875,0.04161464835622139,72.11908473825426,0.07284780199110634,0.641340417405332,0.006457666561160141,0.006457666561160141,124.03586825178444,0,0.0,True,True,True,False,True,False,False,True,True,True,False,2.1586595825946677,False,False,24.150000000000002,23.55,24.150000000000002,20.200000000000003,40.0,22.450000000000003,0,72.316485551926,2.161779100422466,1.0,s4_narrow_passage_medium,M7,17,4.0,1.2,1.6,sweep
False,17.900000000000002,0.9716261901729986,0.30223270986283896,True,91.88287626779,804.6998835953935,0.0359966708281315,71.99717708415596,0.08063470123133076,0.6350421355856057,0.0001484319893096646,0.0001484319893096646,123.74767914884602,0,0.0,True,True,True,False,True,False,False,True,True,True,False,2.164957864414394,False,False,24.0,23.75,24.0,20.55,40.0,22.150000000000002,0,72.40086784886718,2.1617721989863186,1.0,s4_narrow_passage_medium,M7,18,4.0,1.2,1.6,sweep
False,17.55,0.8201597004805634,0.3012051490733115,True,92.46140549156523,693.0022194754077,0.03724511027881815,72.06146416752216,0.08063201159667101,0.6350444354376736,2.3801669397280216e-05,2.3801669397280216e-05,123.66057749501576,0,0.0,True,True,True,False,True,False,False,True,True,True,False,2.164955564562326,False,False,23.3,23.3,23.3,20.200000000000003,40.0,22.5,0,72.32144097153227,2.161788602483227,1.0,s4_narrow_passage_medium,M7,19,4.0,1.2,1.6,sweep
False,17.8,0.983047198030021,0.3289590242585491,True,92.14793994876659,751.347978146621,0.029130253849354974,72.0695810786326,0.07281516205615644,0.6413697989026551,0.006253772299993644,0.006253772299993644,123.97743243100518,0,0.0,True,True,True,False,True,False,False,True,True,True,False,2.1586302010973446,False,False,23.6,23.400000000000002,23.6,20.450000000000003,40.0,22.25,0,72.37361676233377,2.1617672575818236,1.0,s4_narrow_passage_medium,M7,20,4.0,1.2,1.6,sweep
False,17.95,0.8965582005871628,0.33428032070195673,True,92.6149681034518,702.9281144046445,0.03141905950894715,72.0189580616535,0.08064987491770377,0.6350300877308092,0.00016839450882372796,0.00016839450882372796,124.35437305124955,0,0.0,True,True,True,False,True,False,False,True,True,True,False,2.1649699122691906,False,False,23.75,23.6,23.75,20.6,40.0,22.1,0,72.2730479003504,2.1617921847746113,1.0,s4_narrow_passage_medium,M7,21,4.0,1.2,1.6,sweep
False,17.55,0.8638269156158873,0.30277498870630226,True,92.33182966501242,659.6817344610495,0.03162713275072826,72.06302614918874,0.08060449559486692,0.6350658674143352,6.197728295988218e-05,6.197728295988218e-05,123.69263612163098,0,0.0,True,True,True,False,True,False,False,True,True,True,False,2.164934132585665,False,False,23.950000000000003,23.450000000000003,23.950000000000003,20.25,40.0,22.5,0,72.34629565037672,2.161793383616261,1.0,s4_narrow_passage_medium,M7,22,4.0,1.2,1.6,sweep
False,17.2,0.8132921824159738,0.3009384947919644,True,93.08503477857164,674.5967266459919,0.04015813566375364,72.07870428709077,0.07282103829986142,0.6413645351410469,0.006303194948766216,0.006303194948766216,123.63164678660854,0,0.0,True,True,True,False,True,False,False,True,True,True,False,2.158635464858953,False,False,23.05,23.05,23.05,19.900000000000002,40.0,22.85,0,72.29292982794205,2.1617848732915386,1.0,s4_narrow_passage_medium,M7,23,4.0,1.2,1.6,sweep
False,17.75,0.9044149529168097,0.3019656974019674,True,92.23698630982346,822.6356870143497,0.03349979192675822,72.54922391401304,0.07290868945618063,0.6412694634645993,0.00629163587578938,0.00629163587578938,123.82450677661166,0,0.0,True,True,True,False,True,False,False,True,True,True,False,2.1587305365354004,False,False,23.900000000000002,23.5,23.900000000000002,20.400000000000002,40.0,22.3,0,72.33406279586933,2.1617508258268505,1.0,s4_narrow_passage_medium,M7,24,4.0,1.2,1.6,sweep
False,17.8,0.8333475376390285,0.3214428262987645,True,92.60941459446103,796.0381535072779,0.03266749895963379,72.08638629607442,0.07284530682709782,0.641343513121605,0.0063567576545852595,0.0063567576545852595,124.3016401806496,0,0.0,True,True,True,False,True,False,False,True,True,True,False,2.158656486878395,False,False,23.400000000000002,23.400000000000002,23.400000000000002,20.450000000000003,40.0,22.25,0,72.39570810260594,2.16176408418377,1.0,s4_narrow_passage_medium,M7,25,4.0,1.2,1.6,sweep
False,17.8,0.9266403936452481,0.3009384682106557,True,92.05638372853542,834.9653218483639,0.03433208489388265,72.28523680685998,0.07305659442857178,0.641158175940563,0.005829333704496881,0.005829333704496881,123.80089633228013,0,0.0,True,True,True,False,True,False,False,True,True,True,False,2.158841824059437,False,False,23.700000000000003,23.700000000000003,23.700000000000003,20.450000000000003,40.0,22.25,0,72.3499311536941,2.16175160332554,1.0,s4_narrow_passage_medium,M7,26,4.0,1.2,1.6,sweep
False,17.55,0.9351559230183086,0.30378652006405366,True,92.10587668037829,748.7274301320399,0.024968789013732832,72.13231408988567,0.07285583685865653,0.6413330058617227,0.006354384032694511,0.006354384032694511,123.52819388777007,0,0.0,True,True,True,False,True,False,False,True,True,True,False,2.1586669941382772,False,False,23.650000000000002,23.55,23.650000000000002,20.25,40.0,22.5,0,72.32818880158933,2.161777579133578,1.0,s4_narrow_passage_medium,M7,27,4.0,1.2,1.6,sweep
False,17.8,0.9688025274516046,0.301115329962121,True,92.196457137712,737.9740179627463,0.028089887640449437,72.1085582325334,0.07281374593073257,0.6413691954146717,0.006492285087585928,0.006492285087585928,123.8829933844695,0,0.0,True,True,True,False,True,False,False,True,True,True,False,2.158630804585328,False,False,23.75,23.75,23.75,20.450000000000003,40.0,22.25,0,72.36098619237978,2.1617732132837677,1.0,s4_narrow_passage_medium,M7,28,4.0,1.2,1.6,sweep
False,17.8,0.8977788500322943,0.30297914675619564,True,92.0440189235162,750.4392646851569,0.03474823137744486,72.13018579666289,0.07285573257553189,0.6413326939122634,0.006497165867522603,0.006497165867522603,123.71299048576759,0,0.0,True,True,True,False,True,False,False,True,True,True,False,2.1586673060877364,False,False,23.75,23.55,23.75,20.5,40.0,22.25,0,72.35972595083845,2.1617761169288854,1.0,s4_narrow_passage_medium,M7,29,4.0,1.2,1.6,sweep
False,17.7,0.942505658122675,0.3349109040366879,True,92.59328142903001,744.1551582318182,0.03162713275072826,72.10764513835807,0.07283983000660711,0.6413465333799506,0.006501867880013249,0.006501867880013249,123.97942246997258,0,0.0,True,True,True,False,True,False,False,True,True,True,False,2.1586534666200494,False,False,23.700000000000003,23.35,23.700000000000003,20.35,40.0,22.35,0,72.37532939548227,2.1617798769145278,1.0,s4_narrow_passage_medium,M7,30,4.0,1.2,1.6,sweep
False,17.45,0.8944391759551003,0.2994092044718767,True,91.80369716298736,648.6175191488343,0.02871410736579276,72.03916925903134,0.07280051301304617,0.6413826901851354,0.006409537523119802,0.006409537523119802,122.91751556511997,0,0.0,True,True,True,False,True,False,False,True,True,True,False,2.1586173098148644,False,False,23.700000000000003,23.400000000000002,23.700000000000003,20.1,40.0,22.6,0,72.24640464689614,2.161789580855853,1.0,s4_narrow_passage_medium,M7,31,4.0,1.2,1.6,sweep
False,17.75,0.8998263553009445,0.30250810731616035,True,91.89936865328494,712.6271541363815,0.030378693300041615,72.02871401821974,0.08064379977407103,0.6350351386123134,7.407174541518086e-05,7.407174541518086e-05,123.44504364608169,0,0.0,True,True,True,False,True,False,False,True,True,True,False,2.1649648613876864,False,False,24.3,23.85,24.3,20.400000000000002,40.0,22.3,0,72.40617117067072,2.161779609208019,1.0,s4_narrow_passage_medium,M7,32,4.0,1.2,1.6,sweep
False,17.8,0.9260223875202784,0.3042302819179146,True,91.90297064904908,684.7890467023626,0.029754473574698292,72.01884740446773,0.08061965752549256,0.6350541368178564,0.00011393062007073926,0.00011393062007073926,123.43628568732275,0,0.0,True,True,True,False,True,False,False,True,True,True,False,2.1649458631821434,False,False,24.35,23.950000000000003,24.35,20.450000000000003,40.0,22.25,0,72.38332071117789,2.1617936458788964,1.0,s4_narrow_passage_medium,M7,33,4.0,1.2,1.6,sweep
False,17.650000000000002,0.9569593142672483,0.3049944947314552,True,92.22562850813331,745.2300027139189,0.02850603412401165,72.06798144455773,0.08060507737043372,0.6350654195467262,3.916967719950042e-05,3.916967719950042e-05,123.70617601630758,0,0.0,True,True,True,False,True,False,False,True,True,True,False,2.1649345804532736,False,False,23.5,23.400000000000002,23.5,20.35,40.0,22.400000000000002,0,72.33125017426825,2.161786663616972,1.0,s4_narrow_passage_medium,M7,34,4.0,1.2,1.6,sweep
False,17.7,0.9134798064009908,0.30275777283199706,True,91.81631768461364,739.2791626840452,0.030378693300041615,72.06422065607127,0.07280581079585159,0.641377988088535,0.006219015920994567,0.006219015920994567,123.40018034702628,0,0.0,True,True,True,False,True,False,False,True,True,True,False,2.158622011911465,False,False,24.25,23.85,24.25,20.400000000000002,40.0,22.35,0,72.29775541752866,2.1617638834502455,1.0,s4_narrow_passage_medium,M7,35,4.0,1.2,1.6,sweep
False,17.8,0.9284317253949077,0.30126214843918875,True,91.80071201133478,714.9781985681594,0.02933832709113608,72.0356412317499,0.08063231124792213,0.6350442969228215,8.300096034148617e-05,8.300096034148617e-05,123.53030734388526,0,0.0,True,True,True,False,True,False,False,True,True,True,False,2.164955703077178,False,False,23.8,23.75,23.8,20.450000000000003,40.0,22.25,0,72.28723625344762,2.1617882369202737,1.0,s4_narrow_passage_medium,M7,36,4.0,1.2,1.6,sweep
True,17.8,0.9980360805882726,0.3556340090212245,False,92.24241175850804,689.9759493336751,0.027049521431543905,72.12271059112398,0.07284081311488916,0.641345819187608,0.006495880103543613,0.006495880103543613,124.06353149743053,0,0.0,True,True,True,False,True,True,False,False,True,True,True,2.158654180812392,False,True,23.400000000000002,23.400000000000002,23.400000000000002,20.450000000000003,40.0,22.25,0,72.35843136189376,2.1617911267836845,1.0,s4_narrow_passage_medium,M7,37,4.0,1.2,1.6,sweep
False,17.8,0.9619186640625228,0.30092654254037327,True,91.81694527040983,826.5006558469875,0.03641281731169372,72.02762236646429,0.07280426869282375,0.6413846970147704,0.005865020971718594,0.005865020971718594,123.6349149020816,0,0.0,True,True,True,False,True,False,False,True,True,True,False,2.1586153029852295,False,False,24.200000000000003,23.6,24.200000000000003,20.5,40.0,22.25,0,72.3521710789023,2.1617547660515455,1.0,s4_narrow_passage_medium,M7,38,4.0,1.2,1.6,sweep
False,17.85,0.8686345545598912,0.3009558687694466,True,92.59487613807316,846.0678478988115,0.03911776945484811,72.05355557811144,0.07562700367884481,0.6391086826070745,0.003913641680827112,0.003913641680827112,124.22396508666185,0,0.0,True,True,True,False,True,False,False,True,True,True,False,2.160891317392925,False,False,23.75,23.75,23.75,20.55,40.0,22.200000000000003,0,72.32244167266931,2.16175445037556,1.0,s4_narrow_passage_medium,M7,39,4.0,1.2,1.6,sweep
False,18.150000000000002,0.8889807939866967,0.30323568493327174,True,92.0451555867029,726.0454721167961,0.03537245110278818,72.00386200159288,0.102023214215211,0.7144665575223724,0.00034215535625483934,0.00034215535625483934,124.06297198798066,0,0.0,True,True,True,False,True,False,False,True,True,True,False,2.0855334424776273,False,False,23.85,23.75,23.85,20.6,40.0,21.900000000000002,0,72.49953309464317,2.0823910752950083,1.0,s4_narrow_passage_medium,M7,10,4.0,1.2,1.8,sweep
False,18.25,0.9769260575529237,0.30325868553456736,True,91.51838990910494,734.3698208027573,0.029754473574698292,72.03286926260957,0.10208086006749288,0.714426627086226,0.00034357755140574357,0.00034357755140574357,123.76481995037895,0,0.0,True,True,True,False,True,False,False,True,True,True,False,2.0855733729137738,False,False,23.85,23.75,23.85,20.700000000000003,40.0,21.8,0,72.53209777095401,2.082389772882653,1.0,s4_narrow_passage_medium,M7,11,4.0,1.2,1.8,sweep
False,18.2,0.8253673962782291,0.31714099533342116,True,92.37195388468116,754.2029200564261,0.04223886808156471,72.02727646033226,0.09324450258341137,0.7207615848970169,0.006040268749297086,0.006040268749297086,124.25668858622831,0,0.0,True,True,True,False,True,False,False,True,True,True,False,2.079238415102983,False,False,23.8,23.450000000000003,23.8,20.650000000000002,40.0,21.85,0,72.61934525661985,2.0823742590231626,1.0,s4_narrow_passage_medium,M7,12,4.0,1.2,1.8,sweep
False,18.05,0.9232471913919482,0.30561578851290183,True,91.09407834156858,754.9132059624133,0.02122347066167291,72.07058012875437,0.09327023501561876,0.7207413109112925,0.006172982180625151,0.006172982180625151,123.18331185903857,0,0.0,True,True,True,False,True,False,False,True,True,True,False,2.0792586890887073,False,False,24.3,23.85,24.3,20.55,40.0,22.0,0,72.56958850587142,2.082362988828795,1.0,s4_narrow_passage_medium,M7,13,4.0,1.2,1.8,sweep
False,17.75,0.8063146612271448,0.30843642377326475,True,92.20513832387829,689.1182903228502,0.02663337494798169,72.11059579321194,0.0932826745102282,0.7207286148717563,0.006689754490580148,0.006689754490580148,123.67536298900225,0,0.0,True,True,True,False,True,False,False,True,True,True,False,2.0792713851282434,False,False,23.400000000000002,23.3,23.400000000000002,20.25,40.0,22.3,0,72.44033134881413,2.08238288843207,1.0,s4_narrow_passage_medium,M7,14,4.0,1.2,1.8,sweep
False,18.25,0.9119379143251345,0.30246444619803403,True,91.68712927913472,740.4848023152886,0.03641281731169372,72.04373613231542,0.0932387644003439,0.7207652666629908,0.006542571158195172,0.006542571158195172,124.10433189898664,0,0.0,True,True,True,False,True,False,False,True,True,True,False,2.079234733337009,False,False,24.200000000000003,23.85,24.200000000000003,20.75,40.0,21.8,0,72.48424589195915,2.0823659365913443,1.0,s4_narrow_passage_medium,M7,15,4.0,1.2,1.8,sweep
False,18.05,0.9004980881541338,0.32525006657372063,True,91.79199996110673,798.0974340514554,0.03162713275072826,72.06913062183636,0.09328159838626655,0.7207327979105628,0.0060213391176793495,0.0060213391176793495,124.14820795526111,0,0.0,True,True,True,False,True,False,False,True,True,True,False,2.079267202089437,False,False,23.5,23.3,23.5,20.55,40.0,22.0,0,72.4363714536884,2.0825196205319707,1.0,s4_narrow_passage_medium,M7,16,4.0,1.2,1.8,sweep
False,18.05,0.8715012662921582,0.3079069051466598,True,92.37661132727361,743.7588701967217,0.03828547648772368,72.0221853754051,0.09322687261394517,0.7207751009507558,0.006467791345514886,0.006467791345514886,124.20854153689447,0,0.0,True,True,True,False,True,False,False,True,True,True,False,2.079224899049244,False,False,23.5,23.400000000000002,23.5,20.5,40.0,22.0,0,72.46505996727447,2.0823778227626892,1.0,s4_narrow_passage_medium,M7,17,4.0,1.2,1.8,sweep
False,18.25,0.9742165357187342,0.30269828399248616,True,91.47279035510476,741.1541606878143,0.032251352476071575,72.01951051624876,0.09322593702931975,0.7207761373128715,0.0060429929966021,0.0060429929966021,123.81734830169091,0,0.0,True,True,True,False,True,False,False,True,True,True,False,2.079223862687128,False,False,24.35,23.75,24.35,20.75,40.0,21.8,0,72.53248005878781,2.0823745815532893,1.0,s4_narrow_passage_medium,M7,18,4.0,1.2,1.8,sweep
False,17.75,0.8189069557235504,0.30655737831864316,True,92.20291238864365,706.6205804364937,0.03745318352059925,72.0123130687046,0.10205836427010963,0.7144419926377643,0.000339158872687208,0.000339158872687208,123.63920218400533,0,0.0,True,True,True,False,True,False,False,True,True,True,False,2.0855580073622355,False,False,23.650000000000002,23.150000000000002,23.650000000000002,20.25,40.0,22.3,0,72.39030679435871,2.0823907510874218,1.0,s4_narrow_passage_medium,M7,19,4.0,1.2,1.8,sweep
False,18.150000000000002,0.968532063509915,0.3155575404077538,True,91.89775418363034,743.4173825178954,0.02184769038701623,72.03842330669137,0.10206811977006625,0.7144353914477931,0.0003724499208833854,0.0003724499208833854,124.2660114947881,0,0.0,True,True,True,False,True,False,False,True,True,True,False,2.0855646085522066,False,False,24.35,23.650000000000002,24.35,20.650000000000002,40.0,21.900000000000002,0,72.50650430496117,2.082389831087628,1.0,s4_narrow_passage_medium,M7,20,4.0,1.2,1.8,sweep
False,18.35,0.9195603328512869,0.3340698843900481,True,92.31394330482597,832.1750025720189,0.02517686225551394,72.3095103687341,0.09333774919241501,0.720680107346919,0.00695822456312356,0.00695822456312356,124.85717085263839,0,0.0,True,True,True,False,True,False,False,True,True,True,False,2.0793198926530807,False,False,24.1,23.6,24.1,20.85,40.0,21.700000000000003,0,72.79996793243089,2.083033564257783,1.0,s4_narrow_passage_medium,M7,21,4.0,1.2,1.8,sweep
False,18.0,0.9234608058508604,0.30628683018087255,True,91.96230448580688,724.715036091242,0.03079483978360383,72.04558343713781,0.10202880917534901,0.7144631741346674,0.0002733401513915895,0.0002733401513915895,123.96575603079098,0,0.0,True,True,True,False,True,False,False,True,True,True,False,2.0855368258653324,False,False,23.650000000000002,23.55,23.650000000000002,20.5,40.0,22.05,0,72.49202650073399,2.0823922514539834,1.0,s4_narrow_passage_medium,M7,22,4.0,1.2,1.8,sweep
False,17.400000000000002,0.8070763837906416,0.30025257469409755,True,92.24416509430431,662.8634493704055,0.04889721181856013,72.0017619089661,0.10204778256323899,0.7144491472956366,0.0002875933952261223,0.0002875933952261223,122.91116404130499,0,0.0,True,True,True,False,True,False,False,True,True,True,False,2.085550852704363,False,False,23.85,23.25,23.85,20.0,40.0,22.650000000000002,0,72.37096800802536,2.0823971978473836,1.0,s4_narrow_passage_medium,M7,23,4.0,1.2,1.8,sweep
False,18.05,0.8469643405049345,0.3222628069893915,True,92.32152666895297,704.5884514557911,0.029130253849354974,72.09127692344657,0.09324127986031557,0.7207615326811486,0.006688817296552097,0.006688817296552097,124.2502296509062,0,0.0,True,True,True,False,True,False,False,True,True,True,False,2.0792384673188513,False,False,23.450000000000003,23.35,23.450000000000003,20.55,40.0,22.0,0,72.44780628910118,2.082376874892273,1.0,s4_narrow_passage_medium,M7,24,4.0,1.2,1.8,sweep
False,17.85,0.7584508434693424,0.3071034537718475,True,92.59016706451976,743.3930982301347,0.038493549729504785,72.01546453155,0.10207590156032631,0.7144299711687192,0.00029747760246404343,0.00029747760246404343,124.11583897389318,0,0.0,True,True,True,False,True,False,False,True,True,True,False,2.0855700288312806,False,False,23.450000000000003,23.25,23.450000000000003,20.35,40.0,22.200000000000003,0,72.4552624157376,2.0823942975586207,1.0,s4_narrow_passage_medium,M7,25,4.0,1.2,1.8,sweep
False,17.75,0.780821116755501,0.30855165373000415,True,91.25612312440576,711.9578766336724,0.03932584269662921,72.49084096423246,0.10208347905530757,0.7144186996043079,0.0015004992999304158,0.0015004992999304158,122.76476451235868,0,0.0,True,True,True,False,True,False,False,True,True,True,False,2.085581300395692,False,False,24.0,23.0,24.0,20.25,40.0,22.3,0,73.57089335521836,2.0852437821687984,1.0,s4_narrow_passage_medium,M7,26,4.0,1.2,1.8,sweep
False,17.95,0.9930064030662671,0.3043933269035398,True,91.805135132893,725.182356542617,0.02039117769454848,72.10955060044918,0.09324676196806227,0.7207564657108465,0.006720529602809856,0.006720529602809856,123.74282865803053,0,0.0,True,True,True,False,True,False,False,True,True,True,False,2.0792435342891533,False,False,23.6,23.5,23.6,20.450000000000003,40.0,22.1,0,72.46792615676273,2.082380014806346,1.0,s4_narrow_passage_medium,M7,27,4.0,1.2,1.8,sweep
False,18.150000000000002,0.9760032662567453,0.32613655152254684,True,91.85831581789097,746.7014504194983,0.0239284228048273,72.07995674291776,0.09326719817500521,0.7207434592877128,0.0061325338108951565,0.0061325338108951565,124.1779391973729,0,0.0,True,True,True,False,True,False,False,True,True,True,False,2.079256540712287,False,False,23.5,23.400000000000002,23.5,20.650000000000002,40.0,21.900000000000002,0,72.4242278965938,2.08241385131876,1.0,s4_narrow_passage_medium,M7,28,4.0,1.2,1.8,sweep
False,18.2,0.9203840526589266,0.31356561416951206,True,91.77816523160362,735.6712175407429,0.03141905950894715,72.08186572390646,0.0932585628295693,0.7207494572789378,0.006490453510260698,0.006490453510260698,123.93079971417181,0,0.0,True,True,True,False,True,False,False,True,True,True,False,2.079250542721062,False,False,24.1,23.6,24.1,20.700000000000003,40.0,21.85,0,72.47945255943725,2.082366303240821,1.0,s4_narrow_passage_medium,M7,29,4.0,1.2,1.8,sweep
False,18.05,0.9350821538529079,0.3028525869187405,True,92.22004536701965,704.0966925429813,0.02933832709113608,72.06656511570036,0.09323566851492071,0.7207670830385107,0.006641020709666251,0.006641020709666251,124.01083701585186,0,0.0,True,True,True,False,True,False,False,True,True,True,False,2.079232916961489,False,False,24.200000000000003,23.55,24.200000000000003,20.55,40.0,22.0,0,72.48394974193843,2.082378264609625,1.0,s4_narrow_passage_medium,M7,30,4.0,1.2,1.8,sweep
False,17.900000000000002,0.9851603866554297,0.3056652702427433,True,90.63704879082812,647.0866025039471,0.02122347066167291,83.36525466093856,0.13361211860160577,0.6910504838149069,0.029123893131887596,0.029123893131887596,123.95221910251075,0,0.0,True,True,True,False,True,False,False,True,True,True,False,2.108949516185093,False,False,23.150000000000002,23.150000000000002,23.150000000000002,20.400000000000002,40.0,22.150000000000002,0,84.39517149480517,2.1132057999034286,1.0,s4_narrow_passage_medium,M7,31,4.0,1.2,1.8,sweep
False,18.150000000000002,0.9556568848290861,0.3009083594294914,True,91.79037920774253,684.8886027309992,0.02725759467332501,72.06227297450276,0.09326042023599011,0.7207493107558655,0.006054922499228865,0.006054922499228865,123.80053191273535,0,0.0,True,True,True,False,True,False,False,True,True,True,False,2.0792506892441343,False,False,24.55,23.900000000000002,24.55,20.650000000000002,40.0,21.900000000000002,0,72.46199408854824,2.0823685372352436,1.0,s4_narrow_passage_medium,M7,32,4.0,1.2,1.8,sweep
False,18.0,0.8278486299224739,0.30241997234549794,True,92.0690815944737,722.1095261958118,0.031002913025384937,72.00900455093357,0.10206624732985554,0.7144367755077635,0.00033975615371043433,0.00033975615371043433,123.829934733503,0,0.0,True,True,True,False,True,False,False,True,True,True,False,2.0855632244922364,False,False,24.05,23.55,24.05,20.450000000000003,40.0,22.05,0,72.4341548715248,2.082388717079511,1.0,s4_narrow_passage_medium,M7,33,4.0,1.2,1.8,sweep
False,18.05,0.9649787146626723,0.3033968778425396,True,91.6381062904914,710.6770389655007,0.023096129837702872,72.03204019398366,0.09321999951790771,0.7207800972237123,0.006183491356134336,0.006183491356134336,123.59585833219737,0,0.0,True,True,True,False,True,False,False,True,True,True,False,2.0792199027762877,False,False,23.900000000000002,23.700000000000003,23.900000000000002,20.55,40.0,22.0,0,72.47157455127049,2.0823787421872155,1.0,s4_narrow_passage_medium,M7,34,4.0,1.2,1.8,sweep
False,18.0,0.9025127059370248,0.30254718038065836,True,91.88735494667051,761.0889986189284,0.03079483978360383,72.06575295513176,0.10202721889997542,0.7144630487120075,0.00045770899735153716,0.00045770899735153716,123.9748593693991,0,0.0,True,True,True,False,True,False,False,True,True,True,False,2.085536951287992,False,False,23.950000000000003,23.650000000000002,23.950000000000003,20.5,40.0,22.05,0,72.43643443358891,2.0823857151122924,1.0,s4_narrow_passage_medium,M7,35,4.0,1.2,1.8,sweep
False,18.2,0.92915077217317,0.3169556199374831,True,91.91962501629851,735.0051324681799,0.023304203079483977,72.04929439794897,0.1020445046527057,0.7144512824713466,0.00041162635712274414,0.00041162635712274414,124.1656567013082,0,0.0,True,True,True,False,True,False,False,True,True,True,False,2.085548717528653,False,False,24.35,23.650000000000002,24.35,20.650000000000002,40.0,21.85,0,72.51051326684748,2.082389854999458,1.0,s4_narrow_passage_medium,M7,36,4.0,1.2,1.8,sweep
False,18.150000000000002,0.9956228989157763,0.3054065864141639,True,91.80536360572054,724.7942068702168,0.028297960882230546,72.0765568401446,0.10203350770022523,0.714458934442801,0.00039633858237478667,0.00039633858237478667,124.00742506844207,0,0.0,True,True,True,False,True,False,False,True,True,True,False,2.085541065557199,False,False,23.55,23.55,23.55,20.650000000000002,40.0,21.900000000000002,0,72.51670615618141,2.0823904258193293,1.0,s4_narrow_passage_medium,M7,37,4.0,1.2,1.8,sweep
False,18.2,0.9619043797092093,0.3031936788704204,True,91.54767349328698,733.353947550654,0.0328755722014149,71.98831071816018,0.10206114151839674,0.7144400767858085,0.0003736557877444662,0.0003736557877444662,123.85008514449176,0,0.0,True,True,True,False,True,False,False,True,True,True,False,2.0855599232141913,False,False,24.150000000000002,23.75,24.150000000000002,20.700000000000003,40.0,21.85,0,72.51512529702413,2.082390149809151,1.0,s4_narrow_passage_medium,M7,38,4.0,1.2,1.8,sweep
False,18.25,0.8813296267630395,0.30253444939497076,True,92.20630426873299,751.9354700025567,0.0357885975863504,72.00120542370813,0.10203629953410244,0.7144579492575381,0.000316513648026123,0.000316513648026123,124.34212308584287,0,0.0,True,True,True,False,True,False,False,True,True,True,False,2.0855420507424616,False,False,24.05,23.650000000000002,24.05,20.700000000000003,40.0,21.8,0,72.51969061700952,2.08238934466037,1.0,s4_narrow_passage_medium,M7,39,4.0,1.2,1.8,sweep
False,17.05,0.6897429356524556,0.3049824219750099,True,93.06761555931791,679.0447264436708,0.04411152725759467,72.10362782469716,0.06958178553591485,0.5901101920969051,7.824116777377819e-05,7.824116777377819e-05,123.4186483679866,0,0.0,True,True,True,False,True,False,False,True,True,True,False,2.2098898079030946,False,False,23.900000000000002,23.450000000000003,23.900000000000002,19.900000000000002,40.0,23.0,0,72.16930219566697,2.2067550018787863,1.0,s4_narrow_passage_medium,M7,10,4.0,1.4,1.4,sweep
False,17.05,0.7583959074595146,0.3259280073116852,True,93.01123782838528,768.4501177050164,0.04431960049937578,72.03023083651564,0.062388271625694804,0.5963975917791591,0.006276743913328451,0.006276743913328451,123.49664242575687,0,0.0,True,True,True,False,True,False,False,True,True,True,False,2.2036024082208407,False,False,23.85,23.150000000000002,23.85,19.900000000000002,40.0,23.0,0,72.21122727318529,2.2067539211228877,1.0,s4_narrow_passage_medium,M7,11,4.0,1.4,1.4,sweep
False,17.1,0.7901384535247724,0.3313872846367672,True,93.8320458229759,824.367270503306,0.04848106533499792,71.99096377423615,0.06958575589781966,0.5901063298540112,3.832376941510794e-05,3.832376941510794e-05,124.03744594436182,0,0.0,True,True,True,False,True,False,False,True,True,True,False,2.2098936701459886,False,False,24.1,23.1,24.1,19.900000000000002,40.0,22.950000000000003,0,72.24953662223692,2.2067415548324147,1.0,s4_narrow_passage_medium,M7,12,4.0,1.4,1.4,sweep
False,16.85,0.739266786090093,0.3049128672111834,True,93.43317981634699,728.4848357654782,0.04348730753225135,72.0360427611322,0.06237410314394944,0.5964099543336233,0.006291112144804247,0.006291112144804247,123.63365445351195,0,0.0,True,True,True,False,True,False,False,True,True,True,False,2.2035900456663766,False,False,23.25,23.1,23.25,19.700000000000003,40.0,23.200000000000003,0,72.18631943217203,2.2067554390592488,1.0,s4_narrow_passage_medium,M7,13,4.0,1.4,1.4,sweep
False,16.85,0.7048599022327597,0.33120144280648,True,93.70917030989345,724.5119516169262,0.038493549729504785,72.02295833252253,0.06234125147470392,0.5964406566038875,0.006307010577570736,0.006307010577570736,123.79882522513051,0,0.0,True,True,True,False,True,False,False,True,True,True,False,2.2035593433961123,False,False,23.25,23.0,23.25,19.75,40.0,23.200000000000003,0,72.16972889030289,2.206753499428362,1.0,s4_narrow_passage_medium,M7,14,4.0,1.4,1.4,sweep
False,17.2,0.8316221380725752,0.3104592453416337,True,93.35149298355599,760.034762805354,0.049521431543903455,72.20161325525571,0.06237694881439493,0.5963970450174081,0.006411155772359752,0.006411155772359752,124.17788714660414,0,0.0,True,True,True,False,True,False,False,True,True,True,False,2.2036029549825917,False,False,23.950000000000003,23.35,23.950000000000003,20.1,40.0,22.85,0,72.22507918051929,2.206753959305075,1.0,s4_narrow_passage_medium,M7,15,4.0,1.4,1.4,sweep
False,16.95,0.6936936685745285,0.30554286628677896,True,93.46531061639092,750.3526238552348,0.041822721598002495,72.10025087153005,0.06959873068020726,0.5900944557536818,5.3814872649770895e-05,5.3814872649770895e-05,123.88197069117673,0,0.0,True,True,True,False,True,False,False,True,True,True,False,2.2099055442463182,False,False,23.1,23.1,23.1,19.8,40.0,23.1,0,72.19992086964923,2.2067566833276624,1.0,s4_narrow_passage_medium,M7,16,4.0,1.4,1.4,sweep
False,17.0,0.8270528031920452,0.31166482372071075,True,94.17036629786976,773.8824102500323,0.04931335830212235,72.0894429117927,0.06240744301521284,0.5963748893312998,0.006326389405641207,0.006326389405641207,124.17390546939218,0,0.0,True,True,True,False,True,False,False,True,True,True,False,2.2036251106687,False,False,23.450000000000003,23.05,23.450000000000003,19.8,40.0,23.05,0,72.20898064509767,2.2067544216710075,1.0,s4_narrow_passage_medium,M7,17,4.0,1.4,1.4,sweep
False,17.3,0.8361830323351327,0.3048055859084153,True,93.060537386492,717.2856998221532,0.04577611319184353,72.0210556329986,0.06236008262974019,0.5964198962709174,0.00631966672336166,0.00631966672336166,123.91048259251525,0,0.0,True,True,True,False,True,False,False,True,True,True,False,2.2035801037290823,False,False,23.650000000000002,23.55,23.650000000000002,20.150000000000002,40.0,22.75,0,72.2053717214888,2.2067553707864906,1.0,s4_narrow_passage_medium,M7,18,4.0,1.4,1.4,sweep
False,16.95,0.7125757885800901,0.3059800431300897,True,93.27672074538815,660.2952375929306,0.05181023720349563,72.12380139231382,0.06958784652471808,0.5901034649875858,4.298513237830898e-05,4.298513237830898e-05,123.50911468776735,0,0.0,True,True,True,False,True,False,False,True,True,True,False,2.209896535012414,False,False,23.400000000000002,23.200000000000003,23.400000000000002,19.8,40.0,23.1,0,72.16942730641925,2.20675695077781,1.0,s4_narrow_passage_medium,M7,19,4.0,1.4,1.4,sweep
False,17.0,0.7780716743373477,0.3323228662109592,True,93.95433866446886,812.0220725144411,0.047648772367873495,72.01442817398134,0.062473556645291,0.5963227352220274,0.006186995457061563,0.006186995457061563,124.19063671825188,0,0.0,True,True,True,False,True,False,False,True,True,True,False,2.2036772647779723,False,False,23.0,23.0,23.0,19.85,40.0,23.05,0,72.25618983573688,2.2067376887203656,1.0,s4_narrow_passage_medium,M7,20,4.0,1.4,1.4,sweep
False,17.3,0.7940185452770459,0.30720186174402725,True,92.68965810695563,698.19560211979,0.042863087806908035,72.10395942176675,0.062381128793878464,0.5963949982433266,0.0063741797840694,0.0063741797840694,123.71015617737712,0,0.0,True,True,True,False,True,False,False,True,True,True,False,2.203605001756673,False,False,23.75,23.650000000000002,23.75,20.200000000000003,40.0,22.75,0,72.20931847852256,2.2067536540621817,1.0,s4_narrow_passage_medium,M7,21,4.0,1.4,1.4,sweep
False,16.75,0.7235101912201498,0.3044652459262999,True,94.00569576778133,708.9024239413469,0.04535996670828132,72.07975057763521,0.06961192531864051,0.590083527672563,5.3325432673325074e-05,5.3325432673325074e-05,124.00094257436277,0,0.0,True,True,True,False,True,False,False,True,True,True,False,2.209916472327437,False,False,23.3,23.0,23.3,19.650000000000002,40.0,23.3,0,72.18214956980684,2.2067566015661453,1.0,s4_narrow_passage_medium,M7,22,4.0,1.4,1.4,sweep
False,16.650000000000002,0.7324184544305743,0.30528433157783624,True,94.02722176216567,732.1123091317183,0.04744069912609238,72.13165622910041,0.06962244471157085,0.590074822925105,8.773015016101789e-05,8.773015016101789e-05,123.82909502509717,0,0.0,True,True,True,False,True,False,False,True,True,True,False,2.209925177074895,False,False,23.3,22.900000000000002,23.3,19.6,40.0,23.400000000000002,0,72.1792344181724,2.2067567943358237,1.0,s4_narrow_passage_medium,M7,23,4.0,1.4,1.4,sweep
False,16.900000000000002,0.6913521645224796,0.31847790380671975,True,93.95902329840716,784.506366339923,0.054723262588431125,71.99899667538972,0.06235004002437545,0.5964300189184449,0.006326478575136504,0.006326478575136504,124.14148533871072,0,0.0,True,True,True,False,True,False,False,True,True,True,False,2.203569981081555,False,False,23.75,23.05,23.75,19.8,40.0,23.150000000000002,0,72.19871279938651,2.2067561710922936,1.0,s4_narrow_passage_medium,M7,24,4.0,1.4,1.4,sweep
False,17.150000000000002,0.8583873135051217,0.3051904109377694,True,93.70145705238531,767.7338349431328,0.03974198918019143,72.0854191029669,0.062425432703048116,0.5963584853000944,0.006315911612400579,0.006315911612400579,124.42073398029203,0,0.0,True,True,True,False,True,False,False,True,True,True,False,2.2036415146999055,False,False,23.450000000000003,23.450000000000003,23.450000000000003,20.0,40.0,22.900000000000002,0,72.21185858564368,2.206755164150802,1.0,s4_narrow_passage_medium,M7,25,4.0,1.4,1.4,sweep
False,16.95,0.7588553756419769,0.3292246699499134,True,93.75470791823469,770.1957375872211,0.04744069912609238,71.998285639045,0.06958361113473645,0.5901081221675523,2.5028600089494025e-05,2.5028600089494025e-05,123.95712422598547,0,0.0,True,True,True,False,True,False,False,True,True,True,False,2.2098918778324474,False,False,23.400000000000002,23.150000000000002,23.400000000000002,19.8,40.0,23.1,0,72.22106452150545,2.2067559413134887,1.0,s4_narrow_passage_medium,M7,26,4.0,1.4,1.4,sweep
False,16.85,0.7774418471140694,0.3218518571526004,True,93.51617972665652,782.576692411746,0.039950062421972535,72.2104449555711,0.06956622642459312,0.5901242868086426,0.0001785427306640597,0.0001785427306640597,123.73447544921592,0,0.0,True,True,True,False,True,False,False,True,True,True,False,2.2098757131913573,False,False,23.8,23.200000000000003,23.8,19.75,40.0,23.200000000000003,0,72.2371247666077,2.206754663184636,1.0,s4_narrow_passage_medium,M7,27,4.0,1.4,1.4,sweep
False,17.0,0.7340681427222033,0.3054199685755487,True,93.4904316460835,738.0241316552833,0.03786933000416146,72.03652696290246,0.06959213927699857,0.5901008644646483,3.425440651879089e-05,3.425440651879089e-05,123.81575077496731,0,0.0,True,True,True,False,True,False,False,True,True,True,False,2.2098991355353514,False,False,23.700000000000003,23.200000000000003,23.700000000000003,19.85,40.0,23.05,0,72.20189443315815,2.206756707838376,1.0,s4_narrow_passage_medium,M7,28,4.0,1.4,1.4,sweep
False,17.1,0.7204522122180845,0.30526374335295475,True,93.07216631858792,716.5961397808619,0.043279234290470245,72.1172695845122,0.062387897053402495,0.5963894962884856,0.00636190978538291,0.00636190978538291,123.53173856660571,0,0.0,True,True,True,False,True,False,False,True,True,True,False,2.203610503711514,False,False,23.55,23.35,23.55,19.950000000000003,40.0,22.950000000000003,0,72.196357754744,2.2067532855772156,1.0,s4_narrow_passage_medium,M7,29,4.0,1.4,1.4,sweep
False,16.95,0.7924067157916441,0.33322182936289085,True,94.20872943963032,711.8340892405976,0.04223886808156471,72.06182955310368,0.0696247640001151,0.5900730804456646,3.0107638314090917e-05,3.0107638314090917e-05,124.21834037486865,0,0.0,True,True,True,False,True,False,False,True,True,True,False,2.209926919554335,False,False,23.1,23.0,23.1,19.8,40.0,23.1,0,72.1620743697323,2.2067560644616844,1.0,s4_narrow_passage_medium,M7,30,4.0,1.4,1.4,sweep
False,16.650000000000002,0.7538744388825382,0.3046453870016067,True,93.59385459986505,718.5918915877872,0.04390345401581357,72.10236150734568,0.06959820791402953,0.5900947626328673,8.772496187905936e-05,8.772496187905936e-05,123.36207167777957,0,0.0,True,True,True,False,True,False,False,True,True,True,False,2.2099052373671326,False,False,23.200000000000003,22.950000000000003,23.200000000000003,19.5,40.0,23.400000000000002,0,72.17579440864571,2.206757331440582,1.0,s4_narrow_passage_medium,M7,31,4.0,1.4,1.4,sweep
False,17.0,0.7835284925787531,0.33121997882387205,True,94.06692743699305,758.2881774637251,0.04848106533499792,72.09084928664291,0.062427409792502664,0.5963565047474259,0.006317792136921077,0.006317792136921077,124.19708155980518,0,0.0,True,True,True,False,True,False,False,True,True,True,False,2.203643495252574,False,False,23.35,23.1,23.35,19.8,40.0,23.05,0,72.18578460581303,2.206752024737401,1.0,s4_narrow_passage_medium,M7,32,4.0,1.4,1.4,sweep
False,17.25,0.7795016656498504,0.3199373927134462,True,93.19023059815157,768.711946033521,0.0357885975863504,72.0399402115088,0.0695980209761157,0.5900958569653814,3.9469865244824754e-05,3.9469865244824754e-05,124.14730334262528,0,0.0,True,True,True,False,True,False,False,True,True,True,False,2.2099041430346187,False,False,24.1,23.5,24.1,20.150000000000002,40.0,22.8,0,72.23564407758604,2.206756213863687,1.0,s4_narrow_passage_medium,M7,33,4.0,1.4,1.4,sweep
False,17.0,0.7965220810107037,0.3175363465458614,True,92.48289548727006,650.2537419567002,0.039950062421972535,72.11242356679936,0.0696310612632322,0.5900677855764477,5.949131457977495e-05,5.949131457977495e-05,122.92954877801054,0,0.0,True,True,True,False,True,False,False,True,True,True,False,2.209932214423552,False,False,23.25,23.150000000000002,23.25,19.950000000000003,40.0,23.05,0,72.16541311686859,2.20675521657387,1.0,s4_narrow_passage_medium,M7,34,4.0,1.4,1.4,sweep
False,16.85,0.8506882210115785,0.3094315260257846,True,93.61146310835821,730.6551498229934,0.04577611319184353,72.03552955009515,0.0696200772642615,0.5900767778644378,2.8017501426508485e-05,2.8017501426508485e-05,123.85249346976369,0,0.0,True,True,True,False,True,False,False,True,True,True,False,2.2099232221355622,False,False,23.1,23.0,23.1,19.700000000000003,40.0,23.200000000000003,0,72.17733210820812,2.206757133452434,1.0,s4_narrow_passage_medium,M7,35,4.0,1.4,1.4,sweep
False,16.95,0.7061052862650319,0.30447630714780993,True,93.5058237722855,740.7271245183256,0.0478568456096546,72.0514103528377,0.06959838977836075,0.590094874700937,4.155771260942303e-05,4.155771260942303e-05,123.87267392532473,0,0.0,True,True,True,False,True,False,False,True,True,True,False,2.2099051252990627,False,False,23.5,23.200000000000003,23.5,19.85,40.0,23.1,0,72.19987658992801,2.2067560144454212,1.0,s4_narrow_passage_medium,M7,36,4.0,1.4,1.4,sweep
False,17.150000000000002,0.7744615375625357,0.30598786957687335,True,92.80418238782244,682.0457032005879,0.041406575114440285,72.0760817875364,0.06963071752897128,0.590068054374526,0.00011596682935313316,0.00011596682935313316,123.32511901465341,0,0.0,True,True,True,False,True,False,False,True,True,True,False,2.209931945625474,False,False,24.0,23.6,24.0,20.0,40.0,22.900000000000002,0,72.19197013109752,2.206755013830468,1.0,s4_narrow_passage_medium,M7,37,4.0,1.4,1.4,sweep
False,17.150000000000002,0.8195731594797289,0.3053753181538795,True,93.07564469024554,774.9254589409683,0.04972950478568456,72.03287500700803,0.06238571233094924,0.5963999236422005,0.006277543291404347,0.006277543291404347,123.71326568686104,0,0.0,True,True,True,False,True,False,False,True,True,True,False,2.2036000763577994,False,False,23.450000000000003,23.35,23.450000000000003,20.05,40.0,22.900000000000002,0,72.23713108901187,2.2067546515714285,1.0,s4_narrow_passage_medium,M7,38,4.0,1.4,1.4,sweep
False,17.2,0.7679122380274157,0.32284275768380477,True,93.85487907477662,781.7742165002476,0.049521431543903455,72.02369223669423,0.062375190488460075,0.5964090476824685,0.006279540453734853,0.006279540453734853,124.27718731452401,0,0.0,True,True,True,False,True,False,False,True,True,True,False,2.203590952317531,False,False,23.85,23.450000000000003,23.85,20.0,40.0,22.85,0,72.22174614700357,2.2067501295737224,1.0,s4_narrow_passage_medium,M7,39,4.0,1.4,1.4,sweep
False,17.400000000000002,0.7257654081083225,0.3285203168844846,True,93.20614604964287,744.5906051010429,0.048064918851435705,72.00562539084643,0.09094382446316314,0.6743928418758487,0.00011159761159132782,0.00011159761159132782,124.03238354923333,0,0.0,True,True,True,False,True,False,False,True,True,True,False,2.125607158124151,False,False,23.6,23.1,23.6,20.05,40.0,22.650000000000002,0,72.31019734872719,2.1224339264574876,1.0,s4_narrow_passage_medium,M7,10,4.0,1.4,1.6,sweep
True,17.5,0.8287931026607691,0.36014368946927516,False,92.31444556309714,740.949607755547,0.04203079483978361,72.00717602133531,0.09090279444767085,0.6744237071007517,7.439010676260696e-05,7.439010676260696e-05,123.4186947356408,0,0.0,True,True,True,False,True,True,False,False,True,True,True,2.125576292899248,False,True,23.3,23.200000000000003,23.3,20.150000000000002,40.0,22.55,0,72.32705199901937,2.1224326493957153,1.0,s4_narrow_passage_medium,M7,11,4.0,1.4,1.6,sweep
False,17.55,0.7655013381536555,0.3174099722418225,True,93.00998643297328,743.4114839305572,0.05264253017062006,72.07089802666061,0.08261361584735795,0.6807322640588547,0.006362397577532656,0.006362397577532656,123.90195459160027,0,0.0,True,True,True,False,True,False,False,True,True,True,False,2.119267735941145,False,False,23.450000000000003,23.450000000000003,23.450000000000003,20.200000000000003,40.0,22.5,0,72.32534309759107,2.1224267495501206,1.0,s4_narrow_passage_medium,M7,12,4.0,1.4,1.6,sweep
False,17.2,0.7569964811075474,0.3297300125737778,True,92.97575938784816,730.0865035762563,0.04390345401581357,72.1313206780408,0.0826322668291126,0.6807145169608537,0.0064413907990042586,0.0064413907990042586,123.65120379718604,0,0.0,True,True,True,False,True,False,False,True,True,True,False,2.119285483039146,False,False,23.05,22.950000000000003,23.05,19.900000000000002,40.0,22.85,0,72.27596586156771,2.122430470360645,1.0,s4_narrow_passage_medium,M7,13,4.0,1.4,1.6,sweep
False,17.2,0.784448676104464,0.32405898403219446,True,92.95781914745581,711.1442319975289,0.03474823137744486,72.13785852138209,0.08265708562793748,0.6806948194725178,0.006354051265107498,0.006354051265107498,123.56411540119615,0,0.0,True,True,True,False,True,False,False,True,True,True,False,2.119305180527482,False,False,23.35,22.950000000000003,23.35,19.900000000000002,40.0,22.85,0,72.2887000019671,2.1224312006186272,1.0,s4_narrow_passage_medium,M7,14,4.0,1.4,1.6,sweep
False,17.55,0.8039359421473906,0.3071503674400207,True,92.61160058297399,732.4278535104295,0.04972950478568456,72.04064281016251,0.08260217586137332,0.6807432195648734,0.006279986442009556,0.006279986442009556,123.73831060206064,0,0.0,True,True,True,False,True,False,False,True,True,True,False,2.1192567804351263,False,False,23.650000000000002,23.5,23.650000000000002,20.200000000000003,40.0,22.5,0,72.3228420318023,2.1224276769685155,1.0,s4_narrow_passage_medium,M7,15,4.0,1.4,1.6,sweep
False,17.25,0.6845132293516774,0.32674926969421114,True,93.192227403813,747.8913210056896,0.04431960049937578,72.11061290274489,0.09095726790494119,0.6743833386328163,8.513927552427091e-06,8.513927552427091e-06,123.94383251767746,0,0.0,True,True,True,False,True,False,False,True,True,True,False,2.1256166613671836,False,False,23.200000000000003,23.0,23.200000000000003,19.950000000000003,40.0,22.8,0,72.29418781378713,2.122433765439632,1.0,s4_narrow_passage_medium,M7,16,4.0,1.4,1.6,sweep
False,17.150000000000002,0.7722308131099418,0.33217225216020685,True,94.04918878800939,836.7445598395866,0.05201831044527674,72.05842875154183,0.0909003811494331,0.6744256399026008,6.917638861046845e-05,6.917638861046845e-05,124.05230304863092,0,0.0,True,True,True,False,True,False,False,True,True,True,False,2.125574360097399,False,False,22.85,22.75,22.85,19.75,40.0,22.900000000000002,0,72.33299614644858,2.122419228516303,1.0,s4_narrow_passage_medium,M7,17,4.0,1.4,1.6,sweep
False,17.6,0.7937358131938173,0.30766393156261573,True,92.31963112707564,728.9450136318692,0.042863087806908035,72.01312108465893,0.0909198106540549,0.6744111484665222,7.924894261606961e-05,7.924894261606961e-05,123.60163982289014,0,0.0,True,True,True,False,True,False,False,True,True,True,False,2.1255888515334775,False,False,23.8,23.5,23.8,20.25,40.0,22.450000000000003,0,72.32192795096387,2.1224320523499656,1.0,s4_narrow_passage_medium,M7,18,4.0,1.4,1.6,sweep
False,17.2,0.7075465633952629,0.3075284287012391,True,92.94497566837461,732.1109825865807,0.05056179775280899,72.05248217170836,0.09091156082714365,0.6744163766629626,0.00011001774792336221,0.00011001774792336221,123.47010917297403,0,0.0,True,True,True,False,True,False,False,True,True,True,False,2.1255836233370373,False,False,23.3,23.200000000000003,23.3,19.900000000000002,40.0,22.85,0,72.29726720725853,2.1224351037442593,1.0,s4_narrow_passage_medium,M7,19,4.0,1.4,1.6,sweep
False,17.45,0.8609785430700698,0.3209738431841713,True,92.95517417881138,756.3668288472848,0.04307116104868914,72.05854253294528,0.08263187312032663,0.6807186163772162,0.006292647606258825,0.006292647606258825,124.11515863684863,0,0.0,True,True,True,False,True,False,False,True,True,True,False,2.1192813836227837,False,False,23.450000000000003,23.25,23.450000000000003,20.150000000000002,40.0,22.6,0,72.31513666472222,2.12242299982488,1.0,s4_narrow_passage_medium,M7,20,4.0,1.4,1.6,sweep
False,17.55,0.7440585238084412,0.3086949676683874,True,92.7847318662666,734.0882629220603,0.04556803995006242,72.17250322734523,0.09095839573862756,0.6743822893667991,0.00013634898357879272,0.00013634898357879272,123.74318796865147,0,0.0,True,True,True,False,True,False,False,True,True,True,False,2.125617710633201,False,False,23.8,23.6,23.8,20.25,40.0,22.5,0,72.32685181521796,2.1224318829842206,1.0,s4_narrow_passage_medium,M7,21,4.0,1.4,1.6,sweep
False,17.150000000000002,0.7298273630387404,0.3071216857284627,True,93.33975959210863,708.788633724766,0.046608406158967955,72.03603322859085,0.09094161250040493,0.6743946058649422,7.911328476738765e-05,7.911328476738765e-05,123.82762370425317,0,0.0,True,True,True,False,True,False,False,True,True,True,False,2.1256053941350577,False,False,23.3,23.1,23.3,19.85,40.0,22.900000000000002,0,72.2666817384053,2.1224355812096003,1.0,s4_narrow_passage_medium,M7,22,4.0,1.4,1.6,sweep
False,16.75,0.7228015496869016,0.30752776766624323,True,93.79157916176142,717.6090480439015,0.05035372451102788,72.0604754340711,0.09094787223879569,0.67439017742893,8.02518196738304e-06,8.02518196738304e-06,123.69510101810032,0,0.0,True,True,True,False,True,False,False,True,True,True,False,2.12560982257107,False,False,23.3,22.8,23.3,19.650000000000002,40.0,23.3,0,72.23179736267741,2.1224376153577738,1.0,s4_narrow_passage_medium,M7,23,4.0,1.4,1.6,sweep
False,17.25,0.7705319823054351,0.3304738440727605,True,93.62445365888493,847.0320464745565,0.050977944236371205,72.08813845613727,0.08523825168911787,0.6787468821604387,0.0042724392645995595,0.0042724392645995595,124.09245666575755,0,0.0,True,True,True,False,True,False,False,True,True,True,False,2.121253117839561,False,False,23.1,22.900000000000002,23.1,19.950000000000003,40.0,22.8,0,72.29086268408929,2.1223944816323956,1.0,s4_narrow_passage_medium,M7,24,4.0,1.4,1.6,sweep
False,17.45,0.7724454172513446,0.3220548943266234,True,93.40856605521745,772.019692579736,0.04161464835622139,72.01909905313386,0.09090153757503515,0.6744246026966811,5.853050852709405e-05,5.853050852709405e-05,124.41078118237975,0,0.0,True,True,True,False,True,False,False,True,True,True,False,2.1255753973033187,False,False,23.400000000000002,23.200000000000003,23.400000000000002,20.150000000000002,40.0,22.6,0,72.31989995570741,2.122432796509748,1.0,s4_narrow_passage_medium,M7,25,4.0,1.4,1.6,sweep
False,17.25,0.7492649491009773,0.33012672431000706,True,93.2440543640958,772.7916999795156,0.04931335830212235,72.12262536372444,0.08270313749087001,0.6806603609295417,0.0063707562596345,0.0063707562596345,123.93474993618362,0,0.0,True,True,True,False,True,False,False,True,True,True,False,2.119339639070458,False,False,23.35,23.1,23.35,19.950000000000003,40.0,22.8,0,72.30530766755977,2.122421085681619,1.0,s4_narrow_passage_medium,M7,26,4.0,1.4,1.6,sweep
False,17.2,0.6913602834028778,0.33051312740744593,True,93.20922573587717,742.7052171503265,0.03495630461922597,72.03616705407974,0.09093654952021724,0.6743985942502225,6.858094739613512e-05,6.858094739613512e-05,123.7919304507002,0,0.0,True,True,True,False,True,False,False,True,True,True,False,2.1256014057497774,False,False,23.900000000000002,22.900000000000002,23.900000000000002,19.900000000000002,40.0,22.85,0,72.28202923011663,2.122435613228283,1.0,s4_narrow_passage_medium,M7,27,4.0,1.4,1.6,sweep
False,17.400000000000002,0.8074037139692372,0.32746126106118056,True,93.00094036621199,730.9688072638003,0.03974198918019143,72.06261527223707,0.08263033131490659,0.6807197798178818,0.0063413598513232415,0.0063413598513232415,123.87337142599016,0,0.0,True,True,True,False,True,False,False,True,True,True,False,2.119280220182118,False,False,23.35,23.150000000000002,23.35,20.1,40.0,22.650000000000002,0,72.30404278904169,2.1224263156563303,1.0,s4_narrow_passage_medium,M7,28,4.0,1.4,1.6,sweep
False,17.35,0.7221833562318818,0.30814795128783656,True,92.96377854029434,745.2384137823386,0.04369538077403246,72.10294787155031,0.08264228113742408,0.6807081548445714,0.006315996516076711,0.006315996516076711,123.69150880096078,0,0.0,True,True,True,False,True,False,False,True,True,True,False,2.1192918451554283,False,False,23.700000000000003,23.400000000000002,23.700000000000003,20.05,40.0,22.700000000000003,0,72.3628076445182,2.122417427162005,1.0,s4_narrow_passage_medium,M7,29,4.0,1.4,1.6,sweep
True,17.35,0.8368198406856362,0.36378796660662943,False,93.52446393674222,737.2853651170199,0.04307116104868914,72.04848670807822,0.09095187737474668,0.6743872789590514,5.062785408681313e-05,5.062785408681313e-05,123.97953273218619,0,0.0,True,True,True,False,True,True,False,False,True,True,True,2.1256127210409486,False,True,22.950000000000003,22.950000000000003,22.950000000000003,20.0,40.0,22.700000000000003,0,72.30100802882163,2.1224316849703007,1.0,s4_narrow_passage_medium,M7,30,4.0,1.4,1.6,sweep
False,17.1,0.7578303211419144,0.3105949948216852,True,92.65513348258919,668.1617587856109,0.04078235538909696,72.03574540058851,0.0826119287910722,0.6807381456096432,0.006242963288541836,0.006242963288541836,123.03238565328711,0,0.0,True,True,True,False,True,False,False,True,True,True,False,2.1192618543903565,False,False,23.75,23.150000000000002,23.75,19.8,40.0,22.950000000000003,0,72.26063438541924,2.1224330267218257,1.0,s4_narrow_passage_medium,M7,31,4.0,1.4,1.6,sweep
False,17.35,0.8245488042211868,0.33422553448525477,True,93.5230466948757,769.2786798274749,0.04640033291718685,72.06687403496514,0.08261646076125605,0.6807289966125812,0.006355491291874977,0.006355491291874977,124.09855104166502,0,0.0,True,True,True,False,True,False,False,True,True,True,False,2.1192710033874187,False,False,23.700000000000003,23.150000000000002,23.700000000000003,20.0,40.0,22.700000000000003,0,72.33763206778461,2.122420328859938,1.0,s4_narrow_passage_medium,M7,32,4.0,1.4,1.6,sweep
False,17.55,0.8164992769996966,0.3075037471426871,True,92.90847254667004,750.475134999741,0.03828547648772368,72.09314504404614,0.08263363740616761,0.6807151508708803,0.006426518684161345,0.006426518684161345,124.16499722143809,0,0.0,True,True,True,False,True,False,False,True,True,True,False,2.1192848491291194,False,False,23.75,23.55,23.75,20.25,40.0,22.5,0,72.3284449097162,2.122426790333587,1.0,s4_narrow_passage_medium,M7,33,4.0,1.4,1.6,sweep
False,17.150000000000002,0.8140125937088298,0.32439731649452896,True,93.4727783260467,715.9098509884705,0.04390345401581357,71.99687447107924,0.09094791886426323,0.6743899435567533,7.419168656555667e-05,7.419168656555667e-05,123.72405222903167,0,0.0,True,True,True,False,True,False,False,True,True,True,False,2.1256100564432465,False,False,23.8,22.85,23.8,19.8,40.0,22.900000000000002,0,72.21319508878595,2.1224327779610905,1.0,s4_narrow_passage_medium,M7,34,4.0,1.4,1.6,sweep
False,17.400000000000002,0.8267046421732365,0.30724966364744444,True,92.91959805130803,744.7380361418279,0.04369538077403246,72.03778565641119,0.09090362617643204,0.6744230705223483,6.44588389929822e-05,6.44588389929822e-05,124.10753833645934,0,0.0,True,True,True,False,True,False,False,True,True,True,False,2.1255769294776514,False,False,23.6,23.3,23.6,20.1,40.0,22.650000000000002,0,72.31419540920893,2.122433843419238,1.0,s4_narrow_passage_medium,M7,35,4.0,1.4,1.6,sweep
False,17.3,0.7051908003388514,0.3116344385687054,True,93.33819923653124,774.1796518083295,0.04556803995006242,72.08061848112528,0.08261579266000496,0.6807298026300445,0.006381394617481095,0.006381394617481095,124.04618065114668,0,0.0,True,True,True,False,True,False,False,True,True,True,False,2.1192701973699553,False,False,23.55,23.25,23.55,20.0,40.0,22.75,0,72.29373100408132,2.122423045821718,1.0,s4_narrow_passage_medium,M7,36,4.0,1.4,1.6,sweep
False,17.45,0.7819180191343464,0.3117445502978459,True,92.45789125282747,690.4982646431766,0.039950062421972535,72.08014903001006,0.09093052532298374,0.6744027269237381,0.00010800065022477873,0.00010800065022477873,123.30335450721859,0,0.0,True,True,True,False,True,False,False,True,True,True,False,2.1255972730762616,False,False,24.05,23.55,24.05,20.150000000000002,40.0,22.6,0,72.33058450977093,2.1224303397664026,1.0,s4_narrow_passage_medium,M7,37,4.0,1.4,1.6,sweep
False,17.5,0.8575245084964951,0.30724555690078875,True,92.32287399065888,748.4983488591489,0.04390345401581357,72.04091128004686,0.08260783019437873,0.6807380023863167,0.006304244773978144,0.006304244773978144,123.44814230429617,0,0.0,True,True,True,False,True,False,False,True,True,True,False,2.119261997613683,False,False,23.450000000000003,23.450000000000003,23.450000000000003,20.200000000000003,40.0,22.55,0,72.30638672822174,2.122416052679664,1.0,s4_narrow_passage_medium,M7,38,4.0,1.4,1.6,sweep
False,17.55,0.7959011729197842,0.3078219390999104,True,93.32717629279131,765.0944846917446,0.04744069912609238,72.00805382981454,0.08263850871059199,0.680716567796713,0.006260059608051075,0.006260059608051075,124.20435998451045,0,0.0,True,True,True,False,True,False,False,True,True,True,False,2.1192834322032867,False,False,23.75,23.55,23.75,20.25,40.0,22.5,0,72.32271199796034,2.122422373673356,1.0,s4_narrow_passage_medium,M7,39,4.0,1.4,1.6,sweep
False,17.75,0.7393127813314491,0.31871170405931054,True,91.74555074846444,689.5603463354153,0.04972950478568456,72.03450315652982,0.10579118114233714,0.7649906277239923,0.006471377965317561,0.006471377965317561,122.88102492560685,0,0.0,True,True,True,False,True,False,False,True,True,True,False,2.0350093722760074,False,False,23.450000000000003,23.200000000000003,23.450000000000003,20.25,40.0,22.3,0,72.50037401940129,2.0381308899400086,1.0,s4_narrow_passage_medium,M7,10,4.0,1.4,1.8,sweep
True,17.900000000000002,0.9161923334396282,0.3587583620609125,False,91.98285311233317,752.5717553366579,0.03766125676238036,72.08701299854586,0.10572460819347042,0.7650338248295672,0.006587826163283151,0.006587826163283151,123.65982212983963,0,0.0,True,True,True,False,True,True,False,False,True,True,True,2.0349661751704327,False,True,23.55,23.450000000000003,23.55,20.450000000000003,40.0,22.150000000000002,0,72.55708696986947,2.0380772169542745,1.0,s4_narrow_passage_medium,M7,11,4.0,1.4,1.8,sweep
False,17.95,0.7744205594927644,0.309243635500776,True,92.5896945226524,756.1605048069028,0.05035372451102788,72.05031292827206,0.11509852248927459,0.7587150930508549,0.0002450049702256265,0.0002450049702256265,123.89834742841622,0,0.0,True,True,True,False,True,False,False,True,True,True,False,2.0412849069491448,False,False,23.700000000000003,23.55,23.700000000000003,20.450000000000003,40.0,22.1,0,72.52225125516215,2.0380914552004725,1.0,s4_narrow_passage_medium,M7,12,4.0,1.4,1.8,sweep
False,17.650000000000002,0.800246128074803,0.3343559954934242,True,92.30914083381637,715.780438284473,0.04203079483978361,72.02439860768801,0.11509956060409231,0.7587146912011183,0.00016955842305683833,0.00016955842305683833,123.6874354419677,0,0.0,True,True,True,False,True,False,False,True,True,True,False,2.0412853087988814,False,False,23.5,23.200000000000003,23.5,20.150000000000002,40.0,22.400000000000002,0,72.4512396161012,2.0381005701064163,1.0,s4_narrow_passage_medium,M7,13,4.0,1.4,1.8,sweep
False,17.6,0.8556952991113616,0.33804577957625076,True,92.43219368676895,736.2735948611185,0.0328755722014149,72.03041101037608,0.11509449148929358,0.7587178013222299,0.00019557878969972783,0.00019557878969972783,123.63591105207517,0,0.0,True,True,True,False,True,False,False,True,True,True,False,2.04128219867777,False,False,23.400000000000002,22.950000000000003,23.400000000000002,20.150000000000002,40.0,22.450000000000003,0,72.50301867097619,2.0381005038577094,1.0,s4_narrow_passage_medium,M7,14,4.0,1.4,1.8,sweep
False,17.900000000000002,0.8074313225323528,0.3099116670855585,True,91.96372295207385,743.5663254499444,0.04868913857677903,72.11628935455671,0.10576665158522545,0.7650026003858406,0.006369204547347518,0.006369204547347518,123.53502307827378,0,0.0,True,True,True,False,True,False,False,True,True,True,False,2.0349973996141593,False,False,24.25,23.700000000000003,24.25,20.450000000000003,40.0,22.150000000000002,0,72.50756818063614,2.038080313790181,1.0,s4_narrow_passage_medium,M7,15,4.0,1.4,1.8,sweep
False,17.650000000000002,0.7776532548654498,0.3297750313490974,True,92.70135836100317,738.9194746992833,0.049521431543903455,72.04485139797082,0.10570968832281226,0.7650464055973089,0.006436044005002991,0.006436044005002991,123.97667818508441,0,0.0,True,True,True,False,True,False,False,True,True,True,False,2.034953594402691,False,False,23.35,23.25,23.35,20.200000000000003,40.0,22.400000000000002,0,72.50129936443301,2.0380911237330404,1.0,s4_narrow_passage_medium,M7,16,4.0,1.4,1.8,sweep
False,17.45,0.7790184796101538,0.33302275987044383,True,93.77380266428506,794.5287192407158,0.0570120682480233,72.03200777802358,0.10571333832562423,0.7650439435498709,0.006271758010972533,0.006271758010972533,124.12578021004103,0,0.0,True,True,True,False,True,False,False,True,True,True,False,2.034956056450129,False,False,23.1,22.75,23.1,19.900000000000002,40.0,22.6,0,72.48398974186468,2.038089132818578,1.0,s4_narrow_passage_medium,M7,17,4.0,1.4,1.8,sweep
True,17.95,0.8818570509307941,0.3448703392334076,False,92.00491504999847,794.4110132268552,0.04369538077403246,72.03841369764667,0.11511577483424024,0.75870374732453,0.0002276951481798621,0.0002276951481798621,123.68747765031486,0,0.0,True,True,True,False,True,True,False,False,True,True,True,2.04129625267547,False,True,23.400000000000002,23.200000000000003,23.400000000000002,20.400000000000002,40.0,22.1,0,72.61308941825104,2.0380806637891244,1.0,s4_narrow_passage_medium,M7,18,4.0,1.4,1.8,sweep
False,17.55,0.818520340727831,0.32145174869595133,True,92.8604225060535,765.6436608396675,0.046608406158967955,72.04250353806546,0.11512175388891839,0.7586998760931875,0.00018003580461470442,0.00018003580461470442,123.85093449495,0,0.0,True,True,True,False,True,False,False,True,True,True,False,2.0413001239068125,False,False,23.1,23.0,23.1,20.05,40.0,22.5,0,72.45838811436701,2.0380975240625347,1.0,s4_narrow_passage_medium,M7,19,4.0,1.4,1.8,sweep
False,17.85,0.8708992336683503,0.31001764367366164,True,92.23168915532565,709.5168487666008,0.04099042863087807,72.02455087678518,0.105729772010421,0.7650334656438468,0.006174234851607585,0.006174234851607585,123.8859949157621,0,0.0,True,True,True,False,True,False,False,True,True,True,False,2.034966534356153,False,False,23.650000000000002,23.55,23.650000000000002,20.35,40.0,22.200000000000003,0,72.50241696687903,2.038083825724823,1.0,s4_narrow_passage_medium,M7,20,4.0,1.4,1.8,sweep
True,18.0,0.8194997287143939,0.3770458399603475,False,93.04274039749193,733.7677316959699,0.04203079483978361,72.14107325288543,0.10575561059846643,0.7650103009064341,0.006407107780883202,0.006407107780883202,124.48616505296653,0,0.0,True,True,True,False,True,True,False,False,True,True,True,2.0349896990935656,False,True,23.400000000000002,23.3,23.400000000000002,20.5,40.0,22.05,0,72.61298101542538,2.038082196549608,1.0,s4_narrow_passage_medium,M7,21,4.0,1.4,1.8,sweep
False,17.6,0.7524450375253322,0.3299243819746767,True,92.97459780503506,745.4642987552478,0.04640033291718685,72.1298759072332,0.10573036468739129,0.7650281775626918,0.006573853859411661,0.006573853859411661,124.09526721271946,0,0.0,True,True,True,False,True,False,False,True,True,True,False,2.034971822437308,False,False,23.450000000000003,22.950000000000003,23.450000000000003,20.150000000000002,40.0,22.450000000000003,0,72.48685126168273,2.0380955528802547,1.0,s4_narrow_passage_medium,M7,22,4.0,1.4,1.8,sweep
False,17.1,0.7318027924330124,0.31300643644512993,True,93.01738041964974,780.5651358168159,0.05659592176446109,72.19424342262961,0.11504684002644118,0.7587503192503537,0.0002487228953744015,0.0002487228953744015,123.16218660847319,0,0.0,True,True,True,False,True,False,False,True,True,True,False,2.041249680749646,False,False,23.6,23.05,23.6,19.8,40.0,22.950000000000003,0,72.46738818409952,2.0380928932120566,1.0,s4_narrow_passage_medium,M7,23,4.0,1.4,1.8,sweep
False,17.5,0.7951774336928386,0.3298796138649063,True,93.4137205223932,728.2601067195169,0.05409904286308781,72.03638781146347,0.11509143777554419,0.7587196106663368,0.00018730134064383054,0.00018730134064383054,124.29621220192973,0,0.0,True,True,True,False,True,False,False,True,True,True,False,2.041280389333663,False,False,22.900000000000002,22.900000000000002,22.900000000000002,20.150000000000002,40.0,22.55,0,72.51085939579757,2.038098643467684,1.0,s4_narrow_passage_medium,M7,24,4.0,1.4,1.8,sweep
False,17.5,0.7313262342096707,0.326165386850188,True,93.60585748698948,836.3283466209961,0.05805243445692884,72.01413473202406,0.10571856117232492,0.7650443275401662,0.006328643750852207,0.006328643750852207,124.19656321074288,0,0.0,True,True,True,False,True,False,False,True,True,True,False,2.0349556724598337,False,False,24.75,22.75,24.75,19.950000000000003,40.0,22.55,0,72.49649308777992,2.0380784639566456,1.0,s4_narrow_passage_medium,M7,25,4.0,1.4,1.8,sweep
False,17.7,0.8548080063076002,0.3305654402821418,True,92.54111285587537,747.942508118891,0.046608406158967955,72.05796583837858,0.11510583880319651,0.7587101324393059,0.00020829036303962722,0.00020829036303962722,124.0702637612369,0,0.0,True,True,True,False,True,False,False,True,True,True,False,2.041289867560694,False,False,23.6,23.1,23.6,20.200000000000003,40.0,22.35,0,72.51455320808206,2.038098856454385,1.0,s4_narrow_passage_medium,M7,26,4.0,1.4,1.8,sweep
False,17.5,0.7569504132670037,0.3336257677560212,True,92.92892437903029,756.0381230343997,0.038077403245942575,72.04328008281398,0.11511675416398943,0.7587031532062462,0.00018677071581644635,0.00018677071581644635,123.88366823340974,0,0.0,True,True,True,False,True,False,False,True,True,True,False,2.041296846793754,False,False,23.900000000000002,23.0,23.900000000000002,20.05,40.0,22.55,0,72.48111376161432,2.03810414441529,1.0,s4_narrow_passage_medium,M7,27,4.0,1.4,1.8,sweep
False,17.8,0.8731930793172185,0.32987418646672034,True,92.56509036409398,726.4639376044325,0.03953391593841032,72.02108421865404,0.11511655881715517,0.7587032088319754,0.00021580013661700383,0.00021580013661700383,124.03185472856151,0,0.0,True,True,True,False,True,False,False,True,True,True,False,2.0412967911680244,False,False,23.400000000000002,23.200000000000003,23.400000000000002,20.3,40.0,22.25,0,72.5359149451539,2.03809591553889,1.0,s4_narrow_passage_medium,M7,28,4.0,1.4,1.8,sweep
False,17.7,0.7391907750621962,0.3257820244403222,True,92.87322214473579,785.0950197411585,0.04452767374115689,71.99565478633204,0.11510350931376424,0.7587116259643191,0.00022437657804666805,0.00022437657804666805,124.04858618612636,0,0.0,True,True,True,False,True,False,False,True,True,True,False,2.041288374035681,False,False,23.400000000000002,23.200000000000003,23.400000000000002,20.25,40.0,22.35,0,72.50132827617269,2.0380920939495226,1.0,s4_narrow_passage_medium,M7,29,4.0,1.4,1.8,sweep
True,17.7,0.8254976545060251,0.4163110354587382,False,93.27001916178324,787.6556961502424,0.04411152725759467,72.06643570432449,0.11507731965474616,0.7587280660194996,0.0002503296169315709,0.0002503296169315709,124.08858862850433,0,0.0,True,True,True,False,True,True,False,False,True,True,True,2.0412719339805,False,True,23.75,22.950000000000003,23.75,20.200000000000003,40.0,22.35,0,72.53820491002134,2.038093867424428,1.0,s4_narrow_passage_medium,M7,30,4.0,1.4,1.8,sweep
False,17.400000000000002,0.7415897419939241,0.32934535222965616,True,92.90571143794381,746.8070453504299,0.04119850187265917,72.02296627025954,0.10570893043573547,0.7650483008826304,0.006355400450145903,0.006355400450145903,123.66794775557358,0,0.0,True,True,True,False,True,False,False,True,True,True,False,2.0349516991173693,False,False,23.150000000000002,23.05,23.150000000000002,19.950000000000003,40.0,22.650000000000002,0,72.44342177642939,2.0380978677647756,1.0,s4_narrow_passage_medium,M7,31,4.0,1.4,1.8,sweep
True,17.75,0.8874974733477388,0.4045378535423123,False,93.09373747516031,819.8071969776445,0.04577611319184353,72.059549144304,0.11506562300698493,0.7587370595051084,0.0002078290833184029,0.0002078290833184029,124.18692860439357,0,0.0,True,True,True,False,True,True,False,False,True,True,True,2.0412629404948914,False,True,23.900000000000002,23.05,23.900000000000002,20.25,40.0,22.3,0,72.58372880164092,2.038084636891723,1.0,s4_narrow_passage_medium,M7,32,4.0,1.4,1.8,sweep
False,17.8,0.7609365372038923,0.3126925909247023,True,92.79979139361404,783.6033120441914,0.04348730753225135,72.03599855025173,0.10569393459688842,0.7650603477633426,0.006152458809605544,0.006152458809605544,124.12168009137865,0,0.0,True,True,True,False,True,False,False,True,True,True,False,2.034939652236657,False,False,23.700000000000003,23.400000000000002,23.700000000000003,20.3,40.0,22.25,0,72.58916459787716,2.0380759669828628,1.0,s4_narrow_passage_medium,M7,33,4.0,1.4,1.8,sweep
False,17.650000000000002,0.8622935261207714,0.32863536393327863,True,92.75951309928858,796.6822298788578,0.04244694132334582,72.01240692280771,0.11508266844325395,0.7587255924505284,0.00019107135470269483,0.00019107135470269483,123.73376101105549,0,0.0,True,True,True,False,True,False,False,True,True,True,False,2.0412744075494715,False,False,23.0,22.900000000000002,23.0,20.1,40.0,22.400000000000002,0,72.53138986504374,2.0380908318466764,1.0,s4_narrow_passage_medium,M7,34,4.0,1.4,1.8,sweep
False,17.7,0.797300951311773,0.3094793362702503,True,92.41369954316274,761.0651203927034,0.04723262588431128,71.9967327779192,0.11511235185491574,0.7587058092341182,0.00022112160524379008,0.00022112160524379008,123.82081713966025,0,0.0,True,True,True,False,True,False,False,True,True,True,False,2.0412941907658815,False,False,23.700000000000003,23.450000000000003,23.700000000000003,20.200000000000003,40.0,22.35,0,72.45366604838709,2.0380978090761794,1.0,s4_narrow_passage_medium,M7,35,4.0,1.4,1.8,sweep
False,17.7,0.7354076513071279,0.3253447119006729,True,92.67560552123142,744.7181587667926,0.04827299209321681,72.0774988271932,0.10571116770416329,0.7650438929359341,0.006330870211000354,0.006330870211000354,124.06917263061172,0,0.0,True,True,True,False,True,False,False,True,True,True,False,2.034956107064066,False,False,23.55,23.25,23.55,20.200000000000003,40.0,22.35,0,72.4160581674705,2.038093770095668,1.0,s4_narrow_passage_medium,M7,36,4.0,1.4,1.8,sweep
True,17.85,0.9154680801363984,0.396608795460972,False,92.52290343601894,791.5004125084295,0.03828547648772368,72.09115508965516,0.11509019313062263,0.7587198619163708,0.00025519980670609413,0.00025519980670609413,123.94290309102489,0,0.0,True,True,True,False,True,True,False,False,True,True,True,2.041280138083629,False,True,23.6,23.1,23.6,20.3,40.0,22.200000000000003,0,72.5855163775377,2.0380836059414436,1.0,s4_narrow_passage_medium,M7,37,4.0,1.4,1.8,sweep
False,17.8,0.7660147845517085,0.31121493819774704,True,91.68146198057424,677.8492763557617,0.04369538077403246,72.04167426310767,0.10571963157804988,0.7650386814010423,0.006353630895525043,0.006353630895525043,123.09381529735808,0,0.0,True,True,True,False,True,False,False,True,True,True,False,2.0349613185989575,False,False,24.150000000000002,23.6,24.150000000000002,20.35,40.0,22.25,0,72.5073732495728,2.0380881099132506,1.0,s4_narrow_passage_medium,M7,38,4.0,1.4,1.8,sweep
False,17.900000000000002,0.8080591907756871,0.3144349122150697,True,92.8928469760276,788.3338630836909,0.04868913857677903,72.08962980618927,0.10572414570671075,0.7650342203342547,0.0065700130084192015,0.0065700130084192015,124.24113693622493,0,0.0,True,True,True,False,True,False,False,True,True,True,False,2.034965779665745,False,False,23.8,23.5,23.8,20.400000000000002,40.0,22.150000000000002,0,72.62553439330871,2.038070531360141,1.0,s4_narrow_passage_medium,M7,39,4.0,1.4,1.8,sweep
