success,completion_time,min_obs_distance,min_agent_distance,collisions,control_cost,control_smoothness,input_saturation_ratio,max_angle_gap_deg,radius_variance,mean_radius,current_center_error,predicted_center_error,path_length,stall_steps,convoy_ratio,inside_any,inside_final,gmax_success,radius_success,sigma_success,no_collision,obs_collision,agent_collision,dwell_success,dwell_geom_success,dwell_success_no_collision,radius_error_final,success_geom_final,success_no_collision,gmax_reach_time,time_to_inside,time_to_gmax,time_to_radius,time_to_full_geom,success_hold_time,post_success_violation_count,last_10s_gmax_mean,last_10s_radius_error_mean,last_10s_inside_rate,scene,method,seed,eta_min,sigma_omega
False,19.8,0.9629392228799982,0.2701167924000392,True,97.81265008778658,1462.8930554704914,0.01893466500208073,75.037044640645,0.010269158274666323,0.260683239353198,0.006579400761800149,0.006579400761800149,139.03883580323586,0,0.0,True,True,True,False,True,False,False,True,True,True,False,2.539316760646802,False,False,25.950000000000003,25.450000000000003,25.950000000000003,22.35,40.0,20.25,0,74.88932024843041,2.5412859459551123,1.0,s4_narrow_passage_medium,M7,10,0.06,2.0
False,19.8,0.9844437765487875,0.25608824638999145,True,97.91838611729946,1494.1123642505445,0.020599250936329586,74.36257325419535,0.01026696608528783,0.26067587202991743,0.006561733176763621,0.006561733176763621,139.04958732932988,0,0.0,True,True,True,False,True,False,False,True,True,True,False,2.5393241279700822,False,False,25.5,25.3,25.5,22.35,40.0,20.25,0,74.85229363772018,2.541323729373013,1.0,s4_narrow_passage_medium,M7,11,0.06,2.0
False,19.85,0.9729032414295353,0.2581833838312939,True,98.04288880452748,1503.7901073857847,0.02372034956304619,75.30507688487232,0.01026272582955944,0.26065925643584725,0.006543032343146464,0.006543032343146464,139.26958496353492,0,0.0,True,True,True,False,True,False,False,True,True,True,False,2.5393407435641526,False,False,25.650000000000002,25.35,25.650000000000002,22.400000000000002,40.0,20.200000000000003,0,74.95564670372107,2.541307941190673,1.0,s4_narrow_passage_medium,M7,12,0.06,2.0
False,19.6,0.9743995498471631,0.26694923992177905,True,98.2489569360618,1477.9354078354747,0.013524760715771952,75.07636172070112,0.010269559496340399,0.2606831404417778,0.0065794137957267415,0.0065794137957267415,139.27846924733672,0,0.0,True,True,True,False,True,False,False,True,True,True,False,2.539316859558222,False,False,25.950000000000003,25.55,25.950000000000003,22.1,40.0,20.450000000000003,0,74.91751148637464,2.54133154811983,1.0,s4_narrow_passage_medium,M7,13,0.06,2.0
False,19.05,0.9618888691758845,0.2666028885724418,True,98.71928029299244,1446.115446498301,0.00957136912193092,75.18413372782133,0.010269308424245187,0.26068701217175777,0.006577510964882172,0.006577510964882172,139.2650584876004,0,0.0,True,True,True,False,True,False,False,True,True,True,False,2.539312987828242,False,False,25.05,24.8,25.05,21.6,40.0,21.0,0,74.83293950001594,2.5413410551240316,1.0,s4_narrow_passage_medium,M7,14,0.06,2.0
False,19.8,0.9794422667251108,0.2680280824783558,True,97.97548928820746,1475.556449318377,0.022888056595921764,75.34215715404912,0.010266596294733603,0.26068942653381694,0.006556356136021778,0.006556356136021778,139.34763447612696,0,0.0,True,True,True,False,True,False,False,True,True,True,False,2.539310573466183,False,False,26.150000000000002,25.650000000000002,26.150000000000002,22.35,40.0,20.25,0,74.92381522046517,2.54132973082085,1.0,s4_narrow_passage_medium,M7,15,0.06,2.0
False,19.650000000000002,0.9778162009605011,0.2680288224155111,True,97.83377917280012,1464.695208926911,0.01706200582605077,74.95726924285042,0.010269489805567768,0.2606806322930716,0.0065793850597820665,0.0065793850597820665,139.06914293457547,0,0.0,True,True,True,False,True,False,False,True,True,True,False,2.5393193677069283,False,False,25.450000000000003,25.35,25.450000000000003,22.150000000000002,40.0,20.400000000000002,0,74.91910501707459,2.541329481902273,1.0,s4_narrow_passage_medium,M7,16,0.06,2.0
False,19.55,0.9969893109526817,0.2689068064252211,True,97.64204005445134,1431.313896949126,0.016229712858926344,74.50704415182386,0.010267752171860522,0.26067645833538444,0.006566731691808742,0.006566731691808742,138.81393820145053,0,0.0,True,True,True,False,True,False,False,True,True,True,False,2.5393235416646154,False,False,25.55,25.450000000000003,25.55,22.1,40.0,20.5,0,74.88265245213034,2.5413308918994444,1.0,s4_narrow_passage_medium,M7,17,0.06,2.0
False,19.900000000000002,0.9841478577321727,0.26670926921395643,True,98.38060506908259,1493.3405633141401,0.021431543903454017,73.1640616111223,0.010261620251387748,0.2606627196180203,0.006533280084466789,0.006533280084466789,139.5704887921259,0,0.0,True,True,True,False,True,False,False,True,True,True,False,2.5393372803819796,False,False,25.75,25.650000000000002,25.75,22.400000000000002,40.0,20.150000000000002,0,74.92333572042752,2.5413281986436673,1.0,s4_narrow_passage_medium,M7,18,0.06,2.0
False,19.700000000000003,0.9749754267737318,0.26814680185557654,True,97.90183975758367,1449.3557910242178,0.02039117769454848,75.2051447869254,0.010269182646990659,0.2606873790430871,0.0065760833403758255,0.0065760833403758255,138.99051791933186,0,0.0,True,True,True,False,True,False,False,True,True,True,False,2.539312620956913,False,False,25.8,25.3,25.8,22.25,40.0,20.35,0,74.92648451999594,2.541330355616447,1.0,s4_narrow_passage_medium,M7,19,0.06,2.0
False,19.700000000000003,0.9936569025837934,0.26133056180744324,True,95.9282776449556,1311.8688937204497,0.015605493133583021,75.30952193689774,0.010268258626502201,0.26068903840713037,0.006563549546679058,0.006563549546679058,136.6219552826931,0,0.0,True,True,True,False,True,False,False,True,True,True,False,2.5393109615928693,False,False,25.6,25.6,25.6,22.25,40.0,20.35,0,74.82250412971668,2.5412826380297107,1.0,s4_narrow_passage_medium,M7,20,0.06,2.0
False,19.950000000000003,0.9578304956944892,0.26780188463581006,True,97.87673225213983,1446.3501440503474,0.019350811485642945,73.19200868608328,0.010261638126735645,0.2606630649644411,0.006533453638609143,0.006533453638609143,138.96189872358656,0,0.0,True,True,True,False,True,False,False,True,True,True,False,2.539336935035559,False,False,25.900000000000002,25.900000000000002,25.900000000000002,22.5,40.0,20.1,0,74.93263141513495,2.541340132126528,1.0,s4_narrow_passage_medium,M7,21,0.06,2.0
False,19.5,0.9758461284082249,0.2680453692358418,True,98.2133090213188,1452.4087778432336,0.014773200166458594,74.4527855566052,0.010267435088382857,0.26067636776677117,0.006564968483392018,0.006564968483392018,139.28061471918943,0,0.0,True,True,True,False,True,False,False,True,True,True,False,2.539323632233229,False,False,25.450000000000003,25.35,25.450000000000003,22.05,40.0,20.55,0,74.87124594137207,2.5413296546889717,1.0,s4_narrow_passage_medium,M7,22,0.06,2.0
False,19.0,0.8767376807791634,0.2581279025029326,True,98.48225769445204,1435.505197629793,0.015189346650020807,75.1240674684361,0.010269473393605299,0.26068471466256676,0.006579310416269522,0.006579310416269522,138.96992704699645,0,0.0,True,True,True,False,True,False,False,True,True,True,False,2.539315285337433,False,False,24.650000000000002,24.5,24.650000000000002,21.55,40.0,21.05,0,74.90116420105538,2.5413229562938326,1.0,s4_narrow_passage_medium,M7,23,0.06,2.0
False,19.650000000000002,0.9820756925685716,0.26859915179797694,True,97.69631814954778,1442.219292796896,0.0178942987931752,75.0320837315829,0.012053034839140121,0.2566592456022149,0.004235900553902267,0.004235900553902267,138.781640067179,0,0.0,True,True,True,False,True,False,False,True,True,True,False,2.543340754397785,False,False,25.6,25.6,25.6,22.200000000000003,40.0,20.400000000000002,0,74.90196598696107,2.5413259923333116,1.0,s4_narrow_passage_medium,M7,24,0.06,2.0
False,19.75,0.9746152526417069,0.2680486450558431,True,98.23463009038483,1477.1900662300231,0.018310445276737412,75.27311015393911,0.010268587054197096,0.2606890943247683,0.006571177585615425,0.006571177585615425,139.45166428580512,0,0.0,True,True,True,False,True,False,False,True,True,True,False,2.5393109056752317,False,False,25.55,25.35,25.55,22.25,40.0,20.3,0,74.92326968883204,2.54132930149157,1.0,s4_narrow_passage_medium,M7,25,0.06,2.0
False,19.650000000000002,0.9703550725262071,0.26721603544518135,True,98.36165693536769,1489.6584860546634,0.020599250936329586,74.4007244118302,0.012055039332848077,0.2566506740226251,0.004213643901654194,0.004213643901654194,139.45415734853043,0,0.0,True,True,True,False,True,False,False,True,True,True,False,2.543349325977375,False,False,25.75,25.200000000000003,25.75,22.200000000000003,40.0,20.400000000000002,0,74.87572744051263,2.541334244754599,1.0,s4_narrow_passage_medium,M7,26,0.06,2.0
False,19.35,1.0215014880526299,0.268902802503369,True,97.78917776488207,1443.7535051902078,0.011235955056179775,73.52246760555549,0.010262301909160226,0.2606656969516767,0.006535542621210154,0.006535542621210154,138.72956684502745,0,0.0,True,True,True,False,True,False,False,True,True,True,False,2.539334303048323,False,False,25.35,25.25,25.35,21.900000000000002,40.0,20.700000000000003,0,74.8277622778693,2.5413313795430876,1.0,s4_narrow_passage_medium,M7,27,0.06,2.0
False,19.650000000000002,0.9920821111603682,0.26612994990125105,True,98.48015327542893,1469.2257653575489,0.015397419891801914,75.29590050391622,0.010268248424383368,0.2606899972795618,0.006567980596377956,0.006567980596377956,139.39078560133981,0,0.0,True,True,True,False,True,False,False,True,True,True,False,2.539310002720438,False,False,25.450000000000003,25.450000000000003,25.450000000000003,22.200000000000003,40.0,20.400000000000002,0,74.92455832940506,2.5413298266192115,1.0,s4_narrow_passage_medium,M7,28,0.06,2.0
False,19.85,0.9767514905278569,0.2680453729220178,True,97.9344856815818,1468.0977284423943,0.019975031210986267,75.62127503271576,0.012053793891981614,0.256618095599919,0.0041927515923911324,0.0041927515923911324,139.1257104776114,0,0.0,True,True,True,False,True,False,False,True,True,True,False,2.5433819044000807,False,False,25.8,25.700000000000003,25.8,22.400000000000002,40.0,20.200000000000003,0,74.9059754202627,2.5413284537550376,1.0,s4_narrow_passage_medium,M7,29,0.06,2.0
False,19.55,0.9943269058452031,0.26815182842961865,True,98.30003042010742,1458.7758808115934,0.0149812734082397,74.68004975654752,0.012054095979992423,0.2566557271442227,0.004226165496631336,0.004226165496631336,139.26095545990307,0,0.0,True,True,True,False,True,False,False,True,True,True,False,2.5433442728557774,False,False,25.75,25.150000000000002,25.75,22.1,40.0,20.5,0,74.88698803415402,2.541328366389316,1.0,s4_narrow_passage_medium,M7,30,0.06,2.0
False,19.35,0.9987554452428655,0.2656107742663358,True,98.35883653540573,1476.5495892931735,0.011027881814398668,75.56654808450044,0.012055592973771309,0.25661601175277643,0.004175945832328003,0.004175945832328003,139.1500752166316,0,0.0,True,True,True,False,True,False,False,True,True,True,False,2.5433839882472236,False,False,25.6,24.900000000000002,25.6,21.85,40.0,20.700000000000003,0,74.81720837523407,2.541336390850565,1.0,s4_narrow_passage_medium,M7,31,0.06,2.0
False,19.6,0.9952732010479923,0.2695359164198459,True,98.08923951655173,1468.3443366838255,0.018726591760299626,75.52391709649918,0.012052970174756114,0.2566445252164536,0.004218020165375484,0.004218020165375484,139.29502065146698,0,0.0,True,True,True,False,True,False,False,True,True,True,False,2.5433554747835463,False,False,26.1,25.400000000000002,26.1,22.200000000000003,40.0,20.450000000000003,0,74.90853667381771,2.541307846048678,1.0,s4_narrow_passage_medium,M7,32,0.06,2.0
False,19.75,0.9690691020861208,0.26620560659684983,True,98.58339825521244,1474.3914734507212,0.01581356637536413,75.62327631475151,0.012054054189995625,0.2566176871019407,0.004189923356493903,0.004189923356493903,139.60432773746246,0,0.0,True,True,True,False,True,False,False,True,True,True,False,2.5433823128980593,False,False,25.75,25.55,25.75,22.3,40.0,20.3,0,74.91493115622933,2.541329565913326,1.0,s4_narrow_passage_medium,M7,33,0.06,2.0
False,19.55,1.0017276075533552,0.2697532815090782,True,98.04161889043974,1469.626749662741,0.01643778610070745,74.8676391883108,0.012053134369497884,0.2566591623489993,0.004232980952418916,0.004232980952418916,139.10368987061747,0,0.0,True,True,True,False,True,False,False,True,True,True,False,2.5433408376510007,False,False,25.700000000000003,25.200000000000003,25.700000000000003,22.1,40.0,20.5,0,74.9204523335908,2.5413135124754627,1.0,s4_narrow_passage_medium,M7,34,0.06,2.0
False,19.400000000000002,1.005926932510486,0.26950583941559014,True,97.75823130707862,1439.3251226159564,0.01706200582605077,75.02767736069032,0.010269737002242466,0.2606814407301584,0.006579936867001909,0.006579936867001909,138.89301880446385,0,0.0,True,True,True,False,True,False,False,True,True,True,False,2.5393185592698413,False,False,25.75,25.150000000000002,25.75,22.0,40.0,20.650000000000002,0,74.92496746734354,2.541309176317543,1.0,s4_narrow_passage_medium,M7,35,0.06,2.0
False,19.8,0.9767104869155372,0.2687231484785495,True,97.7573565796733,1462.9978656317105,0.018310445276737412,75.26291703865438,0.010268729823852329,0.26068866629196524,0.0065721819999104,0.0065721819999104,139.0101353841344,0,0.0,True,True,True,False,True,False,False,True,True,True,False,2.5393113337080346,False,False,25.700000000000003,25.55,25.700000000000003,22.35,40.0,20.25,0,74.93009948011856,2.541330274243081,1.0,s4_narrow_passage_medium,M7,36,0.06,2.0
False,19.6,1.0073666992444588,0.2555701195528365,True,98.43988495820415,1473.6754828585915,0.014773200166458594,73.25447831648893,0.01026167910507081,0.2606638479780276,0.006533742972557078,0.006533742972557078,139.49074080198235,0,0.0,True,True,True,False,True,False,False,True,True,True,False,2.5393361520219724,False,False,26.150000000000002,25.6,26.150000000000002,22.150000000000002,40.0,20.450000000000003,0,74.80623494206388,2.5413322565566836,1.0,s4_narrow_passage_medium,M7,37,0.06,2.0
False,19.700000000000003,0.9901922153042892,0.2680399488128146,True,97.70886133521171,1473.4002837898631,0.01914273824386184,75.21574593681605,0.010269122122424234,0.2606875747183448,0.006575553675938082,0.006575553675938082,138.9735328706893,0,0.0,True,True,True,False,True,False,False,True,True,True,False,2.539312425281655,False,False,26.05,25.55,26.05,22.25,40.0,20.35,0,74.9257571014371,2.5413299012043593,1.0,s4_narrow_passage_medium,M7,38,0.06,2.0
False,19.8,0.9837107079771987,0.26626683509289195,True,98.49854280864541,1464.0424809055585,0.02039117769454848,75.6173144466359,0.012054624464066818,0.2566167877022443,0.004185100006604533,0.004185100006604533,139.5260059762084,0,0.0,True,True,True,False,True,False,False,True,True,True,False,2.5433832122977558,False,False,25.8,25.55,25.8,22.3,40.0,20.25,0,74.90955617637981,2.541328959427959,1.0,s4_narrow_passage_medium,M7,39,0.06,2.0
False,20.400000000000002,0.9637670304677475,0.26881951940230137,True,97.44183392850482,1474.0483617648752,0.017478152309612985,73.60674927023601,0.010262815773068727,0.26066512150112914,0.006537634456185618,0.006537634456185618,139.14347885848218,0,0.0,True,True,True,False,True,False,False,True,True,True,False,2.5393348784988707,False,False,26.150000000000002,26.05,26.150000000000002,22.85,40.0,19.650000000000002,0,74.947475532473,2.541300382149638,1.0,s4_narrow_passage_medium,M7,10,0.06,4.0
False,20.400000000000002,0.985041787426179,0.26840995378651017,True,97.67491240173312,1505.8849861092863,0.018518518518518517,75.58187719276543,0.012053226444781453,0.2566330761410414,0.004207885810874753,0.004207885810874753,139.34323744787986,0,0.0,True,True,True,False,True,False,False,True,True,True,False,2.5433669238589585,False,False,26.3,26.1,26.3,22.85,40.0,19.650000000000002,0,74.92203951916643,2.5413167653081232,1.0,s4_narrow_passage_medium,M7,11,0.06,4.0
False,20.55,0.9738066773137677,0.269741712050899,True,96.06664892399567,1397.401411130451,0.02122347066167291,75.34076613716884,0.010264731701442056,0.2606771869957952,0.0065501114106046535,0.0065501114106046535,137.71312215797934,0,0.0,True,True,True,False,True,False,False,True,True,True,False,2.5393228130042047,False,False,26.5,26.35,26.5,23.05,40.0,19.5,0,74.97448159183882,2.541316248754777,1.0,s4_narrow_passage_medium,M7,12,0.06,4.0
False,20.200000000000003,0.9738842207412242,0.26882732328446174,True,97.46029258999123,1487.7516840127196,0.012900540990428632,75.2841084216322,0.010262232202512428,0.26065667784927654,0.00654160409592046,0.00654160409592046,139.07278037265974,0,0.0,True,True,True,False,True,False,False,True,True,True,False,2.539343322150723,False,False,26.1,26.1,26.1,22.650000000000002,40.0,19.85,0,74.95167493894728,2.5413101299166962,1.0,s4_narrow_passage_medium,M7,13,0.06,4.0
False,19.6,1.01269566870152,0.26637433983193215,True,98.4900707950564,1467.2614553266606,0.00749063670411985,75.05804632887151,0.01026956907565005,0.2606826365902715,0.006579651154152929,0.006579651154152929,139.5243335546785,0,0.0,True,True,True,False,True,False,False,True,True,True,False,2.539317363409728,False,False,25.650000000000002,25.3,25.650000000000002,22.1,40.0,20.450000000000003,0,74.91810725802918,2.5413323241604524,1.0,s4_narrow_passage_medium,M7,14,0.06,4.0
False,20.450000000000003,0.9808761836367179,0.26659221869307537,True,97.03271613323707,1457.8213565425365,0.0178942987931752,74.26139456216002,0.012055383603007465,0.2566482930916684,0.004207015422800342,0.004207015422800342,138.82611982586772,0,0.0,True,True,True,False,True,False,False,True,True,True,False,2.5433517069083313,False,False,27.3,26.400000000000002,27.3,22.950000000000003,40.0,19.6,0,75.02303961755894,2.5411349300544708,1.0,s4_narrow_passage_medium,M7,15,0.06,4.0
False,20.1,0.9801374100292823,0.2681903366954997,True,97.67642013401654,1469.3397963534235,0.016021639617145235,74.5180119805027,0.01205632284458733,0.2566426246503138,0.004196918035041362,0.004196918035041362,139.22717518543817,0,0.0,True,True,True,False,True,False,False,True,True,True,False,2.543357375349686,False,False,26.1,26.0,26.1,22.55,40.0,19.950000000000003,0,74.92926128581719,2.54132623280082,1.0,s4_narrow_passage_medium,M7,16,0.06,4.0
False,20.150000000000002,0.9969890459656419,0.26675547940228816,True,97.5574291018263,1453.0962953074281,0.012900540990428632,74.60168803927772,0.010268300307020221,0.26067672634807487,0.0065698917983431256,0.0065698917983431256,139.19012798697833,0,0.0,True,True,True,False,True,False,False,True,True,True,False,2.539323273651925,False,False,26.1,26.1,26.1,22.650000000000002,40.0,19.900000000000002,0,74.92422729165922,2.541320591059946,1.0,s4_narrow_passage_medium,M7,17,0.06,4.0
False,20.6,0.9844140179981007,0.26530945213129564,True,97.15843724056568,1477.6077663538672,0.020599250936329586,74.69237388442448,0.010268748545214949,0.2606772707220565,0.0065732030053374515,0.0065732030053374515,138.91205661959194,0,0.0,True,True,True,False,True,False,False,True,True,True,False,2.5393227292779432,False,False,26.5,26.400000000000002,26.5,23.05,40.0,19.450000000000003,0,75.07108890148959,2.540984413340279,1.0,s4_narrow_passage_medium,M7,18,0.06,4.0
False,20.400000000000002,0.9765191497984118,0.2683276277864778,True,97.794116885068,1474.0734742464665,0.016645859342488557,75.33012484800034,0.010267423632804655,0.26069169799267294,0.006559922425976242,0.006559922425976242,139.3784850739861,0,0.0,True,True,True,False,True,False,False,True,True,True,False,2.539308302007327,False,False,26.3,26.05,26.3,22.85,40.0,19.650000000000002,0,74.9447479403282,2.5413150489876655,1.0,s4_narrow_passage_medium,M7,19,0.06,4.0
False,20.35,0.9946420888171617,0.26816618460293495,True,97.80039290929709,1491.113659520756,0.01227632126508531,75.14447719882905,0.010269562145195059,0.2606850903060725,0.0065785822531183626,0.0065785822531183626,139.60189926795817,0,0.0,True,True,True,False,True,False,False,True,True,True,False,2.5393149096939274,False,False,26.650000000000002,26.05,26.650000000000002,22.85,40.0,19.700000000000003,0,74.94971322011492,2.5413186956579867,1.0,s4_narrow_passage_medium,M7,20,0.06,4.0
False,20.6,0.9591039915586179,0.2682325820425584,True,98.2563712028968,1501.9370408971463,0.0178942987931752,75.5990934498729,0.012054973142558267,0.2566166645918016,0.004181018469133887,0.004181018469133887,139.93771272227997,0,0.0,True,True,True,False,True,False,False,True,True,True,False,2.543383335408198,False,False,26.900000000000002,26.400000000000002,26.900000000000002,23.05,40.0,19.450000000000003,0,74.91505543544719,2.541247187308859,1.0,s4_narrow_passage_medium,M7,21,0.06,4.0
False,20.150000000000002,0.9781381690258664,0.2663963823866642,True,96.66877884986644,1384.7600392182044,0.012692467748647523,75.27263217664941,0.01205728942211843,0.2566207813872092,0.004169782519922059,0.004169782519922059,138.03673480800177,0,0.0,True,True,True,False,True,False,False,True,True,True,False,2.543379218612791,False,False,26.85,26.150000000000002,26.85,22.650000000000002,40.0,19.900000000000002,0,74.9261863953136,2.5413102290557172,1.0,s4_narrow_passage_medium,M7,22,0.06,4.0
False,19.900000000000002,0.9870304233784715,0.2688510656762489,True,97.25694030510012,1437.1620242851905,0.011444028297960882,73.22554080917311,0.010261752842038655,0.260663333792406,0.0065334855113139,0.0065334855113139,138.68416900689868,0,0.0,True,True,True,False,True,False,False,True,True,True,False,2.5393366662075936,False,False,25.8,25.700000000000003,25.8,22.400000000000002,40.0,20.150000000000002,0,74.90426270290172,2.5413336590323157,1.0,s4_narrow_passage_medium,M7,23,0.06,4.0
False,20.3,0.9826066772611874,0.2663011512841486,True,96.610425499558,1412.0181922248057,0.014565126924677487,74.54724027113768,0.010268109111461804,0.26067641419103876,0.006567168312015182,0.006567168312015182,138.11727626266085,0,0.0,True,True,True,False,True,False,False,True,True,True,False,2.539323585808961,False,False,27.05,26.3,27.05,22.8,40.0,19.75,0,74.89175274080492,2.5413037063985073,1.0,s4_narrow_passage_medium,M7,24,0.06,4.0
False,20.400000000000002,0.9762253114142718,0.26796573016365555,True,98.17453718299203,1513.8808273967777,0.01435705368289638,75.51746703492458,0.012053122985383817,0.25664538145250715,0.0042191646267440005,0.0042191646267440005,139.97885076559123,0,0.0,True,True,True,False,True,False,False,True,True,True,False,2.5433546185474927,False,False,26.200000000000003,26.1,26.200000000000003,22.900000000000002,40.0,19.650000000000002,0,74.92875112535881,2.5413173270639184,1.0,s4_narrow_passage_medium,M7,25,0.06,4.0
False,20.400000000000002,0.9710030429107552,0.2684251137672694,True,97.83137191028747,1497.2795193529241,0.01914273824386184,75.61434828941988,0.012053387179040295,0.256619723057759,0.004196253686556927,0.004196253686556927,139.57528425396504,0,0.0,True,True,True,False,True,False,False,True,True,True,False,2.5433802769422407,False,False,26.400000000000002,26.3,26.400000000000002,22.85,40.0,19.650000000000002,0,74.93469977549486,2.541316691943204,1.0,s4_narrow_passage_medium,M7,26,0.06,4.0
False,19.75,1.0218402645250404,0.2686979531115713,True,97.62498251226067,1457.8880456194292,0.005201831044527674,74.70704705728318,0.012056897467189293,0.25663790616461524,0.004188230136256388,0.004188230136256388,138.90333515237236,0,0.0,True,True,True,False,True,False,False,True,True,True,False,2.5433620938353845,False,False,25.6,25.5,25.6,22.25,40.0,20.3,0,74.9091395701599,2.541318034832804,1.0,s4_narrow_passage_medium,M7,27,0.06,4.0
False,20.200000000000003,0.9929648155356252,0.2672640919487307,True,98.06813814835411,1489.7453261272333,0.011652101539741989,74.27649063550203,0.012055417859746015,0.2566483027979393,0.0042077341857943325,0.0042077341857943325,139.51418984946008,0,0.0,True,True,True,False,True,False,False,True,True,True,False,2.5433516972020604,False,False,26.5,25.900000000000002,26.5,22.700000000000003,40.0,19.85,0,74.92539075775952,2.541327473056203,1.0,s4_narrow_passage_medium,M7,28,0.06,4.0
False,20.5,0.9771349010855486,0.2647270251771184,True,97.64747552967344,1490.2011879185948,0.01768622555139409,74.3491195344045,0.012055119266639672,0.2566499947453471,0.004210986639537818,0.004210986639537818,139.35611137955289,0,0.0,True,True,True,False,True,False,False,True,True,True,False,2.543350005254653,False,False,26.6,26.1,26.6,22.950000000000003,40.0,19.55,0,74.89669303404393,2.541281013162429,1.0,s4_narrow_passage_medium,M7,29,0.06,4.0
False,20.05,0.9946496630206656,0.2706265632077443,True,97.70325097512949,1468.9764338599684,0.0089471493965876,75.26218932316846,0.012057421417295705,0.25662111669711507,0.004167380056824057,0.004167380056824057,139.240215325017,0,0.0,True,True,True,False,True,False,False,True,True,True,False,2.5433788833028848,False,False,26.05,25.950000000000003,26.05,22.6,40.0,20.0,0,74.8905680401809,2.5412945243535474,1.0,s4_narrow_passage_medium,M7,30,0.06,4.0
False,19.900000000000002,0.9978068471649395,0.26652781799703823,True,97.36830795295549,1446.5444701092215,0.009363295880149813,73.74305942034256,0.010261801625250385,0.2606594966908992,0.006536998029823373,0.006536998029823373,138.62757699843365,0,0.0,True,True,True,False,True,False,False,True,True,True,False,2.5393405033091008,False,False,25.8,25.650000000000002,25.8,22.35,40.0,20.150000000000002,0,74.90692167494309,2.5413280087405576,1.0,s4_narrow_passage_medium,M7,31,0.06,4.0
False,20.150000000000002,0.996186878648605,0.2635034658767944,True,96.65427372947451,1407.343478962152,0.013108614232209739,75.4063748908058,0.012052985346948389,0.2566538063813721,0.0042279822122665055,0.0042279822122665055,138.07253257959601,0,0.0,True,True,True,False,True,False,False,True,True,True,False,2.543346193618628,False,False,26.950000000000003,26.200000000000003,26.950000000000003,22.700000000000003,40.0,19.900000000000002,0,74.91409631728351,2.5413282635959846,1.0,s4_narrow_passage_medium,M7,32,0.06,4.0
False,20.400000000000002,0.9708017951827055,0.26875719485465743,True,97.63592056747935,1493.0862960022591,0.01373283395755306,75.4092497837879,0.012056630735487317,0.2566189124499924,0.0041705861411515666,0.0041705861411515666,139.40044460759034,0,0.0,True,True,True,False,True,False,False,True,True,True,False,2.5433810875500074,False,False,26.35,26.35,26.35,22.900000000000002,40.0,19.650000000000002,0,74.91962793914553,2.541307338158537,1.0,s4_narrow_passage_medium,M7,33,0.06,4.0
False,20.150000000000002,1.0026488657985293,0.26960456480908257,True,97.54936171437396,1483.8206117152808,0.011235955056179775,72.99472774644721,0.010261505136446893,0.2606606281824002,0.006536810916315221,0.006536810916315221,139.22706746482686,0,0.0,True,True,True,False,True,False,False,True,True,True,False,2.5393393718176,False,False,26.3,25.900000000000002,26.3,22.650000000000002,40.0,19.900000000000002,0,74.87103012163817,2.5413105861570786,1.0,s4_narrow_passage_medium,M7,34,0.06,4.0
False,20.1,1.007599989122067,0.2687234651168494,True,97.5887150236772,1487.6092605159915,0.012484394506866416,75.57260759016097,0.012053185549597828,0.25663497436319055,0.004209008500979129,0.004209008500979129,139.33939239134753,0,0.0,True,True,True,False,True,False,False,True,True,True,False,2.543365025636809,False,False,26.05,25.900000000000002,26.05,22.55,40.0,19.950000000000003,0,74.92192694921513,2.541310685977013,1.0,s4_narrow_passage_medium,M7,35,0.06,4.0
False,20.400000000000002,0.9769418858313521,0.2674708018311519,True,97.36261024730005,1477.7262007970335,0.01643778610070745,75.61824915924696,0.012053633874207914,0.25661880297841316,0.004195479052298412,0.004195479052298412,139.12967827668632,0,0.0,True,True,True,False,True,False,False,True,True,True,False,2.5433811970215867,False,False,26.6,26.400000000000002,26.6,22.900000000000002,40.0,19.650000000000002,0,75.02389912036429,2.541289288092595,1.0,s4_narrow_passage_medium,M7,36,0.06,4.0
False,20.150000000000002,1.007452348550285,0.26730132847702115,True,98.2409754311075,1486.8976373537516,0.010819808572617561,74.23062180489691,0.01026630957226476,0.26067499845988984,0.006556054926844268,0.006556054926844268,139.74733741394803,0,0.0,True,True,True,False,True,False,False,True,True,True,False,2.53932500154011,False,False,25.950000000000003,25.85,25.950000000000003,22.650000000000002,40.0,19.900000000000002,0,74.93802817667553,2.5413252349775397,1.0,s4_narrow_passage_medium,M7,37,0.06,4.0
False,20.35,0.992600695799349,0.2682670099725277,True,97.55755820322027,1491.1976989692978,0.016853932584269662,75.14392111823044,0.010269568204853637,0.26068505366135614,0.006578705452993554,0.006578705452993554,139.25922596114953,0,0.0,True,True,True,False,True,False,False,True,True,True,False,2.5393149463386435,False,False,26.35,26.25,26.35,22.8,40.0,19.700000000000003,0,74.95252029647312,2.541319158321905,1.0,s4_narrow_passage_medium,M7,38,0.06,4.0
False,20.5,0.9828333339084934,0.267893985823927,True,98.0235401128349,1503.7843546326844,0.018310445276737412,75.33811395374046,0.010266952584399747,0.260690601722229,0.006557721160175763,0.006557721160175763,139.73884638794894,0,0.0,True,True,True,False,True,False,False,True,True,True,False,2.539309398277771,False,False,26.25,26.150000000000002,26.25,22.950000000000003,40.0,19.55,0,74.94249732614391,2.5413077409754736,1.0,s4_narrow_passage_medium,M7,39,0.06,4.0
False,20.35,0.963821371553651,0.26956044042000704,True,96.37252914068102,1375.163252735956,0.018518518518518517,74.38192236602029,0.01205514564674807,0.25665015430434385,0.004212799524035257,0.004212799524035257,137.81264453029846,0,0.0,True,True,True,False,True,False,False,True,True,True,False,2.543349845695656,False,False,27.35,26.0,27.35,22.8,40.0,19.700000000000003,0,74.95786095450073,2.5413380462453876,1.0,s4_narrow_passage_medium,M7,10,0.06,6.0
False,20.400000000000002,0.9850504981577186,0.26979675401999886,True,97.34981153120685,1483.1931662829465,0.01643778610070745,73.99576943446175,0.010265059653488876,0.26067413128025324,0.0065435443407937345,0.0065435443407937345,138.92504274970184,0,0.0,True,True,True,False,True,False,False,True,True,True,False,2.5393258687197466,False,False,26.450000000000003,26.25,26.450000000000003,22.85,40.0,19.650000000000002,0,74.89032693562687,2.5412708286192274,1.0,s4_narrow_passage_medium,M7,11,0.06,6.0
False,20.55,0.9733541714765053,0.2702440630887198,True,96.38168219346016,1420.8520342965887,0.02122347066167291,75.19493278430724,0.010269307254479079,0.26068699198563366,0.0065768844333844246,0.0065768844333844246,138.12799536974802,0,0.0,True,True,True,False,True,False,False,True,True,True,False,2.539313008014366,False,False,26.400000000000002,26.3,26.400000000000002,23.0,40.0,19.5,0,74.97940590644394,2.541326409571601,1.0,s4_narrow_passage_medium,M7,12,0.06,6.0
False,20.200000000000003,0.9741434228369841,0.26853173274666825,True,97.92239821723467,1496.8228209144124,0.013108614232209739,74.94557882732857,0.010269556175010613,0.26068026606765854,0.006578903559485383,0.006578903559485383,139.44819823209176,0,0.0,True,True,True,False,True,False,False,True,True,True,False,2.5393197339323414,False,False,26.05,25.85,26.05,22.650000000000002,40.0,19.85,0,74.94249802522435,2.5413190011091675,1.0,s4_narrow_passage_medium,M7,13,0.06,6.0
False,19.6,1.01283449982429,0.2471634874511817,True,98.68333580233902,1476.600550551539,0.00686641697877653,74.87281009796234,0.012053369124289325,0.25665827758490806,0.004232480073987548,0.004232480073987548,139.6358678587879,0,0.0,True,True,True,False,True,False,False,True,True,True,False,2.5433417224150916,False,False,26.0,25.5,26.0,22.05,40.0,20.450000000000003,0,74.90584675239336,2.541331120740685,1.0,s4_narrow_passage_medium,M7,14,0.06,6.0
False,20.5,0.9804086292350169,0.26840665558029836,True,97.74370206347663,1505.7596196523991,0.016229712858926344,75.33760367180338,0.010264692267582403,0.26067588100675587,0.006550459767228899,0.006550459767228899,139.6013996825667,0,0.0,True,True,True,False,True,False,False,True,True,True,False,2.539324118993244,False,False,26.450000000000003,26.3,26.450000000000003,22.950000000000003,40.0,19.55,0,74.94266709212769,2.541297479914905,1.0,s4_narrow_passage_medium,M7,15,0.06,6.0
False,20.1,0.9804575648643838,0.26794365199146475,True,97.87315655096985,1479.1309933305313,0.014773200166458594,73.89013013933733,0.010264265899769873,0.260671930800094,0.006544780270883178,0.006544780270883178,139.36477729192393,0,0.0,True,True,True,False,True,False,False,True,True,True,False,2.5393280691999056,False,False,26.35,25.75,26.35,22.55,40.0,19.950000000000003,0,74.94372921680213,2.541326006076111,1.0,s4_narrow_passage_medium,M7,16,0.06,6.0
False,20.25,0.9974881905212156,0.2654722595921771,True,97.59651237534075,1477.1901868955301,0.013524760715771952,73.93395634006824,0.010264531414780948,0.2606724867292713,0.006546040260984942,0.006546040260984942,139.34993810324494,0,0.0,True,True,True,False,True,False,False,True,True,True,False,2.5393275132707287,False,False,26.55,26.35,26.55,22.700000000000003,40.0,19.8,0,74.94070033830431,2.5413280661279103,1.0,s4_narrow_passage_medium,M7,17,0.06,6.0
False,20.6,0.9840695696415749,0.267705250361218,True,97.70733399037721,1503.4650575720698,0.01976695796920516,75.45027944657751,0.012053241612119505,0.25665208451097304,0.004225667191299315,0.004225667191299315,139.6024292842528,0,0.0,True,True,True,False,True,False,False,True,True,True,False,2.5433479154890266,False,False,26.75,26.400000000000002,26.75,23.05,40.0,19.450000000000003,0,75.00394766097223,2.5411646517620907,1.0,s4_narrow_passage_medium,M7,18,0.06,6.0
False,20.3,0.9768452408102981,0.2690195383926275,True,96.49383446130395,1380.4387340398853,0.016853932584269662,74.99483170287145,0.012052863509320512,0.2566610569550504,0.004242417097988345,0.004242417097988345,137.9057174227351,0,0.0,True,True,True,False,True,False,False,True,True,True,False,2.5433389430449496,False,False,25.950000000000003,25.75,25.950000000000003,22.75,40.0,19.75,0,74.89632036719969,2.54127557811502,1.0,s4_narrow_passage_medium,M7,19,0.06,6.0
False,20.400000000000002,0.9945602960604913,0.2688290009126201,True,97.57635069412545,1479.2368211831647,0.011652101539741989,75.33731211337704,0.010264601772974034,0.26067630947303827,0.006550802683017551,0.006550802683017551,139.48420936768088,0,0.0,True,True,True,False,True,False,False,True,True,True,False,2.5393236905269614,False,False,26.150000000000002,26.150000000000002,26.150000000000002,22.85,40.0,19.650000000000002,0,74.89134562861304,2.5413053955697116,1.0,s4_narrow_passage_medium,M7,20,0.06,6.0
False,20.650000000000002,0.9584752990450112,0.26782135197370677,True,98.48860349161706,1511.2868029721953,0.019558884727424054,75.4912665451257,0.01205618914719713,0.2566175658335512,0.004172297051933565,0.004172297051933565,140.1090367906345,0,0.0,True,True,True,False,True,False,False,True,True,True,False,2.543382434166449,False,False,26.6,26.450000000000003,26.6,23.05,40.0,19.400000000000002,0,74.91532554150112,2.541232671030417,1.0,s4_narrow_passage_medium,M7,21,0.06,6.0
False,20.150000000000002,0.9779461852430187,0.2566176551187976,True,97.29177057806271,1420.5900781074984,0.013316687473990845,74.96753190717239,0.010269476200910998,0.2606808620608934,0.006579184266063127,0.006579184266063127,138.66702306515566,0,0.0,True,True,True,False,True,False,False,True,True,True,False,2.5393191379391062,False,False,27.05,25.700000000000003,27.05,22.6,40.0,19.900000000000002,0,74.91692726248893,2.5413106431451062,1.0,s4_narrow_passage_medium,M7,22,0.06,6.0
False,19.950000000000003,0.9863921863587801,0.26837664657117766,True,96.71589393840935,1382.3786949362366,0.011652101539741989,75.16784161474621,0.012057333696177308,0.25662509096681746,0.0041725903386507805,0.0041725903386507805,137.98162542163564,0,0.0,True,True,True,False,True,False,False,True,True,True,False,2.5433749090331825,False,False,25.75,25.6,25.75,22.400000000000002,40.0,20.1,0,74.92963170961963,2.5413308602391513,1.0,s4_narrow_passage_medium,M7,23,0.06,6.0
False,20.3,0.9822267414760486,0.26990734307273545,True,96.67662015472607,1406.6763012133133,0.01435705368289638,74.48879540722122,0.012054676273668926,0.25665258314980016,0.004217823050960869,0.004217823050960869,138.26260730155343,0,0.0,True,True,True,False,True,False,False,True,True,True,False,2.5433474168501995,False,False,25.950000000000003,25.85,25.950000000000003,22.8,40.0,19.75,0,74.9571422868313,2.541333261929383,1.0,s4_narrow_passage_medium,M7,24,0.06,6.0
False,20.400000000000002,0.9760637008286281,0.268060195525076,True,98.32020114109021,1519.739244128809,0.01435705368289638,75.18130916314723,0.010269402926039369,0.2606866722605025,0.006577584933368527,0.006577584933368527,140.06051409016666,0,0.0,True,True,True,False,True,False,False,True,True,True,False,2.5393133277394973,False,False,26.150000000000002,26.05,26.150000000000002,22.85,40.0,19.650000000000002,0,74.95342792031137,2.541317912637752,1.0,s4_narrow_passage_medium,M7,25,0.06,6.0
False,20.450000000000003,0.9712499999570576,0.2685171628803085,True,98.01108031417759,1506.1131414715492,0.01976695796920516,75.62196104654777,0.012053936047969843,0.256618152538299,0.004190125371180583,0.004190125371180583,139.72540239881099,0,0.0,True,True,True,False,True,False,False,True,True,True,False,2.543381847461701,False,False,26.3,26.05,26.3,22.85,40.0,19.6,0,74.92227713149448,2.541314713381627,1.0,s4_narrow_passage_medium,M7,26,0.06,6.0
False,19.700000000000003,1.021618028304719,0.2664972505146855,True,97.59523072311717,1456.3428567951964,0.004993757802746567,75.59983355954688,0.012053401609513724,0.25662723279526595,0.004202414964372641,0.004202414964372641,138.82524857650674,0,0.0,True,True,True,False,True,False,False,True,True,True,False,2.5433727672047337,False,False,25.900000000000002,25.8,25.900000000000002,22.25,40.0,20.35,0,74.90485583878767,2.541328575903265,1.0,s4_narrow_passage_medium,M7,27,0.06,6.0
False,20.200000000000003,0.9930310048158761,0.267176543236383,True,98.24841616987163,1492.018977031818,0.011235955056179775,74.1200973251984,0.010265690660697853,0.2606741339560598,0.006552159643930318,0.006552159643930318,139.59444466473255,0,0.0,True,True,True,False,True,False,False,True,True,True,False,2.53932586604394,False,False,25.85,25.85,25.85,22.650000000000002,40.0,19.85,0,74.93098173890141,2.541326800051701,1.0,s4_narrow_passage_medium,M7,28,0.06,6.0
False,20.35,0.9489422562387537,0.27047861034384263,True,96.48631205887617,1380.0307197871182,0.018726591760299626,74.95250202276726,0.012056744478299304,0.2566336564579512,0.0041834526748536225,0.0041834526748536225,137.87312058342002,0,0.0,True,True,True,False,True,False,False,True,True,True,False,2.543366343542049,False,False,26.400000000000002,25.8,26.400000000000002,22.8,40.0,19.700000000000003,0,74.9298567787048,2.5412839290121085,1.0,s4_narrow_passage_medium,M7,29,0.06,6.0
False,19.950000000000003,0.9948251658279326,0.2670152057826105,True,97.70882229194616,1459.9273935863637,0.007906783187682065,73.63913727690901,0.0102628338061394,0.260666530423507,0.006537491699778318,0.006537491699778318,139.10479522690676,0,0.0,True,True,True,False,True,False,False,True,True,True,False,2.539333469576493,False,False,25.950000000000003,25.85,25.950000000000003,22.5,40.0,20.1,0,74.92154849123693,2.5413249906174484,1.0,s4_narrow_passage_medium,M7,30,0.06,6.0
False,19.85,0.9985932354341485,0.26761155956754173,True,98.10948225647923,1480.5694787157745,0.008739076154806492,75.30283612796354,0.010262505497819523,0.26065939400524013,0.006542959989565991,0.006542959989565991,139.2884235604585,0,0.0,True,True,True,False,True,False,False,True,True,True,False,2.53934060599476,False,False,25.85,25.6,25.85,22.3,40.0,20.200000000000003,0,74.91807683648024,2.541330022935156,1.0,s4_narrow_passage_medium,M7,31,0.06,6.0
False,20.150000000000002,0.9954054859726804,0.2653509728010866,True,97.07076863455788,1426.8548654058186,0.01227632126508531,74.56998336674393,0.010268054091779564,0.26067690047192427,0.006567774124402741,0.006567774124402741,138.51986490721643,0,0.0,True,True,True,False,True,False,False,True,True,True,False,2.5393230995280756,False,False,27.0,26.200000000000003,27.0,22.650000000000002,40.0,19.900000000000002,0,74.97615177075035,2.5413019588972485,1.0,s4_narrow_passage_medium,M7,32,0.06,6.0
False,20.400000000000002,0.9707353675026724,0.2682702495781001,True,98.18398596760544,1508.7730514855277,0.013940907199334166,75.33736291352497,0.01205273330310968,0.2566566431023646,0.004233084440653104,0.004233084440653104,139.8505749378929,0,0.0,True,True,True,False,True,False,False,True,True,True,False,2.543343356897635,False,False,26.5,26.05,26.5,22.85,40.0,19.650000000000002,0,74.92938088749919,2.541320196809818,1.0,s4_narrow_passage_medium,M7,33,0.06,6.0
False,20.1,1.0026914939860962,0.2678367480565107,True,97.9812348247807,1507.250326969596,0.010403662089055347,74.41319308411146,0.012054962347125815,0.2566507221249745,0.004209672427500094,0.004209672427500094,139.58645052947543,0,0.0,True,True,True,False,True,False,False,True,True,True,False,2.5433492778750253,False,False,26.25,25.650000000000002,26.25,22.6,40.0,19.950000000000003,0,74.93400873337536,2.5412833525452596,1.0,s4_narrow_passage_medium,M7,34,0.06,6.0
False,20.1,1.008055256936825,0.2684787825043194,True,97.74533898966618,1492.924867550732,0.011652101539741989,74.45194174061187,0.010267542968497604,0.260676149445126,0.006564852967644445,0.006564852967644445,139.39551369815416,0,0.0,True,True,True,False,True,False,False,True,True,True,False,2.5393238505548736,False,False,25.85,25.75,25.85,22.55,40.0,19.950000000000003,0,74.94892389835132,2.5413222583350428,1.0,s4_narrow_passage_medium,M7,35,0.06,6.0
False,20.35,0.9769716628809515,0.2684237138538332,True,97.74675372029878,1481.7916984464255,0.016645859342488557,75.20881503731266,0.010269275298633364,0.2606870746565656,0.006576123925101121,0.006576123925101121,139.32243058168433,0,0.0,True,True,True,False,True,False,False,True,True,True,False,2.539312925343434,False,False,26.55,26.05,26.55,22.8,40.0,19.700000000000003,0,74.95455783161549,2.5413175251126967,1.0,s4_narrow_passage_medium,M7,36,0.06,6.0
False,20.150000000000002,1.0073541316399337,0.27074533187412253,True,98.0456062711188,1488.0429522801032,0.011027881814398668,75.33581299871953,0.010267072996861568,0.260684260641267,0.006556313588766173,0.006556313588766173,139.63459001024432,0,0.0,True,True,True,False,True,False,False,True,True,True,False,2.5393157393587327,False,False,26.1,26.0,26.1,22.650000000000002,40.0,19.900000000000002,0,74.90556359990165,2.541272343018133,1.0,s4_narrow_passage_medium,M7,37,0.06,6.0
False,20.35,0.9923154787754471,0.2696285351144326,True,97.23866982752301,1471.168980936762,0.016645859342488557,74.74365763400955,0.010268542651805374,0.2606786148930518,0.006575532795919505,0.006575532795919505,138.87544444356382,0,0.0,True,True,True,False,True,False,False,True,True,True,False,2.5393213851069483,False,False,26.450000000000003,26.200000000000003,26.450000000000003,22.8,40.0,19.700000000000003,0,74.90369039285746,2.541289714757075,1.0,s4_narrow_passage_medium,M7,38,0.06,6.0
False,20.5,0.9824356736484241,0.2678248994638017,True,98.18582218952713,1512.6152708542027,0.017478152309612985,75.22113420058244,0.010269189659308025,0.2606873627765249,0.0065756057323129655,0.0065756057323129655,139.86250572126687,0,0.0,True,True,True,False,True,False,False,True,True,True,False,2.539312637223475,False,False,26.450000000000003,26.450000000000003,26.450000000000003,22.900000000000002,40.0,19.55,0,74.94683500881523,2.541311163028644,1.0,s4_narrow_passage_medium,M7,39,0.06,6.0
False,20.3,0.9638869091357638,0.26966077818791456,True,97.49309283417156,1462.661536058918,0.01914273824386184,74.94222524716263,0.010269197564172218,0.2606810820807,0.006581031311291687,0.006581031311291687,139.04575467827868,0,0.0,True,True,True,False,True,False,False,True,True,True,False,2.5393189179193,False,False,26.1,26.1,26.1,22.75,40.0,19.75,0,74.95859281857005,2.5412919569169885,1.0,s4_narrow_passage_medium,M7,10,0.06,8.0
False,20.3,0.9848401325235596,0.26840684779191964,True,97.96154046175168,1506.0784539057186,0.01706200582605077,75.12627412069864,0.010269586359836875,0.26068447766278374,0.006578480357151739,0.006578480357151739,139.4834896505024,0,0.0,True,True,True,False,True,False,False,True,True,True,False,2.539315522337216,False,False,26.55,26.150000000000002,26.55,22.700000000000003,40.0,19.75,0,74.94069591356133,2.54131838661293,1.0,s4_narrow_passage_medium,M7,11,0.06,8.0
False,20.5,0.9737148172205423,0.2683918024285346,True,97.99888330723539,1513.795158677217,0.020807324178110695,75.26715972430263,0.010268752081399235,0.26068856613196284,0.006572074674201866,0.006572074674201866,139.61185330028172,0,0.0,True,True,True,False,True,False,False,True,True,True,False,2.539311433868037,False,False,26.450000000000003,26.35,26.450000000000003,22.900000000000002,40.0,19.55,0,74.94412468706382,2.5413090139379495,1.0,s4_narrow_passage_medium,M7,12,0.06,8.0
False,20.150000000000002,0.973553864849116,0.26739736694307287,True,97.32271683809677,1459.4608782075209,0.01435705368289638,75.60532993077418,0.012055104500687447,0.2566159623324065,0.004180643012227112,0.004180643012227112,138.78324236600403,0,0.0,True,True,True,False,True,False,False,True,True,True,False,2.543384037667593,False,False,26.150000000000002,25.55,26.150000000000002,22.6,40.0,19.900000000000002,0,74.88430644655332,2.5413269081053893,1.0,s4_narrow_passage_medium,M7,13,0.06,8.0
False,19.6,1.0075649542188725,0.25020885192196,True,97.95296486227632,1429.343872431777,0.007906783187682065,74.9013497357005,0.010269383413984907,0.2606799461846773,0.006579402094047015,0.006579402094047015,138.87354258290233,0,0.0,True,True,True,False,True,False,False,True,True,True,False,2.5393200538153224,False,False,25.450000000000003,25.0,25.450000000000003,22.05,40.0,20.450000000000003,0,74.86428548401449,2.541323842993592,1.0,s4_narrow_passage_medium,M7,14,0.06,8.0
False,20.450000000000003,0.9803369733868335,0.26580342854708655,True,97.93176693181994,1520.8690209437561,0.017270079067831876,74.91724489108249,0.010269493772940804,0.2606799199974667,0.006579473152222205,0.006579473152222205,139.8333211503944,0,0.0,True,True,True,False,True,False,False,True,True,True,False,2.539320080002533,False,False,26.05,25.950000000000003,26.05,22.950000000000003,40.0,19.6,0,74.95024820657562,2.541319209659773,1.0,s4_narrow_passage_medium,M7,15,0.06,8.0
False,20.0,0.9278882322635382,0.26811989261176244,True,98.00834331972624,1477.2345479389564,0.015397419891801914,75.48586577864688,0.012056329745068066,0.25661734590220603,0.004171381325546936,0.004171381325546936,139.35810236873346,0,0.0,True,True,True,False,True,False,False,True,True,True,False,2.543382654097794,False,False,26.200000000000003,25.6,26.200000000000003,22.400000000000002,40.0,20.05,0,74.92705068456075,2.541330224527379,1.0,s4_narrow_passage_medium,M7,16,0.06,8.0
False,20.25,0.997407507959591,0.2698360054098781,True,96.6985884002715,1391.8845690115945,0.014148980441115273,75.51571901507036,0.012053134281152284,0.25664542967162624,0.00421902091704069,0.00421902091704069,138.25866780373198,0,0.0,True,True,True,False,True,False,False,True,True,True,False,2.5433545703283738,False,False,25.8,25.700000000000003,25.8,22.700000000000003,40.0,19.8,0,74.95623589246307,2.541322690140885,1.0,s4_narrow_passage_medium,M7,17,0.06,8.0
False,20.55,0.9842462303153485,0.26840606157961655,True,98.22084482640372,1528.5234622570001,0.01976695796920516,75.57993137530693,0.012055236140360248,0.2566166396961466,0.004177768975955958,0.004177768975955958,139.93428045759327,0,0.0,True,True,True,False,True,False,False,True,True,True,False,2.5433833603038534,False,False,26.8,26.400000000000002,26.8,22.950000000000003,40.0,19.5,0,74.91237886564612,2.5412905687640404,1.0,s4_narrow_passage_medium,M7,18,0.06,8.0
False,20.200000000000003,0.9596680918121774,0.2653691418142119,True,97.57022787090331,1467.5184329514414,0.017478152309612985,74.55815457033724,0.012054349588995393,0.25665420678437045,0.004221341768068833,0.004221341768068833,139.06524967412196,0,0.0,True,True,True,False,True,False,False,True,True,True,False,2.5433457932156296,False,False,26.200000000000003,25.950000000000003,26.200000000000003,22.700000000000003,40.0,19.85,0,74.93771402212715,2.5413259752565196,1.0,s4_narrow_passage_medium,M7,19,0.06,8.0
False,20.35,0.9944852332933845,0.2681479965810432,True,98.12686417674398,1508.0945368264752,0.011235955056179775,74.91908640942766,0.012053147716049704,0.2566590512063357,0.004233970014126459,0.004233970014126459,139.8400916315863,0,0.0,True,True,True,False,True,False,False,True,True,True,False,2.5433409487936642,False,False,26.6,26.0,26.6,22.8,40.0,19.700000000000003,0,74.93661373428903,2.541325024448492,1.0,s4_narrow_passage_medium,M7,20,0.06,8.0
False,20.6,0.959262720961972,0.2666922308845184,True,98.67806581057395,1517.913393778559,0.020183104452767373,75.3340206189313,0.010264361467541259,0.2606732980558837,0.006548996081806887,0.006548996081806887,140.1965101564943,0,0.0,True,True,True,False,True,False,False,True,True,True,False,2.539326701944116,False,False,26.650000000000002,26.200000000000003,26.650000000000002,23.0,40.0,19.450000000000003,0,74.93538981727272,2.541262314691626,1.0,s4_narrow_passage_medium,M7,21,0.06,8.0
False,20.1,0.9777116489187339,0.2690204647172344,True,98.13002697998837,1473.9820954063823,0.012484394506866416,75.56751557595628,0.012055370217966474,0.2566166277620779,0.004177085217290229,0.004177085217290229,139.60002563106804,0,0.0,True,True,True,False,True,False,False,True,True,True,False,2.5433833722379218,False,False,26.150000000000002,25.950000000000003,26.150000000000002,22.55,40.0,19.950000000000003,0,74.91676085967474,2.5413094981326436,1.0,s4_narrow_passage_medium,M7,22,0.06,8.0
False,19.900000000000002,0.986666553456762,0.2609348691069023,True,97.88200076611311,1455.118019910959,0.011027881814398668,75.00138115933176,0.012053058062732193,0.2566592040629785,0.004235326860472531,0.004235326860472531,139.00471853009435,0,0.0,True,True,True,False,True,False,False,True,True,True,False,2.5433407959370213,False,False,26.150000000000002,25.3,26.150000000000002,22.35,40.0,20.150000000000002,0,74.90872743649878,2.541329766030489,1.0,s4_narrow_passage_medium,M7,23,0.06,8.0
False,20.3,0.9825704100550026,0.2532698780640122,True,97.84026888457419,1481.7657388353882,0.012900540990428632,75.3208388665839,0.012056969834650016,0.2566200228928967,0.004169512531218426,0.004169512531218426,139.3175489547713,0,0.0,True,True,True,False,True,False,False,True,True,True,False,2.543379977107103,False,False,26.5,25.900000000000002,26.5,22.75,40.0,19.75,0,74.91625066716126,2.541330353121391,1.0,s4_narrow_passage_medium,M7,24,0.06,8.0
False,20.25,0.9488588082925695,0.2682621985011518,True,98.40382377875973,1511.0712341208805,0.015605493133583021,74.2754195437907,0.012055546863242304,0.2566475351753592,0.004206128913074639,0.004206128913074639,139.99513101475208,0,0.0,True,True,True,False,True,False,False,True,True,True,False,2.5433524648246406,False,False,26.5,26.0,26.5,22.700000000000003,40.0,19.8,0,74.92509196110474,2.5413277083483057,1.0,s4_narrow_passage_medium,M7,25,0.06,8.0
False,20.400000000000002,0.9710044932854822,0.2673659489572372,True,98.12845459186943,1504.893350959724,0.020183104452767373,75.5107366526046,0.012053133600645144,0.25664643281959604,0.0042203446349531335,0.0042203446349531335,139.74827627800113,0,0.0,True,True,True,False,True,False,False,True,True,True,False,2.5433535671804037,False,False,26.0,26.0,26.0,22.8,40.0,19.650000000000002,0,74.937039395367,2.5413200582221553,1.0,s4_narrow_passage_medium,M7,26,0.06,8.0
False,19.700000000000003,1.021556859222135,0.26646747759376543,True,97.7692862387458,1460.2597726378174,0.004993757802746567,75.34005297813452,0.010266793675566896,0.26069069061444244,0.006557093932873894,0.006557093932873894,138.9144250723095,0,0.0,True,True,True,False,True,False,False,True,True,True,False,2.5393093093855574,False,False,25.950000000000003,25.55,25.950000000000003,22.200000000000003,40.0,20.35,0,74.91723752997801,2.541328598908602,1.0,s4_narrow_passage_medium,M7,27,0.06,8.0
False,20.200000000000003,0.9931121232793523,0.2673370570744477,True,98.42760370915937,1500.5064289386503,0.011652101539741989,73.65314463715835,0.010262904449775756,0.26066688713407465,0.006537912398323461,0.006537912398323461,139.68727685696544,0,0.0,True,True,True,False,True,False,False,True,True,True,False,2.539333112865925,False,False,26.150000000000002,25.900000000000002,26.150000000000002,22.6,40.0,19.85,0,74.9302676661622,2.5413291301105247,1.0,s4_narrow_passage_medium,M7,28,0.06,8.0
False,20.400000000000002,0.9774212872578578,0.2684938142558358,True,98.09325018316693,1487.1868049204415,0.01768622555139409,75.2746159403231,0.010268662562258474,0.26068882908634905,0.006571334011430965,0.006571334011430965,139.54117073397276,0,0.0,True,True,True,False,True,False,False,True,True,True,False,2.539311170913651,False,False,26.650000000000002,26.150000000000002,26.650000000000002,22.85,40.0,19.650000000000002,0,74.94277157302217,2.541315673572841,1.0,s4_narrow_passage_medium,M7,29,0.06,8.0
False,19.8,0.8998397648667151,0.26620698284013866,True,97.44025433556124,1406.9408416976316,0.00957136912193092,75.2647045571431,0.012057196364944565,0.25662140461316957,0.004170657351068405,0.004170657351068405,138.56666775497303,0,0.0,True,True,True,False,True,False,False,True,True,True,False,2.54337859538683,False,False,26.05,25.650000000000002,26.05,22.25,40.0,20.25,0,74.81877689738542,2.5413192295377214,1.0,s4_narrow_passage_medium,M7,30,0.06,8.0
False,19.8,0.9990880138457079,0.26740588647328345,True,98.25936707281058,1484.2213683212449,0.008739076154806492,75.613698272273,0.012053483032907314,0.25662056263926497,0.004196831607023524,0.004196831607023524,139.34046341444872,0,0.0,True,True,True,False,True,False,False,True,True,True,False,2.543379437360735,False,False,25.950000000000003,25.450000000000003,25.950000000000003,22.25,40.0,20.25,0,74.90644266614444,2.541330482784534,1.0,s4_narrow_passage_medium,M7,31,0.06,8.0
False,20.1,0.9956784677775763,0.26581688577100576,True,97.2750630528956,1432.4424461241451,0.012692467748647523,75.13663948484793,0.01026938390776558,0.260685381342793,0.006577602523641881,0.006577602523641881,138.6464155279963,0,0.0,True,True,True,False,True,False,False,True,True,True,False,2.539314618657207,False,False,27.35,26.150000000000002,27.35,22.6,40.0,19.950000000000003,0,75.0177510272155,2.54129648217016,1.0,s4_narrow_passage_medium,M7,32,0.06,8.0
False,20.35,0.9705975798606856,0.26526411257145605,True,97.39453317409186,1458.4480177274393,0.01373283395755306,75.23132684939293,0.010268997407822448,0.26068788999683695,0.006574190656304385,0.006574190656304385,139.04334001360434,0,0.0,True,True,True,False,True,False,False,True,True,True,False,2.539312110003163,False,False,26.700000000000003,25.900000000000002,26.700000000000003,22.8,40.0,19.700000000000003,0,74.90987975222225,2.541311339613682,1.0,s4_narrow_passage_medium,M7,33,0.06,8.0
False,20.05,1.0024503724273106,0.27177716204787233,True,96.84486495845941,1402.2718538242182,0.009779442363712027,74.39599736158691,0.012055917104672674,0.25664536152416645,0.004202229254002764,0.004202229254002764,138.20383579312318,0,0.0,True,True,True,False,True,False,False,True,True,True,False,2.5433546384758334,False,False,26.25,26.150000000000002,26.25,22.55,40.0,20.0,0,74.8994863498962,2.541332448877898,1.0,s4_narrow_passage_medium,M7,34,0.06,8.0
False,20.05,1.00839588361381,0.26571819196082375,True,98.19753593823071,1505.5001785288896,0.011444028297960882,73.21668171766805,0.010261677180634006,0.2606634232847326,0.006533270270485804,0.006533270270485804,139.69633002393772,0,0.0,True,True,True,False,True,False,False,True,True,True,False,2.539336576715267,False,False,26.450000000000003,26.05,26.450000000000003,22.5,40.0,20.0,0,74.93119869602637,2.5413301812468974,1.0,s4_narrow_passage_medium,M7,35,0.06,8.0
False,20.25,0.9771320142857796,0.26834592149328873,True,98.17747428355335,1486.5898549598865,0.015605493133583021,74.75847643363917,0.012053624612707571,0.2566573928602976,0.0042290880944604245,0.0042290880944604245,139.6229421037932,0,0.0,True,True,True,False,True,False,False,True,True,True,False,2.543342607139702,False,False,26.5,26.0,26.5,22.700000000000003,40.0,19.8,0,74.93946524151926,2.541325422290117,1.0,s4_narrow_passage_medium,M7,36,0.06,8.0
False,20.1,1.0076003297856222,0.26637022298108254,True,98.51203378064574,1500.3793654012434,0.009779442363712027,75.18677754005735,0.012057273645566685,0.25662456005598727,0.0041721412024649926,0.0041721412024649926,139.89640467140222,0,0.0,True,True,True,False,True,False,False,True,True,True,False,2.5433754399440125,False,False,25.900000000000002,25.8,25.900000000000002,22.55,40.0,19.950000000000003,0,74.92885747378813,2.5413306396578195,1.0,s4_narrow_passage_medium,M7,37,0.06,8.0
False,20.35,0.9926702731099322,0.26836626111979195,True,97.79116917444603,1501.6132776673185,0.016853932584269662,74.88380328865256,0.01205325428779601,0.25665868247574264,0.004232907503221564,0.004232907503221564,139.41008011052264,0,0.0,True,True,True,False,True,False,False,True,True,True,False,2.5433413175242574,False,False,26.3,25.950000000000003,26.3,22.75,40.0,19.700000000000003,0,74.9310741931152,2.5413250032945016,1.0,s4_narrow_passage_medium,M7,38,0.06,8.0
False,20.450000000000003,0.982430595827646,0.2676539532051209,True,98.33626442911137,1515.736795962222,0.018102372034956304,75.09652377055464,0.01205287212676083,0.2566598196072915,0.004237076582244433,0.004237076582244433,139.9143129776941,0,0.0,True,True,True,False,True,False,False,True,True,True,False,2.5433401803927085,False,False,26.5,26.05,26.5,22.85,40.0,19.6,0,74.94379442913274,2.5413219433844563,1.0,s4_narrow_passage_medium,M7,39,0.06,8.0
False,20.200000000000003,0.928886959729682,0.2678855677776617,True,97.63823588342439,1467.2961488711526,0.019350811485642945,74.4160645755052,0.010267332378670528,0.26067609245705076,0.006563658687469936,0.006563658687469936,139.11110853583014,0,0.0,True,True,True,False,True,False,False,True,True,True,False,2.5393239075429492,False,False,26.05,25.950000000000003,26.05,22.650000000000002,40.0,19.85,0,74.9466113682615,2.5413235040183992,1.0,s4_narrow_passage_medium,M7,10,0.06,10.0
False,20.3,0.9850802180570246,0.2486656197824381,True,96.7009469087796,1409.637994279735,0.0178942987931752,75.5344136362086,0.012053640427027173,0.2566417068218188,0.00421562897409334,0.00421562897409334,138.0095625991429,0,0.0,True,True,True,False,True,False,False,True,True,True,False,2.543358293178181,False,False,26.25,26.0,26.25,22.75,40.0,19.75,0,74.99948713482095,2.541285889240625,1.0,s4_narrow_passage_medium,M7,11,0.06,10.0
False,20.450000000000003,0.9736005382350605,0.26784347000111275,True,97.35433129762464,1478.2409064709975,0.02122347066167291,73.00366542749033,0.010261115738840015,0.260662328082135,0.006533498926435185,0.006533498926435185,138.94572737329133,0,0.0,True,True,True,False,True,False,False,True,True,True,False,2.5393376719178646,False,False,26.950000000000003,26.650000000000002,26.950000000000003,22.900000000000002,40.0,19.6,0,74.93575059166946,2.5412833451860353,1.0,s4_narrow_passage_medium,M7,12,0.06,10.0
False,20.150000000000002,0.9741020588409939,0.26836520794787455,True,98.1943568461097,1501.2978901112724,0.014565126924677487,73.7743776457694,0.0102635971110037,0.2606698259349553,0.006540907224349212,0.006540907224349212,139.5446901736072,0,0.0,True,True,True,False,True,False,False,True,True,True,False,2.5393301740650447,False,False,26.05,25.700000000000003,26.05,22.5,40.0,19.900000000000002,0,74.93379950187392,2.5413264720978366,1.0,s4_narrow_passage_medium,M7,13,0.06,10.0
False,19.55,1.0127019883996373,0.24838612764429308,True,99.01444187181707,1489.870455063349,0.00686641697877653,74.83431484891177,0.010269159188652002,0.2606794303912313,0.006577482878775833,0.006577482878775833,139.8025187368977,0,0.0,True,True,True,False,True,False,False,True,True,True,False,2.5393205696087686,False,False,25.55,25.3,25.55,22.0,40.0,20.5,0,74.89742224909594,2.5413322612873133,1.0,s4_narrow_passage_medium,M7,14,0.06,10.0
False,20.400000000000002,0.980423695819227,0.26737635061683485,True,98.21017575625808,1516.7147520164344,0.016645859342488557,75.09083232721561,0.012052863783306939,0.25665983347443894,0.00423703448480334,0.00423703448480334,139.9036068399423,0,0.0,True,True,True,False,True,False,False,True,True,True,False,2.543340166525561,False,False,26.5,26.400000000000002,26.5,22.85,40.0,19.650000000000002,0,74.94287778893397,2.541322334627306,1.0,s4_narrow_passage_medium,M7,15,0.06,10.0
False,20.1,0.9798284407365749,0.26736238302942045,True,98.14575911914751,1492.340566880298,0.015605493133583021,75.50868543519366,0.012056178057458539,0.2566169384744598,0.004172237969765003,0.004172237969765003,139.52287780773366,0,0.0,True,True,True,False,True,False,False,True,True,True,False,2.54338306152554,False,False,26.400000000000002,26.0,26.400000000000002,22.450000000000003,40.0,19.950000000000003,0,74.92378995885079,2.5413319679408612,1.0,s4_narrow_passage_medium,M7,16,0.06,10.0
False,20.25,0.9967990325506995,0.26935499708584765,True,97.65643396461499,1453.6707715634866,0.012692467748647523,74.31352423452441,0.010266656409909798,0.2606752074617124,0.006561244230130732,0.006561244230130732,139.2550468209835,0,0.0,True,True,True,False,True,False,False,True,True,True,False,2.5393247925382876,False,False,26.05,26.05,26.05,22.650000000000002,40.0,19.8,0,74.92241523584012,2.5412957360468873,1.0,s4_narrow_passage_medium,M7,17,0.06,10.0
False,20.55,0.9843514037894552,0.2648597094455359,True,97.95381498568167,1537.901531579961,0.020183104452767373,75.62176600587905,0.012053875917736651,0.2566181321369147,0.004191734983509747,0.004191734983509747,139.72362276093492,0,0.0,True,True,True,False,True,False,False,True,True,True,False,2.543381867863085,False,False,26.900000000000002,26.5,26.900000000000002,23.0,40.0,19.5,0,74.91632835552664,2.5413068716794305,1.0,s4_narrow_passage_medium,M7,18,0.06,10.0
False,20.25,0.9755164043905469,0.2658443470316594,True,97.71782245304576,1473.6185135946378,0.016645859342488557,74.89942429406389,0.010269435639626593,0.260679802565343,0.006578816228242412,0.006578816228242412,139.18038317636973,0,0.0,True,True,True,False,True,False,False,True,True,True,False,2.5393201974346566,False,False,25.900000000000002,25.900000000000002,25.900000000000002,22.700000000000003,40.0,19.8,0,74.94567197103342,2.5413202916708166,1.0,s4_narrow_passage_medium,M7,19,0.06,10.0
False,20.35,0.9943836527446452,0.26829183329309964,True,98.22862656790673,1512.8032159509835,0.01227632126508531,74.64066269470862,0.0120541639645099,0.25665545646721577,0.004224862659581314,0.004224862659581314,139.88836563878857,0,0.0,True,True,True,False,True,False,False,True,True,True,False,2.543344543532784,False,False,26.3,25.950000000000003,26.3,22.75,40.0,19.700000000000003,0,74.94247467762449,2.541326553405891,1.0,s4_narrow_passage_medium,M7,20,0.06,10.0
False,20.55,0.9585261095535806,0.26612730250052397,True,98.74130678495618,1520.8569848640345,0.020183104452767373,75.49802313767589,0.012053189253391995,0.25664799649279996,0.00422192948953348,0.00422192948953348,140.19103105868894,0,0.0,True,True,True,False,True,False,False,True,True,True,False,2.5433520035072,False,False,26.900000000000002,26.400000000000002,26.900000000000002,23.0,40.0,19.5,0,74.9410456906893,2.5412865105390763,1.0,s4_narrow_passage_medium,M7,21,0.06,10.0
False,20.1,0.977930277678005,0.26419503468949546,True,98.08336964465616,1484.1370169019808,0.01373283395755306,74.28642248531601,0.012055412412510916,0.2566483958088595,0.0042079720096395,0.0042079720096395,139.5363112069893,0,0.0,True,True,True,False,True,False,False,True,True,True,False,2.54335160419114,False,False,26.05,25.8,26.05,22.55,40.0,19.950000000000003,0,74.90669924512254,2.541323852354683,1.0,s4_narrow_passage_medium,M7,22,0.06,10.0
False,19.85,0.9871733082578367,0.2663106034947384,True,98.09026697263192,1476.495887125251,0.011652101539741989,75.23877377922346,0.01026900469885793,0.26068785476958456,0.006573960913202469,0.006573960913202469,139.30313543928648,0,0.0,True,True,True,False,True,False,False,True,True,True,False,2.539312145230415,False,False,25.85,25.3,25.85,22.3,40.0,20.200000000000003,0,74.94376453490065,2.5413351134815287,1.0,s4_narrow_passage_medium,M7,23,0.06,10.0
False,20.25,0.9820517646313174,0.27019231589369264,True,98.09096472528068,1500.1754868132768,0.013316687473990845,75.47650307388676,0.012053606780359003,0.25664932545049,0.0042233003236652146,0.0042233003236652146,139.6386623318632,0,0.0,True,True,True,False,True,False,False,True,True,True,False,2.54335067454951,False,False,26.450000000000003,26.05,26.450000000000003,22.75,40.0,19.8,0,74.91862108137315,2.5413021288666027,1.0,s4_narrow_passage_medium,M7,24,0.06,10.0
False,20.0,0.8317155568984245,0.2683436915763589,True,98.58542095772944,1481.9415270806508,0.019350811485642945,74.93203931223192,0.012057250889261817,0.2566323594931506,0.00417986013109359,0.00417986013109359,139.83996608176682,0,0.0,True,True,True,False,True,False,False,True,True,True,False,2.5433676405068493,False,False,26.400000000000002,25.6,26.400000000000002,22.450000000000003,40.0,20.05,0,74.92357729224882,2.5413254729960664,1.0,s4_narrow_passage_medium,M7,25,0.06,10.0
False,20.35,0.9714910604609595,0.2683474146614393,True,98.25050419212926,1516.8389489922115,0.020599250936329586,74.97223918409588,0.01205302785377955,0.25665937406629996,0.00423499182353791,0.00423499182353791,139.8304844033288,0,0.0,True,True,True,False,True,False,False,True,True,True,False,2.5433406259336997,False,False,26.3,26.150000000000002,26.3,22.75,40.0,19.700000000000003,0,74.9392406153138,2.541324593348395,1.0,s4_narrow_passage_medium,M7,26,0.06,10.0
False,19.700000000000003,1.0212097314939979,0.2693849950849297,True,97.80182930734316,1443.1732408463995,0.006034124011652101,75.34071061397837,0.01026667854450135,0.2606878350695064,0.006556886520012633,0.006556886520012633,138.80158826088837,0,0.0,True,True,True,False,True,False,False,True,True,True,False,2.5393121649304935,False,False,26.150000000000002,25.6,26.150000000000002,22.150000000000002,40.0,20.35,0,74.91734939055114,2.5413052123372655,1.0,s4_narrow_passage_medium,M7,27,0.06,10.0
False,20.150000000000002,0.9931583728741,0.2661234561783254,True,98.47839110053829,1500.0234264631808,0.011444028297960882,73.75443726144536,0.010263502808063507,0.26066929892521723,0.006540518652630547,0.006540518652630547,139.68960782391343,0,0.0,True,True,True,False,True,False,False,True,True,True,False,2.5393307010747828,False,False,25.8,25.8,25.8,22.55,40.0,19.900000000000002,0,74.94434249623554,2.541328920951314,1.0,s4_narrow_passage_medium,M7,28,0.06,10.0
False,20.400000000000002,0.977110914614139,0.2683339940621219,True,98.26245421901035,1496.7971582966115,0.01768622555139409,75.18421969586589,0.010269391920695772,0.2606867135549947,0.006577467347824874,0.006577467347824874,139.65975173477153,0,0.0,True,True,True,False,True,False,False,True,True,True,False,2.539313286445005,False,False,26.35,26.25,26.35,22.8,40.0,19.650000000000002,0,74.9560336083967,2.5413175015574696,1.0,s4_narrow_passage_medium,M7,29,0.06,10.0
False,19.8,0.9382715422423276,0.2662778557483271,True,97.64800510380519,1417.0233992108317,0.008739076154806492,75.00466692007699,0.012057177383660468,0.25663090021020013,0.00417804424150581,0.00417804424150581,138.61876941568045,0,0.0,True,True,True,False,True,False,False,True,True,True,False,2.5433690997897997,False,False,26.650000000000002,25.6,26.650000000000002,22.25,40.0,20.25,0,74.89934726693214,2.5413288825695086,1.0,s4_narrow_passage_medium,M7,30,0.06,10.0
False,19.8,0.9986469694445737,0.26814672612665263,True,98.01512860276104,1478.9877938411048,0.009779442363712027,75.5977954565519,0.012053419141758342,0.25662806132668303,0.004203243930805871,0.004203243930805871,139.11699821100913,0,0.0,True,True,True,False,True,False,False,True,True,True,False,2.543371938673317,False,False,26.0,25.5,26.0,22.200000000000003,40.0,20.25,0,74.90874677559279,2.5413282841938694,1.0,s4_narrow_passage_medium,M7,31,0.06,10.0
False,20.1,0.9964149657017043,0.2666243736383952,True,98.03569813843073,1497.5400032634848,0.012692467748647523,74.5457478086802,0.01205633527934804,0.25664217006655227,0.004195849763012675,0.004195849763012675,139.51396226196522,0,0.0,True,True,True,False,True,False,False,True,True,True,False,2.5433578299334476,False,False,25.900000000000002,25.900000000000002,25.900000000000002,22.6,40.0,19.950000000000003,0,74.92770624590518,2.5413260790582903,1.0,s4_narrow_passage_medium,M7,32,0.06,10.0
False,20.3,0.9704946425730909,0.2671171485022184,True,98.38540478154772,1510.003006612315,0.014148980441115273,74.59938937428201,0.010268328905980385,0.2606765127129105,0.006570505837565774,0.006570505837565774,139.89342805403692,0,0.0,True,True,True,False,True,False,False,True,True,True,False,2.5393234872870893,False,False,26.05,25.950000000000003,26.05,22.75,40.0,19.75,0,74.94361280847005,2.5413253305999186,1.0,s4_narrow_passage_medium,M7,33,0.06,10.0
False,20.05,1.0026122165381877,0.26745200048900913,True,97.99825090865079,1495.8326597287526,0.009987515605493134,75.11332291915029,0.01026946647691497,0.2606843630703116,0.006581379752159391,0.006581379752159391,139.41511255549364,0,0.0,True,True,True,False,True,False,False,True,True,True,False,2.5393156369296883,False,False,25.85,25.85,25.85,22.5,40.0,20.0,0,74.94883927081759,2.541290653493808,1.0,s4_narrow_passage_medium,M7,34,0.06,10.0
False,20.0,1.0077917834983625,0.2682729068349215,True,98.05233180625987,1503.3772322820682,0.011860174781523096,75.03613660264985,0.012057361744718076,0.2566294026718726,0.0041768783561817,0.0041768783561817,139.5660799632338,0,0.0,True,True,True,False,True,False,False,True,True,True,False,2.5433705973281273,False,False,26.1,25.650000000000002,26.1,22.5,40.0,20.05,0,74.93193342302214,2.54132809557405,1.0,s4_narrow_passage_medium,M7,35,0.06,10.0
False,20.3,0.9766814512418411,0.2651598607162875,True,97.92900486514333,1495.87178480623,0.016645859342488557,75.0052743955636,0.010269648805121372,0.26068115440181855,0.006580322784219393,0.006580322784219393,139.46689883868825,0,0.0,True,True,True,False,True,False,False,True,True,True,False,2.5393188455981814,False,False,26.05,25.950000000000003,26.05,22.75,40.0,19.75,0,74.93400355262685,2.5413200811989625,1.0,s4_narrow_passage_medium,M7,36,0.06,10.0
False,20.1,1.00767032015574,0.26603434081451605,True,98.55982635563714,1503.0263324925656,0.010819808572617561,75.32434612536457,0.012056955516336475,0.2566199941688157,0.004169396942998758,0.004169396942998758,139.89248609926,0,0.0,True,True,True,False,True,False,False,True,True,True,False,2.543380005831184,False,False,26.5,25.900000000000002,26.5,22.5,40.0,19.950000000000003,0,74.91143495952103,2.541331561057292,1.0,s4_narrow_passage_medium,M7,37,0.06,10.0
False,20.3,0.9926206893184342,0.26780467848276845,True,97.87617538825134,1505.5221874955078,0.016229712858926344,74.34615384764234,0.010266997032423534,0.26067548986425565,0.006561055082807493,0.006561055082807493,139.450486096828,0,0.0,True,True,True,False,True,False,False,True,True,True,False,2.539324510135744,False,False,26.650000000000002,26.05,26.650000000000002,22.700000000000003,40.0,19.75,0,74.96043141036468,2.541325870795642,1.0,s4_narrow_passage_medium,M7,38,0.06,10.0
False,20.400000000000002,0.982343358957871,0.26717116625217713,True,98.36744035826769,1516.0180050518343,0.017270079067831876,74.58010703205501,0.010268224229586424,0.2606764717810447,0.006569529782325904,0.006569529782325904,139.8966907060024,0,0.0,True,True,True,False,True,False,False,True,True,True,False,2.5393235282189552,False,False,26.75,26.35,26.75,22.8,40.0,19.650000000000002,0,74.93528222742155,2.5413237865222005,1.0,s4_narrow_passage_medium,M7,39,0.06,10.0
False,19.6,0.9626771383593724,0.25919831681103256,True,98.44327644220064,1484.6765920319922,0.019558884727424054,74.98044746184738,0.012053076306670435,0.25665903920684047,0.0042341345933787945,0.0042341345933787945,139.447199974871,0,0.0,True,True,True,False,True,False,False,True,True,True,False,2.5433409607931594,False,False,25.3,25.1,25.3,22.150000000000002,40.0,20.450000000000003,0,74.91633089029867,2.541317189421177,1.0,s4_narrow_passage_medium,M7,10,0.1,2.0
False,19.6,0.98368470426284,0.2695709251461962,True,97.76045439428493,1477.6805863963334,0.02122347066167291,75.60971025073596,0.012053182672752932,0.25662214281590284,0.004198225405275809,0.004198225405275809,138.82301622503218,0,0.0,True,True,True,False,True,False,False,True,True,True,False,2.543377857184097,False,False,25.6,25.5,25.6,22.150000000000002,40.0,20.450000000000003,0,74.92848392645901,2.541308241721295,1.0,s4_narrow_passage_medium,M7,11,0.1,2.0
False,19.650000000000002,0.9716815601178348,0.26886251828206315,True,97.75340367826794,1458.3323293212063,0.026425301706200582,74.93382133760804,0.010269438665919927,0.2606803579897938,0.006579136898424119,0.006579136898424119,138.76908545331446,0,0.0,True,True,True,False,True,False,False,True,True,True,False,2.539319642010206,False,False,25.55,25.450000000000003,25.55,22.200000000000003,40.0,20.400000000000002,0,74.91458087097816,2.5413309684894227,1.0,s4_narrow_passage_medium,M7,12,0.1,2.0
False,19.400000000000002,0.9723052926507607,0.25927790277868124,True,98.3906549638021,1493.5738575059036,0.016021639617145235,74.93566268737862,0.0120573020346421,0.25663209542029286,0.00417962660880385,0.00417962660880385,139.3191789959667,0,0.0,True,True,True,False,True,False,False,True,True,True,False,2.543367904579707,False,False,25.0,24.900000000000002,25.0,21.950000000000003,40.0,20.650000000000002,0,74.89898480751101,2.5413199968697193,1.0,s4_narrow_passage_medium,M7,13,0.1,2.0
False,18.85,0.9804793438122286,0.2660830552415394,True,98.94656038274687,1431.5294241801128,0.009987515605493134,75.46396171319918,0.012053286794348436,0.25665129499142675,0.004224908440280573,0.004224908440280573,139.31884871999353,0,0.0,True,True,True,False,True,False,False,True,True,True,False,2.5433487050085732,False,False,24.700000000000003,24.700000000000003,24.700000000000003,21.450000000000003,40.0,21.200000000000003,0,74.80715810482356,2.5413378287280493,1.0,s4_narrow_passage_medium,M7,14,0.1,2.0
False,19.6,0.9787326473646283,0.2589782148341203,True,98.40580109508265,1495.3385026577648,0.023512276321265086,74.53841235137656,0.010267980312718762,0.26067650174340923,0.0065672741181668,0.0065672741181668,139.57878342149985,0,0.0,True,True,True,False,True,False,False,True,True,True,False,2.5393234982565906,False,False,25.450000000000003,25.150000000000002,25.450000000000003,22.200000000000003,40.0,20.450000000000003,0,74.91629286931358,2.541317518366222,1.0,s4_narrow_passage_medium,M7,15,0.1,2.0
False,19.450000000000003,0.979891718536382,0.2662722144577613,True,98.42648282667732,1465.5296461300252,0.01768622555139409,74.65759291220205,0.01026848736226016,0.2606772065230984,0.0065721319799340785,0.0065721319799340785,139.3198297830428,0,0.0,True,True,True,False,True,False,False,True,True,True,False,2.5393227934769014,False,False,25.55,25.3,25.55,22.0,40.0,20.6,0,74.88954242473011,2.5413298760106215,1.0,s4_narrow_passage_medium,M7,16,0.1,2.0
False,19.35,0.9962251715327299,0.25959047614688124,True,98.46943265401735,1464.8624057006477,0.01768622555139409,74.50818357137175,0.012054665344344925,0.2566526929171029,0.004217916654567922,0.004217916654567922,139.40508857021263,0,0.0,True,True,True,False,True,False,False,True,True,True,False,2.5433473070828967,False,False,25.1,24.900000000000002,25.1,21.950000000000003,40.0,20.700000000000003,0,74.91469708358007,2.5413181090953194,1.0,s4_narrow_passage_medium,M7,17,0.1,2.0
False,19.700000000000003,0.981961673264925,0.26823417949238626,True,98.29178784218313,1487.2990667202178,0.023512276321265086,75.2422721364056,0.010268948506008707,0.2606880382694467,0.006573720253634781,0.006573720253634781,139.38884084323024,0,0.0,True,True,True,False,True,False,False,True,True,True,False,2.539311961730553,False,False,25.8,25.3,25.8,22.25,40.0,20.35,0,74.93163076541612,2.5413303533395237,1.0,s4_narrow_passage_medium,M7,18,0.1,2.0
False,19.5,0.975644437072501,0.2592344656621105,True,98.23898708376555,1464.3413481190248,0.019975031210986267,74.26389652579475,0.010266482997385784,0.2606752932693922,0.006557124345832529,0.006557124345832529,139.16330780377402,0,0.0,True,True,True,False,True,False,False,True,True,True,False,2.5393247067306075,False,False,25.400000000000002,25.05,25.400000000000002,22.05,40.0,20.55,0,74.92106113292826,2.5413180482063664,1.0,s4_narrow_passage_medium,M7,19,0.1,2.0
False,19.5,0.9929996185636372,0.25797652517410125,True,98.43597789555108,1489.2231165846797,0.016645859342488557,74.48365142585736,0.010267670807296346,0.2606763947452992,0.006565468809202608,0.006565468809202608,139.52772224347336,0,0.0,True,True,True,False,True,False,False,True,True,True,False,2.5393236052547006,False,False,25.150000000000002,25.05,25.150000000000002,22.1,40.0,20.55,0,74.92574882928614,2.541317227776097,1.0,s4_narrow_passage_medium,M7,20,0.1,2.0
False,19.75,0.9594271515444366,0.26527900363536505,True,98.76102487112509,1473.4931119998737,0.018518518518518517,75.0358243584067,0.010269584904784159,0.2606820431817321,0.006579818090173272,0.006579818090173272,139.5929103509733,0,0.0,True,True,True,False,True,False,False,True,True,True,False,2.5393179568182678,False,False,25.900000000000002,25.3,25.900000000000002,22.3,40.0,20.3,0,74.91085336254119,2.5413353918323915,1.0,s4_narrow_passage_medium,M7,21,0.1,2.0
False,19.35,0.9767533984616048,0.2685661021098113,True,98.12566541236775,1440.5616951932748,0.015397419891801914,75.32332720242479,0.012057004746967649,0.25661982098404357,0.0041696588478499965,0.0041696588478499965,139.03635361076002,0,0.0,True,True,True,False,True,False,False,True,True,True,False,2.5433801790159563,False,False,25.35,25.25,25.35,21.900000000000002,40.0,20.700000000000003,0,74.81843915236516,2.5413292726476846,1.0,s4_narrow_passage_medium,M7,22,0.1,2.0
False,18.75,0.8679307183526082,0.25062373482870837,True,97.07352838793884,1288.6538512443024,0.020183104452767373,75.62154901916635,0.01205420016779273,0.25661763079061684,0.004187796103680494,0.004187796103680494,136.87255356891907,0,0.0,True,True,True,False,True,False,False,True,True,True,False,2.543382369209383,False,False,25.5,24.8,25.5,21.3,40.0,21.3,0,74.81238845356404,2.541334697844882,1.0,s4_narrow_passage_medium,M7,23,0.1,2.0
False,19.35,0.8977280345053591,0.26884521387555355,True,97.94200599531604,1437.251152637408,0.018310445276737412,73.38783751719171,0.010261893851705008,0.2606651654407755,0.006534593990993431,0.006534593990993431,138.83171119418273,0,0.0,True,True,True,False,True,False,False,True,True,True,False,2.539334834559224,False,False,25.25,25.150000000000002,25.25,21.900000000000002,40.0,20.700000000000003,0,74.80967287949892,2.5413321290684916,1.0,s4_narrow_passage_medium,M7,24,0.1,2.0
False,19.5,0.9747495762523986,0.2589977415546395,True,98.68451092468777,1496.8771635244607,0.01914273824386184,74.33503546061006,0.010266859197618312,0.26067579453961354,0.006559801458919497,0.006559801458919497,139.6985873291332,0,0.0,True,True,True,False,True,False,False,True,True,True,False,2.539324205460386,False,False,25.35,25.05,25.35,22.1,40.0,20.55,0,74.93397583666035,2.5413179974817113,1.0,s4_narrow_passage_medium,M7,25,0.1,2.0
False,19.5,0.9693569345869266,0.2681471188687113,True,98.09772609736336,1464.9687278580473,0.020599250936329586,74.64628154542697,0.010268428540494937,0.260677139160208,0.006571744848415298,0.006571744848415298,139.17114761030794,0,0.0,True,True,True,False,True,False,False,True,True,True,False,2.5393228608397918,False,False,25.35,25.150000000000002,25.35,22.05,40.0,20.55,0,74.88574549102765,2.5413293206287326,1.0,s4_narrow_passage_medium,M7,26,0.1,2.0
False,19.150000000000002,1.0212654119717575,0.259837839456763,True,98.49222724519737,1477.4175479823275,0.010403662089055347,75.1421446819933,0.012057476580441715,0.2566255659913847,0.004173052291248845,0.004173052291248845,139.26570183007584,0,0.0,True,True,True,False,True,False,False,True,True,True,False,2.5433744340086153,False,False,25.0,24.700000000000003,25.0,21.75,40.0,20.900000000000002,0,74.92709912958544,2.5413150178555624,1.0,s4_narrow_passage_medium,M7,27,0.1,2.0
False,19.5,0.9915883326879456,0.2681152687001313,True,98.33177095545892,1462.7173148773727,0.016645859342488557,74.51469472207852,0.012054654568778913,0.25665282504704634,0.004218957246516486,0.004218957246516486,139.20812765804888,0,0.0,True,True,True,False,True,False,False,True,True,True,False,2.5433471749529533,False,False,25.400000000000002,25.1,25.400000000000002,22.05,40.0,20.55,0,74.87317875605392,2.541327352320673,1.0,s4_narrow_passage_medium,M7,28,0.1,2.0
False,19.650000000000002,0.9752864693211374,0.2659933953232257,True,98.45766017216444,1465.649322833032,0.018310445276737412,75.2835164549937,0.010268451163362823,0.26068945736887333,0.006569816947448806,0.006569816947448806,139.31890588466467,0,0.0,True,True,True,False,True,False,False,True,True,True,False,2.5393105426311267,False,False,26.05,25.55,26.05,22.200000000000003,40.0,20.400000000000002,0,74.92236387460706,2.5413306129531223,1.0,s4_narrow_passage_medium,M7,29,0.1,2.0
False,19.35,0.9939421995001652,0.2679844154102018,True,98.80935031425385,1467.641095098143,0.014148980441115273,73.41106567513161,0.01026195654309964,0.2606653361032268,0.006534567837049868,0.006534567837049868,139.48306180125888,0,0.0,True,True,True,False,True,False,False,True,True,True,False,2.539334663896773,False,False,25.150000000000002,24.950000000000003,25.150000000000002,21.900000000000002,40.0,20.700000000000003,0,74.8202584660837,2.5413349222856043,1.0,s4_narrow_passage_medium,M7,30,0.1,2.0
False,19.150000000000002,0.9972746213654331,0.2678705064481769,True,98.52022438393135,1468.7617730996276,0.011444028297960882,75.33566025850439,0.010267115470253756,0.260692591707746,0.006558557113565819,0.006558557113565819,139.1349452877491,0,0.0,True,True,True,False,True,False,False,True,True,True,False,2.5393074082922538,False,False,25.450000000000003,24.75,25.450000000000003,21.700000000000003,40.0,20.900000000000002,0,74.82408266232585,2.541339461307299,1.0,s4_narrow_passage_medium,M7,31,0.1,2.0
False,19.400000000000002,0.9951605922304962,0.26825333659557643,True,98.52151576869672,1468.0918623408888,0.019350811485642945,74.26248043402877,0.012055596794795767,0.2566474414230972,0.004206602959646911,0.004206602959646911,139.4933120263688,0,0.0,True,True,True,False,True,False,False,True,True,True,False,2.5433525585769026,False,False,25.55,25.05,25.55,22.0,40.0,20.650000000000002,0,74.87178217059088,2.5413279620239773,1.0,s4_narrow_passage_medium,M7,32,0.1,2.0
False,19.55,0.9694566055989478,0.269338558408477,True,98.271123329891,1462.8489990795053,0.018518518518518517,75.344078651465,0.010266067251423311,0.2606833553514832,0.00655336485026506,0.00655336485026506,139.29793867338782,0,0.0,True,True,True,False,True,False,False,True,True,True,False,2.5393166446485167,False,False,25.450000000000003,25.25,25.450000000000003,22.150000000000002,40.0,20.5,0,74.97002254751857,2.541294185542317,1.0,s4_narrow_passage_medium,M7,33,0.1,2.0
False,19.35,1.0017906729241173,0.26093606121548474,True,98.61747874305237,1491.1567456371731,0.014565126924677487,74.19920333856174,0.010266016739606396,0.26067522556281103,0.0065540866250239395,0.0065540866250239395,139.49263300778605,0,0.0,True,True,True,False,True,False,False,True,True,True,False,2.5393247744371887,False,False,25.25,24.900000000000002,25.25,21.900000000000002,40.0,20.700000000000003,0,74.92259995489022,2.5413159863921972,1.0,s4_narrow_passage_medium,M7,34,0.1,2.0
False,19.3,1.0060028573415056,0.2521678115230388,True,96.69683574951071,1343.8637791805675,0.016853932584269662,75.52315632732741,0.012056000699243162,0.2566168684353359,0.004173426508874031,0.004173426508874031,137.38978990701378,0,0.0,True,True,True,False,True,False,False,True,True,True,False,2.543383131564664,False,False,26.1,25.400000000000002,26.1,21.900000000000002,40.0,20.75,0,74.7783028583208,2.5413409120324895,1.0,s4_narrow_passage_medium,M7,35,0.1,2.0
False,19.6,0.977106828282235,0.26623393673832935,True,98.52683376003183,1468.012705057537,0.015397419891801914,75.30339173265547,0.0120527994064007,0.25665714740132306,0.004234330321402368,0.004234330321402368,139.47614568901403,0,0.0,True,True,True,False,True,False,False,True,True,True,False,2.543342852598677,False,False,26.0,25.6,26.0,22.150000000000002,40.0,20.450000000000003,0,74.90886867798898,2.5413282560797152,1.0,s4_narrow_passage_medium,M7,36,0.1,2.0
False,19.400000000000002,1.0057631261642845,0.26892249542962227,True,98.14899106497028,1447.5500994144097,0.017270079067831876,74.04190909710414,0.010265137385538503,0.26067369113982686,0.006549215191252778,0.006549215191252778,139.13201215395895,0,0.0,True,True,True,False,True,False,False,True,True,True,False,2.539326308860173,False,False,25.450000000000003,25.35,25.450000000000003,22.0,40.0,20.650000000000002,0,74.85491215304573,2.541330516153423,1.0,s4_narrow_passage_medium,M7,37,0.1,2.0
False,19.55,0.9897925274164276,0.26821671088312704,True,98.03507287199426,1478.253468523191,0.020599250936329586,74.7760964278348,0.012053682478301955,0.2566571678427336,0.0042294182060219005,0.0042294182060219005,139.10000460308316,0,0.0,True,True,True,False,True,False,False,True,True,True,False,2.543342832157266,False,False,25.900000000000002,25.25,25.900000000000002,22.1,40.0,20.5,0,74.90210504712779,2.5413283637788844,1.0,s4_narrow_passage_medium,M7,38,0.1,2.0
False,19.6,0.9836779849616037,0.26507618284965895,True,98.9316254273522,1483.2264769494366,0.02039117769454848,75.10418260296558,0.010269533751827431,0.2606839778481608,0.006579049148523431,0.006579049148523431,139.73660941481583,0,0.0,True,True,True,False,True,False,False,True,True,True,False,2.539316022151839,False,False,26.05,25.75,26.05,22.150000000000002,40.0,20.450000000000003,0,74.91701164169518,2.5413315315243206,1.0,s4_narrow_passage_medium,M7,39,0.1,2.0
False,20.200000000000003,0.9643903288253377,0.26857681990172855,True,98.10620106994978,1478.9814277198366,0.01643778610070745,75.03635731107889,0.01205289284495697,0.2566596907789219,0.004235943830096824,0.004235943830096824,139.52344554004048,0,0.0,True,True,True,False,True,False,False,True,True,True,False,2.543340309221078,False,False,26.400000000000002,26.0,26.400000000000002,22.650000000000002,40.0,19.85,0,74.93013892966103,2.541322890780006,1.0,s4_narrow_passage_medium,M7,10,0.1,4.0
False,20.200000000000003,0.9853349746523599,0.26757625815936886,True,97.92164053903969,1505.7674328230662,0.017478152309612985,74.47772081217796,0.012054679503674776,0.256652498602796,0.004217300356050735,0.004217300356050735,139.37126434335698,0,0.0,True,True,True,False,True,False,False,True,True,True,False,2.543347501397204,False,False,26.5,26.1,26.5,22.650000000000002,40.0,19.85,0,74.93264190583992,2.541326290958819,1.0,s4_narrow_passage_medium,M7,11,0.1,4.0
False,20.3,0.9729239299953012,0.2697794781723222,True,97.60920820006632,1500.2901722278928,0.022055763628797336,72.94039543775393,0.010261347770765919,0.2606618248509112,0.0065326078193764245,0.0065326078193764245,139.18522577790498,0,0.0,True,True,True,False,True,False,False,True,True,True,False,2.5393381751490884,False,False,26.450000000000003,26.05,26.450000000000003,22.8,40.0,19.75,0,74.88879825909886,2.54127684806127,1.0,s4_narrow_passage_medium,M7,12,0.1,4.0
False,20.0,0.9744727545165481,0.26804731470137094,True,98.14038758239788,1492.159368457585,0.013316687473990845,73.65141224901956,0.010262868138846864,0.2606669919490316,0.006537612788813883,0.006537612788813883,139.44677147553458,0,0.0,True,True,True,False,True,False,False,True,True,True,False,2.5393330080509684,False,False,26.1,25.650000000000002,26.1,22.450000000000003,40.0,20.05,0,74.91900856992088,2.541325332028555,1.0,s4_narrow_passage_medium,M7,13,0.1,4.0
False,19.450000000000003,1.0124137387693926,0.265908339882332,True,98.67059633550244,1465.3532007017175,0.008322929671244279,74.32546091680605,0.012055328006560484,0.25664905923081976,0.004210144532344597,0.004210144532344597,139.52146154473297,0,0.0,True,True,True,False,True,False,False,True,True,True,False,2.54335094076918,False,False,25.8,25.3,25.8,21.950000000000003,40.0,20.6,0,74.87427425600885,2.541331207665798,1.0,s4_narrow_passage_medium,M7,14,0.1,4.0
False,20.200000000000003,0.9807144873549254,0.2653220428068507,True,98.00265502595863,1507.7785292407082,0.020599250936329586,73.65525441196067,0.010262923592578832,0.26066710608562693,0.00653754814624874,0.00653754814624874,139.6888791401224,0,0.0,True,True,True,False,True,False,False,True,True,True,False,2.5393328939143727,False,False,26.35,25.75,26.35,22.700000000000003,40.0,19.85,0,74.90967665410541,2.5413196469220543,1.0,s4_narrow_passage_medium,M7,15,0.1,4.0
False,19.950000000000003,0.9799007025682773,0.2678512966461021,True,98.03375979075406,1479.1314191565998,0.016645859342488557,73.35759457571412,0.010261887944119282,0.26066491279466236,0.006534050060192333,0.006534050060192333,139.3776591597412,0,0.0,True,True,True,False,True,False,False,True,True,True,False,2.5393350872053375,False,False,25.75,25.650000000000002,25.75,22.450000000000003,40.0,20.1,0,74.92826162948077,2.5413271039308047,1.0,s4_narrow_passage_medium,M7,16,0.1,4.0
False,19.950000000000003,0.9974294247742013,0.2691429202724461,True,97.68726205628415,1451.521747733961,0.013940907199334166,75.5915655799139,0.012054941702276974,0.25661713864945024,0.004179766876906813,0.004179766876906813,139.07282783391048,0,0.0,True,True,True,False,True,False,False,True,True,True,False,2.5433828613505494,False,False,25.8,25.700000000000003,25.8,22.400000000000002,40.0,20.1,0,74.90802584931704,2.5413048040315642,1.0,s4_narrow_passage_medium,M7,17,0.1,4.0
False,20.3,0.9841929493401167,0.2691947665815708,True,97.88148294878266,1508.650350092842,0.02267998335414066,74.37295092765271,0.01026714290886778,0.26067523076209426,0.006564022910960348,0.006564022910960348,139.48531694454044,0,0.0,True,True,True,False,True,False,False,True,True,True,False,2.5393247692379055,False,False,26.75,26.05,26.75,22.8,40.0,19.75,0,74.9109359622849,2.5412923409803465,1.0,s4_narrow_passage_medium,M7,18,0.1,4.0
False,20.150000000000002,0.9757833058014309,0.26915985278627186,True,97.63951038459626,1462.810936331945,0.018726591760299626,74.45131474066405,0.012056007016169391,0.25664463254631614,0.004201514310345229,0.004201514310345229,139.0473589212453,0,0.0,True,True,True,False,True,False,False,True,True,True,False,2.5433553674536835,False,False,26.1,26.0,26.1,22.6,40.0,19.900000000000002,0,74.91469018190972,2.5413000612411203,1.0,s4_narrow_passage_medium,M7,19,0.1,4.0
False,20.1,0.9944396600119594,0.2657072962013096,True,97.91090202706225,1493.0575458638905,0.014565126924677487,75.30140426938995,0.010262430072896015,0.26065878073320176,0.006542590850119904,0.006542590850119904,139.54874934623507,0,0.0,True,True,True,False,True,False,False,True,True,True,False,2.539341219266798,False,False,25.75,25.650000000000002,25.75,22.6,40.0,19.950000000000003,0,74.92331300057616,2.541324377039894,1.0,s4_narrow_passage_medium,M7,20,0.1,4.0
False,20.35,0.9591011641724669,0.26731190728545257,True,98.61789174708184,1505.5092194654721,0.018310445276737412,75.23478871679418,0.012052618604100477,0.2566589390061184,0.004236369602446854,0.004236369602446854,140.00505679782478,0,0.0,True,True,True,False,True,False,False,True,True,True,False,2.5433410609938814,False,False,26.3,26.05,26.3,22.85,40.0,19.700000000000003,0,74.92841237160933,2.541323765086985,1.0,s4_narrow_passage_medium,M7,21,0.1,4.0
False,19.900000000000002,0.976501304943248,0.2665148706646602,True,97.86273010659374,1446.6842568034863,0.013316687473990845,73.60084441954405,0.010261774229385354,0.26065961610252053,0.006536911193643668,0.006536911193643668,139.13446015985642,0,0.0,True,True,True,False,True,False,False,True,True,True,False,2.5393403838974793,False,False,25.700000000000003,25.700000000000003,25.700000000000003,22.400000000000002,40.0,20.150000000000002,0,74.91617823510524,2.5413264702522507,1.0,s4_narrow_passage_medium,M7,22,0.1,4.0
False,19.75,0.9865707968859716,0.26525867472822784,True,96.69354572988343,1375.1565188202474,0.013108614232209739,75.3411126133362,0.010264673666344978,0.26067799435741235,0.006550553276134817,0.006550553276134817,137.71629373819678,0,0.0,True,True,True,False,True,False,False,True,True,True,False,2.5393220056425876,False,False,26.5,25.75,26.5,22.25,40.0,20.3,0,74.97045090771819,2.541316862116243,1.0,s4_narrow_passage_medium,M7,23,0.1,4.0
False,20.05,0.9819062404783432,0.2627397363880629,True,96.65565476581666,1396.3085371884736,0.016021639617145235,75.24126861245685,0.012052690191955338,0.25665829816325997,0.004234988164752302,0.004234988164752302,137.86961997285806,0,0.0,True,True,True,False,True,False,False,True,True,True,False,2.5433417018367397,False,False,26.85,26.150000000000002,26.85,22.6,40.0,20.0,0,74.90732819894114,2.541332278083413,1.0,s4_narrow_passage_medium,M7,24,0.1,4.0
False,20.150000000000002,0.9755196707551244,0.2671428607754115,True,98.48846144909265,1518.2312994591075,0.01581356637536413,74.54165084406644,0.012056322632010322,0.2566422748437898,0.004196109163913647,0.004196109163913647,140.01623607799877,0,0.0,True,True,True,False,True,False,False,True,True,True,False,2.54335772515621,False,False,26.5,26.1,26.5,22.650000000000002,40.0,19.900000000000002,0,74.94110424726868,2.541328875463051,1.0,s4_narrow_passage_medium,M7,25,0.1,4.0
False,20.150000000000002,0.9709343948263436,0.2678691852824625,True,98.13328337221671,1498.944713669676,0.019558884727424054,74.21890711222102,0.010266245745053406,0.26067492788810515,0.006555574837084879,0.006555574837084879,139.66224298675974,0,0.0,True,True,True,False,True,False,False,True,True,True,False,2.5393250721118945,False,False,26.450000000000003,25.85,26.450000000000003,22.650000000000002,40.0,19.900000000000002,0,74.93759748200546,2.541324771122546,1.0,s4_narrow_passage_medium,M7,26,0.1,4.0
False,19.6,1.021540881139744,0.2646332418306494,True,98.0234421929593,1473.0283856893768,0.008114856429463172,74.90987331709138,0.012057260342269742,0.2566327893425759,0.004181080829141954,0.004181080829141954,139.1693870332352,0,0.0,True,True,True,False,True,False,False,True,True,True,False,2.543367210657424,False,False,25.900000000000002,25.400000000000002,25.900000000000002,22.150000000000002,40.0,20.450000000000003,0,74.8369530228856,2.541324171598964,1.0,s4_narrow_passage_medium,M7,27,0.1,4.0
False,20.0,0.9925868640737943,0.26622318261158384,True,98.3736486858271,1493.5247328966798,0.013108614232209739,73.33621588276777,0.010261912086313664,0.2606645417080751,0.006533936991766646,0.006533936991766646,139.58631703407445,0,0.0,True,True,True,False,True,False,False,True,True,True,False,2.5393354582919248,False,False,26.450000000000003,25.950000000000003,26.450000000000003,22.5,40.0,20.05,0,74.94136859139252,2.5413291632763593,1.0,s4_narrow_passage_medium,M7,28,0.1,4.0
False,20.3,0.9768623135915198,0.26906149322142053,True,97.77396950249792,1481.352040831874,0.01893466500208073,74.61541559563136,0.012053974782086155,0.2566561357886714,0.004225894504580322,0.004225894504580322,139.22512798048783,0,0.0,True,True,True,False,True,False,False,True,True,True,False,2.5433438642113284,False,False,26.700000000000003,26.0,26.700000000000003,22.75,40.0,19.75,0,74.9381567804699,2.5412898879499006,1.0,s4_narrow_passage_medium,M7,29,0.1,4.0
False,19.85,0.994974814007233,0.2672531812826131,True,97.65544531584266,1445.0306427565463,0.012068248023304202,75.33238035874972,0.010267281835129082,0.26069229827130774,0.006559726622378164,0.006559726622378164,138.8661593061298,0,0.0,True,True,True,False,True,False,False,True,True,True,False,2.539307701728692,False,False,25.900000000000002,25.8,25.900000000000002,22.400000000000002,40.0,20.200000000000003,0,74.90744392085679,2.541341837270464,1.0,s4_narrow_passage_medium,M7,30,0.1,4.0
False,19.700000000000003,0.9971182906162308,0.26472799289847604,True,97.96749836509447,1483.0630406217253,0.010403662089055347,74.00362627235192,0.01026487486841273,0.2606733719056657,0.00654810245602865,0.00654810245602865,139.14751499391272,0,0.0,True,True,True,False,True,False,False,True,True,True,False,2.5393266280943343,False,False,25.950000000000003,25.450000000000003,25.950000000000003,22.200000000000003,40.0,20.35,0,74.84606973789224,2.5413266898273603,1.0,s4_narrow_passage_medium,M7,31,0.1,4.0
False,19.950000000000003,0.9958294677265915,0.27052193868688684,True,97.8761063595484,1483.4930720033021,0.015605493133583021,74.61272182393296,0.0120583334192986,0.2566338769293564,0.004188162841662597,0.004188162841662597,139.36183291524668,0,0.0,True,True,True,False,True,False,False,True,True,True,False,2.5433661230706432,False,False,25.85,25.75,25.85,22.5,40.0,20.1,0,74.88802004998415,2.541249791352549,1.0,s4_narrow_passage_medium,M7,32,0.1,4.0
False,20.150000000000002,0.9698938819146472,0.2670021112905259,True,97.50354483594423,1455.9515957598624,0.016229712858926344,75.56268540988006,0.012055660760703529,0.2566160199851764,0.004175552137740484,0.004175552137740484,138.98615958522362,0,0.0,True,True,True,False,True,False,False,True,True,True,False,2.5433839800148235,False,False,26.200000000000003,26.05,26.200000000000003,22.700000000000003,40.0,19.900000000000002,0,74.94836280530072,2.541301000367701,1.0,s4_narrow_passage_medium,M7,33,0.1,4.0
False,19.900000000000002,1.0022211679378639,0.2704257493228546,True,97.77806298925216,1483.4238474546246,0.012692467748647523,74.89673704270317,0.010269051517042478,0.2606807469493541,0.0065790094923798585,0.0065790094923798585,139.21287245561817,0,0.0,True,True,True,False,True,False,False,True,True,True,False,2.5393192530506457,False,False,25.8,25.700000000000003,25.8,22.450000000000003,40.0,20.150000000000002,0,74.90798770900804,2.541298040050305,1.0,s4_narrow_passage_medium,M7,34,0.1,4.0
False,19.85,1.0077308611575189,0.2664317374166887,True,98.24060852014347,1497.6591747418856,0.013940907199334166,75.3112179341306,0.010262890377805268,0.2606624457927342,0.006544021104490776,0.006544021104490776,139.6698381466117,0,0.0,True,True,True,False,True,False,False,True,True,True,False,2.5393375542072656,False,False,26.35,25.85,26.35,22.35,40.0,20.200000000000003,0,74.91520282428182,2.5413307500960105,1.0,s4_narrow_passage_medium,M7,35,0.1,4.0
False,20.200000000000003,0.9768276760516026,0.2703609984575049,True,97.80459345553888,1486.2060727861158,0.017270079067831876,75.49615203921832,0.012053666163582588,0.25664687273437403,0.004220794565062646,0.004220794565062646,139.36192544034174,0,0.0,True,True,True,False,True,False,False,True,True,True,False,2.543353127265626,False,False,26.150000000000002,26.05,26.150000000000002,22.700000000000003,40.0,19.85,0,74.89484222296825,2.541302057540846,1.0,s4_narrow_passage_medium,M7,36,0.1,4.0
False,19.950000000000003,1.0072029528617137,0.2707056710193529,True,97.89221289267363,1470.5139108153967,0.014148980441115273,75.31391058701679,0.010266976990650592,0.26069125773891655,0.006547259732507901,0.006547259732507901,139.33104145559724,0,0.0,True,True,True,False,True,False,False,True,True,True,False,2.5393087422610834,False,False,25.85,25.85,25.85,22.5,40.0,20.1,0,74.88616324804123,2.5412302206987762,1.0,s4_narrow_passage_medium,M7,37,0.1,4.0
False,20.1,0.9924154172431898,0.26744181005444984,True,97.90187182571441,1495.1019578462488,0.01768622555139409,74.13333146163968,0.01026577609785229,0.260674216628791,0.006552654381298785,0.006552654381298785,139.35308104493922,0,0.0,True,True,True,False,True,False,False,True,True,True,False,2.5393257833712086,False,False,26.05,25.8,26.05,22.6,40.0,19.950000000000003,0,74.9345555364955,2.5413257235632365,1.0,s4_narrow_passage_medium,M7,38,0.1,4.0
False,20.200000000000003,0.9828531798024629,0.2666564138460638,True,98.28658602015926,1500.0584335505669,0.019558884727424054,74.42749472885819,0.010267401780308124,0.26067606604950566,0.006564265178001742,0.006564265178001742,139.72860630935946,0,0.0,True,True,True,False,True,False,False,True,True,True,False,2.5393239339504943,False,False,26.55,26.150000000000002,26.55,22.700000000000003,40.0,19.85,0,74.95607839256878,2.541325477270384,1.0,s4_narrow_passage_medium,M7,39,0.1,4.0
False,20.200000000000003,0.9631678915845516,0.26686441406833805,True,97.64357306147866,1474.6440671533437,0.017478152309612985,74.42528742867093,0.010267373764031813,0.2606761433674601,0.006563916509950559,0.006563916509950559,139.13548777107724,0,0.0,True,True,True,False,True,False,False,True,True,True,False,2.5393238566325396,False,False,26.25,26.0,26.25,22.650000000000002,40.0,19.85,0,74.94533459611299,2.5413222945975615,1.0,s4_narrow_passage_medium,M7,10,0.1,6.0
False,20.200000000000003,0.9834048110107785,0.26678103741787934,True,97.85248706880304,1505.9710815344747,0.019350811485642945,74.80514178333623,0.010269157043908059,0.2606786709582041,0.006576404429250624,0.006576404429250624,139.28503232003132,0,0.0,True,True,True,False,True,False,False,True,True,True,False,2.5393213290417957,False,False,26.450000000000003,26.200000000000003,26.450000000000003,22.700000000000003,40.0,19.85,0,74.94378382675367,2.5413194811710613,1.0,s4_narrow_passage_medium,M7,11,0.1,6.0
False,20.3,0.973632824152858,0.26891738474807364,True,97.58905427530443,1504.1891745994374,0.023512276321265086,74.59772907024731,0.012054236084021688,0.25665491234828625,0.004223101176377073,0.004223101176377073,139.21373637366776,0,0.0,True,True,True,False,True,False,False,True,True,True,False,2.5433450876517134,False,False,26.8,26.0,26.8,22.85,40.0,19.75,0,74.93520382769123,2.541325512599846,1.0,s4_narrow_passage_medium,M7,12,0.1,6.0
False,20.0,0.9737534660356435,0.26870592900300927,True,97.8821620643423,1495.7833316130996,0.01435705368289638,75.20323481598913,0.012052724700695974,0.2566587437765067,0.004235317508053884,0.004235317508053884,139.26286360172963,0,0.0,True,True,True,False,True,False,False,True,True,True,False,2.543341256223493,False,False,26.0,25.900000000000002,26.0,22.450000000000003,40.0,20.05,0,74.94154555099738,2.5413136151797584,1.0,s4_narrow_passage_medium,M7,13,0.1,6.0
False,19.450000000000003,1.0130009026896982,0.2564681640934939,True,98.46270123956174,1461.840803317009,0.008531002913025386,75.48085707184673,0.012056539055481786,0.25661682773480515,0.004171041708736212,0.004171041708736212,139.3937120353357,0,0.0,True,True,True,False,True,False,False,True,True,True,False,2.5433831722651945,False,False,25.3,25.200000000000003,25.3,21.950000000000003,40.0,20.6,0,74.93131732275475,2.5413118162304373,1.0,s4_narrow_passage_medium,M7,14,0.1,6.0
False,20.25,0.9807167469952549,0.2654424766189655,True,98.04916031618038,1500.8761643201292,0.02039117769454848,75.30806009860935,0.010262685063595775,0.26066098443818586,0.006543193483915092,0.006543193483915092,139.71342797770149,0,0.0,True,True,True,False,True,False,False,True,True,True,False,2.539339015561814,False,False,26.05,25.75,26.05,22.75,40.0,19.8,0,74.91889586310515,2.5413039110324376,1.0,s4_narrow_passage_medium,M7,15,0.1,6.0
False,19.950000000000003,0.9801790798814045,0.2674638756186833,True,98.19257092033031,1486.1960315635467,0.017270079067831876,72.94794863118669,0.010261610866370332,0.26066041477994467,0.006536094635379035,0.006536094635379035,139.4872055507906,0,0.0,True,True,True,False,True,False,False,True,True,True,False,2.539339585220055,False,False,25.950000000000003,25.85,25.950000000000003,22.400000000000002,40.0,20.1,0,74.92334915063,2.5413298722925917,1.0,s4_narrow_passage_medium,M7,16,0.1,6.0
False,20.05,0.9967674742160766,0.2633551159831579,True,96.70342513029966,1382.3558953726938,0.0149812734082397,75.42049146314682,0.012053003901431167,0.25665349823539846,0.004227677809752714,0.004227677809752714,137.9174365820579,0,0.0,True,True,True,False,True,False,False,True,True,True,False,2.5433465017646015,False,False,26.85,26.05,26.85,22.5,40.0,20.0,0,74.89485472363023,2.5413340906876623,1.0,s4_narrow_passage_medium,M7,17,0.1,6.0
False,20.35,0.984498145827019,0.2678197190641165,True,98.41155170732749,1528.0982678380985,0.021015397419891804,75.15477195205665,0.010269526679848049,0.26068556862761455,0.006578474774196417,0.006578474774196417,139.94347826505316,0,0.0,True,True,True,False,True,False,False,True,True,True,False,2.5393144313723854,False,False,26.35,26.25,26.35,22.8,40.0,19.700000000000003,0,74.95281276767922,2.541319504543202,1.0,s4_narrow_passage_medium,M7,18,0.1,6.0
False,20.150000000000002,0.9761685109906784,0.2686749870734222,True,97.89106294787013,1479.187136839499,0.018102372034956304,75.34232342907525,0.010266511118802531,0.26068728681209,0.006555730513728862,0.006555730513728862,139.27091675086044,0,0.0,True,True,True,False,True,False,False,True,True,True,False,2.53931271318791,False,False,26.35,25.85,26.35,22.650000000000002,40.0,19.900000000000002,0,74.9442123833477,2.541312680115939,1.0,s4_narrow_passage_medium,M7,19,0.1,6.0
False,20.150000000000002,0.9944009021064282,0.26862019324850384,True,97.91024047610125,1492.3809289677858,0.013940907199334166,75.31820933657652,0.010267837131768457,0.2606906861524448,0.006562991054508539,0.006562991054508539,139.5251989446726,0,0.0,True,True,True,False,True,False,False,True,True,True,False,2.539309313847555,False,False,25.85,25.85,25.85,22.650000000000002,40.0,19.900000000000002,0,74.94320556127039,2.541313919164151,1.0,s4_narrow_passage_medium,M7,20,0.1,6.0
False,20.35,0.9590186151199915,0.2672871801269998,True,98.76843784204465,1513.2933133724484,0.018102372034956304,74.8819968056291,0.010269379928199958,0.2606796685161203,0.006578657451310637,0.006578657451310637,140.12626266198302,0,0.0,True,True,True,False,True,False,False,True,True,True,False,2.5393203314838795,False,False,26.150000000000002,26.05,26.150000000000002,22.8,40.0,19.700000000000003,0,74.95324033977371,2.5413221148740144,1.0,s4_narrow_passage_medium,M7,21,0.1,6.0
False,19.950000000000003,0.9770000291868659,0.26567412932775936,True,98.31956267593176,1498.1213896677873,0.013940907199334166,75.61153484595606,0.012054822251941766,0.25661653413108804,0.004183050761710601,0.004183050761710601,139.7340259524463,0,0.0,True,True,True,False,True,False,False,True,True,True,False,2.543383465868912,False,False,25.8,25.450000000000003,25.8,22.450000000000003,40.0,20.1,0,74.90913836964356,2.541331241246138,1.0,s4_narrow_passage_medium,M7,22,0.1,6.0
False,19.75,0.9867935627139806,0.26376802567623137,True,96.75924590933991,1372.6899293766014,0.01227632126508531,74.54572659674047,0.01205640968559781,0.25664190820518873,0.004195703322866803,0.004195703322866803,137.6634010851116,0,0.0,True,True,True,False,True,False,False,True,True,True,False,2.5433580917948113,False,False,26.55,25.8,26.55,22.25,40.0,20.3,0,74.89064269656264,2.5413368028409993,1.0,s4_narrow_passage_medium,M7,23,0.1,6.0
False,20.1,0.9823067604579367,0.26891541250748624,True,97.72899118962982,1476.5757715161033,0.016021639617145235,75.20553942751056,0.012057237705620507,0.2566239446118765,0.0041714953902453784,0.0041714953902453784,139.17717954154864,0,0.0,True,True,True,False,True,False,False,True,True,True,False,2.5433760553881233,False,False,26.0,25.900000000000002,26.0,22.6,40.0,19.950000000000003,0,74.91871630057904,2.541328345538014,1.0,s4_narrow_passage_medium,M7,24,0.1,6.0
False,20.200000000000003,0.9762237143168238,0.2671810969752653,True,98.62042293525103,1527.1777064330313,0.016229712858926344,74.60475409171016,0.012056523972145449,0.25664072792968057,0.004193249039547344,0.004193249039547344,140.14878907126044,0,0.0,True,True,True,False,True,False,False,True,True,True,False,2.5433592720703193,False,False,26.5,25.900000000000002,26.5,22.650000000000002,40.0,19.85,0,74.93519045403129,2.5413290616354187,1.0,s4_narrow_passage_medium,M7,25,0.1,6.0
False,20.200000000000003,0.9714537799293608,0.26805065656363447,True,98.30739314686377,1511.162392680918,0.019558884727424054,74.45069832271231,0.012054789191788082,0.25665192276268195,0.004215984842228535,0.004215984842228535,139.80377743707925,0,0.0,True,True,True,False,True,False,False,True,True,True,False,2.543348077237318,False,False,26.200000000000003,25.950000000000003,26.200000000000003,22.650000000000002,40.0,19.85,0,74.93065993614218,2.5413265872656563,1.0,s4_narrow_passage_medium,M7,26,0.1,6.0
False,19.6,1.0214923293940743,0.2539556758986834,True,96.79367304439029,1365.7678705713683,0.008531002913025386,73.5981680900905,0.010262636920624537,0.2606654207437255,0.006537457541333659,0.006537457541333659,137.60906726326334,0,0.0,True,True,True,False,True,False,False,True,True,True,False,2.5393345792562743,False,False,26.35,25.6,26.35,22.1,40.0,20.450000000000003,0,74.78589378897249,2.541337647689584,1.0,s4_narrow_passage_medium,M7,27,0.1,6.0
False,20.0,0.9925534330295254,0.26605583917552833,True,98.53613201566249,1498.9229422491644,0.013108614232209739,73.18388572715963,0.01026164520914382,0.26066297584608433,0.006533289966057329,0.006533289966057329,139.68738871277557,0,0.0,True,True,True,False,True,False,False,True,True,True,False,2.5393370241539155,False,False,26.450000000000003,26.05,26.450000000000003,22.450000000000003,40.0,20.05,0,74.92376777494988,2.5413302924460925,1.0,s4_narrow_passage_medium,M7,28,0.1,6.0
False,20.25,0.9765763459257852,0.2628366890399103,True,98.03028492745139,1487.7082422976787,0.018518518518518517,75.34094961040039,0.010264756232774523,0.26067726810160524,0.006550150983350945,0.006550150983350945,139.46036462814448,0,0.0,True,True,True,False,True,False,False,True,True,True,False,2.5393227318983946,False,False,25.950000000000003,25.75,25.950000000000003,22.700000000000003,40.0,19.8,0,74.94520237316165,2.541314898979035,1.0,s4_narrow_passage_medium,M7,29,0.1,6.0
False,19.85,0.9948855010223159,0.2672828702092635,True,97.946395688108,1449.0409230326927,0.012068248023304202,75.40175924824797,0.01205299552434938,0.25665425113500434,0.004229524752484844,0.004229524752484844,139.08548361745721,0,0.0,True,True,True,False,True,False,False,True,True,True,False,2.5433457488649953,False,False,26.450000000000003,25.700000000000003,26.450000000000003,22.35,40.0,20.200000000000003,0,74.896374792176,2.5413423502632932,1.0,s4_narrow_passage_medium,M7,30,0.1,6.0
False,19.700000000000003,0.9982052250648124,0.26880368039258185,True,97.70305500183431,1466.908134304593,0.010403662089055347,75.14285429000972,0.012052925546412562,0.2566592053982967,0.004236689367094894,0.004236689367094894,138.8625226308966,0,0.0,True,True,True,False,True,False,False,True,True,True,False,2.5433407946017033,False,False,25.6,25.5,25.6,22.200000000000003,40.0,20.35,0,74.91409328021044,2.5413294806082676,1.0,s4_narrow_passage_medium,M7,31,0.1,6.0
False,19.950000000000003,0.9956570882711853,0.2687137342088788,True,98.2235342992656,1495.680301039608,0.014565126924677487,75.34336903509936,0.012052785885860742,0.2566559374161216,0.004231223560320154,0.004231223560320154,139.61115564660875,0,0.0,True,True,True,False,True,False,False,True,True,True,False,2.5433440625838784,False,False,25.8,25.700000000000003,25.8,22.450000000000003,40.0,20.1,0,74.93572792781961,2.5413106048058025,1.0,s4_narrow_passage_medium,M7,32,0.1,6.0
False,20.150000000000002,0.970526080407468,0.26718397626212864,True,97.77699394852152,1485.490147198081,0.015605493133583021,75.33804484014219,0.010266947382986875,0.2606901551677887,0.006557013689045258,0.006557013689045258,139.28264643516286,0,0.0,True,True,True,False,True,False,False,True,True,True,False,2.539309844832211,False,False,26.55,26.3,26.55,22.700000000000003,40.0,19.900000000000002,0,74.95274898674619,2.5413125437658186,1.0,s4_narrow_passage_medium,M7,33,0.1,6.0
False,19.950000000000003,1.0021566704831055,0.26323802574496197,True,97.07257442162116,1420.2311259677922,0.012484394506866416,74.78173792199004,0.01205364266276246,0.2566571986311597,0.004228982293263618,0.004228982293263618,138.18950373509347,0,0.0,True,True,True,False,True,False,False,True,True,True,False,2.54334280136884,False,False,26.75,25.950000000000003,26.75,22.400000000000002,40.0,20.1,0,74.90087349278404,2.541332965940232,1.0,s4_narrow_passage_medium,M7,34,0.1,6.0
False,19.900000000000002,1.0070560203313141,0.26648171190099507,True,98.35829238364185,1502.627347746482,0.014148980441115273,75.31229094172743,0.010262953617693166,0.26066282986738515,0.006544171520137139,0.006544171520137139,139.7428405276184,0,0.0,True,True,True,False,True,False,False,True,True,True,False,2.539337170132615,False,False,26.150000000000002,25.650000000000002,26.150000000000002,22.35,40.0,20.150000000000002,0,74.91327580515332,2.5413314540118996,1.0,s4_narrow_passage_medium,M7,35,0.1,6.0
False,20.200000000000003,0.9758290059755186,0.2668190460416332,True,97.87926468303914,1472.6392426036962,0.01706200582605077,75.27441891773988,0.010261985111682559,0.2606576397817184,0.006540408378373124,0.006540408378373124,139.3116459738734,0,0.0,True,True,True,False,True,False,False,True,True,True,False,2.5393423602182814,False,False,26.1,26.1,26.1,22.700000000000003,40.0,19.85,0,74.99091671701478,2.5412927726355314,1.0,s4_narrow_passage_medium,M7,36,0.1,6.0
False,19.950000000000003,1.0077063460457538,0.27044569896165177,True,98.21359852920897,1484.0435164830626,0.013524760715771952,75.33441915786776,0.010263332987252696,0.2606795853006141,0.006551098369055937,0.006551098369055937,139.59583497134116,0,0.0,True,True,True,False,True,False,False,True,True,True,False,2.539320414699386,False,False,26.1,25.6,26.1,22.5,40.0,20.1,0,74.90879202034655,2.5412507038354146,1.0,s4_narrow_passage_medium,M7,37,0.1,6.0
False,20.150000000000002,0.9918903952772771,0.26122207216649956,True,97.67814508482873,1493.379966264948,0.018726591760299626,75.25210124247383,0.012052759301254011,0.2566580293987271,0.004235208359444562,0.004235208359444562,139.2639071285683,0,0.0,True,True,True,False,True,False,False,True,True,True,False,2.5433419706012725,False,False,25.85,25.650000000000002,25.85,22.6,40.0,19.900000000000002,0,74.93604346091647,2.5413046166674507,1.0,s4_narrow_passage_medium,M7,38,0.1,6.0
False,20.25,0.9833191592485082,0.2670060985445373,True,98.52653499721798,1518.019334799184,0.019350811485642945,74.64318819739256,0.012054127750587874,0.25665562018482635,0.004225195673148615,0.004225195673148615,139.97215009629224,0,0.0,True,True,True,False,True,False,False,True,True,True,False,2.5433443798151734,False,False,25.950000000000003,25.950000000000003,25.950000000000003,22.700000000000003,40.0,19.8,0,74.94857214821258,2.541327798556229,1.0,s4_narrow_passage_medium,M7,39,0.1,6.0
False,20.1,0.9638961661885028,0.263074193233776,True,97.69358006246235,1463.086582791153,0.017478152309612985,74.17705967211599,0.01026598172613604,0.26067478253185944,0.006553690523622809,0.006553690523622809,139.08329236295157,0,0.0,True,True,True,False,True,False,False,True,True,True,False,2.53932521746814,False,False,26.150000000000002,25.900000000000002,26.150000000000002,22.55,40.0,19.950000000000003,0,74.91326449946585,2.5413226369319277,1.0,s4_narrow_passage_medium,M7,10,0.1,8.0
False,20.150000000000002,0.9851922030600739,0.2670417336082693,True,97.71973540105375,1505.6369313735663,0.019975031210986267,74.57802276652684,0.012054288843146617,0.2566545338134359,0.00422212192003602,0.00422212192003602,139.15856059352726,0,0.0,True,True,True,False,True,False,False,True,True,True,False,2.543345466186564,False,False,26.0,26.0,26.0,22.650000000000002,40.0,19.900000000000002,0,74.93281911223704,2.5413243739396725,1.0,s4_narrow_passage_medium,M7,11,0.1,8.0
False,20.3,0.9736790693937671,0.2681398043873203,True,95.83726176939672,1336.7989938352316,0.023512276321265086,75.04469171690177,0.012053502374810525,0.25665774081473663,0.004236100209753264,0.004236100209753264,136.54436700264753,0,0.0,True,True,True,False,True,False,False,True,True,True,False,2.543342259185263,False,False,25.950000000000003,25.75,25.950000000000003,22.75,40.0,19.75,0,75.3412449592182,2.5412677584421353,1.0,s4_narrow_passage_medium,M7,12,0.1,8.0
False,20.0,0.9740831861517336,0.268493660263228,True,98.12612633836339,1504.645389709615,0.014148980441115273,74.40537620748849,0.01026727200016012,0.26067609721815477,0.006563144085865412,0.006563144085865412,139.4045758913228,0,0.0,True,True,True,False,True,False,False,True,True,True,False,2.5393239027818453,False,False,26.1,25.6,26.1,22.450000000000003,40.0,20.05,0,74.95370875226504,2.541321083331179,1.0,s4_narrow_passage_medium,M7,13,0.1,8.0
False,19.400000000000002,1.0127146050909352,0.25092643219755706,True,98.70557615747515,1473.5493078069806,0.008739076154806492,75.34554305757166,0.010265335961181742,0.2606819359383849,0.006552487413665068,0.006552487413665068,139.53118605550515,0,0.0,True,True,True,False,True,False,False,True,True,True,False,2.539318064061615,False,False,25.25,25.150000000000002,25.25,21.900000000000002,40.0,20.650000000000002,0,74.9344894456999,2.5413192294117533,1.0,s4_narrow_passage_medium,M7,14,0.1,8.0
False,20.200000000000003,0.9807799863985631,0.2704150390011137,True,97.83918851279813,1495.0957101906824,0.020807324178110695,73.17388927051115,0.010260288180435213,0.2606661455763635,0.006530790795908168,0.006530790795908168,139.51868312337663,0,0.0,True,True,True,False,True,False,False,True,True,True,False,2.5393338544236363,False,False,26.05,26.05,26.05,22.700000000000003,40.0,19.85,0,74.94405052498198,2.541236239349506,1.0,s4_narrow_passage_medium,M7,15,0.1,8.0
False,19.85,0.9801144273488884,0.26731407872009566,True,98.24433122078568,1483.8048843886322,0.017270079067831876,75.34557851256278,0.010265776447709903,0.26068359902163635,0.006553441383394027,0.006553441383394027,139.4493258538272,0,0.0,True,True,True,False,True,False,False,True,True,True,False,2.5393164009783633,False,False,26.25,25.75,26.25,22.3,40.0,20.200000000000003,0,74.93982265147501,2.5413316456798096,1.0,s4_narrow_passage_medium,M7,16,0.1,8.0
False,20.05,0.9970404280424392,0.27112258035666364,True,96.79280413647054,1383.1023040336322,0.014565126924677487,75.2486472292213,0.010261859559129819,0.2606584627760942,0.006539171497619515,0.006539171497619515,138.15691778000303,0,0.0,True,True,True,False,True,False,False,True,True,True,False,2.5393415372239057,False,False,26.450000000000003,25.75,26.450000000000003,22.5,40.0,20.0,0,74.94308928924283,2.54133528552229,1.0,s4_narrow_passage_medium,M7,17,0.1,8.0
False,20.35,0.9834391298927658,0.2713129803063133,True,96.88550054153058,1420.0864367390589,0.02122347066167291,75.21986326233129,0.010269095023419451,0.26068893567119017,0.006583043130370911,0.006583043130370911,138.1473831509604,0,0.0,True,True,True,False,True,False,False,True,True,True,False,2.5393110643288095,False,False,26.6,26.1,26.6,22.8,40.0,19.700000000000003,0,74.98122170751817,2.541268593616597,1.0,s4_narrow_passage_medium,M7,18,0.1,8.0
False,20.150000000000002,0.9751630768356387,0.26759221066923605,True,98.35058949255638,1485.0492018413822,0.017478152309612985,75.04295289815104,0.012057384554279798,0.2566291305451414,0.0041766974865314575,0.0041766974865314575,139.58769740650555,0,0.0,True,True,True,False,True,False,False,True,True,True,False,2.5433708694548582,False,False,25.900000000000002,25.8,25.900000000000002,22.55,40.0,19.900000000000002,0,74.92972973832133,2.5413292320441876,1.0,s4_narrow_passage_medium,M7,19,0.1,8.0
False,20.150000000000002,0.9943770943302044,0.26684410138729653,True,98.37601524937168,1508.8283632668474,0.013316687473990845,73.84127888492527,0.010264043624248409,0.26067087350112356,0.006543232507722705,0.006543232507722705,139.87975651960096,0,0.0,True,True,True,False,True,False,False,True,True,True,False,2.539329126498876,False,False,26.55,26.05,26.55,22.6,40.0,19.900000000000002,0,74.9494336448176,2.5413277766447733,1.0,s4_narrow_passage_medium,M7,20,0.1,8.0
False,20.35,0.9592394447869144,0.2668489225168778,True,98.93069599589256,1519.7170172647284,0.018518518518518517,74.77717155608417,0.010269076766491143,0.2606781715707753,0.006576059716501794,0.006576059716501794,140.2162435881305,0,0.0,True,True,True,False,True,False,False,True,True,True,False,2.5393218284292245,False,False,26.450000000000003,26.35,26.450000000000003,22.8,40.0,19.700000000000003,0,74.96011032211669,2.541323644851723,1.0,s4_narrow_passage_medium,M7,21,0.1,8.0
False,19.950000000000003,0.9776923487564482,0.2670552292650198,True,98.15587589924058,1480.961862093922,0.014148980441115273,75.29706826871762,0.012057052386271036,0.2566203764864236,0.004169455043177566,0.004169455043177566,139.45602871975885,0,0.0,True,True,True,False,True,False,False,True,True,True,False,2.543379623513576,False,False,25.85,25.85,25.85,22.400000000000002,40.0,20.1,0,74.89999154795028,2.5413257246431993,1.0,s4_narrow_passage_medium,M7,22,0.1,8.0
False,19.75,0.9869347102434254,0.26890415932078493,True,97.84297549098603,1453.024370022702,0.013108614232209739,75.40662739569363,0.01205302587868675,0.256653904613954,0.004228762171361044,0.004228762171361044,138.94118285802693,0,0.0,True,True,True,False,True,False,False,True,True,True,False,2.543346095386046,False,False,25.8,25.5,25.8,22.25,40.0,20.3,0,74.90761255832096,2.5413288433812515,1.0,s4_narrow_passage_medium,M7,23,0.1,8.0
False,20.1,0.9825486636115535,0.2656317430856349,True,98.26028108327958,1511.4895599673628,0.016229712858926344,73.30559354399874,0.01026183411670826,0.2606643238942084,0.006533638836637756,0.006533638836637756,139.70100089831752,0,0.0,True,True,True,False,True,False,False,True,True,True,False,2.5393356761057913,False,False,26.150000000000002,25.6,26.150000000000002,22.6,40.0,19.950000000000003,0,74.93661296347832,2.5413302709325616,1.0,s4_narrow_passage_medium,M7,24,0.1,8.0
False,20.150000000000002,0.9762693229668467,0.266908559817296,True,98.81973792223903,1531.7078301956062,0.016021639617145235,74.59564976017184,0.012056476274507906,0.2566410202881558,0.004193733613836686,0.004193733613836686,140.25287296640954,0,0.0,True,True,True,False,True,False,False,True,True,True,False,2.543358979711844,False,False,25.85,25.85,25.85,22.6,40.0,19.900000000000002,0,74.94066918923482,2.5413297440078195,1.0,s4_narrow_passage_medium,M7,25,0.1,8.0
False,20.200000000000003,0.9714374024343975,0.26754831809187646,True,98.40457245515536,1517.5844414360718,0.019558884727424054,73.87628261409724,0.010264186083244153,0.2606716846247857,0.006544354495765207,0.006544354495765207,139.84784989442483,0,0.0,True,True,True,False,True,False,False,True,True,True,False,2.539328315375214,False,False,26.450000000000003,25.950000000000003,26.450000000000003,22.6,40.0,19.85,0,74.9458646189466,2.5413271747120376,1.0,s4_narrow_passage_medium,M7,26,0.1,8.0
False,19.55,1.0213857272305982,0.2610842109280444,True,96.95009072895921,1364.5995308108224,0.008322929671244279,75.51630590743602,0.012053267378261241,0.25664540952573145,0.004219443779889507,0.004219443779889507,137.71688247200535,0,0.0,True,True,True,False,True,False,False,True,True,True,False,2.5433545904742685,False,False,26.35,25.5,26.35,22.05,40.0,20.5,0,74.9019495301843,2.5413422969018487,1.0,s4_narrow_passage_medium,M7,27,0.1,8.0
False,20.0,0.9929676682905424,0.2659629353916108,True,98.71908919867992,1504.7902485318018,0.01373283395755306,72.96547919699542,0.010261594196507915,0.2606606065212192,0.006535754925768958,0.006535754925768958,139.78203536808428,0,0.0,True,True,True,False,True,False,False,True,True,True,False,2.5393393934787807,False,False,25.950000000000003,25.700000000000003,25.950000000000003,22.400000000000002,40.0,20.05,0,74.92407187342664,2.541330561278654,1.0,s4_narrow_passage_medium,M7,28,0.1,8.0
False,20.200000000000003,0.9769099904006227,0.26837775411851356,True,98.09985623262429,1489.1576704349077,0.0178942987931752,74.75079934023397,0.010268970903288046,0.2606779215996458,0.006574916826155143,0.006574916826155143,139.38982668534985,0,0.0,True,True,True,False,True,False,False,True,True,True,False,2.539322078400354,False,False,26.450000000000003,25.950000000000003,26.450000000000003,22.650000000000002,40.0,19.85,0,74.95095019580214,2.5413214105398416,1.0,s4_narrow_passage_medium,M7,29,0.1,8.0
False,19.8,0.9945802389472373,0.26789136225866883,True,98.04706080107741,1446.9997786177391,0.011444028297960882,75.34529213469658,0.010265850058664401,0.2606839600813072,0.006553819100493782,0.006553819100493782,139.13197872862156,0,0.0,True,True,True,False,True,False,False,True,True,True,False,2.5393160399186927,False,False,25.8,25.650000000000002,25.8,22.3,40.0,20.25,0,74.91430433860779,2.541342976616511,1.0,s4_narrow_passage_medium,M7,30,0.1,8.0
False,19.700000000000003,0.9984920396316543,0.27005840427190864,True,97.9187314044716,1472.0101030964133,0.011027881814398668,75.4265160310983,0.012053611191570097,0.2566515700299569,0.004226706819058646,0.004226706819058646,139.0245655714035,0,0.0,True,True,True,False,True,False,False,True,True,True,False,2.543348429970043,False,False,25.6,25.400000000000002,25.6,22.150000000000002,40.0,20.35,0,74.85491683193965,2.5412890598051394,1.0,s4_narrow_passage_medium,M7,31,0.1,8.0
False,19.950000000000003,0.9957139653622173,0.26525993601425724,True,98.66653088850646,1504.5195708205097,0.014773200166458594,75.62173146196281,0.012054285261954609,0.2566173806532582,0.004187450532960461,0.004187450532960461,139.87384468768116,0,0.0,True,True,True,False,True,False,False,True,True,True,False,2.5433826193467417,False,False,26.3,25.900000000000002,26.3,22.400000000000002,40.0,20.1,0,74.92323460248457,2.541331242408586,1.0,s4_narrow_passage_medium,M7,32,0.1,8.0
False,20.150000000000002,0.9705440217727717,0.266829170512222,True,98.70640881197457,1520.5651779644807,0.0149812734082397,74.9726816483928,0.012057301063909502,0.25663123866799703,0.0041788230663674,0.0041788230663674,140.05129462994762,0,0.0,True,True,True,False,True,False,False,True,True,True,False,2.543368761332003,False,False,25.85,25.85,25.85,22.6,40.0,19.900000000000002,0,74.92120267636946,2.5413295823913167,1.0,s4_narrow_passage_medium,M7,33,0.1,8.0
False,19.900000000000002,1.0026321420349713,0.268505682315228,True,98.34167192375946,1501.6762582277395,0.012068248023304202,74.69098995344828,0.012056844802057251,0.2566383430911884,0.004188969460486407,0.004188969460486407,139.5975887032547,0,0.0,True,True,True,False,True,False,False,True,True,True,False,2.5433616569088113,False,False,25.8,25.650000000000002,25.8,22.35,40.0,20.150000000000002,0,74.91037173903143,2.541320351065482,1.0,s4_narrow_passage_medium,M7,34,0.1,8.0
False,19.85,1.0067531016345466,0.25188255519454017,True,97.20030095560014,1418.1904503921696,0.015397419891801914,74.76170037166541,0.01205697700769464,0.2566367142433603,0.004186474310847321,0.004186474310847321,138.49679115872007,0,0.0,True,True,True,False,True,False,False,True,True,True,False,2.5433632857566395,False,False,25.55,25.35,25.55,22.35,40.0,20.200000000000003,0,74.90195543551394,2.5413341639039966,1.0,s4_narrow_passage_medium,M7,35,0.1,8.0
False,20.200000000000003,0.9769950319959275,0.26849220359566806,True,98.0169127127138,1488.9722748408299,0.0178942987931752,73.24245349121222,0.010261944144393735,0.26066329048151404,0.0065331524244680765,0.0065331524244680765,139.49102704913446,0,0.0,True,True,True,False,True,False,False,True,True,True,False,2.539336709518486,False,False,26.05,26.05,26.05,22.650000000000002,40.0,19.85,0,74.96482432496875,2.541300811153921,1.0,s4_narrow_passage_medium,M7,36,0.1,8.0
False,19.950000000000003,1.0077360578525865,0.26857131970049036,True,98.40134896828152,1490.8767408643507,0.013108614232209739,74.6659274839593,0.010268589108518458,0.2606772418118149,0.006571750070590287,0.006571750070590287,139.69086049714076,0,0.0,True,True,True,False,True,False,False,True,True,True,False,2.539322758188185,False,False,25.75,25.650000000000002,25.75,22.400000000000002,40.0,20.1,0,74.93462098434516,2.5413180390769687,1.0,s4_narrow_passage_medium,M7,37,0.1,8.0
False,20.1,0.9921874726681807,0.2715236429416643,True,96.41990749397735,1393.564088264733,0.01893466500208073,74.55337347120404,0.01026831641448091,0.2606748352745966,0.006574849318460298,0.006574849318460298,137.628592360219,0,0.0,True,True,True,False,True,False,False,True,True,True,False,2.5393251647254034,False,False,26.6,25.700000000000003,26.6,22.6,40.0,19.950000000000003,0,74.88392222679249,2.5412691043140425,1.0,s4_narrow_passage_medium,M7,38,0.1,8.0
False,20.25,0.9835256571906721,0.2662179318144686,True,98.59628619912756,1520.22144540316,0.01893466500208073,74.12450404281172,0.01026572348754393,0.26067412497298054,0.0065524239486044605,0.0065524239486044605,139.98389777838474,0,0.0,True,True,True,False,True,False,False,True,True,True,False,2.539325875027019,False,False,26.650000000000002,26.25,26.650000000000002,22.650000000000002,40.0,19.8,0,74.93661929995389,2.5413276791070647,1.0,s4_narrow_passage_medium,M7,39,0.1,8.0
False,20.0,0.9258922565270653,0.2680349627982411,True,98.25646869079907,1480.1816425304903,0.018102372034956304,75.56243843407572,0.012055631660453316,0.25661615639965035,0.004175279326471466,0.004175279326471466,139.4154650443527,0,0.0,True,True,True,False,True,False,False,True,True,True,False,2.5433838436003495,False,False,25.75,25.55,25.75,22.400000000000002,40.0,20.05,0,74.90654787180179,2.5413296037703397,1.0,s4_narrow_passage_medium,M7,10,0.1,10.0
False,20.1,0.9851325715509083,0.2677288331671937,True,98.34702945297977,1518.4734696415644,0.01893466500208073,75.02306504667266,0.012057359588475843,0.2566297603608577,0.004177284752501374,0.004177284752501374,139.61930315634638,0,0.0,True,True,True,False,True,False,False,True,True,True,False,2.543370239639142,False,False,26.5,26.0,26.5,22.55,40.0,19.950000000000003,0,74.92794032095935,2.5413292904075697,1.0,s4_narrow_passage_medium,M7,11,0.1,10.0
False,20.25,0.9737446177666558,0.26765216809299575,True,98.03161182883913,1519.906013043022,0.02247191011235955,74.39027528980638,0.010267199882573871,0.26067594640548913,0.006562905304337541,0.006562905304337541,139.52456041124358,0,0.0,True,True,True,False,True,False,False,True,True,True,False,2.5393240535945107,False,False,26.55,26.150000000000002,26.55,22.75,40.0,19.8,0,74.95269200458642,2.541325215010896,1.0,s4_narrow_passage_medium,M7,12,0.1,10.0
False,19.950000000000003,0.9736334755401883,0.26829889965059395,True,98.22777968806054,1508.2092243925913,0.014565126924677487,74.88589635268924,0.012057153671946883,0.25663369029270483,0.00418138941830458,0.00418138941830458,139.4646688735588,0,0.0,True,True,True,False,True,False,False,True,True,True,False,2.543366309707295,False,False,25.900000000000002,25.8,25.900000000000002,22.400000000000002,40.0,20.1,0,74.92197128388715,2.5413252468535443,1.0,s4_narrow_passage_medium,M7,13,0.1,10.0
False,19.400000000000002,1.0126303455308532,0.2476654447709001,True,97.76966404000622,1388.9246344244125,0.009155222638368706,74.9459158451303,0.01026984762366768,0.2606795528976374,0.006576392585210581,0.006576392585210581,138.35097041716824,0,0.0,True,True,True,False,True,False,False,True,True,True,False,2.5393204471023623,False,False,25.3,24.950000000000003,25.3,21.900000000000002,40.0,20.650000000000002,0,74.83149939654409,2.5412760065181335,1.0,s4_narrow_passage_medium,M7,14,0.1,10.0
False,20.200000000000003,0.9810172314876258,0.2708192407836746,True,96.97034669112094,1408.0109765744783,0.02122347066167291,74.30968809256666,0.012055281901488545,0.2566486398750099,0.004210381353639236,0.004210381353639236,138.25283180509695,0,0.0,True,True,True,False,True,False,False,True,True,True,False,2.5433513601249897,False,False,26.1,25.650000000000002,26.1,22.700000000000003,40.0,19.85,0,74.91216737726971,2.5412805913107808,1.0,s4_narrow_passage_medium,M7,15,0.1,10.0
False,19.85,0.9667466047028579,0.26623295713567074,True,97.42711873695362,1430.074727069415,0.01893466500208073,74.19959144983444,0.010265980124928192,0.2606750227501866,0.006555079589219552,0.006555079589219552,138.65981217049992,0,0.0,True,True,True,False,True,False,False,True,True,True,False,2.539324977249813,False,False,25.450000000000003,25.25,25.450000000000003,22.25,40.0,20.200000000000003,0,74.81271270901463,2.5413086098755517,1.0,s4_narrow_passage_medium,M7,16,0.1,10.0
False,20.0,0.9969032433743863,0.2698075320934334,True,96.97497596737674,1390.970811537944,0.01581356637536413,75.27412007235178,0.012057107500870377,0.25662131766003277,0.0041700339921261105,0.0041700339921261105,138.2995016516058,0,0.0,True,True,True,False,True,False,False,True,True,True,False,2.543378682339967,False,False,25.950000000000003,25.5,25.950000000000003,22.450000000000003,40.0,20.05,0,74.91984797118675,2.541333793717384,1.0,s4_narrow_passage_medium,M7,17,0.1,10.0
False,20.3,0.9839392292387237,0.2697703841017255,True,97.18926185059473,1446.8009311179467,0.021431543903454017,73.28548844777008,0.010262328737974443,0.2606621873596802,0.006536249622138441,0.006536249622138441,138.60974337569712,0,0.0,True,True,True,False,True,False,False,True,True,True,False,2.5393378126403197,False,False,26.950000000000003,25.950000000000003,26.950000000000003,22.75,40.0,19.75,0,74.87654913899723,2.541277753724637,1.0,s4_narrow_passage_medium,M7,18,0.1,10.0
False,20.1,0.9755321558482677,0.2676754867230808,True,98.4486663817153,1487.910285924876,0.018518518518518517,74.989137524536,0.012057308270307784,0.2566308129924549,0.0041783432678790455,0.0041783432678790455,139.62252776938712,0,0.0,True,True,True,False,True,False,False,True,True,True,False,2.5433691870075448,False,False,26.1,25.75,26.1,22.5,40.0,19.950000000000003,0,74.92991504311381,2.5413295814660857,1.0,s4_narrow_passage_medium,M7,19,0.1,10.0
False,20.1,0.994638956495723,0.27086811917892023,True,97.04574885828968,1409.1995244917764,0.014773200166458594,75.0101848045274,0.010269673950550612,0.26068108027586134,0.006587964646645384,0.006587964646645384,138.39787966730273,0,0.0,True,True,True,False,True,False,False,True,True,True,False,2.5393189197241384,False,False,26.0,25.55,26.0,22.6,40.0,19.950000000000003,0,74.85066377237048,2.5412627996028987,1.0,s4_narrow_passage_medium,M7,20,0.1,10.0
False,20.35,0.9592090384548608,0.26648173970941036,True,99.0193259181388,1521.2893719107208,0.01893466500208073,74.71161851852099,0.010268816408489331,0.26067743068833577,0.006574109547717653,0.006574109547717653,140.2433819995189,0,0.0,True,True,True,False,True,False,False,True,True,True,False,2.539322569311664,False,False,26.35,26.0,26.35,22.75,40.0,19.700000000000003,0,74.9529035443842,2.5413250912905982,1.0,s4_narrow_passage_medium,M7,21,0.1,10.0
False,19.900000000000002,0.9777361481502289,0.2698715880329984,True,98.19206458596803,1473.560348114786,0.01435705368289638,74.88833911151849,0.010268940626473001,0.26068090873663646,0.006578555974756146,0.006578555974756146,139.46401085331462,0,0.0,True,True,True,False,True,False,False,True,True,True,False,2.5393190912633634,False,False,25.85,25.75,25.85,22.400000000000002,40.0,20.150000000000002,0,74.92047571938024,2.5412893978262834,1.0,s4_narrow_passage_medium,M7,22,0.1,10.0
False,19.75,0.9866779207437133,0.26889213718139005,True,97.90376471896292,1454.6913387046811,0.012900540990428632,75.18084176289678,0.012052842115305912,0.256658959870438,0.004236460262772544,0.004236460262772544,138.96296411837,0,0.0,True,True,True,False,True,False,False,True,True,True,False,2.5433410401295617,False,False,25.6,25.5,25.6,22.200000000000003,40.0,20.3,0,74.91778114490587,2.5413298336642267,1.0,s4_narrow_passage_medium,M7,23,0.1,10.0
False,20.05,0.9825052961854668,0.2611195172548282,True,97.26725129914024,1420.5083816613687,0.014565126924677487,75.21615232797944,0.01205271243764266,0.2566588494509507,0.00423619738028029,0.00423619738028029,138.467892869247,0,0.0,True,True,True,False,True,False,False,True,True,True,False,2.543341150549049,False,False,27.35,26.0,27.35,22.55,40.0,20.0,0,74.90445326055801,2.541337429643461,1.0,s4_narrow_passage_medium,M7,24,0.1,10.0
False,20.150000000000002,0.9762484260593693,0.2658582706696462,True,98.03282192010595,1486.135831945332,0.016021639617145235,75.55848032302457,0.012053157063047921,0.25663784350035845,0.004211453287151722,0.004211453287151722,139.44876875052933,0,0.0,True,True,True,False,True,False,False,True,True,True,False,2.5433621564996414,False,False,27.0,25.950000000000003,27.0,22.6,40.0,19.900000000000002,0,74.90590533950817,2.541254821068885,1.0,s4_narrow_passage_medium,M7,25,0.1,10.0
False,20.150000000000002,0.971234943037736,0.2676613258137772,True,98.55728172684863,1523.8653652278424,0.01976695796920516,74.10674032935937,0.01026560995114483,0.26067406228707873,0.00655155970448661,0.00655155970448661,139.93354470452948,0,0.0,True,True,True,False,True,False,False,True,True,True,False,2.539325937712921,False,False,26.05,25.8,26.05,22.6,40.0,19.900000000000002,0,74.93213538306492,2.5413263386678735,1.0,s4_narrow_passage_medium,M7,26,0.1,10.0
False,19.5,1.0214930708677963,0.26948713399846036,True,98.10230519166218,1439.2067302963744,0.00686641697877653,74.1479094457645,0.010265992166821095,0.26067397453036084,0.006553574518047862,0.006553574518047862,138.86808889221152,0,0.0,True,True,True,False,True,False,False,True,True,True,False,2.539326025469639,False,False,25.450000000000003,25.450000000000003,25.450000000000003,22.0,40.0,20.55,0,74.9069049985984,2.541312628071065,1.0,s4_narrow_passage_medium,M7,27,0.1,10.0
False,19.950000000000003,0.9926618522922495,0.26609968540208156,True,98.76225907775546,1506.1194189781786,0.013524760715771952,74.08058720149863,0.010261772873214657,0.26065925451309063,0.0065378751017868,0.0065378751017868,139.77466938866536,0,0.0,True,True,True,False,True,False,False,True,True,True,False,2.5393407454869092,False,False,26.05,25.8,26.05,22.400000000000002,40.0,20.1,0,74.93747576956706,2.541331112815425,1.0,s4_narrow_passage_medium,M7,28,0.1,10.0
False,20.25,0.9770791007853232,0.2682411714996459,True,98.25357744255473,1498.7224847280463,0.01893466500208073,74.66426875901624,0.01026860629007694,0.26067709586359983,0.006572176965380683,0.006572176965380683,139.52389752430227,0,0.0,True,True,True,False,True,False,False,True,True,True,False,2.5393229041364,False,False,26.05,25.85,26.05,22.650000000000002,40.0,19.8,0,74.94893748033583,2.5413219533236076,1.0,s4_narrow_passage_medium,M7,29,0.1,10.0
False,19.700000000000003,0.9854579787853484,0.2656528255356569,True,98.44973187311025,1481.3353472151732,0.012484394506866416,74.88403102252592,0.010269305761954386,0.26067989604181585,0.006578478138229189,0.006578478138229189,139.52173933837915,0,0.0,True,True,True,False,True,False,False,True,True,True,False,2.539320103958184,False,False,25.200000000000003,25.200000000000003,25.200000000000003,22.200000000000003,40.0,20.35,0,74.90555354628354,2.541333484191703,1.0,s4_narrow_passage_medium,M7,30,0.1,10.0
False,19.650000000000002,0.9985365716700818,0.26885411933422615,True,97.90300313674939,1469.816901925487,0.010611735330836454,74.82348738127155,0.010269124572845326,0.2606792108012121,0.006577156669632113,0.006577156669632113,138.9531339029233,0,0.0,True,True,True,False,True,False,False,True,True,True,False,2.5393207891987877,False,False,25.55,25.450000000000003,25.55,22.150000000000002,40.0,20.400000000000002,0,74.89171711458974,2.541330979719679,1.0,s4_narrow_passage_medium,M7,31,0.1,10.0
False,19.900000000000002,0.9955513427823559,0.26852679481123265,True,98.39809465993167,1493.40322973477,0.014773200166458594,74.64973552151943,0.012054131987607727,0.25665549841069246,0.004224656078971846,0.004224656078971846,139.642632466977,0,0.0,True,True,True,False,True,False,False,True,True,True,False,2.5433445015893072,False,False,25.85,25.85,25.85,22.400000000000002,40.0,20.150000000000002,0,74.94863669159062,2.541319709968567,1.0,s4_narrow_passage_medium,M7,32,0.1,10.0
False,20.1,0.9708228695406473,0.27072311756729805,True,97.24193299171213,1415.2086193117298,0.016853932584269662,74.81712195728464,0.010269369015112984,0.2606773999572115,0.006584305477704052,0.006584305477704052,138.4041689879237,0,0.0,True,True,True,False,True,False,False,True,True,True,False,2.539322600042788,False,False,25.900000000000002,25.55,25.900000000000002,22.6,40.0,19.950000000000003,0,74.856125461506,2.541265695181638,1.0,s4_narrow_passage_medium,M7,33,0.1,10.0
False,19.85,1.0024484063187467,0.2676784531559742,True,98.37896516750388,1507.4179741034036,0.013524760715771952,75.33420800675869,0.010264185321710575,0.2606729340474908,0.006548081762501279,0.006548081762501279,139.6373959536039,0,0.0,True,True,True,False,True,False,False,True,True,True,False,2.539327065952509,False,False,26.05,25.55,26.05,22.35,40.0,20.200000000000003,0,74.92023880225344,2.5413304715894216,1.0,s4_narrow_passage_medium,M7,34,0.1,10.0
False,19.85,1.00723036735615,0.26861101171617446,True,98.1980480455988,1499.5961566513815,0.01435705368289638,74.69012997968277,0.010268694264597226,0.260677466051476,0.006572414881424848,0.006572414881424848,139.57517045850298,0,0.0,True,True,True,False,True,False,False,True,True,True,False,2.539322533948524,False,False,25.8,25.650000000000002,25.8,22.3,40.0,20.200000000000003,0,74.93776826161142,2.541316483934632,1.0,s4_narrow_passage_medium,M7,35,0.1,10.0
False,20.150000000000002,0.9767672248407047,0.26795823363729526,True,98.06132434597731,1493.7216068345385,0.018102372034956304,73.67439003265622,0.010263006575508602,0.2606675965298766,0.006538134657749918,0.006538134657749918,139.46039682948418,0,0.0,True,True,True,False,True,False,False,True,True,True,False,2.539332403470123,False,False,26.05,25.85,26.05,22.650000000000002,40.0,19.900000000000002,0,74.92258376990962,2.5413262879780105,1.0,s4_narrow_passage_medium,M7,36,0.1,10.0
False,19.900000000000002,1.007869293224528,0.2714892220826502,True,97.30907064108942,1402.9092907319541,0.014148980441115273,75.49985723395108,0.012052626650768297,0.2566475356736679,0.004219628824793257,0.004219628824793257,138.3880001915833,0,0.0,True,True,True,False,True,False,False,True,True,True,False,2.543352464326332,False,False,26.6,25.8,26.6,22.400000000000002,40.0,20.150000000000002,0,74.78903250635722,2.5412865830340152,1.0,s4_narrow_passage_medium,M7,37,0.1,10.0
False,20.1,0.9911493305509651,0.2691639248540768,True,96.75849149666293,1414.883013252117,0.01976695796920516,73.6035169091736,0.010263132675795717,0.26066359659618793,0.006540886744785448,0.006540886744785448,138.10469563395193,0,0.0,True,True,True,False,True,False,False,True,True,True,False,2.5393364034038117,False,False,25.650000000000002,25.55,25.650000000000002,22.55,40.0,19.950000000000003,0,74.81827505761464,2.541270610082974,1.0,s4_narrow_passage_medium,M7,38,0.1,10.0
False,20.200000000000003,0.9832954883202072,0.2654178634362619,True,98.67937121156065,1522.094289465147,0.019350811485642945,73.78630527549714,0.010263675955273943,0.26066998258907365,0.006541422309596057,0.006541422309596057,140.01000184862127,0,0.0,True,True,True,False,True,False,False,True,True,True,False,2.539330017410926,False,False,26.25,26.0,26.25,22.6,40.0,19.85,0,74.94488149960247,2.5413287776409637,1.0,s4_narrow_passage_medium,M7,39,0.1,10.0
False,19.35,0.9609510814744342,0.2682495796784451,True,98.47240668836044,1453.8431611682013,0.019558884727424054,74.6979307893413,0.012056833323556651,0.25663826166254594,0.004189462143384259,0.004189462143384259,139.24284495322155,0,0.0,True,True,True,False,True,False,False,True,True,True,False,2.543361738337454,False,False,25.200000000000003,25.0,25.200000000000003,21.900000000000002,40.0,20.700000000000003,0,74.83746432771304,2.541325702660867,1.0,s4_narrow_passage_medium,M7,10,0.15,2.0
False,19.400000000000002,0.9835783054675733,0.25757861537209886,True,98.41731065548065,1497.5128193316596,0.02039117769454848,75.56227568040022,0.012055710171710502,0.25661590261198053,0.004175215391753244,0.004175215391753244,139.23693048762084,0,0.0,True,True,True,False,True,False,False,True,True,True,False,2.543384097388019,False,False,25.200000000000003,25.0,25.200000000000003,21.950000000000003,40.0,20.650000000000002,0,74.87430842719645,2.5413223644239555,1.0,s4_narrow_passage_medium,M7,11,0.15,2.0
False,19.400000000000002,0.9708524563091785,0.26869653642698205,True,98.05522144283384,1455.347281690787,0.02725759467332501,74.88494883132246,0.012057182994639022,0.2566335867959149,0.00418192674884831,0.00418192674884831,138.8224758203376,0,0.0,True,True,True,False,True,False,False,True,True,True,False,2.543366413204085,False,False,25.35,25.200000000000003,25.35,22.0,40.0,20.650000000000002,0,74.84200995965027,2.5413271703017597,1.0,s4_narrow_passage_medium,M7,12,0.15,2.0
False,19.150000000000002,0.9711608669644181,0.26827883401231434,True,98.3989637339617,1463.4547534874348,0.015605493133583021,75.49403357863685,0.012056307598734224,0.2566170681238489,0.004172104121612291,0.004172104121612291,139.09412374351456,0,0.0,True,True,True,False,True,False,False,True,True,True,False,2.5433829318761507,False,False,24.900000000000002,24.8,24.900000000000002,21.700000000000003,40.0,20.900000000000002,0,74.79216458396493,2.541330410240459,1.0,s4_narrow_passage_medium,M7,13,0.15,2.0
False,18.75,1.0109816293486287,0.2595392506003465,True,98.97134368430386,1454.089388844617,0.01227632126508531,75.20117396360091,0.012057328453619726,0.2566237787982808,0.00417184588692378,0.00417184588692378,139.35288371857553,0,0.0,True,True,True,False,True,False,False,True,True,True,False,2.543376221201719,False,False,24.450000000000003,24.35,24.450000000000003,21.400000000000002,40.0,21.3,0,74.82192177095146,2.5413263784465125,1.0,s4_narrow_passage_medium,M7,14,0.15,2.0
False,19.400000000000002,0.9787526331825116,0.26885910790573875,True,98.20640999030759,1456.3646211169676,0.024968789013732832,74.712314410101,0.012056956745676433,0.2566376109065167,0.004187867533391421,0.004187867533391421,139.2163379953742,0,0.0,True,True,True,False,True,False,False,True,True,True,False,2.543362389093483,False,False,25.700000000000003,25.200000000000003,25.700000000000003,22.0,40.0,20.650000000000002,0,74.91670333812169,2.541312947599855,1.0,s4_narrow_passage_medium,M7,15,0.15,2.0
False,19.200000000000003,0.977013377425046,0.268382531854555,True,98.35813307797191,1456.0868881115202,0.019350811485642945,75.32111921381535,0.0120570189396298,0.2566198247410178,0.004169620722972541,0.004169620722972541,139.11597002991206,0,0.0,True,True,True,False,True,False,False,True,True,True,False,2.543380175258982,False,False,24.85,24.85,24.85,21.8,40.0,20.85,0,74.8236731206743,2.5413296579769487,1.0,s4_narrow_passage_medium,M7,16,0.15,2.0
False,19.150000000000002,0.9959380419268953,0.25877547179269045,True,98.68102817757944,1463.0805408117249,0.017478152309612985,75.37115008474929,0.012052927968834462,0.25665522397055174,0.004231162367650104,0.004231162367650104,139.4346564551193,0,0.0,True,True,True,False,True,False,False,True,True,True,False,2.543344776029448,False,False,24.8,24.700000000000003,24.8,21.75,40.0,20.900000000000002,0,74.890104162789,2.5413225817032927,1.0,s4_narrow_passage_medium,M7,17,0.15,2.0
False,19.450000000000003,0.9823004294593038,0.2565342582729572,True,97.50806647763294,1406.0457409973437,0.023304203079483977,75.10435484006665,0.012052889836571943,0.25665993729683206,0.004238031310902182,0.004238031310902182,138.28508489617957,0,0.0,True,True,True,False,True,False,False,True,True,True,False,2.5433400627031677,False,False,25.55,25.150000000000002,25.55,22.05,40.0,20.6,0,74.83139873786487,2.5413364748818386,1.0,s4_narrow_passage_medium,M7,18,0.15,2.0
False,19.25,0.9747914360500476,0.2587597155393858,True,98.43597708896007,1456.5372360894737,0.01914273824386184,75.21642106206475,0.012052781084655082,0.25665867278574556,0.004236280361988837,0.004236280361988837,139.13431119671765,0,0.0,True,True,True,False,True,False,False,True,True,True,False,2.543341327214254,False,False,25.1,24.8,25.1,21.85,40.0,20.8,0,74.90863625972679,2.541324377385242,1.0,s4_narrow_passage_medium,M7,19,0.15,2.0
False,19.3,0.9921571998002519,0.2581328350871897,True,98.68254174437794,1483.849849031141,0.018102372034956304,75.55366256791429,0.012053285677968407,0.2566393313541515,0.004213778271240166,0.004213778271240166,139.52108770781928,0,0.0,True,True,True,False,True,False,False,True,True,True,False,2.5433606686458483,False,False,24.950000000000003,24.85,24.950000000000003,21.900000000000002,40.0,20.75,0,74.91204516286298,2.5413260003946556,1.0,s4_narrow_passage_medium,M7,20,0.15,2.0
False,19.450000000000003,0.9591523854436204,0.2678460082999957,True,98.8236622457363,1454.5421855623924,0.01768622555139409,73.76193610976523,0.010263469582119985,0.26066959826058905,0.006540709866035086,0.006540709866035086,139.41250741652038,0,0.0,True,True,True,False,True,False,False,True,True,True,False,2.5393304017394107,False,False,25.650000000000002,25.05,25.650000000000002,22.0,40.0,20.6,0,74.82731275671905,2.541333889321702,1.0,s4_narrow_passage_medium,M7,21,0.15,2.0
False,19.1,0.975004171283117,0.26831796539414465,True,98.68396666295423,1442.898889870447,0.0149812734082397,75.5780604963614,0.012055429297829068,0.25661604394277854,0.004177277828189132,0.004177277828189132,139.3290362917882,0,0.0,True,True,True,False,True,False,False,True,True,True,False,2.5433839560572213,False,False,25.1,25.1,25.1,21.700000000000003,40.0,20.950000000000003,0,74.80754837334877,2.5413325219051783,1.0,s4_narrow_passage_medium,M7,22,0.15,2.0
False,18.95,0.9856982127374769,0.2585948020502652,True,98.67321275905618,1454.8805932228668,0.016229712858926344,74.39267416095623,0.012055085507194627,0.2566504619335506,0.004213475831161719,0.004213475831161719,139.17891732527096,0,0.0,True,True,True,False,True,False,False,True,True,True,False,2.5433495380664493,False,False,24.6,24.5,24.6,21.55,40.0,21.1,0,74.8724932537184,2.541322143243449,1.0,s4_narrow_passage_medium,M7,23,0.15,2.0
False,19.150000000000002,0.9347042310712437,0.2604739518486428,True,98.68386538949393,1463.3782993056248,0.01914273824386184,75.32255301264557,0.012052824969009184,0.25665666594948416,0.00423353702800742,0.00423353702800742,139.36812737887496,0,0.0,True,True,True,False,True,False,False,True,True,True,False,2.543343334050516,False,False,25.1,24.75,25.1,21.75,40.0,20.900000000000002,0,74.9008474017062,2.5413238563129745,1.0,s4_narrow_passage_medium,M7,24,0.15,2.0
False,19.3,0.9736490914769209,0.26827844157550457,True,98.66299398970487,1456.4353418444089,0.019975031210986267,73.60601409446619,0.01026258226279298,0.2606657177146472,0.0065370940611288965,0.0065370940611288965,139.43355863716607,0,0.0,True,True,True,False,True,False,False,True,True,True,False,2.5393342822853526,False,False,25.650000000000002,25.150000000000002,25.650000000000002,21.85,40.0,20.75,0,74.82598700127251,2.5413303760205177,1.0,s4_narrow_passage_medium,M7,25,0.15,2.0
False,19.3,0.9685424165519902,0.25879920994224176,True,98.60107460266141,1488.6817691659523,0.02122347066167291,75.3442252320398,0.010266337288595594,0.26068790860442537,0.006555542158486266,0.006555542158486266,139.4446951574048,0,0.0,True,True,True,False,True,False,False,True,True,True,False,2.5393120913955745,False,False,24.950000000000003,24.85,24.950000000000003,21.900000000000002,40.0,20.75,0,74.91624304928479,2.541325123509563,1.0,s4_narrow_passage_medium,M7,26,0.15,2.0
False,19.0,1.0208769484748392,0.2686774870808844,True,98.2427139179087,1439.2011680684552,0.013316687473990845,75.29775523492671,0.012052756420544581,0.2566574898971074,0.004234940375607647,0.004234940375607647,138.79696406740405,0,0.0,True,True,True,False,True,False,False,True,True,True,False,2.5433425101028924,False,False,24.900000000000002,24.700000000000003,24.900000000000002,21.6,40.0,21.05,0,74.80518653802201,2.5413388459310524,1.0,s4_narrow_passage_medium,M7,27,0.15,2.0
False,19.25,0.9907546618133318,0.26537334701751564,True,98.9108402954297,1459.1587180395607,0.016853932584269662,73.78765125798863,0.010263626264858088,0.26067007565366923,0.006541545306732026,0.006541545306732026,139.41870697028946,0,0.0,True,True,True,False,True,False,False,True,True,True,False,2.5393299243463305,False,False,25.150000000000002,25.150000000000002,25.150000000000002,21.8,40.0,20.8,0,74.82277138886383,2.5413307210183365,1.0,s4_narrow_passage_medium,M7,28,0.15,2.0
False,19.400000000000002,0.9749991766288317,0.26934044689202524,True,98.21328405698928,1451.6918615149702,0.019558884727424054,75.21706096300042,0.012052680318628677,0.2566585210133773,0.0042346017641244045,0.0042346017641244045,138.99929706640197,0,0.0,True,True,True,False,True,False,False,True,True,True,False,2.5433414789866227,False,False,25.200000000000003,25.1,25.200000000000003,22.0,40.0,20.650000000000002,0,74.96271353236902,2.541296210444309,1.0,s4_narrow_passage_medium,M7,29,0.15,2.0
False,19.150000000000002,0.9920910399607867,0.2571056201063468,True,99.005821311126,1474.1846135375888,0.01643778610070745,74.84171710383958,0.012053450941402545,0.2566580096767614,0.004231716644287849,0.004231716644287849,139.5536900095321,0,0.0,True,True,True,False,True,False,False,True,True,True,False,2.5433419903232384,False,False,24.900000000000002,24.700000000000003,24.900000000000002,21.75,40.0,20.900000000000002,0,74.91145158732876,2.541324017275871,1.0,s4_narrow_passage_medium,M7,30,0.15,2.0
False,18.95,0.9968513392249638,0.26911307643266397,True,98.27221719719637,1444.186841726758,0.01373283395755306,74.01717650118438,0.010264885262461687,0.2606739263862698,0.00654752135346407,0.00654752135346407,138.8526771978608,0,0.0,True,True,True,False,True,False,False,True,True,True,False,2.53932607361373,False,False,25.35,24.75,25.35,21.55,40.0,21.1,0,75.05011422177338,2.541297409721858,1.0,s4_narrow_passage_medium,M7,31,0.15,2.0
False,19.200000000000003,0.9937330715895925,0.2575267221814065,True,98.95830563883203,1484.5459382029462,0.020183104452767373,74.91866916679705,0.010269399509144453,0.2606802033625796,0.006579101689569424,0.006579101689569424,139.68355767772272,0,0.0,True,True,True,False,True,False,False,True,True,True,False,2.5393197966374204,False,False,25.05,24.75,25.05,21.8,40.0,20.85,0,74.92040815109836,2.541327187112019,1.0,s4_narrow_passage_medium,M7,32,0.15,2.0
False,19.35,0.9694527074551049,0.2686094417075699,True,98.4137753828187,1448.6896506726016,0.020807324178110695,75.27449979484565,0.012057124824361986,0.256621194896924,0.004170367325792525,0.004170367325792525,139.09851247967572,0,0.0,True,True,True,False,True,False,False,True,True,True,False,2.543378805103076,False,False,25.5,25.1,25.5,21.950000000000003,40.0,20.700000000000003,0,74.81100233028614,2.5413281606767253,1.0,s4_narrow_passage_medium,M7,33,0.15,2.0
False,19.150000000000002,1.0017614738254188,0.2682675282492466,True,98.62044739901819,1459.6975949276937,0.015605493133583021,75.5745248727189,0.012055467244282386,0.25661605568458506,0.004176937944537316,0.004176937944537316,139.26291245795676,0,0.0,True,True,True,False,True,False,False,True,True,True,False,2.5433839443154147,False,False,25.5,25.0,25.5,21.700000000000003,40.0,20.900000000000002,0,74.80592355036534,2.5413324009274776,1.0,s4_narrow_passage_medium,M7,34,0.15,2.0
False,19.1,1.0056890102837441,0.2606628191834837,True,98.70485543159843,1471.7626488602014,0.01768622555139409,74.28445616306955,0.01026653620608232,0.2606754616309818,0.006558210716301778,0.006558210716301778,139.47700531733528,0,0.0,True,True,True,False,True,False,False,True,True,True,False,2.539324538369018,False,False,25.05,24.700000000000003,25.05,21.700000000000003,40.0,20.950000000000003,0,74.85956086112544,2.5413286147685703,1.0,s4_narrow_passage_medium,M7,35,0.15,2.0
False,19.35,0.9751939877151095,0.25898834000247933,True,98.71129569921739,1486.7374541987638,0.018310445276737412,75.59316197634035,0.012055259457326545,0.25661600475473123,0.004178776138500697,0.004178776138500697,139.5098022790609,0,0.0,True,True,True,False,True,False,False,True,True,True,False,2.543383995245269,False,False,25.200000000000003,24.900000000000002,25.200000000000003,21.950000000000003,40.0,20.700000000000003,0,74.88006691815598,2.5413228257932086,1.0,s4_narrow_passage_medium,M7,36,0.15,2.0
False,19.200000000000003,1.0053317641907127,0.2692365845087358,True,98.53382435159199,1449.3845511993197,0.017270079067831876,74.71391888852621,0.01205705955272078,0.25663721449958204,0.004187572261274156,0.004187572261274156,139.3302779095004,0,0.0,True,True,True,False,True,False,False,True,True,True,False,2.5433627855004177,False,False,25.400000000000002,24.900000000000002,25.400000000000002,21.8,40.0,20.85,0,74.98864270635691,2.5413023071056893,1.0,s4_narrow_passage_medium,M7,37,0.15,2.0
False,19.3,0.9903771890163033,0.2683330915085608,True,98.23274927041093,1468.182148182583,0.020807324178110695,74.84075424532911,0.01205711594039447,0.2566347479812181,0.004183740797711411,0.004183740797711411,139.08444506711314,0,0.0,True,True,True,False,True,False,False,True,True,True,False,2.5433652520187815,False,False,25.700000000000003,25.05,25.700000000000003,21.900000000000002,40.0,20.75,0,74.84457019893843,2.5413274387942746,1.0,s4_narrow_passage_medium,M7,38,0.15,2.0
False,19.35,0.9815483345897136,0.26798995754497296,True,99.06009698178,1470.2184264859436,0.022263836870578445,75.40013876592054,0.012056862148031542,0.2566183583780471,0.004169779158259344,0.004169779158259344,139.6364086724377,0,0.0,True,True,True,False,True,False,False,True,True,True,False,2.5433816416219526,False,False,25.55,24.950000000000003,25.55,21.950000000000003,40.0,20.700000000000003,0,74.823677021004,2.5413341198724915,1.0,s4_narrow_passage_medium,M7,39,0.15,2.0
False,19.900000000000002,0.9634893026265707,0.253591539563075,True,98.12197005450759,1489.07106779286,0.018310445276737412,75.18663144378452,0.01205279617062741,0.2566590522451455,0.00423656671681478,0.00423656671681478,139.3862397799949,0,0.0,True,True,True,False,True,False,False,True,True,True,False,2.5433409477548543,False,False,25.85,25.400000000000002,25.85,22.400000000000002,40.0,20.150000000000002,0,74.92749172629905,2.5413329244055047,1.0,s4_narrow_passage_medium,M7,10,0.15,4.0
False,19.900000000000002,0.984426125159523,0.27058660418009944,True,97.69743926120655,1493.5322781265818,0.021639617145235122,74.20837438761954,0.010266641261450053,0.2606717023367723,0.006563956135081811,0.006563956135081811,139.01715295306994,0,0.0,True,True,True,False,True,False,False,True,True,True,False,2.5393282976632277,False,False,26.05,25.55,26.05,22.400000000000002,40.0,20.150000000000002,0,74.93801468771207,2.5412499950098866,1.0,s4_narrow_passage_medium,M7,11,0.15,4.0
False,20.0,0.972899223460524,0.26601478543559226,True,96.87833889277395,1413.868092397302,0.024344569288389514,75.5907093493973,0.012055377809584789,0.25661568157787107,0.0041786226312491345,0.0041786226312491345,137.99971160614535,0,0.0,True,True,True,False,True,False,False,True,True,True,False,2.5433843184221288,False,False,26.75,26.05,26.75,22.55,40.0,20.05,0,74.91445289117432,2.541313576560762,1.0,s4_narrow_passage_medium,M7,12,0.15,4.0
False,19.700000000000003,0.9730915605235075,0.2674737019732707,True,98.1560405787834,1495.3681554049597,0.015189346650020807,74.976049910925,0.012053138943351636,0.25665895092765684,0.00423472157393193,0.00423472157393193,139.33155737301595,0,0.0,True,True,True,False,True,False,False,True,True,True,False,2.543341049072343,False,False,26.0,25.25,26.0,22.200000000000003,40.0,20.35,0,74.90543373593067,2.5413264067024923,1.0,s4_narrow_passage_medium,M7,13,0.15,4.0
False,19.25,1.0113712086143505,0.2601119100754546,True,98.80646348450983,1477.8076851804756,0.010819808572617561,74.88849285722742,0.012053338206125946,0.25665838858791323,0.004232947004093922,0.004232947004093922,139.55766921433712,0,0.0,True,True,True,False,True,False,False,True,True,True,False,2.5433416114120866,False,False,25.1,24.75,25.1,21.8,40.0,20.8,0,74.90480253891505,2.541324430360884,1.0,s4_narrow_passage_medium,M7,14,0.15,4.0
False,19.900000000000002,0.9801194906799588,0.2700271263906813,True,97.95018665074507,1482.138327408601,0.02184769038701623,75.56474868876593,0.012053806844641591,0.25663638061277644,0.004210731218306407,0.004210731218306407,139.3534523686609,0,0.0,True,True,True,False,True,False,False,True,True,True,False,2.5433636193872236,False,False,25.85,25.85,25.85,22.450000000000003,40.0,20.150000000000002,0,74.87667332118637,2.541290147788221,1.0,s4_narrow_passage_medium,M7,15,0.15,4.0
False,19.700000000000003,0.9803139772943574,0.26675770771989915,True,98.33437242105727,1481.907535457362,0.015189346650020807,75.24639404357015,0.010268933744134942,0.2606880468376133,0.006573359394720853,0.006573359394720853,139.43946552078154,0,0.0,True,True,True,False,True,False,False,True,True,True,False,2.5393119531623864,False,False,26.05,25.450000000000003,26.05,22.200000000000003,40.0,20.35,0,74.94326423951394,2.541332400068148,1.0,s4_narrow_passage_medium,M7,16,0.15,4.0
False,19.700000000000003,0.9972264888890152,0.2688101441021712,True,97.7811692433936,1447.8035557290837,0.016645859342488557,75.12788387112651,0.010269486071031975,0.26068479915223697,0.006578712390632319,0.006578712390632319,139.01234890829107,0,0.0,True,True,True,False,True,False,False,True,True,True,False,2.5393152008477626,False,False,25.85,25.35,25.85,22.200000000000003,40.0,20.35,0,74.92094736737842,2.541330045943495,1.0,s4_narrow_passage_medium,M7,17,0.15,4.0
False,20.0,0.9834106679406018,0.26887833757739776,True,97.95638790197646,1497.5575332464646,0.022055763628797336,75.50457401568354,0.012056232804326666,0.25661693672049807,0.004171893828964704,0.004171893828964704,139.3509995710936,0,0.0,True,True,True,False,True,False,False,True,True,True,False,2.5433830632795016,False,False,26.0,25.900000000000002,26.0,22.55,40.0,20.05,0,74.91302247324427,2.5413290593177824,1.0,s4_narrow_passage_medium,M7,18,0.15,4.0
False,19.8,0.9757095916316574,0.2675428354980369,True,98.05673506285797,1467.2146768607788,0.019350811485642945,75.28343363157042,0.010268444927675601,0.2606894706970491,0.006569751311899331,0.006569751311899331,139.20932105810445,0,0.0,True,True,True,False,True,False,False,True,True,True,False,2.5393105293029508,False,False,25.700000000000003,25.400000000000002,25.700000000000003,22.35,40.0,20.25,0,74.92014155316514,2.5413288018664724,1.0,s4_narrow_passage_medium,M7,19,0.15,4.0
False,19.8,0.9948163712228697,0.26889517424230286,True,98.01924237095136,1469.4788413687559,0.015189346650020807,74.40903438670755,0.0102672165061947,0.26067638359944506,0.006562585316352623,0.006562585316352623,139.28596389939747,0,0.0,True,True,True,False,True,False,False,True,True,True,False,2.5393236164005546,False,False,25.650000000000002,25.650000000000002,25.650000000000002,22.35,40.0,20.25,0,74.96198541589246,2.541315040197465,1.0,s4_narrow_passage_medium,M7,20,0.15,4.0
False,20.05,0.958741484459632,0.2663322404765243,True,99.00489810058158,1509.088851342041,0.019558884727424054,73.61451596146922,0.010262668884315785,0.26066585339182113,0.006536976729505792,0.006536976729505792,140.07688090819062,0,0.0,True,True,True,False,True,False,False,True,True,True,False,2.5393341466081787,False,False,26.150000000000002,25.900000000000002,26.150000000000002,22.55,40.0,20.0,0,74.92690149925077,2.5413278209743857,1.0,s4_narrow_passage_medium,M7,21,0.15,4.0
False,19.650000000000002,0.9774354978881623,0.2611013096990312,True,98.81186962949735,1496.3387833184768,0.014148980441115273,74.53319130255969,0.012056382250042423,0.25664219449445463,0.004196418838781786,0.004196418838781786,139.80033941635043,0,0.0,True,True,True,False,True,False,False,True,True,True,False,2.5433578055055452,False,False,26.200000000000003,25.3,26.200000000000003,22.1,40.0,20.400000000000002,0,74.84353006309631,2.5413377698861193,1.0,s4_narrow_passage_medium,M7,22,0.15,4.0
False,19.450000000000003,0.9862791384601615,0.26520740501826934,True,96.8308393066763,1361.4826245300117,0.01373283395755306,74.93858657211388,0.012057185119177145,0.2566324262666157,0.004180650082570965,0.004180650082570965,137.59118926181122,0,0.0,True,True,True,False,True,False,False,True,True,True,False,2.5433675737333843,False,False,26.200000000000003,25.5,26.200000000000003,22.0,40.0,20.6,0,74.82497925653283,2.541332980696569,1.0,s4_narrow_passage_medium,M7,23,0.15,4.0
False,19.75,0.9825400803922884,0.2658208946647428,True,97.03362017252944,1392.0760259214844,0.017478152309612985,75.31013109550663,0.010262759436601612,0.26066274444958304,0.006544165234681878,0.006544165234681878,138.033660883637,0,0.0,True,True,True,False,True,False,False,True,True,True,False,2.539337255550417,False,False,26.55,25.85,26.55,22.35,40.0,20.3,0,74.95582665353692,2.541317247205857,1.0,s4_narrow_passage_medium,M7,24,0.15,4.0
False,19.85,0.9752546813079228,0.2675027364884104,True,98.46131266430984,1504.706223403315,0.018310445276737412,75.5452582328145,0.012053256644143076,0.2566408857287723,0.004215118382158653,0.004215118382158653,139.7928253100243,0,0.0,True,True,True,False,True,False,False,True,True,True,False,2.5433591142712277,False,False,25.55,25.450000000000003,25.55,22.400000000000002,40.0,20.200000000000003,0,74.91669477181784,2.5413277239292107,1.0,s4_narrow_passage_medium,M7,25,0.15,4.0
False,19.8,0.9709235305895014,0.2626648353281947,True,98.11423502604767,1489.1747543720421,0.02039117769454848,74.5408560145757,0.010267978900125712,0.2606763791286344,0.006568300417937001,0.006568300417937001,139.27389691669163,0,0.0,True,True,True,False,True,False,False,True,True,True,False,2.5393236208713654,False,False,25.8,25.700000000000003,25.8,22.3,40.0,20.25,0,74.85950608032998,2.541333923240955,1.0,s4_narrow_passage_medium,M7,26,0.15,4.0
False,19.400000000000002,1.0211662422245487,0.2573784792045616,True,98.4238319679556,1484.3562421649283,0.010611735330836454,75.3045290506654,0.010268088191609943,0.26069033444679196,0.006566167111673035,0.006566167111673035,139.31879154158418,0,0.0,True,True,True,False,True,False,False,True,True,True,False,2.539309665553208,False,False,25.25,24.900000000000002,25.25,21.950000000000003,40.0,20.650000000000002,0,74.91632292776733,2.5413271357340115,1.0,s4_narrow_passage_medium,M7,27,0.15,4.0
False,19.75,0.9923176770981679,0.2654951090969971,True,98.68581469939156,1487.8218920300646,0.01581356637536413,75.31071486974542,0.010267956450283834,0.26069066953152326,0.0065650991649531636,0.0065650991649531636,139.60322818419888,0,0.0,True,True,True,False,True,False,False,True,True,True,False,2.5393093304684764,False,False,25.75,25.5,25.75,22.25,40.0,20.3,0,74.91882750277793,2.541331776756861,1.0,s4_narrow_passage_medium,M7,28,0.15,4.0
False,20.0,0.9773968257423726,0.26748434367828117,True,98.21850938161154,1490.9499691754397,0.020599250936329586,75.61903217126269,0.012054537936664611,0.2566169233056415,0.0041857161705507375,0.0041857161705507375,139.43358055859562,0,0.0,True,True,True,False,True,False,False,True,True,True,False,2.5433830766943584,False,False,25.650000000000002,25.55,25.650000000000002,22.5,40.0,20.05,0,74.91126727707429,2.541327304351752,1.0,s4_narrow_passage_medium,M7,29,0.15,4.0
False,19.6,0.9939193012886978,0.27003807838995625,True,98.19642617324035,1467.4240741426229,0.014565126924677487,75.47247675559184,0.012056397794092491,0.25661748122668765,0.004173667506784758,0.004173667506784758,139.26426340940793,0,0.0,True,True,True,False,True,False,False,True,True,True,False,2.543382518773312,False,False,25.8,25.3,25.8,22.200000000000003,40.0,20.450000000000003,0,74.88404648831433,2.541305015122829,1.0,s4_narrow_passage_medium,M7,30,0.15,4.0
False,19.450000000000003,0.9980350443752906,0.26182486626660767,True,98.57919339457362,1493.1477765539157,0.010819808572617561,73.37831497596206,0.010261888656118904,0.260665103673655,0.006534427171658311,0.006534427171658311,139.40140710856033,0,0.0,True,True,True,False,True,False,False,True,True,True,False,2.539334896326345,False,False,25.200000000000003,25.0,25.200000000000003,21.900000000000002,40.0,20.6,0,74.81654635022691,2.541337699178521,1.0,s4_narrow_passage_medium,M7,31,0.15,4.0
False,19.700000000000003,0.9958389585381011,0.2674471403130952,True,98.47642604260734,1492.5499187851726,0.01768622555139409,74.95254374782793,0.010269484468292393,0.26068056522425836,0.006579264407578864,0.006579264407578864,139.6585484771389,0,0.0,True,True,True,False,True,False,False,True,True,True,False,2.5393194347757415,False,False,25.5,25.400000000000002,25.5,22.25,40.0,20.35,0,74.91980170827675,2.5413299278530026,1.0,s4_narrow_passage_medium,M7,32,0.15,4.0
False,19.8,0.9694114019477855,0.26739153649130415,True,98.57393782757151,1495.2554440741742,0.01643778610070745,75.12740318615506,0.010269523230110275,0.26068468042374265,0.006578718085971957,0.006578718085971957,139.67648581727667,0,0.0,True,True,True,False,True,False,False,True,True,True,False,2.5393153195762572,False,False,25.8,25.35,25.8,22.3,40.0,20.25,0,74.91205655058099,2.5413350194638036,1.0,s4_narrow_passage_medium,M7,33,0.15,4.0
False,19.650000000000002,1.0025268345578386,0.2642632028848572,True,97.04402983793145,1396.71434375326,0.015605493133583021,74.50774751768333,0.010267784997964545,0.2606762370327264,0.006567708413859127,0.006567708413859127,137.93932010362417,0,0.0,True,True,True,False,True,False,False,True,True,True,False,2.5393237629672734,False,False,26.400000000000002,25.700000000000003,26.400000000000002,22.200000000000003,40.0,20.400000000000002,0,74.85739812258102,2.5413357199068707,1.0,s4_narrow_passage_medium,M7,34,0.15,4.0
False,19.6,1.0070795586336165,0.25849707510372644,True,98.37954175483094,1508.9940947192922,0.016645859342488557,74.74584453317496,0.012056989191523017,0.2566369458394597,0.004186765888770609,0.004186765888770609,139.6882876065511,0,0.0,True,True,True,False,True,False,False,True,True,True,False,2.5433630541605403,False,False,25.5,25.1,25.5,22.150000000000002,40.0,20.450000000000003,0,74.89526147151396,2.5413201097256057,1.0,s4_narrow_passage_medium,M7,35,0.15,4.0
False,19.900000000000002,0.9759516880728649,0.2565810174069912,True,98.4048794128837,1510.1644107290006,0.019350811485642945,75.317361475659,0.010263180770966362,0.2606649590031827,0.0065448033753361,0.0065448033753361,139.6397954731434,0,0.0,True,True,True,False,True,False,False,True,True,True,False,2.539335040996817,False,False,25.8,25.35,25.8,22.400000000000002,40.0,20.150000000000002,0,74.91960633185707,2.5413293766819463,1.0,s4_narrow_passage_medium,M7,36,0.15,4.0
False,19.700000000000003,1.0069460219694315,0.269928315039315,True,98.26708984073053,1471.2272253774906,0.01581356637536413,74.35772918182735,0.012055475945029794,0.25664881204370826,0.004212482849827668,0.004212482849827668,139.4414393279621,0,0.0,True,True,True,False,True,False,False,True,True,True,False,2.543351187956292,False,False,25.6,25.400000000000002,25.6,22.25,40.0,20.35,0,74.92022564311836,2.541300398684435,1.0,s4_narrow_passage_medium,M7,37,0.15,4.0
False,19.8,0.9924995167520916,0.2665335696874682,True,98.19616795348377,1495.7954950774683,0.018518518518518517,75.62149867656989,0.01205427488048686,0.25661744552147997,0.0041872655656359625,0.0041872655656359625,139.37605665445835,0,0.0,True,True,True,False,True,False,False,True,True,True,False,2.54338255447852,False,False,25.900000000000002,25.8,25.900000000000002,22.35,40.0,20.25,0,74.92579227603815,2.541331522481403,1.0,s4_narrow_passage_medium,M7,38,0.15,4.0
False,19.900000000000002,0.9829495705222737,0.26742379854969234,True,98.31421744047354,1490.552582459111,0.021431543903454017,75.33225846028198,0.010264028586104519,0.26067181030774583,0.006547484424499617,0.006547484424499617,139.56929413570714,0,0.0,True,True,True,False,True,False,False,True,True,True,False,2.539328189692254,False,False,25.8,25.5,25.8,22.450000000000003,40.0,20.150000000000002,0,74.91654151398131,2.541327935021236,1.0,s4_narrow_passage_medium,M7,39,0.15,4.0
False,19.950000000000003,0.9641215412453972,0.26766949366423876,True,98.55188828474655,1486.3119874959725,0.017270079067831876,73.27129904991605,0.010261748175747596,0.2606640898065196,0.006533320692423589,0.006533320692423589,139.66711865859205,0,0.0,True,True,True,False,True,False,False,True,True,True,False,2.53933591019348,False,False,26.25,25.75,26.25,22.400000000000002,40.0,20.1,0,74.92440029030534,2.5413274903985554,1.0,s4_narrow_passage_medium,M7,10,0.15,6.0
False,19.900000000000002,0.9835599909661028,0.26504805354542826,True,98.21252294929835,1519.5131863062034,0.02122347066167291,75.1762426611162,0.010269296062129452,0.2606869529289035,0.006577245009343163,0.006577245009343163,139.43274038469076,0,0.0,True,True,True,False,True,False,False,True,True,True,False,2.5393130470710963,False,False,25.55,25.450000000000003,25.55,22.400000000000002,40.0,20.150000000000002,0,74.93500900333797,2.5413233975763774,1.0,s4_narrow_passage_medium,M7,11,0.15,6.0
False,20.05,0.9725765301200997,0.26882182427440976,True,97.85171156668498,1500.7917029304758,0.0239284228048273,75.38235022141801,0.012056871308456597,0.25661883181688455,0.004169230641275622,0.004169230641275622,139.225333058287,0,0.0,True,True,True,False,True,False,False,True,True,True,False,2.543381168183115,False,False,25.8,25.700000000000003,25.8,22.55,40.0,20.0,0,74.910773217253,2.541327995277519,1.0,s4_narrow_passage_medium,M7,12,0.15,6.0
False,19.75,0.9741360453117933,0.2673773548249551,True,98.51943208892628,1500.0737924333753,0.013524760715771952,75.30339969711265,0.010268112954270318,0.26069029288266193,0.006566497625102615,0.006566497625102615,139.54626577491982,0,0.0,True,True,True,False,True,False,False,True,True,True,False,2.539309707117338,False,False,26.05,25.55,26.05,22.200000000000003,40.0,20.3,0,74.92345886327121,2.5413316477895473,1.0,s4_narrow_passage_medium,M7,13,0.15,6.0
False,19.25,1.0131754578724148,0.2655119364167389,True,99.15855368101388,1473.340476612973,0.009987515605493134,75.23250598086422,0.012057253388707148,0.2566227153202492,0.004171063502004146,0.004171063502004146,139.73575091653586,0,0.0,True,True,True,False,True,False,False,True,True,True,False,2.5433772846797504,False,False,25.3,25.05,25.3,21.75,40.0,20.8,0,74.8204840148589,2.5413319627732753,1.0,s4_narrow_passage_medium,M7,14,0.15,6.0
False,19.950000000000003,0.9804598581921657,0.2649571561658314,True,98.42232365962386,1512.0090023219514,0.02247191011235955,75.48847554691376,0.012053303868068766,0.2566484879460616,0.00422205585366653,0.00422205585366653,139.83615081714706,0,0.0,True,True,True,False,True,False,False,True,True,True,False,2.5433515120539383,False,False,26.05,25.6,26.05,22.450000000000003,40.0,20.1,0,74.91833267605686,2.541322702006567,1.0,s4_narrow_passage_medium,M7,15,0.15,6.0
False,19.700000000000003,0.9790009828731197,0.25033584944369436,True,97.65266420905147,1447.0346151574017,0.01893466500208073,75.00994800583051,0.010269672001811753,0.2606811824474828,0.006580884381394598,0.006580884381394598,138.65067646791286,0,0.0,True,True,True,False,True,False,False,True,True,True,False,2.539318817552517,False,False,25.700000000000003,25.5,25.700000000000003,22.150000000000002,40.0,20.35,0,74.93957209336601,2.5413135283538644,1.0,s4_narrow_passage_medium,M7,16,0.15,6.0
False,19.75,0.9967180614505227,0.2499657584643104,True,97.75269401257947,1439.5709909920474,0.01581356637536413,74.67997851752162,0.012056764700001457,0.25663878500050546,0.00419016529902037,0.00419016529902037,138.9390462663711,0,0.0,True,True,True,False,True,False,False,True,True,True,False,2.543361214999494,False,False,25.900000000000002,25.400000000000002,25.900000000000002,22.25,40.0,20.3,0,74.8417400962737,2.5413316599914584,1.0,s4_narrow_passage_medium,M7,17,0.15,6.0
False,20.05,0.9837003005126628,0.26524877387838436,True,97.27643682471293,1443.0025438191446,0.023096129837702872,75.39803394060027,0.012057008132744275,0.25661789713782157,0.004169396593542851,0.004169396593542851,138.4758153809526,0,0.0,True,True,True,False,True,False,False,True,True,True,False,2.543382102862178,False,False,26.8,26.1,26.8,22.55,40.0,20.0,0,74.93043296213628,2.541308512830876,1.0,s4_narrow_passage_medium,M7,18,0.15,6.0
False,19.85,0.9745697945269363,0.2666290574802561,True,98.5017992065265,1479.2177106721551,0.01706200582605077,75.61796280395403,0.012054572383411538,0.2566169034966527,0.004185470973745392,0.004185470973745392,139.52070650628036,0,0.0,True,True,True,False,True,False,False,True,True,True,False,2.543383096503347,False,False,26.200000000000003,25.6,26.200000000000003,22.35,40.0,20.200000000000003,0,74.92065713946704,2.5413314313669018,1.0,s4_narrow_passage_medium,M7,19,0.15,6.0
False,19.85,0.9939949437869802,0.2651050485172691,True,98.32564817763466,1498.002120340745,0.016021639617145235,75.1786789790724,0.01205288170988758,0.2566588713305791,0.0042364627207207295,0.0042364627207207295,139.6879285613914,0,0.0,True,True,True,False,True,False,False,True,True,True,False,2.5433411286694207,False,False,25.5,25.400000000000002,25.5,22.35,40.0,20.200000000000003,0,74.91827344809825,2.5413213321213557,1.0,s4_narrow_passage_medium,M7,20,0.15,6.0
False,20.1,0.9596036797079048,0.2655415887503066,True,99.02656139609473,1507.2001396099145,0.01914273824386184,73.31162548696983,0.01026184229276201,0.26066438120645335,0.0065336877887552346,0.0065336877887552346,140.09106883852593,0,0.0,True,True,True,False,True,False,False,True,True,True,False,2.5393356187935465,False,False,26.55,26.150000000000002,26.55,22.55,40.0,19.950000000000003,0,74.9378126260963,2.5413296977671713,1.0,s4_narrow_passage_medium,M7,21,0.15,6.0
False,19.700000000000003,0.9773276266691429,0.2652431183829587,True,97.41152563641378,1402.570924511091,0.014773200166458594,75.09434344551471,0.010269533475817189,0.2606836806061266,0.006580207047066794,0.006580207047066794,138.34593841287767,0,0.0,True,True,True,False,True,False,False,True,True,True,False,2.539316319393873,False,False,26.450000000000003,25.700000000000003,26.450000000000003,22.200000000000003,40.0,20.35,0,74.9447006971498,2.541328279169274,1.0,s4_narrow_passage_medium,M7,22,0.15,6.0
False,19.55,0.9865878017508798,0.2702115698626757,True,98.04775112593859,1453.0837447522185,0.013524760715771952,75.21336655051549,0.012052577567485642,0.2566596089406026,0.004237527282994312,0.004237527282994312,139.02611752914575,0,0.0,True,True,True,False,True,False,False,True,True,True,False,2.543340391059397,False,False,25.450000000000003,25.450000000000003,25.450000000000003,22.05,40.0,20.5,0,74.89144032766765,2.541319540783174,1.0,s4_narrow_passage_medium,M7,23,0.15,6.0
False,19.85,0.9824850999102195,0.25409840043440096,True,98.3481668470638,1501.8069558496577,0.01706200582605077,74.92172143617225,0.010269436223885564,0.26068016166141206,0.0065790302455452,0.0065790302455452,139.5487162275108,0,0.0,True,True,True,False,True,False,False,True,True,True,False,2.5393198383385878,False,False,25.8,25.35,25.8,22.35,40.0,20.200000000000003,0,74.91394800832958,2.541333779617748,1.0,s4_narrow_passage_medium,M7,24,0.15,6.0
False,19.900000000000002,0.9753279932571053,0.2648219552371997,True,98.73617234945368,1525.2439460462522,0.018518518518518517,75.29477926428888,0.010268240830036681,0.2606900178927873,0.006567918411856658,0.006567918411856658,140.05943571138937,0,0.0,True,True,True,False,True,False,False,True,True,True,False,2.5393099821072127,False,False,25.75,25.450000000000003,25.75,22.400000000000002,40.0,20.150000000000002,0,74.90465402439965,2.541321495184329,1.0,s4_narrow_passage_medium,M7,25,0.15,6.0
False,19.900000000000002,0.97059019354094,0.267407717669862,True,98.6213676815272,1508.382626426112,0.019975031210986267,72.96399107302904,0.010261613116538183,0.2606605676105949,0.006535732878104678,0.006535732878104678,139.8301064294647,0,0.0,True,True,True,False,True,False,False,True,True,True,False,2.5393394323894047,False,False,25.85,25.6,25.85,22.35,40.0,20.150000000000002,0,74.92270582787921,2.5413300304393345,1.0,s4_narrow_passage_medium,M7,26,0.15,6.0
False,19.400000000000002,1.0214765162220616,0.27061673941548176,True,98.11944455814128,1461.1709756269122,0.010403662089055347,74.58105156117095,0.01027212227994097,0.260668000899163,0.006576311182343492,0.006576311182343492,139.00267093350467,0,0.0,True,True,True,False,True,False,False,True,True,True,False,2.539331999100837,False,False,25.6,25.1,25.6,21.950000000000003,40.0,20.650000000000002,0,74.96248739278886,2.5412150011241064,1.0,s4_narrow_passage_medium,M7,27,0.15,6.0
False,19.75,0.9923384561348929,0.264313726500737,True,98.81793113853018,1490.9825889862145,0.015605493133583021,75.60478560909618,0.01205339005433905,0.2566251487058449,0.004200662949204645,0.004200662949204645,139.71161941616307,0,0.0,True,True,True,False,True,False,False,True,True,True,False,2.5433748512941547,False,False,25.55,25.55,25.55,22.25,40.0,20.3,0,74.90135765383293,2.541332039968188,1.0,s4_narrow_passage_medium,M7,28,0.15,6.0
False,20.0,0.9760117683661231,0.2674955957450401,True,98.64102792077566,1496.9399935777656,0.018310445276737412,73.43769412623745,0.010262106802787819,0.2606653525733524,0.006534612077691486,0.006534612077691486,139.68321592404948,0,0.0,True,True,True,False,True,False,False,True,True,True,False,2.5393346474266476,False,False,26.05,25.8,26.05,22.450000000000003,40.0,20.05,0,74.93427995261008,2.541328535727365,1.0,s4_narrow_passage_medium,M7,29,0.15,6.0
False,19.650000000000002,0.9953263361537636,0.268856357942083,True,98.25349112747978,1472.1820733172221,0.01435705368289638,74.85110086900494,0.01205343704205928,0.2566580653065638,0.004232001337815009,0.004232001337815009,139.3108440793585,0,0.0,True,True,True,False,True,False,False,True,True,True,False,2.543341934693436,False,False,25.55,25.55,25.55,22.200000000000003,40.0,20.400000000000002,0,74.90679103550488,2.5413276675536505,1.0,s4_narrow_passage_medium,M7,30,0.15,6.0
False,19.5,0.9981317059426902,0.2665394702577438,True,98.66032105816832,1485.5336399508808,0.011652101539741989,74.33439869874978,0.01026684416796765,0.26067563332719773,0.006560447754592501,0.006560447754592501,139.41982146823617,0,0.0,True,True,True,False,True,False,False,True,True,True,False,2.539324366672802,False,False,25.450000000000003,25.200000000000003,25.450000000000003,21.950000000000003,40.0,20.55,0,74.85516809444833,2.541331203104061,1.0,s4_narrow_passage_medium,M7,31,0.15,6.0
False,19.700000000000003,0.9949393880730628,0.25388645500437157,True,98.5231311951022,1506.0433889673868,0.0178942987931752,74.66124286086355,0.010268523637723714,0.2606772138757254,0.0065721179496149446,0.0065721179496149446,139.69647982168163,0,0.0,True,True,True,False,True,False,False,True,True,True,False,2.5393227861242744,False,False,25.5,25.200000000000003,25.5,22.25,40.0,20.35,0,74.8922576495231,2.541334188119847,1.0,s4_narrow_passage_medium,M7,32,0.15,6.0
False,19.900000000000002,0.9702308721604462,0.2571248486016086,True,98.36767791166098,1495.8023721439702,0.016645859342488557,74.72261996330793,0.010268965384070091,0.2606774519736496,0.0065735503267009355,0.0065735503267009355,139.45482024921878,0,0.0,True,True,True,False,True,False,False,True,True,True,False,2.5393225480263504,False,False,25.650000000000002,25.650000000000002,25.650000000000002,22.35,40.0,20.150000000000002,0,74.89918548948553,2.5412945581218525,1.0,s4_narrow_passage_medium,M7,33,0.15,6.0
False,19.700000000000003,1.0026402941883512,0.27072996341083333,True,98.25682043093042,1491.624741714561,0.014565126924677487,75.17498775649051,0.012057503754402517,0.2566244962896563,0.0041694288756968295,0.0041694288756968295,139.41682185640715,0,0.0,True,True,True,False,True,False,False,True,True,True,False,2.5433755037103434,False,False,25.950000000000003,25.35,25.950000000000003,22.200000000000003,40.0,20.35,0,74.88229133571257,2.5412911159065303,1.0,s4_narrow_passage_medium,M7,34,0.15,6.0
False,19.650000000000002,1.0076139032892242,0.256205413985883,True,98.36845418585902,1509.1618601349683,0.017478152309612985,74.6301286123792,0.010268379750391412,0.26067697369963233,0.006571174468577149,0.006571174468577149,139.67000418819683,0,0.0,True,True,True,False,True,False,False,True,True,True,False,2.5393230263003677,False,False,25.900000000000002,25.150000000000002,25.900000000000002,22.200000000000003,40.0,20.400000000000002,0,74.88988525516592,2.5413330564793144,1.0,s4_narrow_passage_medium,M7,35,0.15,6.0
False,19.950000000000003,0.9755088304010118,0.2648575391497838,True,98.51897627266526,1505.8925599052322,0.018518518518518517,75.32679605314671,0.010267477340732373,0.26069174182939997,0.006561114810137338,0.006561114810137338,139.73595222029985,0,0.0,True,True,True,False,True,False,False,True,True,True,False,2.5393082581705997,False,False,26.0,25.650000000000002,26.0,22.400000000000002,40.0,20.1,0,74.91313286591306,2.541319613101159,1.0,s4_narrow_passage_medium,M7,36,0.15,6.0
False,19.700000000000003,1.0070974327119548,0.2704024625439818,True,98.43091474750639,1480.0323510314952,0.016021639617145235,74.33000721686572,0.012055718656195154,0.25664612949781784,0.0041983360344583715,0.0041983360344583715,139.6012494800529,0,0.0,True,True,True,False,True,False,False,True,True,True,False,2.543353870502182,False,False,25.5,25.400000000000002,25.5,22.25,40.0,20.35,0,74.89967428694777,2.5412770523905337,1.0,s4_narrow_passage_medium,M7,37,0.15,6.0
False,19.85,0.9926075457340262,0.2668281166537742,True,98.33510784287132,1501.8285286891942,0.019558884727424054,75.3140819755716,0.010263018059574755,0.26066362378591285,0.006544376372082078,0.006544376372082078,139.48827819755883,0,0.0,True,True,True,False,True,False,False,True,True,True,False,2.539336376214087,False,False,25.6,25.6,25.6,22.35,40.0,20.200000000000003,0,74.91931923164424,2.5413307881954283,1.0,s4_narrow_passage_medium,M7,38,0.15,6.0
False,19.950000000000003,0.9831685234993943,0.2649698218540386,True,98.72586264094332,1504.1127437253044,0.020183104452767373,75.25366980681089,0.010261892751121353,0.26065830173730337,0.006539345323432634,0.006539345323432634,139.86700666801525,0,0.0,True,True,True,False,True,False,False,True,True,True,False,2.5393416982626964,False,False,26.450000000000003,26.05,26.450000000000003,22.450000000000003,40.0,20.1,0,74.93763855760345,2.5413313631141174,1.0,s4_narrow_passage_medium,M7,39,0.15,6.0
False,19.950000000000003,0.9631857693455792,0.26880974744402253,True,98.0811070431025,1477.557548191012,0.019350811485642945,75.28814720477693,0.01026207261654951,0.260657070793853,0.006541350836391057,0.006541350836391057,139.2901092246055,0,0.0,True,True,True,False,True,False,False,True,True,True,False,2.5393429292061467,False,False,26.150000000000002,25.650000000000002,26.150000000000002,22.400000000000002,40.0,20.1,0,74.91752343858857,2.5413285527733627,1.0,s4_narrow_passage_medium,M7,10,0.15,8.0
False,19.900000000000002,0.9828573788883703,0.2666062968255284,True,97.80722752560347,1477.5214767914294,0.019350811485642945,75.40134537458535,0.012056715840313271,0.2566188889197227,0.004169201628038589,0.004169201628038589,138.877502175751,0,0.0,True,True,True,False,True,False,False,True,True,True,False,2.543381111080277,False,False,25.950000000000003,25.700000000000003,25.950000000000003,22.400000000000002,40.0,20.150000000000002,0,74.90969431811423,2.541328669150258,1.0,s4_narrow_passage_medium,M7,11,0.15,8.0
False,20.0,0.9726558900047408,0.26623265824941456,True,98.66512095593967,1523.7140502026466,0.02372034956304619,75.44133328421997,0.012056671419812261,0.2566178103254594,0.0041704538505044925,0.0041704538505044925,139.77823620850447,0,0.0,True,True,True,False,True,False,False,True,True,True,False,2.5433821896745403,False,False,25.75,25.75,25.75,22.450000000000003,40.0,20.05,0,74.92538066371704,2.5413308165120725,1.0,s4_narrow_passage_medium,M7,12,0.15,8.0
False,19.75,0.9730964900667802,0.2696174422112558,True,98.24381402478122,1495.6577743226958,0.015605493133583021,75.34276104405488,0.010266341354152273,0.26068663457954483,0.0065568146795908,0.0065568146795908,139.28759998733779,0,0.0,True,True,True,False,True,False,False,True,True,True,False,2.539313365420455,False,False,25.950000000000003,25.450000000000003,25.950000000000003,22.150000000000002,40.0,20.3,0,74.9006597907449,2.5413048365509394,1.0,s4_narrow_passage_medium,M7,13,0.15,8.0
False,19.25,1.0112288636540978,0.2607371291790731,True,99.05280453183852,1477.761519275238,0.011235955056179775,74.92212687115114,0.012053197809371566,0.2566589146608698,0.0042342236798598555,0.0042342236798598555,139.6913173574124,0,0.0,True,True,True,False,True,False,False,True,True,True,False,2.54334108533913,False,False,25.1,25.1,25.1,21.75,40.0,20.8,0,74.8106167371814,2.5413385609657597,1.0,s4_narrow_passage_medium,M7,14,0.15,8.0
False,19.950000000000003,0.9804233614633164,0.2705388839693169,True,98.25768031190788,1497.398064858927,0.023096129837702872,75.52334705364014,0.012057492206849397,0.2566115237070756,0.004171890248745239,0.004171890248745239,139.64499759184622,0,0.0,True,True,True,False,True,False,False,True,True,True,False,2.5433884762929244,False,False,26.1,25.6,26.1,22.5,40.0,20.1,0,74.97825742525008,2.5412480676597355,1.0,s4_narrow_passage_medium,M7,15,0.15,8.0
False,19.650000000000002,0.9796613554901923,0.27033490190924386,True,98.02834631147475,1466.684041057852,0.01976695796920516,75.42405711894946,0.012056879067079924,0.2566174672857185,0.00417404863008149,0.00417404863008149,139.08373294819185,0,0.0,True,True,True,False,True,False,False,True,True,True,False,2.5433825327142814,False,False,25.5,25.5,25.5,22.1,40.0,20.400000000000002,0,74.91449323742543,2.5412618242845113,1.0,s4_narrow_passage_medium,M7,16,0.15,8.0
False,19.75,0.9970029070255204,0.2687909002594705,True,97.95035530017708,1456.2321747643634,0.016645859342488557,75.47544304981207,0.012053326755523114,0.25664989942549415,0.004223465638606729,0.004223465638606729,139.1789516306642,0,0.0,True,True,True,False,True,False,False,True,True,True,False,2.543350100574506,False,False,25.85,25.650000000000002,25.85,22.25,40.0,20.3,0,74.9059971044332,2.5413278204241023,1.0,s4_narrow_passage_medium,M7,17,0.15,8.0
False,20.05,0.9839779965260493,0.27020982222665707,True,98.2750957116642,1516.567502655891,0.024136496046608405,74.81076681088537,0.010268817578326461,0.2606795750338928,0.006576875685127808,0.006576875685127808,139.6418988781776,0,0.0,True,True,True,False,True,False,False,True,True,True,False,2.539320424966107,False,False,26.3,25.700000000000003,26.3,22.55,40.0,20.0,0,74.88213050993994,2.5412985022996164,1.0,s4_narrow_passage_medium,M7,18,0.15,8.0
False,19.85,0.9764799686202628,0.26668799397445914,True,98.59514539665048,1484.6261821831108,0.017478152309612985,75.59668456494623,0.012053371529439775,0.2566283964862832,0.004203486271820259,0.004203486271820259,139.56923678243047,0,0.0,True,True,True,False,True,False,False,True,True,True,False,2.543371603513717,False,False,26.200000000000003,25.700000000000003,26.200000000000003,22.3,40.0,20.200000000000003,0,74.9124467392153,2.541332970329693,1.0,s4_narrow_passage_medium,M7,19,0.15,8.0
False,19.85,0.9933111245274582,0.2614062885536878,True,97.79713498632105,1453.5078348945103,0.016021639617145235,73.90133355261918,0.010261665192287397,0.26065966106029886,0.006537385571578694,0.006537385571578694,138.9564163459117,0,0.0,True,True,True,False,True,False,False,True,True,True,False,2.539340338939701,False,False,25.85,25.650000000000002,25.85,22.3,40.0,20.200000000000003,0,74.910742781951,2.541316858123968,1.0,s4_narrow_passage_medium,M7,20,0.15,8.0
False,20.05,0.9587678546253133,0.26927840655524693,True,98.67077526961954,1480.8958487642167,0.018726591760299626,75.59422975271647,0.01205497373875883,0.25661683156731624,0.0041815113457388635,0.0041815113457388635,139.65999814723784,0,0.0,True,True,True,False,True,False,False,True,True,True,False,2.5433831684326837,False,False,26.0,26.0,26.0,22.55,40.0,20.0,0,74.91119128267053,2.541308793717635,1.0,s4_narrow_passage_medium,M7,21,0.15,8.0
False,19.650000000000002,0.9762846828755285,0.2633697978124639,True,98.69112575388343,1487.9570403147952,0.015189346650020807,75.0049773541826,0.012057400756591686,0.25663006649366854,0.004178060441164062,0.004178060441164062,139.75060087372367,0,0.0,True,True,True,False,True,False,False,True,True,True,False,2.543369933506331,False,False,25.900000000000002,25.400000000000002,25.900000000000002,22.150000000000002,40.0,20.400000000000002,0,74.83448014097037,2.54132827677319,1.0,s4_narrow_passage_medium,M7,22,0.15,8.0
False,19.55,0.9868296645635943,0.26760446185298087,True,98.24609361070287,1457.3117116095593,0.012900540990428632,74.92510144397224,0.010269470649249556,0.2606801239289521,0.006579158702233771,0.006579158702233771,139.08014531131028,0,0.0,True,True,True,False,True,False,False,True,True,True,False,2.5393198760710476,False,False,25.400000000000002,25.400000000000002,25.400000000000002,22.0,40.0,20.5,0,74.87872604172834,2.5413423118150202,1.0,s4_narrow_passage_medium,M7,23,0.15,8.0
False,19.8,0.9808083811180215,0.2688145286731504,True,98.1978954350062,1487.9677070566822,0.018310445276737412,75.58517198071321,0.01205337697640699,0.25663209387331554,0.004206934663779147,0.004206934663779147,139.3772811151563,0,0.0,True,True,True,False,True,False,False,True,True,True,False,2.5433679061266843,False,False,25.700000000000003,25.5,25.700000000000003,22.35,40.0,20.25,0,74.90458188810558,2.5413288272183445,1.0,s4_narrow_passage_medium,M7,24,0.15,8.0
False,19.900000000000002,0.9758693335902267,0.26280747110386654,True,98.84546453094276,1527.9884417065523,0.018726591760299626,74.81808383195755,0.010269099864698443,0.2606791239508135,0.00657696921609121,0.00657696921609121,140.11429224116029,0,0.0,True,True,True,False,True,False,False,True,True,True,False,2.539320876049186,False,False,25.950000000000003,25.400000000000002,25.950000000000003,22.400000000000002,40.0,20.150000000000002,0,74.8995229563467,2.5413257909313787,1.0,s4_narrow_passage_medium,M7,25,0.15,8.0
False,19.900000000000002,0.9702899290200298,0.2698230213704699,True,98.29104378936682,1500.7030620223559,0.021015397419891804,73.62776532150781,0.010262488713726767,0.26066602337813505,0.006538714155056933,0.006538714155056933,139.52685518874154,0,0.0,True,True,True,False,True,False,False,True,True,True,False,2.5393339766218648,False,False,25.75,25.650000000000002,25.75,22.35,40.0,20.150000000000002,0,74.88555371840876,2.5412942565323333,1.0,s4_narrow_passage_medium,M7,26,0.15,8.0
False,19.400000000000002,1.021229358741212,0.25146153119190107,True,98.32094703796817,1469.771370011251,0.009779442363712027,75.62272196161338,0.01205418868786659,0.2566174723719596,0.004188827213109057,0.004188827213109057,139.131512538373,0,0.0,True,True,True,False,True,False,False,True,True,True,False,2.54338252762804,False,False,25.25,24.950000000000003,25.25,21.900000000000002,40.0,20.650000000000002,0,74.80594193033383,2.541338488106879,1.0,s4_narrow_passage_medium,M7,27,0.15,8.0
False,19.75,0.9929171630664906,0.26369455317927376,True,97.02270037415154,1369.1929489064944,0.015189346650020807,75.15039270726803,0.012052869481326946,0.2566593458167255,0.0042369237448049895,0.0042369237448049895,137.54918859442256,0,0.0,True,True,True,False,True,False,False,True,True,True,False,2.5433406541832744,False,False,25.700000000000003,25.6,25.700000000000003,22.200000000000003,40.0,20.3,0,74.90301158447576,2.541340871504125,1.0,s4_narrow_passage_medium,M7,28,0.15,8.0
False,20.0,0.9767501811571557,0.2701727347086758,True,98.27924240658196,1486.076936013542,0.019975031210986267,74.40864154430784,0.01026754227240302,0.26067620602375,0.006559374958492479,0.006559374958492479,139.36240714904702,0,0.0,True,True,True,False,True,False,False,True,True,True,False,2.5393237939762496,False,False,25.950000000000003,25.85,25.950000000000003,22.450000000000003,40.0,20.05,0,74.88604374037655,2.541267155656735,1.0,s4_narrow_passage_medium,M7,29,0.15,8.0
False,19.6,0.9947256007308003,0.25553707909658885,True,98.68666476182129,1493.8733736566974,0.014773200166458594,74.54851113642425,0.01205640996540995,0.25664187055057147,0.004195788395107111,0.004195788395107111,139.62768456299733,0,0.0,True,True,True,False,True,False,False,True,True,True,False,2.5433581294494285,False,False,25.8,25.1,25.8,22.150000000000002,40.0,20.450000000000003,0,74.84233650605573,2.5413315800360294,1.0,s4_narrow_passage_medium,M7,30,0.15,8.0
False,19.450000000000003,0.9981102281074465,0.2658773992116793,True,98.78842849794763,1490.6877179806556,0.011652101539741989,74.16235280670887,0.010265853487579628,0.260674614301033,0.006553641686120373,0.006553641686120373,139.4974920281287,0,0.0,True,True,True,False,True,False,False,True,True,True,False,2.539325385698967,False,False,25.450000000000003,25.200000000000003,25.450000000000003,21.900000000000002,40.0,20.6,0,74.85658684500952,2.5413320864900415,1.0,s4_narrow_passage_medium,M7,31,0.15,8.0
False,19.700000000000003,0.9945018389531424,0.26443840576605404,True,97.4674731549996,1403.2421023947593,0.016645859342488557,75.2838096015253,0.010262009843231694,0.26065725948268104,0.006541314532610967,0.006541314532610967,138.30856008474,0,0.0,True,True,True,False,True,False,False,True,True,True,False,2.539342740517319,False,False,26.55,25.700000000000003,26.55,22.200000000000003,40.0,20.35,0,74.89626784928345,2.5413387334001425,1.0,s4_narrow_passage_medium,M7,32,0.15,8.0
False,19.85,0.9698095742760329,0.2629419038966655,True,98.72753063516546,1514.5110245929131,0.0178942987931752,74.77729680804482,0.010268934478623053,0.26067857172363146,0.00657559943333339,0.00657559943333339,139.92404602175995,0,0.0,True,True,True,False,True,False,False,True,True,True,False,2.5393214282763683,False,False,25.5,25.400000000000002,25.5,22.35,40.0,20.200000000000003,0,74.88553435064841,2.5413205725724537,1.0,s4_narrow_passage_medium,M7,33,0.15,8.0
False,19.650000000000002,1.0023182984405479,0.2601812189393397,True,97.48745484539455,1422.8187548750857,0.014148980441115273,73.5866430002822,0.010262491283205404,0.2606659000716369,0.006536219080093301,0.006536219080093301,138.30889094025207,0,0.0,True,True,True,False,True,False,False,True,True,True,False,2.5393340999283627,False,False,26.900000000000002,25.700000000000003,26.900000000000002,22.150000000000002,40.0,20.400000000000002,0,74.88478007094164,2.541336734981652,1.0,s4_narrow_passage_medium,M7,34,0.15,8.0
False,19.650000000000002,1.007229211104512,0.27049828188240604,True,98.31959613437456,1495.8585566816512,0.01768622555139409,75.48421163777243,0.012052019927440703,0.2566492676617434,0.004219380415007989,0.004219380415007989,139.5655356098564,0,0.0,True,True,True,False,True,False,False,True,True,True,False,2.5433507323382565,False,False,25.8,25.3,25.8,22.150000000000002,40.0,20.400000000000002,0,74.93771291452809,2.5412698266111935,1.0,s4_narrow_passage_medium,M7,35,0.15,8.0
False,19.900000000000002,0.9763760538647317,0.2529524398804027,True,97.79406526114418,1449.130154032956,0.019350811485642945,74.75829483536275,0.010268920421272103,0.26067816652805065,0.0065752856701595756,0.0065752856701595756,138.94836109392983,0,0.0,True,True,True,False,True,False,False,True,True,True,False,2.5393218334719494,False,False,26.0,25.75,26.0,22.400000000000002,40.0,20.150000000000002,0,74.88529650810037,2.5413315664453537,1.0,s4_narrow_passage_medium,M7,36,0.15,8.0
False,19.700000000000003,1.0079054450662863,0.2711821753681415,True,97.31672874204946,1385.6769467954769,0.016853932584269662,74.25527151460572,0.010266421798799207,0.260675141997896,0.006557228759324089,0.006557228759324089,138.25555498289353,0,0.0,True,True,True,False,True,False,False,True,True,True,False,2.5393248580021037,False,False,25.5,25.400000000000002,25.5,22.200000000000003,40.0,20.35,0,74.84767433544506,2.5413401839449556,1.0,s4_narrow_passage_medium,M7,37,0.15,8.0
False,19.85,0.9904368199600471,0.262805262275956,True,98.08593986513654,1500.5442257847494,0.02039117769454848,74.67414940028408,0.012054124393085043,0.2566556180352359,0.004225920698988658,0.004225920698988658,139.35039496131878,0,0.0,True,True,True,False,True,False,False,True,True,True,False,2.543344381964764,False,False,25.8,25.700000000000003,25.8,22.35,40.0,20.200000000000003,0,74.8897721101416,2.541325920941029,1.0,s4_narrow_passage_medium,M7,38,0.15,8.0
False,19.950000000000003,0.9829699698571097,0.265584474250292,True,98.82778628340964,1508.3219530551733,0.020183104452767373,74.19482501941076,0.010261791496095487,0.26065916405495204,0.006537954069778131,0.006537954069778131,139.92561665874325,0,0.0,True,True,True,False,True,False,False,True,True,True,False,2.5393408359450476,False,False,26.25,25.75,26.25,22.400000000000002,40.0,20.1,0,74.93772092217328,2.541331014643927,1.0,s4_narrow_passage_medium,M7,39,0.15,8.0
False,19.900000000000002,0.9631192491034242,0.26883661128233,True,98.10933721567375,1477.497428563758,0.019558884727424054,75.345476510671,0.01026602040393572,0.2606854333045205,0.00655424682504831,0.00655424682504831,139.27314437838038,0,0.0,True,True,True,False,True,False,False,True,True,True,False,2.5393145666954795,False,False,25.75,25.650000000000002,25.75,22.35,40.0,20.150000000000002,0,74.9312960973946,2.5413300242776775,1.0,s4_narrow_passage_medium,M7,10,0.15,10.0
False,19.85,0.9829409759018086,0.26644742591036413,True,97.82530564755957,1474.8269097847597,0.01893466500208073,75.58618387061604,0.012055625517367061,0.2566151236205298,0.004175739956470974,0.004175739956470974,138.8557728422609,0,0.0,True,True,True,False,True,False,False,True,True,True,False,2.54338487637947,False,False,25.700000000000003,25.700000000000003,25.700000000000003,22.35,40.0,20.200000000000003,0,74.76227565969397,2.541308771813471,1.0,s4_narrow_passage_medium,M7,11,0.15,10.0
False,20.0,0.9725985938595498,0.25127782605209137,True,97.99484299178792,1496.9720605823059,0.024136496046608405,75.02989746658174,0.010269585065188724,0.26068189514883555,0.006580086532300623,0.006580086532300623,139.1939180431898,0,0.0,True,True,True,False,True,False,False,True,True,True,False,2.5393181048511644,False,False,25.950000000000003,25.6,25.950000000000003,22.450000000000003,40.0,20.05,0,74.9208291107341,2.5413318361825024,1.0,s4_narrow_passage_medium,M7,12,0.15,10.0
False,19.700000000000003,0.9739371828102452,0.2693547461371909,True,98.3171730087355,1498.3760997192253,0.0149812734082397,74.26266977120167,0.01026663464754298,0.26067480952252614,0.0065576755521579684,0.0065576755521579684,139.33101215077116,0,0.0,True,True,True,False,True,False,False,True,True,True,False,2.5393251904774736,False,False,25.650000000000002,25.55,25.650000000000002,22.150000000000002,40.0,20.35,0,74.91844171452523,2.5413131293327287,1.0,s4_narrow_passage_medium,M7,13,0.15,10.0
False,19.200000000000003,1.0114512960890123,0.2585499690174359,True,99.08774803546031,1477.3338627048688,0.011444028297960882,74.91568177317167,0.012053201848118832,0.2566589238433473,0.004234186248637386,0.004234186248637386,139.68597426569767,0,0.0,True,True,True,False,True,False,False,True,True,True,False,2.5433410761566524,False,False,24.950000000000003,24.75,24.950000000000003,21.700000000000003,40.0,20.85,0,74.8043344426066,2.5413369822170164,1.0,s4_narrow_passage_medium,M7,14,0.15,10.0
False,19.950000000000003,0.9803103519699008,0.25404621112572423,True,98.36209723539741,1512.9580662745286,0.022055763628797336,75.33483635107946,0.012052808040734482,0.2566564409143256,0.004233004849435929,0.004233004849435929,139.74658416281477,0,0.0,True,True,True,False,True,False,False,True,True,True,False,2.5433435590856743,False,False,26.200000000000003,25.8,26.200000000000003,22.450000000000003,40.0,20.1,0,74.94074089046207,2.541332539983784,1.0,s4_narrow_passage_medium,M7,15,0.15,10.0
False,19.6,0.9793579031110415,0.2699482415388655,True,98.15292832000294,1469.1458903652192,0.01893466500208073,75.43309531115986,0.012053497513434742,0.2566516148223131,0.004226095909230278,0.004226095909230278,139.16675116370675,0,0.0,True,True,True,False,True,False,False,True,True,True,False,2.5433483851776866,False,False,25.6,25.450000000000003,25.6,22.05,40.0,20.450000000000003,0,74.87438231650587,2.541300043768389,1.0,s4_narrow_passage_medium,M7,16,0.15,10.0
False,19.75,0.9970757540114012,0.268789917050948,True,98.04210979325352,1462.447690039001,0.016645859342488557,75.45414100468624,0.01205330703198823,0.25665180024144213,0.004225315692564001,0.004225315692564001,139.2481025394194,0,0.0,True,True,True,False,True,False,False,True,True,True,False,2.5433481997585576,False,False,26.0,25.400000000000002,26.0,22.25,40.0,20.3,0,74.90245281213967,2.541328042409754,1.0,s4_narrow_passage_medium,M7,17,0.15,10.0
False,20.0,0.9834182206292648,0.26151520203256484,True,98.66191235684073,1530.269882976817,0.0239284228048273,75.07509889001011,0.012052999809841945,0.2566592679469478,0.00423629264779401,0.00423629264779401,139.9237598996973,0,0.0,True,True,True,False,True,False,False,True,True,True,False,2.543340732053052,False,False,25.8,25.5,25.8,22.5,40.0,20.05,0,74.90517378778115,2.541312630447288,1.0,s4_narrow_passage_medium,M7,18,0.15,10.0
False,19.85,0.9751323211400604,0.2552912831392289,True,97.8704930661591,1447.609993441808,0.02039117769454848,74.5916135381038,0.012054332409190986,0.25665451515074744,0.004222727628470357,0.004222727628470357,138.91027605963006,0,0.0,True,True,True,False,True,False,False,True,True,True,False,2.5433454848492523,False,False,25.8,25.450000000000003,25.8,22.3,40.0,20.200000000000003,0,74.87277178979788,2.541334207449325,1.0,s4_narrow_passage_medium,M7,19,0.15,10.0
False,19.8,0.9938295476691825,0.2611959551629049,True,97.25260417418883,1412.2244557928066,0.015605493133583021,74.7730888898428,0.012057025799756831,0.256636341059264,0.00418596321852658,0.00418596321852658,138.34072531999078,0,0.0,True,True,True,False,True,False,False,True,True,True,False,2.543363658940736,False,False,26.6,25.85,26.6,22.3,40.0,20.25,0,74.88436838791205,2.5413366997174958,1.0,s4_narrow_passage_medium,M7,20,0.15,10.0
False,20.05,0.9590859031424082,0.2694850896341883,True,98.72731088060807,1480.7959327350436,0.018726591760299626,75.04205468596045,0.012057449453429079,0.2566288217453251,0.0041788270356804495,0.0041788270356804495,139.66548948306968,0,0.0,True,True,True,False,True,False,False,True,True,True,False,2.5433711782546746,False,False,26.1,26.0,26.1,22.5,40.0,20.0,0,74.91374501218807,2.5413057796696275,1.0,s4_narrow_passage_medium,M7,21,0.15,10.0
False,19.650000000000002,0.9764991990491352,0.2661677153193078,True,98.3596417375926,1454.2358347843206,0.01435705368289638,74.62776542331132,0.012054529099868953,0.25665414496931777,0.004224043878879001,0.004224043878879001,139.29740360871529,0,0.0,True,True,True,False,True,False,False,True,True,True,False,2.5433458550306822,False,False,25.6,25.5,25.6,22.150000000000002,40.0,20.400000000000002,0,74.98219380667942,2.5412844150253875,1.0,s4_narrow_passage_medium,M7,22,0.15,10.0
False,19.5,0.9867511140137,0.2481449346932768,True,98.06335228033895,1443.1308686161835,0.014148980441115273,75.27094583620296,0.010261972569448193,0.2606576493668004,0.006540583318256498,0.006540583318256498,138.85840307324213,0,0.0,True,True,True,False,True,False,False,True,True,True,False,2.5393423506331994,False,False,25.400000000000002,25.150000000000002,25.400000000000002,22.0,40.0,20.55,0,74.81111284952468,2.54133776780172,1.0,s4_narrow_passage_medium,M7,23,0.15,10.0
False,19.8,0.9826863248489783,0.2547936494151936,True,98.37060671601328,1492.943853360743,0.01768622555139409,74.63350244556918,0.012054256645884621,0.2566551131749564,0.004224514787495789,0.004224514787495789,139.47417538405517,0,0.0,True,True,True,False,True,False,False,True,True,True,False,2.5433448868250434,False,False,25.950000000000003,25.450000000000003,25.950000000000003,22.3,40.0,20.25,0,74.87900838624532,2.541331546233695,1.0,s4_narrow_passage_medium,M7,24,0.15,10.0
False,19.900000000000002,0.9760826873682895,0.25949047545230336,True,97.92338788099758,1459.118024761845,0.018102372034956304,74.56377216227688,0.010268050430241876,0.2606766071374311,0.006568766295803533,0.006568766295803533,139.06075962755767,0,0.0,True,True,True,False,True,False,False,True,True,True,False,2.5393233928625687,False,False,25.8,25.650000000000002,25.8,22.35,40.0,20.150000000000002,0,74.89931583809754,2.541330742411741,1.0,s4_narrow_passage_medium,M7,25,0.15,10.0
False,19.900000000000002,0.9696019689256852,0.2663187803574398,True,98.45485061506525,1502.2755342655505,0.022263836870578445,74.54662789391526,0.010267948861982958,0.2606766110864898,0.00656799081984548,0.00656799081984548,139.6961155593985,0,0.0,True,True,True,False,True,False,False,True,True,True,False,2.53932338891351,False,False,25.700000000000003,25.35,25.700000000000003,22.35,40.0,20.150000000000002,0,74.88683286076095,2.5413227356008092,1.0,s4_narrow_passage_medium,M7,26,0.15,10.0
False,19.35,1.0213836835091008,0.2704255428321015,True,98.32629547913739,1464.4219570789755,0.010403662089055347,75.30991462396571,0.012057085943665566,0.2566197782223573,0.004170990837689945,0.004170990837689945,139.14593288119278,0,0.0,True,True,True,False,True,False,False,True,True,True,False,2.5433802217776424,False,False,25.650000000000002,25.05,25.650000000000002,21.900000000000002,40.0,20.700000000000003,0,74.88314936454167,2.5413096253001854,1.0,s4_narrow_passage_medium,M7,27,0.15,10.0
False,19.75,0.9923416255991226,0.26356626621489754,True,98.98645545223542,1499.1572595148778,0.0149812734082397,75.18252569019639,0.012052810993205857,0.2566590468658128,0.004236525939746427,0.004236525939746427,139.7600965843153,0,0.0,True,True,True,False,True,False,False,True,True,True,False,2.543340953134187,False,False,26.1,25.75,26.1,22.150000000000002,40.0,20.3,0,74.92697534855988,2.5413326161761547,1.0,s4_narrow_passage_medium,M7,28,0.15,10.0
False,19.950000000000003,0.9769701843787486,0.26664852171463255,True,98.776768692933,1501.7762762999737,0.01914273824386184,75.61492388144056,0.01205468252439996,0.256616770361004,0.00418430593007515,0.00418430593007515,139.72933697190118,0,0.0,True,True,True,False,True,False,False,True,True,True,False,2.5433832296389958,False,False,26.3,25.8,26.3,22.400000000000002,40.0,20.1,0,74.92347634177435,2.5413326980055704,1.0,s4_narrow_passage_medium,M7,29,0.15,10.0
False,19.6,0.9947102976400857,0.26875798608704227,True,98.42744132643996,1472.035336976026,0.014773200166458594,74.77213314556474,0.010268951445345816,0.26067839069663507,0.006575655306086648,0.006575655306086648,139.35857126311265,0,0.0,True,True,True,False,True,False,False,True,True,True,False,2.539321609303365,False,False,25.450000000000003,25.35,25.450000000000003,22.1,40.0,20.450000000000003,0,74.88879268231591,2.541329962345113,1.0,s4_narrow_passage_medium,M7,30,0.15,10.0
False,19.450000000000003,0.9961716688927955,0.2663462374583251,True,97.99456574945403,1442.7995561993807,0.012068248023304202,74.88509258500518,0.012053230822938714,0.256658914128188,0.004233889678202937,0.004233889678202937,138.6740042506804,0,0.0,True,True,True,False,True,False,False,True,True,True,False,2.5433410858718117,False,False,25.400000000000002,25.3,25.400000000000002,21.950000000000003,40.0,20.6,0,74.81697010983868,2.541336799173847,1.0,s4_narrow_passage_medium,M7,31,0.15,10.0
False,19.650000000000002,0.9954609893290642,0.2707522100178802,True,98.52150283793902,1490.0581996509898,0.018310445276737412,75.43525732106853,0.01205344270032889,0.25665469434984894,0.004236942863159452,0.004236942863159452,139.5762609082578,0,0.0,True,True,True,False,True,False,False,True,True,True,False,2.543345305650151,False,False,25.85,25.450000000000003,25.85,22.200000000000003,40.0,20.400000000000002,0,74.85646805760577,2.5412598545658893,1.0,s4_narrow_passage_medium,M7,32,0.15,10.0
False,19.85,0.9697182647991147,0.2655121633729632,True,97.50763903787202,1427.2735427963755,0.018726591760299626,73.88287368621658,0.010263986926947593,0.26067205641114594,0.006545129050933756,0.006545129050933756,138.5586868495178,0,0.0,True,True,True,False,True,False,False,True,True,True,False,2.539327943588854,False,False,26.6,25.900000000000002,26.6,22.35,40.0,20.200000000000003,0,75.0339812912346,2.5413034942208195,1.0,s4_narrow_passage_medium,M7,33,0.15,10.0
False,19.650000000000002,1.0025013623800427,0.260859098806456,True,98.72277024227593,1511.5826019082142,0.014148980441115273,75.0175061553803,0.012057441664166455,0.256629588240628,0.004177764504189349,0.004177764504189349,139.73390376288717,0,0.0,True,True,True,False,True,False,False,True,True,True,False,2.543370411759372,False,False,25.85,25.25,25.85,22.1,40.0,20.400000000000002,0,74.83549502747525,2.541322018766646,1.0,s4_narrow_passage_medium,M7,34,0.15,10.0
False,19.6,1.0061542053010084,0.2608333809334895,True,98.8037434012006,1502.4827910995623,0.016229712858926344,74.59491796313813,0.012054346472263796,0.2566544847043861,0.00422270093402708,0.00422270093402708,139.81247370466332,0,0.0,True,True,True,False,True,False,False,True,True,True,False,2.5433455152956137,False,False,26.1,25.700000000000003,26.1,22.05,40.0,20.450000000000003,0,74.87725083658518,2.5413336880009805,1.0,s4_narrow_passage_medium,M7,35,0.15,10.0
False,19.900000000000002,0.9753792677928119,0.26629551256785183,True,98.17553423914649,1463.9498094332746,0.018310445276737412,74.88769685538598,0.010269114753808557,0.2606804554806013,0.006578434953661703,0.006578434953661703,139.18762682668296,0,0.0,True,True,True,False,True,False,False,True,True,True,False,2.5393195445193983,False,False,26.450000000000003,25.700000000000003,26.450000000000003,22.35,40.0,20.150000000000002,0,74.81424987829396,2.541315004239781,1.0,s4_narrow_passage_medium,M7,36,0.15,10.0
False,19.700000000000003,1.007657494498855,0.2665199268863258,True,98.2415648018318,1449.9410052771377,0.01643778610070745,75.27549842485392,0.010268544208488018,0.26068906756810173,0.006569983981377827,0.006569983981377827,139.14653079428297,0,0.0,True,True,True,False,True,False,False,True,True,True,False,2.5393109324318983,False,False,25.700000000000003,25.55,25.700000000000003,22.200000000000003,40.0,20.35,0,74.89968341283905,2.541332896236782,1.0,s4_narrow_passage_medium,M7,37,0.15,10.0
False,19.85,0.9910040963220228,0.2633661139970447,True,98.1013607568244,1500.008901830065,0.020183104452767373,73.80971481493157,0.01026374642943472,0.26067047854984005,0.006542304412848991,0.006542304412848991,139.33264904102572,0,0.0,True,True,True,False,True,False,False,True,True,True,False,2.53932952145016,False,False,25.55,25.35,25.55,22.3,40.0,20.200000000000003,0,74.83318116905822,2.541326141607142,1.0,s4_narrow_passage_medium,M7,38,0.15,10.0
False,19.950000000000003,0.9830072774479806,0.2647219652947338,True,98.90916602878643,1512.8022212317433,0.02039117769454848,75.61939033834854,0.012054472175599039,0.2566170741067631,0.004186166598759287,0.004186166598759287,139.96632127500033,0,0.0,True,True,True,False,True,False,False,True,True,True,False,2.5433829258932366,False,False,26.400000000000002,26.1,26.400000000000002,22.35,40.0,20.1,0,74.92183688399058,2.5413315133473757,1.0,s4_narrow_passage_medium,M7,39,0.15,10.0
False,19.150000000000002,0.9617911542080717,0.2689002897445481,True,98.53928630117883,1444.004898925527,0.021015397419891804,73.43323965400043,0.010261926710708453,0.26066581714806225,0.0065339993286369046,0.0065339993286369046,139.126362664934,0,0.0,True,True,True,False,True,False,False,True,True,True,False,2.5393341828519373,False,False,25.25,25.0,25.25,21.75,40.0,20.900000000000002,0,74.95954555979446,2.5413125038747544,1.0,s4_narrow_passage_medium,M7,10,0.2,2.0
False,19.150000000000002,0.9829799898557001,0.25898390110974734,True,98.70547879370353,1493.585863148201,0.023512276321265086,74.91535463052489,0.012057248073931472,0.25663272098892836,0.0041807795268507635,0.0041807795268507635,139.2438935358649,0,0.0,True,True,True,False,True,False,False,True,True,True,False,2.5433672790110715,False,False,25.0,24.700000000000003,25.0,21.75,40.0,20.900000000000002,0,74.84766987901044,2.541327779793185,1.0,s4_narrow_passage_medium,M7,11,0.2,2.0
False,19.200000000000003,0.9717366753454908,0.2686244031408826,True,98.266219825542,1444.0843643795797,0.028089887640449437,75.58315215045818,0.01205535839667822,0.25661607424549404,0.0041778538633660215,0.0041778538633660215,138.8218573157824,0,0.0,True,True,True,False,True,False,False,True,True,True,False,2.543383925754506,False,False,25.150000000000002,25.150000000000002,25.150000000000002,21.8,40.0,20.85,0,74.80517895968134,2.5413327860046935,1.0,s4_narrow_passage_medium,M7,12,0.2,2.0
False,18.95,0.9716663020821465,0.26867309848638843,True,98.46714366943522,1456.9727546083516,0.01706200582605077,75.32820054968799,0.01026741914964423,0.2606920762899003,0.006561684339822609,0.006561684339822609,139.00473263286625,0,0.0,True,True,True,False,True,False,False,True,True,True,False,2.5393079237100995,False,False,25.25,24.85,25.25,21.55,40.0,21.1,0,74.92396975695084,2.5413146976423553,1.0,s4_narrow_passage_medium,M7,13,0.2,2.0
False,18.650000000000002,1.0111247921861015,0.26126359683144906,True,99.20136137618134,1451.1229642384117,0.012900540990428632,75.04939344476558,0.012052959684721221,0.2566595215995784,0.004236532195141452,0.004236532195141452,139.4064351509075,0,0.0,True,True,True,False,True,False,False,True,True,True,False,2.543340478400421,False,False,24.6,24.25,24.6,21.25,40.0,21.400000000000002,0,74.82799320294032,2.541340944882584,1.0,s4_narrow_passage_medium,M7,14,0.2,2.0
False,19.200000000000003,0.977122914347951,0.26855085202585977,True,98.45771240827678,1454.4341688108877,0.025593008739076155,75.59454754619054,0.012053484009261347,0.2566293792997781,0.004204680294444454,0.004204680294444454,139.25073375009748,0,0.0,True,True,True,False,True,False,False,True,True,True,False,2.543370620700222,False,False,25.1,24.900000000000002,25.1,21.8,40.0,20.85,0,74.89224457809,2.541317351387526,1.0,s4_narrow_passage_medium,M7,15,0.2,2.0
False,19.0,0.980057676307281,0.26507392870925384,True,98.88894442337643,1455.5807087413034,0.01768622555139409,75.6213186319211,0.012053815623419221,0.2566180451664443,0.004192947985054171,0.004192947985054171,139.33401712751217,0,0.0,True,True,True,False,True,False,False,True,True,True,False,2.5433819548335554,False,False,25.5,25.200000000000003,25.5,21.6,40.0,21.05,0,74.80935976534425,2.5413361716815133,1.0,s4_narrow_passage_medium,M7,16,0.2,2.0
False,18.95,0.9946637173546302,0.2566177309589739,True,98.91851461026654,1455.8993200304096,0.0178942987931752,75.40125454204876,0.012056866639096093,0.25661830980016376,0.004169799304267084,0.004169799304267084,139.45388526710653,0,0.0,True,True,True,False,True,False,False,True,True,True,False,2.543381690199836,False,False,24.700000000000003,24.6,24.700000000000003,21.55,40.0,21.1,0,74.8208466611585,2.5413295460085896,1.0,s4_narrow_passage_medium,M7,17,0.2,2.0
False,19.25,0.9822940486040308,0.2690986952161788,True,98.46338295054984,1457.8225705931598,0.025384935497295046,74.47415163969742,0.012056444501698876,0.2566426610660455,0.0041974326555473404,0.0041974326555473404,139.12007458686216,0,0.0,True,True,True,False,True,False,False,True,True,True,False,2.543357338933954,False,False,25.200000000000003,25.1,25.200000000000003,21.85,40.0,20.8,0,75.00655878577207,2.5412879871610996,1.0,s4_narrow_passage_medium,M7,18,0.2,2.0
False,19.05,0.9728355180629726,0.25683400462395645,True,98.68498041282236,1449.6397856762974,0.01976695796920516,75.40954065013796,0.012056844826984653,0.2566181518399001,0.004169892597581703,0.004169892597581703,139.15055696698874,0,0.0,True,True,True,False,True,False,False,True,True,True,False,2.5433818481600996,False,False,24.900000000000002,24.6,24.900000000000002,21.650000000000002,40.0,21.0,0,74.82285511289517,2.541331254785879,1.0,s4_narrow_passage_medium,M7,19,0.2,2.0
False,19.1,0.990810406172778,0.2594251622953284,True,97.95487063089546,1395.4945380436163,0.02039117769454848,73.72484392758497,0.010263363961068158,0.2606683797663509,0.006540224204202984,0.006540224204202984,138.52945448473827,0,0.0,True,True,True,False,True,False,False,True,True,True,False,2.539331620233649,False,False,25.150000000000002,24.950000000000003,25.150000000000002,21.700000000000003,40.0,20.950000000000003,0,74.77540337018927,2.541335326822076,1.0,s4_narrow_passage_medium,M7,20,0.2,2.0
False,19.3,0.9603577238979779,0.2673635271021499,True,99.11567968540957,1456.795573754413,0.0178942987931752,75.58001659616973,0.012055419911080527,0.25661600284866787,0.004177326048105492,0.004177326048105492,139.50217857632424,0,0.0,True,True,True,False,True,False,False,True,True,True,False,2.543383997151332,False,False,25.8,25.0,25.8,21.85,40.0,20.75,0,74.81792090651592,2.5413356447510576,1.0,s4_narrow_passage_medium,M7,21,0.2,2.0
False,18.900000000000002,0.9753543840983465,0.2590122125297144,True,99.15120812871794,1463.6713176209803,0.015397419891801914,75.0668780497375,0.010261793200045267,0.26065874884238854,0.0065388788777770495,0.0065388788777770495,139.55684823816222,0,0.0,True,True,True,False,True,False,False,True,True,True,False,2.5393412511576114,False,False,24.85,24.5,24.85,21.5,40.0,21.150000000000002,0,74.81262521658289,2.541336129170154,1.0,s4_narrow_passage_medium,M7,22,0.2,2.0
False,18.7,0.9598282904516566,0.2685727584021176,True,98.50350437005078,1412.6003983352755,0.018102372034956304,74.64519621058874,0.012056647883578839,0.2566397158563189,0.004191750731916868,0.004191750731916868,138.7430989087349,0,0.0,True,True,True,False,True,False,False,True,True,True,False,2.543360284143681,False,False,24.900000000000002,24.400000000000002,24.900000000000002,21.3,40.0,21.35,0,74.80306745398536,2.541340148254775,1.0,s4_narrow_passage_medium,M7,23,0.2,2.0
False,19.05,0.9807544379736985,0.2605858807437257,True,99.02982349760323,1473.0529905691637,0.01893466500208073,75.29831593097194,0.012057073718332522,0.2566202035351454,0.004169669960959823,0.004169669960959823,139.5315624468037,0,0.0,True,True,True,False,True,False,False,True,True,True,False,2.5433797964648543,False,False,24.900000000000002,24.650000000000002,24.900000000000002,21.650000000000002,40.0,21.0,0,74.8257409171445,2.5413316164463513,1.0,s4_narrow_passage_medium,M7,24,0.2,2.0
False,19.05,0.9720134673046388,0.267593079069186,True,99.12774381608445,1454.5031692646662,0.019350811485642945,75.11664919312567,0.010269531104861581,0.260684341575744,0.006579251740332537,0.006579251740332537,139.58007546885904,0,0.0,True,True,True,False,True,False,False,True,True,True,False,2.5393156584242558,False,False,25.55,24.85,25.55,21.6,40.0,21.0,0,74.82739464476508,2.5413404309319105,1.0,s4_narrow_passage_medium,M7,25,0.2,2.0
False,19.1,0.9682426782497682,0.26752937535381177,True,98.90913452790302,1475.4276096992758,0.02039117769454848,75.30518809063793,0.010268083968185307,0.26069043397467967,0.006566627356277643,0.006566627356277643,139.45463379607403,0,0.0,True,True,True,False,True,False,False,True,True,True,False,2.53930956602532,False,False,25.3,24.700000000000003,25.3,21.700000000000003,40.0,20.950000000000003,0,74.82847873419257,2.541339779392553,1.0,s4_narrow_passage_medium,M7,26,0.2,2.0
False,18.8,1.019866330936973,0.26917095663373647,True,98.57251212040075,1436.526934041304,0.014148980441115273,74.53578814339907,0.012054548940143336,0.2566533900633759,0.004220677357451138,0.004220677357451138,138.9367529183633,0,0.0,True,True,True,False,True,False,False,True,True,True,False,2.543346609936624,False,False,25.0,24.5,25.0,21.400000000000002,40.0,21.25,0,74.86782745218895,2.5413149151551497,1.0,s4_narrow_passage_medium,M7,27,0.2,2.0
False,19.05,0.9900884384050086,0.26379453068545344,True,99.09480998955969,1450.6984128436966,0.016645859342488557,75.29346444684441,0.010262138868204096,0.26065679424890664,0.006542300926670569,0.006542300926670569,139.39150352142488,0,0.0,True,True,True,False,True,False,False,True,True,True,False,2.539343205751093,False,False,25.55,25.05,25.55,21.6,40.0,21.0,0,74.80514270368903,2.5413355283251815,1.0,s4_narrow_passage_medium,M7,28,0.2,2.0
False,19.200000000000003,0.9736813820646184,0.2584209473317964,True,98.82044519072717,1470.104555356294,0.021015397419891804,74.10097856675141,0.010265506604169842,0.2606741445683993,0.006551307810541033,0.006551307810541033,139.31938858580412,0,0.0,True,True,True,False,True,False,False,True,True,True,False,2.5393258554316005,False,False,25.05,24.75,25.05,21.8,40.0,20.85,0,74.85991218183348,2.541329877307887,1.0,s4_narrow_passage_medium,M7,29,0.2,2.0
False,18.95,0.991744783103681,0.26861770949897024,True,98.73081973126112,1437.2780559942953,0.01768622555139409,75.29359424965824,0.012052752313779553,0.25665758222264917,0.004235084175633368,0.004235084175633368,139.09090211874502,0,0.0,True,True,True,False,True,False,False,True,True,True,False,2.5433424177773505,False,False,25.200000000000003,24.8,25.200000000000003,21.6,40.0,21.1,0,74.80505649311627,2.5413389104534234,1.0,s4_narrow_passage_medium,M7,30,0.2,2.0
False,18.75,0.9960737493324416,0.2678302583470401,True,98.93747838763963,1455.6786024327296,0.012484394506866416,74.68732995959095,0.012056764685113032,0.2566386721793244,0.004190006220366671,0.004190006220366671,139.13197990546092,0,0.0,True,True,True,False,True,False,False,True,True,True,False,2.5433613278206755,False,False,25.200000000000003,24.700000000000003,25.200000000000003,21.35,40.0,21.3,0,74.80584343401685,2.5413422947397093,1.0,s4_narrow_passage_medium,M7,31,0.2,2.0
False,19.0,0.9937079990228497,0.2564517420762869,True,99.04605409512729,1454.6385853307142,0.021015397419891804,74.27576540464577,0.012055426387619162,0.2566482904013383,0.004208106336377606,0.004208106336377606,139.45640094857137,0,0.0,True,True,True,False,True,False,False,True,True,True,False,2.5433517095986615,False,False,25.200000000000003,24.6,25.200000000000003,21.6,40.0,21.05,0,74.79207101808554,2.541336879361486,1.0,s4_narrow_passage_medium,M7,32,0.2,2.0
False,19.150000000000002,0.9679644745699687,0.2685284603300565,True,98.95107632197363,1454.3644426364342,0.020183104452767373,73.26176523323687,0.010261683900507428,0.26066396535861464,0.006533689265829926,0.006533689265829926,139.45683710976158,0,0.0,True,True,True,False,True,False,False,True,True,True,False,2.5393360346413854,False,False,25.3,24.8,25.3,21.75,40.0,20.900000000000002,0,74.80488066273108,2.5413323190290074,1.0,s4_narrow_passage_medium,M7,33,0.2,2.0
False,18.95,1.000772846758861,0.261595646586662,True,99.05128839238947,1473.9112643840272,0.01706200582605077,75.56380990750712,0.012055635499197226,0.2566160297631417,0.004175740881649292,0.004175740881649292,139.4695257091591,0,0.0,True,True,True,False,True,False,False,True,True,True,False,2.5433839702368584,False,False,24.6,24.5,24.6,21.55,40.0,21.1,0,74.79960124419169,2.5413320250452176,1.0,s4_narrow_passage_medium,M7,34,0.2,2.0
False,18.900000000000002,1.0061814878304116,0.25637641592549243,True,99.01859604339828,1473.159542218731,0.018726591760299626,75.60135665320576,0.012053426489672102,0.2566268019963653,0.004202321179325334,0.004202321179325334,139.5716546667459,0,0.0,True,True,True,False,True,False,False,True,True,True,False,2.5433731980036347,False,False,24.6,24.5,24.6,21.55,40.0,21.150000000000002,0,74.81393805953348,2.541336942663581,1.0,s4_narrow_passage_medium,M7,35,0.2,2.0
False,19.150000000000002,0.9743972644329049,0.25881980737404753,True,98.9139858772384,1476.8286073674471,0.019558884727424054,74.92127106580807,0.012057258457567095,0.2566325555308244,0.0041805910430052756,0.0041805910430052756,139.49645354677082,0,0.0,True,True,True,False,True,False,False,True,True,True,False,2.543367444469175,False,False,25.0,24.700000000000003,25.0,21.75,40.0,20.900000000000002,0,74.84673642685968,2.541327700788395,1.0,s4_narrow_passage_medium,M7,36,0.2,2.0
False,19.0,1.0048858057639094,0.26848471454891604,True,98.7134789286222,1440.814581807241,0.01768622555139409,74.8855164228761,0.010269265514642857,0.2606800093155876,0.006578845828646145,0.006578845828646145,139.29510123823846,0,0.0,True,True,True,False,True,False,False,True,True,True,False,2.539319990684412,False,False,25.35,24.950000000000003,25.35,21.650000000000002,40.0,21.05,0,74.90516611189254,2.5413235573863093,1.0,s4_narrow_passage_medium,M7,37,0.2,2.0
False,19.1,0.990436169665079,0.2613539832672349,True,98.66634714297197,1485.3348578778002,0.021015397419891804,73.56453255095488,0.010262439666880676,0.26066581678452017,0.00653590459212532,0.00653590459212532,139.2863089801141,0,0.0,True,True,True,False,True,False,False,True,True,True,False,2.5393341832154794,False,False,25.05,24.700000000000003,25.05,21.700000000000003,40.0,20.950000000000003,0,74.83094748585312,2.5413341270397143,1.0,s4_narrow_passage_medium,M7,38,0.2,2.0
False,19.200000000000003,0.9805155391162106,0.269041787865932,True,98.80119926793479,1449.0331915877034,0.024968789013732832,73.44305361053149,0.010261891986840025,0.2606659876070092,0.00653404579410005,0.00653404579410005,139.35119377627524,0,0.0,True,True,True,False,True,False,False,True,True,True,False,2.539334012392991,False,False,25.150000000000002,25.05,25.150000000000002,21.8,40.0,20.85,0,74.99218009118728,2.5413022613141205,1.0,s4_narrow_passage_medium,M7,39,0.2,2.0
False,19.650000000000002,0.962536387239002,0.2587739095183267,True,98.64427406455195,1500.7362617699832,0.019975031210986267,74.42806361704395,0.012054980695546029,0.25665102727677486,0.004214133489018434,0.004214133489018434,139.61956639478637,0,0.0,True,True,True,False,True,False,False,True,True,True,False,2.543348972723225,False,False,25.5,25.1,25.5,22.150000000000002,40.0,20.400000000000002,0,74.906441186885,2.54131878776717,1.0,s4_narrow_passage_medium,M7,10,0.2,4.0
False,19.6,0.983751762932733,0.25943085991853115,True,98.42930253460801,1519.8170300282059,0.021015397419891804,74.4144965604123,0.012056111469893565,0.25664445302132827,0.004200584646095342,0.004200584646095342,139.434032978371,0,0.0,True,True,True,False,True,False,False,True,True,True,False,2.5433555469786717,False,False,25.5,25.150000000000002,25.5,22.150000000000002,40.0,20.450000000000003,0,74.91890019379596,2.5413202604326375,1.0,s4_narrow_passage_medium,M7,11,0.2,4.0
False,19.700000000000003,0.9718726720458293,0.2686453405365654,True,97.95135847394681,1477.8659428486878,0.025384935497295046,75.01971584019462,0.010269551935944586,0.26068174654451054,0.00658000842783904,0.00658000842783904,139.0145084968031,0,0.0,True,True,True,False,True,False,False,True,True,True,False,2.5393182534554892,False,False,25.6,25.450000000000003,25.6,22.25,40.0,20.35,0,74.92208314441673,2.541330344648031,1.0,s4_narrow_passage_medium,M7,12,0.2,4.0
False,19.400000000000002,0.9727747149426162,0.2674218153717965,True,98.7867980839111,1501.3713078873586,0.01581356637536413,73.26781638608539,0.01026170273205943,0.2606640447890762,0.006533600880191519,0.006533600880191519,139.5427459575604,0,0.0,True,True,True,False,True,False,False,True,True,True,False,2.5393359552109236,False,False,25.55,24.950000000000003,25.55,21.900000000000002,40.0,20.650000000000002,0,74.80417645872909,2.541335381896858,1.0,s4_narrow_passage_medium,M7,13,0.2,4.0
False,19.0,1.0123466406122914,0.26598201103995145,True,99.20171428613787,1456.9892713797183,0.010403662089055347,75.33568821424544,0.010267116640944913,0.26069248498639647,0.006558565590159505,0.006558565590159505,139.56233112603158,0,0.0,True,True,True,False,True,False,False,True,True,True,False,2.5393075150136033,False,False,24.950000000000003,24.85,24.950000000000003,21.55,40.0,21.05,0,74.81284875664036,2.541337846887222,1.0,s4_narrow_passage_medium,M7,14,0.2,4.0
False,19.650000000000002,0.980524085919954,0.25962607442527513,True,98.58167023290349,1505.9687294617497,0.02372034956304619,73.75404998273251,0.010263481730588764,0.26066939745440315,0.006540323694247006,0.006540323694247006,139.7499689075101,0,0.0,True,True,True,False,True,False,False,True,True,True,False,2.5393306025455966,False,False,25.55,25.200000000000003,25.55,22.200000000000003,40.0,20.400000000000002,0,74.91460419752568,2.5413215201514068,1.0,s4_narrow_passage_medium,M7,15,0.2,4.0
False,19.450000000000003,0.9774589011866699,0.2681498314203898,True,98.25221925841537,1468.926979690582,0.019975031210986267,74.39361697609536,0.012056053416031906,0.25664486444222684,0.004201917084774344,0.004201917084774344,139.19103057996688,0,0.0,True,True,True,False,True,False,False,True,True,True,False,2.543355135557773,False,False,25.35,25.05,25.35,22.0,40.0,20.6,0,74.85644991252904,2.541327064530796,1.0,s4_narrow_passage_medium,M7,16,0.2,4.0
False,19.450000000000003,0.9940823005867416,0.2671255176356996,True,98.02327507729905,1418.1587834453367,0.01706200582605077,73.054929666544,0.010261569578136115,0.2606613857792486,0.006534345035561022,0.006534345035561022,138.9065747640838,0,0.0,True,True,True,False,True,False,False,True,True,True,False,2.5393386142207515,False,False,25.5,25.3,25.5,22.0,40.0,20.6,0,74.81345397137537,2.541338283883208,1.0,s4_narrow_passage_medium,M7,17,0.2,4.0
False,19.700000000000003,0.983371117194676,0.25990456513063487,True,98.6707124435095,1525.2353124720526,0.024344569288389514,74.49223538247905,0.012054723472255871,0.2566523901474321,0.004217289396052615,0.004217289396052615,139.75383011062203,0,0.0,True,True,True,False,True,False,False,True,True,True,False,2.543347609852568,False,False,25.6,25.200000000000003,25.6,22.25,40.0,20.35,0,74.91319400212731,2.5413198570425073,1.0,s4_narrow_passage_medium,M7,18,0.2,4.0
False,19.55,0.9746340213827007,0.2658521088257302,True,98.5791528793175,1458.416598447378,0.0178942987931752,74.6315272877025,0.01205428117464394,0.2566550076230138,0.004224323491104977,0.004224323491104977,139.3156809861686,0,0.0,True,True,True,False,True,False,False,True,True,True,False,2.543344992376986,False,False,25.400000000000002,25.3,25.400000000000002,22.05,40.0,20.5,0,74.88045141656971,2.541332320911977,1.0,s4_narrow_passage_medium,M7,19,0.2,4.0
False,19.55,0.9930383115530261,0.259171853857409,True,98.59435709035684,1503.937620037575,0.01768622555139409,73.5580352039316,0.010262427000185897,0.2606658714046132,0.0065355089082631546,0.0065355089082631546,139.68389392683264,0,0.0,True,True,True,False,True,False,False,True,True,True,False,2.5393341285953865,False,False,25.35,25.05,25.35,22.1,40.0,20.5,0,74.89507130468922,2.541321183548732,1.0,s4_narrow_passage_medium,M7,20,0.2,4.0
False,19.8,0.9586955707981308,0.26707402450991713,True,99.15522963607582,1508.6939718320639,0.01976695796920516,74.87492264814745,0.01026928421018729,0.2606798120221416,0.006578265854574749,0.006578265854574749,139.97739748678364,0,0.0,True,True,True,False,True,False,False,True,True,True,False,2.539320187977858,False,False,26.35,25.650000000000002,26.35,22.3,40.0,20.25,0,74.90152295808484,2.541333266380203,1.0,s4_narrow_passage_medium,M7,21,0.2,4.0
False,19.35,0.976545044880526,0.2594212648753114,True,98.86115857852722,1489.018798086423,0.015605493133583021,75.61394450801667,0.012054780871144475,0.25661651961717374,0.004183689732847749,0.004183689732847749,139.714708049188,0,0.0,True,True,True,False,True,False,False,True,True,True,False,2.543383480382826,False,False,25.1,24.900000000000002,25.1,21.950000000000003,40.0,20.700000000000003,0,74.89682772800897,2.5413234565691947,1.0,s4_narrow_passage_medium,M7,22,0.2,4.0
False,19.25,0.9857685657786452,0.26997510077048387,True,98.16084925885494,1437.1552229358153,0.014148980441115273,74.76720758276626,0.010261835666491389,0.260658227713658,0.006540728574062739,0.006540728574062739,138.83736606622355,0,0.0,True,True,True,False,True,False,False,True,True,True,False,2.539341772286342,False,False,25.05,24.950000000000003,25.05,21.8,40.0,20.8,0,74.88322548339649,2.541300325135536,1.0,s4_narrow_passage_medium,M7,23,0.2,4.0
False,19.450000000000003,0.9808541423732955,0.2576039600923316,True,98.43861191115808,1458.7453193573128,0.017270079067831876,75.46976672058413,0.012056515712590666,0.2566172994370475,0.00417164707485048,0.00417164707485048,139.21205087254899,0,0.0,True,True,True,False,True,False,False,True,True,True,False,2.5433827005629523,False,False,25.400000000000002,24.950000000000003,25.400000000000002,22.0,40.0,20.6,0,74.80558780111886,2.541326913225,1.0,s4_narrow_passage_medium,M7,24,0.2,4.0
False,19.55,0.9759041050122208,0.26980956730533273,True,98.43348416557876,1481.1538666491333,0.019975031210986267,75.51331784331153,0.012055970518613929,0.2566172767807805,0.004174804645405781,0.004174804645405781,139.46986333064422,0,0.0,True,True,True,False,True,False,False,True,True,True,False,2.5433827232192194,False,False,25.6,25.400000000000002,25.6,22.150000000000002,40.0,20.5,0,74.91514514357353,2.541309022107601,1.0,s4_narrow_passage_medium,M7,25,0.2,4.0
False,19.450000000000003,0.9706205211668248,0.26598920577491536,True,98.64367686427832,1476.4652605683905,0.018726591760299626,74.47349975236735,0.010267568308069859,0.2606763993539639,0.006565521218452128,0.006565521218452128,139.53080752402184,0,0.0,True,True,True,False,True,False,False,True,True,True,False,2.539323600646036,False,False,25.950000000000003,25.450000000000003,25.950000000000003,22.0,40.0,20.6,0,74.87812311701609,2.541333374858375,1.0,s4_narrow_passage_medium,M7,26,0.2,4.0
False,19.200000000000003,1.0202189255811869,0.269612445488696,True,98.27391456984763,1451.5423809466863,0.011235955056179775,74.93453185423495,0.012057118447196395,0.2566327879350849,0.0041797238923918555,0.0041797238923918555,138.97028049645616,0,0.0,True,True,True,False,True,False,False,True,True,True,False,2.543367212064915,False,False,25.5,25.0,25.5,21.75,40.0,20.85,0,74.89889540281591,2.541317421075328,1.0,s4_narrow_passage_medium,M7,27,0.2,4.0
False,19.5,0.991127292594667,0.2660135196643197,True,98.94155761199687,1479.47547289971,0.01643778610070745,74.67734614856565,0.010268580502404409,0.2606773924739101,0.006572547574131696,0.006572547574131696,139.60158076443054,0,0.0,True,True,True,False,True,False,False,True,True,True,False,2.5393226075260897,False,False,25.55,25.3,25.55,22.0,40.0,20.55,0,74.88737510790757,2.5413331769277625,1.0,s4_narrow_passage_medium,M7,28,0.2,4.0
False,19.700000000000003,0.9757399076769884,0.2660196194489562,True,98.70619176234386,1476.6945428450285,0.018726591760299626,75.19531142630986,0.01026924952816579,0.26068714555670514,0.006576525819378971,0.006576525819378971,139.50447602439635,0,0.0,True,True,True,False,True,False,False,True,True,True,False,2.5393128544432946,False,False,26.05,25.450000000000003,26.05,22.200000000000003,40.0,20.35,0,74.93152882673074,2.5413331196947224,1.0,s4_narrow_passage_medium,M7,29,0.2,4.0
False,19.35,0.9943644229122379,0.2590329877344911,True,98.91361730951017,1496.4458834508575,0.016229712858926344,75.61376046081004,0.012053519656865597,0.25662067013767115,0.004197032032850624,0.004197032032850624,139.68484531071903,0,0.0,True,True,True,False,True,False,False,True,True,True,False,2.543379329862329,False,False,25.200000000000003,24.900000000000002,25.200000000000003,21.950000000000003,40.0,20.700000000000003,0,74.8813784152931,2.541323631117599,1.0,s4_narrow_passage_medium,M7,30,0.2,4.0
False,19.200000000000003,0.9972342519803432,0.26770885589168697,True,98.77513918277796,1480.24545968591,0.012068248023304202,75.34210314559029,0.010264952887999192,0.2606787976141617,0.006551281224778589,0.006551281224778589,139.35165891006073,0,0.0,True,True,True,False,True,False,False,True,True,True,False,2.539321202385838,False,False,25.05,24.75,25.05,21.700000000000003,40.0,20.85,0,74.80798133025023,2.5413381772222188,1.0,s4_narrow_passage_medium,M7,31,0.2,4.0
False,19.450000000000003,0.995845343550551,0.2599974495516048,True,98.87953876185448,1503.441471549424,0.019350811485642945,73.0615461407941,0.010261539976866794,0.2606616185655313,0.006533820886198403,0.006533820886198403,139.82107478440236,0,0.0,True,True,True,False,True,False,False,True,True,True,False,2.5393383814344688,False,False,25.35,25.0,25.35,22.0,40.0,20.6,0,74.89214923618827,2.5413231604248265,1.0,s4_narrow_passage_medium,M7,32,0.2,4.0
False,19.55,0.9691704441888225,0.26822038967566647,True,98.09072995394003,1443.033368065549,0.01893466500208073,75.17003731177734,0.010269386985369095,0.26068661390563264,0.00657745890451335,0.00657745890451335,138.94977227038544,0,0.0,True,True,True,False,True,False,False,True,True,True,False,2.539313386094367,False,False,25.700000000000003,25.35,25.700000000000003,22.1,40.0,20.5,0,74.89275937847043,2.541340300983029,1.0,s4_narrow_passage_medium,M7,33,0.2,4.0
False,19.400000000000002,1.0019092900015518,0.26783820985707435,True,98.87978415510094,1495.5910120907843,0.014773200166458594,72.98812339440296,0.010261546453380423,0.2606608731679024,0.006535447529195632,0.006535447529195632,139.6254586478793,0,0.0,True,True,True,False,True,False,False,True,True,True,False,2.5393391268320973,False,False,25.85,25.150000000000002,25.85,21.900000000000002,40.0,20.650000000000002,0,74.81265010138078,2.5413364405327767,1.0,s4_narrow_passage_medium,M7,34,0.2,4.0
False,19.35,1.0054159299305663,0.2636397437930575,True,98.76846879065123,1473.5273397202513,0.017478152309612985,74.128785712712,0.01026566202837016,0.26067437159960183,0.0065523642049532945,0.0065523642049532945,139.63047965247472,0,0.0,True,True,True,False,True,False,False,True,True,True,False,2.539325628400398,False,False,25.200000000000003,25.200000000000003,25.200000000000003,21.85,40.0,20.700000000000003,0,74.85828060094457,2.5413325622086664,1.0,s4_narrow_passage_medium,M7,35,0.2,4.0
False,19.6,0.9760546754078441,0.26768285109706963,True,98.92216209158556,1501.2086787733442,0.018726591760299626,74.29034859146363,0.01026658476962066,0.2606754624810287,0.006558460215874757,0.006558460215874757,139.77429328439268,0,0.0,True,True,True,False,True,False,False,True,True,True,False,2.5393245375189712,False,False,25.150000000000002,25.150000000000002,25.150000000000002,22.150000000000002,40.0,20.450000000000003,0,74.85266908219411,2.54133395337843,1.0,s4_narrow_passage_medium,M7,36,0.2,4.0
False,19.450000000000003,1.0065051524517605,0.2688172636166192,True,98.37462204659727,1462.3085505005217,0.017478152309612985,73.98597111690327,0.01026478150431867,0.26067316684330416,0.00654758880262181,0.00654758880262181,139.34593352390056,0,0.0,True,True,True,False,True,False,False,True,True,True,False,2.5393268331566956,False,False,25.25,25.150000000000002,25.25,22.0,40.0,20.6,0,74.84509467796303,2.541330426461064,1.0,s4_narrow_passage_medium,M7,37,0.2,4.0
False,19.55,0.9910031328039757,0.26978901838467984,True,97.88112216466936,1472.7900210214991,0.019975031210986267,75.6054094616587,0.01205470416469633,0.25661715510868593,0.004184311904632883,0.004184311904632883,138.94680802322745,0,0.0,True,True,True,False,True,False,False,True,True,True,False,2.543382844891314,False,False,25.6,25.5,25.6,22.150000000000002,40.0,20.5,0,74.92992350875875,2.5413099473775174,1.0,s4_narrow_passage_medium,M7,38,0.2,4.0
False,19.650000000000002,0.9810535014506547,0.2655577260102901,True,98.79958559767994,1479.515532964903,0.02184769038701623,75.00368192189852,0.010269559853613539,0.26068136080456217,0.0065799862299931325,0.0065799862299931325,139.63665698914258,0,0.0,True,True,True,False,True,False,False,True,True,True,False,2.5393186391954377,False,False,25.950000000000003,25.450000000000003,25.950000000000003,22.150000000000002,40.0,20.400000000000002,0,74.92366066203253,2.5413324647219007,1.0,s4_narrow_passage_medium,M7,39,0.2,4.0
False,19.650000000000002,0.9632335666828136,0.2707034115040453,True,98.2833237094506,1471.5246387542134,0.019975031210986267,74.53295649198576,0.010266088401110655,0.26068221110480705,0.00655586052846101,0.00655586052846101,139.25563943094483,0,0.0,True,True,True,False,True,False,False,True,True,True,False,2.5393177888951928,False,False,25.55,25.55,25.55,22.200000000000003,40.0,20.400000000000002,0,74.88619591696583,2.541235936024421,1.0,s4_narrow_passage_medium,M7,10,0.2,6.0
False,19.650000000000002,0.9840867139932403,0.25932168409013223,True,98.5814566989026,1525.738771950883,0.02267998335414066,74.56805231887165,0.012056450787510947,0.25664147768137724,0.004194582767102054,0.004194582767102054,139.54615655155925,0,0.0,True,True,True,False,True,False,False,True,True,True,False,2.5433585223186226,False,False,25.5,25.150000000000002,25.5,22.150000000000002,40.0,20.400000000000002,0,74.91644423350533,2.54132119755125,1.0,s4_narrow_passage_medium,M7,11,0.2,6.0
False,19.75,0.9732675372532815,0.27014234856681524,True,98.12886530561661,1485.9082505807983,0.025801081980857263,74.42460312596621,0.0102676196288816,0.26067643400934837,0.006559169922355771,0.006559169922355771,139.15361464801248,0,0.0,True,True,True,False,True,False,False,True,True,True,False,2.5393235659906512,False,False,25.650000000000002,25.650000000000002,25.650000000000002,22.3,40.0,20.3,0,74.90066584056343,2.541270896788062,1.0,s4_narrow_passage_medium,M7,12,0.2,6.0
False,19.5,0.9733170763973427,0.2666796618978638,True,98.916706439952,1514.892199513931,0.015605493133583021,75.46297489449377,0.012056565884308,0.25661741187412557,0.004171169499720602,0.004171169499720602,139.68724030329497,0,0.0,True,True,True,False,True,False,False,True,True,True,False,2.5433825881258745,False,False,25.900000000000002,25.400000000000002,25.900000000000002,21.950000000000003,40.0,20.55,0,74.80932810483513,2.5413358073490193,1.0,s4_narrow_passage_medium,M7,13,0.2,6.0
False,19.05,1.0119384254993309,0.26775112629278236,True,99.3610195493612,1478.9395935848352,0.011027881814398668,75.29399522548172,0.012052763265557334,0.2566575211965237,0.0042349864541379135,0.0042349864541379135,139.75571926686916,0,0.0,True,True,True,False,True,False,False,True,True,True,False,2.543342478803476,False,False,25.150000000000002,24.6,25.150000000000002,21.55,40.0,21.0,0,74.81404971711115,2.5413404742571264,1.0,s4_narrow_passage_medium,M7,14,0.2,6.0
False,19.700000000000003,0.979953404076394,0.25587888253861896,True,97.0377414278502,1385.6958869654898,0.024136496046608405,75.42223019268054,0.012053096329572008,0.2566535066912667,0.0042287115112339185,0.0042287115112339185,137.94025998300512,0,0.0,True,True,True,False,True,False,False,True,True,True,False,2.543346493308733,False,False,26.450000000000003,25.75,26.450000000000003,22.25,40.0,20.35,0,74.91981012852371,2.54131958532484,1.0,s4_narrow_passage_medium,M7,15,0.2,6.0
False,19.450000000000003,0.9783386213735608,0.2654642033458918,True,96.85157333169573,1353.3793983821215,0.018310445276737412,74.60307090568764,0.012056526972025174,0.25664073642354773,0.004193624480626597,0.004193624480626597,137.553644526813,0,0.0,True,True,True,False,True,False,False,True,True,True,False,2.543359263576452,False,False,26.400000000000002,25.3,26.400000000000002,22.0,40.0,20.6,0,74.83284003380399,2.5413421821083406,1.0,s4_narrow_passage_medium,M7,16,0.2,6.0
False,19.5,0.9966383621566341,0.2688849848247428,True,98.06892061694964,1447.0084161340887,0.017478152309612985,74.10198378833776,0.010265504395704794,0.26067412748170504,0.006551484318661104,0.006551484318661104,139.10122819387544,0,0.0,True,True,True,False,True,False,False,True,True,True,False,2.539325872518295,False,False,25.400000000000002,25.400000000000002,25.400000000000002,22.05,40.0,20.55,0,74.854472817502,2.5413294765060312,1.0,s4_narrow_passage_medium,M7,17,0.2,6.0
False,19.75,0.9827794699101309,0.2600302659162922,True,98.78279639577852,1532.2533627894422,0.024968789013732832,74.14303809126056,0.0102657923281934,0.2606744598115418,0.006552668544090971,0.006552668544090971,139.87078285201082,0,0.0,True,True,True,False,True,False,False,True,True,True,False,2.5393255401884582,False,False,25.450000000000003,25.25,25.450000000000003,22.3,40.0,20.3,0,74.90608886215504,2.5413196446441764,1.0,s4_narrow_passage_medium,M7,18,0.2,6.0
False,19.6,0.9756371874649863,0.2592623497458118,True,98.56457268861027,1487.6314791723955,0.020599250936329586,73.64726925126577,0.01026281265812307,0.2606669717230745,0.006537418431157547,0.006537418431157547,139.45028104992758,0,0.0,True,True,True,False,True,False,False,True,True,True,False,2.5393330282769253,False,False,25.6,25.1,25.6,22.1,40.0,20.450000000000003,0,74.89788986589184,2.541320835880901,1.0,s4_narrow_passage_medium,M7,19,0.2,6.0
False,19.6,0.9932993004649824,0.2678230830402435,True,98.49355335736317,1483.4989597864287,0.017270079067831876,74.736180965531,0.012053846112674049,0.2566565925923046,0.004227985414718497,0.004227985414718497,139.596053595,0,0.0,True,True,True,False,True,False,False,True,True,True,False,2.5433434074076953,False,False,25.700000000000003,25.35,25.700000000000003,22.1,40.0,20.450000000000003,0,74.89686731854569,2.5413295950963857,1.0,s4_narrow_passage_medium,M7,20,0.2,6.0
False,19.8,0.9586387657211108,0.26608757485208645,True,99.37760124869929,1506.8652369202455,0.01976695796920516,75.34380804638265,0.010266369215744555,0.2606876000034258,0.006555509522378483,0.006555509522378483,140.1323500249711,0,0.0,True,True,True,False,True,False,False,True,True,True,False,2.539312399996574,False,False,25.950000000000003,25.6,25.950000000000003,22.3,40.0,20.25,0,74.938897883352,2.541332928363892,1.0,s4_narrow_passage_medium,M7,21,0.2,6.0
False,19.400000000000002,0.9771288203743722,0.25834259144323224,True,98.9626870385098,1500.4885129678632,0.01581356637536413,75.50562463802653,0.012056313973789902,0.2566166160747477,0.004171886350505772,0.004171886350505772,139.82482821808196,0,0.0,True,True,True,False,True,False,False,True,True,True,False,2.543383383925252,False,False,25.3,24.900000000000002,25.3,21.950000000000003,40.0,20.650000000000002,0,74.89638108614872,2.5413218441747056,1.0,s4_narrow_passage_medium,M7,22,0.2,6.0
False,19.3,0.9865901309355027,0.2703094835688948,True,98.25525249260568,1447.8111466511077,0.0149812734082397,74.80240180626822,0.010268658478389014,0.2606796733692258,0.006577024787429332,0.006577024787429332,138.98124999207488,0,0.0,True,True,True,False,True,False,False,True,True,True,False,2.539320326630774,False,False,25.05,24.950000000000003,25.05,21.8,40.0,20.75,0,74.87170826929393,2.5412839231859574,1.0,s4_narrow_passage_medium,M7,23,0.2,6.0
False,19.55,0.9809154854396434,0.2587996785036081,True,98.76141509085724,1507.90068662985,0.018726591760299626,73.753773764853,0.01026340246047132,0.26066965511649565,0.006539994022752999,0.006539994022752999,139.689431947919,0,0.0,True,True,True,False,True,False,False,True,True,True,False,2.539330344883504,False,False,25.450000000000003,25.05,25.450000000000003,22.1,40.0,20.5,0,74.91412348514757,2.5413204928911113,1.0,s4_narrow_passage_medium,M7,24,0.2,6.0
False,19.650000000000002,0.9747783757355444,0.27007716982810226,True,98.67444142304058,1500.3403265679412,0.01976695796920516,74.49339912145864,0.012055090850385272,0.25665117972214374,0.004218613433773103,0.004218613433773103,139.7319070043979,0,0.0,True,True,True,False,True,False,False,True,True,True,False,2.5433488202778562,False,False,25.8,25.3,25.8,22.150000000000002,40.0,20.400000000000002,0,74.86379485975,2.5412961187375043,1.0,s4_narrow_passage_medium,M7,25,0.2,6.0
False,19.6,0.9691320523088287,0.26778320365120023,True,98.49728023500751,1491.8279937792404,0.02122347066167291,74.50853302639817,0.012054682312576219,0.2566526746753205,0.004218510503409923,0.004218510503409923,139.57273693314647,0,0.0,True,True,True,False,True,False,False,True,True,True,False,2.5433473253246794,False,False,25.5,25.5,25.5,22.1,40.0,20.450000000000003,0,74.87451404074719,2.5413287279323997,1.0,s4_narrow_passage_medium,M7,26,0.2,6.0
False,19.200000000000003,1.0211689648655737,0.25912427918062014,True,98.81190627901877,1493.5862662846357,0.011027881814398668,75.59945095342266,0.012053470359023986,0.2566275803963959,0.004202983100908532,0.004202983100908532,139.4823502119715,0,0.0,True,True,True,False,True,False,False,True,True,True,False,2.543372419603604,False,False,25.0,24.700000000000003,25.0,21.75,40.0,20.85,0,74.88086770329649,2.5413214977373926,1.0,s4_narrow_passage_medium,M7,27,0.2,6.0
False,19.5,0.9923841114189293,0.26509679376508116,True,99.03409336869731,1486.4893559889574,0.016229712858926344,74.45201907872375,0.012056230881163726,0.2566437236748141,0.004199744186503998,0.004199744186503998,139.66968753775342,0,0.0,True,True,True,False,True,False,False,True,True,True,False,2.5433562763251856,False,False,25.8,25.55,25.8,22.0,40.0,20.55,0,74.85312296056624,2.5413306798585142,1.0,s4_narrow_passage_medium,M7,28,0.2,6.0
False,19.75,0.9755419139968178,0.26680704985989395,True,98.21632897036595,1452.941219670061,0.021015397419891804,74.36658975458039,0.010266966819702891,0.26067601832756276,0.0065616440543018765,0.0065616440543018765,139.01329004363316,0,0.0,True,True,True,False,True,False,False,True,True,True,False,2.539323981672437,False,False,25.8,25.55,25.8,22.25,40.0,20.3,0,74.86954159150432,2.5413296156819962,1.0,s4_narrow_passage_medium,M7,29,0.2,6.0
False,19.400000000000002,0.9941386652393416,0.2595676703663149,True,99.01558310987518,1501.0228328311932,0.016021639617145235,75.62256402925976,0.012054277507331177,0.2566173038894534,0.004187856803527694,0.004187856803527694,139.77814577176758,0,0.0,True,True,True,False,True,False,False,True,True,True,False,2.5433826961105463,False,False,25.3,24.950000000000003,25.3,21.950000000000003,40.0,20.650000000000002,0,74.90812843417774,2.541323919829073,1.0,s4_narrow_passage_medium,M7,30,0.2,6.0
False,19.25,0.9964997137495859,0.2677650388718001,True,98.54122256887163,1473.862169218056,0.012900540990428632,73.99237169123222,0.010261695726846194,0.26065939105868274,0.006538102843103793,0.006538102843103793,139.2245692698186,0,0.0,True,True,True,False,True,False,False,True,True,True,False,2.539340608941317,False,False,25.150000000000002,25.150000000000002,25.150000000000002,21.75,40.0,20.8,0,74.80143662420654,2.541334804154686,1.0,s4_narrow_passage_medium,M7,31,0.2,6.0
False,19.450000000000003,0.9951867594730446,0.25281381917096735,True,97.28396920593431,1374.866279780499,0.01976695796920516,74.62777753696645,0.012054109491086469,0.25665571241012797,0.004225355829910446,0.004225355829910446,137.9672379542592,0,0.0,True,True,True,False,True,False,False,True,True,True,False,2.5433442875898717,False,False,25.35,25.25,25.35,22.0,40.0,20.6,0,74.75176084746494,2.5413277192851327,1.0,s4_narrow_passage_medium,M7,32,0.2,6.0
False,19.6,0.9697634322449449,0.26787952623794553,True,98.68278477585358,1487.8323592811664,0.01893466500208073,74.71596629504819,0.010268729110210446,0.2606777804776639,0.006573798635078318,0.006573798635078318,139.64802816126323,0,0.0,True,True,True,False,True,False,False,True,True,True,False,2.5393222195223357,False,False,25.3,25.200000000000003,25.3,22.150000000000002,40.0,20.450000000000003,0,74.89136352967871,2.541330067190228,1.0,s4_narrow_passage_medium,M7,33,0.2,6.0
False,19.400000000000002,1.0011241109344626,0.26547677558686716,True,99.087729286935,1496.0799503329595,0.014565126924677487,73.96039798048646,0.010264628486784845,0.26067290053863307,0.006546799359616345,0.006546799359616345,139.77959997939072,0,0.0,True,True,True,False,True,False,False,True,True,True,False,2.539327099461367,False,False,25.200000000000003,25.200000000000003,25.200000000000003,21.900000000000002,40.0,20.650000000000002,0,74.84450172737758,2.5413331354658024,1.0,s4_narrow_passage_medium,M7,34,0.2,6.0
False,19.400000000000002,1.00621950682086,0.2698579120650476,True,98.38077223404375,1479.8429721223456,0.019350811485642945,75.24827183837976,0.012052439412174936,0.25665949716320663,0.004237166379580215,0.004237166379580215,139.41022094772086,0,0.0,True,True,True,False,True,False,False,True,True,True,False,2.5433405028367932,False,False,25.6,25.1,25.6,21.950000000000003,40.0,20.650000000000002,0,74.902012587198,2.541312407167623,1.0,s4_narrow_passage_medium,M7,35,0.2,6.0
False,19.650000000000002,0.9764406441234705,0.25933500330405224,True,98.81600692709276,1512.7804419854247,0.019558884727424054,75.39904536930281,0.012052232085606093,0.25665916668010574,0.004240513931920863,0.004240513931920863,139.71266402874141,0,0.0,True,True,True,False,True,False,False,True,True,True,False,2.543340833319894,False,False,25.450000000000003,25.150000000000002,25.450000000000003,22.200000000000003,40.0,20.400000000000002,0,75.04936010110994,2.541266540699571,1.0,s4_narrow_passage_medium,M7,36,0.2,6.0
False,19.5,1.0076608889719678,0.26887425540367504,True,98.49463810642675,1470.357564490892,0.017270079067831876,74.07914052972966,0.010265377515096053,0.2606739497460246,0.006550529720805249,0.006550529720805249,139.47170050740462,0,0.0,True,True,True,False,True,False,False,True,True,True,False,2.539326050253975,False,False,25.400000000000002,25.400000000000002,25.400000000000002,22.05,40.0,20.55,0,74.8541580685367,2.541329589836707,1.0,s4_narrow_passage_medium,M7,37,0.2,6.0
False,19.6,0.9908586675775253,0.2675468226583467,True,98.56677358380475,1506.583650340296,0.020183104452767373,74.23842485836826,0.01026628948249182,0.2606751601780833,0.006556384704725038,0.006556384704725038,139.51769090770583,0,0.0,True,True,True,False,True,False,False,True,True,True,False,2.5393248398219166,False,False,25.85,25.150000000000002,25.85,22.1,40.0,20.450000000000003,0,74.85661847650185,2.5413339998476134,1.0,s4_narrow_passage_medium,M7,38,0.2,6.0
False,19.700000000000003,0.9834717740648775,0.2677695540378641,True,98.63241992049062,1490.9254661241418,0.02267998335414066,75.05721444644125,0.012052967408268278,0.2566593922573968,0.004236097952132083,0.004236097952132083,139.65331512028865,0,0.0,True,True,True,False,True,False,False,True,True,True,False,2.543340607742603,False,False,25.6,25.6,25.6,22.200000000000003,40.0,20.35,0,74.90625510754032,2.541329283822152,1.0,s4_narrow_passage_medium,M7,39,0.2,6.0
False,19.650000000000002,0.9633046224209376,0.2600461384839424,True,98.80812801232389,1505.6496924155376,0.019558884727424054,75.54423443121664,0.01205593747997203,0.256616125388799,0.004173798986491537,0.004173798986491537,139.7271809690485,0,0.0,True,True,True,False,True,False,False,True,True,True,False,2.5433838746112007,False,False,25.55,25.1,25.55,22.150000000000002,40.0,20.400000000000002,0,74.88634715756157,2.54132366438268,1.0,s4_narrow_passage_medium,M7,10,0.2,8.0
False,19.650000000000002,0.9839415938204075,0.2602606882307041,True,98.63006786366923,1529.3565301160484,0.02184769038701623,75.31287211432515,0.012057049072463966,0.2566199351305038,0.004169234646237629,0.004169234646237629,139.5587592396845,0,0.0,True,True,True,False,True,False,False,True,True,True,False,2.543380064869496,False,False,25.3,25.1,25.3,22.150000000000002,40.0,20.400000000000002,0,74.88405746168067,2.541322539094023,1.0,s4_narrow_passage_medium,M7,11,0.2,8.0
False,19.700000000000003,0.9724073509537006,0.2604064906878421,True,98.7001768990194,1529.5403850156094,0.026217228464419477,74.27998293518321,0.010266614455379089,0.2606752138183891,0.006558107407082438,0.006558107407082438,139.68712435539555,0,0.0,True,True,True,False,True,False,False,True,True,True,False,2.5393247861816106,False,False,25.5,25.200000000000003,25.5,22.25,40.0,20.35,0,74.92561036835627,2.5413194113904547,1.0,s4_narrow_passage_medium,M7,12,0.2,8.0
False,19.450000000000003,0.9746205250122058,0.26713444014638615,True,98.96742721120278,1500.4725647014345,0.014565126924677487,74.4315991448883,0.01205617242200571,0.2566441105648117,0.004200403754186678,0.004200403754186678,139.65901416457766,0,0.0,True,True,True,False,True,False,False,True,True,True,False,2.543355889435188,False,False,25.3,25.200000000000003,25.3,21.900000000000002,40.0,20.6,0,74.85685219526113,2.5413324471849545,1.0,s4_narrow_passage_medium,M7,13,0.2,8.0
False,19.05,1.01163044005593,0.2700800711906703,True,98.86547348859615,1457.8563860567058,0.01227632126508531,74.37776942707252,0.01205572208690764,0.25664620854904746,0.004202909772975798,0.004202909772975798,139.375890269256,0,0.0,True,True,True,False,True,False,False,True,True,True,False,2.5433537914509525,False,False,25.05,24.950000000000003,25.05,21.6,40.0,21.0,0,74.88024101730296,2.541314394220527,1.0,s4_narrow_passage_medium,M7,14,0.2,8.0
False,19.650000000000002,0.9798898927320916,0.25963776932907834,True,98.80988060150125,1520.3969838165035,0.024344569288389514,75.21617708269025,0.012057246408140898,0.2566234733417713,0.004171201655427396,0.004171201655427396,139.94999360555238,0,0.0,True,True,True,False,True,False,False,True,True,True,False,2.5433765266582284,False,False,25.55,25.200000000000003,25.55,22.200000000000003,40.0,20.400000000000002,0,74.89734104759621,2.5413240277079,1.0,s4_narrow_passage_medium,M7,15,0.2,8.0
False,19.400000000000002,0.979486170566086,0.26664156428677294,True,98.77684599571359,1493.9384004746955,0.01976695796920516,74.78945788499392,0.010261806209115236,0.26065882533869905,0.006538660794199244,0.006538660794199244,139.55591773898306,0,0.0,True,True,True,False,True,False,False,True,True,True,False,2.539341174661301,False,False,25.950000000000003,25.450000000000003,25.950000000000003,21.900000000000002,40.0,20.650000000000002,0,74.80486536083377,2.5413377462754223,1.0,s4_narrow_passage_medium,M7,16,0.2,8.0
False,19.5,0.9971097563040587,0.2705832068587075,True,98.23482487831475,1451.788535217598,0.017478152309612985,74.87550751745334,0.010268731496507888,0.2606813619879604,0.006581378646223997,0.006581378646223997,139.21425739202948,0,0.0,True,True,True,False,True,False,False,True,True,True,False,2.5393186380120394,False,False,25.400000000000002,25.25,25.400000000000002,22.0,40.0,20.55,0,74.96161584082186,2.5412452524922666,1.0,s4_narrow_passage_medium,M7,17,0.2,8.0
False,19.75,0.983429449069025,0.2703855701721183,True,98.55715953331449,1508.171499118066,0.023096129837702872,74.80295407502635,0.012053060850001823,0.25665831277290985,0.004224957256276504,0.004224957256276504,139.62165987597749,0,0.0,True,True,True,False,True,False,False,True,True,True,False,2.54334168722709,False,False,25.900000000000002,25.400000000000002,25.900000000000002,22.25,40.0,20.3,0,74.91225482947173,2.5412741146222526,1.0,s4_narrow_passage_medium,M7,18,0.2,8.0
False,19.55,0.97394771646847,0.267237543135993,True,98.48822663607199,1469.4596188597686,0.01914273824386184,74.40831971354567,0.010267182665440518,0.2606762969291105,0.0065633454929507565,0.0065633454929507565,139.33299104396178,0,0.0,True,True,True,False,True,False,False,True,True,True,False,2.5393237030708895,False,False,25.450000000000003,25.450000000000003,25.450000000000003,22.05,40.0,20.5,0,74.86664680379278,2.541329621554379,1.0,s4_narrow_passage_medium,M7,19,0.2,8.0
False,19.55,0.9936390007172144,0.2666186905665323,True,98.04715107541752,1444.572986908377,0.017478152309612985,74.79695388262674,0.012053904685059008,0.25665683565214475,0.004232308034098486,0.004232308034098486,138.94595904160263,0,0.0,True,True,True,False,True,False,False,True,True,True,False,2.543343164347855,False,False,26.25,25.450000000000003,26.25,22.1,40.0,20.5,0,74.8980691920589,2.5412944021863537,1.0,s4_narrow_passage_medium,M7,20,0.2,8.0
False,19.8,0.9565807645428313,0.26432881543384584,True,99.41513192688143,1510.6064440959867,0.02039117769454848,75.20280616822693,0.010269218787572565,0.26068726146330123,0.006576256503578088,0.006576256503578088,140.1182037939534,0,0.0,True,True,True,False,True,False,False,True,True,True,False,2.5393127385366987,False,False,26.150000000000002,25.650000000000002,26.150000000000002,22.25,40.0,20.25,0,74.9378335229933,2.5413337987566704,1.0,s4_narrow_passage_medium,M7,21,0.2,8.0
False,19.400000000000002,0.9769651175565006,0.2595000701128291,True,99.03873803721947,1501.952681792393,0.016021639617145235,75.12268046492538,0.010261857802915312,0.26065866881370015,0.006538601607238561,0.006538601607238561,139.86116291847316,0,0.0,True,True,True,False,True,False,False,True,True,True,False,2.5393413311862996,False,False,25.200000000000003,24.900000000000002,25.200000000000003,21.950000000000003,40.0,20.650000000000002,0,74.92081482570411,2.5413244708460168,1.0,s4_narrow_passage_medium,M7,22,0.2,8.0
False,19.3,0.9863448265921206,0.270429856597139,True,98.46631498883444,1454.1566472239774,0.01435705368289638,73.68154076819378,0.010261323736066233,0.26066134857188655,0.006533635644693029,0.006533635644693029,139.12892342206462,0,0.0,True,True,True,False,True,False,False,True,True,True,False,2.539338651428113,False,False,25.450000000000003,24.950000000000003,25.450000000000003,21.8,40.0,20.75,0,74.90908165294711,2.5412740151143747,1.0,s4_narrow_passage_medium,M7,23,0.2,8.0
False,19.55,0.9808559842140105,0.26659132610696806,True,98.20760184882164,1447.5481676928182,0.018102372034956304,75.62365217789505,0.012053436318223002,0.2566197214280312,0.0041843427128925356,0.0041843427128925356,138.8490977073705,0,0.0,True,True,True,False,True,False,False,True,True,True,False,2.5433802785719686,False,False,26.25,25.450000000000003,26.25,22.1,40.0,20.5,0,74.78675689151696,2.5412586856599098,1.0,s4_narrow_passage_medium,M7,24,0.2,8.0
False,19.6,0.9753389176032623,0.26720990010443535,True,98.96024204975541,1514.7431531985385,0.020183104452767373,74.58922000538675,0.012054387014144461,0.25665428977739924,0.004222440156047626,0.004222440156047626,139.98388577889403,0,0.0,True,True,True,False,True,False,False,True,True,True,False,2.5433457102226007,False,False,25.5,25.5,25.5,22.1,40.0,20.450000000000003,0,74.87808589895509,2.5413273024311094,1.0,s4_narrow_passage_medium,M7,25,0.2,8.0
False,19.6,0.9710409493579049,0.2658023411758926,True,98.98796479267912,1508.4424270443997,0.01893466500208073,74.68754551733228,0.01205404406435931,0.2566559150503596,0.004226458401578212,0.004226458401578212,139.8849919297994,0,0.0,True,True,True,False,True,False,False,True,True,True,False,2.54334408494964,False,False,25.700000000000003,25.35,25.700000000000003,22.05,40.0,20.450000000000003,0,74.8897744008992,2.541331736408023,1.0,s4_narrow_passage_medium,M7,26,0.2,8.0
False,19.200000000000003,1.0212555015015028,0.25948385877120217,True,98.87894468445323,1490.4708365310669,0.011235955056179775,75.1360222847941,0.01205295233125246,0.2566592852143325,0.004237011897190501,0.004237011897190501,139.5012983866758,0,0.0,True,True,True,False,True,False,False,True,True,True,False,2.5433407147856673,False,False,24.8,24.700000000000003,24.8,21.75,40.0,20.85,0,74.89346940495071,2.541322625641706,1.0,s4_narrow_passage_medium,M7,27,0.2,8.0
False,19.5,0.9922331389858436,0.26466407719646773,True,99.16954315990836,1492.4009170968382,0.016645859342488557,73.99817701755964,0.010264880623720704,0.2606732508541037,0.006547933751342887,0.006547933751342887,139.7354949696949,0,0.0,True,True,True,False,True,False,False,True,True,True,False,2.539326749145896,False,False,25.450000000000003,25.450000000000003,25.450000000000003,21.950000000000003,40.0,20.55,0,74.84991991134874,2.541332519533876,1.0,s4_narrow_passage_medium,M7,28,0.2,8.0
False,19.700000000000003,0.9752537892271571,0.2672231059306338,True,99.01890699929191,1504.291959714455,0.020807324178110695,74.33653041927789,0.01205526689470123,0.2566493740914255,0.004210720279643341,0.004210720279643341,139.78067154753802,0,0.0,True,True,True,False,True,False,False,True,True,True,False,2.543350625908574,False,False,25.650000000000002,25.400000000000002,25.650000000000002,22.150000000000002,40.0,20.35,0,74.87028394692872,2.5413345797766174,1.0,s4_narrow_passage_medium,M7,29,0.2,8.0
False,19.400000000000002,0.9947853190293412,0.26861944306072877,True,98.60284139671928,1474.1683177591513,0.016645859342488557,73.6695224296699,0.0102629339174909,0.2606673462920685,0.006538485118367395,0.006538485118367395,139.37777925344605,0,0.0,True,True,True,False,True,False,False,True,True,True,False,2.5393326537079313,False,False,25.650000000000002,25.05,25.650000000000002,21.950000000000003,40.0,20.650000000000002,0,74.82069912890123,2.541330377629069,1.0,s4_narrow_passage_medium,M7,30,0.2,8.0
False,19.25,0.9970048840063066,0.25878340312408443,True,98.83611611958933,1502.627223106253,0.013316687473990845,75.2264786230798,0.012052790417971375,0.25665854309927744,0.004236335786861048,0.004236335786861048,139.47107200445,0,0.0,True,True,True,False,True,False,False,True,True,True,False,2.5433414569007224,False,False,25.1,24.700000000000003,25.1,21.75,40.0,20.8,0,74.90719380114768,2.5413213993234867,1.0,s4_narrow_passage_medium,M7,31,0.2,8.0
False,19.450000000000003,0.9944794688822383,0.27000774674454897,True,98.60983870072594,1484.5374006489615,0.019350811485642945,73.1706262648304,0.010261517761019285,0.2606623266283649,0.006535508247751354,0.006535508247751354,139.50157355404704,0,0.0,True,True,True,False,True,False,False,True,True,True,False,2.539337673371635,False,False,25.650000000000002,25.35,25.650000000000002,22.0,40.0,20.6,0,74.8949884909051,2.5412983324346308,1.0,s4_narrow_passage_medium,M7,32,0.2,8.0
False,19.6,0.9697512158404822,0.2700190772714053,True,98.59446675533067,1487.3508060937147,0.01976695796920516,74.33736470193269,0.012055565238989043,0.25664831508400027,0.004211399441637517,0.004211399441637517,139.5521612917553,0,0.0,True,True,True,False,True,False,False,True,True,True,False,2.5433516849159994,False,False,25.8,25.400000000000002,25.8,22.150000000000002,40.0,20.450000000000003,0,74.91392507498466,2.541299415398954,1.0,s4_narrow_passage_medium,M7,33,0.2,8.0
False,19.400000000000002,1.0024082897765412,0.26880153669858015,True,98.46990026513112,1481.2953925641264,0.016853932584269662,73.6199295686359,0.010262651113588284,0.26066595454206004,0.006537399913317262,0.006537399913317262,139.33855290694493,0,0.0,True,True,True,False,True,False,False,True,True,True,False,2.53933404545794,False,False,25.3,25.3,25.3,21.950000000000003,40.0,20.650000000000002,0,74.82235062016267,2.5413303842192656,1.0,s4_narrow_passage_medium,M7,34,0.2,8.0
False,19.400000000000002,1.0064420141259969,0.267238871116114,True,98.65021806233261,1495.2239443900926,0.018102372034956304,75.06462373484008,0.012057453620243457,0.2566282469307432,0.004176289308950445,0.004176289308950445,139.66881837342197,0,0.0,True,True,True,False,True,False,False,True,True,True,False,2.543371753069257,False,False,25.700000000000003,25.200000000000003,25.700000000000003,21.900000000000002,40.0,20.650000000000002,0,74.8244621091505,2.5413278283410965,1.0,s4_narrow_passage_medium,M7,35,0.2,8.0
False,19.650000000000002,0.975936956394013,0.2672710048435075,True,98.8331927016128,1500.237578503412,0.01914273824386184,74.42577496308145,0.012054976788572438,0.25665107062592024,0.004214736320098696,0.004214736320098696,139.76111988544562,0,0.0,True,True,True,False,True,False,False,True,True,True,False,2.5433489293740794,False,False,25.8,25.200000000000003,25.8,22.150000000000002,40.0,20.400000000000002,0,74.87483511555662,2.541326737781307,1.0,s4_narrow_passage_medium,M7,36,0.2,8.0
False,19.450000000000003,1.0064009466293353,0.26370456876050336,True,99.21507312490084,1486.364951132201,0.01581356637536413,74.56563505136955,0.012056473398575735,0.2566414269058998,0.0041949385022393175,0.0041949385022393175,139.92817792972818,0,0.0,True,True,True,False,True,False,False,True,True,True,False,2.5433585730941,False,False,25.900000000000002,25.400000000000002,25.900000000000002,21.950000000000003,40.0,20.6,0,74.8440036274474,2.5413326707067365,1.0,s4_narrow_passage_medium,M7,37,0.2,8.0
False,19.6,0.991076429334248,0.2673239474594287,True,98.68049054171965,1509.1284887556342,0.020807324178110695,74.68114823595917,0.012056781774697316,0.2566387072978189,0.004190014273448988,0.004190014273448988,139.58739407355597,0,0.0,True,True,True,False,True,False,False,True,True,True,False,2.5433612927021807,False,False,25.55,25.3,25.55,22.05,40.0,20.450000000000003,0,74.8442958290497,2.541332890653714,1.0,s4_narrow_passage_medium,M7,38,0.2,8.0
False,19.700000000000003,0.983632031116296,0.2702423951936059,True,98.5788359387027,1488.8840449549018,0.02247191011235955,75.3499602270751,0.010264816739897964,0.26068210023563554,0.006549456777141123,0.006549456777141123,139.57139512931067,0,0.0,True,True,True,False,True,False,False,True,True,True,False,2.5393178997643644,False,False,25.85,25.35,25.85,22.200000000000003,40.0,20.35,0,74.87319194450637,2.5412790393137463,1.0,s4_narrow_passage_medium,M7,39,0.2,8.0
False,19.650000000000002,0.9615594143907276,0.26628785479553513,True,98.83351885101206,1495.9757345685796,0.019558884727424054,74.0182651167234,0.010264986056630341,0.2606734883331124,0.006548491910854509,0.006548491910854509,139.730255616688,0,0.0,True,True,True,False,True,False,False,True,True,True,False,2.5393265116668875,False,False,25.700000000000003,25.35,25.700000000000003,22.1,40.0,20.400000000000002,0,74.85094570506836,2.541328253250754,1.0,s4_narrow_passage_medium,M7,10,0.2,10.0
False,19.6,0.9832768026261498,0.2667271477534707,True,98.64706187552018,1516.2797378005466,0.023096129837702872,74.1985721975923,0.010266042741061649,0.2606749278220644,0.00655489920608596,0.00655489920608596,139.5153293759795,0,0.0,True,True,True,False,True,False,False,True,True,True,False,2.5393250721779355,False,False,25.25,25.150000000000002,25.25,22.1,40.0,20.450000000000003,0,74.85569059117712,2.541328326229928,1.0,s4_narrow_passage_medium,M7,11,0.2,10.0
False,19.700000000000003,0.9728904068581492,0.2670667546800237,True,98.85964096421222,1524.2320211227302,0.024760715771951727,74.31820939627325,0.010266758808985551,0.26067556753766336,0.006559650608583557,0.006559650608583557,139.74488310281225,0,0.0,True,True,True,False,True,False,False,True,True,True,False,2.5393244324623363,False,False,26.25,25.85,26.25,22.200000000000003,40.0,20.35,0,74.85145170628071,2.5413336318809985,1.0,s4_narrow_passage_medium,M7,12,0.2,10.0
False,19.450000000000003,0.9726949329153063,0.2707456896198699,True,98.4244966697333,1491.3757805682699,0.017270079067831876,75.32152548651077,0.010267453386301065,0.2606922193396286,0.006561929325002405,0.006561929325002405,139.27878747745308,0,0.0,True,True,True,False,True,False,False,True,True,True,False,2.539307780660371,False,False,25.3,25.200000000000003,25.3,21.950000000000003,40.0,20.6,0,74.87727788733834,2.541290605933656,1.0,s4_narrow_passage_medium,M7,13,0.2,10.0
False,19.05,1.012153476757011,0.2672629427602545,True,99.57825066146931,1486.754269889716,0.011235955056179775,74.99494388570189,0.01026957378714269,0.26068112988647346,0.006580223183111091,0.006580223183111091,139.90052746211268,0,0.0,True,True,True,False,True,False,False,True,True,True,False,2.5393188701135263,False,False,25.0,24.75,25.0,21.5,40.0,21.0,0,74.81435674336494,2.5413406161112486,1.0,s4_narrow_passage_medium,M7,14,0.2,10.0
False,19.650000000000002,0.9796383276622491,0.2702114108796952,True,98.42578559779504,1493.8452575250328,0.024760715771951727,75.31708079060628,0.010267467854541282,0.26069246763301995,0.006563216269192574,0.006563216269192574,139.5792206590668,0,0.0,True,True,True,False,True,False,False,True,True,True,False,2.53930753236698,False,False,25.85,25.450000000000003,25.85,22.200000000000003,40.0,20.400000000000002,0,74.85387207570386,2.5412819869258403,1.0,s4_narrow_passage_medium,M7,15,0.2,10.0
False,19.35,0.9763387954608211,0.26648282647486066,True,98.49795250938176,1471.3336189500847,0.01893466500208073,75.38270056227871,0.012056905008990227,0.2566186747543714,0.004169773113251961,0.004169773113251961,139.31534536008908,0,0.0,True,True,True,False,True,False,False,True,True,True,False,2.5433813252456283,False,False,25.6,25.1,25.6,21.85,40.0,20.700000000000003,0,74.81417534100304,2.541328076831457,1.0,s4_narrow_passage_medium,M7,16,0.2,10.0
False,19.5,0.9963265752291,0.2707393519477249,True,98.30452251741276,1456.822278516403,0.01768622555139409,75.52807977362427,0.012057401743258362,0.2566114893804486,0.004176356661812226,0.004176356661812226,139.25902932726285,0,0.0,True,True,True,False,True,False,False,True,True,True,False,2.5433885106195513,False,False,25.650000000000002,25.150000000000002,25.650000000000002,22.0,40.0,20.55,0,74.87152255999943,2.541252605615928,1.0,s4_narrow_passage_medium,M7,17,0.2,10.0
False,19.75,0.983715355638666,0.26665009140227175,True,99.13154029604364,1536.6830576813202,0.0239284228048273,74.42624576138783,0.010267308499564537,0.2606762760409064,0.006564011491209316,0.006564011491209316,140.04232633709717,0,0.0,True,True,True,False,True,False,False,True,True,True,False,2.5393237239590936,False,False,25.950000000000003,25.35,25.950000000000003,22.200000000000003,40.0,20.3,0,74.86719639043135,2.541333626779133,1.0,s4_narrow_passage_medium,M7,18,0.2,10.0
False,19.55,0.9758761731183758,0.2696289321343395,True,96.64701355809673,1327.9174345608476,0.01976695796920516,73.92627325233653,0.010264441407530252,0.2606724361439428,0.006545917201889245,0.006545917201889245,137.06782871518664,0,0.0,True,True,True,False,True,False,False,True,True,True,False,2.539327563856057,False,False,25.400000000000002,25.400000000000002,25.400000000000002,22.05,40.0,20.5,0,74.83618455654786,2.5413404370610446,1.0,s4_narrow_passage_medium,M7,19,0.2,10.0
False,19.55,0.9934545344288679,0.26703462403531425,True,98.77167625674356,1497.9333622083936,0.018726591760299626,74.7543177786863,0.012056960363008212,0.2566368920793758,0.004187070237817242,0.004187070237817242,139.7974976270397,0,0.0,True,True,True,False,True,False,False,True,True,True,False,2.543363107920624,False,False,25.1,25.1,25.1,22.05,40.0,20.5,0,74.84276700983293,2.5413266618205275,1.0,s4_narrow_passage_medium,M7,20,0.2,10.0
False,19.8,0.9590211716835781,0.26412967818954497,True,99.48771073601212,1506.6673499257654,0.019975031210986267,75.2797963721368,0.01205273621363829,0.256657736595441,0.004234963106907021,0.004234963106907021,140.14284350033387,0,0.0,True,True,True,False,True,False,False,True,True,True,False,2.5433422634045586,False,False,26.200000000000003,25.700000000000003,26.200000000000003,22.25,40.0,20.25,0,74.9277688657877,2.541334284792852,1.0,s4_narrow_passage_medium,M7,21,0.2,10.0
False,19.400000000000002,0.9767466832589189,0.2603836594191947,True,99.08165906206203,1501.1286174662282,0.016229712858926344,75.49027862853818,0.01205329942222952,0.2566483854086363,0.004222056169963522,0.004222056169963522,139.87562793391527,0,0.0,True,True,True,False,True,False,False,True,True,True,False,2.5433516145913635,False,False,25.25,24.900000000000002,25.25,21.900000000000002,40.0,20.650000000000002,0,74.89868158952554,2.5413248228176313,1.0,s4_narrow_passage_medium,M7,22,0.2,10.0
False,19.3,0.9858960283987253,0.27064295639682207,True,98.43127948014043,1454.7758556707238,0.0149812734082397,75.21045093865068,0.012056187594262177,0.25662689980227954,0.004176440263599324,0.004176440263599324,139.08574352967614,0,0.0,True,True,True,False,True,False,False,True,True,True,False,2.5433731001977202,False,False,25.150000000000002,25.05,25.150000000000002,21.8,40.0,20.75,0,74.85167290572201,2.541269195385749,1.0,s4_narrow_passage_medium,M7,23,0.2,10.0
False,19.55,0.9817111763658788,0.2673173449198726,True,98.87693211108731,1501.2688124900235,0.01893466500208073,74.45630858906367,0.012056258233520611,0.256643584603754,0.0041995757535171815,0.0041995757535171815,139.74232147706476,0,0.0,True,True,True,False,True,False,False,True,True,True,False,2.5433564153962456,False,False,25.450000000000003,25.450000000000003,25.450000000000003,22.05,40.0,20.5,0,74.85170877896702,2.5413267507419706,1.0,s4_narrow_passage_medium,M7,24,0.2,10.0
False,19.6,0.9755888784002396,0.2651442635625146,True,99.3485472219767,1515.0742352676739,0.019350811485642945,74.70279497674545,0.012053973342478735,0.25665615384400214,0.00422690072178042,0.00422690072178042,140.15332905097506,0,0.0,True,True,True,False,True,False,False,True,True,True,False,2.543343846155998,False,False,25.5,25.5,25.5,22.05,40.0,20.450000000000003,0,74.89305736460743,2.541332726945332,1.0,s4_narrow_passage_medium,M7,25,0.2,10.0
False,19.6,0.9697916556826274,0.2666476062416271,True,99.06579832878104,1520.905634716682,0.021015397419891804,74.81315344724683,0.012057054234559135,0.256635507229587,0.004184769745217261,0.004184769745217261,139.97651263813202,0,0.0,True,True,True,False,True,False,False,True,True,True,False,2.543364492770413,False,False,25.3,25.1,25.3,22.05,40.0,20.450000000000003,0,74.84421981934122,2.5413334077102907,1.0,s4_narrow_passage_medium,M7,26,0.2,10.0
False,19.150000000000002,1.0214160974729467,0.27029475660668806,True,98.52882017071055,1464.6994524642764,0.012900540990428632,73.9357310223223,0.010264205277999854,0.2606725720113336,0.006547819906056713,0.006547819906056713,139.14994280500323,0,0.0,True,True,True,False,True,False,False,True,True,True,False,2.5393274279886664,False,False,24.950000000000003,24.85,24.950000000000003,21.700000000000003,40.0,20.900000000000002,0,74.87275549723624,2.541288090567376,1.0,s4_narrow_passage_medium,M7,27,0.2,10.0
False,19.5,0.9914023422482414,0.2620571476392894,True,99.20757592194181,1489.9102809784713,0.01643778610070745,75.08276344447451,0.012057405834138122,0.2566278342445049,0.004175653192876536,0.004175653192876536,139.72349218300658,0,0.0,True,True,True,False,True,False,False,True,True,True,False,2.543372165755495,False,False,26.0,25.6,26.0,21.950000000000003,40.0,20.55,0,74.82363390318663,2.541333066746258,1.0,s4_narrow_passage_medium,M7,28,0.2,10.0
False,19.700000000000003,0.9773593857620682,0.26707971816486403,True,99.11152059845826,1509.14992470654,0.021431543903454017,74.50436755497975,0.01205466976883976,0.2566527004156811,0.004218437116973196,0.004218437116973196,139.83412710810305,0,0.0,True,True,True,False,True,False,False,True,True,True,False,2.543347299584319,False,False,25.400000000000002,25.200000000000003,25.400000000000002,22.150000000000002,40.0,20.35,0,74.86850469262158,2.5413327530170746,1.0,s4_narrow_passage_medium,M7,29,0.2,10.0
False,19.35,0.9943901029261004,0.25961833542817947,True,99.16888344965594,1504.4859638963399,0.01706200582605077,75.13117686715111,0.010269498104526998,0.2606848652088787,0.006578540544238084,0.006578540544238084,139.83800322152018,0,0.0,True,True,True,False,True,False,False,True,True,True,False,2.539315134791121,False,False,25.25,24.900000000000002,25.25,21.900000000000002,40.0,20.700000000000003,0,74.91370070573792,2.541328578073342,1.0,s4_narrow_passage_medium,M7,30,0.2,10.0
False,19.200000000000003,0.9964085479535851,0.26676233740072064,True,98.83578295278187,1488.2841212810004,0.013524760715771952,75.33681657978629,0.01026704321675631,0.2606921422522122,0.006558359062955994,0.006558359062955994,139.42132957314305,0,0.0,True,True,True,False,True,False,False,True,True,True,False,2.5393078577477874,False,False,25.1,25.1,25.1,21.700000000000003,40.0,20.85,0,74.81160675445035,2.5413367987428597,1.0,s4_narrow_passage_medium,M7,31,0.2,10.0
False,19.450000000000003,0.9953830208255459,0.2584409507797954,True,96.79827627834617,1328.8578457621225,0.020599250936329586,75.34487288037715,0.010265773999018705,0.26068293543119986,0.006553457753002935,0.006553457753002935,137.03161352853544,0,0.0,True,True,True,False,True,False,False,True,True,True,False,2.5393170645688,False,False,25.3,25.3,25.3,21.950000000000003,40.0,20.6,0,74.81697489967586,2.5413351016383543,1.0,s4_narrow_passage_medium,M7,32,0.2,10.0
False,19.55,0.9680390105605043,0.2672175474412951,True,99.23451227751713,1513.6651136746777,0.0178942987931752,74.4087980386839,0.012056094123577358,0.2566445887877227,0.004201278573918172,0.004201278573918172,140.05880035003375,0,0.0,True,True,True,False,True,False,False,True,True,True,False,2.543355411212277,False,False,25.1,25.1,25.1,22.05,40.0,20.5,0,74.85802480328512,2.5413309987396513,1.0,s4_narrow_passage_medium,M7,33,0.2,10.0
False,19.400000000000002,1.0016330122409285,0.26581538946509753,True,98.86671626237397,1507.0399942956938,0.01706200582605077,73.57322002142581,0.010262483074851265,0.2606657283948675,0.006536313698218116,0.006536313698218116,139.6841942653494,0,0.0,True,True,True,False,True,False,False,True,True,True,False,2.5393342716051324,False,False,25.55,24.950000000000003,25.55,21.900000000000002,40.0,20.650000000000002,0,74.82882568228925,2.5413327573150486,1.0,s4_narrow_passage_medium,M7,34,0.2,10.0
False,19.400000000000002,1.0064058126807753,0.266876450741536,True,98.99449289191075,1509.4718119887173,0.01706200582605077,75.01051181634632,0.010261817536790013,0.26065870718253276,0.006538870223786142,0.006538870223786142,139.8878761376496,0,0.0,True,True,True,False,True,False,False,True,True,True,False,2.539341292817467,False,False,25.75,25.35,25.75,21.900000000000002,40.0,20.650000000000002,0,74.8029332965532,2.5413372480469794,1.0,s4_narrow_passage_medium,M7,35,0.2,10.0
False,19.650000000000002,0.9762237704185843,0.2602634723279659,True,98.98746643052328,1518.0605602705523,0.02039117769454848,75.48908583944274,0.012056372359151482,0.25661708032936204,0.00417138356397356,0.00417138356397356,139.8805111955683,0,0.0,True,True,True,False,True,False,False,True,True,True,False,2.5433829196706377,False,False,25.3,25.1,25.3,22.150000000000002,40.0,20.400000000000002,0,74.9046967267349,2.5413237027244455,1.0,s4_narrow_passage_medium,M7,36,0.2,10.0
False,19.450000000000003,1.0067668547016455,0.26723646347465113,True,99.05255769831274,1492.3755501165606,0.01706200582605077,75.05754768365846,0.012057442764089455,0.2566284905453456,0.004176514739644409,0.004176514739644409,139.89304813597386,0,0.0,True,True,True,False,True,False,False,True,True,True,False,2.543371509454654,False,False,25.35,25.35,25.35,21.950000000000003,40.0,20.6,0,74.82277782648875,2.5413278938182766,1.0,s4_narrow_passage_medium,M7,37,0.2,10.0
False,19.6,0.9922000088776619,0.2652140068338796,True,98.65946223955213,1500.3165913619027,0.02039117769454848,74.32372778384511,0.010266789937012603,0.2606755816084304,0.00655993771013508,0.00655993771013508,139.4995516987115,0,0.0,True,True,True,False,True,False,False,True,True,True,False,2.5393244183915695,False,False,25.85,25.5,25.85,22.05,40.0,20.450000000000003,0,74.8517932295087,2.5413330864786325,1.0,s4_narrow_passage_medium,M7,38,0.2,10.0
False,19.650000000000002,0.9835771471619978,0.2704009278135674,True,98.61520868217804,1490.7361550502224,0.022263836870578445,75.32962139420484,0.010267640204665543,0.2606843240288284,0.006556784639729201,0.006556784639729201,139.5836882686554,0,0.0,True,True,True,False,True,False,False,True,True,True,False,2.5393156759711712,False,False,25.85,25.450000000000003,25.85,22.200000000000003,40.0,20.400000000000002,0,74.9384096975314,2.5412604823603995,1.0,s4_narrow_passage_medium,M7,39,0.2,10.0
False,18.75,0.9603211322668075,0.2687151470988661,True,98.92058360835148,1428.8503903011067,0.02247191011235955,74.27559372719402,0.01205544646498384,0.2566482082245501,0.004208012796254125,0.004208012796254125,139.0320796159893,0,0.0,True,True,True,False,True,False,False,True,True,True,False,2.5433517917754496,False,False,24.700000000000003,24.6,24.700000000000003,21.400000000000002,40.0,21.3,0,74.79427362829712,2.541340486496473,1.0,s4_narrow_passage_medium,M7,10,0.3,2.0
False,18.8,0.981894937349699,0.2685729131796875,True,98.60433583755636,1441.5475840955744,0.025593008739076155,74.46380575865803,0.01205477418373028,0.2566520827839552,0.004216869520128732,0.004216869520128732,138.74622812983944,0,0.0,True,True,True,False,True,False,False,True,True,True,False,2.5433479172160447,False,False,25.0,24.5,25.0,21.400000000000002,40.0,21.25,0,74.80379277962662,2.541339927167645,1.0,s4_narrow_passage_medium,M7,11,0.3,2.0
False,18.8,0.9660609959666238,0.2687337410844149,True,98.74729816452269,1428.234308748791,0.030170620058260506,74.56571536011685,0.010268127272703566,0.2606764370231347,0.006569063165840998,0.006569063165840998,138.88119309412588,0,0.0,True,True,True,False,True,False,False,True,True,True,False,2.539323562976865,False,False,24.75,24.650000000000002,24.75,21.450000000000003,40.0,21.25,0,74.79949267028468,2.5413391189498817,1.0,s4_narrow_passage_medium,M7,12,0.3,2.0
False,18.6,0.9704258733437874,0.258022888778747,True,99.31149291846205,1470.95709206822,0.018310445276737412,73.37607797080742,0.010261898498857346,0.2606649994902113,0.006534636267366421,0.006534636267366421,139.3594486473965,0,0.0,True,True,True,False,True,False,False,True,True,True,False,2.5393350005097886,False,False,24.35,24.150000000000002,24.35,21.200000000000003,40.0,21.450000000000003,0,74.80052222082259,2.54134354863207,1.0,s4_narrow_passage_medium,M7,13,0.3,2.0
False,18.35,1.007885141286731,0.26888530887159834,True,99.06226153323865,1405.3612477336005,0.015605493133583021,74.2952807421999,0.012055636243124326,0.25664709684075937,0.004205618331994484,0.004205618331994484,138.9420829148766,0,0.0,True,True,True,False,True,False,False,True,True,True,False,2.5433529031592403,False,False,24.400000000000002,24.3,24.400000000000002,21.0,40.0,21.700000000000003,0,74.79031842161002,2.5413376666882312,1.0,s4_narrow_passage_medium,M7,14,0.3,2.0
False,18.85,0.9760062393132689,0.26849338652210125,True,98.92145690934575,1442.6490663001105,0.027881814398668332,75.47657140691823,0.012056398383627256,0.25661743065243336,0.0041717761829031235,0.0041717761829031235,139.30428234136778,0,0.0,True,True,True,False,True,False,False,True,True,True,False,2.5433825693475667,False,False,25.3,24.55,25.3,21.450000000000003,40.0,21.200000000000003,0,74.78218141180974,2.5413283364040153,1.0,s4_narrow_passage_medium,M7,15,0.3,2.0
False,18.650000000000002,0.9749547067756972,0.2685390498189284,True,98.95667893643153,1435.1505689112178,0.020807324178110695,74.5967896413486,0.010268267473894048,0.2606766027855863,0.00657039898341096,0.00657039898341096,139.1188978721695,0,0.0,True,True,True,False,True,False,False,True,True,True,False,2.5393233972144134,False,False,24.950000000000003,24.450000000000003,24.950000000000003,21.25,40.0,21.400000000000002,0,74.7916042602151,2.5413379581956077,1.0,s4_narrow_passage_medium,M7,16,0.3,2.0
False,18.55,0.9182624666683836,0.26872969674731406,True,99.20685689990677,1417.751245598325,0.02372034956304619,73.12064760449968,0.010261579663874228,0.260661929194323,0.006533840616757131,0.006533840616757131,139.16587884294665,0,0.0,True,True,True,False,True,False,False,True,True,True,False,2.5393380708056768,False,False,24.25,24.25,24.25,21.150000000000002,40.0,21.5,0,74.78625193213882,2.5413396530074506,1.0,s4_narrow_passage_medium,M7,17,0.3,2.0
False,18.85,0.9807513570496089,0.257633826477795,True,99.31216934704058,1471.6271888830038,0.026217228464419477,74.6776185534239,0.010268597271373496,0.2606773004474814,0.006572929779381535,0.006572929779381535,139.49019803631498,0,0.0,True,True,True,False,True,False,False,True,True,True,False,2.5393226995525184,False,False,24.55,24.450000000000003,24.55,21.5,40.0,21.200000000000003,0,74.8197382430617,2.5413423185868904,1.0,s4_narrow_passage_medium,M7,18,0.3,2.0
False,18.7,0.9721818041762489,0.25980876916603585,True,99.14403429633728,1439.344782127207,0.019558884727424054,73.75957242073838,0.010263483801926064,0.26066941458338194,0.006540858575909569,0.006540858575909569,139.20695415313722,0,0.0,True,True,True,False,True,False,False,True,True,True,False,2.539330585416618,False,False,24.450000000000003,24.25,24.450000000000003,21.3,40.0,21.35,0,74.80782537700446,2.5413433192583597,1.0,s4_narrow_passage_medium,M7,19,0.3,2.0
False,18.7,0.9907451562657508,0.25862817062785665,True,99.36028882846142,1463.2975846521401,0.01976695796920516,74.4326001147768,0.012056149068543841,0.2566442038434041,0.004200654830328518,0.004200654830328518,139.57438749517638,0,0.0,True,True,True,False,True,False,False,True,True,True,False,2.543355796156596,False,False,24.5,24.3,24.5,21.35,40.0,21.35,0,74.81473241411965,2.5413436845329174,1.0,s4_narrow_passage_medium,M7,20,0.3,2.0
False,18.95,0.9523667084047285,0.2613773778132161,True,99.63954359505871,1469.0695309015246,0.023512276321265086,74.90508868787246,0.01205326747073005,0.25665865617809497,0.004233590618649042,0.004233590618649042,139.67414819585548,0,0.0,True,True,True,False,True,False,False,True,True,True,False,2.543341343821905,False,False,24.700000000000003,24.5,24.700000000000003,21.55,40.0,21.1,0,74.82287267418678,2.5413433043273987,1.0,s4_narrow_passage_medium,M7,21,0.3,2.0
False,18.55,0.975157721940598,0.2681710546841521,True,99.15861601187713,1424.3345720407272,0.017478152309612985,75.51910264617185,0.012053212697527967,0.256645212618629,0.004219322931304717,0.004219322931304717,139.23998492256857,0,0.0,True,True,True,False,True,False,False,True,True,True,False,2.5433547873813707,False,False,24.900000000000002,24.5,24.900000000000002,21.200000000000003,40.0,21.5,0,74.79210308444182,2.5413355221636458,1.0,s4_narrow_passage_medium,M7,22,0.3,2.0
False,18.25,0.8766923867543162,0.26239462256507046,True,99.8647695271084,1439.0077953100276,0.023096129837702872,75.06685888937194,0.010269599011036018,0.2606827738808342,0.006579929843316476,0.006579929843316476,139.4277023264888,0,0.0,True,True,True,False,True,False,False,True,True,True,False,2.5393172261191657,False,False,24.1,23.85,24.1,20.85,40.0,21.8,0,74.83751451881281,2.5413439089458048,1.0,s4_narrow_passage_medium,M7,23,0.3,2.0
False,18.7,0.9785336497517501,0.26882559917782695,True,98.92726999546335,1428.3341236231506,0.022263836870578445,74.04564799526916,0.0102652146550482,0.2606735537569525,0.006549582962957076,0.006549582962957076,139.0611954761858,0,0.0,True,True,True,False,True,False,False,True,True,True,False,2.5393264462430474,False,False,24.75,24.650000000000002,24.75,21.3,40.0,21.35,0,74.7928509206667,2.5413395194099198,1.0,s4_narrow_passage_medium,M7,24,0.3,2.0
False,18.7,0.9494470882494108,0.2673494031339512,True,99.69729830075394,1453.823024412338,0.02122347066167291,73.70792415852632,0.010263190882050247,0.2606682296003251,0.006539487385300445,0.006539487385300445,139.69223165736724,0,0.0,True,True,True,False,True,False,False,True,True,True,False,2.5393317703996745,False,False,25.25,24.650000000000002,25.25,21.3,40.0,21.35,0,74.79754378974593,2.5413411429784283,1.0,s4_narrow_passage_medium,M7,25,0.3,2.0
False,18.75,0.9671347519670241,0.26904533321344887,True,98.71882963857621,1437.2994058524096,0.02372034956304619,74.33161122494306,0.012055779858596122,0.25664633586576135,0.00420443995564822,0.00420443995564822,138.9536125687664,0,0.0,True,True,True,False,True,False,False,True,True,True,False,2.5433536641342385,False,False,24.8,24.700000000000003,24.8,21.35,40.0,21.3,0,74.80036246799428,2.5413408414528016,1.0,s4_narrow_passage_medium,M7,26,0.3,2.0
False,18.45,1.0181958596933922,0.262238488536914,True,99.37961734421518,1450.308600199058,0.0149812734082397,75.5999403792666,0.012055065099477067,0.25661632883002666,0.004180610469880151,0.004180610469880151,139.31999089141448,0,0.0,True,True,True,False,True,False,False,True,True,True,False,2.5433836711699733,False,False,24.35,24.1,24.35,21.1,40.0,21.6,0,74.80596396620018,2.5413443421595954,1.0,s4_narrow_passage_medium,M7,27,0.3,2.0
False,18.75,0.9900211158325594,0.2673878427432033,True,99.4909612644994,1455.0932178976448,0.0178942987931752,73.84726214402636,0.010264027998663525,0.2606710000752011,0.006543662885423442,0.006543662885423442,139.4799198918693,0,0.0,True,True,True,False,True,False,False,True,True,True,False,2.5393289999247988,False,False,24.650000000000002,24.35,24.650000000000002,21.35,40.0,21.3,0,74.79963982464493,2.5413408352922615,1.0,s4_narrow_passage_medium,M7,28,0.3,2.0
False,18.8,0.9726501307703714,0.26831750621240424,True,98.8812929532739,1424.8370282744918,0.0239284228048273,73.39810648075618,0.01026192276574508,0.2606651739675066,0.006534819836709648,0.006534819836709648,138.97609248640336,0,0.0,True,True,True,False,True,False,False,True,True,True,False,2.5393348260324933,False,False,25.0,24.5,25.0,21.450000000000003,40.0,21.25,0,74.80197192441186,2.54132842299762,1.0,s4_narrow_passage_medium,M7,29,0.3,2.0
False,18.6,0.9904929654807051,0.2601220445441265,True,98.90954791706325,1393.8374917478966,0.021015397419891804,75.58255494948563,0.012053277353108264,0.2566328660443987,0.004207682929969798,0.004207682929969798,138.77823214775302,0,0.0,True,True,True,False,True,False,False,True,True,True,False,2.543367133955601,False,False,24.85,24.450000000000003,24.85,21.25,40.0,21.450000000000003,0,74.791874846965,2.5413402263877867,1.0,s4_narrow_passage_medium,M7,30,0.3,2.0
False,18.45,0.9948914142852294,0.2614840959942218,True,99.31316974535255,1450.829870618993,0.01643778610070745,75.2534472044504,0.010261896376731488,0.26065820986557164,0.006539663275418154,0.006539663275418154,139.21099965488202,0,0.0,True,True,True,False,True,False,False,True,True,True,False,2.5393417901344284,False,False,24.3,24.05,24.3,21.05,40.0,21.6,0,74.81288151404516,2.541343177298718,1.0,s4_narrow_passage_medium,M7,31,0.3,2.0
False,18.650000000000002,0.9934081602430436,0.2591227869482491,True,99.67987254022336,1462.2085878954035,0.0239284228048273,75.03548951975603,0.012057394689508826,0.25662928211517916,0.004177239514660434,0.004177239514660434,139.7504618324692,0,0.0,True,True,True,False,True,False,False,True,True,True,False,2.543370717884821,False,False,24.25,24.25,24.25,21.3,40.0,21.400000000000002,0,74.80847474941898,2.5413437435719297,1.0,s4_narrow_passage_medium,M7,32,0.3,2.0
False,18.75,0.9682924765240635,0.26233646430616414,True,98.00432262928871,1344.1522184122732,0.023512276321265086,75.58901408662527,0.012053315879991276,0.2566310849424665,0.004206194850181667,0.004206194850181667,137.84132032686216,0,0.0,True,True,True,False,True,False,False,True,True,True,False,2.5433689150575334,False,False,25.650000000000002,24.900000000000002,25.650000000000002,21.400000000000002,40.0,21.3,0,74.78586687095809,2.5413416932626194,1.0,s4_narrow_passage_medium,M7,33,0.3,2.0
False,18.55,0.9951025810191456,0.268559633041459,True,99.08013443981184,1431.562220779719,0.022055763628797336,75.2757216636419,0.012057078657826778,0.2566213062235356,0.004170286716957235,0.004170286716957235,139.03399447110226,0,0.0,True,True,True,False,True,False,False,True,True,True,False,2.5433786937764644,False,False,24.8,24.3,24.8,21.200000000000003,40.0,21.5,0,74.79251921396197,2.54134083883396,1.0,s4_narrow_passage_medium,M7,34,0.3,2.0
False,18.6,1.0042946567597248,0.2618745715078999,True,97.91754183732226,1342.724731539781,0.02372034956304619,75.45273547244707,0.012053217629211728,0.25665216376591937,0.004225778818277822,0.004225778818277822,137.82757474390766,0,0.0,True,True,True,False,True,False,False,True,True,True,False,2.5433478362340805,False,False,25.450000000000003,24.700000000000003,25.450000000000003,21.25,40.0,21.450000000000003,0,74.80037757201458,2.5413416981192567,1.0,s4_narrow_passage_medium,M7,35,0.3,2.0
False,18.8,0.9737668204002958,0.26847567632433816,True,98.85748301362197,1429.407046743901,0.022263836870578445,74.40397876139136,0.012054994632167103,0.25665088114587864,0.004214125142403609,0.004214125142403609,139.0348972757662,0,0.0,True,True,True,False,True,False,False,True,True,True,False,2.5433491188541213,False,False,24.6,24.5,24.6,21.400000000000002,40.0,21.25,0,74.79894172674612,2.5413401451624043,1.0,s4_narrow_passage_medium,M7,36,0.3,2.0
False,18.7,1.003917557411701,0.2687291355557906,True,99.0105712072866,1424.1823044532914,0.02122347066167291,74.07285803866445,0.010265388792097718,0.26067376475143367,0.006550467297837491,0.006550467297837491,139.19452797058716,0,0.0,True,True,True,False,True,False,False,True,True,True,False,2.5393262352485664,False,False,24.55,24.450000000000003,24.55,21.35,40.0,21.35,0,74.79052232148297,2.541339235863175,1.0,s4_narrow_passage_medium,M7,37,0.3,2.0
False,18.75,0.9882712911770104,0.2564060887049389,True,98.92249879954873,1449.3267131703906,0.021015397419891804,75.16488163487153,0.01205725943598626,0.2566254204792426,0.004173101158771267,0.004173101158771267,139.07304239739636,0,0.0,True,True,True,False,True,False,False,True,True,True,False,2.543374579520757,False,False,24.35,24.35,24.35,21.400000000000002,40.0,21.3,0,74.79864985237508,2.5413365407625785,1.0,s4_narrow_passage_medium,M7,38,0.3,2.0
False,18.8,0.9778149671924827,0.2688221699697658,True,99.1263839927631,1433.1934992310266,0.02746566791510612,74.67459990293432,0.010268605776105099,0.26067720871079764,0.006572947100723529,0.006572947100723529,139.25940496538848,0,0.0,True,True,True,False,True,False,False,True,True,True,False,2.539322791289202,False,False,25.150000000000002,24.55,25.150000000000002,21.450000000000003,40.0,21.25,0,74.80247990678082,2.541338494937485,1.0,s4_narrow_passage_medium,M7,39,0.3,2.0
False,19.150000000000002,0.9615078631435503,0.2628259841723081,True,99.07638687820409,1477.5679029998596,0.021639617145235122,72.92619092126073,0.010261585410646805,0.26066019189591255,0.006536813925971002,0.006536813925971002,139.53580678294728,0,0.0,True,True,True,False,True,False,False,True,True,True,False,2.539339808104087,False,False,24.950000000000003,24.650000000000002,24.950000000000003,21.700000000000003,40.0,20.900000000000002,0,74.81177078366564,2.5413380594284547,1.0,s4_narrow_passage_medium,M7,10,0.3,4.0
False,19.150000000000002,0.983077572334565,0.2690941385203246,True,98.53739805596295,1478.9087126476952,0.022888056595921764,74.9910838201959,0.012053203528757389,0.2566584259058519,0.004233194240231156,0.004233194240231156,139.10654489478276,0,0.0,True,True,True,False,True,False,False,True,True,True,False,2.543341574094148,False,False,25.6,24.8,25.6,21.700000000000003,40.0,20.900000000000002,0,75.04498207044108,2.5412773956499253,1.0,s4_narrow_passage_medium,M7,11,0.3,4.0
False,19.200000000000003,0.9730966980087004,0.2688388027416199,True,98.57392681502073,1466.1240582895782,0.027673741156887224,75.23016634666833,0.012057391068190973,0.2566224100445671,0.004170448239676008,0.004170448239676008,139.14469571921782,0,0.0,True,True,True,False,True,False,False,True,True,True,False,2.5433775899554325,False,False,25.3,24.950000000000003,25.3,21.75,40.0,20.85,0,74.91314232060188,2.541312012088749,1.0,s4_narrow_passage_medium,M7,12,0.3,4.0
False,18.95,0.9719072073542965,0.2595662432967871,True,99.04923343292253,1486.2062839857333,0.018102372034956304,75.23278421057523,0.01026903277445023,0.26068787375677555,0.006574871866269328,0.006574871866269328,139.42639166467364,0,0.0,True,True,True,False,True,False,False,True,True,True,False,2.539312126243224,False,False,24.85,24.5,24.85,21.5,40.0,21.1,0,74.83238626014465,2.5413417414572392,1.0,s4_narrow_passage_medium,M7,13,0.3,4.0
False,18.6,0.9528491521704379,0.255130537510037,True,99.39490212474894,1452.3419708401977,0.013316687473990845,73.84723761399583,0.010264020232411165,0.26067100766031376,0.00654367830967814,0.00654367830967814,139.46536183596427,0,0.0,True,True,True,False,True,False,False,True,True,True,False,2.5393289923396862,False,False,24.55,24.200000000000003,24.55,21.200000000000003,40.0,21.450000000000003,0,74.80474858909908,2.5413432858990417,1.0,s4_narrow_passage_medium,M7,14,0.3,4.0
False,19.150000000000002,0.9785667067303605,0.26846556553492956,True,98.51105954176575,1455.362519947973,0.027049521431543905,75.31028777341203,0.010262886442229257,0.26066247626601297,0.006544393710482716,0.006544393710482716,139.2118003650818,0,0.0,True,True,True,False,True,False,False,True,True,True,False,2.539337523733987,False,False,25.200000000000003,25.1,25.200000000000003,21.75,40.0,20.900000000000002,0,74.80416767385066,2.541334973902428,1.0,s4_narrow_passage_medium,M7,15,0.3,4.0
False,19.0,0.9773915159672348,0.2612947974545532,True,98.96423270377278,1479.0130384341512,0.02122347066167291,75.5093743316457,0.012053273871438392,0.25664634408887516,0.004220360273116371,0.004220360273116371,139.43649179411304,0,0.0,True,True,True,False,True,False,False,True,True,True,False,2.5433536559111247,False,False,24.900000000000002,24.55,24.900000000000002,21.55,40.0,21.05,0,74.8233174948902,2.541340696508245,1.0,s4_narrow_passage_medium,M7,16,0.3,4.0
False,19.0,0.9941013605509357,0.2685639974245635,True,98.54551885006606,1427.8117164320993,0.019558884727424054,75.14097306006387,0.010269517896423658,0.26068510123367433,0.006578908533903345,0.006578908533903345,139.05889844064626,0,0.0,True,True,True,False,True,False,False,True,True,True,False,2.5393148987663254,False,False,25.0,24.900000000000002,25.0,21.55,40.0,21.05,0,74.81252501518392,2.5413375486821983,1.0,s4_narrow_passage_medium,M7,17,0.3,4.0
False,19.200000000000003,0.9825899206177702,0.26859940468458693,True,98.64805768558364,1474.9216326773194,0.026217228464419477,75.60189047076031,0.012055049852479396,0.256616276755205,0.004181068222375213,0.004181068222375213,139.22527524209198,0,0.0,True,True,True,False,True,False,False,True,True,True,False,2.5433837232447947,False,False,24.900000000000002,24.900000000000002,24.900000000000002,21.8,40.0,20.85,0,74.80089835443913,2.541333586025018,1.0,s4_narrow_passage_medium,M7,18,0.3,4.0
False,19.05,0.9729762882407955,0.2612233090721544,True,98.84037594662544,1459.7389566291433,0.01893466500208073,75.34559729088429,0.010265902838182813,0.26068485078982956,0.006554176732722433,0.006554176732722433,139.26019157322884,0,0.0,True,True,True,False,True,False,False,True,True,True,False,2.53931514921017,False,False,24.700000000000003,24.6,24.700000000000003,21.650000000000002,40.0,21.0,0,74.82008206138572,2.5413401200186945,1.0,s4_narrow_passage_medium,M7,19,0.3,4.0
False,19.05,0.9915988530348814,0.2594732488939245,True,99.05378382349018,1483.832374279747,0.019558884727424054,75.34313412793058,0.010266477311005365,0.26068872252399006,0.006556219552245234,0.006556219552245234,139.6167700087949,0,0.0,True,True,True,False,True,False,False,True,True,True,False,2.53931127747601,False,False,24.900000000000002,24.6,24.900000000000002,21.650000000000002,40.0,21.0,0,74.81917036647903,2.5413401278565018,1.0,s4_narrow_passage_medium,M7,20,0.3,4.0
False,19.3,0.955911716176993,0.26918121132161704,True,98.8857725517996,1451.8472838861094,0.02122347066167291,74.57622748921011,0.012056617156965724,0.25664078369796356,0.004193569452761398,0.004193569452761398,139.36309615681031,0,0.0,True,True,True,False,True,False,False,True,True,True,False,2.5433592163020364,False,False,25.6,25.1,25.6,21.85,40.0,20.75,0,74.94703167206222,2.541308413929516,1.0,s4_narrow_passage_medium,M7,21,0.3,4.0
False,18.900000000000002,0.9751967010713536,0.26870334906903864,True,98.91139047265392,1445.881162821936,0.01706200582605077,75.6201328758421,0.012053828432944167,0.2566177389937561,0.00419444572633405,0.00419444572633405,139.3536991320947,0,0.0,True,True,True,False,True,False,False,True,True,True,False,2.5433822610062435,False,False,25.200000000000003,24.700000000000003,25.200000000000003,21.5,40.0,21.150000000000002,0,74.9534541003916,2.541303483786936,1.0,s4_narrow_passage_medium,M7,22,0.3,4.0
False,18.75,0.984715400955434,0.2685642516852382,True,98.59666901054963,1423.858746677388,0.0178942987931752,74.19254689145816,0.010266065923457598,0.2606746948530925,0.006554979416268116,0.006554979416268116,138.8290433549992,0,0.0,True,True,True,False,True,False,False,True,True,True,False,2.539325305146907,False,False,24.650000000000002,24.450000000000003,24.650000000000002,21.35,40.0,21.3,0,74.79533064514328,2.5413388595672437,1.0,s4_narrow_passage_medium,M7,23,0.3,4.0
False,19.0,0.9790267263413044,0.268672350419615,True,98.67969416720928,1443.888397642776,0.02039117769454848,75.53031827404601,0.012053357693786093,0.256643450191691,0.004217896226507215,0.004217896226507215,139.17926580915602,0,0.0,True,True,True,False,True,False,False,True,True,True,False,2.543356549808309,False,False,25.3,24.900000000000002,25.3,21.6,40.0,21.05,0,74.92417672404788,2.5413103310089187,1.0,s4_narrow_passage_medium,M7,24,0.3,4.0
False,19.05,0.972736452746964,0.26626401073599365,True,99.44706903742689,1483.163944717102,0.021015397419891804,75.06281023008393,0.01026959026768993,0.2606826908680045,0.006580104955366903,0.006580104955366903,139.82145949566782,0,0.0,True,True,True,False,True,False,False,True,True,True,False,2.539317309131995,False,False,25.25,24.650000000000002,25.25,21.6,40.0,21.0,0,74.81796938789971,2.5413398336604986,1.0,s4_narrow_passage_medium,M7,25,0.3,4.0
False,19.05,0.9687575440584857,0.2623698087625673,True,98.9773566007254,1488.1984314684594,0.02247191011235955,75.33736428024993,0.01026444038426731,0.2606752193530077,0.006549350445520195,0.006549350445520195,139.5536051439318,0,0.0,True,True,True,False,True,False,False,True,True,True,False,2.539324780646992,False,False,24.900000000000002,24.6,24.900000000000002,21.650000000000002,40.0,21.0,0,74.81798989092313,2.5413389947705114,1.0,s4_narrow_passage_medium,M7,26,0.3,4.0
False,18.75,1.019702456369879,0.2686976787259081,True,98.69926203295132,1443.7035022037119,0.0149812734082397,74.4601625024191,0.012054788928424334,0.25665200611954525,0.004216707257776479,0.004216707257776479,138.95012129443958,0,0.0,True,True,True,False,True,False,False,True,True,True,False,2.5433479938804546,False,False,25.0,24.700000000000003,25.0,21.400000000000002,40.0,21.3,0,74.80433238608995,2.5413401145590884,1.0,s4_narrow_passage_medium,M7,27,0.3,4.0
False,19.05,0.9905706134478629,0.26603368362629715,True,99.34709203168454,1474.902457883335,0.018102372034956304,74.93363068394483,0.01205318494874099,0.2566589217882986,0.004234321067116868,0.004234321067116868,139.5800565096129,0,0.0,True,True,True,False,True,False,False,True,True,True,False,2.5433410782117014,False,False,24.950000000000003,24.6,24.950000000000003,21.6,40.0,21.0,0,74.81440815018516,2.5413410417261613,1.0,s4_narrow_passage_medium,M7,28,0.3,4.0
False,19.150000000000002,0.9742970984491806,0.2687816173589565,True,98.61189594984079,1449.3954409067164,0.020807324178110695,74.51940486926274,0.01026773673358491,0.26067693689712035,0.0065655904626421326,0.0065655904626421326,139.11959037154423,0,0.0,True,True,True,False,True,False,False,True,True,True,False,2.5393230631028794,False,False,25.450000000000003,24.950000000000003,25.450000000000003,21.75,40.0,20.900000000000002,0,75.01341387025973,2.541300496176093,1.0,s4_narrow_passage_medium,M7,29,0.3,4.0
False,18.95,0.9918774431910877,0.2685285520933977,True,98.89978161745981,1445.2065967637227,0.01976695796920516,75.04818459014086,0.010269601574553021,0.2606822895085996,0.00658028244638204,0.00658028244638204,139.19296705728712,0,0.0,True,True,True,False,True,False,False,True,True,True,False,2.5393177104914004,False,False,25.450000000000003,24.75,25.450000000000003,21.55,40.0,21.1,0,74.80668976858628,2.541338443061635,1.0,s4_narrow_passage_medium,M7,30,0.3,4.0
False,18.75,0.9966351614065536,0.25918957034006346,True,99.08756230226606,1475.633785895276,0.014565126924677487,74.56669693333454,0.01026811490272242,0.26067648653063014,0.006569047727759147,0.006569047727759147,139.29942956154687,0,0.0,True,True,True,False,True,False,False,True,True,True,False,2.5393235134693697,False,False,24.6,24.3,24.6,21.35,40.0,21.3,0,74.8119808307229,2.5413420986673043,1.0,s4_narrow_passage_medium,M7,31,0.3,4.0
False,19.0,0.9925706144512281,0.26858963522360685,True,98.94461179375942,1460.0938493661745,0.021015397419891804,75.23712310609662,0.012052802564754356,0.25665835774299167,0.0042362408470543395,0.0042362408470543395,139.46438111933372,0,0.0,True,True,True,False,True,False,False,True,True,True,False,2.5433416422570083,False,False,25.3,24.900000000000002,25.3,21.6,40.0,21.05,0,74.90789356534043,2.541314906735197,1.0,s4_narrow_passage_medium,M7,32,0.3,4.0
False,19.1,0.9675389454131296,0.2541519656976348,True,97.55608694826286,1352.8762684223514,0.022055763628797336,73.23531221717701,0.010261724978353428,0.2606634136477448,0.006533895964707497,0.006533895964707497,137.71572359701486,0,0.0,True,True,True,False,True,False,False,True,True,True,False,2.5393365863522552,False,False,25.900000000000002,25.150000000000002,25.900000000000002,21.700000000000003,40.0,20.950000000000003,0,74.78165849363937,2.541338031443519,1.0,s4_narrow_passage_medium,M7,33,0.3,4.0
False,18.900000000000002,1.0000691224738667,0.2685046676983865,True,98.80083388475944,1454.5089200304578,0.01914273824386184,75.04080866485236,0.01205294789499728,0.256659566026513,0.00423636492480076,0.00423636492480076,139.16970220216047,0,0.0,True,True,True,False,True,False,False,True,True,True,False,2.5433404339734866,False,False,25.1,24.6,25.1,21.5,40.0,21.150000000000002,0,74.81193196659984,2.5413391370287695,1.0,s4_narrow_passage_medium,M7,34,0.3,4.0
False,18.85,1.0051529638835845,0.26316838800641007,True,99.11481270478039,1446.4017426486494,0.01768622555139409,75.09833396518871,0.012052939462343095,0.2566596208270538,0.004237125490390364,0.004237125490390364,139.45969888693105,0,0.0,True,True,True,False,True,False,False,True,True,True,False,2.543340379172946,False,False,24.900000000000002,24.8,24.900000000000002,21.400000000000002,40.0,21.200000000000003,0,74.818384989973,2.5413407093808886,1.0,s4_narrow_passage_medium,M7,35,0.3,4.0
False,19.1,0.9753406191743978,0.2662890929688607,True,99.24971983817716,1475.578843738563,0.018310445276737412,75.26186527125587,0.012052712040535289,0.25665819752155294,0.004235724970588756,0.004235724970588756,139.6255671684454,0,0.0,True,True,True,False,True,False,False,True,True,True,False,2.543341802478447,False,False,24.8,24.700000000000003,24.8,21.700000000000003,40.0,20.950000000000003,0,74.81345105998516,2.5413407174120466,1.0,s4_narrow_passage_medium,M7,36,0.3,4.0
False,19.0,1.0049696164288122,0.2685364603443991,True,98.77426870131099,1445.5466004149632,0.018310445276737412,75.41986055508679,0.012053021803021521,0.2566536589580615,0.004228425654860831,0.004228425654860831,139.28425879184556,0,0.0,True,True,True,False,True,False,False,True,True,True,False,2.5433463410419384,False,False,25.05,24.950000000000003,25.05,21.6,40.0,21.05,0,74.81235742059113,2.54133788018171,1.0,s4_narrow_passage_medium,M7,37,0.3,4.0
False,19.1,0.9887521420251086,0.26845970682625087,True,98.54312264354105,1464.8752186420497,0.021431543903454017,73.13908241430084,0.010261558479744052,0.2606622533758531,0.006533891977388067,0.006533891977388067,139.13529296347195,0,0.0,True,True,True,False,True,False,False,True,True,True,False,2.5393377466241467,False,False,25.35,24.75,25.35,21.650000000000002,40.0,20.950000000000003,0,74.79033433061588,2.5413307544044113,1.0,s4_narrow_passage_medium,M7,38,0.3,4.0
False,19.1,0.9818047846681568,0.2692234254535993,True,98.67125778805651,1436.7612298356291,0.026217228464419477,73.93529307657602,0.010264369728659751,0.2606731264521657,0.006544978927758264,0.006544978927758264,139.2260868127975,0,0.0,True,True,True,False,True,False,False,True,True,True,False,2.539326873547834,False,False,25.450000000000003,24.950000000000003,25.450000000000003,21.700000000000003,40.0,20.950000000000003,0,74.98262079350198,2.541305908707431,1.0,s4_narrow_passage_medium,M7,39,0.3,4.0
False,19.150000000000002,0.9612737184797273,0.265083900015321,True,99.31106635503306,1475.5652727811819,0.019975031210986267,75.09139022807086,0.012052925014294188,0.25665964930940627,0.004237066089584386,0.004237066089584386,139.6506105539204,0,0.0,True,True,True,False,True,False,False,True,True,True,False,2.5433403506905936,False,False,24.900000000000002,24.700000000000003,24.900000000000002,21.700000000000003,40.0,20.900000000000002,0,74.81892402413258,2.541340708857044,1.0,s4_narrow_passage_medium,M7,10,0.3,6.0
False,19.150000000000002,0.9824632203575667,0.25884114962979726,True,98.9566381406294,1504.648205958585,0.022888056595921764,75.32850552500504,0.01026380728291531,0.2606702657368876,0.0065470452583519315,0.0065470452583519315,139.4165144938694,0,0.0,True,True,True,False,True,False,False,True,True,True,False,2.539329734263112,False,False,25.05,24.700000000000003,25.05,21.700000000000003,40.0,20.900000000000002,0,74.8284869176067,2.541340271510823,1.0,s4_narrow_passage_medium,M7,11,0.3,6.0
False,19.200000000000003,0.9722040340774531,0.26304043375691694,True,99.00315632365772,1499.5020179205094,0.02850603412401165,75.5283117339331,0.012056069817175644,0.25661642750203717,0.0041731991524063,0.0041731991524063,139.49536196011243,0,0.0,True,True,True,False,True,False,False,True,True,True,False,2.5433835724979628,False,False,24.75,24.75,24.75,21.8,40.0,20.85,0,74.81216566017187,2.54133736705639,1.0,s4_narrow_passage_medium,M7,12,0.3,6.0
False,19.0,0.9717836192552054,0.26505838914078894,True,99.23285879489002,1484.018857512109,0.016645859342488557,74.4885531158827,0.010267687938717648,0.2606762839873736,0.006566431966663744,0.006566431966663744,139.5386819158535,0,0.0,True,True,True,False,True,False,False,True,True,True,False,2.539323716012626,False,False,24.950000000000003,24.700000000000003,24.950000000000003,21.5,40.0,21.05,0,74.81057265770318,2.5413404184202015,1.0,s4_narrow_passage_medium,M7,13,0.3,6.0
False,18.650000000000002,0.9994797927366752,0.26850267547055995,True,99.3586305907651,1446.4354688758206,0.013940907199334166,75.18002509003512,0.010269365417506256,0.2606868224276097,0.006577780432210524,0.006577780432210524,139.4379433956,0,0.0,True,True,True,False,True,False,False,True,True,True,False,2.53931317757239,False,False,24.8,24.3,24.8,21.25,40.0,21.400000000000002,0,74.7940756031698,2.5413350493389277,1.0,s4_narrow_passage_medium,M7,14,0.3,6.0
False,19.200000000000003,0.9780064208160144,0.25719109881362784,True,97.42351212172572,1366.429852143632,0.02663337494798169,74.98584000440906,0.012057304659310944,0.2566308853484843,0.004179046047764325,0.004179046047764325,137.86203312406838,0,0.0,True,True,True,False,True,False,False,True,True,True,False,2.5433691146515156,False,False,26.05,25.25,26.05,21.8,40.0,20.85,0,74.80639504936543,2.5413404549416625,1.0,s4_narrow_passage_medium,M7,15,0.3,6.0
False,19.0,0.9786135204445656,0.26491966065570743,True,99.13086417349344,1474.4515206966641,0.02039117769454848,74.47276441598018,0.010267602470274811,0.2606762418606667,0.006565931289485639,0.006565931289485639,139.48722611413564,0,0.0,True,True,True,False,True,False,False,True,True,True,False,2.539323758139333,False,False,24.85,24.55,24.85,21.55,40.0,21.05,0,74.8082350946419,2.5413391806619434,1.0,s4_narrow_passage_medium,M7,16,0.3,6.0
False,19.05,0.9949413037305479,0.2685096743093098,True,98.57661884739782,1437.964773593495,0.019350811485642945,75.4302405416663,0.01205306250807141,0.25665322193153123,0.0042277030150652635,0.0042277030150652635,139.1447231146508,0,0.0,True,True,True,False,True,False,False,True,True,True,False,2.5433467780684684,False,False,25.05,24.950000000000003,25.05,21.6,40.0,21.0,0,74.81143378352064,2.541337857075889,1.0,s4_narrow_passage_medium,M7,17,0.3,6.0
False,19.25,0.9811436101100439,0.2505960898357778,True,97.32202766997898,1365.4009374739235,0.02517686225551394,75.4831816282331,0.012056317204583679,0.25661742457401165,0.004172314217325666,0.004172314217325666,137.60377739266016,0,0.0,True,True,True,False,True,False,False,True,True,True,False,2.543382575425988,False,False,26.05,25.3,26.05,21.8,40.0,20.8,0,74.79535572330222,2.541322636013858,1.0,s4_narrow_passage_medium,M7,18,0.3,6.0
False,19.05,0.973750772149159,0.26852424438043204,True,98.6911268628587,1437.0267564551566,0.021015397419891804,75.37585700781464,0.01205690700718569,0.2566188484998968,0.004169792189866022,0.004169792189866022,139.10127739583453,0,0.0,True,True,True,False,True,False,False,True,True,True,False,2.5433811515001032,False,False,24.8,24.700000000000003,24.8,21.6,40.0,21.0,0,74.80736496823707,2.5413280121463857,1.0,s4_narrow_passage_medium,M7,19,0.3,6.0
False,19.1,0.9918039488092882,0.25683371792153425,True,99.05279947989982,1481.1799528285758,0.018726591760299626,75.59369269798853,0.012053402178847325,0.2566296074738523,0.004204849613445208,0.004204849613445208,139.644270177598,0,0.0,True,True,True,False,True,False,False,True,True,True,False,2.5433703925261475,False,False,24.85,24.650000000000002,24.85,21.650000000000002,40.0,20.950000000000003,0,74.82964342609318,2.541340487452447,1.0,s4_narrow_passage_medium,M7,20,0.3,6.0
False,19.3,0.9561771805412336,0.24968469952284036,True,96.46584966779795,1263.1691996992358,0.02247191011235955,74.9208466316559,0.01205345314462593,0.2566580158328928,0.004233811877101778,0.004233811877101778,136.3461262058849,0,0.0,True,True,True,False,True,False,False,True,True,True,False,2.5433419841671068,False,False,26.1,25.35,26.1,21.900000000000002,40.0,20.75,0,74.7659691503694,2.541307468679185,1.0,s4_narrow_passage_medium,M7,21,0.3,6.0
False,18.95,0.9740307864237991,0.2684070078500523,True,99.10135887269514,1448.0073383322313,0.016645859342488557,75.56207310574315,0.01205560921943629,0.2566161938460246,0.004175920196610848,0.004175920196610848,139.4992463739348,0,0.0,True,True,True,False,True,False,False,True,True,True,False,2.543383806153975,False,False,25.200000000000003,24.700000000000003,25.200000000000003,21.5,40.0,21.1,0,74.78507424169977,2.541330275972684,1.0,s4_narrow_passage_medium,M7,22,0.3,6.0
False,18.85,0.9851795058444066,0.26846538341555776,True,98.66889075123082,1436.0157113963992,0.016021639617145235,74.6107202497549,0.012054278892263117,0.25665490650680495,0.004223822160404828,0.004223822160404828,138.94847910251332,0,0.0,True,True,True,False,True,False,False,True,True,True,False,2.543345093493195,False,False,24.950000000000003,24.75,24.950000000000003,21.400000000000002,40.0,21.200000000000003,0,74.80115210854932,2.5413394753206555,1.0,s4_narrow_passage_medium,M7,23,0.3,6.0
False,19.05,0.9792057642944301,0.25420661793698507,True,97.42274633391425,1347.5904547999824,0.020599250936329586,75.32560508261034,0.010263738832772889,0.26066885859541933,0.006546842137420074,0.006546842137420074,137.59418494062297,0,0.0,True,True,True,False,True,False,False,True,True,True,False,2.5393311414045803,False,False,25.85,25.1,25.85,21.6,40.0,21.0,0,74.777799288995,2.541339408422337,1.0,s4_narrow_passage_medium,M7,24,0.3,6.0
False,19.1,0.973004995052879,0.2684289098034815,True,99.17407783182762,1476.8058293740887,0.022263836870578445,73.70946447195341,0.0102631690918437,0.26066825952941264,0.006539666354475269,0.006539666354475269,139.68728951491963,0,0.0,True,True,True,False,True,False,False,True,True,True,False,2.5393317404705873,False,False,25.35,24.950000000000003,25.35,21.650000000000002,40.0,20.950000000000003,0,74.80719620112767,2.5413264042733084,1.0,s4_narrow_passage_medium,M7,25,0.3,6.0
False,18.95,0.9148533767834859,0.264972702635782,True,99.34861847512174,1480.933276009349,0.024136496046608405,74.36749845706669,0.012055129675936976,0.25665012957682015,0.004212467839104941,0.004212467839104941,139.66458720221505,0,0.0,True,True,True,False,True,False,False,True,True,True,False,2.54334987042318,False,False,25.05,24.5,25.05,21.5,40.0,21.1,0,74.79911749040114,2.5413407856010695,1.0,s4_narrow_passage_medium,M7,26,0.3,6.0
False,18.8,1.0203110413216134,0.2619044982321682,True,99.17941676523792,1475.373464347783,0.014148980441115273,74.63711029364791,0.012054239792583478,0.25665521716236755,0.004224900329175468,0.004224900329175468,139.43094216893377,0,0.0,True,True,True,False,True,False,False,True,True,True,False,2.5433447828376323,False,False,24.35,24.35,24.35,21.400000000000002,40.0,21.25,0,74.82082793200118,2.541342830713552,1.0,s4_narrow_passage_medium,M7,27,0.3,6.0
False,19.05,0.9907467109396009,0.26851420092141476,True,99.04179910730817,1463.4746383036065,0.018518518518518517,75.35932968942662,0.012056948065976835,0.25661912932598663,0.004169611847398386,0.004169611847398386,139.4099295659788,0,0.0,True,True,True,False,True,False,False,True,True,True,False,2.5433808706740133,False,False,25.0,24.700000000000003,25.0,21.6,40.0,21.0,0,74.81439579658085,2.5413280354949848,1.0,s4_narrow_passage_medium,M7,28,0.3,6.0
False,19.200000000000003,0.9737771078729633,0.2690205536471951,True,98.73253009454125,1461.9010402314611,0.021639617145235122,75.02536118923754,0.012053029000751656,0.2566590029872549,0.004234158577987981,0.004234158577987981,139.21115750728598,0,0.0,True,True,True,False,True,False,False,True,True,True,False,2.543340997012745,False,False,25.35,24.85,25.35,21.75,40.0,20.85,0,74.96305470261514,2.541294743213078,1.0,s4_narrow_passage_medium,M7,29,0.3,6.0
False,18.95,0.9926201741844081,0.26216573298795365,True,99.41531393890276,1480.926931454917,0.01914273824386184,75.12338850224099,0.01026952143412971,0.2606845640148174,0.006579091274822135,0.006579091274822135,139.67869801735065,0,0.0,True,True,True,False,True,False,False,True,True,True,False,2.5393154359851824,False,False,24.700000000000003,24.5,24.700000000000003,21.55,40.0,21.1,0,74.82962462684272,2.541341841996109,1.0,s4_narrow_passage_medium,M7,30,0.3,6.0
False,18.8,0.9961565524296188,0.2689884881950194,True,98.7316342344939,1454.9278897056574,0.015397419891801914,74.74433895346576,0.012057154641738942,0.2566363782187315,0.004186229242554996,0.004186229242554996,139.07926027063485,0,0.0,True,True,True,False,True,False,False,True,True,True,False,2.5433636217812685,False,False,24.8,24.700000000000003,24.8,21.35,40.0,21.25,0,75.00038406739027,2.5412812334900927,1.0,s4_narrow_passage_medium,M7,31,0.3,6.0
False,19.0,0.9925998039407087,0.2601726053346147,True,99.34262467026622,1489.1616943446643,0.0178942987931752,75.47303896793123,0.01205330022683313,0.25665034196921704,0.004224005435084779,0.004224005435084779,139.82993056661093,0,0.0,True,True,True,False,True,False,False,True,True,True,False,2.543349658030783,False,False,24.950000000000003,24.6,24.950000000000003,21.6,40.0,21.05,0,74.82158004874715,2.54134093860907,1.0,s4_narrow_passage_medium,M7,32,0.3,6.0
False,19.1,0.9669705563411435,0.25198557779102354,True,97.47943143719641,1346.9610168449544,0.021015397419891804,75.2666372976026,0.010262029883186226,0.2606575739041013,0.006540517725821641,0.006540517725821641,137.6306427496473,0,0.0,True,True,True,False,True,False,False,True,True,True,False,2.5393424260958986,False,False,25.950000000000003,25.200000000000003,25.950000000000003,21.700000000000003,40.0,20.950000000000003,0,74.77742527803558,2.541336831915054,1.0,s4_narrow_passage_medium,M7,33,0.3,6.0
False,18.95,0.9998173115818958,0.26908356001486644,True,98.96853125135691,1467.156873152142,0.019350811485642945,73.96169935910798,0.010264499797950766,0.2606735172116988,0.006545629197117232,0.006545629197117232,139.37861549617207,0,0.0,True,True,True,False,True,False,False,True,True,True,False,2.539326482788301,False,False,25.1,24.6,25.1,21.5,40.0,21.1,0,75.00888199504423,2.5413014716142293,1.0,s4_narrow_passage_medium,M7,34,0.3,6.0
False,18.900000000000002,1.0045341059716095,0.265926559639564,True,99.14272091004953,1469.2203829267337,0.019350811485642945,74.30771088502536,0.012055344756511134,0.25664887503687994,0.00420965689897019,0.00420965689897019,139.58662214349903,0,0.0,True,True,True,False,True,False,False,True,True,True,False,2.5433511249631198,False,False,24.6,24.5,24.6,21.5,40.0,21.150000000000002,0,74.79721014903204,2.541341228713939,1.0,s4_narrow_passage_medium,M7,35,0.3,6.0
False,19.150000000000002,0.975314044328454,0.26170827985867084,True,99.24590707566949,1492.238940811951,0.021431543903454017,75.30185983601845,0.010262472978847173,0.26065937656285554,0.006543132128643225,0.006543132128643225,139.7093793927217,0,0.0,True,True,True,False,True,False,False,True,True,True,False,2.5393406234371443,False,False,24.8,24.700000000000003,24.8,21.75,40.0,20.900000000000002,0,74.81531539504965,2.541339551007826,1.0,s4_narrow_passage_medium,M7,36,0.3,6.0
False,19.05,1.0072852660443574,0.2685871125822204,True,98.86608755603744,1457.6440872698518,0.01768622555139409,75.29811432515869,0.010268234066506439,0.2606900639636807,0.006568013477926322,0.006568013477926322,139.40799340543555,0,0.0,True,True,True,False,True,False,False,True,True,True,False,2.539309936036319,False,False,25.25,24.75,25.25,21.650000000000002,40.0,21.0,0,74.81014844906309,2.541337419508793,1.0,s4_narrow_passage_medium,M7,37,0.3,6.0
False,19.150000000000002,0.9902330232031844,0.2655229624940377,True,98.95948772670206,1487.9315746263342,0.021639617145235122,75.161589561316,0.012052851481767449,0.2566593271986964,0.00423713625669117,0.00423713625669117,139.4487047332958,0,0.0,True,True,True,False,True,False,False,True,True,True,False,2.5433406728013033,False,False,24.8,24.700000000000003,24.8,21.700000000000003,40.0,20.900000000000002,0,74.8206472919287,2.5413406166942325,1.0,s4_narrow_passage_medium,M7,38,0.3,6.0
False,19.200000000000003,0.9836313375619039,0.2680547122039559,True,98.58682695268813,1441.7742348704737,0.022263836870578445,75.30902499903398,0.012057025181197986,0.2566200983243518,0.00416964668128201,0.00416964668128201,139.11293855690852,0,0.0,True,True,True,False,True,False,False,True,True,True,False,2.543379901675648,False,False,25.35,25.0,25.35,21.75,40.0,20.85,0,74.84168163668346,2.541344044887802,1.0,s4_narrow_passage_medium,M7,39,0.3,6.0
False,19.150000000000002,0.9618209549173853,0.2696457274507446,True,98.81120875262528,1463.2171352089626,0.021639617145235122,75.54861610131533,0.012055884769929075,0.25661612925618366,0.004173457602062126,0.004173457602062126,139.2836629934746,0,0.0,True,True,True,False,True,False,False,True,True,True,False,2.543383870743816,False,False,25.5,24.900000000000002,25.5,21.700000000000003,40.0,20.900000000000002,0,74.88831901988227,2.541316336922174,1.0,s4_narrow_passage_medium,M7,10,0.3,8.0
False,19.150000000000002,0.9829229679752924,0.26941993200860215,True,98.64065954492969,1486.163189050318,0.023096129837702872,75.52968756683632,0.012056146048616568,0.25661617476819737,0.004172323391149583,0.004172323391149583,139.13251217120694,0,0.0,True,True,True,False,True,False,False,True,True,True,False,2.5433838252318024,False,False,25.0,24.8,25.0,21.700000000000003,40.0,20.900000000000002,0,74.8889288233452,2.5413116899782584,1.0,s4_narrow_passage_medium,M7,11,0.3,8.0
False,19.200000000000003,0.9698205102067734,0.2684763697466806,True,98.529814452632,1468.3786319271412,0.02850603412401165,75.2967058628615,0.010262284749417375,0.2606578289880032,0.006542749351212852,0.006542749351212852,139.0463299753266,0,0.0,True,True,True,False,True,False,False,True,True,True,False,2.5393421710119966,False,False,25.200000000000003,25.1,25.200000000000003,21.75,40.0,20.85,0,74.79992779254867,2.5413350721416696,1.0,s4_narrow_passage_medium,M7,12,0.3,8.0
False,18.95,0.9716487415997397,0.25865670202265134,True,99.22070587976924,1501.2812923602662,0.018310445276737412,74.92123217077281,0.010269429214270633,0.2606801608568797,0.00657934405378021,0.00657934405378021,139.57460871990858,0,0.0,True,True,True,False,True,False,False,True,True,True,False,2.53931983914312,False,False,24.85,24.5,24.85,21.5,40.0,21.1,0,74.82519413557392,2.5413423218867965,1.0,s4_narrow_passage_medium,M7,13,0.3,8.0
False,18.650000000000002,1.0112691622436858,0.26047551820285075,True,99.67665951383967,1476.0325372286122,0.01373283395755306,73.64828363137212,0.010262841774315915,0.26066670512339996,0.006538049952725619,0.006538049952725619,139.71445426904282,0,0.0,True,True,True,False,True,False,False,True,True,True,False,2.5393332948765996,False,False,24.200000000000003,24.200000000000003,24.200000000000003,21.25,40.0,21.400000000000002,0,74.79698849534061,2.5413426770409835,1.0,s4_narrow_passage_medium,M7,14,0.3,8.0
False,19.200000000000003,0.9786882431717319,0.26165227320886797,True,99.15398548032817,1500.5427142161423,0.026425301706200582,75.62287206049132,0.012054192123420309,0.2566174460904617,0.004188845902262826,0.004188845902262826,139.82003837245588,0,0.0,True,True,True,False,True,False,False,True,True,True,False,2.543382553909538,False,False,24.85,24.75,24.85,21.75,40.0,20.85,0,74.81722914680846,2.5413402868188246,1.0,s4_narrow_passage_medium,M7,15,0.3,8.0
False,18.95,0.9768624326720328,0.2684554637496882,True,98.8035816875253,1458.9670699717653,0.020599250936329586,75.41218336304343,0.012056803456854892,0.2566182080160659,0.004170334604049475,0.004170334604049475,139.25995887303668,0,0.0,True,True,True,False,True,False,False,True,True,True,False,2.543381791983934,False,False,24.8,24.700000000000003,24.8,21.5,40.0,21.1,0,74.80030024433492,2.541327484463586,1.0,s4_narrow_passage_medium,M7,16,0.3,8.0
False,19.05,0.995132751237868,0.2694635980111718,True,98.73591229358024,1445.368357016177,0.01893466500208073,75.58927576018421,0.012053456682897805,0.2566308118621086,0.004205622496958158,0.004205622496958158,139.2824869859744,0,0.0,True,True,True,False,True,False,False,True,True,True,False,2.5433691881378913,False,False,24.700000000000003,24.700000000000003,24.700000000000003,21.6,40.0,21.0,0,74.87761550793186,2.541313761162877,1.0,s4_narrow_passage_medium,M7,17,0.3,8.0
False,19.25,0.9826486066030886,0.2692576662039996,True,98.82673587040468,1490.048406691526,0.024344569288389514,75.14939050254961,0.012057389489970196,0.256625648169696,0.004172406192439943,0.004172406192439943,139.44475724630297,0,0.0,True,True,True,False,True,False,False,True,True,True,False,2.5433743518303036,False,False,25.5,25.0,25.5,21.8,40.0,20.8,0,74.90644026190485,2.541310651167561,1.0,s4_narrow_passage_medium,M7,18,0.3,8.0
False,19.05,0.9735496313087901,0.2687609577066907,True,98.47999069654168,1436.4023236032224,0.02122347066167291,75.33530352452762,0.010267142698019805,0.26069263444035684,0.006558714930879545,0.006558714930879545,138.88094957750204,0,0.0,True,True,True,False,True,False,False,True,True,True,False,2.539307365559643,False,False,25.25,24.950000000000003,25.25,21.6,40.0,21.0,0,74.80693075786448,2.5413367092058623,1.0,s4_narrow_passage_medium,M7,19,0.3,8.0
False,19.1,0.991972460987294,0.26941404484015097,True,98.69954720912438,1452.4740164562627,0.021639617145235122,75.06530762979416,0.012057473937950503,0.2566282008998567,0.004175303429725112,0.004175303429725112,139.28332051767177,0,0.0,True,True,True,False,True,False,False,True,True,True,False,2.543371799100143,False,False,25.5,24.900000000000002,25.5,21.650000000000002,40.0,20.950000000000003,0,74.9183406499393,2.541309602829314,1.0,s4_narrow_passage_medium,M7,20,0.3,8.0
False,19.3,0.9585737955144775,0.26896205115214367,True,97.8170607823555,1356.7071605377234,0.021015397419891804,74.40582081534244,0.01026719546081954,0.26067625285363216,0.006563174539067523,0.006563174539067523,138.0228124198129,0,0.0,True,True,True,False,True,False,False,True,True,True,False,2.5393237471463674,False,False,25.35,25.3,25.35,21.900000000000002,40.0,20.75,0,74.86183114633397,2.5413403264405474,1.0,s4_narrow_passage_medium,M7,21,0.3,8.0
False,18.95,0.9755798806414904,0.2690156928857332,True,99.03003189170602,1454.3696695495019,0.017270079067831876,74.4136691871805,0.010267145553877437,0.26067672937658337,0.006561977031416538,0.006561977031416538,139.44504814745486,0,0.0,True,True,True,False,True,False,False,True,True,True,False,2.5393232706234166,False,False,25.1,24.6,25.1,21.5,40.0,21.1,0,75.01349277769579,2.5412916159740773,1.0,s4_narrow_passage_medium,M7,22,0.3,8.0
False,18.8,0.9847266351031114,0.2685671477757231,True,98.70089901887567,1437.4446374102672,0.016229712858926344,74.54581885224741,0.012054462874228454,0.2566537297490817,0.004220746322447152,0.004220746322447152,138.94502547918614,0,0.0,True,True,True,False,True,False,False,True,True,True,False,2.543346270250918,False,False,25.3,24.6,25.3,21.400000000000002,40.0,21.25,0,74.80753805655367,2.5413397841163388,1.0,s4_narrow_passage_medium,M7,23,0.3,8.0
False,19.05,0.9800510953454495,0.26909976436196986,True,98.82646100305823,1457.2699023442156,0.01976695796920516,74.52614885631213,0.010267801434517854,0.2606769199024544,0.006565654349880017,0.006565654349880017,139.34359031846378,0,0.0,True,True,True,False,True,False,False,True,True,True,False,2.5393230800975455,False,False,25.150000000000002,24.8,25.150000000000002,21.6,40.0,21.0,0,75.00238584433534,2.541292075190155,1.0,s4_narrow_passage_medium,M7,24,0.3,8.0
False,19.1,0.9733991593809359,0.2659171264137606,True,99.72181690660055,1496.855234303327,0.019558884727424054,75.2086451577169,0.012052763328757996,0.25665888796397346,0.004236563796878856,0.004236563796878856,140.04236043997366,0,0.0,True,True,True,False,True,False,False,True,True,True,False,2.5433411120360265,False,False,24.900000000000002,24.900000000000002,24.900000000000002,21.6,40.0,20.950000000000003,0,74.8266104347586,2.541342708928792,1.0,s4_narrow_passage_medium,M7,25,0.3,8.0
False,18.8,0.854160843097248,0.2684976282800423,True,99.26065839836849,1461.0811448674747,0.026841448189762796,75.3271209986068,0.01026380270790808,0.2606698267151328,0.006547257974033165,0.006547257974033165,139.4693148983007,0,0.0,True,True,True,False,True,False,False,True,True,True,False,2.539330173284867,False,False,25.05,24.55,25.05,21.35,40.0,21.25,0,74.78783468872587,2.5413325724264233,1.0,s4_narrow_passage_medium,M7,26,0.3,8.0
False,18.8,1.020436624457356,0.2601677202166033,True,99.2756985581526,1477.0455744380752,0.013316687473990845,74.34973643280398,0.010266960054215324,0.2606756053514578,0.006561280894423442,0.006561280894423442,139.46960407840493,0,0.0,True,True,True,False,True,False,False,True,True,True,False,2.539324394648542,False,False,24.700000000000003,24.35,24.700000000000003,21.35,40.0,21.25,0,74.81368113933522,2.541342311636651,1.0,s4_narrow_passage_medium,M7,27,0.3,8.0
False,19.05,0.9907770851960371,0.2637547597209638,True,99.52769181425721,1485.8521807133934,0.018518518518518517,74.37981931760268,0.012055080468990792,0.2566503987613737,0.004213035060673266,0.004213035060673266,139.7190880667025,0,0.0,True,True,True,False,True,False,False,True,True,True,False,2.543349601238626,False,False,24.8,24.6,24.8,21.6,40.0,21.0,0,74.79872030848786,2.5413397375697304,1.0,s4_narrow_passage_medium,M7,28,0.3,8.0
False,19.200000000000003,0.9760295626066535,0.2694699340063882,True,98.71990717487037,1452.857249770584,0.02247191011235955,74.75161667354043,0.012056925436903801,0.2566370900823545,0.004186307735330443,0.004186307735330443,139.13523463774592,0,0.0,True,True,True,False,True,False,False,True,True,True,False,2.5433629099176454,False,False,25.5,24.900000000000002,25.5,21.75,40.0,20.85,0,74.90082190722713,2.541313642429472,1.0,s4_narrow_passage_medium,M7,29,0.3,8.0
False,18.95,0.9918147105885555,0.2551932993657469,True,99.46283225933897,1478.7104655368728,0.019350811485642945,74.9350721707929,0.0102694665373646,0.26068029570044704,0.006579486958298473,0.006579486958298473,139.6992756594036,0,0.0,True,True,True,False,True,False,False,True,True,True,False,2.539319704299553,False,False,24.85,24.5,24.85,21.5,40.0,21.1,0,74.8269879631641,2.5413424935181634,1.0,s4_narrow_passage_medium,M7,30,0.3,8.0
False,18.8,0.9964328870539034,0.26904035285069916,True,98.81823289447367,1456.6771415916405,0.015397419891801914,75.37087112061086,0.012057098038829199,0.25661831949569,0.004168680822986673,0.004168680822986673,139.0863333509034,0,0.0,True,True,True,False,True,False,False,True,True,True,False,2.54338168050431,False,False,24.450000000000003,24.450000000000003,24.450000000000003,21.35,40.0,21.25,0,74.94619645190909,2.54129431212982,1.0,s4_narrow_passage_medium,M7,31,0.3,8.0
False,19.0,0.9924663573287853,0.2688838295916714,True,99.0254206562605,1466.7825166365556,0.022055763628797336,74.43095204532855,0.012055076829841782,0.25665067194077973,0.004213810343705644,0.004213810343705644,139.5630487296445,0,0.0,True,True,True,False,True,False,False,True,True,True,False,2.54334932805922,False,False,25.3,24.900000000000002,25.3,21.6,40.0,21.05,0,75.01319234957752,2.541293348340963,1.0,s4_narrow_passage_medium,M7,32,0.3,8.0
False,19.05,0.9687720661645545,0.25276404310472594,True,97.41563379480779,1339.1146077991355,0.021431543903454017,73.25702305950416,0.010261719918979935,0.26066378963829734,0.006533782739729921,0.006533782739729921,137.53323313553147,0,0.0,True,True,True,False,True,False,False,True,True,True,False,2.5393362103617023,False,False,25.85,25.1,25.85,21.650000000000002,40.0,21.0,0,74.80011503618583,2.5413411395240346,1.0,s4_narrow_passage_medium,M7,33,0.3,8.0
False,18.95,1.0004475134030308,0.26838841127369073,True,98.95824409450404,1470.0874673497146,0.019975031210986267,75.07138577939708,0.012052891946056916,0.256659706287911,0.004236883058567802,0.004236883058567802,139.31233096695294,0,0.0,True,True,True,False,True,False,False,True,True,True,False,2.543340293712089,False,False,25.1,24.6,25.1,21.5,40.0,21.1,0,74.8103506652466,2.5413390756990766,1.0,s4_narrow_passage_medium,M7,34,0.3,8.0
False,18.900000000000002,1.0057184401815922,0.2607299781407209,True,99.08425215411685,1479.0242857749038,0.019975031210986267,74.91632459674082,0.010269414035575396,0.2606801208435416,0.006579260086634537,0.006579260086634537,139.60642256489407,0,0.0,True,True,True,False,True,False,False,True,True,True,False,2.539319879156458,False,False,24.85,24.5,24.85,21.5,40.0,21.150000000000002,0,74.82784617250657,2.541342670345342,1.0,s4_narrow_passage_medium,M7,35,0.3,8.0
False,19.150000000000002,0.9745831760253012,0.25744663245358657,True,98.9396646465378,1465.3332450364046,0.017478152309612985,73.88143214188725,0.010264027000148173,0.26067192567776937,0.0065451066874487015,0.0065451066874487015,139.2735373928141,0,0.0,True,True,True,False,True,False,False,True,True,True,False,2.5393280743222304,False,False,25.3,24.700000000000003,25.3,21.700000000000003,40.0,20.900000000000002,0,74.80354730312295,2.541311853175975,1.0,s4_narrow_passage_medium,M7,36,0.3,8.0
False,19.05,1.0055572684316842,0.2685202165324918,True,99.21311087957463,1464.634317624465,0.0178942987931752,75.0638163149048,0.012057416091434507,0.2566283903835624,0.004176731693112069,0.004176731693112069,139.69559060625335,0,0.0,True,True,True,False,True,False,False,True,True,True,False,2.5433716096164374,False,False,25.400000000000002,24.75,25.400000000000002,21.6,40.0,21.0,0,74.80559426259853,2.541323434747404,1.0,s4_narrow_passage_medium,M7,37,0.3,8.0
False,19.1,0.9896338543819925,0.25907553443048,True,98.88360915825746,1499.97734923759,0.022888056595921764,75.55392873004794,0.012053313164201841,0.2566394784639798,0.0042142066065115075,0.0042142066065115075,139.4374660316425,0,0.0,True,True,True,False,True,False,False,True,True,True,False,2.54336052153602,False,False,24.650000000000002,24.650000000000002,24.650000000000002,21.700000000000003,40.0,20.950000000000003,0,74.81697193518539,2.5413408018351205,1.0,s4_narrow_passage_medium,M7,38,0.3,8.0
False,19.200000000000003,0.9792833523314102,0.2694195034171993,True,98.88219296419616,1466.4008776934797,0.02600915522263837,74.6200494067099,0.012056644737807619,0.2566400964797757,0.0041916810244995726,0.0041916810244995726,139.39342832992435,0,0.0,True,True,True,False,True,False,False,True,True,True,False,2.543359903520224,False,False,25.5,25.0,25.5,21.75,40.0,20.85,0,74.91155685925837,2.5413095697264265,1.0,s4_narrow_passage_medium,M7,39,0.3,8.0
False,19.150000000000002,0.9613913645976384,0.2577372316107067,True,99.23472805896898,1482.1124394418562,0.022263836870578445,75.52931888564905,0.012053240425262492,0.25664360245428774,0.004217734911246222,0.004217734911246222,139.61338195173175,0,0.0,True,True,True,False,True,False,False,True,True,True,False,2.543356397545712,False,False,25.1,24.650000000000002,25.1,21.650000000000002,40.0,20.900000000000002,0,74.82255041447745,2.5413414960512966,1.0,s4_narrow_passage_medium,M7,10,0.3,10.0
False,19.1,0.9828474771498337,0.26006100465244186,True,99.06428980113529,1509.9682320704064,0.022888056595921764,75.52818599767559,0.012053240392768552,0.2566437677635563,0.004217884481158732,0.004217884481158732,139.4671718795511,0,0.0,True,True,True,False,True,False,False,True,True,True,False,2.5433562322364436,False,False,24.85,24.650000000000002,24.85,21.650000000000002,40.0,20.950000000000003,0,74.82192789027056,2.5413415011912464,1.0,s4_narrow_passage_medium,M7,11,0.3,10.0
False,19.200000000000003,0.972272755839936,0.25436170320052587,True,97.30970056733982,1367.9366857214932,0.028089887640449437,75.0614624374174,0.012057397847978678,0.25662853434841987,0.004176654730448893,0.004176654730448893,137.54019486486143,0,0.0,True,True,True,False,True,False,False,True,True,True,False,2.54337146565158,False,False,26.0,25.25,26.0,21.75,40.0,20.85,0,74.81112652844384,2.5413422398680847,1.0,s4_narrow_passage_medium,M7,12,0.3,10.0
False,18.95,0.9714440604121581,0.2629556817175092,True,99.29287891176209,1495.9584285078981,0.017478152309612985,75.17475660134242,0.012057278917245595,0.25662498029540914,0.004172772386287668,0.004172772386287668,139.55158280698026,0,0.0,True,True,True,False,True,False,False,True,True,True,False,2.5433750197045906,False,False,25.700000000000003,24.8,25.700000000000003,21.450000000000003,40.0,21.1,0,74.80392809622325,2.5413396884562705,1.0,s4_narrow_passage_medium,M7,13,0.3,10.0
False,18.650000000000002,1.009757322658167,0.2685023118490042,True,99.48171709062451,1452.1513507135285,0.01373283395755306,75.41302430544978,0.012052988613529027,0.2566539734790156,0.00422894602427795,0.00422894602427795,139.5400059654906,0,0.0,True,True,True,False,True,False,False,True,True,True,False,2.543346026520984,False,False,24.5,24.3,24.5,21.200000000000003,40.0,21.400000000000002,0,74.80786004278079,2.541336583990125,1.0,s4_narrow_passage_medium,M7,14,0.3,10.0
False,19.200000000000003,0.978391845355085,0.2616866480066409,True,99.24404561537793,1504.3320325635943,0.02663337494798169,75.34173048735353,0.010264893358855836,0.26067835615211543,0.006550979396651894,0.006550979396651894,139.8745371479426,0,0.0,True,True,True,False,True,False,False,True,True,True,False,2.5393216438478845,False,False,25.0,24.75,25.0,21.75,40.0,20.85,0,74.81574619395882,2.541340453178738,1.0,s4_narrow_passage_medium,M7,15,0.3,10.0
False,18.95,0.9764813281223137,0.26850222142880326,True,98.80313987722857,1455.4571085411499,0.02039117769454848,73.23540946440714,0.010261646170915335,0.26066363544019655,0.00653371311485313,0.00653371311485313,139.22414142544955,0,0.0,True,True,True,False,True,False,False,True,True,True,False,2.5393363645598033,False,False,24.650000000000002,24.55,24.650000000000002,21.450000000000003,40.0,21.1,0,74.79532994961559,2.541329606254819,1.0,s4_narrow_passage_medium,M7,16,0.3,10.0
False,19.05,0.9957847405657356,0.2611630972340005,True,99.08519815827958,1470.7716755966853,0.01893466500208073,75.23710892323069,0.010269005345124422,0.26068793007996605,0.006574480821377081,0.006574480821377081,139.62323835123237,0,0.0,True,True,True,False,True,False,False,True,True,True,False,2.539312069920034,False,False,24.950000000000003,24.6,24.950000000000003,21.6,40.0,21.0,0,74.83294932976541,2.5413420861148848,1.0,s4_narrow_passage_medium,M7,17,0.3,10.0
False,19.25,0.9823129539367577,0.2620969821375009,True,99.2885145745789,1514.6795915132616,0.02455264253017062,75.622654860386,0.012054222726638494,0.25661740491139434,0.004188513520993268,0.004188513520993268,139.81073751378827,0,0.0,True,True,True,False,True,False,False,True,True,True,False,2.5433825950886053,False,False,24.85,24.75,24.85,21.75,40.0,20.8,0,74.81617145031278,2.541340201204336,1.0,s4_narrow_passage_medium,M7,18,0.3,10.0
False,19.05,0.9729919702433374,0.2629927305443023,True,99.12066996844662,1459.7185561189158,0.02039117769454848,74.63633892658862,0.012056622961424705,0.25663993121938894,0.00419216811228428,0.00419216811228428,139.36629261229712,0,0.0,True,True,True,False,True,False,False,True,True,True,False,2.543360068780611,False,False,25.8,24.900000000000002,25.8,21.55,40.0,21.0,0,74.80290943070705,2.5413393858842066,1.0,s4_narrow_passage_medium,M7,19,0.3,10.0
False,19.05,0.9919023164955367,0.26859298658368197,True,98.72317962443941,1461.030447305973,0.021431543903454017,75.31859141200503,0.010267774141789756,0.2606911216834125,0.0065637661782831066,0.0065637661782831066,139.28359007094267,0,0.0,True,True,True,False,True,False,False,True,True,True,False,2.539308878316587,False,False,24.950000000000003,24.85,24.950000000000003,21.650000000000002,40.0,21.0,0,74.81566821600977,2.5413370613510553,1.0,s4_narrow_passage_medium,M7,20,0.3,10.0
False,19.3,0.958574708105085,0.26853948993059307,True,99.35546761375402,1477.1922975299499,0.02122347066167291,75.19781675880093,0.012052849554980247,0.2566587675224503,0.0042365627566213915,0.0042365627566213915,139.74871529933154,0,0.0,True,True,True,False,True,False,False,True,True,True,False,2.5433412324775495,False,False,25.200000000000003,24.900000000000002,25.200000000000003,21.8,40.0,20.75,0,74.89926687794073,2.5413226428199436,1.0,s4_narrow_passage_medium,M7,21,0.3,10.0
False,18.95,0.9763909667947785,0.26330609451978376,True,99.55305588376926,1480.7618505683336,0.01581356637536413,75.06070103964136,0.012057386368960652,0.2566286045395776,0.004176563815998519,0.004176563815998519,139.7931061979322,0,0.0,True,True,True,False,True,False,False,True,True,True,False,2.5433713954604222,False,False,25.6,24.700000000000003,25.6,21.450000000000003,40.0,21.1,0,74.79540373858028,2.5413398408346843,1.0,s4_narrow_passage_medium,M7,22,0.3,10.0
False,18.8,0.9854664007034202,0.2630603677871937,True,99.26007252955131,1471.8052396818116,0.015605493133583021,74.34961088127305,0.012055212079710644,0.2566496903094498,0.004211572092621204,0.004211572092621204,139.44324193512662,0,0.0,True,True,True,False,True,False,False,True,True,True,False,2.54335030969055,False,False,24.450000000000003,24.35,24.450000000000003,21.35,40.0,21.25,0,74.80861161931279,2.5413431981960453,1.0,s4_narrow_passage_medium,M7,23,0.3,10.0
False,19.0,0.9798488203618636,0.2618360579637738,True,99.25201706384715,1481.9664948607915,0.01976695796920516,75.23044834547726,0.012052737216092041,0.2566586201108226,0.004236231232907846,0.004236231232907846,139.6245495274287,0,0.0,True,True,True,False,True,False,False,True,True,True,False,2.5433413798891773,False,False,24.650000000000002,24.55,24.650000000000002,21.6,40.0,21.05,0,74.8256752182392,2.5413421981513657,1.0,s4_narrow_passage_medium,M7,24,0.3,10.0
False,19.1,0.9732454321375978,0.2633623083102633,True,99.62038853607785,1505.6566739187263,0.020183104452767373,74.47301573656371,0.01026761195264948,0.26067621262605606,0.006566012645038492,0.006566012645038492,140.00287599335357,0,0.0,True,True,True,False,True,False,False,True,True,True,False,2.539323787373944,False,False,25.85,24.950000000000003,25.85,21.6,40.0,20.950000000000003,0,74.80055286821982,2.5413374023214996,1.0,s4_narrow_passage_medium,M7,25,0.3,10.0
False,18.8,0.8538838833841804,0.2591913455076759,True,99.31473561781827,1445.976747932523,0.02247191011235955,75.11135077654765,0.012057251833545819,0.25662734614771243,0.004174839264264312,0.004174839264264312,139.30644182985682,0,0.0,True,True,True,False,True,False,False,True,True,True,False,2.5433726538522876,False,False,24.950000000000003,24.55,24.950000000000003,21.3,40.0,21.25,0,74.79885093139146,2.541334308671765,1.0,s4_narrow_passage_medium,M7,26,0.3,10.0
False,18.8,1.0196828045173312,0.2693921254882399,True,98.91498804422412,1456.0226751691605,0.0149812734082397,74.84874526998841,0.010269117001352886,0.26067982029491316,0.006578156388113138,0.006578156388113138,139.1503546254786,0,0.0,True,True,True,False,True,False,False,True,True,True,False,2.539320179705087,False,False,24.450000000000003,24.450000000000003,24.450000000000003,21.35,40.0,21.25,0,74.89354610008637,2.541312097341025,1.0,s4_narrow_passage_medium,M7,27,0.3,10.0
False,19.05,0.9904303738810831,0.2686771139609144,True,99.19582070393174,1468.774142182181,0.01893466500208073,74.45676095102742,0.012054846576920424,0.25665179578383096,0.004216838551414359,0.004216838551414359,139.4884928340561,0,0.0,True,True,True,False,True,False,False,True,True,True,False,2.543348204216169,False,False,25.3,24.650000000000002,25.3,21.6,40.0,21.0,0,74.8639139953881,2.5413161882938335,1.0,s4_narrow_passage_medium,M7,28,0.3,10.0
False,19.200000000000003,0.9759050877167799,0.26858520795474655,True,98.71675976799104,1461.9533705133808,0.022888056595921764,75.32278243632356,0.010263500416578522,0.2606676966428418,0.006546129404567584,0.006546129404567584,139.11751156769702,0,0.0,True,True,True,False,True,False,False,True,True,True,False,2.539332303357158,False,False,25.05,24.85,25.05,21.75,40.0,20.85,0,74.80757740460676,2.5413355379862606,1.0,s4_narrow_passage_medium,M7,29,0.3,10.0
False,18.95,0.9922260609211604,0.26928570472103613,True,99.10014645349872,1457.6733069559873,0.0178942987931752,75.54949480192309,0.012053400761877109,0.25664013170558925,0.0042147614499795025,0.0042147614499795025,139.3940070885307,0,0.0,True,True,True,False,True,False,False,True,True,True,False,2.5433598682944107,False,False,25.400000000000002,24.6,25.400000000000002,21.5,40.0,21.1,0,74.90795580555832,2.541301997632897,1.0,s4_narrow_passage_medium,M7,30,0.3,10.0
False,18.8,0.9962526425701606,0.25612859924922393,True,98.915744710798,1450.326485030284,0.01435705368289638,74.13930088274911,0.010265810720573743,0.26067413850879473,0.006553299671894187,0.006553299671894187,138.97356599937865,0,0.0,True,True,True,False,True,False,False,True,True,True,False,2.5393258614912053,False,False,24.400000000000002,24.3,24.400000000000002,21.35,40.0,21.25,0,74.78358347255646,2.541329703358422,1.0,s4_narrow_passage_medium,M7,31,0.3,10.0
False,19.0,0.9960864308624651,0.268897063779584,True,99.01252286850061,1471.7889230300298,0.018310445276737412,74.8002752740105,0.01205721441041509,0.256635188833996,0.004184114980168783,0.004184114980168783,139.57535568639113,0,0.0,True,True,True,False,True,False,False,True,True,True,False,2.5433648111660037,False,False,25.3,24.900000000000002,25.3,21.6,40.0,21.05,0,74.95840844465766,2.541290666021006,1.0,s4_narrow_passage_medium,M7,32,0.3,10.0
False,19.0,0.9681850811473802,0.2609262769147533,True,99.1930646722904,1474.0585165159393,0.020183104452767373,75.25496420665492,0.012052707483718528,0.2566582859538462,0.0042357389601432455,0.0042357389601432455,139.58183839465858,0,0.0,True,True,True,False,True,False,False,True,True,True,False,2.5433417140461536,False,False,24.85,24.55,24.85,21.6,40.0,21.05,0,74.82431793106791,2.541342305988115,1.0,s4_narrow_passage_medium,M7,33,0.3,10.0
False,18.95,1.0027696997027304,0.2693559923914999,True,99.00634834302228,1476.7180172669443,0.0149812734082397,73.02637591744377,0.010261460255598152,0.26066161341257965,0.006533879593368941,0.006533879593368941,139.45739832320868,0,0.0,True,True,True,False,True,False,False,True,True,True,False,2.53933838658742,False,False,25.05,24.8,25.05,21.5,40.0,21.1,0,74.89278190893013,2.541307874703522,1.0,s4_narrow_passage_medium,M7,34,0.3,10.0
False,18.900000000000002,1.0046885723396735,0.26407714431208174,True,99.22786092632307,1481.044008889457,0.019558884727424054,74.55079056546391,0.012056366321309553,0.25664199617699096,0.004195938760808669,0.004195938760808669,139.65241336336211,0,0.0,True,True,True,False,True,False,False,True,True,True,False,2.543358003823009,False,False,25.6,24.700000000000003,25.6,21.450000000000003,40.0,21.150000000000002,0,74.80043563380636,2.541339361483498,1.0,s4_narrow_passage_medium,M7,35,0.3,10.0
False,19.150000000000002,0.9755072216431973,0.26945527874278713,True,98.93049726835417,1473.099023865435,0.022055763628797336,75.55066524222853,0.012055895651942964,0.256615982733239,0.004173603130158712,0.004173603130158712,139.40688096859537,0,0.0,True,True,True,False,True,False,False,True,True,True,False,2.543384017266761,False,False,25.5,24.900000000000002,25.5,21.700000000000003,40.0,20.900000000000002,0,74.88331247523662,2.5413144992058103,1.0,s4_narrow_passage_medium,M7,36,0.3,10.0
False,19.0,1.0056239677315075,0.26243138087415396,True,99.49203956181528,1488.7998063070074,0.018102372034956304,75.19443758372037,0.012052795108208628,0.25665902350304093,0.004236794879402165,0.004236794879402165,139.89146515761024,0,0.0,True,True,True,False,True,False,False,True,True,True,False,2.543340976496959,False,False,24.55,24.55,24.55,21.6,40.0,21.05,0,74.826969391792,2.541342381380322,1.0,s4_narrow_passage_medium,M7,37,0.3,10.0
False,19.1,0.9901540178054937,0.26059115091004553,True,98.91134062829329,1499.9954933542085,0.02247191011235955,75.51361986820378,0.012053258195407429,0.2566457858037615,0.004219790244820813,0.004219790244820813,139.45049153323225,0,0.0,True,True,True,False,True,False,False,True,True,True,False,2.5433542141962384,False,False,24.85,24.650000000000002,24.85,21.650000000000002,40.0,20.950000000000003,0,74.8235386864411,2.541341692892562,1.0,s4_narrow_passage_medium,M7,38,0.3,10.0
False,19.200000000000003,0.9835893746273416,0.26559780805225897,True,99.48747732949964,1480.7270136473117,0.021431543903454017,75.48092307574066,0.012053273876430487,0.2566495372197563,0.004223190371219755,0.004223190371219755,139.83083498328313,0,0.0,True,True,True,False,True,False,False,True,True,True,False,2.5433504627802437,False,False,25.0,25.0,25.0,21.700000000000003,40.0,20.85,0,74.826955362505,2.5413426852630585,1.0,s4_narrow_passage_medium,M7,39,0.3,10.0
False,18.45,0.9592889024025515,0.2687412836813113,True,99.30670869498874,1412.456954449781,0.024136496046608405,75.59605599008029,0.01205512474041942,0.25661631663684775,0.00417981614437103,0.00417981614437103,139.05960160408543,0,0.0,True,True,True,False,True,False,False,True,True,True,False,2.5433836833631522,False,False,24.700000000000003,24.3,24.700000000000003,21.1,40.0,21.6,0,74.79598335194736,2.5413416508790334,1.0,s4_narrow_passage_medium,M7,10,0.4,2.0
False,18.45,0.9792017762401046,0.26850045477611384,True,98.9672670807518,1422.2796488546905,0.028089887640449437,75.52994069340922,0.012055997556484848,0.25661659075182597,0.00417339942417855,0.00417339942417855,138.75785705068495,0,0.0,True,True,True,False,True,False,False,True,True,True,False,2.543383409248174,False,False,24.700000000000003,24.200000000000003,24.700000000000003,21.1,40.0,21.6,0,74.80220102951272,2.541341033079883,1.0,s4_narrow_passage_medium,M7,11,0.4,2.0
False,18.45,0.9094836901115013,0.26803782341145344,True,99.75240183665515,1444.5799267126622,0.0328755722014149,74.77903387086195,0.012053603408144735,0.25665749530167575,0.004229921650143792,0.004229921650143792,139.35809845412086,0,0.0,True,True,True,False,True,False,False,True,True,True,False,2.543342504698324,False,False,24.8,24.3,24.8,21.1,40.0,21.6,0,74.79727575963483,2.5413386207972617,1.0,s4_narrow_passage_medium,M7,12,0.4,2.0
False,18.3,0.9675180605458149,0.26851453072749026,True,99.3583720954012,1422.7577211785601,0.020807324178110695,75.54653727579382,0.01205581407492124,0.256616390698413,0.004174403863704381,0.004174403863704381,139.0902506044036,0,0.0,True,True,True,False,True,False,False,True,True,True,False,2.543383609301587,False,False,24.6,24.200000000000003,24.6,20.900000000000002,40.0,21.75,0,74.79761407448893,2.5413408084406885,1.0,s4_narrow_passage_medium,M7,13,0.4,2.0
False,18.1,1.0058870020465165,0.26831254592571485,True,99.68898505374388,1405.5075916076955,0.016229712858926344,75.32509246961096,0.010267584156888837,0.2606914208757866,0.006561810478980623,0.006561810478980623,139.23578976852957,0,0.0,True,True,True,False,True,False,False,True,True,True,False,2.539308579124213,False,False,24.450000000000003,23.950000000000003,24.450000000000003,20.75,40.0,21.950000000000003,0,74.81541060620353,2.541340360517677,1.0,s4_narrow_passage_medium,M7,14,0.4,2.0
False,18.5,0.9753581678069236,0.267839841656869,True,99.32561305284415,1425.3991992274491,0.03058676654182272,74.83457080348246,0.010269205576580558,0.2606792589989067,0.006577955027595648,0.006577955027595648,139.31852007671813,0,0.0,True,True,True,False,True,False,False,True,True,True,False,2.539320741001093,False,False,24.450000000000003,24.25,24.450000000000003,21.150000000000002,40.0,21.55,0,74.7994234749434,2.54133712881726,1.0,s4_narrow_passage_medium,M7,15,0.4,2.0
False,18.35,0.972447194921547,0.26852775257741524,True,99.29837472199098,1419.9726903074747,0.02122347066167291,73.14685910567475,0.010261597098539577,0.26066237542605464,0.006533653608744345,0.006533653608744345,139.15170805853853,0,0.0,True,True,True,False,True,False,False,True,True,True,False,2.539337624573945,False,False,24.25,24.05,24.25,20.950000000000003,40.0,21.700000000000003,0,74.79015795717119,2.5413388956721414,1.0,s4_narrow_passage_medium,M7,16,0.4,2.0
False,18.2,0.884265095320983,0.26888649055939673,True,99.73876410183644,1405.1859665633906,0.031002913025384937,75.1471993382032,0.010269502178919398,0.2606853430692507,0.006578517923198809,0.006578517923198809,139.22547205051336,0,0.0,True,True,True,False,True,False,False,True,True,True,False,2.539314656930749,False,False,24.25,24.150000000000002,24.25,20.8,40.0,21.85,0,74.82770050070366,2.541341211394147,1.0,s4_narrow_passage_medium,M7,17,0.4,2.0
False,18.55,0.9765268845129038,0.268469143498275,True,99.3646655461936,1426.8571616436238,0.028297960882230546,74.15657677172446,0.010265866932849269,0.26067442052326933,0.006553668238727618,0.006553668238727618,139.2198525962493,0,0.0,True,True,True,False,True,False,False,True,True,True,False,2.5393255794767304,False,False,24.85,24.35,24.85,21.150000000000002,40.0,21.5,0,74.78922469235721,2.541338214194154,1.0,s4_narrow_passage_medium,M7,18,0.4,2.0
False,18.35,0.970838027738482,0.2633603337500504,True,99.50629571747193,1424.5404620382485,0.022055763628797336,75.47687161880697,0.012053280213585024,0.2566499567216542,0.004223593304915293,0.004223593304915293,139.2306743949552,0,0.0,True,True,True,False,True,False,False,True,True,True,False,2.5433500432783456,False,False,23.950000000000003,23.950000000000003,23.950000000000003,21.0,40.0,21.700000000000003,0,74.83768442787606,2.541344466035611,1.0,s4_narrow_passage_medium,M7,19,0.4,2.0
False,18.400000000000002,0.9885546650164121,0.26800731763676844,True,99.3895806669327,1420.8001393860245,0.023512276321265086,74.49537250698629,0.01026774400895821,0.2606762418771565,0.006566759094478982,0.006566759094478982,139.26197503981317,0,0.0,True,True,True,False,True,False,False,True,True,True,False,2.539323758122843,False,False,24.75,24.35,24.75,21.05,40.0,21.650000000000002,0,74.79769496017519,2.5413376332120685,1.0,s4_narrow_passage_medium,M7,20,0.4,2.0
False,18.6,0.950336210831652,0.2687556787446282,True,99.47190069160149,1414.7949119695334,0.026841448189762796,73.68696685132325,0.010263081434663113,0.26066770617393614,0.006538936114899495,0.006538936114899495,139.20538269287343,0,0.0,True,True,True,False,True,False,False,True,True,True,False,2.539332293826064,False,False,24.950000000000003,24.35,24.950000000000003,21.25,40.0,21.450000000000003,0,74.79167834571885,2.541338926421302,1.0,s4_narrow_passage_medium,M7,21,0.4,2.0
False,18.25,0.9722956684569273,0.26856074562182297,True,99.3549016164486,1402.8809306152934,0.020183104452767373,75.50274715734966,0.012053231486079072,0.25664711803202117,0.004220893780250553,0.004220893780250553,139.11646370412447,0,0.0,True,True,True,False,True,False,False,True,True,True,False,2.5433528819679787,False,False,24.35,24.25,24.35,20.900000000000002,40.0,21.8,0,74.83112504011338,2.5413414872241686,1.0,s4_narrow_passage_medium,M7,22,0.4,2.0
False,17.85,0.8550161989118739,0.2686500177561473,True,99.91776331287348,1394.2661886008973,0.029546400332917187,73.71377391897886,0.010263216576878719,0.2606684721119534,0.006539416496300032,0.006539416496300032,139.02803348698126,0,0.0,True,True,True,False,True,False,False,True,True,True,False,2.5393315278880464,False,False,24.150000000000002,23.85,24.150000000000002,20.55,40.0,22.200000000000003,0,74.80386240966278,2.5413421900742437,1.0,s4_narrow_passage_medium,M7,23,0.4,2.0
False,18.35,0.9441048992672545,0.26069988040949055,True,99.86712514977276,1445.9363365988465,0.023096129837702872,75.51941853675612,0.012053231556537668,0.2566450226636376,0.004219029145612315,0.004219029145612315,139.58363920914707,0,0.0,True,True,True,False,True,False,False,True,True,True,False,2.5433549773363624,False,False,24.0,24.0,24.0,21.0,40.0,21.700000000000003,0,74.83541042455221,2.5413445812110806,1.0,s4_narrow_passage_medium,M7,24,0.4,2.0
False,18.400000000000002,0.9471319763364259,0.2680095840509375,True,99.845147767568,1440.240616379354,0.025384935497295046,74.57806237827796,0.010268187520291709,0.2606764877749606,0.006569623334337309,0.006569623334337309,139.60642279819706,0,0.0,True,True,True,False,True,False,False,True,True,True,False,2.5393235122250393,False,False,24.450000000000003,24.450000000000003,24.450000000000003,21.05,40.0,21.650000000000002,0,74.793013158326,2.5413377183953556,1.0,s4_narrow_passage_medium,M7,25,0.4,2.0
False,18.400000000000002,0.9653412134750308,0.2594806134924327,True,99.69588837924482,1456.5100177123027,0.02517686225551394,75.34534944604557,0.010265930555292619,0.26068473655566465,0.006554197965955144,0.006554197965955144,139.48732785209117,0,0.0,True,True,True,False,True,False,False,True,True,True,False,2.539315263444335,False,False,24.05,24.05,24.05,21.05,40.0,21.650000000000002,0,74.83374817520362,2.541344219603876,1.0,s4_narrow_passage_medium,M7,26,0.4,2.0
False,18.2,1.0172752109218088,0.2681907164394208,True,99.36185930995205,1415.9617285459672,0.018102372034956304,73.28968813250596,0.01026180072512614,0.26066411330515643,0.006533779091981682,0.006533779091981682,139.02503969125718,0,0.0,True,True,True,False,True,False,False,True,True,True,False,2.5393358866948432,False,False,24.25,24.25,24.25,20.85,40.0,21.85,0,74.80043867368056,2.5413383413873687,1.0,s4_narrow_passage_medium,M7,27,0.4,2.0
False,18.400000000000002,0.9853035856442804,0.2673400799073668,True,99.73197745442968,1430.21772803512,0.01768622555139409,75.62258364666238,0.012054128971931456,0.2566176332023283,0.004189154481399259,0.004189154481399259,139.40530673093312,0,0.0,True,True,True,False,True,False,False,True,True,True,False,2.5433823667976716,False,False,24.400000000000002,24.05,24.400000000000002,21.05,40.0,21.650000000000002,0,74.81379737820205,2.5413426997361195,1.0,s4_narrow_passage_medium,M7,28,0.4,2.0
False,18.5,0.9710148212004979,0.26397933861090317,True,99.62454291450928,1433.7325095747478,0.024760715771951727,75.61629821255008,0.012054645967774431,0.2566167683568039,0.004185110720686252,0.004185110720686252,139.3128366318253,0,0.0,True,True,True,False,True,False,False,True,True,True,False,2.5433832316431957,False,False,24.1,24.1,24.1,21.150000000000002,40.0,21.55,0,74.81055742714295,2.5413445843429727,1.0,s4_narrow_passage_medium,M7,29,0.4,2.0
False,18.35,0.9864107156175115,0.2686101951811703,True,99.57823295292796,1411.804722297108,0.02247191011235955,75.61663678958416,0.012053524074486949,0.25661871481321236,0.004195262998471919,0.004195262998471919,139.23348461210713,0,0.0,True,True,True,False,True,False,False,True,True,True,False,2.5433812851867876,False,False,24.6,24.1,24.6,21.0,40.0,21.700000000000003,0,74.80813389223677,2.541341633365482,1.0,s4_narrow_passage_medium,M7,30,0.4,2.0
False,18.150000000000002,0.9928608493991453,0.2686768943042013,True,99.16976366251664,1409.54394058826,0.019558884727424054,75.04489711850393,0.012052944467999302,0.25665952826155564,0.0042361771015649455,0.0042361771015649455,138.77195846563941,0,0.0,True,True,True,False,True,False,False,True,True,True,False,2.543340471738444,False,False,24.400000000000002,23.900000000000002,24.400000000000002,20.8,40.0,21.900000000000002,0,74.8258549647011,2.5413419327899267,1.0,s4_narrow_passage_medium,M7,31,0.4,2.0
False,18.35,0.9853945354232028,0.2684147078451859,True,99.50559784762568,1417.2456994134018,0.025801081980857263,75.62252573515607,0.012054154210991042,0.2566175951317447,0.004188822548010985,0.004188822548010985,139.28399483547432,0,0.0,True,True,True,False,True,False,False,True,True,True,False,2.543382404868255,False,False,24.35,24.35,24.35,21.0,40.0,21.700000000000003,0,74.81839582812253,2.541341185105025,1.0,s4_narrow_passage_medium,M7,32,0.4,2.0
False,18.45,0.9651318396036184,0.260619948512491,True,99.95576937175906,1446.5970737810183,0.02372034956304619,75.62139757941897,0.012054291695956532,0.2566173777263435,0.004187559781835029,0.004187559781835029,139.68725797967684,0,0.0,True,True,True,False,True,False,False,True,True,True,False,2.5433826222736564,False,False,24.1,24.1,24.1,21.150000000000002,40.0,21.6,0,74.81826652891911,2.5413444440397712,1.0,s4_narrow_passage_medium,M7,33,0.4,2.0
False,18.25,0.9913568302666407,0.26895579170282086,True,99.3501783278924,1415.7858947816542,0.021639617145235122,75.30306448198594,0.010268146101501372,0.26069021031439077,0.00656682995195677,0.00656682995195677,139.00924478157302,0,0.0,True,True,True,False,True,False,False,True,True,True,False,2.539309789685609,False,False,24.35,24.25,24.35,20.900000000000002,40.0,21.8,0,74.81992862624556,2.541341117869907,1.0,s4_narrow_passage_medium,M7,34,0.4,2.0
False,18.3,0.992477282883393,0.2679876100639948,True,99.62979531323172,1430.3021256680486,0.026425301706200582,74.00221605829528,0.010264947955451178,0.2606731437641527,0.006548296991335783,0.006548296991335783,139.4478060902647,0,0.0,True,True,True,False,True,False,False,True,True,True,False,2.539326856235847,False,False,24.85,24.1,24.85,20.950000000000003,40.0,21.75,0,74.79081354636558,2.5413379868559973,1.0,s4_narrow_passage_medium,M7,35,0.4,2.0
False,18.45,0.9716035041179036,0.2681118425332321,True,99.351379822994,1418.8762958572393,0.024760715771951727,74.87381538228789,0.012053314065856642,0.25665854228827806,0.004232999931643213,0.004232999931643213,139.18846411856833,0,0.0,True,True,True,False,True,False,False,True,True,True,False,2.5433414577117217,False,False,24.650000000000002,24.150000000000002,24.650000000000002,21.1,40.0,21.6,0,74.79186461985294,2.5413383293019125,1.0,s4_narrow_passage_medium,M7,36,0.4,2.0
False,18.400000000000002,0.9999135996915414,0.2683196299019358,True,99.5981268205332,1413.5721212909623,0.021431543903454017,75.20437022664885,0.012057245144944348,0.25662393098865643,0.004171859027208894,0.004171859027208894,139.416974281541,0,0.0,True,True,True,False,True,False,False,True,True,True,False,2.5433760690113436,False,False,24.700000000000003,24.1,24.700000000000003,21.05,40.0,21.650000000000002,0,74.8021586454032,2.5413399660286133,1.0,s4_narrow_passage_medium,M7,37,0.4,2.0
False,18.45,0.9887114233279253,0.2686726548582339,True,99.02370608636117,1422.9322411814348,0.027049521431543905,75.57742789308402,0.012055394156967327,0.25661620226677606,0.004177162957079545,0.004177162957079545,138.895448271119,0,0.0,True,True,True,False,True,False,False,True,True,True,False,2.543383797733224,False,False,24.700000000000003,24.200000000000003,24.700000000000003,21.1,40.0,21.6,0,74.79031490525499,2.541341357180957,1.0,s4_narrow_passage_medium,M7,38,0.4,2.0
False,18.5,0.978292481629105,0.2686922292512893,True,99.60265021431202,1422.156408092612,0.02933832709113608,73.17600553044744,0.010261620922106987,0.2606628112420956,0.006533578964125303,0.006533578964125303,139.34649692218284,0,0.0,True,True,True,False,True,False,False,True,True,True,False,2.539337188757904,False,False,24.85,24.25,24.85,21.150000000000002,40.0,21.55,0,74.79178809943225,2.5413394534198512,1.0,s4_narrow_passage_medium,M7,39,0.4,2.0
False,18.7,0.9608432790691659,0.2684712878362514,True,99.06785869396887,1428.5785258717242,0.023512276321265086,74.61840312326233,0.012056580578341946,0.25664033498206923,0.004192891273514139,0.004192891273514139,139.08172888744596,0,0.0,True,True,True,False,True,False,False,True,True,True,False,2.5433596650179306,False,False,24.900000000000002,24.400000000000002,24.900000000000002,21.3,40.0,21.35,0,74.80472881597686,2.541340078732619,1.0,s4_narrow_passage_medium,M7,10,0.4,4.0
False,18.7,0.9812225485839081,0.25886070250839405,True,99.2738036528869,1478.6599800810202,0.02372034956304619,73.77908558139875,0.010263597501909907,0.2606698314573076,0.006541388014106359,0.006541388014106359,139.2968631875565,0,0.0,True,True,True,False,True,False,False,True,True,True,False,2.5393301685426923,False,False,24.400000000000002,24.3,24.400000000000002,21.35,40.0,21.35,0,74.81083144664119,2.541343469124836,1.0,s4_narrow_passage_medium,M7,11,0.4,4.0
False,18.75,0.9672740942408213,0.26337081667483503,True,99.38904537430159,1468.3705546454883,0.029130253849354974,73.95676497210557,0.010264624819390476,0.2606727859068145,0.0065468363475640005,0.0065468363475640005,139.40004288494663,0,0.0,True,True,True,False,True,False,False,True,True,True,False,2.5393272140931855,False,False,24.35,24.35,24.35,21.400000000000002,40.0,21.3,0,74.8105393837872,2.5413433886189356,1.0,s4_narrow_passage_medium,M7,12,0.4,4.0
False,18.55,0.9692628668859002,0.26349385502569045,True,99.46695789903897,1469.471557227712,0.017270079067831876,75.59045628877287,0.012055237940956682,0.2566161796600418,0.004178830715685422,0.004178830715685422,139.40777748911697,0,0.0,True,True,True,False,True,False,False,True,True,True,False,2.543383820339958,False,False,24.1,24.1,24.1,21.150000000000002,40.0,21.5,0,74.80877819413445,2.5413446111591735,1.0,s4_narrow_passage_medium,M7,13,0.4,4.0
False,18.25,0.9675103903744666,0.2631462927114965,True,99.7685750133579,1439.3927294692828,0.014773200166458594,75.07560424795099,0.010269594500121094,0.2606830161893577,0.006579823083655604,0.006579823083655604,139.4697007158823,0,0.0,True,True,True,False,True,False,False,True,True,True,False,2.539316983810642,False,False,24.200000000000003,23.85,24.200000000000003,20.85,40.0,21.8,0,74.83975999212123,2.5413441554573173,1.0,s4_narrow_passage_medium,M7,14,0.4,4.0
False,18.75,0.9768035172108458,0.26815517274107964,True,99.06613005865948,1445.7441590066665,0.028297960882230546,75.52109407438795,0.012056102543477767,0.256616619646873,0.004173213922790301,0.004173213922790301,139.366523842626,0,0.0,True,True,True,False,True,False,False,True,True,True,False,2.5433833803531267,False,False,25.1,24.700000000000003,25.1,21.400000000000002,40.0,21.3,0,74.78775796100177,2.541328710417672,1.0,s4_narrow_passage_medium,M7,15,0.4,4.0
False,18.6,0.9747654386456628,0.26862346300486584,True,98.83503759928836,1429.7215817704082,0.02247191011235955,75.19932768632432,0.012057253008249148,0.2566241056220037,0.004172029584938622,0.004172029584938622,138.9387094147852,0,0.0,True,True,True,False,True,False,False,True,True,True,False,2.5433758943779963,False,False,24.8,24.3,24.8,21.200000000000003,40.0,21.450000000000003,0,74.80207719609983,2.541340530927161,1.0,s4_narrow_passage_medium,M7,16,0.4,4.0
False,18.5,0.9335568049808194,0.26288387667025703,True,99.7221836195852,1445.2909650090942,0.021639617145235122,75.1845791585974,0.010261853164478472,0.2606585385173554,0.006539101428580299,0.006539101428580299,139.636084268435,0,0.0,True,True,True,False,True,False,False,True,True,True,False,2.5393414614826444,False,False,24.1,24.1,24.1,21.1,40.0,21.55,0,74.8162212254457,2.5413442468065166,1.0,s4_narrow_passage_medium,M7,17,0.4,4.0
False,18.8,0.9802146712863842,0.26849462881628333,True,99.02111028631853,1446.173832182984,0.028297960882230546,74.463817676775,0.012054774177224921,0.2566520825807006,0.004216865713812333,0.004216865713812333,139.13364834042582,0,0.0,True,True,True,False,True,False,False,True,True,True,False,2.5433479174192994,False,False,25.0,24.5,25.0,21.400000000000002,40.0,21.25,0,74.80373776764189,2.5413399226939566,1.0,s4_narrow_passage_medium,M7,18,0.4,4.0
False,18.6,0.9711411847650313,0.26357944735731115,True,99.29160435880786,1439.9516300210187,0.02267998335414066,75.3496952154159,0.012056940237850871,0.2566194037205707,0.004169472968154528,0.004169472968154528,139.25200006161273,0,0.0,True,True,True,False,True,False,False,True,True,True,False,2.5433805962794294,False,False,24.3,24.200000000000003,24.3,21.25,40.0,21.450000000000003,0,74.80732757617335,2.5413443209218483,1.0,s4_narrow_passage_medium,M7,19,0.4,4.0
False,18.650000000000002,0.991110452372751,0.26824237321312944,True,99.14068981988159,1438.7703840978982,0.02267998335414066,75.5989074611527,0.012055097374109596,0.2566162573963418,0.00418058264357607,0.00418058264357607,139.3035562739533,0,0.0,True,True,True,False,True,False,False,True,True,True,False,2.543383742603658,False,False,24.85,24.35,24.85,21.3,40.0,21.400000000000002,0,74.79199954434488,2.5413307114280057,1.0,s4_narrow_passage_medium,M7,20,0.4,4.0
False,18.85,0.9567623960681069,0.2622089477834846,True,99.75794386212982,1463.6444548308073,0.02247191011235955,74.43930728989773,0.010267391010403647,0.2606762461522187,0.006564675788948493,0.006564675788948493,139.68683944664053,0,0.0,True,True,True,False,True,False,False,True,True,True,False,2.539323753847781,False,False,24.700000000000003,24.5,24.700000000000003,21.450000000000003,40.0,21.200000000000003,0,74.8182617499835,2.5413431238554405,1.0,s4_narrow_passage_medium,M7,21,0.4,4.0
False,18.5,0.9741836186245083,0.263410066357485,True,99.75115435452517,1453.337231472688,0.0178942987931752,75.59002700640494,0.012055245071829833,0.25661617417623317,0.0041787537186264365,0.0041787537186264365,139.667498713254,0,0.0,True,True,True,False,True,False,False,True,True,True,False,2.5433838258237667,False,False,24.1,24.1,24.1,21.150000000000002,40.0,21.55,0,74.80899928024161,2.5413446011114775,1.0,s4_narrow_passage_medium,M7,22,0.4,4.0
False,18.400000000000002,0.9745073732142415,0.2616839564836175,True,99.58155792567118,1450.292710107882,0.018726591760299626,75.32698769822967,0.010267516036437415,0.2606915969893924,0.006561424772836256,0.006561424772836256,139.38072427355738,0,0.0,True,True,True,False,True,False,False,True,True,True,False,2.5393084030106072,False,False,24.150000000000002,23.950000000000003,24.150000000000002,21.0,40.0,21.650000000000002,0,74.82371233778133,2.5413443960759996,1.0,s4_narrow_passage_medium,M7,23,0.4,4.0
False,18.55,0.9234345706211207,0.25926859761854265,True,99.66493402305373,1457.9752982731727,0.02267998335414066,75.47386809218827,0.012056428174422913,0.25661745168341193,0.004171471954525132,0.004171471954525132,139.58866262790076,0,0.0,True,True,True,False,True,False,False,True,True,True,False,2.543382548316588,False,False,24.150000000000002,24.150000000000002,24.150000000000002,21.200000000000003,40.0,21.5,0,74.80673409490238,2.541344122029922,1.0,s4_narrow_passage_medium,M7,24,0.4,4.0
False,18.650000000000002,0.9701036956137619,0.2659969219899627,True,99.8040623940713,1454.657816364149,0.022055763628797336,73.04684605791829,0.010261571519785769,0.26066132244708123,0.006534444978399787,0.006534444978399787,139.74416195902765,0,0.0,True,True,True,False,True,False,False,True,True,True,False,2.5393386775529185,False,False,24.950000000000003,24.25,24.950000000000003,21.200000000000003,40.0,21.400000000000002,0,74.79036157995664,2.5413407916289237,1.0,s4_narrow_passage_medium,M7,25,0.4,4.0
False,18.650000000000002,0.9670082152246724,0.26513510418232183,True,99.4632886918797,1465.4316132518834,0.02267998335414066,75.47479271449029,0.012056403555440104,0.2566175003406192,0.004171470836168376,0.004171470836168376,139.51648572752322,0,0.0,True,True,True,False,True,False,False,True,True,True,False,2.543382499659381,False,False,25.3,24.5,25.3,21.25,40.0,21.400000000000002,0,74.80474773626636,2.541341618728784,1.0,s4_narrow_passage_medium,M7,26,0.4,4.0
False,18.400000000000002,1.0189427036221435,0.26824985460136946,True,99.22942415397306,1432.3513425156668,0.016645859342488557,74.91015909424112,0.010269429674088571,0.2606799735415646,0.0065793439450368,0.0065793439450368,139.08231686300184,0,0.0,True,True,True,False,True,False,False,True,True,True,False,2.5393200264584355,False,False,24.450000000000003,24.450000000000003,24.450000000000003,21.05,40.0,21.650000000000002,0,74.79912286370704,2.5413363821798827,1.0,s4_narrow_passage_medium,M7,27,0.4,4.0
False,18.650000000000002,0.9880148342997963,0.2655646957543243,True,99.7132173468658,1456.205059853611,0.019350811485642945,73.13099537382517,0.010261580643354737,0.26066211259135036,0.0065337850392532554,0.0065337850392532554,139.54534476950755,0,0.0,True,True,True,False,True,False,False,True,True,True,False,2.5393378874086494,False,False,24.25,24.25,24.25,21.25,40.0,21.400000000000002,0,74.78921580919706,2.5413404628000946,1.0,s4_narrow_passage_medium,M7,28,0.4,4.0
False,18.75,0.972054505474292,0.26810947637937244,True,99.05584093243607,1434.7556260372717,0.024344569288389514,73.1044553127519,0.010261547886793674,0.26066171406825084,0.00653418696475968,0.00653418696475968,139.04642833252947,0,0.0,True,True,True,False,True,False,False,True,True,True,False,2.539338285931749,False,False,25.05,24.650000000000002,25.05,21.35,40.0,21.3,0,74.79245919450221,2.541329614546908,1.0,s4_narrow_passage_medium,M7,29,0.4,4.0
False,18.55,0.988814510920583,0.2688517664665263,True,99.3584506339696,1419.5416277181323,0.022263836870578445,75.16570696735423,0.01026944814208265,0.26068624645779453,0.006578271090144424,0.006578271090144424,139.20087955844704,0,0.0,True,True,True,False,True,False,False,True,True,True,False,2.5393137535422055,False,False,24.85,24.450000000000003,24.85,21.200000000000003,40.0,21.5,0,74.79699347098341,2.541333311759267,1.0,s4_narrow_passage_medium,M7,30,0.4,4.0
False,18.400000000000002,0.9926938574083366,0.26872312813488686,True,99.27555556703538,1427.3756054741884,0.016645859342488557,74.58158336033941,0.012056461699830101,0.25664125848230335,0.004194475005389542,0.004194475005389542,139.0621642441409,0,0.0,True,True,True,False,True,False,False,True,True,True,False,2.5433587415176966,False,False,24.55,24.05,24.55,21.0,40.0,21.650000000000002,0,74.80368869051183,2.541338906583592,1.0,s4_narrow_passage_medium,M7,31,0.4,4.0
False,18.6,0.9906597149117198,0.2679702205732951,True,99.43614653242635,1440.7008198614733,0.02517686225551394,75.59251036453465,0.012053346894181116,0.25663004376286647,0.004205355801849616,0.004205355801849616,139.46132972495045,0,0.0,True,True,True,False,True,False,False,True,True,True,False,2.5433699562371332,False,False,25.1,24.3,25.1,21.200000000000003,40.0,21.450000000000003,0,74.79062920706076,2.541334415440454,1.0,s4_narrow_passage_medium,M7,32,0.4,4.0
False,18.7,0.9669080038473166,0.2566819761527401,True,99.5160136381867,1442.0818836098008,0.02184769038701623,73.435439013253,0.010262114784493116,0.2606652116775273,0.006534973323462529,0.006534973323462529,139.38773297506685,0,0.0,True,True,True,False,True,False,False,True,True,True,False,2.5393347883224724,False,False,24.900000000000002,24.3,24.900000000000002,21.35,40.0,21.35,0,74.78935336923197,2.5413324637537484,1.0,s4_narrow_passage_medium,M7,33,0.4,4.0
False,18.5,0.9985019534333983,0.2683472102078712,True,99.3717485315327,1438.1037756432029,0.022055763628797336,75.24721900774831,0.010268959034582055,0.260688037069459,0.0065738942182563586,0.0065738942182563586,139.25537401108917,0,0.0,True,True,True,False,True,False,False,True,True,True,False,2.5393119629305407,False,False,24.700000000000003,24.200000000000003,24.700000000000003,21.150000000000002,40.0,21.55,0,74.79547188875101,2.541335622031967,1.0,s4_narrow_passage_medium,M7,34,0.4,4.0
False,18.5,0.996312553953868,0.26877370882855334,True,99.16251517618639,1426.893407771249,0.024136496046608405,74.9132101843894,0.012053187204970303,0.25665893529372874,0.004233899163348541,0.004233899163348541,139.21667619822134,0,0.0,True,True,True,False,True,False,False,True,True,True,False,2.5433410647062713,False,False,24.55,24.55,24.55,21.150000000000002,40.0,21.55,0,74.79146578037222,2.541336268769476,1.0,s4_narrow_passage_medium,M7,35,0.4,4.0
False,18.7,0.9724014732422617,0.2681101640705201,True,99.15636896117914,1438.652281449516,0.020807324178110695,75.40926247018035,0.01205677818547918,0.256618378367741,0.0041704823475651525,0.0041704823475651525,139.24435016792694,0,0.0,True,True,True,False,True,False,False,True,True,True,False,2.5433816216322587,False,False,25.200000000000003,24.400000000000002,25.200000000000003,21.3,40.0,21.35,0,74.78960414772659,2.541326800021604,1.0,s4_narrow_passage_medium,M7,36,0.4,4.0
False,18.650000000000002,1.0029264477914908,0.26300545745450826,True,99.70944898160616,1458.5667315576711,0.020183104452767373,73.35916383033515,0.010261873685933462,0.26066485648389587,0.006534426573644427,0.006534426573644427,139.7373669584474,0,0.0,True,True,True,False,True,False,False,True,True,True,False,2.539335143516104,False,False,24.5,24.25,24.5,21.25,40.0,21.400000000000002,0,74.80182730445684,2.541343804570952,1.0,s4_narrow_passage_medium,M7,37,0.4,4.0
False,18.7,0.9887722553011062,0.26239796620608297,True,97.7335340024891,1354.9634636226872,0.024344569288389514,74.93514097798818,0.010269521174052132,0.2606801571190434,0.006579294518147317,0.006579294518147317,137.6229357103739,0,0.0,True,True,True,False,True,False,False,True,True,True,False,2.5393198428809565,False,False,25.55,24.8,25.55,21.3,40.0,21.35,0,74.80904593704904,2.5413400810134537,1.0,s4_narrow_passage_medium,M7,38,0.4,4.0
False,18.7,0.9770906968683091,0.26048831444976855,True,99.79804054205438,1465.5563172245108,0.027049521431543905,73.65130935708363,0.01026285556044695,0.26066681401743536,0.006538069963966661,0.006538069963966661,139.70257947167772,0,0.0,True,True,True,False,True,False,False,True,True,True,False,2.5393331859825645,False,False,24.650000000000002,24.3,24.650000000000002,21.3,40.0,21.35,0,74.80185673136276,2.541343225757023,1.0,s4_narrow_passage_medium,M7,39,0.4,4.0
False,18.75,0.959171701561482,0.2566126411812093,True,99.55506811642321,1463.070581189323,0.023304203079483977,75.0441795506977,0.012057403561662733,0.2566290108993084,0.004176968989811919,0.004176968989811919,139.56659045552772,0,0.0,True,True,True,False,True,False,False,True,True,True,False,2.5433709891006915,False,False,24.650000000000002,24.3,24.650000000000002,21.3,40.0,21.3,0,74.8091486369781,2.5413439480153595,1.0,s4_narrow_passage_medium,M7,10,0.4,6.0
False,18.75,0.9807431343351365,0.26833913737787585,True,98.98652483539698,1462.3579011877541,0.02455264253017062,73.51022696611548,0.010262270821130884,0.260665569056902,0.006535729510447419,0.006535729510447419,139.05929053123606,0,0.0,True,True,True,False,True,False,False,True,True,True,False,2.539334430943098,False,False,24.900000000000002,24.400000000000002,24.900000000000002,21.35,40.0,21.3,0,74.80903389444686,2.541327006753933,1.0,s4_narrow_passage_medium,M7,11,0.4,6.0
False,18.8,0.9683995888942214,0.2608920904372559,True,99.44319329290916,1479.9220072271623,0.029546400332917187,74.54787099615191,0.012056389793943684,0.2566419502527104,0.004195962469779203,0.004195962469779203,139.46997854250486,0,0.0,True,True,True,False,True,False,False,True,True,True,False,2.5433580497472894,False,False,24.35,24.35,24.35,21.400000000000002,40.0,21.25,0,74.8123553662404,2.541343939267188,1.0,s4_narrow_passage_medium,M7,12,0.4,6.0
False,18.55,0.9701596517085036,0.2610913279246229,True,97.87388264563114,1351.6638180496557,0.01768622555139409,74.38325838658403,0.01205506220491219,0.25665047407028685,0.004212951355975721,0.004212951355975721,137.62356757723705,0,0.0,True,True,True,False,True,False,False,True,True,True,False,2.543349525929713,False,False,25.400000000000002,24.6,25.400000000000002,21.150000000000002,40.0,21.5,0,74.79959274957265,2.5413426883576564,1.0,s4_narrow_passage_medium,M7,13,0.4,6.0
False,18.3,0.9247680583696429,0.26538952220551654,True,99.99697224228748,1441.972717779647,0.01373283395755306,74.89971067791623,0.0120532624402913,0.2566586603066368,0.0042333728018472535,0.0042333728018472535,139.56087593131048,0,0.0,True,True,True,False,True,False,False,True,True,True,False,2.543341339693363,False,False,24.0,23.900000000000002,24.0,20.900000000000002,40.0,21.75,0,74.82358473572955,2.541342301571406,1.0,s4_narrow_passage_medium,M7,14,0.4,6.0
False,18.8,0.9772146474582779,0.26836705210365164,True,99.0628220474528,1444.076427420465,0.02933832709113608,74.56523043837922,0.012054383274228683,0.2566541367905742,0.004221681750643467,0.004221681750643467,139.3232046700449,0,0.0,True,True,True,False,True,False,False,True,True,True,False,2.5433458632094257,False,False,25.0,24.5,25.0,21.400000000000002,40.0,21.25,0,74.80702518649406,2.541339639092941,1.0,s4_narrow_passage_medium,M7,15,0.4,6.0
False,18.6,0.9756101801347963,0.26374080544689726,True,99.46380784461442,1458.4621333554944,0.020807324178110695,75.5827317138157,0.012053332362592836,0.25663288037464177,0.004207807264889677,0.004207807264889677,139.4246234667561,0,0.0,True,True,True,False,True,False,False,True,True,True,False,2.543367119625358,False,False,25.3,24.3,25.3,21.150000000000002,40.0,21.450000000000003,0,74.81606254199392,2.541341565281056,1.0,s4_narrow_passage_medium,M7,16,0.4,6.0
False,18.650000000000002,0.9905143960329383,0.26128328716003474,True,99.57517115098256,1452.7407582476324,0.020599250936329586,75.44652742693661,0.012056656715728751,0.256617676796402,0.004170867411858914,0.004170867411858914,139.63325272033353,0,0.0,True,True,True,False,True,False,False,True,True,True,False,2.543382323203598,False,False,24.450000000000003,24.200000000000003,24.450000000000003,21.200000000000003,40.0,21.400000000000002,0,74.80894111613341,2.5413444563820144,1.0,s4_narrow_passage_medium,M7,17,0.4,6.0
False,18.8,0.980450464611051,0.26844335505142175,True,99.02016276429843,1456.6334069651243,0.02725759467332501,74.5975596248505,0.01205429956850819,0.256654705804509,0.004223219006653318,0.004223219006653318,139.17002923346132,0,0.0,True,True,True,False,True,False,False,True,True,True,False,2.5433452941954906,False,False,24.85,24.75,24.85,21.400000000000002,40.0,21.25,0,74.80213630370645,2.541339444032991,1.0,s4_narrow_passage_medium,M7,18,0.4,6.0
False,18.650000000000002,0.9712121349804252,0.2609890610626738,True,99.33155946092987,1446.734383031802,0.023096129837702872,75.36234286020334,0.012056920328411604,0.25661915942786073,0.0041695274017374195,0.0041695274017374195,139.2914678696098,0,0.0,True,True,True,False,True,False,False,True,True,True,False,2.543380840572139,False,False,24.200000000000003,24.200000000000003,24.200000000000003,21.25,40.0,21.400000000000002,0,74.81188159828338,2.5413443000656972,1.0,s4_narrow_passage_medium,M7,19,0.4,6.0
False,18.7,0.9920729973042415,0.26363449352534085,True,99.48950174619415,1466.9969024961567,0.021639617145235122,73.56034021355748,0.010262464721132805,0.2606656607054318,0.006536119127655837,0.006536119127655837,139.61859681772648,0,0.0,True,True,True,False,True,False,False,True,True,True,False,2.539334339294568,False,False,24.25,24.25,24.25,21.3,40.0,21.35,0,74.80315488098233,2.541343533201141,1.0,s4_narrow_passage_medium,M7,20,0.4,6.0
False,18.8,0.9203829901317209,0.26426644781798864,True,99.80170680869021,1453.8708322404182,0.02122347066167291,74.98067329601972,0.012057303928632515,0.2566310238795488,0.004178917256293257,0.004178917256293257,139.62606547554117,0,0.0,True,True,True,False,True,False,False,True,True,True,False,2.543368976120451,False,False,24.5,24.400000000000002,24.5,21.400000000000002,40.0,21.25,0,74.79684296818965,2.54134001729315,1.0,s4_narrow_passage_medium,M7,21,0.4,6.0
False,18.55,0.9744066841900689,0.26034647853497594,True,99.77344996274162,1459.0974326565404,0.018518518518518517,75.56874842612773,0.01205552274748319,0.2566161031386625,0.004176271952526682,0.004176271952526682,139.695809755841,0,0.0,True,True,True,False,True,False,False,True,True,True,False,2.543383896861337,False,False,24.3,24.1,24.3,21.150000000000002,40.0,21.5,0,74.80298285085806,2.541344473399855,1.0,s4_narrow_passage_medium,M7,22,0.4,6.0
False,18.400000000000002,0.9793049221623706,0.2599613951860282,True,99.52869552998916,1444.481527613909,0.018518518518518517,75.34234748061347,0.010266563851286584,0.2606889993977319,0.0065564716816690575,0.0065564716816690575,139.34506056975317,0,0.0,True,True,True,False,True,False,False,True,True,True,False,2.539311000602268,False,False,24.35,24.0,24.35,21.0,40.0,21.650000000000002,0,74.83181653310163,2.541344385841019,1.0,s4_narrow_passage_medium,M7,23,0.4,6.0
False,18.6,0.9644806833300807,0.2685883529653841,True,99.11050177750926,1430.622587696886,0.02184769038701623,73.68587968502487,0.010263073657810992,0.26066767962102827,0.006538913457331675,0.006538913457331675,139.12980762159754,0,0.0,True,True,True,False,True,False,False,True,True,True,False,2.5393323203789717,False,False,25.25,24.55,25.25,21.25,40.0,21.450000000000003,0,74.79218973794625,2.5413392473285854,1.0,s4_narrow_passage_medium,M7,24,0.4,6.0
False,18.650000000000002,0.9718403592383675,0.264136696319404,True,99.85223286457213,1475.6576725257125,0.024344569288389514,73.39484815961889,0.010261940037048401,0.26066515158749903,0.006534637922080953,0.006534637922080953,139.85055164585003,0,0.0,True,True,True,False,True,False,False,True,True,True,False,2.539334848412501,False,False,24.6,24.25,24.6,21.25,40.0,21.400000000000002,0,74.80334789872326,2.54134379996795,1.0,s4_narrow_passage_medium,M7,25,0.4,6.0
False,18.7,0.9669255916117943,0.2635033115232176,True,99.50377031029177,1478.2183654091339,0.02455264253017062,73.5306767788865,0.01026236239551589,0.2606656340948328,0.006535682454964472,0.006535682454964472,139.59122940806162,0,0.0,True,True,True,False,True,False,False,True,True,True,False,2.539334365905167,False,False,24.25,24.25,24.25,21.3,40.0,21.35,0,74.80631617327012,2.5413436239249148,1.0,s4_narrow_passage_medium,M7,26,0.4,6.0
False,18.45,1.0180214385088335,0.26825479539628927,True,99.18153826023484,1436.464611071828,0.016645859342488557,75.16354655166334,0.010269449576965996,0.26068615064910244,0.006578361320110571,0.006578361320110571,139.08091520669382,0,0.0,True,True,True,False,True,False,False,True,True,True,False,2.5393138493508975,False,False,24.75,24.25,24.75,21.05,40.0,21.6,0,74.79586597826832,2.5413342967788157,1.0,s4_narrow_passage_medium,M7,27,0.4,6.0
False,18.7,0.9888236745403016,0.2686555643097765,True,99.36170467081607,1444.1902152345988,0.019975031210986267,75.33992266668965,0.01026680479147287,0.2606902137773788,0.006557433944535372,0.006557433944535372,139.33765313404695,0,0.0,True,True,True,False,True,False,False,True,True,True,False,2.539309786222621,False,False,24.450000000000003,24.35,24.450000000000003,21.25,40.0,21.35,0,74.78269497788149,2.541332743464244,1.0,s4_narrow_passage_medium,M7,28,0.4,6.0
False,18.75,0.9732824692334503,0.2639480377173819,True,99.46941051468251,1464.7974767499632,0.022888056595921764,73.89059111521244,0.010264215028654601,0.26067195278958605,0.00654502297364126,0.00654502297364126,139.4257326049207,0,0.0,True,True,True,False,True,False,False,True,True,True,False,2.5393280472104136,False,False,24.6,24.35,24.6,21.35,40.0,21.3,0,74.80627746231727,2.5413434939924655,1.0,s4_narrow_passage_medium,M7,29,0.4,6.0
False,18.55,0.9903924935149597,0.26849825167875346,True,99.35792604832899,1432.2028681397624,0.022263836870578445,75.24520279987738,0.012057165831843526,0.2566224419121096,0.004170905979722204,0.004170905979722204,139.22249233386867,0,0.0,True,True,True,False,True,False,False,True,True,True,False,2.54337755808789,False,False,25.1,24.5,25.1,21.200000000000003,40.0,21.5,0,74.79680217436447,2.5413408457068076,1.0,s4_narrow_passage_medium,M7,30,0.4,6.0
False,18.400000000000002,0.9929213128277585,0.26862442824644917,True,99.27349573803122,1436.0986799579298,0.01643778610070745,74.3757589010572,0.012055074382806986,0.2566503861418891,0.00421276221878617,0.00421276221878617,139.09169022574096,0,0.0,True,True,True,False,True,False,False,True,True,True,False,2.5433496138581106,False,False,24.700000000000003,24.3,24.700000000000003,21.0,40.0,21.650000000000002,0,74.79155155818667,2.5413373369246517,1.0,s4_narrow_passage_medium,M7,31,0.4,6.0
False,18.6,0.991222630029635,0.2682431298560185,True,99.44676650061668,1451.923309214761,0.0239284228048273,75.32261504899246,0.010263516908058948,0.26066769476845314,0.006546264209174502,0.006546264209174502,139.51379420304897,0,0.0,True,True,True,False,True,False,False,True,True,True,False,2.5393323052315466,False,False,24.650000000000002,24.650000000000002,24.650000000000002,21.25,40.0,21.450000000000003,0,74.79432494871831,2.541332948134532,1.0,s4_narrow_passage_medium,M7,32,0.4,6.0
False,18.7,0.9664833326435087,0.2628703098886244,True,99.79150406616986,1473.050755481165,0.02267998335414066,73.84615837666,0.010264011246054817,0.2606710244907687,0.0065435521074344045,0.0065435521074344045,139.79618379264866,0,0.0,True,True,True,False,True,False,False,True,True,True,False,2.539328975509231,False,False,24.3,24.3,24.3,21.35,40.0,21.35,0,74.80643250802818,2.541343501932644,1.0,s4_narrow_passage_medium,M7,33,0.4,6.0
False,18.55,0.9998713997831434,0.2617179721094543,True,99.78477493973061,1476.5788116071517,0.021431543903454017,75.5700013873843,0.01205550707739589,0.2566161000269928,0.00417638963789313,0.00417638963789313,139.66231501273265,0,0.0,True,True,True,False,True,False,False,True,True,True,False,2.543383899973007,False,False,24.3,24.1,24.3,21.150000000000002,40.0,21.5,0,74.80406943028312,2.54134453754516,1.0,s4_narrow_passage_medium,M7,34,0.4,6.0
False,18.55,1.004987729774365,0.2644019661849464,True,97.98987476530722,1342.7985601943406,0.0239284228048273,74.18941190238998,0.010266054881613085,0.26067473792206636,0.006554584971838253,0.006554584971838253,137.8253440028144,0,0.0,True,True,True,False,True,False,False,True,True,True,False,2.5393252620779334,False,False,25.400000000000002,24.6,25.400000000000002,21.150000000000002,40.0,21.5,0,74.79835536057409,2.5413414427926138,1.0,s4_narrow_passage_medium,M7,35,0.4,6.0
False,18.75,0.9737838347475656,0.2685266351003267,True,99.11647871909707,1443.8798649904072,0.021639617145235122,74.17598808683032,0.01026597143488667,0.26067457616781736,0.006554373314506161,0.006554373314506161,139.1857329768132,0,0.0,True,True,True,False,True,False,False,True,True,True,False,2.5393254238321825,False,False,25.25,24.55,25.25,21.35,40.0,21.3,0,74.7936290917599,2.5413389830858413,1.0,s4_narrow_passage_medium,M7,36,0.4,6.0
False,18.650000000000002,1.0033560092350615,0.2679973315575482,True,99.39788768396964,1440.3773461107728,0.02267998335414066,75.27622521254126,0.010262027964800592,0.2606573035644318,0.006541241541019861,0.006541241541019861,139.46586908930774,0,0.0,True,True,True,False,True,False,False,True,True,True,False,2.539342696435568,False,False,24.950000000000003,24.450000000000003,24.950000000000003,21.25,40.0,21.400000000000002,0,74.77757740911127,2.5413314123233337,1.0,s4_narrow_passage_medium,M7,37,0.4,6.0
False,18.75,0.9884586848083499,0.25703709534119074,True,98.90605088789252,1443.479295175791,0.021639617145235122,73.64394019158543,0.010262878425839719,0.2606664418613484,0.006538061012187975,0.006538061012187975,138.93755649724855,0,0.0,True,True,True,False,True,False,False,True,True,True,False,2.5393335581386514,False,False,24.5,24.3,24.5,21.35,40.0,21.3,0,74.78935359450118,2.5413308692214556,1.0,s4_narrow_passage_medium,M7,38,0.4,6.0
False,18.75,0.8776766772363691,0.2682123972854413,True,99.32496235659023,1440.8059732685015,0.027673741156887224,73.60225251057246,0.01026257662640151,0.260665649598349,0.006537219139685485,0.006537219139685485,139.38083397449938,0,0.0,True,True,True,False,True,False,False,True,True,True,False,2.539334350401651,False,False,24.900000000000002,24.400000000000002,24.900000000000002,21.35,40.0,21.3,0,74.81587088590831,2.541326610191372,1.0,s4_narrow_passage_medium,M7,39,0.4,6.0
False,18.75,0.9601581973142153,0.2597366020393778,True,99.63135574281841,1472.0901342379716,0.023096129837702872,73.6430839670692,0.010262807647194026,0.26066659224845995,0.006537874977773189,0.006537874977773189,139.61384469706414,0,0.0,True,True,True,False,True,False,False,True,True,True,False,2.5393334077515397,False,False,24.450000000000003,24.25,24.450000000000003,21.3,40.0,21.3,0,74.80254737034969,2.541343474914189,1.0,s4_narrow_passage_medium,M7,10,0.4,8.0
False,18.7,0.9812688166322439,0.2631996741598247,True,99.39393228596808,1489.4172820358508,0.0239284228048273,75.13787109193942,0.01205732389732646,0.2566261901783598,0.0041738372617606805,0.0041738372617606805,139.38419845365468,0,0.0,True,True,True,False,True,False,False,True,True,True,False,2.54337380982164,False,False,24.55,24.3,24.55,21.3,40.0,21.35,0,74.81149281717107,2.541344130605803,1.0,s4_narrow_passage_medium,M7,11,0.4,8.0
False,18.75,0.9685288386681605,0.2591249567626257,True,99.47308189903295,1474.611911333854,0.030170620058260506,73.83911679730076,0.010263980243240467,0.2606708735612138,0.006543296661917686,0.006543296661917686,139.45125540507183,0,0.0,True,True,True,False,True,False,False,True,True,True,False,2.539329126438786,False,False,24.6,24.35,24.6,21.35,40.0,21.3,0,74.80713749234755,2.541343317120513,1.0,s4_narrow_passage_medium,M7,12,0.4,8.0
False,18.55,0.9702810908313644,0.2685310281298358,True,99.05422390866828,1448.3342141937835,0.018518518518518517,73.15860847635938,0.010261604089612323,0.2606625544432489,0.006533633113056214,0.006533633113056214,139.02103259143342,0,0.0,True,True,True,False,True,False,False,True,True,True,False,2.539337445556751,False,False,24.450000000000003,24.35,24.450000000000003,21.150000000000002,40.0,21.5,0,74.79049978393834,2.541339627361566,1.0,s4_narrow_passage_medium,M7,13,0.4,8.0
False,18.3,0.9491970849842499,0.26869534227737274,True,99.43462452942548,1427.7547060205372,0.016645859342488557,75.31973258538578,0.010267747686702687,0.2606911058581942,0.006563228027144073,0.006563228027144073,139.13508359038187,0,0.0,True,True,True,False,True,False,False,True,True,True,False,2.5393088941418056,False,False,24.55,24.150000000000002,24.55,20.950000000000003,40.0,21.75,0,74.81522624006315,2.5413408806253894,1.0,s4_narrow_passage_medium,M7,14,0.4,8.0
False,18.8,0.9774122708777837,0.2681766710835657,True,99.16000617758658,1457.5408055886319,0.028297960882230546,75.15986074469402,0.01205731474742506,0.25662539169676934,0.004173478442171335,0.004173478442171335,139.47288973961213,0,0.0,True,True,True,False,True,False,False,True,True,True,False,2.5433746083032305,False,False,25.1,24.6,25.1,21.400000000000002,40.0,21.25,0,74.79475954229574,2.5413235376772096,1.0,s4_narrow_passage_medium,M7,15,0.4,8.0
False,18.6,0.9766146991085412,0.26000053575141874,True,99.41282013646152,1467.5392826573316,0.023512276321265086,73.09391689728744,0.010261637492990885,0.2606599212406713,0.0065372731550316825,0.0065372731550316825,139.4376640700097,0,0.0,True,True,True,False,True,False,False,True,True,True,False,2.5393400787593285,False,False,24.25,24.150000000000002,24.25,21.200000000000003,40.0,21.450000000000003,0,74.80399492756905,2.541343904756042,1.0,s4_narrow_passage_medium,M7,16,0.4,8.0
False,18.6,0.9876516276776128,0.268530111546497,True,99.26013782284141,1432.0660081111014,0.022055763628797336,75.52626153243438,0.01205601472293225,0.25661667297056767,0.004173615012538169,0.004173615012538169,139.3399531183107,0,0.0,True,True,True,False,True,False,False,True,True,True,False,2.5433833270294324,False,False,24.900000000000002,24.400000000000002,24.900000000000002,21.200000000000003,40.0,21.450000000000003,0,74.77445661838014,2.541328637653621,1.0,s4_narrow_passage_medium,M7,17,0.4,8.0
False,18.8,0.9805711703861626,0.26813828210014246,True,99.18676470602952,1465.3447491734894,0.026217228464419477,74.68329700970055,0.01205676979068799,0.25663870926784826,0.004190426017696008,0.004190426017696008,139.3676784935093,0,0.0,True,True,True,False,True,False,False,True,True,True,False,2.5433612907321517,False,False,25.1,24.700000000000003,25.1,21.400000000000002,40.0,21.25,0,74.82325868314214,2.5413190581321197,1.0,s4_narrow_passage_medium,M7,18,0.4,8.0
False,18.650000000000002,0.9712653678025316,0.2574056478563661,True,98.91506209163222,1405.101102202928,0.020183104452767373,74.10616737550612,0.010265633594993327,0.26067384583100245,0.006552117975010485,0.006552117975010485,138.75426433548478,0,0.0,True,True,True,False,True,False,False,True,True,True,False,2.5393261541689975,False,False,24.8,24.200000000000003,24.8,21.25,40.0,21.400000000000002,0,74.77856145113029,2.5413287974281435,1.0,s4_narrow_passage_medium,M7,19,0.4,8.0
False,18.7,0.9907733058777695,0.26100064628313674,True,99.51218080217903,1470.638968363489,0.021431543903454017,75.1206827419592,0.012057319358746812,0.2566268018106906,0.004174439059263645,0.004174439059263645,139.64031582202566,0,0.0,True,True,True,False,True,False,False,True,True,True,False,2.5433731981893093,False,False,24.35,24.25,24.35,21.3,40.0,21.35,0,74.80899286207766,2.541344229242362,1.0,s4_narrow_passage_medium,M7,20,0.4,8.0
False,18.8,0.9377975347254555,0.26892883708549586,True,99.23544084472404,1426.412492276991,0.02455264253017062,74.70144718976482,0.012056796441882733,0.25663833112990986,0.004189831207117724,0.004189831207117724,139.14301090991373,0,0.0,True,True,True,False,True,False,False,True,True,True,False,2.54336166887009,False,False,24.8,24.700000000000003,24.8,21.400000000000002,40.0,21.25,0,74.82552378462289,2.541317948933241,1.0,s4_narrow_passage_medium,M7,21,0.4,8.0
False,18.55,0.9745583714058548,0.26199021622187696,True,99.82243774572694,1465.3232585390367,0.018518518518518517,75.58496878439108,0.012055318573823677,0.25661614053038295,0.004177990051047178,0.004177990051047178,139.73081867843604,0,0.0,True,True,True,False,True,False,False,True,True,True,False,2.5433838594696168,False,False,24.1,24.1,24.1,21.150000000000002,40.0,21.5,0,74.806628747074,2.5413445134081774,1.0,s4_narrow_passage_medium,M7,22,0.4,8.0
False,18.400000000000002,0.9841292374416153,0.2682359341816141,True,99.20889421610735,1423.7590957492116,0.019558884727424054,75.43270692453527,0.012053034410767193,0.2566532191287916,0.0042275444009237,0.0042275444009237,139.06230781702303,0,0.0,True,True,True,False,True,False,False,True,True,True,False,2.5433467808712082,False,False,24.700000000000003,24.200000000000003,24.700000000000003,21.0,40.0,21.650000000000002,0,74.7995616707672,2.54133511614548,1.0,s4_narrow_passage_medium,M7,23,0.4,8.0
False,18.6,0.9623080700395932,0.268285689690594,True,99.19745727643112,1434.372839594194,0.023096129837702872,75.13064562101601,0.012057299915217791,0.2566265267774932,0.004174093339748017,0.004174093339748017,139.18295712012412,0,0.0,True,True,True,False,True,False,False,True,True,True,False,2.5433734732225064,False,False,24.8,24.3,24.8,21.200000000000003,40.0,21.450000000000003,0,74.80416349007436,2.541340327012167,1.0,s4_narrow_passage_medium,M7,24,0.4,8.0
False,18.650000000000002,0.9701988477416472,0.26851847936843715,True,99.4050979902243,1452.397561792113,0.02517686225551394,73.83004425143233,0.010263946672262372,0.2606706701716199,0.006543030084995255,0.006543030084995255,139.4395296434767,0,0.0,True,True,True,False,True,False,False,True,True,True,False,2.53932932982838,False,False,24.6,24.450000000000003,24.6,21.25,40.0,21.400000000000002,0,74.79982947242286,2.541338425830497,1.0,s4_narrow_passage_medium,M7,25,0.4,8.0
False,18.650000000000002,0.967210525359677,0.26263328700045746,True,99.63438286558028,1472.0764400085695,0.023512276321265086,75.62143400343918,0.012053799071439657,0.2566181748368612,0.004192491314244512,0.004192491314244512,139.60800022360715,0,0.0,True,True,True,False,True,False,False,True,True,True,False,2.543381825163139,False,False,24.450000000000003,24.25,24.450000000000003,21.25,40.0,21.400000000000002,0,74.81429486756853,2.541340772421982,1.0,s4_narrow_passage_medium,M7,26,0.4,8.0
False,18.45,1.0193249533588082,0.26831579700798747,True,99.27290207775577,1440.739907085313,0.0178942987931752,75.1900336480322,0.010269321382800059,0.26068698717428296,0.0065773788759317265,0.0065773788759317265,139.14198438630953,0,0.0,True,True,True,False,True,False,False,True,True,True,False,2.539313012825717,False,False,24.450000000000003,24.450000000000003,24.450000000000003,21.05,40.0,21.6,0,74.79211840250912,2.5413345763653967,1.0,s4_narrow_passage_medium,M7,27,0.4,8.0
False,18.650000000000002,0.9882023384023262,0.2628223633814657,True,99.7297196007894,1459.5735374244948,0.018102372034956304,75.62283683655427,0.012054074291997815,0.2566177093896674,0.004189708969326116,0.004189708969326116,139.58267716700712,0,0.0,True,True,True,False,True,False,False,True,True,True,False,2.5433822906103325,False,False,24.450000000000003,24.25,24.450000000000003,21.25,40.0,21.400000000000002,0,74.82026053403649,2.5413411943407778,1.0,s4_narrow_passage_medium,M7,28,0.4,8.0
False,18.75,0.9726175036255842,0.2571672642783783,True,99.1049191523282,1424.6546439454426,0.02184769038701623,75.12248991923657,0.012052866019668857,0.25665992116315833,0.004237923484826273,0.004237923484826273,138.92206603547527,0,0.0,True,True,True,False,True,False,False,True,True,True,False,2.5433400788368417,False,False,24.700000000000003,24.3,24.700000000000003,21.35,40.0,21.3,0,74.77594009639137,2.541330431313229,1.0,s4_narrow_passage_medium,M7,29,0.4,8.0
False,18.55,0.9894788419972189,0.2630160025613054,True,99.87323103052861,1469.1353116048817,0.01914273824386184,75.46494575331445,0.0120565208377851,0.2566174868461427,0.004171274438572964,0.004171274438572964,139.709295241615,0,0.0,True,True,True,False,True,False,False,True,True,True,False,2.543382513153857,False,False,24.150000000000002,24.150000000000002,24.150000000000002,21.200000000000003,40.0,21.5,0,74.80758499504218,2.541344556330566,1.0,s4_narrow_passage_medium,M7,30,0.4,8.0
False,18.400000000000002,0.993574694515077,0.26845786599739446,True,99.07497215616526,1433.8388124504022,0.0178942987931752,75.6208069145649,0.012054320422119222,0.25661736277999286,0.004187234611567704,0.004187234611567704,138.90353100518035,0,0.0,True,True,True,False,True,False,False,True,True,True,False,2.543382637220007,False,False,24.700000000000003,24.1,24.700000000000003,21.0,40.0,21.650000000000002,0,74.81160528557035,2.5413411471560297,1.0,s4_narrow_passage_medium,M7,31,0.4,8.0
False,18.6,0.9898407878215691,0.26260274134900563,True,99.87614461781747,1472.8242755237661,0.025384935497295046,75.46076241682705,0.012056562225150494,0.25661750645047227,0.004171191393966424,0.004171191393966424,139.83741449789122,0,0.0,True,True,True,False,True,False,False,True,True,True,False,2.5433824935495277,False,False,24.450000000000003,24.200000000000003,24.450000000000003,21.200000000000003,40.0,21.450000000000003,0,74.80815056449626,2.5413444536512286,1.0,s4_narrow_passage_medium,M7,32,0.4,8.0
False,18.7,0.9634603769499714,0.26895069026059903,True,99.27459998171167,1438.1524879208982,0.022888056595921764,75.58983454660172,0.012055208516504922,0.25661628935612396,0.004179171632973012,0.004179171632973012,139.30151736396795,0,0.0,True,True,True,False,True,False,False,True,True,True,False,2.5433837106438757,False,False,24.6,24.5,24.6,21.3,40.0,21.35,0,74.7823481219198,2.541330170813233,1.0,s4_narrow_passage_medium,M7,33,0.4,8.0
False,18.55,0.999384954597516,0.2685804071794441,True,99.30953106379174,1444.8787745203485,0.02247191011235955,73.28217734611142,0.010261778865741684,0.26066405348685134,0.006533756783201998,0.006533756783201998,139.1896019007931,0,0.0,True,True,True,False,True,False,False,True,True,True,False,2.5393359465131486,False,False,25.150000000000002,24.450000000000003,25.150000000000002,21.150000000000002,40.0,21.5,0,74.79928068271282,2.5413393282387178,1.0,s4_narrow_passage_medium,M7,34,0.4,8.0
False,18.55,1.003945699246491,0.25734974731434335,True,99.19189467451997,1429.9756347734613,0.021639617145235122,75.28071740740606,0.01026210843133691,0.2606571048987634,0.00654116759276621,0.00654116759276621,139.13487167274104,0,0.0,True,True,True,False,True,False,False,True,True,True,False,2.5393428951012362,False,False,24.1,24.1,24.1,21.150000000000002,40.0,21.5,0,74.8105861518611,2.5413328867395224,1.0,s4_narrow_passage_medium,M7,35,0.4,8.0
False,18.75,0.973220543290682,0.2681613453703537,True,99.26647743608014,1451.162493128183,0.02372034956304619,74.90325175855604,0.0120571761198507,0.25663322404070443,0.004181874553213926,0.004181874553213926,139.35178141794512,0,0.0,True,True,True,False,True,False,False,True,True,True,False,2.5433667759592953,False,False,24.5,24.400000000000002,24.5,21.3,40.0,21.3,0,74.8284845816462,2.5413205089289375,1.0,s4_narrow_passage_medium,M7,36,0.4,8.0
False,18.650000000000002,1.0037103299883003,0.26803594423520716,True,99.39222484597119,1445.5197231259237,0.020807324178110695,75.25498204956203,0.010261908507831293,0.2606580772277803,0.0065400094797942385,0.0065400094797942385,139.48481769257285,0,0.0,True,True,True,False,True,False,False,True,True,True,False,2.5393419227722194,False,False,24.950000000000003,24.55,24.950000000000003,21.25,40.0,21.400000000000002,0,74.7740089652889,2.5413311333342734,1.0,s4_narrow_passage_medium,M7,37,0.4,8.0
False,18.7,0.9891971528606895,0.26843505011143,True,98.86217887640441,1451.758682641611,0.02517686225551394,74.5336977966707,0.012056346853897186,0.2566423125592951,0.004196616566883017,0.004196616566883017,138.99369645230578,0,0.0,True,True,True,False,True,False,False,True,True,True,False,2.5433576874407047,False,False,24.85,24.650000000000002,24.85,21.3,40.0,21.35,0,74.79991807674037,2.5413398020447375,1.0,s4_narrow_passage_medium,M7,38,0.4,8.0
False,18.75,0.9810981991219461,0.2682838058056785,True,99.29777140409647,1441.5811837430547,0.027881814398668332,73.83306709798791,0.01026391564918254,0.2606707217020671,0.00654336083147188,0.00654336083147188,139.4068953667755,0,0.0,True,True,True,False,True,False,False,True,True,True,False,2.5393292782979326,False,False,24.400000000000002,24.400000000000002,24.400000000000002,21.35,40.0,21.3,0,74.81071107355773,2.541325098623218,1.0,s4_narrow_passage_medium,M7,39,0.4,8.0
False,18.7,0.9600929951517829,0.2640156266410281,True,99.6938889082257,1466.0012352535268,0.02372034956304619,73.38174603591034,0.010261907972034296,0.26066506533358047,0.0065345874020978825,0.0065345874020978825,139.61255808128186,0,0.0,True,True,True,False,True,False,False,True,True,True,False,2.539334934666419,False,False,24.6,24.25,24.6,21.25,40.0,21.35,0,74.8026698581615,2.5413437982471168,1.0,s4_narrow_passage_medium,M7,10,0.4,10.0
False,18.7,0.9813868019567729,0.26846771938934655,True,98.96110488776071,1457.8314304007113,0.026841448189762796,74.52058223135464,0.012056333743982085,0.2566425535992218,0.004197203638119079,0.004197203638119079,138.95400674446108,0,0.0,True,True,True,False,True,False,False,True,True,True,False,2.543357446400778,False,False,24.700000000000003,24.6,24.700000000000003,21.3,40.0,21.35,0,74.79832989852687,2.5413400991053865,1.0,s4_narrow_passage_medium,M7,11,0.4,10.0
False,18.75,0.9681913762174259,0.2682958978952116,True,99.0339066073107,1450.3835257914172,0.03141905950894715,74.28902775118544,0.01026661327723462,0.2606753078630025,0.006558690861359582,0.006558690861359582,139.04197094801305,0,0.0,True,True,True,False,True,False,False,True,True,True,False,2.539324692136997,False,False,24.650000000000002,24.450000000000003,24.650000000000002,21.35,40.0,21.3,0,74.80548995844006,2.5413385514865876,1.0,s4_narrow_passage_medium,M7,12,0.4,10.0
False,18.55,0.9698264157344736,0.26305443876200973,True,99.56807828509216,1478.2924711784085,0.020183104452767373,75.61346157396054,0.012054742956511308,0.256616647355932,0.004184117938042577,0.004184117938042577,139.4734041767021,0,0.0,True,True,True,False,True,False,False,True,True,True,False,2.5433833526440677,False,False,24.200000000000003,24.1,24.200000000000003,21.1,40.0,21.5,0,74.80711249044992,2.541344578774939,1.0,s4_narrow_passage_medium,M7,13,0.4,10.0
False,18.3,0.9650680062732488,0.2687572587851807,True,99.4854644467341,1430.8235792447222,0.016645859342488557,75.33596151938272,0.010267099842732117,0.26069208324278625,0.006558317894168224,0.006558317894168224,139.18469003690007,0,0.0,True,True,True,False,True,False,False,True,True,True,False,2.5393079167572137,False,False,24.35,24.25,24.35,20.900000000000002,40.0,21.75,0,74.81971035934221,2.5413407444463996,1.0,s4_narrow_passage_medium,M7,14,0.4,10.0
False,18.8,0.9751466839255156,0.2684187243652257,True,99.06707082607518,1451.3069370866187,0.028297960882230546,74.48548059802138,0.012054695764354988,0.2566525067310298,0.004217877645355739,0.004217877645355739,139.35999883365363,0,0.0,True,True,True,False,True,False,False,True,True,True,False,2.54334749326897,False,False,25.200000000000003,24.700000000000003,25.200000000000003,21.400000000000002,40.0,21.25,0,74.80689333255879,2.541340021144826,1.0,s4_narrow_passage_medium,M7,15,0.4,10.0
False,18.55,0.9768349290027614,0.26851636686352826,True,98.94054736084871,1438.9584052331093,0.0239284228048273,73.1913363195075,0.010261635470845323,0.26066303441798766,0.006533535645974499,0.006533535645974499,138.9903929528307,0,0.0,True,True,True,False,True,False,False,True,True,True,False,2.539336965582012,False,False,24.35,24.25,24.35,21.150000000000002,40.0,21.5,0,74.79405937232181,2.54133947818921,1.0,s4_narrow_passage_medium,M7,16,0.4,10.0
False,18.6,0.9925831501130371,0.26857049212887074,True,99.20381332873018,1430.8727591227089,0.020807324178110695,75.21431512227255,0.012057207469655835,0.2566235945970053,0.004172106115574503,0.004172106115574503,139.33727764330922,0,0.0,True,True,True,False,True,False,False,True,True,True,False,2.5433764054029946,False,False,24.5,24.3,24.5,21.200000000000003,40.0,21.450000000000003,0,74.79605959169864,2.54132409785886,1.0,s4_narrow_passage_medium,M7,17,0.4,10.0
False,18.8,0.9813344408431688,0.2686650255295831,True,99.09592413552804,1455.89839538391,0.02850603412401165,74.51687307241977,0.01205458377730498,0.2566531109853404,0.004219349707368855,0.004219349707368855,139.17424896044324,0,0.0,True,True,True,False,True,False,False,True,True,True,False,2.5433468890146593,False,False,24.8,24.700000000000003,24.8,21.400000000000002,40.0,21.25,0,74.80927902012489,2.5413399596985276,1.0,s4_narrow_passage_medium,M7,18,0.4,10.0
False,18.6,0.9721922178599252,0.2628693490266041,True,99.39575050737545,1449.3028497757014,0.021431543903454017,75.4780820048644,0.012056389267237759,0.256617416314772,0.004171536147629116,0.004171536147629116,139.3349028544015,0,0.0,True,True,True,False,True,False,False,True,True,True,False,2.543382583685228,False,False,24.450000000000003,24.200000000000003,24.450000000000003,21.200000000000003,40.0,21.450000000000003,0,74.80865907533246,2.541344440174176,1.0,s4_narrow_passage_medium,M7,19,0.4,10.0
False,18.650000000000002,0.9905646021727874,0.26336173597315515,True,99.56834692957943,1472.4408268274367,0.021015397419891804,73.29765893945554,0.010261791974050213,0.2606642424865822,0.006533805506172914,0.006533805506172914,139.66693776549278,0,0.0,True,True,True,False,True,False,False,True,True,True,False,2.5393357575134177,False,False,24.5,24.25,24.5,21.25,40.0,21.400000000000002,0,74.80674824711056,2.541343636370156,1.0,s4_narrow_passage_medium,M7,20,0.4,10.0
False,18.8,0.9420130610800064,0.2585536492851481,True,98.17776660500854,1343.7147893244955,0.024136496046608405,75.10352017335705,0.010269593660561004,0.26068378558161,0.006579360625509301,0.006579360625509301,137.80552406347215,0,0.0,True,True,True,False,True,False,False,True,True,True,False,2.53931621441839,False,False,25.650000000000002,24.85,25.650000000000002,21.400000000000002,40.0,21.25,0,74.80103043535547,2.5413408686089936,1.0,s4_narrow_passage_medium,M7,21,0.4,10.0
False,18.55,0.9738221752151321,0.2683024687176777,True,99.48451154041172,1440.2293198629432,0.019350811485642945,74.9323827674099,0.01026184655229293,0.2606585844624285,0.006539148947325895,0.006539148947325895,139.4344475810195,0,0.0,True,True,True,False,True,False,False,True,True,True,False,2.5393414155375713,False,False,24.5,24.200000000000003,24.5,21.150000000000002,40.0,21.5,0,74.7741699358566,2.541330725287827,1.0,s4_narrow_passage_medium,M7,22,0.4,10.0
False,18.45,0.9834011966686764,0.2640221313622294,True,99.61015455394994,1452.7852128089226,0.01893466500208073,75.54816718537539,0.012053260918661192,0.25664055922450285,0.00421509274832629,0.00421509274832629,139.41447319836954,0,0.0,True,True,True,False,True,False,False,True,True,True,False,2.543359440775497,False,False,24.25,24.0,24.25,21.0,40.0,21.6,0,74.8202950310064,2.5413447627845134,1.0,s4_narrow_passage_medium,M7,23,0.4,10.0
False,18.45,0.8315160817472258,0.2683835822812564,True,99.55062592018551,1433.935904589353,0.02663337494798169,75.21964967500786,0.010261871081315623,0.2606584978689274,0.006539082751698708,0.006539082751698708,139.29093205362878,0,0.0,True,True,True,False,True,False,False,True,True,True,False,2.5393415021310726,False,False,24.75,24.35,24.75,21.05,40.0,21.6,0,74.81418086383528,2.5413399134019095,1.0,s4_narrow_passage_medium,M7,24,0.4,10.0
False,18.650000000000002,0.9711545532496826,0.2684949189470449,True,99.45953982622007,1456.160146393565,0.025384935497295046,73.7519765188878,0.010263461428855364,0.2606692211015879,0.006540628512358701,0.006540628512358701,139.48160297385175,0,0.0,True,True,True,False,True,False,False,True,True,True,False,2.539330778898412,False,False,24.85,24.35,24.85,21.25,40.0,21.400000000000002,0,74.79894112011235,2.541338762381008,1.0,s4_narrow_passage_medium,M7,25,0.4,10.0
False,18.650000000000002,0.9668686149523553,0.26243743156373894,True,99.5730288282447,1482.1431428911358,0.024760715771951727,73.27955784875425,0.010261752268648876,0.2606640755399068,0.0065337378419291275,0.0065337378419291275,139.63079650868613,0,0.0,True,True,True,False,True,False,False,True,True,True,False,2.539335924460093,False,False,24.6,24.400000000000002,24.6,21.25,40.0,21.400000000000002,0,74.8067155572195,2.54134371364885,1.0,s4_narrow_passage_medium,M7,26,0.4,10.0
False,18.400000000000002,1.0174893348955505,0.26861102083329713,True,99.20782566827722,1435.3246950002276,0.018102372034956304,72.92567551719588,0.010261641488446984,0.2606600329611893,0.006536979259126547,0.006536979259126547,139.02647687873088,0,0.0,True,True,True,False,True,False,False,True,True,True,False,2.5393399670388104,False,False,24.55,24.3,24.55,21.0,40.0,21.650000000000002,0,74.7950984229625,2.541339706367937,1.0,s4_narrow_passage_medium,M7,27,0.4,10.0
False,18.650000000000002,0.989020182437909,0.26185828186931553,True,99.70595323328496,1460.9449588581467,0.01914273824386184,75.33009993948532,0.01026395947216376,0.2606709942108389,0.006547507399825426,0.006547507399825426,139.5327785343245,0,0.0,True,True,True,False,True,False,False,True,True,True,False,2.539329005789161,False,False,25.150000000000002,24.650000000000002,25.150000000000002,21.200000000000003,40.0,21.400000000000002,0,74.8152226286558,2.5413402028559413,1.0,s4_narrow_passage_medium,M7,28,0.4,10.0
False,18.75,0.9720925776772293,0.268297586103982,True,99.17494480937465,1442.567520314812,0.023512276321265086,74.04690334733695,0.01026517189610927,0.26067359218089087,0.00654984394515108,0.00654984394515108,139.15845875376442,0,0.0,True,True,True,False,True,False,False,True,True,True,False,2.539326407819109,False,False,24.900000000000002,24.400000000000002,24.900000000000002,21.35,40.0,21.3,0,74.83887003489747,2.54132364807854,1.0,s4_narrow_passage_medium,M7,29,0.4,10.0
False,18.55,0.9896357342855684,0.2644154530257416,True,98.42179499972283,1353.8491520653283,0.022888056595921764,74.31481061671883,0.012055307556917588,0.2566490556350969,0.004209753251189005,0.004209753251189005,138.02068924767303,0,0.0,True,True,True,False,True,False,False,True,True,True,False,2.543350944364903,False,False,25.450000000000003,24.6,25.450000000000003,21.150000000000002,40.0,21.5,0,74.80079859564137,2.54134255562808,1.0,s4_narrow_passage_medium,M7,30,0.4,10.0
False,18.400000000000002,0.995118319196169,0.25743506101907776,True,99.27640470454031,1429.754125511517,0.016229712858926344,75.61597313642518,0.012053467089774053,0.25661889815730415,0.004195320731908208,0.004195320731908208,138.8777920637978,0,0.0,True,True,True,False,True,False,False,True,True,True,False,2.5433811018426957,False,False,24.05,23.950000000000003,24.05,21.0,40.0,21.650000000000002,0,74.81641638000384,2.5413357142490134,1.0,s4_narrow_passage_medium,M7,31,0.4,10.0
False,18.6,0.9919825263809143,0.2685032458303962,True,99.4273598150984,1450.8370030953577,0.023304203079483977,75.3246593839516,0.01026364315855776,0.2606686495125971,0.006546708491541586,0.006546708491541586,139.49200328754225,0,0.0,True,True,True,False,True,False,False,True,True,True,False,2.539331350487403,False,False,24.8,24.3,24.8,21.200000000000003,40.0,21.450000000000003,0,74.79139204456807,2.5413327215984425,1.0,s4_narrow_passage_medium,M7,32,0.4,10.0
False,18.650000000000002,0.967273529512074,0.26863934752992663,True,99.34105920050014,1442.6939033000801,0.024760715771951727,74.81784315367995,0.01205702205354757,0.2566355335949802,0.004184789091944131,0.004184789091944131,139.3033223822984,0,0.0,True,True,True,False,True,False,False,True,True,True,False,2.5433644664050195,False,False,25.3,24.5,25.3,21.3,40.0,21.400000000000002,0,74.78991671422615,2.5413406144075283,1.0,s4_narrow_passage_medium,M7,33,0.4,10.0
False,18.55,1.0001082918152868,0.26109479256171625,True,99.82676457269983,1477.4965607166982,0.021639617145235122,74.80758051130276,0.010261828509452474,0.26065875610755573,0.006538725837725955,0.006538725837725955,139.67661155735232,0,0.0,True,True,True,False,True,False,False,True,True,True,False,2.5393412438924443,False,False,24.1,24.1,24.1,21.150000000000002,40.0,21.5,0,74.81318507319513,2.5413441967637183,1.0,s4_narrow_passage_medium,M7,34,0.4,10.0
False,18.5,1.000684670181865,0.2581463781583464,True,99.58180134037494,1463.6177629554006,0.022263836870578445,75.24991281177238,0.010261876005280461,0.26065834431208906,0.006539437374106465,0.006539437374106465,139.59332367110136,0,0.0,True,True,True,False,True,False,False,True,True,True,False,2.539341655687911,False,False,24.450000000000003,24.1,24.450000000000003,21.1,40.0,21.55,0,74.81836996079475,2.541344133507565,1.0,s4_narrow_passage_medium,M7,35,0.4,10.0
False,18.75,0.9732298677177436,0.26821129886406675,True,99.22297722675047,1451.1509377927,0.021431543903454017,74.55959022507992,0.012056401897206378,0.25664175784727905,0.004195464258266549,0.004195464258266549,139.26195237655585,0,0.0,True,True,True,False,True,False,False,True,True,True,False,2.5433582421527205,False,False,24.900000000000002,24.400000000000002,24.900000000000002,21.3,40.0,21.3,0,74.80331547033678,2.541340019247026,1.0,s4_narrow_passage_medium,M7,36,0.4,10.0
False,18.650000000000002,1.0025081537458662,0.2685925102434475,True,99.34495446720828,1440.4035985447067,0.02247191011235955,73.61846417247027,0.010262688841444718,0.26066582714008607,0.006537401667603117,0.006537401667603117,139.35465942400316,0,0.0,True,True,True,False,True,False,False,True,True,True,False,2.5393341728599137,False,False,25.150000000000002,24.450000000000003,25.150000000000002,21.25,40.0,21.400000000000002,0,74.78596903629055,2.5413393007505207,1.0,s4_narrow_passage_medium,M7,37,0.4,10.0
False,18.7,0.9882778761654174,0.2681305790632466,True,98.97456372302756,1455.4107920002045,0.024760715771951727,75.29052613529588,0.012057035421591101,0.2566206761274161,0.004170323085768453,0.004170323085768453,139.12847056772145,0,0.0,True,True,True,False,True,False,False,True,True,True,False,2.5433793238725837,False,False,25.0,24.700000000000003,25.0,21.3,40.0,21.35,0,74.80339362652352,2.541324776790052,1.0,s4_narrow_passage_medium,M7,38,0.4,10.0
False,18.75,0.9791475060738442,0.2578033473520164,True,98.0523710497566,1350.508931156798,0.027881814398668332,74.76612743986904,0.012053644087832384,0.2566573036840596,0.004229176076112789,0.004229176076112789,137.8796383651167,0,0.0,True,True,True,False,True,False,False,True,True,True,False,2.54334269631594,False,False,25.6,24.8,25.6,21.35,40.0,21.3,0,74.81580059874474,2.5413421915749983,1.0,s4_narrow_passage_medium,M7,39,0.4,10.0
