step,time,target_x,target_y,pred_target_x,pred_target_y
0,0.0,8.5,-0.2,8.605,-0.2
1,0.05,8.507499996171875,-0.19999343750167478,8.612499835390667,-0.19980968759546383
2,0.1,8.514999969375019,-0.19997375002679682,8.619999326250676,-0.19960625077710886
3,0.15000000000000002,8.522499896640767,-0.19994093763565882,8.62749844961284,-0.19938969016796002
4,0.2,8.5299997550006,-0.1998950004287495,8.634997182511105,-0.1991600064312348
5,0.25,8.537499521486207,-0.1998359385467501,8.642495501980603,-0.19891720027033805
6,0.30000000000000004,8.544999173129558,-0.1997637521705388,8.649993385057735,-0.1986612724288646
7,0.35000000000000003,8.552498686962977,-0.1996784415211859,8.657490808780246,-0.19839222369059298
8,0.4,8.559998040019208,-0.19958000685995528,8.664987750187276,-0.1981100548794847
9,0.45,8.567497209331489,-0.19946844848830295,8.672484186319451,-0.1978147668596815
10,0.5,8.574996171933618,-0.19934376674787604,8.67998009421894,-0.1975063605355024
11,0.55,8.58249490486003,-0.19920596202051252,8.687475450929531,-0.1971848368514418
12,0.6000000000000001,8.58999338514586,-0.19905503472823952,8.694970233496703,-0.19685019679216598
13,0.65,8.597491589827017,-0.19889098533327162,8.702464418967683,-0.1965024413825097
14,0.7000000000000001,8.604989495940258,-0.19871381433800975,8.709957984391538,-0.19614157168747343
15,0.75,8.61248708052325,-0.19852352228503994,8.717450906819234,-0.19576758881222034
16,0.8,8.619984320614645,-0.1983201097571317,8.724943163303694,-0.19538049390207293
17,0.8500000000000001,8.627481193254152,-0.1981035773772358,8.732434730899895,-0.1949802881425091
18,0.9,8.634977675482604,-0.19787392580848176,8.739925586664912,-0.19456697275915796
19,0.9500000000000001,8.64247374434203,-0.19763115575417844,8.747415707658007,-0.1941405490177987
20,1.0,8.649969376875726,-0.19737526795780827,8.754905070940692,-0.19370101822435298
21,1.05,8.657464550128323,-0.1971062632030272,8.762393653576797,-0.1932483817248833
22,1.1,8.664959241145858,-0.19682414231366296,8.769881432632543,-0.19278264090558944
23,1.1500000000000001,8.672453426975846,-0.19652890615370963,8.777368385176612,-0.1923037971928014
24,1.2000000000000002,8.679947084667347,-0.19622055562732824,8.784854488280217,-0.1918118520529782
25,1.25,8.687440191271044,-0.19589909167884198,8.792339719017175,-0.1913068069927014
26,1.3,8.694932723839301,-0.19556451529273386,8.799824054463974,-0.19078866355867097
27,1.35,8.702424659426244,-0.19521682749364325,8.807307471699838,-0.19025742333770027
28,1.4000000000000001,8.709915975087824,-0.1948560293463651,8.81478994780681,-0.18971308795671338
29,1.4500000000000002,8.717406647881896,-0.1944821219558422,8.822271459869814,-0.1891556590827357
30,1.5,8.72489665486828,-0.19409510646716618,8.829751984976726,-0.18858513842289334
31,1.55,8.732385973108832,-0.19369498406557137,8.837231500218438,-0.18800152772440498
32,1.6,8.739874579667523,-0.19328175597643327,8.844709982688945,-0.18740482877457895
33,1.6500000000000001,8.747362451610503,-0.19285542346526097,8.852187409485401,-0.18679504340080366
34,1.7000000000000002,8.754849566006166,-0.1924159878376987,8.85966375770819,-0.18617217347054762
35,1.75,8.762335899925233,-0.19196345043951749,8.867139004461002,-0.18553622089134925
36,1.8,8.769821430440812,-0.19149781265661264,8.8746131268509,-0.18488718761081271
37,1.85,8.777306134628471,-0.19101907591499956,8.882086101988389,-0.18422507561660198
38,1.9000000000000001,8.784789989566312,-0.19052724168080887,8.889557906987491,-0.18354988693643426
39,1.9500000000000002,8.792272972335029,-0.1900223114602828,8.897028518965806,-0.1828616236380746
40,2.0,8.799755060017997,-0.18950428679976966,8.904497915044592,-0.18216028782932872
41,2.0500000000000003,8.80723622970133,-0.18897316928571947,8.91196607234883,-0.1814458816580369
42,2.1,8.814716458473947,-0.18842896054467967,8.919432968007293,-0.18071840731206795
43,2.15,8.822195723427658,-0.18787166224328855,8.926898579152619,-0.17997786701931093
44,2.2,8.829674001657217,-0.1873012760882718,8.93436288292138,-0.17922426304766997
45,2.25,8.837151270260405,-0.18671780382643688,8.941825856454152,-0.17845759770505698
46,2.3000000000000003,8.844627506338089,-0.18612124724466733,8.949287476895583,-0.17767787333938415
47,2.35,8.852102686994305,-0.18551160816991644,8.956747721394468,-0.17688509233855595
48,2.4000000000000004,8.859576789336318,-0.18488888846920365,8.964206567103814,-0.17607925713046385
49,2.45,8.867049790474693,-0.1842530900496082,8.97166399118091,-0.1752603701829782
50,2.5,8.874521667523373,-0.18360421485826156,8.9791199707874,-0.1744284340039389
51,2.5500000000000003,8.88199239759974,-0.18294226488234328,8.986574483089358,-0.17358345114114965
52,2.6,8.889461957824686,-0.18226724214907547,8.994027505257339,-0.17272542418237066
53,2.6500000000000004,8.89693032532269,-0.18157914872571457,9.00147901446647,-0.17185435575530864
54,2.7,8.904397477221885,-0.18087798671954583,9.008928987896514,-0.17097024852760964
55,2.75,8.911863390654121,-0.1801637582778773,9.016377402731928,-0.17007310520685134
56,2.8000000000000003,8.919328042755046,-0.1794364655880327,9.023824236161953,-0.16916292854053408
57,2.85,8.926791410664167,-0.17869611087734644,9.031269465380662,-0.16823972131607434
58,2.9000000000000004,8.934253471524926,-0.17794269641315347,9.038713067587048,-0.16730348636079279
59,2.95,8.941714202484768,-0.17717622450278478,9.046155019985086,-0.16635422654190796
60,3.0,8.949173580695211,-0.1763966974935603,9.053595299783803,-0.16539194476652763
61,3.0500000000000003,8.956631583311914,-0.17560411777278137,9.061033884197347,-0.1644166439816395
62,3.1,8.964088187494749,-0.17479848776772205,9.068470750445059,-0.16342832717410072
63,3.1500000000000004,8.971543370407874,-0.17397980994562356,9.075905875751541,-0.16242699737063068
64,3.2,8.978997109219794,-0.17314808681368699,9.08333923734673,-0.16141265763780205
65,3.25,8.986449381103442,-0.17230332091906292,9.09077081246596,-0.16038531108202858
66,3.3000000000000003,8.99390016323624,-0.17144551484884615,9.098200578350037,-0.15934496084955826
67,3.35,9.001349432800176,-0.17057467123006773,9.105628512245312,-0.15829161012646342
68,3.4000000000000004,9.008797166981864,-0.16969079272968518,9.113054591403742,-0.1572252621386295
69,3.45,9.016243342972626,-0.16879388205457613,9.120478793082963,-0.15614592015174678
70,3.5,9.023687937968555,-0.16788394195152814,9.127901094546367,-0.15505358747129855
71,3.5500000000000003,9.031130929170581,-0.16696097520723255,9.135321473063158,-0.1539482674425533
72,3.6,9.038572293784554,-0.1660249846482745,9.142739905908437,-0.15282996345055294
73,3.6500000000000004,9.046012009021297,-0.1650759731411235,9.150156370363254,-0.15169867892010172
74,3.7,9.05345005209669,-0.16411394359212747,9.157570843714696,-0.15055441731575858
75,3.75,9.06088640023173,-0.16313889894750022,9.164983303255944,-0.14939718214182285
76,3.8000000000000003,9.068321030652609,-0.16215084219331646,9.172393726286344,-0.1482269769423276
77,3.85,9.075753920590774,-0.1611497763554981,9.179802090111483,-0.14704380530102415
78,3.9000000000000004,9.083185047283008,-0.16013570449980893,9.187208372043253,-0.14584767084137526
79,3.95,9.09061438797149,-0.1591086297318429,9.19461254939992,-0.1446385772265414
80,4.0,9.09804191990387,-0.15806855519701624,9.202014599506198,-0.1434165281593714
81,4.05,9.10546762033334,-0.15701548408055632,9.209414499693313,-0.1421815273823895
82,4.1000000000000005,9.112891466518693,-0.1559494196074924,9.216812227299076,-0.1409335786777844
83,4.15,9.12031343572441,-0.15487036504264576,9.224207759667955,-0.13967268586739767
84,4.2,9.127733505220716,-0.1537783236906206,9.231601074151136,-0.13839885281271305
85,4.25,9.135151652283653,-0.15267329889579273,9.2389921481066,-0.13711208341484324
86,4.3,9.14256785419515,-0.15155529404229975,9.246380958899186,-0.13581238161451858
87,4.3500000000000005,9.149982088243096,-0.15042431255403055,9.25376748390067,-0.13449975139207468
88,4.4,9.157394331721406,-0.14928035789461447,9.261151700489824,-0.13317419676744005
89,4.45,9.164804561930087,-0.14812343356741292,9.268533586052488,-0.1318357218001258
90,4.5,9.172212756175318,-0.14695354311550463,9.275913117981649,-0.13048433058920933
91,4.55,9.179618891769508,-0.1457706901216793,9.283290273677489,-0.1291200272733264
92,4.6000000000000005,9.187022946031373,-0.1445748782084222,9.29066503054748,-0.12774281603065354
93,4.65,9.194424896286003,-0.14336611103790714,9.298037366006431,-0.12635270107890006
94,4.7,9.20182471986493,-0.14214439231198203,9.305407257476574,-0.12494968667529122
95,4.75,9.209222394106202,-0.14090972577216015,9.31277468238762,-0.12353377711655819
96,4.800000000000001,9.216617896354448,-0.13966211519960645,9.320139618176839,-0.1221049767389225
97,4.8500000000000005,9.224011203960943,-0.1384015644151274,9.327502042289114,-0.12066328991808428
98,4.9,9.231402294283694,-0.1371280772791588,9.334861932177033,-0.11920872106920828
99,4.95,9.23879114468749,-0.13584165769175427,9.342219265300937,-0.11774127464691077
100,5.0,9.246177732543982,-0.13454230959257193,9.349574019129001,-0.11626095514524436
101,5.050000000000001,9.253562035231752,-0.13323003696086538,9.356926171137294,-0.11476776709768745
102,5.1000000000000005,9.260944030136379,-0.13190484381546796,9.364275698809857,-0.11326171507712668
103,5.15,9.268323694650507,-0.13056673421478282,9.37162257963877,-0.1117428036958454
104,5.2,9.275701006173922,-0.1292157122567691,9.378966791124212,-0.11021103760550802
105,5.25,9.28307594211361,-0.1278517820789314,9.386308310774544,-0.10866642149714795
106,5.300000000000001,9.290448479883839,-0.12647494785830365,9.393647116106367,-0.10710896010114962
107,5.3500000000000005,9.297818596906215,-0.1250852138114406,9.400983184644595,-0.10553865818723834
108,5.4,9.305186270609761,-0.12368258419440162,9.408316493922523,-0.10395552056446246
109,5.45,9.312551478430985,-0.12226706330273816,9.415647021481902,-0.10235955208117906
110,5.5,9.319914197813938,-0.1208386554714821,9.42297474487299,-0.1007507576250406
111,5.550000000000001,9.327274406210304,-0.11939736507513185,9.430299641654644,-0.09912914212297941
112,5.6000000000000005,9.334632081079446,-0.11794319652763706,9.437621689394373,-0.09749471054119062
113,5.65,9.341987199888493,-0.11647615428238874,9.44494086566841,-0.09584746788512066
114,5.7,9.349339740112399,-0.11499624283220251,9.452257148061788,-0.09418741919944877
115,5.75,9.356689679234012,-0.11350346670930538,9.45957051416839,-0.09251456956807208
116,5.800000000000001,9.364036994744154,-0.11199783048532323,9.466880941591045,-0.09082892411409146
117,5.8500000000000005,9.371381664141675,-0.11047933877126676,9.47418840794157,-0.08913048799979573
118,5.9,9.37872366493353,-0.10894799621751455,9.481492890840858,-0.08741926642664308
119,5.95,9.386062974634847,-0.10740380751380238,9.488794367918935,-0.08569526463524862
120,6.0,9.393399570768999,-0.10584677738920689,9.496092816815034,-0.08395848790536643
121,6.050000000000001,9.400733430867662,-0.10427691061213139,9.50338821517766,-0.08220894155587367
122,6.1000000000000005,9.408064532470897,-0.10269421199029247,9.510680540664659,-0.08044663094475549
123,6.15,9.415392853127212,-0.10109868637070243,9.517969770943294,-0.07867156146908576
124,6.2,9.422718370393628,-0.09949033863965792,9.5252558836903,-0.07688373856501401
125,6.25,9.430041061835757,-0.09786917372272268,9.532538856591964,-0.07508316770774662
126,6.300000000000001,9.437360905027862,-0.0962351965847124,9.539818667344187,-0.07326985441152978
127,6.3500000000000005,9.444677877552927,-0.09458841222968092,9.547095293652553,-0.07144380422963421
128,6.4,9.45199195700273,-0.09292882570090454,9.554368713232403,-0.06960502275433764
129,6.45,9.459303120977909,-0.09125644208086528,9.56163890380889,-0.0677535156169065
130,6.5,9.46661134708803,-0.08957126649123674,9.568905843117065,-0.06588928848758
131,6.550000000000001,9.473916612951657,-0.08787330409286778,9.576169508901932,-0.0640123470755522
132,6.6000000000000005,9.481218896196417,-0.08616256008576692,9.583429878918517,-0.062122697128954726
133,6.65,9.488518174459074,-0.08443903970908663,9.590686930931946,-0.060220344434839326
134,6.7,9.495814425385595,-0.08270274824110659,9.597940642717502,-0.05830529481915953
135,6.75,9.503107626631214,-0.08095369099921766,9.605190992060695,-0.0563775541467529
136,6.800000000000001,9.510397755860513,-0.07919187333990695,9.61243795675734,-0.05443712832132436
137,6.8500000000000005,9.517684790747474,-0.07741730065873896,9.619681514613612,-0.05248402328542583
138,6.9,9.524968708975559,-0.07562997839034215,9.626921643446122,-0.050518245020440944
139,6.95,9.532249488237774,-0.07382991200838854,9.63415832108198,-0.04853979954656308
140,7.0,9.539527106236736,-0.07201710702558026,9.641391525358863,-0.04654869292278019
141,7.050000000000001,9.54680154068475,-0.07019156899363121,9.648621234125095,-0.044544931246854824
142,7.1000000000000005,9.554072769303863,-0.0683533035032507,9.655847425239692,-0.04252852065530603
143,7.15,9.561340769825945,-0.06650231618412447,9.663070076572456,-0.04049946732338883
144,7.2,9.568605519992747,-0.06463861270490051,9.670289166004018,-0.038457777465078204
145,7.25,9.57586699755598,-0.06276219877316891,9.677504671425924,-0.036403457333047395
146,7.300000000000001,9.583125180277374,-0.06087308013544576,9.684716570740692,-0.0343365132186501
147,7.3500000000000005,9.59038004592875,-0.058971262577155625,9.69192484186189,-0.03225695145190125
148,7.4,9.597631572292087,-0.057056751922613336,9.699129462714192,-0.0301647784014572
149,7.45,9.604879737159592,-0.05512955403500641,9.70633041123345,-0.0280600004745964
150,7.5,9.612124518333765,-0.053189674816376126,9.713527665366765,-0.025942624117198863
151,7.550000000000001,9.61936589362747,-0.05123712020760213,9.720721203072557,-0.02381265581372908
152,7.6000000000000005,9.626603840864002,-0.04927189618838029,9.727911002320617,-0.02167010208721223
153,7.65,9.633838337877151,-0.0472940087772086,9.735097041092192,-0.019514969499218396
154,7.7,9.641069362511276,-0.04530346403136512,9.742279297380044,-0.01734726464983885
155,7.75,9.64829689262137,-0.043300268046891605,9.749457749188519,-0.015166994177668008
156,7.800000000000001,9.655520906073129,-0.04128442695857454,9.756632374533615,-0.012974164759782865
157,7.8500000000000005,9.662741380743016,-0.03925594693992515,9.763803151443044,-0.010768783111721261
158,7.9,9.669958294518333,-0.03721483420316277,9.77097005795631,-0.008550855987463614
159,7.95,9.677171625297287,-0.0351610949991924,9.778133072124767,-0.006320390179408865
160,8.0,9.684381350989058,-0.03309473561758958,9.785292172011689,-0.004077392518357637
161,8.05,9.691587449513868,-0.031015762386578438,9.792447335692339,-0.0018218698734886463
162,8.1,9.698789898803046,-0.028924181673012223,9.799598541254035,0.0004461708476624117
163,8.15,9.705988676799095,-0.026819999882355644,9.806745766796212,0.0027267226992221984
164,8.200000000000001,9.713183761455765,-0.02470322345866352,9.813888990430502,0.0050197786970027185
165,8.25,9.720375130738113,-0.02257385888456223,9.821028190280785,0.007325331818521519
166,8.3,9.727562762622576,-0.020431912681229153,9.828163344483265,0.009643375003023959
167,8.35,9.73474663509704,-0.018277391408372756,9.835294431186544,0.011973901151504686
168,8.4,9.741926726160896,-0.01611030166421265,9.842421428551669,0.014316903126729313
169,8.450000000000001,9.749103013825126,-0.013930650085459545,9.849544314752219,0.016672373753256038
170,8.5,9.756275476112352,-0.011738443347294791,9.85666306797436,0.019040305817457828
171,8.55,9.763444091056915,-0.009533688163349957,9.863777666416917,0.021420692067544437
172,8.6,9.770608836704934,-0.00731639128568537,9.870888088291434,0.023813525213585526
173,8.65,9.777769691114386,-0.005086559504772076,9.877994311822253,0.02621879792753038
174,8.700000000000001,9.784926632355157,-0.002844199649467083,9.88509631524657,0.028636502843234275
175,8.75,9.79207963850912,-0.000589318586996207,9.892194076814501,0.031066632556477257
176,8.8,9.799228687670201,0.0016780767770686877,9.899287574789163,0.03350917962498864
177,8.85,9.806373757944442,0.0039579794988316985,9.906376787446721,0.03596413656847052
178,8.9,9.813514827450069,0.006250382596092258,9.913461693076465,0.03843149586861896
179,8.950000000000001,9.820651874317564,0.00855527904836767,9.92054226998088,0.040911249969148
180,9.0,9.827784876689726,0.010872661796914734,9.927618496475702,0.04340339127581304
181,9.05,9.83491381272174,0.013202523744750033,9.934690350889994,0.0459079121564327
182,9.1,9.842038660581249,0.015544857756672997,9.94175781156621,0.04842480494091358
183,9.15,9.849159398448407,0.01789965665928847,9.948820856860255,0.05095406192127443
184,9.200000000000001,9.85627600451596,0.020266913241026002,9.955879465141555,0.053495675351667035
185,9.25,9.86338845698931,0.022646620252164323,9.962933614793133,0.05604963744840245
186,9.3,9.870496734086577,0.025038770404852195,9.969983284211658,0.05861594038997336
187,9.35,9.877600814038669,0.02744335637313211,9.977028451807527,0.061194576317079474
188,9.4,9.884700675089341,0.02986037079296136,9.984069096004914,0.06378553733265023
189,9.450000000000001,9.89179629549528,0.03228980626223532,9.991105195241854,0.06638881550186967
190,9.5,9.89888765352615,0.0347316553408093,9.998136727970302,0.0690044028522
191,9.55,9.905974727464676,0.03718591055052278,10.005163672656188,0.07163229137340735
192,9.600000000000001,9.913057495606697,0.039652564375220994,10.012186007779505,0.07427247301758509
193,9.65,9.920135936261243,0.042131609260778,10.019203711834354,0.07692493969917846
194,9.700000000000001,9.927210027750593,0.044623037615121625,10.026216763329023,0.07958968329501118
195,9.75,9.93427974841035,0.047126841808254216,10.033225140786048,0.0822666956443078
196,9.8,9.9413450765895,0.04964301417227765,10.040228822742279,0.08495596854872037
197,9.850000000000001,9.948405990650475,0.0521715470014153,10.04722778774894,0.08765749377235195
198,9.9,9.955462468969237,0.05471243255203723,10.054222014371712,0.09037126304178356
199,9.950000000000001,9.962514489935327,0.057265663042684656,10.061211481190782,0.09309726804610019
200,10.0,9.969562031951934,0.05983123065409046,10.06819616680091,0.09583550043691286
201,10.05,9.976605073435968,0.06240912752920569,10.075176049811501,0.09858595182838688
202,10.100000000000001,9.983643592818115,0.06499934577322325,10.082151108846672,0.10134861379726709
203,10.15,9.990677568542923,0.0676018774536018,10.08912132254531,0.1041234778829034
204,10.200000000000001,9.99770697906884,0.07021671460009071,10.096086669561137,0.10691053558727728
205,10.25,10.004731802868303,0.07284384920475195,10.103047128562787,0.1097097783750254
206,10.3,10.011752018427797,0.07548327322198928,10.110002678233858,0.11252119767347032
207,10.350000000000001,10.018767604247918,0.07813497856856777,10.116953297272987,0.11534478487264174
208,10.4,10.025778538843436,0.08079895712364243,10.123898964393907,0.1181805313253066
209,10.450000000000001,10.032784800743372,0.08347520072878073,10.130839658325517,0.12102842834699332
210,10.5,10.039786368491052,0.08616370118798833,10.137775357811947,0.12388846721601912
211,10.55,10.046783220644183,0.0888644502677357,10.144706041612624,0.1267606391735182
212,10.600000000000001,10.053775335774912,0.0915774396969799,10.151631688502336,0.12964493542346522
213,10.65,10.060762692469886,0.09430266116719327,10.15855227727129,0.1325413471327055
214,10.700000000000001,10.067745269330336,0.09704010633238713,10.165467786725193,0.13544986543098037
215,10.75,10.074723044972124,0.09978976680913804,10.172378195685301,0.13837048141095507
216,10.8,10.081695998025818,0.1025516341766129,10.179283482988492,0.1413031861282454
217,10.850000000000001,10.088664107136752,0.10532569997659513,10.186183627487326,0.1442479706014456
218,10.9,10.095627350965103,0.10811195571350968,10.193078608050122,0.1472048258121547
219,10.950000000000001,10.102585708185936,0.11091039285445159,10.199968403561002,0.15017374270500702
220,11.0,10.10953915748929,0.11372100282920822,10.206852992919975,0.15315471218769583
221,11.05,10.116487677580235,0.11654377703028967,10.213732355042993,0.15614772513100542
222,11.100000000000001,10.123431247178928,0.11937870681295193,10.22060646886201,0.15915277236883568
223,11.15,10.130369845020697,0.12222578349522417,10.227475313325064,0.16216984469823123
224,11.200000000000001,10.13730344985609,0.12508499835793713,10.23433886739632,0.16519893287941131
225,11.25,10.144232040450946,0.1279563426447467,10.24119711005615,0.16824002763579488
226,11.3,10.151155595586463,0.1308398075621635,10.24805002030119,0.17129311965403188
227,11.350000000000001,10.15807409405926,0.13373538427957898,10.254897577144412,0.17435819958403087
228,11.4,10.16498751468144,0.13664306392929132,10.261739759615173,0.17743525803898663
229,11.450000000000001,10.171895836280658,0.13956283760653354,10.268576546759299,0.18052428559540967
230,11.5,10.178799037700184,0.14249469636950168,10.27540791763913,0.18362527279315619
231,11.55,10.185697097798968,0.14543863123938006,10.282233851333604,0.18673821013545477
232,11.600000000000001,10.192589995451709,0.14839463320037094,10.289054326938299,0.18986308808893781
233,11.65,10.19947770954891,0.15136269319972012,10.295869323565517,0.19299989708366844
234,11.700000000000001,10.206360218996956,0.1543428021477466,10.302678820344337,0.19614862751317202
235,11.75,10.213237502718163,0.15733495091786864,10.309482796420676,0.19930926973446364
236,11.8,10.220109539650858,0.16033913034663327,10.316281230957365,0.2024818140680793
237,11.850000000000001,10.226976308749432,0.1633553312337429,10.323074103134205,0.205666250798104
238,11.9,10.23383778898441,0.1663835443420854,10.329861392148029,0.20886257017220344
239,11.950000000000001,10.240693959342515,0.16942376039775975,10.33664307721277,0.21207076240165135
240,12.0,10.247544798826729,0.17247597009010746,10.343419137559522,0.21529081766136232
241,12.05,10.254390286456363,0.17554016407173795,10.350189552436605,0.21852272608991885
242,12.100000000000001,10.261230401267117,0.17861633295856022,10.356954301109631,0.22176647778960457
243,12.15,10.268065122311143,0.1817044673298086,10.363713362861562,0.22502206282643158
244,12.200000000000001,10.274894428657111,0.18480455772807491,10.370466716992773,0.22828947123017418
245,12.25,10.281718299390281,0.18791659465933414,10.377214342821128,0.23156869299439603
246,12.3,10.288536713612553,0.19104056859297563,10.383956219682025,0.23485971807648318
247,12.350000000000001,10.295349650442535,0.1941764699618323,10.39069232692847,0.23816253639767443
248,12.4,10.302157089015617,0.19732428916220773,10.397422643931144,0.24147713784309036
249,12.450000000000001,10.308959008484022,0.20048401655390863,10.404147150078451,0.24480351226176716
250,12.5,10.315755388016877,0.20365564246027262,10.4108658247766,0.2481416494666861
251,12.55,10.322546206800276,0.2068391571681969,10.417578647449655,0.25149153923480366
252,12.600000000000001,10.32933144403734,0.2100345509281713,10.4242855975396,0.2548531713070862
253,12.65,10.336111078948287,0.2132418139543038,10.430986654506407,0.25822653538853685
254,12.700000000000001,10.34288509077049,0.21646093642435454,10.437681797828095,0.26161162114823155
255,12.75,10.349653458758544,0.21969190847976355,10.44437100700079,0.2650084182193479
256,12.8,10.356416162184324,0.22293472022568145,10.451054261538795,0.2684169161991974
257,12.850000000000001,10.36317318033706,0.22618936173099907,10.45773154097465,0.27183710464925703
258,12.9,10.369924492523387,0.22945582302838036,10.46440282485919,0.2752689730952034
259,12.950000000000001,10.376670078067416,0.23273409411428964,10.471068092761616,0.27871251102694133
260,13.0,10.3834099163108,0.23602416494902367,10.47772732426955,0.28216770789863826
261,13.05,10.390143986612784,0.23932602545674414,10.484380498989093,0.2856345531287574
262,13.100000000000001,10.39687226835029,0.24263966552550553,10.491027596544916,0.28911303610008765
263,13.15,10.403594740917955,0.2459650750072877,10.497668596580276,0.2926031461597776
264,13.200000000000001,10.410311383728214,0.24930224371802617,10.504303478757121,0.2961048726193674
265,13.25,10.417022176211352,0.2526511614376452,10.51093222275613,0.2996182047548233
266,13.3,10.423727097815576,0.25601181791008637,10.51755480827678,0.30314313180656793
267,13.350000000000001,10.430426128007063,0.25938420284334207,10.524171215037402,0.30667964297951517
268,13.4,10.437119246270045,0.26276830590948547,10.530781422775263,0.31022772744310156
269,13.450000000000001,10.443806432106848,0.2661641167447047,10.537385411246603,0.3137873743313225
270,13.5,10.450487665037972,0.2695716249493312,10.543983160226713,0.31735857274276147
271,13.55,10.457162924602148,0.27299082008787307,10.550574649509995,0.3209413117406257
272,13.600000000000001,10.463832190356394,0.27642169168904884,10.557159858910012,0.3245355803527805
273,13.65,10.470495441876094,0.2798642292458167,10.563738768259572,0.32814136757178103
274,13.700000000000001,10.477152658755042,0.283318422215408,10.570311357410764,0.33175866235490653
275,13.75,10.48380382060552,0.2867842600193589,10.576877606235046,0.33538745362419414
276,13.8,10.490448907058346,0.29026173204354516,10.58343749462328,0.33902773026647465
277,13.850000000000001,10.49708789776295,0.2937508276382099,10.589991002485814,0.3426794811334022
278,13.9,10.503720772387428,0.2972515361180015,10.596538109752537,0.34634269504149345
279,13.950000000000001,10.510347510618608,0.3007638467620029,10.60307879637294,0.3500173607721588
280,14.0,10.516968092162106,0.30428774881376514,10.609613042316168,0.3537034670717367
281,14.05,10.5235824967424,0.30782323148134133,10.616140827571106,0.35740100265153013
282,14.100000000000001,10.530190704102878,0.31137028393731797,10.622662132146415,0.3611099561878385
283,14.15,10.53679269400591,0.31492889531885065,10.629176936070598,0.3648303163219955
284,14.200000000000001,10.54338844623291,0.3184990547276943,10.635685219392082,0.3685620716604006
285,14.25,10.549977940584391,0.3220807512302382,10.64218696217925,0.3723052107745558
286,14.3,10.556561156880033,0.32567397385753977,10.648682144520523,0.37605972220110057
287,14.350000000000001,10.563138074958736,0.3292787116053579,10.655170746524405,0.37982559444184694
288,14.4,10.569708674678699,0.3328949534341857,10.661652748319561,0.3836028159638138
289,14.450000000000001,10.576272935917462,0.3365226882692855,10.668128130054864,0.3873913751992633
290,14.5,10.582830838571983,0.34016190500072235,10.674596871899466,0.39119126054573594
291,14.55,10.589382362558688,0.34381259248339796,10.681058954042845,0.39500246036608583
292,14.600000000000001,10.59592748781354,0.3474747395370839,10.687514356694882,0.39882496298851566
293,14.65,10.602466194292099,0.3511483349464584,10.69396306008591,0.4026587567066149
294,14.700000000000001,10.608998461969582,0.35483336746113875,10.700405044466784,0.40650382977939353
295,14.75,10.615524270840924,0.35852982579571485,10.706840290108929,0.41036017043131745
296,14.8,10.622043600920838,0.36223769862978666,10.713268777304409,0.4142277668523472
297,14.850000000000001,10.628556432243885,0.365956974607996,10.71969048636599,0.41810660719797116
298,14.9,10.63506274486452,0.36968764234006307,10.726105397627189,0.4219966795892438
299,14.950000000000001,10.64156251885717,0.3734296904008216,10.732513491442349,0.4258979721128222
300,15.0,10.648055734316276,0.3771831073302517,10.738914748186685,0.42981047282100043
301,15.05,10.654542371356378,0.38094788163351717,10.745309148256357,0.43373416973174844
302,15.100000000000001,10.66102241011215,0.3847240017809996,10.751696672068515,0.43766905082874724
303,15.15,10.66749583073848,0.38851145620833377,10.758077300061375,0.4416151040614265
304,15.200000000000001,10.673962613410522,0.3923102333164437,10.76445101269427,0.4455723173450015
305,15.25,10.680422738323761,0.39612032147157755,10.770817790447708,0.4495406785605097
306,15.3,10.686876185694068,0.39994170900534315,10.777177613823437,0.4535201755548478
307,15.350000000000001,10.693322935757763,0.4037743842147444,10.783530463344501,0.4575107961408096
308,15.4,10.699762968771683,0.407618335362216,10.789876319555308,0.46151252809712223
309,15.450000000000001,10.706196265013231,0.4114735506756609,10.796215163021678,0.46552535916848503
310,15.5,10.712622804780443,0.4153400183484853,10.802546974330905,0.4695492770656061
311,15.55,10.719042568392043,0.41921772653963446,10.808871734091822,0.4735842694652395
312,15.600000000000001,10.72545553618751,0.42310666337363095,10.815189422934857,0.477630324010225
313,15.65,10.73186168852714,0.42700681694060755,10.821500021512096,0.4816874283095225
314,15.700000000000001,10.738261005792092,0.4309181752963486,10.827803510497331,0.48575556993825486
315,15.75,10.744653468384463,0.4348407264623207,10.834099870586137,0.48983473643774
316,15.8,10.751039056727342,0.43877445842571444,10.84038908249591,0.4939249153155343
317,15.850000000000001,10.757417751264867,0.4427193591394795,10.84667112696595,0.49802609404546877
318,15.9,10.763789532462296,0.4466754165223597,10.852945984757497,0.5021382600676859
319,15.950000000000001,10.77015438080605,0.45064261845893266,10.859213636653806,0.5062614007886809
320,16.0,10.776512276803786,0.45462095279964515,10.865474063460194,0.5103955035813379
321,16.05,10.782863200984455,0.45861040736085207,10.871727246004113,0.5145405557849712
322,16.1,10.789207133898355,0.4626109699248518,10.877973165135195,0.5186965447053614
323,16.150000000000002,10.795544056117196,0.4666226282399237,10.884211801725318,0.5228634576147949
324,16.2,10.801873948234158,0.47064537002036816,10.89044313666866,0.5270412817521051
325,16.25,10.808196790863954,0.47467918294654204,10.896667150881765,0.531230004322709
326,16.3,10.814512564642884,0.4787240546648955,10.902883825303594,0.5354296124986462
327,16.35,10.820821250228892,0.4827799727880126,10.909093140895585,0.5396400934186204
328,16.400000000000002,10.827122828301635,0.48684692489464704,10.915295078641716,0.5438614341880371
329,16.45,10.833417279562534,0.49092489852976057,10.921489619548554,0.5480936218790426
330,16.5,10.83970458473484,0.4950138812045634,10.927676744645328,0.552336643530567
331,16.55,10.845984724563682,0.49911386039654876,10.933856434983966,0.5565904861483589
332,16.6,10.852257679816141,0.5032248235495329,10.940028671639178,0.5608551367050284
333,16.650000000000002,10.858523431281291,0.5073467580736954,10.946193435708485,0.5651305821400872
334,16.7,10.864781959770278,0.5114796513456144,10.952350708312311,0.5694168093599862
335,16.75,10.871033246116362,0.5156234907083079,10.958500470594009,0.5737138052381588
336,16.8,10.877277271174982,0.5197782634712704,10.964642703719937,0.5780215566150575
337,16.85,10.883514015823817,0.5239439569105142,10.97077738887951,0.5823400502981977
338,16.900000000000002,10.889743460962842,0.5281205582686059,10.976904507285262,0.5866692730621956
339,16.95,10.895965587514386,0.5323080547547072,10.983024040172896,0.5910092116488097
340,17.0,10.902180376423189,0.5365064335446144,10.989135968801346,0.5953598527669826
341,17.05,10.908387808656467,0.5407156817807945,10.995240274452838,0.599721183092878
342,17.1,10.914587865203966,0.5449357865724282,11.001336938432942,0.6040931892699254
343,17.150000000000002,10.920780527078012,0.5491667349954481,11.007425942070624,0.6084758579088594
344,17.2,10.926965775313587,0.5534085140925782,11.01350726671832,0.6128691755877611
345,17.25,10.933143590968372,0.5576611108733731,11.019580893751975,0.6172731288520983
346,17.3,10.939313955122811,0.5619245123142584,11.025646804571112,0.6216877042147674
347,17.35,10.945476848880169,0.5661987053585709,11.031704980598883,0.6261128881561351
348,17.400000000000002,10.95163225336659,0.5704836769165971,11.037755403282134,0.6305486671240785
349,17.45,10.95778014973115,0.5747794138656155,11.043798054091441,0.6349950275340286
350,17.5,10.963920519145923,0.5790859030499351,11.049832914521199,0.6394519557690103
351,17.55,10.97005334280603,0.583403131280936,11.055859966089647,0.6439194381796838
352,17.6,10.976178601929707,0.5877310853371098,11.061879190338948,0.6483974610843877
353,17.650000000000002,10.982296277758351,0.5920697519641005,11.067890568835232,0.6528860107691801
354,17.7,10.988406351556582,0.5964191178747458,11.073894083168652,0.6573850734878821
355,17.75,10.994508804612309,0.6007791697491152,11.079889714953456,0.6618946354621167
356,17.8,11.00060361823677,0.6051498942345532,11.085877445828023,0.6664146828813541
357,17.85,11.006690773764607,0.6095312779457203,11.091857257454937,0.6709452019029531
358,17.900000000000002,11.012770252553906,0.6139233074646315,11.097829131521022,0.6754861786522022
359,17.95,11.018842035986271,0.6183259693406999,11.103793049737424,0.6800375992223636
360,18.0,11.024906105466869,0.622739250090778,11.109748993839645,0.6845994496747163
361,18.05,11.030962442424492,0.6271631361991954,11.115696945587612,0.6891717160385955
362,18.1,11.037011028311616,0.631597614117805,11.12163688676573,0.6937543843114395
363,18.150000000000002,11.043051844604447,0.636042670266022,11.12756879918293,0.698347440458831
364,18.2,11.04908487280299,0.6404982910308654,11.133492664672733,0.7029508704145387
365,18.25,11.055110094431104,0.6449644627669995,11.139408465093313,0.7075646600805615
366,18.3,11.061127491036551,0.649441171796777,11.14531618232753,0.7121887953271725
367,18.35,11.067137044191059,0.6539284044102809,11.151215798283006,0.7168232619929618
368,18.400000000000002,11.073138735490375,0.6584261468653632,11.157107294892173,0.7214680458848773
369,18.45,11.079132546554323,0.6629343853876921,11.162990654112324,0.726123132778273
370,18.5,11.085118459026864,0.6674531061707911,11.16886585792568,0.7307885084169493
371,18.55,11.091096454576146,0.6719822953760806,11.174732888339433,0.7354641585131961
372,18.6,11.097066514894559,0.6765219391329227,11.180591727385803,0.7401500687478394
373,18.650000000000002,11.103028621698801,0.6810720235386616,11.186442357122104,0.7448462247702822
374,18.7,11.108982756729922,0.6856325346586667,11.192284759630786,0.7495526121985499
375,18.75,11.114928901753391,0.6902034585263779,11.198118917019494,0.754269216619336
376,18.8,11.120867038559144,0.694784781143343,11.203944811421133,0.758996023588042
377,18.85,11.126797148961636,0.6993764884792655,11.209762424993894,0.7637330186288256
378,18.900000000000002,11.132719214799915,0.7039785664720459,11.21557173992135,0.7684801872346438
379,18.95,11.138633217937656,0.7085910010278231,11.221372738412475,0.7732375148672956
380,19.0,11.144539140263229,0.7132137780210199,11.227165402701713,0.778004986957469
381,19.05,11.150436963689751,0.7178468832943861,11.232949715049038,0.782782588904785
382,19.1,11.156326670155144,0.7224903026590399,11.238725657739998,0.787570306077841
383,19.150000000000002,11.162208241622185,0.7271440218945129,11.24449321308577,0.7923681238142565
384,19.200000000000003,11.168081660078569,0.7318080267487943,11.250252363423224,0.7971760274207192
385,19.25,11.173946907536951,0.7364823029383718,11.25600309111496,0.8019940021730272
386,19.3,11.17980396603502,0.7411668361482793,11.261745378549387,0.8068220333161373
387,19.35,11.185652817635539,0.7458616120321373,11.267479208140752,0.811660106064208
388,19.400000000000002,11.191493444426403,0.7505666162121978,11.273204562329203,0.8165082056006446
389,19.450000000000003,11.197325828520695,0.7552818342793892,11.278921423580849,0.8213663170781462
390,19.5,11.203149952056746,0.7600072517933603,11.28462977438781,0.8262344256187506
391,19.55,11.208965797198182,0.7647428542825241,11.29032959726826,0.8311125163138796
392,19.6,11.214773346133981,0.7694886272441006,11.296020874766501,0.8360005742243832
393,19.650000000000002,11.22057258107853,0.7742445561441642,11.301703589452998,0.8408985843805882
394,19.700000000000003,11.226363484271676,0.7790106264176864,11.307377723924443,0.8458065317823424
395,19.75,11.23214603797878,0.7837868234685808,11.313043260803799,0.8507244013990609
396,19.8,11.23792022449078,0.7885731326697476,11.318700182740372,0.8556521781697717
397,19.85,11.243686026124232,0.7933695393631188,11.324348472409836,0.8605898470031625
398,19.900000000000002,11.249443425221374,0.7981760288597026,11.329988112514311,0.8655373927776263
399,19.950000000000003,11.255192404150176,0.8029925864396286,11.335619085782405,0.8704948003413079
400,20.0,11.26093294530439,0.8078191973521927,11.341241374969261,0.8754620545121502
401,20.05,11.266665031103619,0.8126558468159031,11.346854962856629,0.8804391400779418
402,20.1,11.272388643993352,0.8175025200185244,11.3524598322529,0.8854260417963615
403,20.150000000000002,11.278103766445032,0.822359202117124,11.358055965993161,0.8904227443950272
404,20.200000000000003,11.283810380956096,0.8272258782381161,11.363643346939263,0.8954292325715405
405,20.25,11.289508470050045,0.8321025334773096,11.369221957979851,0.9004454909935357
406,20.3,11.295198016276485,0.8369891528999513,11.374791782030437,0.9054715042987252
407,20.35,11.300879002211184,0.8418857215407733,11.380352802033435,0.9105072570949474
408,20.400000000000002,11.306551410456128,0.846792224404038,11.38590500095823,0.9155527339602132
409,20.450000000000003,11.312215223639573,0.8517086464635839,11.391448361801215,0.9206079194427534
410,20.5,11.317870424416089,0.8566349726628713,11.396982867585848,0.9256727980610655
411,20.55,11.323516995466637,0.8615711879150318,11.402508501362718,0.9307473543039644
412,20.6,11.329154919498592,0.8665172771029102,11.40802524620957,0.9358315726306257
413,20.650000000000002,11.334784179245815,0.8714732250791108,11.413533085231377,0.9409254374706333
414,20.700000000000003,11.340404757468708,0.8764390166660476,11.419032001560389,0.9460289332240309
415,20.75,11.346016636954248,0.8814146366559872,11.424521978356177,0.9511420442613663
416,20.8,11.351619800516065,0.8864000698110979,11.430002998805694,0.9562647549237414
417,20.85,11.357214230994469,0.8913953008634943,11.435475046123313,0.9613970495228588
418,20.900000000000002,11.362799911256525,0.8964003145152852,11.4409381035509,0.9665389123410701
419,20.950000000000003,11.36837682419609,0.9014150954386202,11.446392154357845,0.9716903276314244
420,21.0,11.373944952733874,0.9064396282757368,11.451837181841118,0.9768512796177167
421,21.05,11.379504279817485,0.9114738976390067,11.45727316932533,0.982021752494535
422,21.1,11.385054788421488,0.9165178881109841,11.462700100162769,0.9872017304273106
423,21.150000000000002,11.39059646154746,0.9215715842444527,11.46811795773347,0.9923911975523655
424,21.200000000000003,11.396129282224026,0.9266349705624712,11.473526725445245,0.9975901379769598
425,21.25,11.401653233506927,0.931708031558423,11.478926386733745,1.0027985357793427
426,21.3,11.407168298479071,0.936790751696063,11.484316925062517,1.0080163750088003
427,21.35,11.412674460250573,0.9418831154095653,11.489698323923038,1.0132436396857043
428,21.400000000000002,11.418171701958816,0.9469851071035698,11.495070566834778,1.0184803138015608
429,21.450000000000003,11.423660006768502,0.9520967111532301,11.500433637345248,1.0237263813190585
430,21.5,11.429139357871703,0.957217911904263,11.505787519030049,1.0289818261721198
431,21.55,11.434609738487909,0.9623486936729961,11.511132195492921,1.0342466322659498
432,21.6,11.440071131864086,0.9674890407464136,11.516467650365799,1.0395207834770837
433,21.650000000000002,11.445523521274719,0.9726389373822069,11.521793867308855,1.0448042636534374
434,21.700000000000003,11.45096689002187,0.9777983678088213,11.527110830010555,1.0500970566143573
435,21.75,11.456401221435225,0.9829673162255046,11.532418522187701,1.0553991461506675
436,21.8,11.461826498872153,0.9881457668023574,11.537716927585494,1.0607105160247252
437,21.85,11.46724270571774,0.9933337036803789,11.54300602997757,1.0660311499704636
438,21.900000000000002,11.472649825384863,0.9985311109715154,11.54828581316606,1.0713610316934445
439,21.950000000000003,11.478047841314218,1.0037379727587117,11.55355626098163,1.0767001448709101
440,22.0,11.483436736974387,1.0089542730959573,11.558817357283536,1.0820484731518298
441,22.05,11.48881649586188,1.0141799960083373,11.564069085959675,1.0874060001569534
442,22.1,11.49418710150119,1.0194151254920785,11.569311430926634,1.0927727094788575
443,22.150000000000002,11.499548537444841,1.0246596455146015,11.574544376129733,1.0981485846820003
444,22.200000000000003,11.504900787273442,1.029913540014568,11.579767905543084,1.1035336093027674
445,22.25,11.51024383459573,1.0351767929019289,11.584982003169634,1.1089277668495243
446,22.3,11.515577663048628,1.0404493880579786,11.590186653041208,1.11433104080267
447,22.35,11.52090225629729,1.0457313093353968,11.595381839218573,1.1197434146146805
448,22.400000000000002,11.526217598035153,1.0510225405583038,11.600567545791474,1.125164871710165
449,22.450000000000003,11.531523671983987,1.0563230655223088,11.60574375687869,1.1305953954859165
450,22.5,11.536820461893944,1.061632867994558,11.610910456628078,1.1360349693109595
451,22.55,11.542107951543612,1.066951931713785,11.616067629216623,1.1414835765266034
452,22.6,11.547386124740054,1.0722802403903622,11.62121525885049,1.1469412004464936
453,22.650000000000002,11.552654965318872,1.0776177777063483,11.626353329765067,1.1524078243566607
454,22.700000000000003,11.557914457144243,1.0829645273155386,11.631481826225013,1.1578834315155726
455,22.75,11.56316458410898,1.088320472843517,11.636600732524315,1.163368005154187
456,22.8,11.568405330134572,1.093685597887705,11.641710032986323,1.168861528476002
457,22.85,11.573636679171239,1.0990598860174103,11.646809711963812,1.1743639846571057
458,22.900000000000002,11.57885861519798,1.1044433207738809,11.65189975383902,1.1798753568462312
459,22.950000000000003,11.584071122222616,1.1098358856703514,11.656980143023691,1.1853956281648055
460,23.0,11.58927418428185,1.115237564192096,11.662050863959143,1.1909247817070012
461,23.05,11.59446778544131,1.1206483397964793,11.667111901116296,1.1964628005397915
462,23.1,11.599651909795597,1.1260681959130043,11.672163238995727,1.2020096677029966
463,23.150000000000002,11.604826541468332,1.1314971159433658,11.67720486212772,1.20756536620934
464,23.200000000000003,11.60999166461221,1.1369350832615013,11.682236755072303,1.2131298790445004
465,23.25,11.615147263409046,1.1423820812136385,11.687258902419313,1.21870318916716
466,23.3,11.620293322069823,1.1478380931183525,11.692271288788424,1.224285279509063
467,23.35,11.62542982483474,1.15330310226661,11.697273898829208,1.2298761329750612
468,23.400000000000002,11.63055675597326,1.158777091921825,11.702266717221175,1.2354757324431698
469,23.450000000000003,11.635674099784163,1.1642600453199086,11.707249728673824,1.2410840607646205
470,23.5,11.640781840595585,1.169751945669319,11.712222917926686,1.2467011007639108
471,23.55,11.645879962765076,1.1752527761511176,11.717186269749373,1.252326835238862
472,23.6,11.650968450679638,1.1807625199190148,11.722139768941622,1.257961246960666
473,23.650000000000002,11.656047288755785,1.1862811600994239,11.727083400333349,1.2636043186739405
474,23.700000000000003,11.661116461439576,1.1918086797915135,11.732017148784685,1.269256033096783
475,23.75,11.666175953206672,1.1973450620672599,11.736940999186023,1.2749163729208233
476,23.8,11.671225748562389,1.2028902899714962,11.741854936458086,1.2805853208112747
477,23.85,11.676265832041729,1.208444346521966,11.74675894555194,1.2862628594069885
478,23.900000000000002,11.68129618820944,1.2140072147093768,11.751653011449061,1.2919489713205081
479,23.950000000000003,11.686316801660062,1.2195788774974476,11.756537119161376,1.2976436391381192
480,24.0,11.691327657017968,1.2251593178229656,11.761411253731305,1.3033468454199058
481,24.05,11.696328738937419,1.230748518595837,11.766275400231821,1.3090585726998036
482,24.1,11.701320032102606,1.2363464626991392,11.771129543766477,1.3147788034856531
483,24.150000000000002,11.706301521227697,1.2419531329891726,11.775973669469462,1.3205075202592513
484,24.200000000000003,11.711273191056884,1.2475685122955134,11.780807762505644,1.326244705476407
485,24.25,11.716235026364433,1.2531925834210667,11.785631808070617,1.3319903415669954
486,24.3,11.72118701195473,1.2588253291421194,11.790445791390747,1.3377444109350103
487,24.35,11.726129132662319,1.2644667322083927,11.795249697723213,1.3435068959586194
488,24.400000000000002,11.73106137335196,1.2701167753430938,11.800043512356053,1.3492777789902168
489,24.450000000000003,11.735983718918671,1.2757754412429692,11.80482722060822,1.3550570423564765
490,24.5,11.740896154287771,1.2814427125783592,11.809600807829602,1.3608446683584097
491,24.55,11.745798664414933,1.2871185719932507,11.814364259401097,1.3666406392714165
492,24.6,11.75069123428622,1.2928030021053285,11.81911756073464,1.372444937345341
493,24.650000000000002,11.755573848918145,1.2984959855060294,11.823860697273247,1.378257544804524
494,24.700000000000003,11.760446493357701,1.304197504760596,11.828593654491067,1.3840784438478597
495,24.75,11.76530915268242,1.30990754240813,11.833316417893421,1.389907616648849
496,24.8,11.77016181200041,1.3156260809616462,11.838028973016849,1.3957450453556564
497,24.85,11.775004456450407,1.321353102908125,11.842731305429158,1.40159071209116
498,24.900000000000002,11.779837071201817,1.327088590708565,11.847423400729456,1.4074445989530096
499,24.950000000000003,11.784659641454759,1.3328325267980399,11.852105244548207,1.4133066880136815
500,25.0,11.789472152440116,1.3385848935857496,11.856776822547264,1.4191769613205325
501,25.05,11.794274589419578,1.3443456734550763,11.861438120419928,1.425055400895856
502,25.1,11.799066937685684,1.350114848763635,11.866089123890974,1.4309419887369341
503,25.150000000000002,11.803849182561871,1.3558924018433316,11.87072981871671,1.4368367068160974
504,25.200000000000003,11.80862130940252,1.3616783150004137,11.87536019068501,1.4427395370807754
505,25.25,11.813383303592992,1.3674725705155266,11.879980225615363,1.448650461453555
506,25.3,11.81813515054969,1.3732751506437681,11.884589909358917,1.4545694618322356
507,25.35,11.82287683572008,1.3790860376147414,11.88918922779852,1.4604965200898834
508,25.400000000000002,11.82760834458276,1.3849052136326088,11.893778166848762,1.4664316180748864
509,25.450000000000003,11.832329662647485,1.3907326608761486,11.89835671245602,1.472374737611012
510,25.5,11.837040775455222,1.3965683614988076,11.9029248505985,1.4783258604974605
511,25.55,11.841741668578193,1.4024122976287583,11.907482567286287,1.484284968508924
512,25.6,11.846432327619915,1.40826445136895,11.912029848561376,1.4902520433956379
513,25.650000000000002,11.85111273821525,1.414124804797167,11.916566680497718,1.4962270668834408
514,25.700000000000003,11.855782886030443,1.4199933399660811,11.921093049201275,1.502210020673827
515,25.75,11.86044275676317,1.425870038903308,11.92560894081004,1.5082008864440057
516,25.8,11.865092336142581,1.431754883611462,11.9301143414941,1.514199645846955
517,25.85,11.869731609929342,1.437647856068211,11.934609237455671,1.52020628051148
518,25.900000000000002,11.874360563915683,1.443548938226331,11.939093614929138,1.5262207720422651
519,25.950000000000003,11.878979183925434,1.4494581120137622,11.943567460181097,1.5322431020199354
520,26.0,11.883587455814073,1.4553753593336651,11.948030759510399,1.53827325200111
521,26.05,11.888185365468775,1.461300662064474,11.952483499248196,1.544311203518459
522,26.1,11.892772898808442,1.4672340020599544,11.956925665757973,1.5503569380807611
523,26.150000000000002,11.89735004178376,1.473175361149257,11.961357245435604,1.5564104371729592
524,26.200000000000003,11.90191678037723,1.4791247211369747,11.965778224709373,1.5624716822562168
525,26.25,11.906473100603217,1.4850820638031956,11.970188590040038,1.5685406547679746
526,26.3,11.911018988507998,1.491047370903564,11.974588327920861,1.57461733612201
527,26.35,11.915554430169792,1.4970206241693318,11.978977424877643,1.5807017077084917
528,26.400000000000002,11.920079411698811,1.5030018053074143,11.983355867468779,1.5867937508940353
529,26.450000000000003,11.924593919237308,1.508990896000449,11.987723642285298,1.592893447021763
530,26.5,11.929097938959602,1.514987877906851,11.992080735950884,1.5990007774113613
531,26.55,11.933591457072138,1.5209927326608677,11.996427135121946,1.605115723359135
532,26.6,11.938074459813521,1.5270054418726366,12.000762826487641,1.611238266138068
533,26.650000000000002,11.942546933454558,1.5330259871282395,12.005087796769915,1.617368386997876
534,26.700000000000003,11.947008864298303,1.539054349989762,12.009402032723553,1.6235060671650703
535,26.75,11.951460238680093,1.5450905119953466,12.013705521136208,1.629651287843009
536,26.8,11.9559010429676,1.5511344546592531,12.017998248828448,1.6358040302119594
537,26.85,11.960331263560866,1.557186159471911,12.022280202653803,1.6419642754291521
538,26.900000000000002,11.96475088689234,1.5632456078999797,12.02655136949879,1.648132004628842
539,26.950000000000003,11.96915989942693,1.569312781386402,12.030811736282963,1.6543071989223619
540,27.0,11.97355828766204,1.5753876613504647,12.035061289958954,1.6604898393981846
541,27.05,11.97794603812761,1.5814702291878528,12.039300017512508,1.6666799071219793
542,27.1,11.982323137386157,1.5875604662707072,12.043527905962524,1.6728773831366681
543,27.150000000000002,11.986689572032816,1.5936583539476805,12.047744942361097,1.6790822484624846
544,27.200000000000003,11.991045328695387,1.5997638735439972,12.051951113793558,1.685294484097034
545,27.25,11.995390394034366,1.6058770063615082,12.05614640737851,1.6915140710153502
546,27.3,11.999724754742996,1.611997733678749,12.060330810267866,1.6977409901699525
547,27.35,12.0040483975473,1.618126036750997,12.0645043096469,1.703975222490906
548,27.400000000000002,12.008361309206125,1.624261896810329,12.06866689273427,1.710216748885879
549,27.450000000000003,12.012663476511182,1.6304052950656784,12.072818546782074,1.7164655502402024
550,27.5,12.016954886287088,1.6365562127028923,12.076959259075867,1.722721607416926
551,27.55,12.021235525391404,1.6427146308847909,12.081089016934726,1.7289849012568803
552,27.6,12.025505380714675,1.6488805307512227,12.085207807711269,1.7352554125787323
553,27.650000000000002,12.029764439180473,1.6550538934191248,12.089315618791705,1.7415331221790464
554,27.700000000000003,12.034012687745435,1.6612346999825782,12.09341243759586,1.7478180108323413
555,27.75,12.038250113399304,1.6674229315128681,12.097498251577239,1.7541100592911512
556,27.8,12.042476703164963,1.6736185690585401,12.10157304822303,1.7604092482860818
557,27.85,12.04669244409849,1.679821593645459,12.105636815054176,1.766715558525872
558,27.900000000000002,12.05089732328918,1.6860319862768676,12.109689539625396,1.7730289706974525
559,27.950000000000003,12.05509132785959,1.6922497279334425,12.11373120952522,1.7793494654660025
560,28.0,12.059274444965588,1.6984747995733547,12.117761812376042,1.7856770234750117
561,28.05,12.06344666179638,1.7047071821323272,12.121781335834138,1.7920116253463385
562,28.1,12.067607965574554,1.7109468565236938,12.125789767589724,1.7983532516802705
563,28.150000000000002,12.071758343556125,1.7171938036384564,12.129787095366982,1.8047018830555814
564,28.200000000000003,12.075897783030559,1.723448004345344,12.133773306924098,1.8110575000295925
565,28.25,12.080026271320826,1.7297094394908723,12.137748390053298,1.8174200831382326
566,28.3,12.084143795783437,1.7359780898994002,12.141712332580902,1.8237896128960944
567,28.35,12.088250343808474,1.7422539363731913,12.14566512236733,1.8301660697964988
568,28.400000000000002,12.092345902819638,1.748536959692471,12.149606747307173,1.836549434311552
569,28.450000000000003,12.09643046027428,1.7548271406154852,12.153537195329202,1.842939686892205
570,28.5,12.100504003663449,1.7611244598785583,12.157456454396424,1.8493368079683128
571,28.55,12.104566520511923,1.7674288981961574,12.161364512506118,1.8557407779486996
572,28.6,12.108617998378243,1.7737404362609435,12.16526135768985,1.8621515772212105
573,28.650000000000002,12.112658424854766,1.780059054743837,12.169146978013542,1.868569186152779
574,28.700000000000003,12.116687787567685,1.7863847342940729,12.17302136157748,1.8749935850894812
575,28.75,12.12070607417708,1.7927174555392624,12.176884496516369,1.881424754356601
576,28.8,12.124713272376955,1.7990571990854534,12.18073637099936,1.8878626742586888
577,28.85,12.128709369895263,1.8054039455171835,12.184576973230092,1.8943073250796174
578,28.900000000000002,12.132694354493964,1.8117576753975484,12.188406291446723,1.9007586870826505
579,28.950000000000003,12.136668213969045,1.8181183692682563,12.192224313921972,1.9072167405104978
580,29.0,12.140630936150561,1.8244860076496854,12.196031028963144,1.9136814655853742
581,29.05,12.144582508902682,1.8308605710409485,12.199826424912178,1.9201528425090642
582,29.1,12.148522920123717,1.837242039919951,12.203610490145678,1.926630851462982
583,29.150000000000002,12.15245215774616,1.843630394743449,12.207383213074944,1.9331154726082298
584,29.200000000000003,12.156370209736725,1.850025615947111,12.211144582146021,1.9396066860856607
585,29.25,12.16027706409638,1.8564276839455751,12.214894585839714,1.9461044720159364
586,29.3,12.164172708860388,1.8628365791325157,12.21863321267164,1.9526088104995951
587,29.35,12.168057132098339,1.8692522818806958,12.222360451192262,1.959119681617105
588,29.400000000000002,12.17193032191419,1.8756747725420297,12.22607628998691,1.9656370654289275
589,29.450000000000003,12.1757922664463,1.882104031447646,12.229780717675832,1.9721609419755803
590,29.5,12.179642953867466,1.8885400389079436,12.233473722914221,1.9786912912776966
591,29.55,12.183482372384962,1.894982775212654,12.237155294392252,1.9852280933360855
592,29.6,12.187310510240572,1.9014322206309042,12.240825420835115,1.9917713281317981
593,29.650000000000002,12.191127355710627,1.9078883554112707,12.24448409100305,1.998320975626181
594,29.700000000000003,12.194932897106037,1.9143511597818466,12.248131293691381,2.0048770157609446
595,29.75,12.19872712277234,1.9208206139502988,12.251767017730558,2.011439428458221
596,29.8,12.202510021089719,1.9272966981039292,12.255391251986172,2.0180081936206276
597,29.85,12.206281580473053,1.9337793924097337,12.259003985359016,2.0245832911313237
598,29.900000000000002,12.210041789371944,1.9402686770144684,12.26260520678509,2.031164700854081
599,29.950000000000003,12.213790636270755,1.9467645320447018,12.26619490523566,2.0377524026333353
600,30.0,12.217528109688644,1.953266937606884,12.269773069717274,2.0443463762942558
601,30.05,12.221254198179603,1.959775873787404,12.273339689271811,2.050946601642804
602,30.1,12.224968890332487,1.9662913206526487,12.276894752976498,2.0575530584657944
603,30.150000000000002,12.22867217477106,1.9728132582490676,12.280438249943957,2.0641657265309585
604,30.200000000000003,12.232364040154007,1.9793416666032313,12.283970169322227,2.0707845855870044
605,30.25,12.236044475175,1.985876525721894,12.287490500294814,2.0774096153636816
606,30.3,12.239713468562709,1.9924178155920564,12.290999232080702,2.084040795571843
607,30.35,12.243371009080843,1.9989655161810227,12.294496353934408,2.0906781059035033
608,30.400000000000002,12.247017085528185,2.0055196074364647,12.297981855145991,2.097321526031905
609,30.450000000000003,12.250651686738633,2.0120800692864824,12.301455725041114,2.103971035611579
610,30.5,12.254274801581222,2.0186468816396674,12.30491795298105,2.1106266142784076
611,30.55,12.257886418960165,2.025220024385162,12.30836852836273,2.117288241649686
612,30.6,12.261486527814888,2.0317994773927217,12.311807440618766,2.1239558973241865
613,30.650000000000002,12.265075117120059,2.038385220512776,12.315234679217497,2.1306295608822174
614,30.700000000000003,12.268652175885626,2.0449772335764935,12.318650233663002,2.1373092118856913
615,30.75,12.27221769315685,2.051575496395837,12.322054093495153,2.1439948298781797
616,30.8,12.275771658014335,2.0581799887636327,12.325446248289627,2.150686394384984
617,30.85,12.279314059574071,2.0647906904536293,12.328826687657957,2.157383884913194
618,30.900000000000002,12.282844886987453,2.0714075812205563,12.33219540124755,2.164087280951749
619,30.950000000000003,12.286364129441326,2.078030640800192,12.33555237874172,2.1707965619715046
620,31.0,12.28987177615801,2.0846598489094204,12.33889760985973,2.1775117074252917
621,31.05,12.293367816395342,2.0912951852462975,12.342231084356808,2.1842326967479835
622,31.1,12.296852239446702,2.097936629490112,12.345552792024193,2.190959509356556
623,31.150000000000002,12.300325034641045,2.104584161301444,12.348862722689159,2.1976921246501497
624,31.200000000000003,12.303786191342942,2.111237760322234,12.352160866215048,2.2044305220101363
625,31.25,12.307235698952598,2.1178974061758393,12.35544721250129,2.2111746808001778
626,31.3,12.310673546905903,2.124563078467101,12.35872175148346,2.2179245803662955
627,31.35,12.314099724674449,2.1312347567824017,12.36198447313328,2.224680200036926
628,31.400000000000002,12.31751422176557,2.1379124206897324,12.365235367458672,2.231441519122989
629,31.450000000000003,12.32091702772237,2.144596049738752,12.36847442450377,2.2382085169179504
630,31.5,12.324308132123758,2.151285623460852,12.371701634348966,2.244981172697884
631,31.55,12.32768752458448,2.1579811213692195,12.374916987110934,2.2517594657215394
632,31.6,12.33105519475515,2.164682522958895,12.378120472942657,2.258543375230396
633,31.650000000000002,12.334411132322282,2.171389807706843,12.381312082033464,2.265332880448739
634,31.700000000000003,12.337755327008317,2.1781029550720086,12.384491804609052,2.2721279605837124
635,31.75,12.341087768571661,2.1848219444953827,12.387659630931525,2.2789285948253886
636,31.8,12.344408446806717,2.191546755400067,12.390815551299415,2.2857347623468316
637,31.85,12.34771735154391,2.198277367191332,12.393959556047722,2.292546442304158
638,31.900000000000002,12.351014472649721,2.2050137592566856,12.397091635547932,2.299363613836604
639,31.950000000000003,12.35429980002672,2.211755910965931,12.400211780208055,2.3061862560665856
640,32.0,12.357573323613593,2.218503801671233,12.403319980472649,2.3130143480997662
641,32.050000000000004,12.360835033385177,2.2252574107071856,12.40641622682285,2.3198478690251223
642,32.1,12.36408491935249,2.232016717390862,12.409500509776413,2.326686797914998
643,32.15,12.367322971562757,2.238781701021893,12.412572819887721,2.33353111382518
644,32.2,12.370549180099445,2.2455523408825213,12.415633147747823,2.3403807957949576
645,32.25,12.373763535082295,2.2523286162376674,12.418681483984471,2.3472358228471837
646,32.300000000000004,12.376966026667347,2.2591105063349937,12.42171781926214,2.3540961739883435
647,32.35,12.380156645046972,2.2658979904049663,12.42474214428205,2.3609618282086173
648,32.4,12.383335380449903,2.2726910476609206,12.42775444978221,2.367832764481943
649,32.45,12.386502223141267,2.2794896572991252,12.430754726537439,2.3747089617660864
650,32.5,12.389657163422612,2.2862937984988414,12.433742965359391,2.3815903990026954
651,32.550000000000004,12.392800191631935,2.2931034504223953,12.436719157096586,2.3884770551173777
652,32.6,12.39593129814371,2.2999185922152297,12.439683292634436,2.3953689090197505
653,32.65,12.39905047336893,2.30673920300598,12.442635362895285,2.402265939603519
654,32.7,12.402157707755125,2.313565261906531,12.445575358838415,2.409168125746531
655,32.75,12.405252991786387,2.3203967480120817,12.44850327146009,2.416075446310848
656,32.800000000000004,12.408336315983417,2.3272336404012126,12.451419091793587,2.422987880142806
657,32.85,12.411407670903532,2.334075918135944,12.454322810909202,2.4299054060730807
658,32.9,12.414467047140711,2.340923560261808,12.457214419914298,2.4368280029167555
659,32.95,12.41751443532562,2.3477765458079056,12.460093909953326,2.4437556494733834
660,33.0,12.420549826125631,2.354634853786973,12.46296127220785,2.450688324527051
661,33.050000000000004,12.423573210244864,2.361498463195447,12.465816497896576,2.4576260068464464
662,33.1,12.426584578424208,2.3683673530135305,12.468659578275377,2.464568675184924
663,33.15,12.429583921441349,2.375241502205253,12.47149050463732,2.471516308280566
664,33.2,12.432571230110803,2.382120889718539,12.474309268312698,2.4784688848562535
665,33.25,12.435546495283935,2.3890054944852674,12.477115860669047,2.485426383619724
666,33.300000000000004,12.438509707849004,2.395895295421344,12.479910273111182,2.4923887832636447
667,33.35,12.44146085873117,2.4027902714267566,12.482692497081215,2.49935606246567
668,33.4,12.444399938892538,2.409690401385648,12.485462524058589,2.5063281998885154
669,33.45,12.447326939332175,2.416595664166376,12.488220345560098,2.5133051741800143
670,33.5,12.450241851086146,2.423506038621577,12.490965953139916,2.520286963973188
671,33.550000000000004,12.453144665227533,2.4304215035882364,12.493699338389622,2.527273547886311
672,33.6,12.456035372866475,2.4373420378877464,12.496420492938226,2.534264904522975
673,33.65,12.45891396515018,2.444267620325977,12.499129408452193,2.5412610124721566
674,33.7,12.461780433262959,2.451198229693339,12.501826076635473,2.5482618503082812
675,33.75,12.464634768426258,2.458133844764843,12.504510489229519,2.555267396591286
676,33.800000000000004,12.467476961898678,2.4650744443001766,12.507182638013322,2.5622776298666943
677,33.85,12.470307004976002,2.4720200070437572,12.50984251480343,2.5692925286656694
678,33.9,12.473124888991228,2.478970511724805,12.51249011145397,2.57631207150509
679,33.95,12.475930605314584,2.485925937057406,12.515125419856679,2.583336236887613
680,34.0,12.47872414535357,2.4928862617405736,12.517748431940927,2.590365003301736
681,34.050000000000004,12.481505500552972,2.4998514644583203,12.520359139673744,2.597398349221868
682,34.1,12.48427466239489,2.5068215238797165,12.522957535059836,2.6044362531083913
683,34.15,12.487031622398767,2.513796418658962,12.525543610141623,2.6114786934077316
684,34.2,12.489776372121417,2.520776127435447,12.528117356999248,2.618525648552422
685,34.25,12.492508903157047,2.527760628833819,12.530678767750619,2.6255770969611665
686,34.300000000000004,12.495229207137282,2.5347499014640476,12.533227834551413,2.632633017038911
687,34.35,12.497937275731191,2.5417439239214903,12.535764549595115,2.6396933871769046
688,34.4,12.500633100645317,2.5487426747869577,12.538288905113037,2.646758185752768
689,34.45,12.5033166736237,2.555746132626786,12.540800893374344,2.6538273911305668
690,34.5,12.505987986447899,2.5627542759928836,12.543300506686073,2.6609009816608573
691,34.550000000000004,12.50864703093702,2.5697670834228235,12.54578773739316,2.6679789356807806
692,34.6,12.511293798947744,2.5767845334398842,12.548262577878466,2.675061231514104
693,34.65,12.51392828237434,2.5838066045531316,12.550725020562789,2.682147847471303
694,34.7,12.516550473148712,2.59083327525748,12.553175057904904,2.6892387618496234
695,34.75,12.519160363240399,2.5978645240337537,12.555612682401572,2.6963339529331436
696,34.800000000000004,12.521757944656613,2.60490032934876,12.558037886587568,2.703433398992847
697,34.85,12.524343209442264,2.6119406696553495,12.560450663035708,2.710537078286685
698,34.9,12.526916149679984,2.618985523392487,12.562851004356867,2.7176449690596467
699,34.95,12.529476757490142,2.626034868985313,12.565238903200003,2.7247570495438214
700,35.0,12.53202502503088,2.6330886848452115,12.567614352252171,2.731873297958468
701,35.050000000000004,12.534560944498129,2.640146949369878,12.569977344238566,2.738993692510082
702,35.1,12.53708450812564,2.647209640943381,12.572327871922527,2.746118211392459
703,35.15,12.539595708185,2.654276737936234,12.574665928105563,2.7532468327867665
704,35.2,12.54209453698566,2.6613482187054602,12.576991505627376,2.7603795348616087
705,35.25,12.544580986874962,2.6684240615946524,12.579304597365892,2.7675162957730888
706,35.300000000000004,12.54705505023815,2.675504244934049,12.581605196237266,2.774657093664884
707,35.35,12.54951671949841,2.682588747040592,12.583893295195915,2.781801906668303
708,35.4,12.551965987116883,2.689677546218001,12.586168887234543,2.788950712902365
709,35.45,12.554402845592687,2.6967706207568343,12.588431965384144,2.796103490473855
710,35.5,12.556827287462944,2.703867948934555,12.590682522714047,2.8032602174773973
711,35.550000000000004,12.559239305302803,2.710969509015603,12.592920552331922,2.8104208719955217
712,35.6,12.561638891725465,2.718075279251454,12.595146047383805,2.817585432098728
713,35.65,12.564026039382195,2.7251852378806936,12.597359001054118,2.8247538758455573
714,35.7,12.566400740962354,2.7322993631290804,12.599559406565692,2.831926181282658
715,35.75,12.568762989193424,2.739417633209608,12.601747257179788,2.8391023264448467
716,35.800000000000004,12.57111277684102,2.7465400263225828,12.603922546196117,2.846282289355188
717,35.85,12.573450096708918,2.75366652065568,12.606085266952853,2.8534660480250484
718,35.9,12.575774941639075,2.7607970943840154,12.608235412826668,2.860653580454173
719,35.95,12.578087304511662,2.7679317256702154,12.610372977232743,2.8678448646307513
720,36.0,12.580387178245067,2.7750703926644746,12.612497953624787,2.875039878531479
721,36.050000000000004,12.582674555795927,2.7822130735046326,12.614610335495064,2.882238600121633
722,36.1,12.58494943015915,2.789359746316233,12.616710116374401,2.889441007355132
723,36.15,12.587211794367937,2.7965103892125978,12.618797289832228,2.8966470781746123
724,36.2,12.589461641493799,2.8036649802948888,12.620871849476574,2.9038567905114867
725,36.25,12.591698964646579,2.8108234976521738,12.6229337889541,2.911070122286015
726,36.300000000000004,12.593923756974476,2.817985919361503,12.62498310195012,2.9182870514073778
727,36.35,12.596136011664068,2.825152223487962,12.627019782188613,2.9255075557737316
728,36.4,12.598335721940327,2.8323223880847515,12.62904382343225,2.9327316132722894
729,36.45,12.60052288106664,2.8394963911932485,12.631055219482406,2.939959201779381
730,36.5,12.602697482344833,2.8466742108430725,12.633053964179178,2.9471902991605208
731,36.550000000000004,12.604859519115196,2.853855825052159,12.635040051401418,2.954424883270481
732,36.6,12.607008984756488,2.861041211826817,12.63701347506673,2.961662931953351
733,36.65,12.609145872685975,2.868230349161806,12.638974229131511,2.9689044230426127
734,36.7,12.611270176359438,2.8754232150404015,12.640922307590948,2.976149334361208
735,36.75,12.6133818892712,2.8826197874344532,12.642857704479056,2.9833976437215974
736,36.800000000000004,12.615481004954141,2.8898200443044666,12.644780413868682,2.990649328925843
737,36.85,12.617567516979719,2.897023963599659,12.646690429871526,2.997904367765662
738,36.9,12.619641418957997,2.904231523258033,12.648587746638174,3.005162738022504
739,36.95,12.621702704537647,2.911442701206445,12.650472358358089,3.012424417467617
740,37.0,12.623751367405987,2.9186574753606664,12.652344259259651,3.0196893838621133
741,37.050000000000004,12.625787401288987,2.9258758236254576,12.654203443610163,3.0269576149570376
742,37.1,12.627810799951295,2.9330977238946314,12.656049905715877,3.034229088493438
743,37.15,12.629821557196255,2.9403231540511254,12.657883639922003,3.0415037822024336
744,37.2,12.631819666865923,2.947552091967066,12.659704640612729,3.048781673805281
745,37.25,12.63380512284109,2.954784515503834,12.661512902211246,3.0560627410134407
746,37.300000000000004,12.6357779190413,2.96202040251214,12.663308419179753,3.063346961528652
747,37.35,12.637738049424865,2.969259730832085,12.66509118601948,3.0706343130429943
748,37.4,12.639685507988888,2.9765024782932312,12.666861197270704,3.077924773238959
749,37.45,12.641620288769278,2.9837486227146717,12.668618447512769,3.085218319789519
750,37.5,12.643542385840773,2.9909981419050933,12.670362931364098,3.0925149303581922
751,37.550000000000004,12.645451793316948,2.9982510136628497,12.672094643482207,3.099814582599115
752,37.6,12.647348505350244,3.005507215776027,12.673813578563731,3.107117254157108
753,37.65,12.649232516131987,3.01276672602251,12.675519731344435,3.114422922667744
754,37.7,12.65110381989239,3.0200295221700584,12.677213096599223,3.121731565757422
755,37.75,12.652962410900589,3.0272955819763605,12.678893669142168,3.129043161043425
756,37.800000000000004,12.654808283464652,3.034564883189117,12.680561443826518,3.136357686134001
757,37.85,12.656641431931593,3.041837403546096,12.682216415544714,3.1436751186284204
758,37.9,12.658461850687399,3.0491131207752113,12.683858579228406,3.1509954361170527
759,37.95,12.660269534157036,3.056392012594585,12.685487929848469,3.1583186161814325
760,38.0,12.662064476804476,3.0636740567126144,12.687104462415016,3.1656446363943243
761,38.050000000000004,12.66384667313271,3.070959230828047,12.688708171977423,3.1729734743197984
762,38.1,12.665616117683761,3.0782475126300417,12.690299053624326,3.180305107513294
763,38.15,12.667372805038706,3.0855388797982415,12.69187710248365,3.18763951352169
764,38.2,12.669116729817695,3.0928333100028405,12.693442313722626,3.194976669883374
765,38.25,12.670847886679956,3.1001307809046517,12.694994682547792,3.2023165541283105
766,38.300000000000004,12.672566270323825,3.107431270155176,12.696534204205024,3.2096591437781097
767,38.35,12.674271875486752,3.1147347553966704,12.698060873979534,3.217004416346096
768,38.400000000000006,12.675964696945323,3.122041214262218,12.699574687195899,3.2243523493373782
769,38.45,12.677644729515272,3.1293506243757934,12.701075639218065,3.2317029202489174
770,38.5,12.679311968051504,3.136662963352334,12.702563725449371,3.239056106569596
771,38.550000000000004,12.6809664074481,3.1439782087978085,12.704038941332554,3.246411885780287
772,38.6,12.68260804263834,3.1512963383092814,12.705501282349761,3.2537702353539206
773,38.650000000000006,12.68423686859472,3.158617329474989,12.706950744022583,3.2611311327555597
774,38.7,12.685852880328959,3.1659411598743996,12.708387321912037,3.268494555442459
775,38.75,12.687456072892022,3.1732678070782887,12.709811011618605,3.2758604808641434
776,38.800000000000004,12.689046441374137,3.1805972486488074,12.711221808782241,3.283228886462474
777,38.85,12.690623980904798,3.1879294621395426,12.712619709082379,3.2905997496717103
778,38.900000000000006,12.692188686652793,3.1952644250956,12.714004708237951,3.2979730479185934
779,38.95,12.693740553826213,3.2026021150536588,12.715376802007398,3.305348758622401
780,39.0,12.695279577672462,3.2099425095420497,12.716735986188683,3.312726859195025
781,39.050000000000004,12.696805753478285,3.2172855860808216,12.718082256619306,3.3201073270410397
782,39.1,12.698319076569767,3.224631322181806,12.719415609176313,3.3274901395577654
783,39.150000000000006,12.69981954231236,3.231979695348695,12.720736039776318,3.334875274135348
784,39.2,12.701307146110887,3.2393306830770983,12.722043544375499,3.342262708156815
785,39.25,12.70278188340956,3.246684262854622,12.723338118969622,3.3496524189981565
786,39.300000000000004,12.704243749692004,3.2540404121609385,12.724619759594061,3.357044384028393
787,39.35,12.705692740481247,3.2613991084678395,12.725888462323784,3.36443858060963
788,39.400000000000006,12.70712885133976,3.2687603292393286,12.727144223273397,3.3718349860971526
789,39.45,12.708552077869456,3.27612405193167,12.72838703859713,3.3792335778394715
790,39.5,12.7099624157117,3.2834902539934694,12.72961690448886,3.386634333178406
791,39.550000000000004,12.71135986054734,3.29085891286574,12.730833817182129,3.39403722944915
792,39.6,12.712744408096697,3.2982300059819676,12.732037772950138,3.4014422439803367
793,39.650000000000006,12.714116054119595,3.3056035107681874,12.733228768105775,3.4088493540941176
794,39.7,12.715474794415371,3.3129794046430447,12.734406799001617,3.4162585371062213
795,39.75,12.716820624822885,3.3203576650178714,12.735571862029948,3.423669770326032
796,39.800000000000004,12.718153541220532,3.327738269296752,12.736723953622763,3.431083031056655
797,39.85,12.719473539526255,3.3351211948765886,12.737863070251779,3.438498296594982
798,39.900000000000006,12.72078061569756,3.342506419147181,12.738989208428453,3.4459155442317715
799,39.95,12.72207476573153,3.3498939194912833,12.740102364703993,3.4533347512517056
800,40.0,12.723355985664828,3.3572836732846816,12.741202535669354,3.46075589493347
801,40.050000000000004,12.724624271573724,3.364675657896262,12.742289717955266,3.468178952549818
802,40.1,12.725879619574087,3.3720698506880757,12.74336390823223,3.475603901367641
803,40.150000000000006,12.72712202582142,3.379466229015415,12.744425103210542,3.4830307186480396
804,40.2,12.72835148651085,3.3868647702268753,12.745473299640292,3.490459381646391
805,40.25,12.729567997877158,3.3942654516644297,12.74650849431138,3.49788986761242
806,40.300000000000004,12.730771556194782,3.4016682506634996,12.747530684053526,3.5053221537902717
807,40.35,12.731962157777819,3.409073144553016,12.74853986573627,3.5127562174185725
808,40.400000000000006,12.733139798980055,3.416480110655499,12.749536036268996,3.5201920357305103
809,40.45,12.734304476194964,3.42388912628712,12.75051919260093,3.5276295859538966
810,40.5,12.735456185855725,3.4313001687577733,12.751489331721158,3.5350688453112387
811,40.550000000000004,12.736594924435229,3.4387132153711497,12.752446450658637,3.5425097910198127
812,40.6,12.737720688446085,3.446128243424798,12.753390546482178,3.549952400291727
813,40.650000000000006,12.738833474440648,3.453545230210201,12.754321616300498,3.557396650333997
814,40.7,12.739933279011007,3.460964153012842,12.755239657262193,3.5648425183486117
815,40.75,12.741020098789015,3.4683849891122764,12.756144666555764,3.5722899815326072
816,40.800000000000004,12.742093930446282,3.4758077157822,12.757036641409618,3.5797390170781336
817,40.85,12.743154770694204,3.4832323102905147,12.757915579092087,3.587189602172523
818,40.900000000000006,12.744202616283957,3.4906587498994117,12.758781476911421,3.5946417139983686
819,40.95,12.745237464006514,3.4980870118654184,12.759634332215812,3.602095329733578
820,41.0,12.746259310692656,3.505517073439494,12.760474142393388,3.609550426551464
821,41.050000000000004,12.747268153212977,3.512948911867079,12.761300904872233,3.617006981620797
822,41.1,12.7482639884779,3.5203825043881727,12.762114617120389,3.6244649721058813
823,41.150000000000006,12.749246813437678,3.5278178282374064,12.762915276645861,3.6319243751666295
824,41.2,12.75021662508241,3.5352548606441037,12.76370288099663,3.639385167958623
825,41.25,12.75117342044205,3.54269357883236,12.764477427760658,3.6468473276331905
826,41.300000000000004,12.752117196586413,3.550133960021108,12.765238914565895,3.6543108313374755
827,41.35,12.753047950625184,3.5575759814241836,12.765987339080292,3.6617756562145005
828,41.400000000000006,12.753965679707932,3.5650196202504048,12.766722699011797,3.669241779403249
829,41.45,12.754870381024109,3.572464853703631,12.76744499210837,3.6767091780387218
830,41.5,12.75576205180307,3.579911658982841,12.76815421615799,3.684177829252016
831,41.550000000000004,12.756640689314075,3.587360013282202,12.76885036898866,3.691647710170397
832,41.6,12.757506290866292,3.59480989379113,12.76953344846841,3.6991187979173543
833,41.650000000000006,12.758358853808826,3.6022612776943777,12.770203452505314,3.706591069612694
834,41.7,12.759198375530694,3.609714142172082,12.770860379047479,3.714064502372584
835,41.75,12.76002485346087,3.6171684643998545,12.771504226083072,3.721539073309646
836,41.800000000000004,12.760838285068257,3.62462422154884,12.77213499164031,3.7290147595330123
837,41.85,12.761638667861728,3.632081390785785,12.772752673787476,3.7364915381483974
838,41.900000000000006,12.76242599939011,3.639539949273117,12.77335727063292,3.7439693862581747
839,41.95,12.763200277242202,3.646999874169005,12.773948780325062,3.751448280961439
840,42.0,12.763961499046776,3.6544611426274356,12.774527201052404,3.7589281993540817
841,42.050000000000004,12.76470966247259,3.6619237317982805,12.775092531043532,3.766409118528859
842,42.1,12.765444765228397,3.6693876188273653,12.775644768567126,3.773891015575461
843,42.150000000000006,12.766166805062944,3.676852780856542,12.776183911931959,3.781373867580584
844,42.2,12.766875779764984,3.6843191950237575,12.776709959486903,3.7888576516279997
845,42.25,12.767571687163285,3.691786838463124,12.777222909620939,3.7963423447986244
846,42.300000000000004,12.768254525126629,3.6992556883049916,12.777722760763156,3.803827924170594
847,42.35,12.768924291563826,3.70672572167601,12.778209511382764,3.8113143668193237
848,42.400000000000006,12.769580984423715,3.714196915699211,12.778683159989084,3.818801649817592
849,42.45,12.77022460169518,3.721669247494066,12.779143705131576,3.8262897502355977
850,42.5,12.770855141407136,3.7291426941765655,12.77959114539981,3.8337786451410403
851,42.550000000000004,12.77147260162856,3.7366172328592864,12.780025479423507,3.841268311599186
852,42.6,12.77207698046848,3.744092840651459,12.780446705872519,3.8487587266729366
853,42.650000000000006,12.772668276075988,3.7515694946590403,12.780854823456842,3.856249867422902
854,42.7,12.77324648664024,3.7590471719847818,12.781249830926612,3.8637417109074677
855,42.75,12.773811610390464,3.7665258497283047,12.78163172707212,3.871234234182871
856,42.800000000000004,12.774363645595972,3.774005504986164,12.782000510723812,3.878727414303265
857,42.85,12.774902590566157,3.7814861148519197,12.782356180752284,3.8862212283207906
858,42.900000000000006,12.775428443650501,3.7889676564162116,12.782698736068303,3.893715653285649
859,42.95,12.775941203238576,3.796450106766823,12.783028175622789,3.9012106662461683
860,43.0,12.776440867760058,3.8039334429887566,12.783344498406834,3.908706244248878
861,43.050000000000004,12.776927435684726,3.811417642164301,12.7836477034517,3.916202364338577
862,43.1,12.777400905522462,3.8189026813731015,12.783937789828821,3.923699003558402
863,43.150000000000006,12.777861275823271,3.8263885376922326,12.784214756649812,3.9311961389499026
864,43.2,12.778308545177266,3.833875188196263,12.784478603066457,3.938693747553106
865,43.25,12.778742712214685,3.841362609957333,12.78472932827073,3.9461918064065924
866,43.300000000000004,12.779163775605891,3.848850780045221,12.784966931494782,3.953690292547565
867,43.35,12.77957173406138,3.8563396755274084,12.785191412010958,3.9611891830119124
868,43.400000000000006,12.779966586331778,3.863829273469161,12.785402769131784,3.9686884548342896
869,43.45,12.78034833120785,3.8713195509335883,12.785601002209978,3.9761880850481806
870,43.5,12.780716967520503,3.8788104849817246,12.785786110638451,3.983688050685977
871,43.550000000000004,12.781072494140787,3.8863020526725895,12.785958093850308,3.991188328779039
872,43.6,12.781414909979908,3.8937942310632607,12.786116951318858,3.9986888963577685
873,43.650000000000006,12.78174421398921,3.9012869972089517,12.786262682557592,4.006189730451688
874,43.7,12.782060405160204,3.9087803281630666,12.78639528712021,4.013690808089492
875,43.75,12.782363482524554,3.9162742009772895,12.78651476460061,4.021192106299141
876,43.800000000000004,12.782653445154086,3.9237685927016406,12.786621114632895,4.028693602107916
877,43.85,12.782930292160788,3.9312634803845485,12.786714336891366,4.0361952725424874
878,43.900000000000006,12.783194022696819,3.9387588410729277,12.786794431090533,4.043697094629
879,43.95,12.783444635954504,3.946254651812241,12.786861396985104,4.051199045393126
880,44.0,12.783682131166337,3.9537508896465727,12.786915234369996,4.058701101860148
881,44.050000000000004,12.783906507604994,3.9612475316187057,12.786955943080336,4.066203241055028
882,44.1,12.784117764583318,3.968744554770172,12.786983522991449,4.073705440002463
883,44.150000000000006,12.784315901454336,3.97624193614135,12.786997974018874,4.081207675726981
884,44.2,12.784500917611256,3.9837396527715105,12.786999296118355,4.088709925252986
885,44.25,12.784672812487463,3.991237681698907,12.78698748928584,4.09621216560485
886,44.300000000000004,12.784831585556532,3.9987359999608287,12.786962553557492,4.103714373806964
887,44.35,12.784977236332217,4.006234584593683,12.786924489009673,4.1112165268838226
888,44.400000000000006,12.785109764368467,4.01373341263306,12.786873295758957,4.118718601860087
889,44.45,12.785229169259411,4.0212324611138035,12.786808973962122,4.126220575760659
890,44.5,12.785335450639373,4.028731707070085,12.786731523816156,4.133722425610749
891,44.550000000000004,12.785428608182869,4.03623112753547,12.78664094555825,4.14122412843595
892,44.6,12.7855086416046,4.043730699542987,12.786537239465797,4.1487256612623
893,44.650000000000006,12.785575550659466,4.051230400125205,12.786420405856399,4.1562270011163625
894,44.7,12.785629335142557,4.058730206314294,12.786290445087857,4.163728125025287
895,44.75,12.78566999488916,4.066230095142106,12.786147357558178,4.17122901001689
896,44.800000000000004,12.785697529774753,4.0737300436402375,12.785991143705568,4.178729633119719
897,44.85,12.78571193971501,4.081230028840099,12.785821804008428,4.186229971363117
898,44.900000000000006,12.785713224665802,4.088730027772995,12.785639338985364,4.193730001777308
899,44.95,12.785701384623192,4.096230017470182,12.785443749195172,4.2012297013934505
900,45.0,12.785676419623442,4.10372997496295,12.78523503523685,4.208729047243724
901,45.050000000000004,12.785638329743005,4.111229877282684,12.78501319774958,4.216228016361387
902,45.1,12.785587115098535,4.118729701460937,12.784778237412741,4.2237265857808515
903,45.150000000000006,12.785522775846873,4.126229424529508,12.7845301549459,4.231224732537756
904,45.2,12.785445312185061,4.133729023520495,12.784268951108809,4.238722433669029
905,45.25,12.785354724350327,4.141228475466385,12.7839946267014,4.246219666212968
906,45.300000000000004,12.785251012620101,4.148727757400116,12.783707182563798,4.253716407209309
907,45.35,12.785134177311999,4.1562268463551355,12.783406619576299,4.261212633699279
908,45.400000000000006,12.785004218783826,4.163725719365495,12.78309293865937,4.268708322725699
909,45.45,12.784861137433584,4.171224353465899,12.782766140773669,4.276203451333021
910,45.5,12.784704933699455,4.178722725691787,12.782426226920006,4.283697996567424
911,45.550000000000004,12.784535608059818,4.186220813079402,12.782073198139372,4.291191935476867
912,45.6,12.784353161033229,4.193718592665854,12.781707055512916,4.298685245111168
913,45.650000000000006,12.784157593178431,4.201216041489201,12.781327800161947,4.306177902522073
914,45.7,12.783948905094356,4.20871313658851,12.780935433247937,4.313669884763321
915,45.75,12.783727097420105,4.216209855003934,12.780529955972508,4.321161168890727
916,45.800000000000004,12.783492170834966,4.223706173776781,12.780111369577435,4.328651731962238
917,45.85,12.783244126058403,4.231202069949578,12.779679675344639,4.3361415510380095
918,45.900000000000006,12.782982963850051,4.23869752056615,12.779234874596181,4.343630603180476
919,45.95,12.78270868500972,4.246192502671684,12.778776968694263,4.3511188654544215
920,46.0,12.782421290377387,4.253686993312804,12.778305959041223,4.35860631492705
921,46.050000000000004,12.782120780833202,4.261180969537639,12.77782184707953,4.366092928668053
922,46.1,12.781807157297468,4.26867440839589,12.77732463429177,4.373578683749678
923,46.150000000000006,12.781480420730666,4.276167286938911,12.776814322200662,4.381063557246812
924,46.2,12.78114057213342,4.283659582219763,12.776290912369037,4.388547526237032
925,46.25,12.780787612546519,4.291151271293299,12.775754406399832,4.396030567800689
926,46.300000000000004,12.780421543050899,4.29864233121623,12.7752048059361,4.4035126590209765
927,46.35,12.780042364767649,4.306132739047184,12.774642112660993,4.410993776983991
928,46.400000000000006,12.779650078858001,4.3136224718467995,12.774066328297755,4.418473898778821
929,46.45,12.779244686523333,4.321111506677772,12.773477454609727,4.425953001497594
930,46.5,12.778826189005155,4.328599820604939,12.772875493400335,4.433431062235566
931,46.550000000000004,12.77839458758512,4.336087390695347,12.772260446513085,4.440908058091183
932,46.6,12.777949883585002,4.3435741940183155,12.771632315831553,4.448383966166148
933,46.650000000000006,12.777492078366711,4.351060207645516,12.770991103279396,4.455858763565501
934,46.7,12.777021173332272,4.358545408651038,12.770336810820321,4.463332427397678
935,46.75,12.776537169923834,4.36602977411146,12.769669440458104,4.470804934774594
936,46.800000000000004,12.776040069623654,4.373513281105919,12.76898899423656,4.478276262811699
937,46.85,12.775529873954104,4.380995906716176,12.768295474239558,4.485746388628052
938,46.900000000000006,12.775006584477657,4.388477628026703,12.767588882591003,4.493215289346405
939,46.95,12.774470202796884,4.395958422124729,12.766869221454828,4.500682942093253
940,47.0,12.773920730554458,4.40343826610033,12.766136493035,4.508149323998914
941,47.050000000000004,12.773358169433134,4.410917137046489,12.765390699575494,4.515614412197601
942,47.1,12.772782521155756,4.41839501205917,12.764631843360306,4.523078183827486
943,47.150000000000006,12.772193787485246,4.4258718682373885,12.76385992671343,4.530540616030777
944,47.2,12.771591970224604,4.433347682683274,12.763074951998863,4.538001685953777
945,47.25,12.770977071216889,4.440822432502152,12.762276921620586,4.545461370746966
946,47.300000000000004,12.770349092345231,4.448296094802612,12.761465838022568,4.55291964756507
947,47.35,12.769708035532815,4.455768646696561,12.76064170368875,4.560376493567115
948,47.400000000000006,12.769053902742879,4.463240065299322,12.759804521143046,4.567831885916523
949,47.45,12.768386695978702,4.470710327729677,12.758954292949324,4.575285801781155
950,47.5,12.767706417283605,4.478179411109953,12.758091021711412,4.582738218333401
951,47.550000000000004,12.76701306874094,4.4856472925660915,12.757214710073072,4.590189112750244
952,47.6,12.766306652474087,4.493113949227707,12.756325360718009,4.597638462213323
953,47.650000000000006,12.765587170646445,4.500579358228173,12.755422976369854,4.60508624390901
954,47.7,12.764854625461428,4.508043496704676,12.754507559792163,4.6125324350284815
955,47.75,12.764109019162454,4.515506341798303,12.753579113788396,4.619977012767783
956,47.800000000000004,12.76335035403294,4.522967870654093,12.752637641201915,4.6274199543279
957,47.85,12.762578632396298,4.530428060421121,12.751683144915981,4.634861236914831
958,47.900000000000006,12.761793856615927,4.5378868882525625,12.75071562785374,4.642300837739652
959,47.95,12.760996029095203,4.5453443313057615,12.749735092978211,4.649738734018594
960,48.0,12.760185152277469,4.5528003667423045,12.748741543292283,4.657174902973103
961,48.050000000000004,12.759361228646034,4.560254971728091,12.747734981838695,4.66460932182992
962,48.1,12.758524260724165,4.5677081234333965,12.746715411700047,4.672041967821139
963,48.150000000000006,12.757674251075079,4.57515979903295,12.745682835998771,4.67947281818429
964,48.2,12.756811202301925,4.582609975706003,12.744637257897129,4.6869018501624
965,48.25,12.755935117047791,4.590058630636393,12.7435786805972,4.694329041004064
966,48.300000000000004,12.755045997995687,4.597505741012621,12.742507107340877,4.701754367963515
967,48.35,12.75414384786854,4.604951284027916,12.741422541409857,4.709177808300695
968,48.400000000000006,12.753228669429184,4.612395236880311,12.740324986125616,4.716599339281326
969,48.45,12.752300465480353,4.619837576772704,12.739214444849422,4.724018938176973
970,48.5,12.75135923886467,4.627278280912936,12.738090920982302,4.73143658226512
971,48.550000000000004,12.750404992464638,4.634717326513855,12.736954417965048,4.738852248829239
972,48.6,12.749437729202642,4.642154690793392,12.735804939278204,4.746265915158856
973,48.650000000000006,12.74845745204092,4.649590350974623,12.734642488442041,4.753677558549625
974,48.7,12.747464163981572,4.6570242842858445,12.73346706901657,4.761087156303393
975,48.75,12.74645786806654,4.66445646796064,12.732278684601505,4.768494685728271
976,48.800000000000004,12.745438567377608,4.671886879237958,12.731077338836277,4.775900124138709
977,48.85,12.74440626503638,4.6793154953621645,12.729863035400006,4.7833034488555555
978,48.900000000000006,12.743360964204284,4.686742293583132,12.728635778011498,4.790704637206137
979,48.95,12.742302668082552,4.694167251156292,12.727395570429222,4.798103666524315
980,49.0,12.741231379912215,4.701590345342724,12.726142416451317,4.805500514150573
981,49.050000000000004,12.740147102974088,4.709011553409204,12.724876319915563,4.812895157432069
982,49.1,12.739049840588775,4.716430852628288,12.723597284699382,4.820287573722712
983,49.150000000000006,12.73793959611664,4.72384822027838,12.722305314719819,4.827677740383238
984,49.2,12.7368163729578,4.7312636336437945,12.721000413933528,4.835065634781261
985,49.25,12.735680174552131,4.738677070014837,12.719682586336768,4.842451234291364
986,49.300000000000004,12.734531004379239,4.7460885066878635,12.718351835965386,4.849834516295155
987,49.35,12.733368865958454,4.753497920965352,12.717008166894802,4.857215458181335
988,49.400000000000006,12.732193762848826,4.760905290155982,12.715651583240005,4.864594037345778
989,49.45,12.73100569864911,4.7683105915746875,12.71428208915553,4.8719702311915905
990,49.5,12.729804676997746,4.775713802542739,12.71289968883545,4.879344017129183
991,49.550000000000004,12.728590701572866,4.78311490038781,12.711504386513365,4.8867153725763455
992,49.6,12.727363776092265,4.790513862444045,12.710096186462385,4.894084274958305
993,49.650000000000006,12.726123904313406,4.797910666052125,12.70867509299513,4.9014507017078035
994,49.7,12.724871090033393,4.805305288559349,12.707241110463688,4.908814630265167
995,49.75,12.723605337088967,4.812697707319686,12.705794243259636,4.916176038078366
996,49.800000000000004,12.722326649356498,4.820087899693865,12.704334495813999,4.923534902603099
997,49.85,12.721035030751967,4.827475843049426,12.702861872597255,4.930891201302849
998,49.900000000000006,12.71973048523095,4.834861514760796,12.701376378119312,4.938244911648954
999,49.95,12.718413016788624,4.842244892209362,12.699878016929494,4.945596011120684
1000,50.0,12.717082629459728,4.849625952783538,12.698366793616533,4.9529444772053015
1001,50.050000000000004,12.715739327318577,4.857004673878831,12.696842712808545,4.960290287398136
1002,50.1,12.71438311447903,4.864381032897911,12.695305779173031,4.967633419202647
1003,50.150000000000006,12.71301399509449,4.871755007250689,12.693755997416849,4.974973850130504
1004,50.2,12.711631973357882,4.87912657435437,12.6921933722862,4.982311557701638
1005,50.25,12.710237053501647,4.886495711633536,12.690617908566626,4.989646519444326
1006,50.300000000000004,12.708829239797726,4.8938623965202135,12.689029611082981,4.996978712895258
1007,50.35,12.70740853655755,4.901226606453932,12.687428484699428,5.004308115599592
1008,50.400000000000006,12.705974948132017,4.908588318881806,12.685814534319412,5.011634705111041
1009,50.45,12.704528478911492,4.9159475112585955,12.684187764885657,5.018958458991927
1010,50.5,12.703069133325789,4.923304161046781,12.682548181380144,5.026279354813263
1011,50.550000000000004,12.70159691584415,4.9306582457166295,12.680895788824092,5.033597370154811
1012,50.6,12.700111830975239,4.938009742746259,12.679230592277955,5.040912482605153
1013,50.650000000000006,12.698613883267127,4.945358629621719,12.677552596841394,5.048224669761764
1014,50.7,12.69710307730728,4.952704883837047,12.675861807653273,5.055533909231075
1015,50.75,12.69557941772254,4.960048482894345,12.674158229891628,5.062840178628548
1016,50.800000000000004,12.69404290917911,4.96738940430385,12.672441868773666,5.070143455578738
1017,50.85,12.692493556382551,4.9747276255839905,12.670712729555744,5.077443717715363
1018,50.900000000000006,12.690931364077752,4.982063124261474,12.668970817533346,5.084740942681379
1019,50.95,12.689356337048926,4.98939587787134,12.667216138041077,5.092035108129039
1020,51.0,12.687768480119592,4.996725863957036,12.665448696452644,5.099326191719967
1021,51.050000000000004,12.68616779815256,5.004053060070485,12.663668498180833,5.106614171125223
1022,51.1,12.68455429604992,5.011377443772157,12.661875548677502,5.11389902402538
1023,51.150000000000006,12.682927978753016,5.018698992631131,12.660069853433553,5.12118072811058
1024,51.2,12.68128885124245,5.026017684225168,12.658251417978933,5.128459261080607
1025,51.25,12.67963691853804,5.033333496140782,12.656420247882592,5.135734600644963
1026,51.300000000000004,12.677972185698838,5.0406464059733045,12.654576348752492,5.143006724522926
1027,51.35,12.67629465782308,5.047956391326956,12.652719726235569,5.150275610443622
1028,51.400000000000006,12.674604340048198,5.055263429814911,12.650850386017733,5.157541236146091
1029,51.45,12.672901237550786,5.0625674990593685,12.64896833382383,5.164803579379363
1030,51.5,12.671185355546598,5.069868576691625,12.647073575417654,5.172062617902516
1031,51.550000000000004,12.669456699290517,5.077166640352134,12.64516611660189,5.179318329484752
1032,51.6,12.667715274076553,5.084461667690582,12.643245963218133,5.186570691905458
1033,51.650000000000006,12.66596108523782,5.091753636365954,12.641313121146855,5.193819682954281
1034,51.7,12.66419413814652,5.0990425240466,12.639367596307379,5.201065280431189
1035,51.75,12.662414438213926,5.1063283084103075,12.637409394657872,5.208307462146549
1036,51.800000000000004,12.660621990890366,5.1136109671443695,12.63543852219533,5.215546205921184
1037,51.85,12.658816801665214,5.120890477945648,12.633454984955545,5.2227814895864455
1038,51.900000000000006,12.656998876066856,5.128166818520647,12.6314587890131,5.230013290984285
1039,51.95,12.65516821966269,5.135439966585578,12.629449940481344,5.237241587967314
1040,52.0,12.653324838059099,5.142709899866431,12.627428445512372,5.244466358398879
1041,52.050000000000004,12.651468736901435,5.149976596099044,12.62539431029701,5.251687580153129
1042,52.1,12.64959992187401,5.1572400330291615,12.623347541064796,5.258905231115075
1043,52.150000000000006,12.647718398700068,5.164500188412518,12.62128814408396,5.266119289180669
1044,52.2,12.645824173141772,5.171757040014887,12.619216125661408,5.27332973225686
1045,52.25,12.643917251000186,5.179010565612171,12.617131492142688,5.280536538261676
1046,52.300000000000004,12.641997638115258,5.186260742990453,12.615034249911993,5.287739685124277
1047,52.35,12.640065340365801,5.1935075499460694,12.612924405392123,5.294939150785032
1048,52.400000000000006,12.638120363669472,5.20075096428568,12.610801965044473,5.302134913195582
1049,52.45,12.636162713982767,5.207990963826335,12.60866693536902,5.309326950318913
1050,52.5,12.634192397300982,5.215227526395538,12.60651932290429,5.316515240129412
1051,52.550000000000004,12.63220941965821,5.222460629831327,12.604359134227343,5.3236997606129535
1052,52.6,12.630213787127321,5.229690251982324,12.602186375953755,5.330880489766943
1053,52.650000000000006,12.628205505819938,5.236916370707819,12.600001054737596,5.3380574056004075
1054,52.7,12.62618458188642,5.244138963877828,12.597803177271414,5.345230486134045
1055,52.75,12.624151021515843,5.251358009373166,12.595592750286201,5.352399709400304
1056,52.800000000000004,12.622104830935985,5.258573485085511,12.59336978055139,5.3595650534434425
1057,52.85,12.620046016413307,5.265785368917474,12.591134274874829,5.3667264963195995
1058,52.900000000000006,12.617974584252922,5.272993638782668,12.588886240102747,5.373884016096865
1059,52.95,12.615890540798592,5.280198272605771,12.58662568311975,5.381037590855337
1060,53.0,12.613793892432698,5.287399248322597,12.584352610848795,5.388187198687198
1061,53.050000000000004,12.611684645576222,5.294596543880165,12.582067030251158,5.395332817696783
1062,53.1,12.609562806688734,5.301790137236762,12.579768948326434,5.402474426000636
1063,53.150000000000006,12.607428382268363,5.308980006362013,12.577458372112494,5.409612001727588
1064,53.2,12.60528137885178,5.316166129236953,12.575135308685475,5.416745523018821
1065,53.25,12.603121803014183,5.3233484838540805,12.572799765159758,5.423874968027928
1066,53.300000000000004,12.600949661369274,5.330527048217447,12.570451748687946,5.431000314920994
1067,53.35,12.598764960569229,5.3377018003427,12.568091266460833,5.4381215418766455
1068,53.400000000000006,12.596567707304697,5.344872718257168,12.565718325707396,5.445238627086133
1069,53.45,12.594357908304762,5.352039779999919,12.563332933694763,5.452351548753386
1070,53.5,12.592135570336934,5.359202963621836,12.5609350977282,5.4594602850950915
1071,53.550000000000004,12.58990070020712,5.366362247185671,12.558524825151071,5.466564814340745
1072,53.6,12.587653304759609,5.373517608766124,12.55610212334484,5.473665114732735
1073,53.650000000000006,12.585393390877044,5.380669026449909,12.553666999729021,5.480761164526396
1074,53.7,12.583120965480417,5.387816478335809,12.551219461761189,5.487852941990079
1075,53.75,12.580836035529021,5.394959942534764,12.548759516936919,5.494940425405225
1076,53.800000000000004,12.578538608020455,5.402099397169919,12.546287172789793,5.50202359306642
1077,53.85,12.576228689990593,5.409234820376698,12.543802436891363,5.509102423281467
1078,53.900000000000006,12.573906288513552,5.416366190302874,12.541305316851131,5.516176894371456
1079,53.95,12.571571410701686,5.423493485108633,12.538795820316524,5.523246984670824
1080,54.0,12.569224063705558,5.4306166829666385,12.536273954972875,5.530312672527424
1081,54.050000000000004,12.566864254713915,5.437735762062105,12.533739728543393,5.537373936302596
1082,54.1,12.56449199095367,5.444850700592855,12.531193148789145,5.54443075437122
1083,54.150000000000006,12.56210727968988,5.451961476769398,12.528634223509028,5.5514831051218
1084,54.2,12.55971012822572,5.459068068814986,12.526062960539754,5.558530966956516
1085,54.25,12.557300543902468,5.4661704549656855,12.523479367755808,5.565574318291296
1086,54.300000000000004,12.554878534099469,5.473268613470447,12.520883453069443,5.572613137555884
1087,54.35,12.552444106234127,5.480362522591163,12.518275224430644,5.579647403193899
1088,54.400000000000006,12.54999726776188,5.4874521606027455,12.515654689827112,5.586677093662912
1089,54.45,12.547538026176163,5.494537505793179,12.51302185728423,5.593702187434495
1090,54.5,12.545066389008408,5.501618536463604,12.51037673486505,5.600722662994309
1091,54.550000000000004,12.542582363827997,5.508695230928368,12.507719330670252,5.607738498842155
1092,54.6,12.540085958242255,5.515767567515098,12.505049652838135,5.6147496734920335
1093,54.650000000000006,12.537577179896422,5.522835524564772,12.502367709544584,5.621756165472235
1094,54.7,12.535056036473634,5.5298990804317745,12.499673509003056,5.628757953325379
1095,54.75,12.532522535694888,5.536958213483971,12.49696705946453,5.635755015608496
1096,54.800000000000004,12.529976685319026,5.544012902102774,12.494248369217509,5.642747330893091
1097,54.85,12.527418493142715,5.5510631246832025,12.491517446587977,5.649734877765199
1098,54.900000000000006,12.524847967000419,5.558108859633959,12.488774299939386,5.65671763482547
1099,54.95,12.52226511476437,5.565150085377483,12.486018937672622,5.66369558068921
1100,55.0,12.519669944344548,5.572186780350026,12.483251368225972,5.6706686939864674
1101,55.050000000000004,12.517062463688664,5.579218923001717,12.480471600075122,5.677636953362089
1102,55.1,12.514442680782125,5.586246491796623,12.477679641733108,5.684600337475785
1103,55.150000000000006,12.511810603648014,5.5932694652128205,12.474875501750299,5.691558825002197
1104,55.2,12.509166240347064,5.6002878217424605,12.472059188714374,5.6985123946309635
1105,55.25,12.506509598977637,5.607301539891828,12.469230711250287,5.70546102506678
1106,55.300000000000004,12.503840687675694,5.6143105981814205,12.46639007802025,5.712404695029475
1107,55.35,12.501159514614777,5.6213149751459985,12.4635372977237,5.719343383254061
1108,55.400000000000006,12.49846608800597,5.628314649334668,12.46067237909727,5.726277068490814
1109,55.45,12.495760416097895,5.6353095993109275,12.457795330914777,5.733205729505326
1110,55.5,12.49304250717667,5.642299803652753,12.454906161987177,5.740129345078581
1111,55.550000000000004,12.490312369565885,5.6492852409526435,12.452004881162544,5.747047894007007
1112,55.6,12.48757001162659,5.656265889817706,12.449091497326055,5.7539613551025575
1113,55.650000000000006,12.484815441757249,5.663241728869711,12.446166019399941,5.7608697071927635
1114,55.7,12.48204866839373,5.6702127367451505,12.443228456343475,5.767772929120797
1115,55.75,12.47926970000928,5.677178892095325,12.440278817152944,5.7746709997455525
1116,55.800000000000004,12.476478545114482,5.684140173586386,12.437317110861615,5.781563897941691
1117,55.85,12.473675212257248,5.691096559899414,12.434343346539713,5.788451602599716
1118,55.900000000000006,12.470859710022783,5.698048029730483,12.431357533294387,5.7953340926260415
1119,55.95,12.468032047033558,5.70499456179072,12.428359680269686,5.802211346943042
1120,56.0,12.465192231949292,5.7119361348063755,12.425349796646536,5.809083344489133
1121,56.050000000000004,12.462340273466912,5.718872727518892,12.4223278916427,5.815950064218832
1122,56.1,12.459476180320545,5.725804318684956,12.419293974512764,5.822811485102809
1123,56.150000000000006,12.456599961281468,5.732730887076577,12.416248054548092,5.8296675861279725
1124,56.2,12.453711625158103,5.739652411481141,12.413190141076814,5.836518346297515
1125,56.25,12.450811180795975,5.746568870701489,12.410120243463789,5.84336374463099
1126,56.300000000000004,12.447898637077694,5.753480243555969,12.407038371110573,5.850203760164373
1127,56.35,12.444974002922923,5.760386508878506,12.4039445334554,5.857038371950118
1128,56.400000000000006,12.44203728728835,5.767287645518669,12.400838739973143,5.863867559057234
1129,56.45,12.439088499167667,5.774183632341731,12.397721000175295,5.870691300571338
1130,56.5,12.436127647591535,5.781074448228739,12.39459132360993,5.877509575594732
1131,56.550000000000004,12.433154741627558,5.787960072076575,12.391449719861681,5.88432236324645
1132,56.6,12.430169790380258,5.79484048279802,12.388296198551707,5.891129642662336
1133,56.650000000000006,12.427172802991047,5.801715659321822,12.385130769337662,5.897931392995102
1134,56.7,12.424163788638195,5.8085855805927595,12.381953441913673,5.904727593414395
1135,56.75,12.42114275653681,5.815450225571701,12.378764226010302,5.911518223106853
1136,56.800000000000004,12.418109715938794,5.822309573235681,12.37556313139452,5.918303261276181
1137,56.85,12.41506467613284,5.829163602577948,12.37235016786968,5.9250826871432025
1138,56.900000000000006,12.412007646444371,5.836012292608047,12.369125345275474,5.931856479945934
1139,56.95,12.408938636235545,5.842855622351865,12.365888673487925,5.938624618939636
1140,57.0,12.4058576549052,5.849693570851715,12.362640162419332,5.945387083396892
1141,57.050000000000004,12.402764711888839,5.856526117166383,12.359379822018262,5.9521438526076595
1142,57.1,12.399659816658598,5.8633532403712,12.356107662269503,5.958894905879336
1143,57.150000000000006,12.396542978723216,5.87017491955811,12.352823693194043,5.965640222536829
1144,57.2,12.393414207628009,5.8769911338357215,12.349527924849033,5.972379781922608
1145,57.25,12.390273512954833,5.883801862329387,12.346220367327764,5.97911356339678
1146,57.300000000000004,12.387120904322064,5.890607084181254,12.342901030759624,5.985841546337145
1147,57.35,12.383956391384563,5.8974067785503355,12.33956992531008,5.992563710139257
1148,57.400000000000006,12.38077998383365,5.904200924612574,12.336227061180642,5.999280034216499
1149,57.45,12.37759169139707,5.910989501560902,12.332872448608828,6.005990498000131
1150,57.5,12.374391523838964,5.9177724886053085,12.329506097868133,6.012695080939363
1151,57.550000000000004,12.371179490959847,5.924549864972902,12.32612801926801,6.019393762501418
1152,57.6,12.367955602596561,5.931321609907969,12.322738223153817,6.0260865221715845
1153,57.650000000000006,12.364719868622268,5.938087702672049,12.319336719906802,6.0327733394532945
1154,57.7,12.361472298946397,5.944848122543987,12.31592351994407,6.039454193868173
1155,57.75,12.35821290351463,5.951602848820002,12.31249863371854,6.04612906495611
1156,57.800000000000004,12.35494169230886,5.958351860813751,12.309062071718923,6.052797932275318
1157,57.85,12.35165867534717,5.965095137856391,12.30561384446969,6.059460775402397
1158,57.900000000000006,12.348363862683797,5.971832659296642,12.30215396253103,6.066117573932395
1159,57.95,12.345057264409103,5.978564404500845,12.298682436498833,6.072768307478868
1160,58.0,12.341738890649541,5.985290352853039,12.295199277004642,6.079412955673953
1161,58.050000000000004,12.33840875156763,5.9920104837550126,12.291704494715633,6.08605149816842
1162,58.1,12.335066857361918,5.998724776626368,12.288198100334572,6.092683914631735
1163,58.150000000000006,12.33171321826695,6.005433210904593,12.284680104599788,6.099310184752134
1164,58.2,12.32834784455325,6.01213576604511,12.281150518285145,6.105930288236665
1165,58.25,12.324970746527264,6.0188324215213465,12.27760935219999,6.112544204811265
1166,58.300000000000004,12.321581934531359,6.025523156824804,12.274056617189151,6.119151914220823
1167,58.35,12.318181418943766,6.032207951465111,12.27049232413287,6.125753396229233
1168,58.400000000000006,12.314769210178559,6.038886784970087,12.266916483946792,6.132348630619462
1169,58.45,12.31134531868563,6.0455596368858115,12.263329107581928,6.1389375971936095
1170,58.5,12.30790975495064,6.052226486776678,12.25973020602461,6.145520275772968
1171,58.550000000000004,12.304462529495003,6.0588873142254664,12.256119790296479,6.152096646198094
1172,58.6,12.301003652875844,6.065542098833397,12.252497871454425,6.158666688328855
1173,58.650000000000006,12.297533135685965,6.072190820220199,12.24886446059057,6.165230382044506
1174,58.7,12.294050988553828,6.078833458024166,12.245219568832235,6.171787707243735
1175,58.75,12.290557222143505,6.085469991902224,12.241563207341901,6.17833864384474
1176,58.800000000000004,12.28705184715465,6.092100401529995,12.237895387317165,6.184883171785284
1177,58.85,12.283534874322475,6.098724666601855,12.23421611999073,6.191421271022756
1178,58.900000000000006,12.280006314417701,6.105342766830999,12.230525416630341,6.197952921534233
1179,58.95,12.276466178246547,6.111954681949496,12.226823288538785,6.204478103316537
1180,59.0,12.272914476650673,6.118560391708363,12.223109747053817,6.210996796386304
1181,59.050000000000004,12.269351220507161,6.125159875877619,12.21938480354816,6.217508980780045
1182,59.1,12.265776420728486,6.13175311424635,12.21564846942945,6.224014636554198
1183,59.150000000000006,12.262190088262463,6.138340086622769,12.211900756140205,6.230513743785199
1184,59.2,12.258592234092236,6.144920772834274,12.208141675157796,6.237006282569534
1185,59.25,12.25498286923623,6.151495152727522,12.204371237994405,6.24349223302381
1186,59.300000000000004,12.25136200474812,6.158063206168481,12.200589456196992,6.2499715752848095
1187,59.35,12.247729651716803,6.1646249130424895,12.196796341347262,6.256444289509552
1188,59.400000000000006,12.244085821266358,6.171180253254327,12.192991905061627,6.262910355875353
1189,59.45,12.240430524556011,6.1777292067282685,12.189176158991168,6.269369754579891
1190,59.5,12.236763772780106,6.184271753408151,12.185349114821607,6.275822465841263
1191,59.550000000000004,12.233085577168067,6.190807873257429,12.18151078427326,6.282268469898047
1192,59.6,12.229395948984367,6.197337546259239,12.177661179101015,6.288707747009356
1193,59.650000000000006,12.225694899528486,6.203860752416463,12.173800311094283,6.295140277454911
1194,59.7,12.221982440134889,6.210377471751791,12.16992819207697,6.301566041535096
1195,59.75,12.218258582172977,6.216887684307769,12.166044833907437,6.307985019571007
1196,59.800000000000004,12.214523337047062,6.223391370146883,12.162150248478463,6.314397191904536
1197,59.85,12.210776716196333,6.229888509351596,12.15824444771722,6.320802538898406
1198,59.900000000000006,12.20701873109481,6.236379082024423,12.154327443585212,6.327201040936246
1199,59.95,12.20324939325132,6.242863068287993,12.150399248078266,6.33359267842265
1200,60.0,12.199468714209459,6.2493404482851025,12.146459873226474,6.339977431783234
1201,60.050000000000004,12.19567670554755,6.255811202178781,12.14250933109417,6.346355281464696
1202,60.1,12.191873378878618,6.262275310152349,12.138547633779886,6.352726207934875
1203,60.150000000000006,12.188058745850352,6.26873275240948,12.13457479341632,6.359090191682813
1204,60.2,12.184232818145057,6.275183509174263,12.130590822170287,6.3654472132188165
1205,60.25,12.180395607479637,6.281627560691259,12.126595732242702,6.37179725307451
1206,60.300000000000004,12.176547125605543,6.28806488722557,12.122589535868517,6.3781402918029055
1207,60.35,12.172687384308754,6.294495469062881,12.118572245316713,6.384476309978446
1208,60.400000000000006,12.168816395409719,6.300919286509547,12.114543872890234,6.390805288197085
1209,60.45,12.164934170763342,6.307336319892629,12.110504430925973,6.3971272070763305
1210,60.5,12.16104072225893,6.313746549559967,12.10645393179471,6.403442047255311
1211,60.550000000000004,12.157136061820168,6.320149955880241,12.102392387901102,6.409749789394835
1212,60.6,12.153220201405073,6.326546519243019,12.09831981168362,6.416050414177443
1213,60.650000000000006,12.14929315300597,6.3329362200588335,12.09423621561453,6.42234390230748
1214,60.7,12.145354928649436,6.339319038759229,12.090141612199835,6.42863023451114
1215,60.75,12.141405540396283,6.345694955796832,12.08603601397926,6.434909391536541
1216,60.800000000000004,12.137445000341508,6.3520639516454,12.081919433526195,6.441181354153767
1217,60.85,12.133473320614263,6.358426006799883,12.077791883447665,6.447446103154933
1218,60.900000000000006,12.129490513377812,6.364781101776501,12.073653376384287,6.453703619354258
1219,60.95,12.125496590829503,6.371129217112775,12.06950392501024,6.459953883588097
1220,61.0,12.121491565200715,6.377470333367605,12.06534354203321,6.466196876715022
1221,61.050000000000004,12.117475448756842,6.383804431121334,12.06117224019437,6.472432579615877
1222,61.1,12.113448253797234,6.3901314909757865,12.056990032268327,6.4786609731938185
1223,61.150000000000006,12.109409992655172,6.396451493554351,12.05279693106309,6.484882038374403
1224,61.2,12.105360677697828,6.402764419502021,12.048592949420028,6.491095756105618
1225,61.25,12.101300321326226,6.409070249485468,12.044378100213832,6.49730210735796
1226,61.300000000000004,12.097228935975208,6.41536896419309,12.040152396352477,6.5035010731244824
1227,61.35,12.093146534113382,6.421660544335082,12.035915850777172,6.50969263442086
1228,61.400000000000006,12.089053128243105,6.427944970643482,12.03166847646234,6.515876772285438
1229,61.45,12.084948730900425,6.43422222387224,12.027410286415556,6.5220534677793
1230,61.5,12.080833354655063,6.440492284797273,12.02314129367753,6.528222701986322
1231,61.550000000000004,12.076707012110347,6.446755134216524,12.018861511322042,6.534384456013227
1232,61.6,12.072569715903205,6.453010752950022,12.01457095245593,6.540538710989651
1233,61.650000000000006,12.068421478704098,6.45925912183994,12.01026963021902,6.546685448068191
1234,61.7,12.064262313217004,6.465500221750652,12.005957557784113,6.552824648424469
1235,61.75,12.06009223217936,6.4717340335687945,12.001634748356924,6.5589562932571885
1236,61.800000000000004,12.055911248362037,6.477960538203322,11.997301215176055,6.5650803637881925
1237,61.85,12.051719374569295,6.484179716585575,11.992956971512948,6.571196841262522
1238,61.900000000000006,12.047516623638744,6.490391549669318,11.988602030671846,6.577305706948467
1239,61.95,12.043303008441306,6.496596018430821,11.984236405989751,6.583406942137633
1240,62.0,12.039078541881176,6.502793103868901,11.979860110836388,6.589500528144989
1241,62.050000000000004,12.034843236895776,6.508982787004989,11.975473158614154,6.5955864463089355
1242,62.1,12.030597106455726,6.515165048883186,11.971075562758088,6.6016646779913515
1243,62.150000000000006,12.026340163564797,6.521339870570321,11.966667336735824,6.607735204577659
1244,62.2,12.022072421259873,6.527507233156006,11.96224849404755,6.6137980074768725
1245,62.25,12.017793892610912,6.533667117752695,11.957819048225971,6.619853068121662
1246,62.300000000000004,12.013504590720904,6.5398195054957515,11.953379012836258,6.625900367968414
1247,62.35,12.009204528725832,6.5459643775434895,11.948928401476016,6.631939888497272
1248,62.400000000000006,12.004893719794634,6.552101715077246,11.944467227775242,6.6379716112122145
1249,62.45,12.00057217712916,6.558231499301427,11.939995505396274,6.643995517641091
1250,62.5,11.996239913964128,6.56435371144357,11.935513248033761,6.6500115893356915
1251,62.550000000000004,11.991896943567093,6.570468332754414,11.93102046941461,6.656019807871808
1252,62.6,11.987543279238396,6.57657534450793,11.926517183297952,6.66202015484927
1253,62.650000000000006,11.983178934311134,6.582674728001399,11.922003403475099,6.6680126118920215
1254,62.7,11.978803922151108,6.588766464555465,11.9174791437695,6.673997160648167
1255,62.75,11.974418256156788,6.594850535514189,11.912944418036691,6.67997378279003
1256,62.800000000000004,11.970021949759275,6.600926922245111,11.90839924016427,6.685942460014213
1257,62.85,11.965615016422252,6.606995606139299,11.903843624071838,6.691903174041644
1258,62.900000000000006,11.96119746964195,6.613056568611413,11.89927758371097,6.697855906617641
1259,62.95,11.956769322947103,6.619109791099761,11.894701133065158,6.7038006395119645
1260,63.0,11.952330589898907,6.625155255066353,11.89011428614978,6.709737354518876
1261,63.050000000000004,11.947881284090975,6.631192941996965,11.88551705701205,6.715666033457194
1262,63.1,11.943421419149306,6.637222833401178,11.880909459730978,6.721586658170335
1263,63.150000000000006,11.938951008732234,6.6432449108124585,11.876291508417328,6.727499210526398
1264,63.2,11.934470066530384,6.649259155788198,11.871663217213573,6.733403672418192
1265,63.25,11.92997860626664,6.655265549909778,11.86702460029385,6.739300025763311
1266,63.300000000000004,11.925476641696095,6.66126407478262,11.862375671863921,6.745188252504175
1267,63.35,11.920964186606014,6.667254712036245,11.857716446161126,6.751068334608092
1268,63.400000000000006,11.916441254815783,6.673237443324331,11.853046937454337,6.756940254067318
1269,63.45,11.91190786017688,6.67921225032477,11.848367160043923,6.762803992899104
1270,63.5,11.907364016572823,6.68517911473972,11.8436771282617,6.768659533145754
1271,63.550000000000004,11.902809737919124,6.691138018295663,11.83897685647088,6.774506856874682
1272,63.6,11.898245038163267,6.697088942743461,11.834266359066053,6.780345946178461
1273,63.650000000000006,11.893669931284634,6.703031869858412,11.829545650473102,6.786176783174886
1274,63.7,11.88908443129449,6.7089667814403064,11.824814745149203,6.791999350007021
1275,63.75,11.884488552235926,6.714893659313486,11.820073657582745,6.797813628843266
1276,63.800000000000004,11.879882308183811,6.720812485326888,11.815322402293303,6.803619601877391
1277,63.85,11.875265713244772,6.726723241354112,11.810560993831597,6.809417251328608
1278,63.900000000000006,11.870638781557124,6.732625909293473,11.805789446779434,6.815206559441623
1279,63.95,11.866001527290841,6.738520471068056,11.801007775749673,6.820987508486682
1280,64.0,11.861353964647513,6.74440690862577,11.796215995386182,6.826760080759634
1281,64.05,11.856696107860294,6.750285203939403,11.791414120363779,6.83252425858198
1282,64.10000000000001,11.85202797119387,6.756155339006684,11.786602165388206,6.838280024300934
1283,64.15,11.847349568944402,6.762017295850327,11.78178014519607,6.844027360289465
1284,64.2,11.842660915439495,6.767871056518089,11.776948074554802,6.849766248946357
1285,64.25,11.837962025038149,6.77371660308284,11.772105968262618,6.855496672696274
1286,64.3,11.83325291213071,6.779553917642594,11.767253841148467,6.861218613989796
1287,64.35000000000001,11.828533591138832,6.7853829823205825,11.762391708071979,6.866932055303484
1288,64.4,11.823804076515433,6.791203779265295,11.757519583923433,6.872636979139924
1289,64.45,11.819064382744646,6.797016290650548,11.752637483623708,6.878333368027792
1290,64.5,11.814314524341784,6.802820498675531,11.747745422124233,6.884021204521904
1291,64.55,11.809554515853279,6.808616385564861,11.74284341440694,6.889700471203266
1292,64.60000000000001,11.804784371856655,6.814403933568638,11.737931475484224,6.895371150679126
1293,64.65,11.800004106960477,6.820183124962501,11.733009620398896,6.901033225583032
1294,64.7,11.795213735804301,6.825953942047681,11.728077864224133,6.906686678574887
1295,64.75,11.790413273058634,6.831716367151055,11.723136222063433,6.912331492340991
1296,64.8,11.785602733424891,6.837470382625201,11.718184709050574,6.91796764959411
1297,64.85000000000001,11.780782131635343,6.843215970848451,11.713223340349556,6.923595133073517
1298,64.9,11.775951482453081,6.848953114224945,11.70825213115457,6.929213925545046
1299,64.95,11.771110800671966,6.854681795184686,11.703271096689942,6.934824009801149
1300,65.0,11.766260101116579,6.860401996183594,11.69828025221008,6.94042536866095
